path,provider,acquired_at,files,timeframes,family,frequency,licence,batch,state,event_time,availability_time
alternative_data/cot_reports/cftc_disaggregated,CFTC,2026-05-01T16:04:42.189740+00:00,"['alternative_data/cot_reports/cftc_disaggregated/raw/fut_disagg_txt_2010.zip', 'alternative_data/cot_reports/cftc_disaggregated/raw/fut_disagg_txt_2011.zip', 'alternative_data/cot_reports/cftc_disaggregated/raw/fut_disagg_txt_2012.zip', 'alternative_data/cot_reports/cftc_disaggregated/raw/fut_disagg_txt_2013.zip', 'alternative_data/cot_reports/cftc_disaggregated/raw/fut_disagg_txt_2014.zip', 'alternative_data/cot_reports/cftc_disaggregated/raw/fut_disagg_txt_2015.zip', 'alternative_data/cot_reports/cftc_disaggregated/raw/fut_disagg_txt_2016.zip', 'alternative_data/cot_reports/cftc_disaggregated/raw/fut_disagg_txt_2017.zip', 'alternative_data/cot_reports/cftc_disaggregated/raw/fut_disagg_txt_2018.zip', 'alternative_data/cot_reports/cftc_disaggregated/raw/fut_disagg_txt_2019.zip', 'alternative_data/cot_reports/cftc_disaggregated/raw/fut_disagg_txt_2020.zip', 'alternative_data/cot_reports/cftc_disaggregated/raw/fut_disagg_txt_2021.zip', 'alternative_data/cot_reports/cftc_disaggregated/raw/fut_disagg_txt_2022.zip', 'alternative_data/cot_reports/cftc_disaggregated/raw/fut_disagg_txt_2023.zip', 'alternative_data/cot_reports/cftc_disaggregated/raw/fut_disagg_txt_2024.zip', 'alternative_data/cot_reports/cftc_disaggregated/raw/fut_disagg_txt_2025.zip']",[],cftc_cot,weekly,CFTC public domain,batch_003,"QUEUED_BATCH_003: positions as of Tuesday, released Friday 15:30 ET; release-time rule to bind",Tuesday as-of date,Friday 15:30 America/New_York of the same week
alternative_data/cot_reports/cftc_disaggregated/raw,autogenerated_stage13_doc_backfill,,"['alternative_data/cot_reports/cftc_disaggregated/raw/fut_disagg_txt_2010.zip', 'alternative_data/cot_reports/cftc_disaggregated/raw/fut_disagg_txt_2011.zip', 'alternative_data/cot_reports/cftc_disaggregated/raw/fut_disagg_txt_2012.zip', 'alternative_data/cot_reports/cftc_disaggregated/raw/fut_disagg_txt_2013.zip', 'alternative_data/cot_reports/cftc_disaggregated/raw/fut_disagg_txt_2014.zip', 'alternative_data/cot_reports/cftc_disaggregated/raw/fut_disagg_txt_2015.zip', 'alternative_data/cot_reports/cftc_disaggregated/raw/fut_disagg_txt_2016.zip', 'alternative_data/cot_reports/cftc_disaggregated/raw/fut_disagg_txt_2017.zip', 'alternative_data/cot_reports/cftc_disaggregated/raw/fut_disagg_txt_2018.zip', 'alternative_data/cot_reports/cftc_disaggregated/raw/fut_disagg_txt_2019.zip', 'alternative_data/cot_reports/cftc_disaggregated/raw/fut_disagg_txt_2020.zip', 'alternative_data/cot_reports/cftc_disaggregated/raw/fut_disagg_txt_2021.zip', 'alternative_data/cot_reports/cftc_disaggregated/raw/fut_disagg_txt_2022.zip', 'alternative_data/cot_reports/cftc_disaggregated/raw/fut_disagg_txt_2023.zip', 'alternative_data/cot_reports/cftc_disaggregated/raw/fut_disagg_txt_2024.zip', 'alternative_data/cot_reports/cftc_disaggregated/raw/fut_disagg_txt_2025.zip']",[],cftc_cot,weekly,CFTC public domain,batch_003,"QUEUED_BATCH_003: positions as of Tuesday, released Friday 15:30 ET; release-time rule to bind",Tuesday as-of date,Friday 15:30 America/New_York of the same week
alternative_data/cryptoquant/btc_exchange_flows,autogenerated_stage13_doc_backfill,,"['alternative_data/cryptoquant/btc_exchange_flows/btc_exchange_inflow_all_exchange.parquet', 'alternative_data/cryptoquant/btc_exchange_flows/btc_exchange_inflow_binance.parquet', 'alternative_data/cryptoquant/btc_exchange_flows/btc_exchange_inflow_bybit.parquet', 'alternative_data/cryptoquant/btc_exchange_flows/btc_exchange_inflow_coinbase_advanced.parquet', 'alternative_data/cryptoquant/btc_exchange_flows/btc_exchange_inflow_kraken.parquet', 'alternative_data/cryptoquant/btc_exchange_flows/btc_exchange_inflow_okx.parquet', 'alternative_data/cryptoquant/btc_exchange_flows/btc_exchange_netflow_all_exchange.parquet', 'alternative_data/cryptoquant/btc_exchange_flows/btc_exchange_netflow_binance.parquet', 'alternative_data/cryptoquant/btc_exchange_flows/btc_exchange_netflow_bybit.parquet', 'alternative_data/cryptoquant/btc_exchange_flows/btc_exchange_netflow_coinbase_advanced.parquet', 'alternative_data/cryptoquant/btc_exchange_flows/btc_exchange_netflow_kraken.parquet', 'alternative_data/cryptoquant/btc_exchange_flows/btc_exchange_netflow_okx.parquet', 'alternative_data/cryptoquant/btc_exchange_flows/btc_exchange_outflow_all_exchange.parquet', 'alternative_data/cryptoquant/btc_exchange_flows/btc_exchange_outflow_binance.parquet', 'alternative_data/cryptoquant/btc_exchange_flows/btc_exchange_outflow_bybit.parquet', 'alternative_data/cryptoquant/btc_exchange_flows/btc_exchange_outflow_coinbase_advanced.parquet', 'alternative_data/cryptoquant/btc_exchange_flows/btc_exchange_outflow_kraken.parquet', 'alternative_data/cryptoquant/btc_exchange_flows/btc_exchange_outflow_okx.parquet', 'alternative_data/cryptoquant/btc_exchange_flows/btc_exchange_reserve_all_exchange.parquet', 'alternative_data/cryptoquant/btc_exchange_flows/btc_exchange_reserve_binance.parquet', 'alternative_data/cryptoquant/btc_exchange_flows/btc_exchange_reserve_bybit.parquet', 'alternative_data/cryptoquant/btc_exchange_flows/btc_exchange_reserve_coinbase_advanced.parquet', 'alternative_data/cryptoquant/btc_exchange_flows/btc_exchange_reserve_kraken.parquet', 'alternative_data/cryptoquant/btc_exchange_flows/btc_exchange_reserve_okx.parquet']",[],crypto,various,per provider,none,NOT_APPLICABLE_TO_EURUSD_MANIFEST (ETH/crypto manifest is separate; not mixed into the EURUSD denominator),per file,per file
alternative_data/cryptoquant/btc_indicators,autogenerated_stage13_doc_backfill,,"['alternative_data/cryptoquant/btc_indicators/btc_estimated_leverage_ratio_all_exchange.parquet', 'alternative_data/cryptoquant/btc_indicators/btc_estimated_leverage_ratio_binance.parquet', 'alternative_data/cryptoquant/btc_indicators/btc_exchange_supply_ratio_all_exchange.parquet', 'alternative_data/cryptoquant/btc_indicators/btc_exchange_whale_ratio_all_exchange.parquet', 'alternative_data/cryptoquant/btc_indicators/btc_exchange_whale_ratio_binance.parquet', 'alternative_data/cryptoquant/btc_indicators/btc_fund_flow_ratio_all_exchange.parquet', 'alternative_data/cryptoquant/btc_indicators/btc_mpi.parquet', 'alternative_data/cryptoquant/btc_indicators/btc_mvrv.parquet', 'alternative_data/cryptoquant/btc_indicators/btc_realized_price.parquet', 'alternative_data/cryptoquant/btc_indicators/btc_sopr.parquet', 'alternative_data/cryptoquant/btc_indicators/btc_sopr_ratio.parquet', 'alternative_data/cryptoquant/btc_indicators/btc_stablecoin_supply_ratio.parquet', 'alternative_data/cryptoquant/btc_indicators/btc_stablecoins_ratio_all_exchange.parquet']",[],crypto,various,per provider,none,NOT_APPLICABLE_TO_EURUSD_MANIFEST (ETH/crypto manifest is separate; not mixed into the EURUSD denominator),per file,per file
alternative_data/cryptoquant/btc_miner_flows,autogenerated_stage13_doc_backfill,,"['alternative_data/cryptoquant/btc_miner_flows/btc_miner_inflow_all_miner.parquet', 'alternative_data/cryptoquant/btc_miner_flows/btc_miner_netflow_all_miner.parquet', 'alternative_data/cryptoquant/btc_miner_flows/btc_miner_outflow_all_miner.parquet', 'alternative_data/cryptoquant/btc_miner_flows/btc_miner_reserve_all_miner.parquet']",[],crypto,various,per provider,none,NOT_APPLICABLE_TO_EURUSD_MANIFEST (ETH/crypto manifest is separate; not mixed into the EURUSD denominator),per file,per file
alternative_data/cryptoquant/eth_exchange_flows,autogenerated_stage13_doc_backfill,,"['alternative_data/cryptoquant/eth_exchange_flows/eth_exchange_inflow_all_exchange.parquet', 'alternative_data/cryptoquant/eth_exchange_flows/eth_exchange_inflow_binance.parquet', 'alternative_data/cryptoquant/eth_exchange_flows/eth_exchange_inflow_bybit.parquet', 'alternative_data/cryptoquant/eth_exchange_flows/eth_exchange_inflow_coinbase_advanced.parquet', 'alternative_data/cryptoquant/eth_exchange_flows/eth_exchange_inflow_kraken.parquet', 'alternative_data/cryptoquant/eth_exchange_flows/eth_exchange_inflow_okx.parquet', 'alternative_data/cryptoquant/eth_exchange_flows/eth_exchange_netflow_all_exchange.parquet', 'alternative_data/cryptoquant/eth_exchange_flows/eth_exchange_netflow_binance.parquet', 'alternative_data/cryptoquant/eth_exchange_flows/eth_exchange_netflow_bybit.parquet', 'alternative_data/cryptoquant/eth_exchange_flows/eth_exchange_netflow_coinbase_advanced.parquet', 'alternative_data/cryptoquant/eth_exchange_flows/eth_exchange_netflow_kraken.parquet', 'alternative_data/cryptoquant/eth_exchange_flows/eth_exchange_netflow_okx.parquet', 'alternative_data/cryptoquant/eth_exchange_flows/eth_exchange_outflow_all_exchange.parquet', 'alternative_data/cryptoquant/eth_exchange_flows/eth_exchange_outflow_binance.parquet', 'alternative_data/cryptoquant/eth_exchange_flows/eth_exchange_outflow_bybit.parquet', 'alternative_data/cryptoquant/eth_exchange_flows/eth_exchange_outflow_coinbase_advanced.parquet', 'alternative_data/cryptoquant/eth_exchange_flows/eth_exchange_outflow_kraken.parquet', 'alternative_data/cryptoquant/eth_exchange_flows/eth_exchange_outflow_okx.parquet', 'alternative_data/cryptoquant/eth_exchange_flows/eth_exchange_reserve_all_exchange.parquet', 'alternative_data/cryptoquant/eth_exchange_flows/eth_exchange_reserve_binance.parquet', 'alternative_data/cryptoquant/eth_exchange_flows/eth_exchange_reserve_bybit.parquet', 'alternative_data/cryptoquant/eth_exchange_flows/eth_exchange_reserve_coinbase_advanced.parquet', 'alternative_data/cryptoquant/eth_exchange_flows/eth_exchange_reserve_kraken.parquet', 'alternative_data/cryptoquant/eth_exchange_flows/eth_exchange_reserve_okx.parquet']",[],crypto,various,per provider,none,NOT_APPLICABLE_TO_EURUSD_MANIFEST (ETH/crypto manifest is separate; not mixed into the EURUSD denominator),per file,per file
alternative_data/cryptoquant/eth_indicators,autogenerated_stage13_doc_backfill,,"['alternative_data/cryptoquant/eth_indicators/eth_estimated_leverage_ratio_all_exchange.parquet', 'alternative_data/cryptoquant/eth_indicators/eth_estimated_leverage_ratio_binance.parquet', 'alternative_data/cryptoquant/eth_indicators/eth_exchange_supply_ratio_all_exchange.parquet']",[],crypto,various,per provider,none,NOT_APPLICABLE_TO_EURUSD_MANIFEST (ETH/crypto manifest is separate; not mixed into the EURUSD denominator),per file,per file
alternative_data/cryptoquant,CryptoQuant,2026-05-02T00:00:28.235446+00:00,"['alternative_data/cryptoquant/btc_exchange_flows/btc_exchange_inflow_all_exchange.parquet', 'alternative_data/cryptoquant/btc_exchange_flows/btc_exchange_inflow_binance.parquet', 'alternative_data/cryptoquant/btc_exchange_flows/btc_exchange_inflow_bybit.parquet', 'alternative_data/cryptoquant/btc_exchange_flows/btc_exchange_inflow_coinbase_advanced.parquet', 'alternative_data/cryptoquant/btc_exchange_flows/btc_exchange_inflow_kraken.parquet', 'alternative_data/cryptoquant/btc_exchange_flows/btc_exchange_inflow_okx.parquet', 'alternative_data/cryptoquant/btc_exchange_flows/btc_exchange_netflow_all_exchange.parquet', 'alternative_data/cryptoquant/btc_exchange_flows/btc_exchange_netflow_binance.parquet', 'alternative_data/cryptoquant/btc_exchange_flows/btc_exchange_netflow_bybit.parquet', 'alternative_data/cryptoquant/btc_exchange_flows/btc_exchange_netflow_coinbase_advanced.parquet', 'alternative_data/cryptoquant/btc_exchange_flows/btc_exchange_netflow_kraken.parquet', 'alternative_data/cryptoquant/btc_exchange_flows/btc_exchange_netflow_okx.parquet', 'alternative_data/cryptoquant/btc_exchange_flows/btc_exchange_outflow_all_exchange.parquet', 'alternative_data/cryptoquant/btc_exchange_flows/btc_exchange_outflow_binance.parquet', 'alternative_data/cryptoquant/btc_exchange_flows/btc_exchange_outflow_bybit.parquet', 'alternative_data/cryptoquant/btc_exchange_flows/btc_exchange_outflow_coinbase_advanced.parquet', 'alternative_data/cryptoquant/btc_exchange_flows/btc_exchange_outflow_kraken.parquet', 'alternative_data/cryptoquant/btc_exchange_flows/btc_exchange_outflow_okx.parquet', 'alternative_data/cryptoquant/btc_exchange_flows/btc_exchange_reserve_all_exchange.parquet', 'alternative_data/cryptoquant/btc_exchange_flows/btc_exchange_reserve_binance.parquet', 'alternative_data/cryptoquant/btc_exchange_flows/btc_exchange_reserve_bybit.parquet', 'alternative_data/cryptoquant/btc_exchange_flows/btc_exchange_reserve_coinbase_advanced.parquet', 'alternative_data/cryptoquant/btc_exchange_flows/btc_exchange_reserve_kraken.parquet', 'alternative_data/cryptoquant/btc_exchange_flows/btc_exchange_reserve_okx.parquet', 'alternative_data/cryptoquant/btc_indicators/btc_estimated_leverage_ratio_all_exchange.parquet', 'alternative_data/cryptoquant/btc_indicators/btc_estimated_leverage_ratio_binance.parquet', 'alternative_data/cryptoquant/btc_indicators/btc_exchange_supply_ratio_all_exchange.parquet', 'alternative_data/cryptoquant/btc_indicators/btc_exchange_whale_ratio_all_exchange.parquet', 'alternative_data/cryptoquant/btc_indicators/btc_exchange_whale_ratio_binance.parquet', 'alternative_data/cryptoquant/btc_indicators/btc_fund_flow_ratio_all_exchange.parquet', 'alternative_data/cryptoquant/btc_indicators/btc_mpi.parquet', 'alternative_data/cryptoquant/btc_indicators/btc_mvrv.parquet', 'alternative_data/cryptoquant/btc_indicators/btc_realized_price.parquet', 'alternative_data/cryptoquant/btc_indicators/btc_sopr.parquet', 'alternative_data/cryptoquant/btc_indicators/btc_sopr_ratio.parquet', 'alternative_data/cryptoquant/btc_indicators/btc_stablecoin_supply_ratio.parquet', 'alternative_data/cryptoquant/btc_indicators/btc_stablecoins_ratio_all_exchange.parquet', 'alternative_data/cryptoquant/btc_miner_flows/btc_miner_inflow_all_miner.parquet', 'alternative_data/cryptoquant/btc_miner_flows/btc_miner_netflow_all_miner.parquet', 'alternative_data/cryptoquant/btc_miner_flows/btc_miner_outflow_all_miner.parquet', 'alternative_data/cryptoquant/btc_miner_flows/btc_miner_reserve_all_miner.parquet', 'alternative_data/cryptoquant/eth_exchange_flows/eth_exchange_inflow_all_exchange.parquet', 'alternative_data/cryptoquant/eth_exchange_flows/eth_exchange_inflow_binance.parquet', 'alternative_data/cryptoquant/eth_exchange_flows/eth_exchange_inflow_bybit.parquet', 'alternative_data/cryptoquant/eth_exchange_flows/eth_exchange_inflow_coinbase_advanced.parquet', 'alternative_data/cryptoquant/eth_exchange_flows/eth_exchange_inflow_kraken.parquet', 'alternative_data/cryptoquant/eth_exchange_flows/eth_exchange_inflow_okx.parquet', 'alternative_data/cryptoquant/eth_exchange_flows/eth_exchange_netflow_all_exchange.parquet', 'alternative_data/cryptoquant/eth_exchange_flows/eth_exchange_netflow_binance.parquet', 'alternative_data/cryptoquant/eth_exchange_flows/eth_exchange_netflow_bybit.parquet', 'alternative_data/cryptoquant/eth_exchange_flows/eth_exchange_netflow_coinbase_advanced.parquet', 'alternative_data/cryptoquant/eth_exchange_flows/eth_exchange_netflow_kraken.parquet', 'alternative_data/cryptoquant/eth_exchange_flows/eth_exchange_netflow_okx.parquet', 'alternative_data/cryptoquant/eth_exchange_flows/eth_exchange_outflow_all_exchange.parquet', 'alternative_data/cryptoquant/eth_exchange_flows/eth_exchange_outflow_binance.parquet', 'alternative_data/cryptoquant/eth_exchange_flows/eth_exchange_outflow_bybit.parquet', 'alternative_data/cryptoquant/eth_exchange_flows/eth_exchange_outflow_coinbase_advanced.parquet', 'alternative_data/cryptoquant/eth_exchange_flows/eth_exchange_outflow_kraken.parquet', 'alternative_data/cryptoquant/eth_exchange_flows/eth_exchange_outflow_okx.parquet', 'alternative_data/cryptoquant/eth_exchange_flows/eth_exchange_reserve_all_exchange.parquet', 'alternative_data/cryptoquant/eth_exchange_flows/eth_exchange_reserve_binance.parquet', 'alternative_data/cryptoquant/eth_exchange_flows/eth_exchange_reserve_bybit.parquet', 'alternative_data/cryptoquant/eth_exchange_flows/eth_exchange_reserve_coinbase_advanced.parquet', 'alternative_data/cryptoquant/eth_exchange_flows/eth_exchange_reserve_kraken.parquet', 'alternative_data/cryptoquant/eth_exchange_flows/eth_exchange_reserve_okx.parquet', 'alternative_data/cryptoquant/eth_indicators/eth_estimated_leverage_ratio_all_exchange.parquet', 'alternative_data/cryptoquant/eth_indicators/eth_estimated_leverage_ratio_binance.parquet', 'alternative_data/cryptoquant/eth_indicators/eth_exchange_supply_ratio_all_exchange.parquet', 'alternative_data/cryptoquant/stablecoin_exchange_flows/stablecoin_inflow_all_token_all_exchange.parquet', 'alternative_data/cryptoquant/stablecoin_exchange_flows/stablecoin_inflow_all_token_binance.parquet', 'alternative_data/cryptoquant/stablecoin_exchange_flows/stablecoin_inflow_usdc_all_exchange.parquet', 'alternative_data/cryptoquant/stablecoin_exchange_flows/stablecoin_inflow_usdc_binance.parquet', 'alternative_data/cryptoquant/stablecoin_exchange_flows/stablecoin_inflow_usdt_eth_all_exchange.parquet', 'alternative_data/cryptoquant/stablecoin_exchange_flows/stablecoin_inflow_usdt_eth_binance.parquet', 'alternative_data/cryptoquant/stablecoin_exchange_flows/stablecoin_netflow_all_token_all_exchange.parquet', 'alternative_data/cryptoquant/stablecoin_exchange_flows/stablecoin_netflow_all_token_binance.parquet', 'alternative_data/cryptoquant/stablecoin_exchange_flows/stablecoin_netflow_usdc_all_exchange.parquet', 'alternative_data/cryptoquant/stablecoin_exchange_flows/stablecoin_netflow_usdc_binance.parquet', 'alternative_data/cryptoquant/stablecoin_exchange_flows/stablecoin_netflow_usdt_eth_all_exchange.parquet', 'alternative_data/cryptoquant/stablecoin_exchange_flows/stablecoin_netflow_usdt_eth_binance.parquet', 'alternative_data/cryptoquant/stablecoin_exchange_flows/stablecoin_outflow_all_token_all_exchange.parquet', 'alternative_data/cryptoquant/stablecoin_exchange_flows/stablecoin_outflow_all_token_binance.parquet', 'alternative_data/cryptoquant/stablecoin_exchange_flows/stablecoin_outflow_usdc_all_exchange.parquet', 'alternative_data/cryptoquant/stablecoin_exchange_flows/stablecoin_outflow_usdc_binance.parquet', 'alternative_data/cryptoquant/stablecoin_exchange_flows/stablecoin_outflow_usdt_eth_all_exchange.parquet', 'alternative_data/cryptoquant/stablecoin_exchange_flows/stablecoin_outflow_usdt_eth_binance.parquet', 'alternative_data/cryptoquant/stablecoin_exchange_flows/stablecoin_reserve_all_token_all_exchange.parquet', 'alternative_data/cryptoquant/stablecoin_exchange_flows/stablecoin_reserve_all_token_binance.parquet', 'alternative_data/cryptoquant/stablecoin_exchange_flows/stablecoin_reserve_usdc_all_exchange.parquet', 'alternative_data/cryptoquant/stablecoin_exchange_flows/stablecoin_reserve_usdc_binance.parquet', 'alternative_data/cryptoquant/stablecoin_exchange_flows/stablecoin_reserve_usdt_eth_all_exchange.parquet', 'alternative_data/cryptoquant/stablecoin_exchange_flows/stablecoin_reserve_usdt_eth_binance.parquet', 'alternative_data/cryptoquant/stablecoin_market/stablecoin_capitalization_usdc.parquet', 'alternative_data/cryptoquant/stablecoin_market/stablecoin_capitalization_usdt_eth.parquet', 'alternative_data/cryptoquant/stablecoin_network/stablecoin_supply_all_token.parquet', 'alternative_data/cryptoquant/stablecoin_network/stablecoin_supply_usdc.parquet', 'alternative_data/cryptoquant/stablecoin_network/stablecoin_supply_usdt_eth.parquet']",[],crypto,various,per provider,none,NOT_APPLICABLE_TO_EURUSD_MANIFEST (ETH/crypto manifest is separate; not mixed into the EURUSD denominator),per file,per file
alternative_data/cryptoquant/stablecoin_exchange_flows,autogenerated_stage13_doc_backfill,,"['alternative_data/cryptoquant/stablecoin_exchange_flows/stablecoin_inflow_all_token_all_exchange.parquet', 'alternative_data/cryptoquant/stablecoin_exchange_flows/stablecoin_inflow_all_token_binance.parquet', 'alternative_data/cryptoquant/stablecoin_exchange_flows/stablecoin_inflow_usdt_eth_all_exchange.parquet', 'alternative_data/cryptoquant/stablecoin_exchange_flows/stablecoin_inflow_usdt_eth_binance.parquet', 'alternative_data/cryptoquant/stablecoin_exchange_flows/stablecoin_netflow_all_token_all_exchange.parquet', 'alternative_data/cryptoquant/stablecoin_exchange_flows/stablecoin_netflow_all_token_binance.parquet', 'alternative_data/cryptoquant/stablecoin_exchange_flows/stablecoin_netflow_usdt_eth_all_exchange.parquet', 'alternative_data/cryptoquant/stablecoin_exchange_flows/stablecoin_netflow_usdt_eth_binance.parquet', 'alternative_data/cryptoquant/stablecoin_exchange_flows/stablecoin_outflow_all_token_all_exchange.parquet', 'alternative_data/cryptoquant/stablecoin_exchange_flows/stablecoin_outflow_all_token_binance.parquet', 'alternative_data/cryptoquant/stablecoin_exchange_flows/stablecoin_outflow_usdt_eth_all_exchange.parquet', 'alternative_data/cryptoquant/stablecoin_exchange_flows/stablecoin_outflow_usdt_eth_binance.parquet', 'alternative_data/cryptoquant/stablecoin_exchange_flows/stablecoin_reserve_all_token_all_exchange.parquet', 'alternative_data/cryptoquant/stablecoin_exchange_flows/stablecoin_reserve_all_token_binance.parquet', 'alternative_data/cryptoquant/stablecoin_exchange_flows/stablecoin_reserve_usdc_all_exchange.parquet', 'alternative_data/cryptoquant/stablecoin_exchange_flows/stablecoin_reserve_usdt_eth_all_exchange.parquet', 'alternative_data/cryptoquant/stablecoin_exchange_flows/stablecoin_reserve_usdt_eth_binance.parquet']",[],crypto,various,per provider,none,NOT_APPLICABLE_TO_EURUSD_MANIFEST (ETH/crypto manifest is separate; not mixed into the EURUSD denominator),per file,per file
alternative_data/cryptoquant/stablecoin_market,autogenerated_stage13_doc_backfill,,"['alternative_data/cryptoquant/stablecoin_market/stablecoin_capitalization_usdc.parquet', 'alternative_data/cryptoquant/stablecoin_market/stablecoin_capitalization_usdt_eth.parquet']",[],crypto,various,per provider,none,NOT_APPLICABLE_TO_EURUSD_MANIFEST (ETH/crypto manifest is separate; not mixed into the EURUSD denominator),per file,per file
alternative_data/cryptoquant/stablecoin_network,autogenerated_stage13_doc_backfill,,"['alternative_data/cryptoquant/stablecoin_network/stablecoin_supply_all_token.parquet', 'alternative_data/cryptoquant/stablecoin_network/stablecoin_supply_usdc.parquet', 'alternative_data/cryptoquant/stablecoin_network/stablecoin_supply_usdt_eth.parquet']",[],crypto,various,per provider,none,NOT_APPLICABLE_TO_EURUSD_MANIFEST (ETH/crypto manifest is separate; not mixed into the EURUSD denominator),per file,per file
alternative_data/defi_metrics/defillama,DeFiLlama,2026-05-01T15:43:06.136091+00:00,['alternative_data/defi_metrics/defillama/protocols.csv'],[],crypto,various,per provider,none,NOT_APPLICABLE_TO_EURUSD_MANIFEST (ETH/crypto manifest is separate; not mixed into the EURUSD denominator),per file,per file
alternative_data/onchain_btc/blockchain_com/difficulty,Blockchain.com,2026-05-01T15:42:58.092740+00:00,['alternative_data/onchain_btc/blockchain_com/difficulty/daily.parquet'],[],crypto,various,per provider,none,NOT_APPLICABLE_TO_EURUSD_MANIFEST (ETH/crypto manifest is separate; not mixed into the EURUSD denominator),per file,per file
alternative_data/onchain_btc/blockchain_com/hash-rate,Blockchain.com,2026-05-01T15:42:56.841934+00:00,['alternative_data/onchain_btc/blockchain_com/hash-rate/daily.parquet'],[],crypto,various,per provider,none,NOT_APPLICABLE_TO_EURUSD_MANIFEST (ETH/crypto manifest is separate; not mixed into the EURUSD denominator),per file,per file
alternative_data/onchain_btc/blockchain_com/mempool-size,Blockchain.com,2026-05-01T15:43:03.773185+00:00,['alternative_data/onchain_btc/blockchain_com/mempool-size/daily.parquet'],[],crypto,various,per provider,none,NOT_APPLICABLE_TO_EURUSD_MANIFEST (ETH/crypto manifest is separate; not mixed into the EURUSD denominator),per file,per file
alternative_data/onchain_btc/blockchain_com/miners-revenue,Blockchain.com,2026-05-01T15:42:59.179663+00:00,['alternative_data/onchain_btc/blockchain_com/miners-revenue/daily.parquet'],[],crypto,various,per provider,none,NOT_APPLICABLE_TO_EURUSD_MANIFEST (ETH/crypto manifest is separate; not mixed into the EURUSD denominator),per file,per file
alternative_data/onchain_btc/blockchain_com/n-transactions,Blockchain.com,2026-05-01T15:42:55.722210+00:00,['alternative_data/onchain_btc/blockchain_com/n-transactions/daily.parquet'],[],crypto,various,per provider,none,NOT_APPLICABLE_TO_EURUSD_MANIFEST (ETH/crypto manifest is separate; not mixed into the EURUSD denominator),per file,per file
alternative_data/onchain_btc/blockchain_com/transaction-fees-usd,Blockchain.com,2026-05-01T15:43:00.263617+00:00,['alternative_data/onchain_btc/blockchain_com/transaction-fees-usd/daily.parquet'],[],crypto,various,per provider,none,NOT_APPLICABLE_TO_EURUSD_MANIFEST (ETH/crypto manifest is separate; not mixed into the EURUSD denominator),per file,per file
alternative_data/onchain_btc/coinmetrics_community/btc,CoinMetrics Community,2026-05-01T21:20:04.371176+00:00,['alternative_data/onchain_btc/coinmetrics_community/btc/TxTfrCnt.parquet'],[],crypto,various,per provider,none,NOT_APPLICABLE_TO_EURUSD_MANIFEST (ETH/crypto manifest is separate; not mixed into the EURUSD denominator),per file,per file
alternative_data/onchain_btc/mempool_space/difficulty_adjustment,mempool.space,2026-05-01T15:48:06.716613+00:00,['alternative_data/onchain_btc/mempool_space/difficulty_adjustment/snapshot.parquet'],[],crypto,various,per provider,none,NOT_APPLICABLE_TO_EURUSD_MANIFEST (ETH/crypto manifest is separate; not mixed into the EURUSD denominator),per file,per file
alternative_data/onchain_btc/mempool_space/fees_recommended,mempool.space,2026-05-01T15:48:05.573834+00:00,['alternative_data/onchain_btc/mempool_space/fees_recommended/snapshot.parquet'],[],crypto,various,per provider,none,NOT_APPLICABLE_TO_EURUSD_MANIFEST (ETH/crypto manifest is separate; not mixed into the EURUSD denominator),per file,per file
alternative_data/onchain_btc/mempool_space/mempool,mempool.space,2026-05-01T15:48:05.956215+00:00,['alternative_data/onchain_btc/mempool_space/mempool/snapshot.parquet'],[],crypto,various,per provider,none,NOT_APPLICABLE_TO_EURUSD_MANIFEST (ETH/crypto manifest is separate; not mixed into the EURUSD denominator),per file,per file
alternative_data/onchain_eth/coinmetrics_community/eth,CoinMetrics Community,2026-05-01T21:20:08.778617+00:00,['alternative_data/onchain_eth/coinmetrics_community/eth/TxTfrCnt.parquet'],[],crypto,various,per provider,none,NOT_APPLICABLE_TO_EURUSD_MANIFEST (ETH/crypto manifest is separate; not mixed into the EURUSD denominator),per file,per file
alternative_data/onchain_eth/etherscan_free_snapshots,Etherscan API V2,2026-05-01T16:43:02.817352+00:00,['alternative_data/onchain_eth/etherscan_free_snapshots/snapshots.parquet'],[],crypto,various,per provider,none,NOT_APPLICABLE_TO_EURUSD_MANIFEST (ETH/crypto manifest is separate; not mixed into the EURUSD denominator),per file,per file
alternative_data/sec_filings/edgar_company_tickers,SEC EDGAR,2026-05-01T15:48:07.373633+00:00,['alternative_data/sec_filings/edgar_company_tickers/company_tickers.parquet'],[],us_equity_alt,daily/event,FINRA/SEC public,none,NOT_APPLICABLE_TO_EURUSD_MANIFEST (single-name US equity data),per file,per file
alternative_data/sec_filings/edgar_sp500_metadata,SEC EDGAR submissions API,2026-05-01T21:36:10.222785+00:00,['alternative_data/sec_filings/edgar_sp500_metadata/filing_metadata.parquet'],[],us_equity_alt,daily/event,FINRA/SEC public,none,NOT_APPLICABLE_TO_EURUSD_MANIFEST (single-name US equity data),per file,per file
alternative_data/short_interest/finra_consolidated_short_interest,FINRA Query API consolidatedShortInterest,2026-05-01T21:38:18.600675+00:00,['alternative_data/short_interest/finra_consolidated_short_interest/2025.parquet'],[],us_equity_alt,daily/event,FINRA/SEC public,none,NOT_APPLICABLE_TO_EURUSD_MANIFEST (single-name US equity data),per file,per file
alternative_data/short_interest/finra_regsho_daily/cnms,FINRA Reg SHO Daily Short Sale Volume,2026-05-01T16:45:13.278653+00:00,['alternative_data/short_interest/finra_regsho_daily/cnms/2025_daily_short_volume.parquet'],[],us_equity_alt,daily/event,FINRA/SEC public,none,NOT_APPLICABLE_TO_EURUSD_MANIFEST (single-name US equity data),per file,per file
alternative_data/short_interest/finra_regsho_daily/fnsq,FINRA Reg SHO Daily Short Sale Volume,2026-05-01T16:47:46.793928+00:00,['alternative_data/short_interest/finra_regsho_daily/fnsq/2025_daily_short_volume.parquet'],[],us_equity_alt,daily/event,FINRA/SEC public,none,NOT_APPLICABLE_TO_EURUSD_MANIFEST (single-name US equity data),per file,per file
alternative_data/short_interest/finra_regsho_daily/fnyx,FINRA Reg SHO Daily Short Sale Volume,2026-05-01T16:50:06.591479+00:00,['alternative_data/short_interest/finra_regsho_daily/fnyx/2025_daily_short_volume.parquet'],[],us_equity_alt,daily/event,FINRA/SEC public,none,NOT_APPLICABLE_TO_EURUSD_MANIFEST (single-name US equity data),per file,per file
alternative_data/short_interest/finra_regsho_daily,autogenerated_stage13_doc_backfill,,['alternative_data/short_interest/finra_regsho_daily/stage13_finra_regsho_done.json'],[],us_equity_alt,daily/event,FINRA/SEC public,none,NOT_APPLICABLE_TO_EURUSD_MANIFEST (single-name US equity data),per file,per file
economic_calendar/release_actuals/core_cpi_yoy,FRED,2026-05-01T16:42:56.811471+00:00,['economic_calendar/release_actuals/core_cpi_yoy/actuals.parquet'],[],fred_release_proxy,monthly,FRED (St. Louis Fed) terms; series-level third-party copyrights may apply,none,NOT_ADMITTED: NO_PUBLICATION_INSTANT (proxy dates / naive dates; registered absences),reference date,UNDEFINED
economic_calendar/release_actuals/core_pce_yoy,FRED,2026-05-01T16:42:57.102412+00:00,['economic_calendar/release_actuals/core_pce_yoy/actuals.parquet'],[],fred_release_proxy,monthly,FRED (St. Louis Fed) terms; series-level third-party copyrights may apply,none,NOT_ADMITTED: NO_PUBLICATION_INSTANT (proxy dates / naive dates; registered absences),reference date,UNDEFINED
economic_calendar/release_actuals/cpi_yoy,FRED,2026-05-01T16:42:56.525729+00:00,['economic_calendar/release_actuals/cpi_yoy/actuals.parquet'],[],fred_release_proxy,monthly,FRED (St. Louis Fed) terms; series-level third-party copyrights may apply,none,NOT_ADMITTED: NO_PUBLICATION_INSTANT (proxy dates / naive dates; registered absences),reference date,UNDEFINED
economic_calendar/release_actuals/fed_funds,FRED,2026-05-01T16:42:58.274316+00:00,['economic_calendar/release_actuals/fed_funds/actuals.parquet'],[],fred_release_proxy,monthly,FRED (St. Louis Fed) terms; series-level third-party copyrights may apply,none,NOT_ADMITTED: NO_PUBLICATION_INSTANT (proxy dates / naive dates; registered absences),reference date,UNDEFINED
economic_calendar/release_actuals/fxmacrodata,FXMacroData,2026-05-01T23:38:43.550573+00:00,['economic_calendar/release_actuals/fxmacrodata/announcements.parquet'],[],fxmacrodata_announcements,event,FXMacroData paid subscription (credentialed API; owner's plan),batch_001,INVENTORIED; NOT_ADMITTED_FOR_SELECTION: 0 TRAIN rows (span 2024-12-12..2026-05-01 lies in validation/test),announcement_datetime_utc (observed),file-grain acquired_at; per-release receipt only from 2026-09-25
economic_calendar/release_actuals/gdp_qoq_annualized,FRED,2026-05-01T16:42:57.969580+00:00,['economic_calendar/release_actuals/gdp_qoq_annualized/actuals.parquet'],[],fred_release_proxy,monthly,FRED (St. Louis Fed) terms; series-level third-party copyrights may apply,none,NOT_ADMITTED: NO_PUBLICATION_INSTANT (proxy dates / naive dates; registered absences),reference date,UNDEFINED
economic_calendar/release_actuals/initial_claims,FRED,2026-05-01T16:44:02.768976+00:00,['economic_calendar/release_actuals/initial_claims/actuals.parquet'],[],fred_release_proxy,monthly,FRED (St. Louis Fed) terms; series-level third-party copyrights may apply,none,NOT_ADMITTED: NO_PUBLICATION_INSTANT (proxy dates / naive dates; registered absences),reference date,UNDEFINED
economic_calendar/release_actuals/nonfarm_payrolls_mom,FRED,2026-05-01T16:42:57.463292+00:00,['economic_calendar/release_actuals/nonfarm_payrolls_mom/actuals.parquet'],[],fred_release_proxy,monthly,FRED (St. Louis Fed) terms; series-level third-party copyrights may apply,none,NOT_ADMITTED: NO_PUBLICATION_INSTANT (proxy dates / naive dates; registered absences),reference date,UNDEFINED
economic_calendar/release_actuals/retail_sales_mom,FRED,2026-05-01T16:44:03.095061+00:00,['economic_calendar/release_actuals/retail_sales_mom/actuals.parquet'],[],fred_release_proxy,monthly,FRED (St. Louis Fed) terms; series-level third-party copyrights may apply,none,NOT_ADMITTED: NO_PUBLICATION_INSTANT (proxy dates / naive dates; registered absences),reference date,UNDEFINED
economic_calendar/release_actuals/treasury_10y,FRED,2026-05-01T16:42:58.681681+00:00,['economic_calendar/release_actuals/treasury_10y/actuals.parquet'],[],fred_release_proxy,monthly,FRED (St. Louis Fed) terms; series-level third-party copyrights may apply,none,NOT_ADMITTED: NO_PUBLICATION_INSTANT (proxy dates / naive dates; registered absences),reference date,UNDEFINED
economic_calendar/release_actuals/unemployment_rate,FRED,2026-05-01T16:42:57.702030+00:00,['economic_calendar/release_actuals/unemployment_rate/actuals.parquet'],[],fred_release_proxy,monthly,FRED (St. Louis Fed) terms; series-level third-party copyrights may apply,none,NOT_ADMITTED: NO_PUBLICATION_INSTANT (proxy dates / naive dates; registered absences),reference date,UNDEFINED
economic_calendar/scheduled_events/fred_release_date_proxy,FRED-derived release-date proxy,2026-05-01T21:19:26.305849+00:00,['economic_calendar/scheduled_events/fred_release_date_proxy/scheduled_events.parquet'],[],fred_release_proxy,monthly,FRED (St. Louis Fed) terms; series-level third-party copyrights may apply,none,NOT_ADMITTED: NO_PUBLICATION_INSTANT (proxy dates / naive dates; registered absences),reference date,UNDEFINED
economic_calendar/scheduled_events/fxmacrodata,FXMacroData,2026-05-01T23:38:43.532056+00:00,['economic_calendar/scheduled_events/fxmacrodata/release_calendar.parquet'],[],fxmacrodata_calendar,event,FXMacroData paid subscription (credentialed API; owner's plan),batch_001,"INVENTORIED; NOT_ADMITTED: forward schedule 2026-02-05..2027-07-14, 0 TRAIN rows, no values",scheduled instant,file-grain acquired_at 2026-05-01
features/trading_asset_data/adausdt,UNDECLARED,2026-05-02T00:41:18.040217+00:00,[],"['5m', '15m', '1h', '4h']",crypto,various,per provider,none,NOT_APPLICABLE_TO_EURUSD_MANIFEST (ETH/crypto manifest is separate; not mixed into the EURUSD denominator),per file,per file
features/trading_asset_data/adausdt_perp,UNDECLARED,2026-05-02T00:41:27.518403+00:00,[],"['5m', '15m', '1h', '4h']",crypto,various,per provider,none,NOT_APPLICABLE_TO_EURUSD_MANIFEST (ETH/crypto manifest is separate; not mixed into the EURUSD denominator),per file,per file
features/trading_asset_data/asterusdt,UNDECLARED,2026-05-02T00:41:18.089293+00:00,[],"['5m', '15m', '1h', '4h']",crypto,various,per provider,none,NOT_APPLICABLE_TO_EURUSD_MANIFEST (ETH/crypto manifest is separate; not mixed into the EURUSD denominator),per file,per file
features/trading_asset_data/audusd,UNDECLARED,2026-05-02T00:41:55.079890+00:00,[],"['5m', '15m', '1h', '4h']",fx_cross_pairs,5m..4h,HistData.com free data (research use; redistribution of raw bytes not granted),batch_002,QUEUED_BATCH_002 (same clock inference per file required),bar,bar end
features/trading_asset_data/avaxusdt,UNDECLARED,2026-05-02T00:41:18.433934+00:00,[],"['5m', '15m', '1h', '4h']",crypto,various,per provider,none,NOT_APPLICABLE_TO_EURUSD_MANIFEST (ETH/crypto manifest is separate; not mixed into the EURUSD denominator),per file,per file
features/trading_asset_data/avaxusdt_perp,UNDECLARED,2026-05-02T00:41:27.869278+00:00,[],"['5m', '15m', '1h', '4h']",crypto,various,per provider,none,NOT_APPLICABLE_TO_EURUSD_MANIFEST (ETH/crypto manifest is separate; not mixed into the EURUSD denominator),per file,per file
features/trading_asset_data/bchusdt,UNDECLARED,2026-05-02T00:41:18.817215+00:00,[],"['5m', '15m', '1h', '4h']",crypto,various,per provider,none,NOT_APPLICABLE_TO_EURUSD_MANIFEST (ETH/crypto manifest is separate; not mixed into the EURUSD denominator),per file,per file
features/trading_asset_data/bnbusdt,UNDECLARED,2026-05-02T00:41:19.337487+00:00,[],"['5m', '15m', '1h', '4h']",crypto,various,per provider,none,NOT_APPLICABLE_TO_EURUSD_MANIFEST (ETH/crypto manifest is separate; not mixed into the EURUSD denominator),per file,per file
features/trading_asset_data/bnbusdt_perp,UNDECLARED,2026-05-02T00:41:28.268673+00:00,[],"['5m', '15m', '1h', '4h']",crypto,various,per provider,none,NOT_APPLICABLE_TO_EURUSD_MANIFEST (ETH/crypto manifest is separate; not mixed into the EURUSD denominator),per file,per file
features/trading_asset_data/btcusdt,UNDECLARED,2026-05-02T00:41:19.847519+00:00,[],"['5m', '15m', '1h', '4h']",crypto,various,per provider,none,NOT_APPLICABLE_TO_EURUSD_MANIFEST (ETH/crypto manifest is separate; not mixed into the EURUSD denominator),per file,per file
features/trading_asset_data/btcusdt_perp,UNDECLARED,2026-05-02T00:41:28.721940+00:00,[],"['5m', '15m', '1h', '4h']",crypto,various,per provider,none,NOT_APPLICABLE_TO_EURUSD_MANIFEST (ETH/crypto manifest is separate; not mixed into the EURUSD denominator),per file,per file
features/trading_asset_data/dogeusdt,UNDECLARED,2026-05-02T00:41:20.249588+00:00,[],"['5m', '15m', '1h', '4h']",crypto,various,per provider,none,NOT_APPLICABLE_TO_EURUSD_MANIFEST (ETH/crypto manifest is separate; not mixed into the EURUSD denominator),per file,per file
features/trading_asset_data/dogeusdt_perp,UNDECLARED,2026-05-02T00:41:29.069263+00:00,[],"['5m', '15m', '1h', '4h']",crypto,various,per provider,none,NOT_APPLICABLE_TO_EURUSD_MANIFEST (ETH/crypto manifest is separate; not mixed into the EURUSD denominator),per file,per file
features/trading_asset_data/dotusdt,UNDECLARED,2026-05-02T00:41:20.594845+00:00,[],"['5m', '15m', '1h', '4h']",crypto,various,per provider,none,NOT_APPLICABLE_TO_EURUSD_MANIFEST (ETH/crypto manifest is separate; not mixed into the EURUSD denominator),per file,per file
features/trading_asset_data/ethusdt,UNDECLARED,2026-05-02T00:41:21.123597+00:00,[],"['5m', '15m', '1h', '4h']",crypto,various,per provider,none,NOT_APPLICABLE_TO_EURUSD_MANIFEST (ETH/crypto manifest is separate; not mixed into the EURUSD denominator),per file,per file
features/trading_asset_data/ethusdt_perp,UNDECLARED,2026-05-02T00:41:29.500323+00:00,[],"['5m', '15m', '1h', '4h']",crypto,various,per provider,none,NOT_APPLICABLE_TO_EURUSD_MANIFEST (ETH/crypto manifest is separate; not mixed into the EURUSD denominator),per file,per file
features/trading_asset_data/eurgbp,UNDECLARED,2026-05-02T00:41:56.947054+00:00,[],"['5m', '15m', '1h', '4h']",fx_cross_pairs,5m..4h,HistData.com free data (research use; redistribution of raw bytes not granted),batch_002,QUEUED_BATCH_002 (same clock inference per file required),bar,bar end
features/trading_asset_data/eurjpy,UNDECLARED,2026-05-02T00:41:59.147333+00:00,[],"['5m', '15m', '1h', '4h']",fx_cross_pairs,5m..4h,HistData.com free data (research use; redistribution of raw bytes not granted),batch_002,QUEUED_BATCH_002 (same clock inference per file required),bar,bar end
features/trading_asset_data/eurusd,UNDECLARED,2026-05-02T00:42:00.634507+00:00,[],"['5m', '15m', '1h', '4h']",eurusd_price,5m/15m/1h/4h,HistData.com free data (research use; redistribution of raw bytes not granted),batch_001,"IN_BATCH_001 (5m used; 1h/15m/4h reconciled, not used)","bar interval (NY local wall clock, bar START for 5m; measured)",bar end
features/trading_asset_data/gbpjpy,UNDECLARED,2026-05-02T00:42:01.685263+00:00,[],"['5m', '15m', '1h', '4h']",fx_cross_pairs,5m..4h,HistData.com free data (research use; redistribution of raw bytes not granted),batch_002,QUEUED_BATCH_002 (same clock inference per file required),bar,bar end
features/trading_asset_data/gbpusd,UNDECLARED,2026-05-02T00:42:02.513827+00:00,[],"['5m', '15m', '1h', '4h']",fx_cross_pairs,5m..4h,HistData.com free data (research use; redistribution of raw bytes not granted),batch_002,QUEUED_BATCH_002 (same clock inference per file required),bar,bar end
features/trading_asset_data/hbarusdt,UNDECLARED,2026-05-02T00:41:21.518371+00:00,[],"['5m', '15m', '1h', '4h']",crypto,various,per provider,none,NOT_APPLICABLE_TO_EURUSD_MANIFEST (ETH/crypto manifest is separate; not mixed into the EURUSD denominator),per file,per file
features/trading_asset_data/linkusdt,UNDECLARED,2026-05-02T00:41:21.947645+00:00,[],"['5m', '15m', '1h', '4h']",crypto,various,per provider,none,NOT_APPLICABLE_TO_EURUSD_MANIFEST (ETH/crypto manifest is separate; not mixed into the EURUSD denominator),per file,per file
features/trading_asset_data/linkusdt_perp,UNDECLARED,2026-05-02T00:41:29.875337+00:00,[],"['5m', '15m', '1h', '4h']",crypto,various,per provider,none,NOT_APPLICABLE_TO_EURUSD_MANIFEST (ETH/crypto manifest is separate; not mixed into the EURUSD denominator),per file,per file
features/trading_asset_data/ltcusdt,UNDECLARED,2026-05-02T00:41:22.376706+00:00,[],"['5m', '15m', '1h', '4h']",crypto,various,per provider,none,NOT_APPLICABLE_TO_EURUSD_MANIFEST (ETH/crypto manifest is separate; not mixed into the EURUSD denominator),per file,per file
features/trading_asset_data/nearusdt,UNDECLARED,2026-05-02T00:41:22.715003+00:00,[],"['5m', '15m', '1h', '4h']",crypto,various,per provider,none,NOT_APPLICABLE_TO_EURUSD_MANIFEST (ETH/crypto manifest is separate; not mixed into the EURUSD denominator),per file,per file
features/trading_asset_data/nzdusd,UNDECLARED,2026-05-02T00:42:03.308484+00:00,[],"['5m', '15m', '1h', '4h']",fx_cross_pairs,5m..4h,HistData.com free data (research use; redistribution of raw bytes not granted),batch_002,QUEUED_BATCH_002 (same clock inference per file required),bar,bar end
features/trading_asset_data/paxgusdt,UNDECLARED,2026-05-02T00:41:23.067831+00:00,[],"['5m', '15m', '1h', '4h']",crypto,various,per provider,none,NOT_APPLICABLE_TO_EURUSD_MANIFEST (ETH/crypto manifest is separate; not mixed into the EURUSD denominator),per file,per file
features/trading_asset_data/pepeusdt,UNDECLARED,2026-05-02T00:41:23.272698+00:00,[],"['5m', '15m', '1h', '4h']",crypto,various,per provider,none,NOT_APPLICABLE_TO_EURUSD_MANIFEST (ETH/crypto manifest is separate; not mixed into the EURUSD denominator),per file,per file
features/trading_asset_data/shibusdt,UNDECLARED,2026-05-02T00:41:23.566673+00:00,[],"['5m', '15m', '1h', '4h']",crypto,various,per provider,none,NOT_APPLICABLE_TO_EURUSD_MANIFEST (ETH/crypto manifest is separate; not mixed into the EURUSD denominator),per file,per file
features/trading_asset_data/skyusdt,UNDECLARED,2026-05-02T00:41:23.617857+00:00,[],"['5m', '15m', '1h', '4h']",crypto,various,per provider,none,NOT_APPLICABLE_TO_EURUSD_MANIFEST (ETH/crypto manifest is separate; not mixed into the EURUSD denominator),per file,per file
features/trading_asset_data/solusdt,UNDECLARED,2026-05-02T00:41:23.977237+00:00,[],"['5m', '15m', '1h', '4h']",crypto,various,per provider,none,NOT_APPLICABLE_TO_EURUSD_MANIFEST (ETH/crypto manifest is separate; not mixed into the EURUSD denominator),per file,per file
features/trading_asset_data/solusdt_perp,UNDECLARED,2026-05-02T00:41:30.264808+00:00,[],"['5m', '15m', '1h', '4h']",crypto,various,per provider,none,NOT_APPLICABLE_TO_EURUSD_MANIFEST (ETH/crypto manifest is separate; not mixed into the EURUSD denominator),per file,per file
features/trading_asset_data/suiusdt,UNDECLARED,2026-05-02T00:41:24.192820+00:00,[],"['5m', '15m', '1h', '4h']",crypto,various,per provider,none,NOT_APPLICABLE_TO_EURUSD_MANIFEST (ETH/crypto manifest is separate; not mixed into the EURUSD denominator),per file,per file
features/trading_asset_data/taousdt,UNDECLARED,2026-05-02T00:41:24.355053+00:00,[],"['5m', '15m', '1h', '4h']",crypto,various,per provider,none,NOT_APPLICABLE_TO_EURUSD_MANIFEST (ETH/crypto manifest is separate; not mixed into the EURUSD denominator),per file,per file
features/trading_asset_data/tonusdt,UNDECLARED,2026-05-02T00:41:24.494211+00:00,[],"['5m', '15m', '1h', '4h']",crypto,various,per provider,none,NOT_APPLICABLE_TO_EURUSD_MANIFEST (ETH/crypto manifest is separate; not mixed into the EURUSD denominator),per file,per file
features/trading_asset_data/trxusdt,UNDECLARED,2026-05-02T00:41:24.923395+00:00,[],"['5m', '15m', '1h', '4h']",crypto,various,per provider,none,NOT_APPLICABLE_TO_EURUSD_MANIFEST (ETH/crypto manifest is separate; not mixed into the EURUSD denominator),per file,per file
features/trading_asset_data/trxusdt_perp,UNDECLARED,2026-05-02T00:41:30.621052+00:00,[],"['5m', '15m', '1h', '4h']",crypto,various,per provider,none,NOT_APPLICABLE_TO_EURUSD_MANIFEST (ETH/crypto manifest is separate; not mixed into the EURUSD denominator),per file,per file
features/trading_asset_data/uniusdt,UNDECLARED,2026-05-02T00:41:25.283088+00:00,[],"['5m', '15m', '1h', '4h']",crypto,various,per provider,none,NOT_APPLICABLE_TO_EURUSD_MANIFEST (ETH/crypto manifest is separate; not mixed into the EURUSD denominator),per file,per file
features/trading_asset_data/usd1usdt,UNDECLARED,2026-05-02T00:41:25.355846+00:00,[],"['5m', '15m', '1h', '4h']",crypto,various,per provider,none,NOT_APPLICABLE_TO_EURUSD_MANIFEST (ETH/crypto manifest is separate; not mixed into the EURUSD denominator),per file,per file
features/trading_asset_data/usdcad,UNDECLARED,2026-05-02T00:42:04.111171+00:00,[],"['5m', '15m', '1h', '4h']",fx_cross_pairs,5m..4h,HistData.com free data (research use; redistribution of raw bytes not granted),batch_002,QUEUED_BATCH_002 (same clock inference per file required),bar,bar end
features/trading_asset_data/usdchf,UNDECLARED,2026-05-02T00:42:05.013708+00:00,[],"['5m', '15m', '1h', '4h']",fx_cross_pairs,5m..4h,HistData.com free data (research use; redistribution of raw bytes not granted),batch_002,QUEUED_BATCH_002 (same clock inference per file required),bar,bar end
features/trading_asset_data/usdcusdt,UNDECLARED,2026-05-02T00:41:25.740388+00:00,[],"['5m', '15m', '1h', '4h']",crypto,various,per provider,none,NOT_APPLICABLE_TO_EURUSD_MANIFEST (ETH/crypto manifest is separate; not mixed into the EURUSD denominator),per file,per file
features/trading_asset_data/usdeusdt,UNDECLARED,2026-05-02T00:41:25.792083+00:00,[],"['5m', '15m', '1h', '4h']",crypto,various,per provider,none,NOT_APPLICABLE_TO_EURUSD_MANIFEST (ETH/crypto manifest is separate; not mixed into the EURUSD denominator),per file,per file
features/trading_asset_data/usdjpy,UNDECLARED,2026-05-02T00:42:06.045164+00:00,[],"['5m', '15m', '1h', '4h']",fx_cross_pairs,5m..4h,HistData.com free data (research use; redistribution of raw bytes not granted),batch_002,QUEUED_BATCH_002 (same clock inference per file required),bar,bar end
features/trading_asset_data/wlfiusdt,UNDECLARED,2026-05-02T00:41:25.850928+00:00,[],"['5m', '15m', '1h', '4h']",crypto,various,per provider,none,NOT_APPLICABLE_TO_EURUSD_MANIFEST (ETH/crypto manifest is separate; not mixed into the EURUSD denominator),per file,per file
features/trading_asset_data/xlmusdt,UNDECLARED,2026-05-02T00:41:26.301239+00:00,[],"['5m', '15m', '1h', '4h']",crypto,various,per provider,none,NOT_APPLICABLE_TO_EURUSD_MANIFEST (ETH/crypto manifest is separate; not mixed into the EURUSD denominator),per file,per file
features/trading_asset_data/xrpusdt,UNDECLARED,2026-05-02T00:41:26.760773+00:00,[],"['5m', '15m', '1h', '4h']",crypto,various,per provider,none,NOT_APPLICABLE_TO_EURUSD_MANIFEST (ETH/crypto manifest is separate; not mixed into the EURUSD denominator),per file,per file
features/trading_asset_data/xrpusdt_perp,UNDECLARED,2026-05-02T00:41:30.998154+00:00,[],"['5m', '15m', '1h', '4h']",crypto,various,per provider,none,NOT_APPLICABLE_TO_EURUSD_MANIFEST (ETH/crypto manifest is separate; not mixed into the EURUSD denominator),per file,per file
features/trading_asset_data/zecusdt,UNDECLARED,2026-05-02T00:41:27.146819+00:00,[],"['5m', '15m', '1h', '4h']",crypto,various,per provider,none,NOT_APPLICABLE_TO_EURUSD_MANIFEST (ETH/crypto manifest is separate; not mixed into the EURUSD denominator),per file,per file
macro_economic/bea/nipa/gdp_current_dollars,BEA Data API,2026-05-01T20:06:48.358730+00:00,['macro_economic/bea/nipa/gdp_current_dollars/quarterly.parquet'],[],macro_other,monthly/quarterly,per provider (public),none,NOT_ADMITTED: revised macro without vintage/publication instant,reference period,UNDEFINED
macro_economic/bea/nipa/gdp_percent_change,BEA Data API,2026-05-01T20:06:45.686870+00:00,['macro_economic/bea/nipa/gdp_percent_change/quarterly.parquet'],[],macro_other,monthly/quarterly,per provider (public),none,NOT_ADMITTED: revised macro without vintage/publication instant,reference period,UNDEFINED
macro_economic/bea/nipa,autogenerated_stage13_doc_backfill,,['macro_economic/bea/nipa/stage13_bea_nipa_done.json'],[],macro_other,monthly/quarterly,per provider (public),none,NOT_ADMITTED: revised macro without vintage/publication instant,reference period,UNDEFINED
macro_economic/bea/nipa/real_gdp_chained_dollars,BEA Data API,2026-05-01T20:06:50.790610+00:00,['macro_economic/bea/nipa/real_gdp_chained_dollars/quarterly.parquet'],[],macro_other,monthly/quarterly,per provider (public),none,NOT_ADMITTED: revised macro without vintage/publication instant,reference period,UNDEFINED
macro_economic/bls,BLS Public API,2026-05-01T15:51:44.209503+00:00,['macro_economic/bls/public_series.csv'],[],macro_other,monthly/quarterly,per provider (public),none,NOT_ADMITTED: revised macro without vintage/publication instant,reference period,UNDEFINED
macro_economic/fred/consumer/a229rx0,FRED,2026-05-01T21:19:47.226408+00:00,['macro_economic/fred/consumer/a229rx0/observations.parquet'],[],fred,weekly/monthly/quarterly,FRED (St. Louis Fed) terms; series-level third-party copyrights may apply,none,NOT_ADMITTED: current-vintage revised macro with no publication instant (NO_VINTAGE/NO_PUBLICATION_CLOCK); its release information enters through the calendar archive instead,observation date,conservative: (D+1) 00:00 UTC for daily; undefined for revised macro
macro_economic/fred/consumer/dpcera3m086sbea,FRED,2026-05-01T21:19:48.350381+00:00,['macro_economic/fred/consumer/dpcera3m086sbea/observations.parquet'],[],fred,weekly/monthly/quarterly,FRED (St. Louis Fed) terms; series-level third-party copyrights may apply,none,NOT_ADMITTED: current-vintage revised macro with no publication instant (NO_VINTAGE/NO_PUBLICATION_CLOCK); its release information enters through the calendar archive instead,observation date,conservative: (D+1) 00:00 UTC for daily; undefined for revised macro
macro_economic/fred/consumer/dspi,FRED,2026-05-01T15:42:37.678842+00:00,['macro_economic/fred/consumer/dspi/observations.parquet'],[],fred,weekly/monthly/quarterly,FRED (St. Louis Fed) terms; series-level third-party copyrights may apply,none,NOT_ADMITTED: current-vintage revised macro with no publication instant (NO_VINTAGE/NO_PUBLICATION_CLOCK); its release information enters through the calendar archive instead,observation date,conservative: (D+1) 00:00 UTC for daily; undefined for revised macro
macro_economic/fred/consumer/hsn1f,FRED,2026-05-01T21:19:47.822259+00:00,['macro_economic/fred/consumer/hsn1f/observations.parquet'],[],fred,weekly/monthly/quarterly,FRED (St. Louis Fed) terms; series-level third-party copyrights may apply,none,NOT_ADMITTED: current-vintage revised macro with no publication instant (NO_VINTAGE/NO_PUBLICATION_CLOCK); its release information enters through the calendar archive instead,observation date,conservative: (D+1) 00:00 UTC for daily; undefined for revised macro
macro_economic/fred/consumer/pcec,FRED,2026-05-01T15:42:36.589891+00:00,['macro_economic/fred/consumer/pcec/observations.parquet'],[],fred,weekly/monthly/quarterly,FRED (St. Louis Fed) terms; series-level third-party copyrights may apply,none,NOT_ADMITTED: current-vintage revised macro with no publication instant (NO_VINTAGE/NO_PUBLICATION_CLOCK); its release information enters through the calendar archive instead,observation date,conservative: (D+1) 00:00 UTC for daily; undefined for revised macro
macro_economic/fred/consumer/psavert,FRED,2026-05-01T15:42:37.107125+00:00,['macro_economic/fred/consumer/psavert/observations.parquet'],[],fred,weekly/monthly/quarterly,FRED (St. Louis Fed) terms; series-level third-party copyrights may apply,none,NOT_ADMITTED: current-vintage revised macro with no publication instant (NO_VINTAGE/NO_PUBLICATION_CLOCK); its release information enters through the calendar archive instead,observation date,conservative: (D+1) 00:00 UTC for daily; undefined for revised macro
macro_economic/fred/consumer/rrsfs,FRED,2026-05-01T21:19:46.691970+00:00,['macro_economic/fred/consumer/rrsfs/observations.parquet'],[],fred,weekly/monthly/quarterly,FRED (St. Louis Fed) terms; series-level third-party copyrights may apply,none,NOT_ADMITTED: current-vintage revised macro with no publication instant (NO_VINTAGE/NO_PUBLICATION_CLOCK); its release information enters through the calendar archive instead,observation date,conservative: (D+1) 00:00 UTC for daily; undefined for revised macro
macro_economic/fred/consumer/rsafs,FRED,2026-05-01T15:42:36.106489+00:00,['macro_economic/fred/consumer/rsafs/observations.parquet'],[],fred,weekly/monthly/quarterly,FRED (St. Louis Fed) terms; series-level third-party copyrights may apply,none,NOT_ADMITTED: current-vintage revised macro with no publication instant (NO_VINTAGE/NO_PUBLICATION_CLOCK); its release information enters through the calendar archive instead,observation date,conservative: (D+1) 00:00 UTC for daily; undefined for revised macro
macro_economic/fred/consumer/umcsent,FRED,2026-05-01T15:42:35.559869+00:00,['macro_economic/fred/consumer/umcsent/observations.parquet'],[],fred,weekly/monthly/quarterly,FRED (St. Louis Fed) terms; series-level third-party copyrights may apply,none,NOT_ADMITTED: current-vintage revised macro with no publication instant (NO_VINTAGE/NO_PUBLICATION_CLOCK); its release information enters through the calendar archive instead,observation date,conservative: (D+1) 00:00 UTC for daily; undefined for revised macro
macro_economic/fred/credit/aaa,FRED,2026-05-01T21:19:44.531095+00:00,['macro_economic/fred/credit/aaa/observations.parquet'],[],fred,1d,FRED (St. Louis Fed) terms; series-level third-party copyrights may apply,batch_002,QUEUED_BATCH_002 (market-observed daily; current vintage ~ first print),observation date,conservative: (D+1) 00:00 UTC for daily; undefined for revised macro
macro_economic/fred/credit/aaa10y,FRED,2026-05-01T21:19:46.216010+00:00,['macro_economic/fred/credit/aaa10y/observations.parquet'],[],fred,1d,FRED (St. Louis Fed) terms; series-level third-party copyrights may apply,batch_002,QUEUED_BATCH_002 (market-observed daily; current vintage ~ first print),observation date,conservative: (D+1) 00:00 UTC for daily; undefined for revised macro
macro_economic/fred/credit/baa,FRED,2026-05-01T21:19:44.983849+00:00,['macro_economic/fred/credit/baa/observations.parquet'],[],fred,1d,FRED (St. Louis Fed) terms; series-level third-party copyrights may apply,batch_002,QUEUED_BATCH_002 (market-observed daily; current vintage ~ first print),observation date,conservative: (D+1) 00:00 UTC for daily; undefined for revised macro
macro_economic/fred/credit/baa10y,FRED,2026-05-01T21:19:45.509111+00:00,['macro_economic/fred/credit/baa10y/observations.parquet'],[],fred,1d,FRED (St. Louis Fed) terms; series-level third-party copyrights may apply,batch_002,QUEUED_BATCH_002 (market-observed daily; current vintage ~ first print),observation date,conservative: (D+1) 00:00 UTC for daily; undefined for revised macro
macro_economic/fred/credit/bamlc0a0cm,FRED,2026-05-01T21:19:40.942171+00:00,['macro_economic/fred/credit/bamlc0a0cm/observations.parquet'],[],fred,1d,FRED (St. Louis Fed) terms; series-level third-party copyrights may apply,batch_002,QUEUED_BATCH_002 (market-observed daily; current vintage ~ first print),observation date,conservative: (D+1) 00:00 UTC for daily; undefined for revised macro
macro_economic/fred/credit/bamlc0a0cmey,FRED,2026-05-01T21:19:41.358325+00:00,['macro_economic/fred/credit/bamlc0a0cmey/observations.parquet'],[],fred,1d,FRED (St. Louis Fed) terms; series-level third-party copyrights may apply,batch_002,QUEUED_BATCH_002 (market-observed daily; current vintage ~ first print),observation date,conservative: (D+1) 00:00 UTC for daily; undefined for revised macro
macro_economic/fred/credit/bamlh0a0hym2,FRED,2026-05-01T21:19:41.793696+00:00,['macro_economic/fred/credit/bamlh0a0hym2/observations.parquet'],[],fred,1d,FRED (St. Louis Fed) terms; series-level third-party copyrights may apply,batch_002,QUEUED_BATCH_002 (market-observed daily; current vintage ~ first print),observation date,conservative: (D+1) 00:00 UTC for daily; undefined for revised macro
macro_economic/fred/credit/bamlh0a0hym2ey,FRED,2026-05-01T21:19:42.370769+00:00,['macro_economic/fred/credit/bamlh0a0hym2ey/observations.parquet'],[],fred,1d,FRED (St. Louis Fed) terms; series-level third-party copyrights may apply,batch_002,QUEUED_BATCH_002 (market-observed daily; current vintage ~ first print),observation date,conservative: (D+1) 00:00 UTC for daily; undefined for revised macro
macro_economic/fred/employment/ahetpi,FRED,2026-05-01T15:42:12.415657+00:00,['macro_economic/fred/employment/ahetpi/observations.parquet'],[],fred,weekly/monthly/quarterly,FRED (St. Louis Fed) terms; series-level third-party copyrights may apply,none,NOT_ADMITTED: current-vintage revised macro with no publication instant (NO_VINTAGE/NO_PUBLICATION_CLOCK); its release information enters through the calendar archive instead,observation date,conservative: (D+1) 00:00 UTC for daily; undefined for revised macro
macro_economic/fred/employment/awhaetp,FRED,2026-05-01T21:19:25.706706+00:00,['macro_economic/fred/employment/awhaetp/observations.parquet'],[],fred,weekly/monthly/quarterly,FRED (St. Louis Fed) terms; series-level third-party copyrights may apply,none,NOT_ADMITTED: current-vintage revised macro with no publication instant (NO_VINTAGE/NO_PUBLICATION_CLOCK); its release information enters through the calendar archive instead,observation date,conservative: (D+1) 00:00 UTC for daily; undefined for revised macro
macro_economic/fred/employment/ccsa,FRED,2026-05-01T15:42:13.666204+00:00,['macro_economic/fred/employment/ccsa/observations.parquet'],[],fred,weekly/monthly/quarterly,FRED (St. Louis Fed) terms; series-level third-party copyrights may apply,none,NOT_ADMITTED: current-vintage revised macro with no publication instant (NO_VINTAGE/NO_PUBLICATION_CLOCK); its release information enters through the calendar archive instead,observation date,conservative: (D+1) 00:00 UTC for daily; undefined for revised macro
macro_economic/fred/employment/ce16ov,FRED,2026-05-01T21:19:22.840634+00:00,['macro_economic/fred/employment/ce16ov/observations.parquet'],[],fred,weekly/monthly/quarterly,FRED (St. Louis Fed) terms; series-level third-party copyrights may apply,none,NOT_ADMITTED: current-vintage revised macro with no publication instant (NO_VINTAGE/NO_PUBLICATION_CLOCK); its release information enters through the calendar archive instead,observation date,conservative: (D+1) 00:00 UTC for daily; undefined for revised macro
macro_economic/fred/employment/civpart,FRED,2026-05-01T15:42:10.731232+00:00,['macro_economic/fred/employment/civpart/observations.parquet'],[],fred,weekly/monthly/quarterly,FRED (St. Louis Fed) terms; series-level third-party copyrights may apply,none,NOT_ADMITTED: current-vintage revised macro with no publication instant (NO_VINTAGE/NO_PUBLICATION_CLOCK); its release information enters through the calendar archive instead,observation date,conservative: (D+1) 00:00 UTC for daily; undefined for revised macro
macro_economic/fred/employment/emratio,FRED,2026-05-01T15:42:11.893315+00:00,['macro_economic/fred/employment/emratio/observations.parquet'],[],fred,weekly/monthly/quarterly,FRED (St. Louis Fed) terms; series-level third-party copyrights may apply,none,NOT_ADMITTED: current-vintage revised macro with no publication instant (NO_VINTAGE/NO_PUBLICATION_CLOCK); its release information enters through the calendar archive instead,observation date,conservative: (D+1) 00:00 UTC for daily; undefined for revised macro
macro_economic/fred/employment/icsa,FRED,2026-05-01T15:42:12.978676+00:00,['macro_economic/fred/employment/icsa/observations.parquet'],[],fred,weekly/monthly/quarterly,FRED (St. Louis Fed) terms; series-level third-party copyrights may apply,none,NOT_ADMITTED: current-vintage revised macro with no publication instant (NO_VINTAGE/NO_PUBLICATION_CLOCK); its release information enters through the calendar archive instead,observation date,conservative: (D+1) 00:00 UTC for daily; undefined for revised macro
macro_economic/fred/employment/jtsjol,FRED,2026-05-01T21:19:22.035540+00:00,['macro_economic/fred/employment/jtsjol/observations.parquet'],[],fred,weekly/monthly/quarterly,FRED (St. Louis Fed) terms; series-level third-party copyrights may apply,none,NOT_ADMITTED: current-vintage revised macro with no publication instant (NO_VINTAGE/NO_PUBLICATION_CLOCK); its release information enters through the calendar archive instead,observation date,conservative: (D+1) 00:00 UTC for daily; undefined for revised macro
macro_economic/fred/employment/jtsqur,FRED,2026-05-01T21:19:22.418890+00:00,['macro_economic/fred/employment/jtsqur/observations.parquet'],[],fred,weekly/monthly/quarterly,FRED (St. Louis Fed) terms; series-level third-party copyrights may apply,none,NOT_ADMITTED: current-vintage revised macro with no publication instant (NO_VINTAGE/NO_PUBLICATION_CLOCK); its release information enters through the calendar archive instead,observation date,conservative: (D+1) 00:00 UTC for daily; undefined for revised macro
macro_economic/fred/employment/lns14000006,FRED,2026-05-01T21:19:23.239585+00:00,['macro_economic/fred/employment/lns14000006/observations.parquet'],[],fred,weekly/monthly/quarterly,FRED (St. Louis Fed) terms; series-level third-party copyrights may apply,none,NOT_ADMITTED: current-vintage revised macro with no publication instant (NO_VINTAGE/NO_PUBLICATION_CLOCK); its release information enters through the calendar archive instead,observation date,conservative: (D+1) 00:00 UTC for daily; undefined for revised macro
macro_economic/fred/employment/manemp,FRED,2026-05-01T21:19:24.872993+00:00,['macro_economic/fred/employment/manemp/observations.parquet'],[],fred,weekly/monthly/quarterly,FRED (St. Louis Fed) terms; series-level third-party copyrights may apply,none,NOT_ADMITTED: current-vintage revised macro with no publication instant (NO_VINTAGE/NO_PUBLICATION_CLOCK); its release information enters through the calendar archive instead,observation date,conservative: (D+1) 00:00 UTC for daily; undefined for revised macro
macro_economic/fred/employment/nrou,FRED,2026-05-01T21:19:21.662592+00:00,['macro_economic/fred/employment/nrou/observations.parquet'],[],fred,weekly/monthly/quarterly,FRED (St. Louis Fed) terms; series-level third-party copyrights may apply,none,NOT_ADMITTED: current-vintage revised macro with no publication instant (NO_VINTAGE/NO_PUBLICATION_CLOCK); its release information enters through the calendar archive instead,observation date,conservative: (D+1) 00:00 UTC for daily; undefined for revised macro
macro_economic/fred/employment/payems,FRED,2026-05-01T15:42:10.122913+00:00,['macro_economic/fred/employment/payems/observations.parquet'],[],fred,weekly/monthly/quarterly,FRED (St. Louis Fed) terms; series-level third-party copyrights may apply,none,NOT_ADMITTED: current-vintage revised macro with no publication instant (NO_VINTAGE/NO_PUBLICATION_CLOCK); its release information enters through the calendar archive instead,observation date,conservative: (D+1) 00:00 UTC for daily; undefined for revised macro
macro_economic/fred/employment/u6rate,FRED,2026-05-01T15:42:11.273241+00:00,['macro_economic/fred/employment/u6rate/observations.parquet'],[],fred,weekly/monthly/quarterly,FRED (St. Louis Fed) terms; series-level third-party copyrights may apply,none,NOT_ADMITTED: current-vintage revised macro with no publication instant (NO_VINTAGE/NO_PUBLICATION_CLOCK); its release information enters through the calendar archive instead,observation date,conservative: (D+1) 00:00 UTC for daily; undefined for revised macro
macro_economic/fred/employment/unrate,FRED,2026-05-01T15:42:09.477129+00:00,['macro_economic/fred/employment/unrate/observations.parquet'],[],fred,weekly/monthly/quarterly,FRED (St. Louis Fed) terms; series-level third-party copyrights may apply,none,NOT_ADMITTED: current-vintage revised macro with no publication instant (NO_VINTAGE/NO_PUBLICATION_CLOCK); its release information enters through the calendar archive instead,observation date,conservative: (D+1) 00:00 UTC for daily; undefined for revised macro
macro_economic/fred/employment/uspriv,FRED,2026-05-01T21:19:25.276654+00:00,['macro_economic/fred/employment/uspriv/observations.parquet'],[],fred,weekly/monthly/quarterly,FRED (St. Louis Fed) terms; series-level third-party copyrights may apply,none,NOT_ADMITTED: current-vintage revised macro with no publication instant (NO_VINTAGE/NO_PUBLICATION_CLOCK); its release information enters through the calendar archive instead,observation date,conservative: (D+1) 00:00 UTC for daily; undefined for revised macro
macro_economic/fred/fx_indices/dtwexafegs,FRED,2026-05-01T15:47:45.409902+00:00,['macro_economic/fred/fx_indices/dtwexafegs/observations.parquet'],[],fred,1d,FRED (St. Louis Fed) terms; series-level third-party copyrights may apply,batch_002,QUEUED_BATCH_002 (market-observed daily; current vintage ~ first print),observation date,conservative: (D+1) 00:00 UTC for daily; undefined for revised macro
macro_economic/fred/fx_indices/dtwexb,FRED,2026-05-01T21:19:59.087633+00:00,['macro_economic/fred/fx_indices/dtwexb/observations.parquet'],[],fred,1d,FRED (St. Louis Fed) terms; series-level third-party copyrights may apply,batch_002,QUEUED_BATCH_002 (market-observed daily; current vintage ~ first print),observation date,conservative: (D+1) 00:00 UTC for daily; undefined for revised macro
macro_economic/fred/fx_indices/dtwexbgs,FRED,2026-05-01T15:47:44.497422+00:00,['macro_economic/fred/fx_indices/dtwexbgs/observations.parquet'],[],fred,1d,FRED (St. Louis Fed) terms; series-level third-party copyrights may apply,batch_002,QUEUED_BATCH_002 (market-observed daily; current vintage ~ first print),observation date,conservative: (D+1) 00:00 UTC for daily; undefined for revised macro
macro_economic/fred/fx_indices/dtwexemegs,FRED,2026-05-01T15:47:46.119592+00:00,['macro_economic/fred/fx_indices/dtwexemegs/observations.parquet'],[],fred,1d,FRED (St. Louis Fed) terms; series-level third-party copyrights may apply,batch_002,QUEUED_BATCH_002 (market-observed daily; current vintage ~ first print),observation date,conservative: (D+1) 00:00 UTC for daily; undefined for revised macro
macro_economic/fred/fx_indices/dtwexm,FRED,2026-05-01T21:19:58.418654+00:00,['macro_economic/fred/fx_indices/dtwexm/observations.parquet'],[],fred,1d,FRED (St. Louis Fed) terms; series-level third-party copyrights may apply,batch_002,QUEUED_BATCH_002 (market-observed daily; current vintage ~ first print),observation date,conservative: (D+1) 00:00 UTC for daily; undefined for revised macro
macro_economic/fred/gdp/a191rl1q225sbea,FRED,2026-05-01T15:42:15.295490+00:00,['macro_economic/fred/gdp/a191rl1q225sbea/observations.parquet'],[],fred,weekly/monthly/quarterly,FRED (St. Louis Fed) terms; series-level third-party copyrights may apply,none,NOT_ADMITTED: current-vintage revised macro with no publication instant (NO_VINTAGE/NO_PUBLICATION_CLOCK); its release information enters through the calendar archive instead,observation date,conservative: (D+1) 00:00 UTC for daily; undefined for revised macro
macro_economic/fred/gdp/expgs,FRED,2026-05-01T21:19:28.545733+00:00,['macro_economic/fred/gdp/expgs/observations.parquet'],[],fred,weekly/monthly/quarterly,FRED (St. Louis Fed) terms; series-level third-party copyrights may apply,none,NOT_ADMITTED: current-vintage revised macro with no publication instant (NO_VINTAGE/NO_PUBLICATION_CLOCK); its release information enters through the calendar archive instead,observation date,conservative: (D+1) 00:00 UTC for daily; undefined for revised macro
macro_economic/fred/gdp/gdi,FRED,2026-05-01T21:19:26.874474+00:00,['macro_economic/fred/gdp/gdi/observations.parquet'],[],fred,weekly/monthly/quarterly,FRED (St. Louis Fed) terms; series-level third-party copyrights may apply,none,NOT_ADMITTED: current-vintage revised macro with no publication instant (NO_VINTAGE/NO_PUBLICATION_CLOCK); its release information enters through the calendar archive instead,observation date,conservative: (D+1) 00:00 UTC for daily; undefined for revised macro
macro_economic/fred/gdp/gdp,FRED,2026-05-01T15:42:14.179874+00:00,['macro_economic/fred/gdp/gdp/observations.parquet'],[],fred,weekly/monthly/quarterly,FRED (St. Louis Fed) terms; series-level third-party copyrights may apply,none,NOT_ADMITTED: current-vintage revised macro with no publication instant (NO_VINTAGE/NO_PUBLICATION_CLOCK); its release information enters through the calendar archive instead,observation date,conservative: (D+1) 00:00 UTC for daily; undefined for revised macro
macro_economic/fred/gdp/gdpc1,FRED,2026-05-01T15:42:14.683048+00:00,['macro_economic/fred/gdp/gdpc1/observations.parquet'],[],fred,weekly/monthly/quarterly,FRED (St. Louis Fed) terms; series-level third-party copyrights may apply,none,NOT_ADMITTED: current-vintage revised macro with no publication instant (NO_VINTAGE/NO_PUBLICATION_CLOCK); its release information enters through the calendar archive instead,observation date,conservative: (D+1) 00:00 UTC for daily; undefined for revised macro
macro_economic/fred/gdp/gdpnow,FRED,2026-05-01T15:42:15.803007+00:00,['macro_economic/fred/gdp/gdpnow/observations.parquet'],[],fred,weekly/monthly/quarterly,FRED (St. Louis Fed) terms; series-level third-party copyrights may apply,none,NOT_ADMITTED: current-vintage revised macro with no publication instant (NO_VINTAGE/NO_PUBLICATION_CLOCK); its release information enters through the calendar archive instead,observation date,conservative: (D+1) 00:00 UTC for daily; undefined for revised macro
macro_economic/fred/gdp/gdppot,FRED,2026-05-01T15:42:16.478856+00:00,['macro_economic/fred/gdp/gdppot/observations.parquet'],[],fred,weekly/monthly/quarterly,FRED (St. Louis Fed) terms; series-level third-party copyrights may apply,none,NOT_ADMITTED: current-vintage revised macro with no publication instant (NO_VINTAGE/NO_PUBLICATION_CLOCK); its release information enters through the calendar archive instead,observation date,conservative: (D+1) 00:00 UTC for daily; undefined for revised macro
macro_economic/fred/gdp/gnp,FRED,2026-05-01T21:19:26.099111+00:00,['macro_economic/fred/gdp/gnp/observations.parquet'],[],fred,weekly/monthly/quarterly,FRED (St. Louis Fed) terms; series-level third-party copyrights may apply,none,NOT_ADMITTED: current-vintage revised macro with no publication instant (NO_VINTAGE/NO_PUBLICATION_CLOCK); its release information enters through the calendar archive instead,observation date,conservative: (D+1) 00:00 UTC for daily; undefined for revised macro
macro_economic/fred/gdp/gnpc96,FRED,2026-05-01T21:19:26.490911+00:00,['macro_economic/fred/gdp/gnpc96/observations.parquet'],[],fred,weekly/monthly/quarterly,FRED (St. Louis Fed) terms; series-level third-party copyrights may apply,none,NOT_ADMITTED: current-vintage revised macro with no publication instant (NO_VINTAGE/NO_PUBLICATION_CLOCK); its release information enters through the calendar archive instead,observation date,conservative: (D+1) 00:00 UTC for daily; undefined for revised macro
macro_economic/fred/gdp/gpdi,FRED,2026-05-01T21:19:27.721599+00:00,['macro_economic/fred/gdp/gpdi/observations.parquet'],[],fred,weekly/monthly/quarterly,FRED (St. Louis Fed) terms; series-level third-party copyrights may apply,none,NOT_ADMITTED: current-vintage revised macro with no publication instant (NO_VINTAGE/NO_PUBLICATION_CLOCK); its release information enters through the calendar archive instead,observation date,conservative: (D+1) 00:00 UTC for daily; undefined for revised macro
macro_economic/fred/gdp/impgs,FRED,2026-05-01T21:19:28.965978+00:00,['macro_economic/fred/gdp/impgs/observations.parquet'],[],fred,weekly/monthly/quarterly,FRED (St. Louis Fed) terms; series-level third-party copyrights may apply,none,NOT_ADMITTED: current-vintage revised macro with no publication instant (NO_VINTAGE/NO_PUBLICATION_CLOCK); its release information enters through the calendar archive instead,observation date,conservative: (D+1) 00:00 UTC for daily; undefined for revised macro
macro_economic/fred/gdp/netexp,FRED,2026-05-01T21:19:28.137585+00:00,['macro_economic/fred/gdp/netexp/observations.parquet'],[],fred,weekly/monthly/quarterly,FRED (St. Louis Fed) terms; series-level third-party copyrights may apply,none,NOT_ADMITTED: current-vintage revised macro with no publication instant (NO_VINTAGE/NO_PUBLICATION_CLOCK); its release information enters through the calendar archive instead,observation date,conservative: (D+1) 00:00 UTC for daily; undefined for revised macro
macro_economic/fred/gdp/pce,FRED,2026-05-01T21:19:27.301775+00:00,['macro_economic/fred/gdp/pce/observations.parquet'],[],fred,weekly/monthly/quarterly,FRED (St. Louis Fed) terms; series-level third-party copyrights may apply,none,NOT_ADMITTED: current-vintage revised macro with no publication instant (NO_VINTAGE/NO_PUBLICATION_CLOCK); its release information enters through the calendar archive instead,observation date,conservative: (D+1) 00:00 UTC for daily; undefined for revised macro
macro_economic/fred/housing/aspus,FRED,2026-05-01T21:19:50.097386+00:00,['macro_economic/fred/housing/aspus/observations.parquet'],[],fred,weekly/monthly/quarterly,FRED (St. Louis Fed) terms; series-level third-party copyrights may apply,none,NOT_ADMITTED: current-vintage revised macro with no publication instant (NO_VINTAGE/NO_PUBLICATION_CLOCK); its release information enters through the calendar archive instead,observation date,conservative: (D+1) 00:00 UTC for daily; undefined for revised macro
macro_economic/fred/housing/compu1usa,FRED,2026-05-01T21:19:49.213414+00:00,['macro_economic/fred/housing/compu1usa/observations.parquet'],[],fred,weekly/monthly/quarterly,FRED (St. Louis Fed) terms; series-level third-party copyrights may apply,none,NOT_ADMITTED: current-vintage revised macro with no publication instant (NO_VINTAGE/NO_PUBLICATION_CLOCK); its release information enters through the calendar archive instead,observation date,conservative: (D+1) 00:00 UTC for daily; undefined for revised macro
macro_economic/fred/housing/csushpisa,FRED,2026-05-01T15:42:39.171373+00:00,['macro_economic/fred/housing/csushpisa/observations.parquet'],[],fred,weekly/monthly/quarterly,FRED (St. Louis Fed) terms; series-level third-party copyrights may apply,none,NOT_ADMITTED: current-vintage revised macro with no publication instant (NO_VINTAGE/NO_PUBLICATION_CLOCK); its release information enters through the calendar archive instead,observation date,conservative: (D+1) 00:00 UTC for daily; undefined for revised macro
macro_economic/fred/housing/exhoslusm495s,FRED,2026-05-01T15:42:38.645805+00:00,['macro_economic/fred/housing/exhoslusm495s/observations.parquet'],[],fred,weekly/monthly/quarterly,FRED (St. Louis Fed) terms; series-level third-party copyrights may apply,none,NOT_ADMITTED: current-vintage revised macro with no publication instant (NO_VINTAGE/NO_PUBLICATION_CLOCK); its release information enters through the calendar archive instead,observation date,conservative: (D+1) 00:00 UTC for daily; undefined for revised macro
macro_economic/fred/housing/houst,FRED,2026-05-01T15:42:38.171107+00:00,['macro_economic/fred/housing/houst/observations.parquet'],[],fred,weekly/monthly/quarterly,FRED (St. Louis Fed) terms; series-level third-party copyrights may apply,none,NOT_ADMITTED: current-vintage revised macro with no publication instant (NO_VINTAGE/NO_PUBLICATION_CLOCK); its release information enters through the calendar archive instead,observation date,conservative: (D+1) 00:00 UTC for daily; undefined for revised macro
macro_economic/fred/housing/houst1f,FRED,2026-05-01T21:19:48.754419+00:00,['macro_economic/fred/housing/houst1f/observations.parquet'],[],fred,weekly/monthly/quarterly,FRED (St. Louis Fed) terms; series-level third-party copyrights may apply,none,NOT_ADMITTED: current-vintage revised macro with no publication instant (NO_VINTAGE/NO_PUBLICATION_CLOCK); its release information enters through the calendar archive instead,observation date,conservative: (D+1) 00:00 UTC for daily; undefined for revised macro
macro_economic/fred/housing/hsn1f,FRED,2026-05-01T21:19:50.519560+00:00,['macro_economic/fred/housing/hsn1f/observations.parquet'],[],fred,weekly/monthly/quarterly,FRED (St. Louis Fed) terms; series-level third-party copyrights may apply,none,NOT_ADMITTED: current-vintage revised macro with no publication instant (NO_VINTAGE/NO_PUBLICATION_CLOCK); its release information enters through the calendar archive instead,observation date,conservative: (D+1) 00:00 UTC for daily; undefined for revised macro
macro_economic/fred/housing/mortgage30us,FRED,2026-05-01T15:42:39.700104+00:00,['macro_economic/fred/housing/mortgage30us/observations.parquet'],[],fred,weekly/monthly/quarterly,FRED (St. Louis Fed) terms; series-level third-party copyrights may apply,none,NOT_ADMITTED: current-vintage revised macro with no publication instant (NO_VINTAGE/NO_PUBLICATION_CLOCK); its release information enters through the calendar archive instead,observation date,conservative: (D+1) 00:00 UTC for daily; undefined for revised macro
macro_economic/fred/housing/mspus,FRED,2026-05-01T21:19:49.633652+00:00,['macro_economic/fred/housing/mspus/observations.parquet'],[],fred,weekly/monthly/quarterly,FRED (St. Louis Fed) terms; series-level third-party copyrights may apply,none,NOT_ADMITTED: current-vintage revised macro with no publication instant (NO_VINTAGE/NO_PUBLICATION_CLOCK); its release information enters through the calendar archive instead,observation date,conservative: (D+1) 00:00 UTC for daily; undefined for revised macro
macro_economic/fred/housing/permit,FRED,2026-05-01T15:42:40.183707+00:00,['macro_economic/fred/housing/permit/observations.parquet'],[],fred,weekly/monthly/quarterly,FRED (St. Louis Fed) terms; series-level third-party copyrights may apply,none,NOT_ADMITTED: current-vintage revised macro with no publication instant (NO_VINTAGE/NO_PUBLICATION_CLOCK); its release information enters through the calendar archive instead,observation date,conservative: (D+1) 00:00 UTC for daily; undefined for revised macro
macro_economic/fred/housing/rhorusq156n,FRED,2026-05-01T21:19:50.945699+00:00,['macro_economic/fred/housing/rhorusq156n/observations.parquet'],[],fred,weekly/monthly/quarterly,FRED (St. Louis Fed) terms; series-level third-party copyrights may apply,none,NOT_ADMITTED: current-vintage revised macro with no publication instant (NO_VINTAGE/NO_PUBLICATION_CLOCK); its release information enters through the calendar archive instead,observation date,conservative: (D+1) 00:00 UTC for daily; undefined for revised macro
macro_economic/fred/industrial/businv,FRED,2026-05-01T15:47:43.591674+00:00,['macro_economic/fred/industrial/businv/observations.parquet'],[],fred,weekly/monthly/quarterly,FRED (St. Louis Fed) terms; series-level third-party copyrights may apply,none,NOT_ADMITTED: current-vintage revised macro with no publication instant (NO_VINTAGE/NO_PUBLICATION_CLOCK); its release information enters through the calendar archive instead,observation date,conservative: (D+1) 00:00 UTC for daily; undefined for revised macro
macro_economic/fred/industrial/caputlb50001sq,FRED,2026-05-01T15:42:41.218215+00:00,['macro_economic/fred/industrial/caputlb50001sq/observations.parquet'],[],fred,weekly/monthly/quarterly,FRED (St. Louis Fed) terms; series-level third-party copyrights may apply,none,NOT_ADMITTED: current-vintage revised macro with no publication instant (NO_VINTAGE/NO_PUBLICATION_CLOCK); its release information enters through the calendar archive instead,observation date,conservative: (D+1) 00:00 UTC for daily; undefined for revised macro
macro_economic/fred/industrial/cumfns,FRED,2026-05-01T21:19:53.559863+00:00,['macro_economic/fred/industrial/cumfns/observations.parquet'],[],fred,weekly/monthly/quarterly,FRED (St. Louis Fed) terms; series-level third-party copyrights may apply,none,NOT_ADMITTED: current-vintage revised macro with no publication instant (NO_VINTAGE/NO_PUBLICATION_CLOCK); its release information enters through the calendar archive instead,observation date,conservative: (D+1) 00:00 UTC for daily; undefined for revised macro
macro_economic/fred/industrial/dgorder,FRED,2026-05-01T21:19:54.442405+00:00,['macro_economic/fred/industrial/dgorder/observations.parquet'],[],fred,weekly/monthly/quarterly,FRED (St. Louis Fed) terms; series-level third-party copyrights may apply,none,NOT_ADMITTED: current-vintage revised macro with no publication instant (NO_VINTAGE/NO_PUBLICATION_CLOCK); its release information enters through the calendar archive instead,observation date,conservative: (D+1) 00:00 UTC for daily; undefined for revised macro
macro_economic/fred/industrial/indpro,FRED,2026-05-01T15:42:40.699559+00:00,['macro_economic/fred/industrial/indpro/observations.parquet'],[],fred,weekly/monthly/quarterly,FRED (St. Louis Fed) terms; series-level third-party copyrights may apply,none,NOT_ADMITTED: current-vintage revised macro with no publication instant (NO_VINTAGE/NO_PUBLICATION_CLOCK); its release information enters through the calendar archive instead,observation date,conservative: (D+1) 00:00 UTC for daily; undefined for revised macro
macro_economic/fred/industrial/ipman,FRED,2026-05-01T21:19:52.685686+00:00,['macro_economic/fred/industrial/ipman/observations.parquet'],[],fred,weekly/monthly/quarterly,FRED (St. Louis Fed) terms; series-level third-party copyrights may apply,none,NOT_ADMITTED: current-vintage revised macro with no publication instant (NO_VINTAGE/NO_PUBLICATION_CLOCK); its release information enters through the calendar archive instead,observation date,conservative: (D+1) 00:00 UTC for daily; undefined for revised macro
macro_economic/fred/industrial/isratio,FRED,2026-05-01T21:19:52.242423+00:00,['macro_economic/fred/industrial/isratio/observations.parquet'],[],fred,weekly/monthly/quarterly,FRED (St. Louis Fed) terms; series-level third-party copyrights may apply,none,NOT_ADMITTED: current-vintage revised macro with no publication instant (NO_VINTAGE/NO_PUBLICATION_CLOCK); its release information enters through the calendar archive instead,observation date,conservative: (D+1) 00:00 UTC for daily; undefined for revised macro
macro_economic/fred/industrial/neworder,FRED,2026-05-01T21:19:54.014608+00:00,['macro_economic/fred/industrial/neworder/observations.parquet'],[],fred,weekly/monthly/quarterly,FRED (St. Louis Fed) terms; series-level third-party copyrights may apply,none,NOT_ADMITTED: current-vintage revised macro with no publication instant (NO_VINTAGE/NO_PUBLICATION_CLOCK); its release information enters through the calendar archive instead,observation date,conservative: (D+1) 00:00 UTC for daily; undefined for revised macro
macro_economic/fred/industrial/tcu,FRED,2026-05-01T21:19:53.132769+00:00,['macro_economic/fred/industrial/tcu/observations.parquet'],[],fred,weekly/monthly/quarterly,FRED (St. Louis Fed) terms; series-level third-party copyrights may apply,none,NOT_ADMITTED: current-vintage revised macro with no publication instant (NO_VINTAGE/NO_PUBLICATION_CLOCK); its release information enters through the calendar archive instead,observation date,conservative: (D+1) 00:00 UTC for daily; undefined for revised macro
macro_economic/fred/inflation/cpaltt01usm657n,FRED,2026-05-01T21:19:16.700721+00:00,['macro_economic/fred/inflation/cpaltt01usm657n/observations.parquet'],[],fred,weekly/monthly/quarterly,FRED (St. Louis Fed) terms; series-level third-party copyrights may apply,none,NOT_ADMITTED: current-vintage revised macro with no publication instant (NO_VINTAGE/NO_PUBLICATION_CLOCK); its release information enters through the calendar archive instead,observation date,conservative: (D+1) 00:00 UTC for daily; undefined for revised macro
macro_economic/fred/inflation/cpiaucsl,FRED,2026-05-01T15:42:01.208913+00:00,['macro_economic/fred/inflation/cpiaucsl/observations.parquet'],[],fred,weekly/monthly/quarterly,FRED (St. Louis Fed) terms; series-level third-party copyrights may apply,none,NOT_ADMITTED: current-vintage revised macro with no publication instant (NO_VINTAGE/NO_PUBLICATION_CLOCK); its release information enters through the calendar archive instead,observation date,conservative: (D+1) 00:00 UTC for daily; undefined for revised macro
macro_economic/fred/inflation/cpilfesl,FRED,2026-05-01T15:42:05.398601+00:00,['macro_economic/fred/inflation/cpilfesl/observations.parquet'],[],fred,weekly/monthly/quarterly,FRED (St. Louis Fed) terms; series-level third-party copyrights may apply,none,NOT_ADMITTED: current-vintage revised macro with no publication instant (NO_VINTAGE/NO_PUBLICATION_CLOCK); its release information enters through the calendar archive instead,observation date,conservative: (D+1) 00:00 UTC for daily; undefined for revised macro
macro_economic/fred/inflation/fpcpitotlzgusa,FRED,2026-05-01T15:42:08.903077+00:00,['macro_economic/fred/inflation/fpcpitotlzgusa/observations.parquet'],[],fred,weekly/monthly/quarterly,FRED (St. Louis Fed) terms; series-level third-party copyrights may apply,none,NOT_ADMITTED: current-vintage revised macro with no publication instant (NO_VINTAGE/NO_PUBLICATION_CLOCK); its release information enters through the calendar archive instead,observation date,conservative: (D+1) 00:00 UTC for daily; undefined for revised macro
macro_economic/fred/inflation/gdpdef,FRED,2026-05-01T21:19:15.222949+00:00,['macro_economic/fred/inflation/gdpdef/observations.parquet'],[],fred,weekly/monthly/quarterly,FRED (St. Louis Fed) terms; series-level third-party copyrights may apply,none,NOT_ADMITTED: current-vintage revised macro with no publication instant (NO_VINTAGE/NO_PUBLICATION_CLOCK); its release information enters through the calendar archive instead,observation date,conservative: (D+1) 00:00 UTC for daily; undefined for revised macro
macro_economic/fred/inflation/medcpim158sfrbcle,FRED,2026-05-01T15:42:07.735952+00:00,['macro_economic/fred/inflation/medcpim158sfrbcle/observations.parquet'],[],fred,weekly/monthly/quarterly,FRED (St. Louis Fed) terms; series-level third-party copyrights may apply,none,NOT_ADMITTED: current-vintage revised macro with no publication instant (NO_VINTAGE/NO_PUBLICATION_CLOCK); its release information enters through the calendar archive instead,observation date,conservative: (D+1) 00:00 UTC for daily; undefined for revised macro
macro_economic/fred/inflation/pcectpi,FRED,2026-05-01T15:42:07.175108+00:00,['macro_economic/fred/inflation/pcectpi/observations.parquet'],[],fred,weekly/monthly/quarterly,FRED (St. Louis Fed) terms; series-level third-party copyrights may apply,none,NOT_ADMITTED: current-vintage revised macro with no publication instant (NO_VINTAGE/NO_PUBLICATION_CLOCK); its release information enters through the calendar archive instead,observation date,conservative: (D+1) 00:00 UTC for daily; undefined for revised macro
macro_economic/fred/inflation/pcepilfe,FRED,2026-05-01T15:42:06.622063+00:00,['macro_economic/fred/inflation/pcepilfe/observations.parquet'],[],fred,weekly/monthly/quarterly,FRED (St. Louis Fed) terms; series-level third-party copyrights may apply,none,NOT_ADMITTED: current-vintage revised macro with no publication instant (NO_VINTAGE/NO_PUBLICATION_CLOCK); its release information enters through the calendar archive instead,observation date,conservative: (D+1) 00:00 UTC for daily; undefined for revised macro
macro_economic/fred/inflation/ppiaco,FRED,2026-05-01T15:42:06.044232+00:00,['macro_economic/fred/inflation/ppiaco/observations.parquet'],[],fred,weekly/monthly/quarterly,FRED (St. Louis Fed) terms; series-level third-party copyrights may apply,none,NOT_ADMITTED: current-vintage revised macro with no publication instant (NO_VINTAGE/NO_PUBLICATION_CLOCK); its release information enters through the calendar archive instead,observation date,conservative: (D+1) 00:00 UTC for daily; undefined for revised macro
macro_economic/fred/inflation/trmmeancpim159sfrbcle,FRED,2026-05-01T15:42:08.329114+00:00,['macro_economic/fred/inflation/trmmeancpim159sfrbcle/observations.parquet'],[],fred,weekly/monthly/quarterly,FRED (St. Louis Fed) terms; series-level third-party copyrights may apply,none,NOT_ADMITTED: current-vintage revised macro with no publication instant (NO_VINTAGE/NO_PUBLICATION_CLOCK); its release information enters through the calendar archive instead,observation date,conservative: (D+1) 00:00 UTC for daily; undefined for revised macro
macro_economic/fred/inflation/wpsfd49207,FRED,2026-05-01T21:19:19.244271+00:00,['macro_economic/fred/inflation/wpsfd49207/observations.parquet'],[],fred,weekly/monthly/quarterly,FRED (St. Louis Fed) terms; series-level third-party copyrights may apply,none,NOT_ADMITTED: current-vintage revised macro with no publication instant (NO_VINTAGE/NO_PUBLICATION_CLOCK); its release information enters through the calendar archive instead,observation date,conservative: (D+1) 00:00 UTC for daily; undefined for revised macro
macro_economic/fred/inflation/wpu0911,FRED,2026-05-01T21:19:17.464424+00:00,['macro_economic/fred/inflation/wpu0911/observations.parquet'],[],fred,weekly/monthly/quarterly,FRED (St. Louis Fed) terms; series-level third-party copyrights may apply,none,NOT_ADMITTED: current-vintage revised macro with no publication instant (NO_VINTAGE/NO_PUBLICATION_CLOCK); its release information enters through the calendar archive instead,observation date,conservative: (D+1) 00:00 UTC for daily; undefined for revised macro
macro_economic/fred/inflation_expectations/expinf10yr,FRED,2026-05-01T21:19:59.999689+00:00,['macro_economic/fred/inflation_expectations/expinf10yr/observations.parquet'],[],fred,weekly/monthly/quarterly,FRED (St. Louis Fed) terms; series-level third-party copyrights may apply,none,NOT_ADMITTED: current-vintage revised macro with no publication instant (NO_VINTAGE/NO_PUBLICATION_CLOCK); its release information enters through the calendar archive instead,observation date,conservative: (D+1) 00:00 UTC for daily; undefined for revised macro
macro_economic/fred/inflation_expectations/mich,FRED,2026-05-01T15:47:54.590335+00:00,['macro_economic/fred/inflation_expectations/mich/observations.parquet'],[],fred,weekly/monthly/quarterly,FRED (St. Louis Fed) terms; series-level third-party copyrights may apply,none,NOT_ADMITTED: current-vintage revised macro with no publication instant (NO_VINTAGE/NO_PUBLICATION_CLOCK); its release information enters through the calendar archive instead,observation date,conservative: (D+1) 00:00 UTC for daily; undefined for revised macro
macro_economic/fred/inflation_expectations/t10yie,FRED,2026-05-01T15:47:54.023093+00:00,['macro_economic/fred/inflation_expectations/t10yie/observations.parquet'],[],fred,1d,FRED (St. Louis Fed) terms; series-level third-party copyrights may apply,batch_002,QUEUED_BATCH_002 (market-observed daily; current vintage ~ first print),observation date,conservative: (D+1) 00:00 UTC for daily; undefined for revised macro
macro_economic/fred/inflation_expectations/t5yie,FRED,2026-05-01T15:47:52.840753+00:00,['macro_economic/fred/inflation_expectations/t5yie/observations.parquet'],[],fred,1d,FRED (St. Louis Fed) terms; series-level third-party copyrights may apply,batch_002,QUEUED_BATCH_002 (market-observed daily; current vintage ~ first print),observation date,conservative: (D+1) 00:00 UTC for daily; undefined for revised macro
macro_economic/fred/inflation_expectations/t5yifr,FRED,2026-05-01T15:47:53.430263+00:00,['macro_economic/fred/inflation_expectations/t5yifr/observations.parquet'],[],fred,1d,FRED (St. Louis Fed) terms; series-level third-party copyrights may apply,batch_002,QUEUED_BATCH_002 (market-observed daily; current vintage ~ first print),observation date,conservative: (D+1) 00:00 UTC for daily; undefined for revised macro
macro_economic/fred/money/bogmbase,FRED,2026-05-01T15:42:20.103771+00:00,['macro_economic/fred/money/bogmbase/observations.parquet'],[],fred,weekly/monthly/quarterly,FRED (St. Louis Fed) terms; series-level third-party copyrights may apply,none,NOT_ADMITTED: current-vintage revised macro with no publication instant (NO_VINTAGE/NO_PUBLICATION_CLOCK); its release information enters through the calendar archive instead,observation date,conservative: (D+1) 00:00 UTC for daily; undefined for revised macro
macro_economic/fred/money/currcir,FRED,2026-05-01T21:19:31.974914+00:00,['macro_economic/fred/money/currcir/observations.parquet'],[],fred,weekly/monthly/quarterly,FRED (St. Louis Fed) terms; series-level third-party copyrights may apply,none,NOT_ADMITTED: current-vintage revised macro with no publication instant (NO_VINTAGE/NO_PUBLICATION_CLOCK); its release information enters through the calendar archive instead,observation date,conservative: (D+1) 00:00 UTC for daily; undefined for revised macro
macro_economic/fred/money/m1sl,FRED,2026-05-01T15:42:17.160503+00:00,['macro_economic/fred/money/m1sl/observations.parquet'],[],fred,weekly/monthly/quarterly,FRED (St. Louis Fed) terms; series-level third-party copyrights may apply,none,NOT_ADMITTED: current-vintage revised macro with no publication instant (NO_VINTAGE/NO_PUBLICATION_CLOCK); its release information enters through the calendar archive instead,observation date,conservative: (D+1) 00:00 UTC for daily; undefined for revised macro
macro_economic/fred/money/m1v,FRED,2026-05-01T21:19:29.760939+00:00,['macro_economic/fred/money/m1v/observations.parquet'],[],fred,weekly/monthly/quarterly,FRED (St. Louis Fed) terms; series-level third-party copyrights may apply,none,NOT_ADMITTED: current-vintage revised macro with no publication instant (NO_VINTAGE/NO_PUBLICATION_CLOCK); its release information enters through the calendar archive instead,observation date,conservative: (D+1) 00:00 UTC for daily; undefined for revised macro
macro_economic/fred/money/m2sl,FRED,2026-05-01T15:42:17.684530+00:00,['macro_economic/fred/money/m2sl/observations.parquet'],[],fred,weekly/monthly/quarterly,FRED (St. Louis Fed) terms; series-level third-party copyrights may apply,none,NOT_ADMITTED: current-vintage revised macro with no publication instant (NO_VINTAGE/NO_PUBLICATION_CLOCK); its release information enters through the calendar archive instead,observation date,conservative: (D+1) 00:00 UTC for daily; undefined for revised macro
macro_economic/fred/money/m2v,FRED,2026-05-01T21:19:30.166457+00:00,['macro_economic/fred/money/m2v/observations.parquet'],[],fred,weekly/monthly/quarterly,FRED (St. Louis Fed) terms; series-level third-party copyrights may apply,none,NOT_ADMITTED: current-vintage revised macro with no publication instant (NO_VINTAGE/NO_PUBLICATION_CLOCK); its release information enters through the calendar archive instead,observation date,conservative: (D+1) 00:00 UTC for daily; undefined for revised macro
macro_economic/fred/money/nonborres,FRED,2026-05-01T21:19:31.062326+00:00,['macro_economic/fred/money/nonborres/observations.parquet'],[],fred,weekly/monthly/quarterly,FRED (St. Louis Fed) terms; series-level third-party copyrights may apply,none,NOT_ADMITTED: current-vintage revised macro with no publication instant (NO_VINTAGE/NO_PUBLICATION_CLOCK); its release information enters through the calendar archive instead,observation date,conservative: (D+1) 00:00 UTC for daily; undefined for revised macro
macro_economic/fred/money/rrpontsyd,FRED,2026-05-01T21:19:32.467795+00:00,['macro_economic/fred/money/rrpontsyd/observations.parquet'],[],fred,weekly/monthly/quarterly,FRED (St. Louis Fed) terms; series-level third-party copyrights may apply,none,NOT_ADMITTED: current-vintage revised macro with no publication instant (NO_VINTAGE/NO_PUBLICATION_CLOCK); its release information enters through the calendar archive instead,observation date,conservative: (D+1) 00:00 UTC for daily; undefined for revised macro
macro_economic/fred/money/totresns,FRED,2026-05-01T21:19:30.587265+00:00,['macro_economic/fred/money/totresns/observations.parquet'],[],fred,weekly/monthly/quarterly,FRED (St. Louis Fed) terms; series-level third-party copyrights may apply,none,NOT_ADMITTED: current-vintage revised macro with no publication instant (NO_VINTAGE/NO_PUBLICATION_CLOCK); its release information enters through the calendar archive instead,observation date,conservative: (D+1) 00:00 UTC for daily; undefined for revised macro
macro_economic/fred/money/walcl,FRED,2026-05-01T15:42:23.377362+00:00,['macro_economic/fred/money/walcl/observations.parquet'],[],fred,weekly/monthly/quarterly,FRED (St. Louis Fed) terms; series-level third-party copyrights may apply,none,NOT_ADMITTED: current-vintage revised macro with no publication instant (NO_VINTAGE/NO_PUBLICATION_CLOCK); its release information enters through the calendar archive instead,observation date,conservative: (D+1) 00:00 UTC for daily; undefined for revised macro
macro_economic/fred/money/wresbal,FRED,2026-05-01T21:19:31.519074+00:00,['macro_economic/fred/money/wresbal/observations.parquet'],[],fred,weekly/monthly/quarterly,FRED (St. Louis Fed) terms; series-level third-party copyrights may apply,none,NOT_ADMITTED: current-vintage revised macro with no publication instant (NO_VINTAGE/NO_PUBLICATION_CLOCK); its release information enters through the calendar archive instead,observation date,conservative: (D+1) 00:00 UTC for daily; undefined for revised macro
macro_economic/fred/money/wtregen,FRED,2026-05-01T15:42:23.982321+00:00,['macro_economic/fred/money/wtregen/observations.parquet'],[],fred,weekly/monthly/quarterly,FRED (St. Louis Fed) terms; series-level third-party copyrights may apply,none,NOT_ADMITTED: current-vintage revised macro with no publication instant (NO_VINTAGE/NO_PUBLICATION_CLOCK); its release information enters through the calendar archive instead,observation date,conservative: (D+1) 00:00 UTC for daily; undefined for revised macro
macro_economic/fred/rates/dff,FRED,2026-05-01T15:42:25.030380+00:00,['macro_economic/fred/rates/dff/observations.parquet'],[],fred,1d,FRED (St. Louis Fed) terms; series-level third-party copyrights may apply,batch_002,QUEUED_BATCH_002 (market-observed daily; current vintage ~ first print),observation date,conservative: (D+1) 00:00 UTC for daily; undefined for revised macro
macro_economic/fred/rates/dfii10,FRED,2026-05-01T21:19:35.634363+00:00,['macro_economic/fred/rates/dfii10/observations.parquet'],[],fred,1d,FRED (St. Louis Fed) terms; series-level third-party copyrights may apply,batch_002,QUEUED_BATCH_002 (market-observed daily; current vintage ~ first print),observation date,conservative: (D+1) 00:00 UTC for daily; undefined for revised macro
macro_economic/fred/rates/dfii5,FRED,2026-05-01T21:19:38.913625+00:00,['macro_economic/fred/rates/dfii5/observations.parquet'],[],fred,1d,FRED (St. Louis Fed) terms; series-level third-party copyrights may apply,batch_002,QUEUED_BATCH_002 (market-observed daily; current vintage ~ first print),observation date,conservative: (D+1) 00:00 UTC for daily; undefined for revised macro
macro_economic/fred/rates/dgs1,FRED,2026-05-01T21:19:33.048873+00:00,['macro_economic/fred/rates/dgs1/observations.parquet'],[],fred,1d,FRED (St. Louis Fed) terms; series-level third-party copyrights may apply,batch_002,QUEUED_BATCH_002 (market-observed daily; current vintage ~ first print),observation date,conservative: (D+1) 00:00 UTC for daily; undefined for revised macro
macro_economic/fred/rates/dgs10,FRED,2026-05-01T15:42:27.565032+00:00,['macro_economic/fred/rates/dgs10/observations.parquet'],[],fred,1d,FRED (St. Louis Fed) terms; series-level third-party copyrights may apply,batch_002,QUEUED_BATCH_002 (market-observed daily; current vintage ~ first print),observation date,conservative: (D+1) 00:00 UTC for daily; undefined for revised macro
macro_economic/fred/rates/dgs2,FRED,2026-05-01T15:42:28.455815+00:00,['macro_economic/fred/rates/dgs2/observations.parquet'],[],fred,1d,FRED (St. Louis Fed) terms; series-level third-party copyrights may apply,batch_002,QUEUED_BATCH_002 (market-observed daily; current vintage ~ first print),observation date,conservative: (D+1) 00:00 UTC for daily; undefined for revised macro
macro_economic/fred/rates/dgs20,FRED,2026-05-01T21:19:34.194239+00:00,['macro_economic/fred/rates/dgs20/observations.parquet'],[],fred,1d,FRED (St. Louis Fed) terms; series-level third-party copyrights may apply,batch_002,QUEUED_BATCH_002 (market-observed daily; current vintage ~ first print),observation date,conservative: (D+1) 00:00 UTC for daily; undefined for revised macro
macro_economic/fred/rates/dgs30,FRED,2026-05-01T15:42:30.686507+00:00,['macro_economic/fred/rates/dgs30/observations.parquet'],[],fred,1d,FRED (St. Louis Fed) terms; series-level third-party copyrights may apply,batch_002,QUEUED_BATCH_002 (market-observed daily; current vintage ~ first print),observation date,conservative: (D+1) 00:00 UTC for daily; undefined for revised macro
macro_economic/fred/rates/dgs3mo,FRED,2026-05-01T15:42:31.315477+00:00,['macro_economic/fred/rates/dgs3mo/observations.parquet'],[],fred,1d,FRED (St. Louis Fed) terms; series-level third-party copyrights may apply,batch_002,QUEUED_BATCH_002 (market-observed daily; current vintage ~ first print),observation date,conservative: (D+1) 00:00 UTC for daily; undefined for revised macro
macro_economic/fred/rates/dgs5,FRED,2026-05-01T15:42:29.179794+00:00,['macro_economic/fred/rates/dgs5/observations.parquet'],[],fred,1d,FRED (St. Louis Fed) terms; series-level third-party copyrights may apply,batch_002,QUEUED_BATCH_002 (market-observed daily; current vintage ~ first print),observation date,conservative: (D+1) 00:00 UTC for daily; undefined for revised macro
macro_economic/fred/rates/dgs7,FRED,2026-05-01T21:19:33.622231+00:00,['macro_economic/fred/rates/dgs7/observations.parquet'],[],fred,1d,FRED (St. Louis Fed) terms; series-level third-party copyrights may apply,batch_002,QUEUED_BATCH_002 (market-observed daily; current vintage ~ first print),observation date,conservative: (D+1) 00:00 UTC for daily; undefined for revised macro
macro_economic/fred/rates/dprime,FRED,2026-05-01T15:42:26.613805+00:00,['macro_economic/fred/rates/dprime/observations.parquet'],[],fred,1d,FRED (St. Louis Fed) terms; series-level third-party copyrights may apply,batch_002,QUEUED_BATCH_002 (market-observed daily; current vintage ~ first print),observation date,conservative: (D+1) 00:00 UTC for daily; undefined for revised macro
macro_economic/fred/rates/dtb3,FRED,2026-05-01T15:42:32.502440+00:00,['macro_economic/fred/rates/dtb3/observations.parquet'],[],fred,1d,FRED (St. Louis Fed) terms; series-level third-party copyrights may apply,batch_002,QUEUED_BATCH_002 (market-observed daily; current vintage ~ first print),observation date,conservative: (D+1) 00:00 UTC for daily; undefined for revised macro
macro_economic/fred/rates/fedfunds,FRED,2026-05-01T15:42:25.702535+00:00,['macro_economic/fred/rates/fedfunds/observations.parquet'],[],fred,1d,FRED (St. Louis Fed) terms; series-level third-party copyrights may apply,batch_002,QUEUED_BATCH_002 (market-observed daily; current vintage ~ first print),observation date,conservative: (D+1) 00:00 UTC for daily; undefined for revised macro
macro_economic/fred/rates/t10y2y,FRED,2026-05-01T15:42:34.392842+00:00,['macro_economic/fred/rates/t10y2y/observations.parquet'],[],fred,1d,FRED (St. Louis Fed) terms; series-level third-party copyrights may apply,batch_002,QUEUED_BATCH_002 (market-observed daily; current vintage ~ first print),observation date,conservative: (D+1) 00:00 UTC for daily; undefined for revised macro
macro_economic/fred/rates/t10y3m,FRED,2026-05-01T15:42:35.019631+00:00,['macro_economic/fred/rates/t10y3m/observations.parquet'],[],fred,1d,FRED (St. Louis Fed) terms; series-level third-party copyrights may apply,batch_002,QUEUED_BATCH_002 (market-observed daily; current vintage ~ first print),observation date,conservative: (D+1) 00:00 UTC for daily; undefined for revised macro
macro_economic/fred/rates/t10yie,FRED,2026-05-01T21:19:40.069008+00:00,['macro_economic/fred/rates/t10yie/observations.parquet'],[],fred,1d,FRED (St. Louis Fed) terms; series-level third-party copyrights may apply,batch_002,QUEUED_BATCH_002 (market-observed daily; current vintage ~ first print),observation date,conservative: (D+1) 00:00 UTC for daily; undefined for revised macro
macro_economic/fred/rates/t5yie,FRED,2026-05-01T21:19:39.657423+00:00,['macro_economic/fred/rates/t5yie/observations.parquet'],[],fred,1d,FRED (St. Louis Fed) terms; series-level third-party copyrights may apply,batch_002,QUEUED_BATCH_002 (market-observed daily; current vintage ~ first print),observation date,conservative: (D+1) 00:00 UTC for daily; undefined for revised macro
macro_economic/fred/rates/t5yifr,FRED,2026-05-01T21:19:40.526553+00:00,['macro_economic/fred/rates/t5yifr/observations.parquet'],[],fred,1d,FRED (St. Louis Fed) terms; series-level third-party copyrights may apply,batch_002,QUEUED_BATCH_002 (market-observed daily; current vintage ~ first print),observation date,conservative: (D+1) 00:00 UTC for daily; undefined for revised macro
macro_economic/fred/rates/tb3ms,FRED,2026-05-01T15:42:31.836116+00:00,['macro_economic/fred/rates/tb3ms/observations.parquet'],[],fred,1d,FRED (St. Louis Fed) terms; series-level third-party copyrights may apply,batch_002,QUEUED_BATCH_002 (market-observed daily; current vintage ~ first print),observation date,conservative: (D+1) 00:00 UTC for daily; undefined for revised macro
macro_economic/fred/recession/usrec,FRED,2026-05-01T15:47:50.325182+00:00,['macro_economic/fred/recession/usrec/observations.parquet'],[],fred,weekly/monthly/quarterly,FRED (St. Louis Fed) terms; series-level third-party copyrights may apply,none,NOT_ADMITTED: current-vintage revised macro with no publication instant (NO_VINTAGE/NO_PUBLICATION_CLOCK); its release information enters through the calendar archive instead,observation date,conservative: (D+1) 00:00 UTC for daily; undefined for revised macro
macro_economic/fred/recession/usrecdm,FRED,2026-05-01T15:47:52.249810+00:00,['macro_economic/fred/recession/usrecdm/observations.parquet'],[],fred,weekly/monthly/quarterly,FRED (St. Louis Fed) terms; series-level third-party copyrights may apply,none,NOT_ADMITTED: current-vintage revised macro with no publication instant (NO_VINTAGE/NO_PUBLICATION_CLOCK); its release information enters through the calendar archive instead,observation date,conservative: (D+1) 00:00 UTC for daily; undefined for revised macro
macro_economic/fred/recession/usrecp,FRED,2026-05-01T15:47:50.864530+00:00,['macro_economic/fred/recession/usrecp/observations.parquet'],[],fred,weekly/monthly/quarterly,FRED (St. Louis Fed) terms; series-level third-party copyrights may apply,none,NOT_ADMITTED: current-vintage revised macro with no publication instant (NO_VINTAGE/NO_PUBLICATION_CLOCK); its release information enters through the calendar archive instead,observation date,conservative: (D+1) 00:00 UTC for daily; undefined for revised macro
macro_economic/fred/recession/usrecq,FRED,2026-05-01T15:47:51.379249+00:00,['macro_economic/fred/recession/usrecq/observations.parquet'],[],fred,weekly/monthly/quarterly,FRED (St. Louis Fed) terms; series-level third-party copyrights may apply,none,NOT_ADMITTED: current-vintage revised macro with no publication instant (NO_VINTAGE/NO_PUBLICATION_CLOCK); its release information enters through the calendar archive instead,observation date,conservative: (D+1) 00:00 UTC for daily; undefined for revised macro
macro_economic/fred/stress/anfci,FRED,2026-05-01T15:47:49.140343+00:00,['macro_economic/fred/stress/anfci/observations.parquet'],[],fred,1d,FRED (St. Louis Fed) terms; series-level third-party copyrights may apply,batch_002,QUEUED_BATCH_002 (market-observed daily; current vintage ~ first print),observation date,conservative: (D+1) 00:00 UTC for daily; undefined for revised macro
macro_economic/fred/stress/nfci,FRED,2026-05-01T15:47:48.009812+00:00,['macro_economic/fred/stress/nfci/observations.parquet'],[],fred,1d,FRED (St. Louis Fed) terms; series-level third-party copyrights may apply,batch_002,QUEUED_BATCH_002 (market-observed daily; current vintage ~ first print),observation date,conservative: (D+1) 00:00 UTC for daily; undefined for revised macro
macro_economic/fred/stress/stlfsi4,FRED,2026-05-01T15:47:47.129296+00:00,['macro_economic/fred/stress/stlfsi4/observations.parquet'],[],fred,1d,FRED (St. Louis Fed) terms; series-level third-party copyrights may apply,batch_002,QUEUED_BATCH_002 (market-observed daily; current vintage ~ first print),observation date,conservative: (D+1) 00:00 UTC for daily; undefined for revised macro
macro_economic/fred/stress/tedrate,FRED,2026-05-01T15:47:49.786000+00:00,['macro_economic/fred/stress/tedrate/observations.parquet'],[],fred,1d,FRED (St. Louis Fed) terms; series-level third-party copyrights may apply,batch_002,QUEUED_BATCH_002 (market-observed daily; current vintage ~ first print),observation date,conservative: (D+1) 00:00 UTC for daily; undefined for revised macro
macro_economic/fred/stress/vixcls,FRED,2026-05-01T21:19:59.609162+00:00,['macro_economic/fred/stress/vixcls/observations.parquet'],[],fred,1d,FRED (St. Louis Fed) terms; series-level third-party copyrights may apply,batch_002,QUEUED_BATCH_002 (market-observed daily; current vintage ~ first print),observation date,conservative: (D+1) 00:00 UTC for daily; undefined for revised macro
macro_economic/fred/trade/bopgstb,FRED,2026-05-01T21:19:54.855742+00:00,['macro_economic/fred/trade/bopgstb/observations.parquet'],[],fred,weekly/monthly/quarterly,FRED (St. Louis Fed) terms; series-level third-party copyrights may apply,none,NOT_ADMITTED: current-vintage revised macro with no publication instant (NO_VINTAGE/NO_PUBLICATION_CLOCK); its release information enters through the calendar archive instead,observation date,conservative: (D+1) 00:00 UTC for daily; undefined for revised macro
macro_economic/fred/trade/boptexp,FRED,2026-05-01T21:19:57.383575+00:00,['macro_economic/fred/trade/boptexp/observations.parquet'],[],fred,weekly/monthly/quarterly,FRED (St. Louis Fed) terms; series-level third-party copyrights may apply,none,NOT_ADMITTED: current-vintage revised macro with no publication instant (NO_VINTAGE/NO_PUBLICATION_CLOCK); its release information enters through the calendar archive instead,observation date,conservative: (D+1) 00:00 UTC for daily; undefined for revised macro
macro_economic/fred/trade/boptimp,FRED,2026-05-01T21:19:57.779964+00:00,['macro_economic/fred/trade/boptimp/observations.parquet'],[],fred,weekly/monthly/quarterly,FRED (St. Louis Fed) terms; series-level third-party copyrights may apply,none,NOT_ADMITTED: current-vintage revised macro with no publication instant (NO_VINTAGE/NO_PUBLICATION_CLOCK); its release information enters through the calendar archive instead,observation date,conservative: (D+1) 00:00 UTC for daily; undefined for revised macro
macro_economic/fred/trade/expgs,FRED,2026-05-01T21:19:55.702802+00:00,['macro_economic/fred/trade/expgs/observations.parquet'],[],fred,weekly/monthly/quarterly,FRED (St. Louis Fed) terms; series-level third-party copyrights may apply,none,NOT_ADMITTED: current-vintage revised macro with no publication instant (NO_VINTAGE/NO_PUBLICATION_CLOCK); its release information enters through the calendar archive instead,observation date,conservative: (D+1) 00:00 UTC for daily; undefined for revised macro
macro_economic/fred/trade/impgs,FRED,2026-05-01T21:19:56.156546+00:00,['macro_economic/fred/trade/impgs/observations.parquet'],[],fred,weekly/monthly/quarterly,FRED (St. Louis Fed) terms; series-level third-party copyrights may apply,none,NOT_ADMITTED: current-vintage revised macro with no publication instant (NO_VINTAGE/NO_PUBLICATION_CLOCK); its release information enters through the calendar archive instead,observation date,conservative: (D+1) 00:00 UTC for daily; undefined for revised macro
macro_economic/fred/trade/netexp,FRED,2026-05-01T21:19:56.876322+00:00,['macro_economic/fred/trade/netexp/observations.parquet'],[],fred,weekly/monthly/quarterly,FRED (St. Louis Fed) terms; series-level third-party copyrights may apply,none,NOT_ADMITTED: current-vintage revised macro with no publication instant (NO_VINTAGE/NO_PUBLICATION_CLOCK); its release information enters through the calendar archive instead,observation date,conservative: (D+1) 00:00 UTC for daily; undefined for revised macro
macro_economic/oecd/cli,OECD SDMX,2026-05-01T16:43:10.248112+00:00,['macro_economic/oecd/cli/monthly.parquet'],[],macro_other,monthly/quarterly,per provider (public),none,NOT_ADMITTED: revised macro without vintage/publication instant,reference period,UNDEFINED
macro_economic/yield_curves/treasury_average_interest_rates,US Treasury FiscalData,2026-05-01T15:51:43.078738+00:00,['macro_economic/yield_curves/treasury_average_interest_rates/average_interest_rates.parquet'],[],macro_other,monthly/quarterly,per provider (public),none,NOT_ADMITTED: revised macro without vintage/publication instant,reference period,UNDEFINED
market_data/commodities/agriculture/ct_f,Yahoo Finance,2026-05-01T21:19:26.094163+00:00,['market_data/commodities/agriculture/ct_f/daily.parquet'],[],yahoo_daily,1d,Yahoo Finance terms (personal/non-commercial; no redistribution) -- research use; production use needs licence review,batch_002,QUEUED_BATCH_002 (Close only; Adj Close is revised -> not point-in-time),trading date D (exchange session),conservative: (D+1) 00:00 UTC
market_data/commodities/agriculture/kc_f,Yahoo Finance,2026-05-01T21:19:25.236384+00:00,['market_data/commodities/agriculture/kc_f/daily.parquet'],[],yahoo_daily,1d,Yahoo Finance terms (personal/non-commercial; no redistribution) -- research use; production use needs licence review,batch_002,QUEUED_BATCH_002 (Close only; Adj Close is revised -> not point-in-time),trading date D (exchange session),conservative: (D+1) 00:00 UTC
market_data/commodities/agriculture/sb_f,Yahoo Finance,2026-05-01T21:19:25.641972+00:00,['market_data/commodities/agriculture/sb_f/daily.parquet'],[],yahoo_daily,1d,Yahoo Finance terms (personal/non-commercial; no redistribution) -- research use; production use needs licence review,batch_002,QUEUED_BATCH_002 (Close only; Adj Close is revised -> not point-in-time),trading date D (exchange session),conservative: (D+1) 00:00 UTC
market_data/commodities/agriculture/zc_f,Yahoo Finance,2026-05-01T21:19:24.014906+00:00,['market_data/commodities/agriculture/zc_f/daily.parquet'],[],yahoo_daily,1d,Yahoo Finance terms (personal/non-commercial; no redistribution) -- research use; production use needs licence review,batch_002,QUEUED_BATCH_002 (Close only; Adj Close is revised -> not point-in-time),trading date D (exchange session),conservative: (D+1) 00:00 UTC
market_data/commodities/agriculture/zs_f,Yahoo Finance,2026-05-01T21:19:24.435912+00:00,['market_data/commodities/agriculture/zs_f/daily.parquet'],[],yahoo_daily,1d,Yahoo Finance terms (personal/non-commercial; no redistribution) -- research use; production use needs licence review,batch_002,QUEUED_BATCH_002 (Close only; Adj Close is revised -> not point-in-time),trading date D (exchange session),conservative: (D+1) 00:00 UTC
market_data/commodities/agriculture/zw_f,Yahoo Finance,2026-05-01T21:19:24.808050+00:00,['market_data/commodities/agriculture/zw_f/daily.parquet'],[],yahoo_daily,1d,Yahoo Finance terms (personal/non-commercial; no redistribution) -- research use; production use needs licence review,batch_002,QUEUED_BATCH_002 (Close only; Adj Close is revised -> not point-in-time),trading date D (exchange session),conservative: (D+1) 00:00 UTC
market_data/commodities/energy/bz_f,Yahoo Finance,2026-05-01T15:46:03.069809+00:00,['market_data/commodities/energy/bz_f/daily.parquet'],[],yahoo_daily,1d,Yahoo Finance terms (personal/non-commercial; no redistribution) -- research use; production use needs licence review,batch_002,QUEUED_BATCH_002 (Close only; Adj Close is revised -> not point-in-time),trading date D (exchange session),conservative: (D+1) 00:00 UTC
market_data/commodities/energy/cl_f,Yahoo Finance,2026-05-01T15:46:02.443356+00:00,['market_data/commodities/energy/cl_f/daily.parquet'],[],yahoo_daily,1d,Yahoo Finance terms (personal/non-commercial; no redistribution) -- research use; production use needs licence review,batch_002,QUEUED_BATCH_002 (Close only; Adj Close is revised -> not point-in-time),trading date D (exchange session),conservative: (D+1) 00:00 UTC
market_data/commodities/energy/ng_f,Yahoo Finance,2026-05-01T15:46:03.765851+00:00,['market_data/commodities/energy/ng_f/daily.parquet'],[],yahoo_daily,1d,Yahoo Finance terms (personal/non-commercial; no redistribution) -- research use; production use needs licence review,batch_002,QUEUED_BATCH_002 (Close only; Adj Close is revised -> not point-in-time),trading date D (exchange session),conservative: (D+1) 00:00 UTC
market_data/commodities/energy/rb_f,Yahoo Finance,2026-05-01T15:46:04.786882+00:00,['market_data/commodities/energy/rb_f/daily.parquet'],[],yahoo_daily,1d,Yahoo Finance terms (personal/non-commercial; no redistribution) -- research use; production use needs licence review,batch_002,QUEUED_BATCH_002 (Close only; Adj Close is revised -> not point-in-time),trading date D (exchange session),conservative: (D+1) 00:00 UTC
market_data/commodities/precious_metals/gc_f,Yahoo Finance,2026-05-01T15:45:59.675453+00:00,['market_data/commodities/precious_metals/gc_f/daily.parquet'],[],yahoo_daily,1d,Yahoo Finance terms (personal/non-commercial; no redistribution) -- research use; production use needs licence review,batch_002,QUEUED_BATCH_002 (Close only; Adj Close is revised -> not point-in-time),trading date D (exchange session),conservative: (D+1) 00:00 UTC
market_data/commodities/precious_metals/pa_f,Yahoo Finance,2026-05-01T15:46:01.728238+00:00,['market_data/commodities/precious_metals/pa_f/daily.parquet'],[],yahoo_daily,1d,Yahoo Finance terms (personal/non-commercial; no redistribution) -- research use; production use needs licence review,batch_002,QUEUED_BATCH_002 (Close only; Adj Close is revised -> not point-in-time),trading date D (exchange session),conservative: (D+1) 00:00 UTC
market_data/commodities/precious_metals/pl_f,Yahoo Finance,2026-05-01T15:46:00.906441+00:00,['market_data/commodities/precious_metals/pl_f/daily.parquet'],[],yahoo_daily,1d,Yahoo Finance terms (personal/non-commercial; no redistribution) -- research use; production use needs licence review,batch_002,QUEUED_BATCH_002 (Close only; Adj Close is revised -> not point-in-time),trading date D (exchange session),conservative: (D+1) 00:00 UTC
market_data/commodities/precious_metals/si_f,Yahoo Finance,2026-05-01T15:46:00.196785+00:00,['market_data/commodities/precious_metals/si_f/daily.parquet'],[],yahoo_daily,1d,Yahoo Finance terms (personal/non-commercial; no redistribution) -- research use; production use needs licence review,batch_002,QUEUED_BATCH_002 (Close only; Adj Close is revised -> not point-in-time),trading date D (exchange session),conservative: (D+1) 00:00 UTC
market_data/crypto/funding_rates/adausdt,Binance Futures,2026-05-01T18:13:59.286995+00:00,['market_data/crypto/funding_rates/adausdt/funding_rates.parquet'],[],crypto,various,per provider,none,NOT_APPLICABLE_TO_EURUSD_MANIFEST (ETH/crypto manifest is separate; not mixed into the EURUSD denominator),per file,per file
market_data/crypto/funding_rates/avaxusdt,Binance Futures,2026-05-01T18:20:06.597642+00:00,['market_data/crypto/funding_rates/avaxusdt/funding_rates.parquet'],[],crypto,various,per provider,none,NOT_APPLICABLE_TO_EURUSD_MANIFEST (ETH/crypto manifest is separate; not mixed into the EURUSD denominator),per file,per file
market_data/crypto/funding_rates/bnbusdt,Binance Futures,2026-05-01T17:46:31.259321+00:00,['market_data/crypto/funding_rates/bnbusdt/funding_rates.parquet'],[],crypto,various,per provider,none,NOT_APPLICABLE_TO_EURUSD_MANIFEST (ETH/crypto manifest is separate; not mixed into the EURUSD denominator),per file,per file
market_data/crypto/funding_rates/btcusdt,Binance Futures,2026-05-01T17:31:57.277533+00:00,['market_data/crypto/funding_rates/btcusdt/funding_rates.parquet'],[],crypto,various,per provider,none,NOT_APPLICABLE_TO_EURUSD_MANIFEST (ETH/crypto manifest is separate; not mixed into the EURUSD denominator),per file,per file
market_data/crypto/funding_rates/dogeusdt,Binance Futures,2026-05-01T18:06:47.491663+00:00,['market_data/crypto/funding_rates/dogeusdt/funding_rates.parquet'],[],crypto,various,per provider,none,NOT_APPLICABLE_TO_EURUSD_MANIFEST (ETH/crypto manifest is separate; not mixed into the EURUSD denominator),per file,per file
market_data/crypto/funding_rates/ethusdt,Binance Futures,2026-05-01T17:39:24.136558+00:00,['market_data/crypto/funding_rates/ethusdt/funding_rates.parquet'],[],crypto,various,per provider,none,NOT_APPLICABLE_TO_EURUSD_MANIFEST (ETH/crypto manifest is separate; not mixed into the EURUSD denominator),per file,per file
market_data/crypto/funding_rates/linkusdt,Binance Futures,2026-05-01T18:27:09.934766+00:00,['market_data/crypto/funding_rates/linkusdt/funding_rates.parquet'],[],crypto,various,per provider,none,NOT_APPLICABLE_TO_EURUSD_MANIFEST (ETH/crypto manifest is separate; not mixed into the EURUSD denominator),per file,per file
market_data/crypto/funding_rates/solusdt,Binance Futures,2026-05-01T17:52:56.716636+00:00,['market_data/crypto/funding_rates/solusdt/funding_rates.parquet'],[],crypto,various,per provider,none,NOT_APPLICABLE_TO_EURUSD_MANIFEST (ETH/crypto manifest is separate; not mixed into the EURUSD denominator),per file,per file
market_data/crypto/funding_rates/trxusdt,Binance Futures,2026-05-01T18:34:10.528711+00:00,['market_data/crypto/funding_rates/trxusdt/funding_rates.parquet'],[],crypto,various,per provider,none,NOT_APPLICABLE_TO_EURUSD_MANIFEST (ETH/crypto manifest is separate; not mixed into the EURUSD denominator),per file,per file
market_data/crypto/funding_rates/xrpusdt,Binance Futures,2026-05-01T18:00:06.456513+00:00,['market_data/crypto/funding_rates/xrpusdt/funding_rates.parquet'],[],crypto,various,per provider,none,NOT_APPLICABLE_TO_EURUSD_MANIFEST (ETH/crypto manifest is separate; not mixed into the EURUSD denominator),per file,per file
market_data/crypto/perpetuals/adausdt,Binance Futures,2026-05-01T18:13:55.765751+00:00,['market_data/crypto/perpetuals/adausdt/4h.parquet'],[],crypto,various,per provider,none,NOT_APPLICABLE_TO_EURUSD_MANIFEST (ETH/crypto manifest is separate; not mixed into the EURUSD denominator),per file,per file
market_data/crypto/perpetuals/avaxusdt,Binance Futures,2026-05-01T18:20:03.796350+00:00,['market_data/crypto/perpetuals/avaxusdt/4h.parquet'],[],crypto,various,per provider,none,NOT_APPLICABLE_TO_EURUSD_MANIFEST (ETH/crypto manifest is separate; not mixed into the EURUSD denominator),per file,per file
market_data/crypto/perpetuals/bnbusdt,Binance Futures,2026-05-01T17:46:28.045549+00:00,['market_data/crypto/perpetuals/bnbusdt/4h.parquet'],[],crypto,various,per provider,none,NOT_APPLICABLE_TO_EURUSD_MANIFEST (ETH/crypto manifest is separate; not mixed into the EURUSD denominator),per file,per file
market_data/crypto/perpetuals/btcusdt,Binance Futures,2026-05-01T17:31:53.924163+00:00,['market_data/crypto/perpetuals/btcusdt/4h.parquet'],[],crypto,various,per provider,none,NOT_APPLICABLE_TO_EURUSD_MANIFEST (ETH/crypto manifest is separate; not mixed into the EURUSD denominator),per file,per file
market_data/crypto/perpetuals/dogeusdt,Binance Futures,2026-05-01T18:06:44.012182+00:00,['market_data/crypto/perpetuals/dogeusdt/4h.parquet'],[],crypto,various,per provider,none,NOT_APPLICABLE_TO_EURUSD_MANIFEST (ETH/crypto manifest is separate; not mixed into the EURUSD denominator),per file,per file
market_data/crypto/perpetuals/ethusdt,Binance Futures,2026-05-01T17:39:20.735225+00:00,['market_data/crypto/perpetuals/ethusdt/4h.parquet'],[],crypto,various,per provider,none,NOT_APPLICABLE_TO_EURUSD_MANIFEST (ETH/crypto manifest is separate; not mixed into the EURUSD denominator),per file,per file
market_data/crypto/perpetuals/linkusdt,Binance Futures,2026-05-01T18:27:06.551058+00:00,['market_data/crypto/perpetuals/linkusdt/4h.parquet'],[],crypto,various,per provider,none,NOT_APPLICABLE_TO_EURUSD_MANIFEST (ETH/crypto manifest is separate; not mixed into the EURUSD denominator),per file,per file
market_data/crypto/perpetuals/solusdt,Binance Futures,2026-05-01T17:52:53.792973+00:00,['market_data/crypto/perpetuals/solusdt/4h.parquet'],[],crypto,various,per provider,none,NOT_APPLICABLE_TO_EURUSD_MANIFEST (ETH/crypto manifest is separate; not mixed into the EURUSD denominator),per file,per file
market_data/crypto/perpetuals/trxusdt,Binance Futures,2026-05-01T18:34:07.157886+00:00,['market_data/crypto/perpetuals/trxusdt/4h.parquet'],[],crypto,various,per provider,none,NOT_APPLICABLE_TO_EURUSD_MANIFEST (ETH/crypto manifest is separate; not mixed into the EURUSD denominator),per file,per file
market_data/crypto/perpetuals/xrpusdt,Binance Futures,2026-05-01T18:00:03.085395+00:00,['market_data/crypto/perpetuals/xrpusdt/4h.parquet'],[],crypto,various,per provider,none,NOT_APPLICABLE_TO_EURUSD_MANIFEST (ETH/crypto manifest is separate; not mixed into the EURUSD denominator),per file,per file
market_data/crypto/spot_top50/adausdt,Binance Spot,2026-05-01T16:48:27.611022+00:00,['market_data/crypto/spot_top50/adausdt/4h.parquet'],[],crypto,various,per provider,none,NOT_APPLICABLE_TO_EURUSD_MANIFEST (ETH/crypto manifest is separate; not mixed into the EURUSD denominator),per file,per file
market_data/crypto/spot_top50/asterusdt,Binance Spot,2026-05-01T18:03:53.178711+00:00,['market_data/crypto/spot_top50/asterusdt/4h.parquet'],[],crypto,various,per provider,none,NOT_APPLICABLE_TO_EURUSD_MANIFEST (ETH/crypto manifest is separate; not mixed into the EURUSD denominator),per file,per file
market_data/crypto/spot_top50/avaxusdt,Binance Spot,2026-05-01T17:29:52.430417+00:00,['market_data/crypto/spot_top50/avaxusdt/4h.parquet'],[],crypto,various,per provider,none,NOT_APPLICABLE_TO_EURUSD_MANIFEST (ETH/crypto manifest is separate; not mixed into the EURUSD denominator),per file,per file
market_data/crypto/spot_top50/bchusdt,Binance Spot,2026-05-01T16:54:28.153103+00:00,['market_data/crypto/spot_top50/bchusdt/4h.parquet'],[],crypto,various,per provider,none,NOT_APPLICABLE_TO_EURUSD_MANIFEST (ETH/crypto manifest is separate; not mixed into the EURUSD denominator),per file,per file
market_data/crypto/spot_top50/bnbusdt,Binance Spot,2026-05-01T16:14:42.895760+00:00,['market_data/crypto/spot_top50/bnbusdt/4h.parquet'],[],crypto,various,per provider,none,NOT_APPLICABLE_TO_EURUSD_MANIFEST (ETH/crypto manifest is separate; not mixed into the EURUSD denominator),per file,per file
market_data/crypto/spot_top50/btcusdt,Binance Spot,2026-05-01T15:50:27.474100+00:00,['market_data/crypto/spot_top50/btcusdt/4h.parquet'],[],crypto,various,per provider,none,NOT_APPLICABLE_TO_EURUSD_MANIFEST (ETH/crypto manifest is separate; not mixed into the EURUSD denominator),per file,per file
market_data/crypto/spot_top50/dogeusdt,Binance Spot,2026-05-01T16:40:42.644332+00:00,['market_data/crypto/spot_top50/dogeusdt/4h.parquet'],[],crypto,various,per provider,none,NOT_APPLICABLE_TO_EURUSD_MANIFEST (ETH/crypto manifest is separate; not mixed into the EURUSD denominator),per file,per file
market_data/crypto/spot_top50/dotusdt,Binance Spot,2026-05-01T18:02:56.138259+00:00,['market_data/crypto/spot_top50/dotusdt/4h.parquet'],[],crypto,various,per provider,none,NOT_APPLICABLE_TO_EURUSD_MANIFEST (ETH/crypto manifest is separate; not mixed into the EURUSD denominator),per file,per file
market_data/crypto/spot_top50/ethusdt,Binance Spot,2026-05-01T15:58:56.166673+00:00,['market_data/crypto/spot_top50/ethusdt/4h.parquet'],[],crypto,various,per provider,none,NOT_APPLICABLE_TO_EURUSD_MANIFEST (ETH/crypto manifest is separate; not mixed into the EURUSD denominator),per file,per file
market_data/crypto/spot_top50/hbarusdt,Binance Spot,2026-05-01T17:36:24.225231+00:00,['market_data/crypto/spot_top50/hbarusdt/4h.parquet'],[],crypto,various,per provider,none,NOT_APPLICABLE_TO_EURUSD_MANIFEST (ETH/crypto manifest is separate; not mixed into the EURUSD denominator),per file,per file
market_data/crypto/spot_top50/linkusdt,Binance Spot,2026-05-01T17:01:32.795823+00:00,['market_data/crypto/spot_top50/linkusdt/4h.parquet'],[],crypto,various,per provider,none,NOT_APPLICABLE_TO_EURUSD_MANIFEST (ETH/crypto manifest is separate; not mixed into the EURUSD denominator),per file,per file
market_data/crypto/spot_top50/ltcusdt,Binance Spot,2026-05-01T17:24:36.419271+00:00,['market_data/crypto/spot_top50/ltcusdt/4h.parquet'],[],crypto,various,per provider,none,NOT_APPLICABLE_TO_EURUSD_MANIFEST (ETH/crypto manifest is separate; not mixed into the EURUSD denominator),per file,per file
market_data/crypto/spot_top50/nearusdt,Binance Spot,2026-05-01T19:29:25.119299+00:00,['market_data/crypto/spot_top50/nearusdt/4h.parquet'],[],crypto,various,per provider,none,NOT_APPLICABLE_TO_EURUSD_MANIFEST (ETH/crypto manifest is separate; not mixed into the EURUSD denominator),per file,per file
market_data/crypto/spot_top50/paxgusdt,Binance Spot,2026-05-01T17:52:17.510424+00:00,['market_data/crypto/spot_top50/paxgusdt/4h.parquet'],[],crypto,various,per provider,none,NOT_APPLICABLE_TO_EURUSD_MANIFEST (ETH/crypto manifest is separate; not mixed into the EURUSD denominator),per file,per file
market_data/crypto/spot_top50/pepeusdt,Binance Spot,2026-05-01T18:06:34.767597+00:00,['market_data/crypto/spot_top50/pepeusdt/4h.parquet'],[],crypto,various,per provider,none,NOT_APPLICABLE_TO_EURUSD_MANIFEST (ETH/crypto manifest is separate; not mixed into the EURUSD denominator),per file,per file
market_data/crypto/spot_top50/shibusdt,Binance Spot,2026-05-01T17:41:16.810632+00:00,['market_data/crypto/spot_top50/shibusdt/4h.parquet'],[],crypto,various,per provider,none,NOT_APPLICABLE_TO_EURUSD_MANIFEST (ETH/crypto manifest is separate; not mixed into the EURUSD denominator),per file,per file
market_data/crypto/spot_top50/skyusdt,Binance Spot,2026-05-01T18:03:16.104459+00:00,['market_data/crypto/spot_top50/skyusdt/4h.parquet'],[],crypto,various,per provider,none,NOT_APPLICABLE_TO_EURUSD_MANIFEST (ETH/crypto manifest is separate; not mixed into the EURUSD denominator),per file,per file
market_data/crypto/spot_top50/solusdt,Binance Spot,2026-05-01T16:26:38.267923+00:00,['market_data/crypto/spot_top50/solusdt/4h.parquet'],[],crypto,various,per provider,none,NOT_APPLICABLE_TO_EURUSD_MANIFEST (ETH/crypto manifest is separate; not mixed into the EURUSD denominator),per file,per file
market_data/crypto/spot_top50/suiusdt,Binance Spot,2026-05-01T17:43:53.670911+00:00,['market_data/crypto/spot_top50/suiusdt/4h.parquet'],[],crypto,various,per provider,none,NOT_APPLICABLE_TO_EURUSD_MANIFEST (ETH/crypto manifest is separate; not mixed into the EURUSD denominator),per file,per file
market_data/crypto/spot_top50/taousdt,Binance Spot,2026-05-01T17:47:04.889581+00:00,['market_data/crypto/spot_top50/taousdt/4h.parquet'],[],crypto,various,per provider,none,NOT_APPLICABLE_TO_EURUSD_MANIFEST (ETH/crypto manifest is separate; not mixed into the EURUSD denominator),per file,per file
market_data/crypto/spot_top50/tonusdt,Binance Spot,2026-05-01T17:45:19.745709+00:00,['market_data/crypto/spot_top50/tonusdt/4h.parquet'],[],crypto,various,per provider,none,NOT_APPLICABLE_TO_EURUSD_MANIFEST (ETH/crypto manifest is separate; not mixed into the EURUSD denominator),per file,per file
market_data/crypto/spot_top50/trxusdt,Binance Spot,2026-05-01T16:34:14.385136+00:00,['market_data/crypto/spot_top50/trxusdt/4h.parquet'],[],crypto,various,per provider,none,NOT_APPLICABLE_TO_EURUSD_MANIFEST (ETH/crypto manifest is separate; not mixed into the EURUSD denominator),per file,per file
market_data/crypto/spot_top50/uniusdt,Binance Spot,2026-05-01T17:57:28.351138+00:00,['market_data/crypto/spot_top50/uniusdt/4h.parquet'],[],crypto,various,per provider,none,NOT_APPLICABLE_TO_EURUSD_MANIFEST (ETH/crypto manifest is separate; not mixed into the EURUSD denominator),per file,per file
market_data/crypto/spot_top50/usd1usdt,Binance Spot,2026-05-01T17:16:27.175176+00:00,['market_data/crypto/spot_top50/usd1usdt/4h.parquet'],[],crypto,various,per provider,none,NOT_APPLICABLE_TO_EURUSD_MANIFEST (ETH/crypto manifest is separate; not mixed into the EURUSD denominator),per file,per file
market_data/crypto/spot_top50/usdcusdt,Binance Spot,2026-05-01T16:21:07.663969+00:00,['market_data/crypto/spot_top50/usdcusdt/4h.parquet'],[],crypto,various,per provider,none,NOT_APPLICABLE_TO_EURUSD_MANIFEST (ETH/crypto manifest is separate; not mixed into the EURUSD denominator),per file,per file
market_data/crypto/spot_top50/usdeusdt,Binance Spot,2026-05-01T17:30:12.714687+00:00,['market_data/crypto/spot_top50/usdeusdt/4h.parquet'],[],crypto,various,per provider,none,NOT_APPLICABLE_TO_EURUSD_MANIFEST (ETH/crypto manifest is separate; not mixed into the EURUSD denominator),per file,per file
market_data/crypto/spot_top50/usdsusdt,Binance Spot,2026-05-01T21:29:24.455137+00:00,[],[],crypto,various,per provider,none,NOT_APPLICABLE_TO_EURUSD_MANIFEST (ETH/crypto manifest is separate; not mixed into the EURUSD denominator),per file,per file
market_data/crypto/spot_top50/wlfiusdt,Binance Spot,2026-05-01T18:03:37.635294+00:00,['market_data/crypto/spot_top50/wlfiusdt/4h.parquet'],[],crypto,various,per provider,none,NOT_APPLICABLE_TO_EURUSD_MANIFEST (ETH/crypto manifest is separate; not mixed into the EURUSD denominator),per file,per file
market_data/crypto/spot_top50/xautusdt,Binance Spot,2026-05-01T21:29:25.495869+00:00,[],[],crypto,various,per provider,none,NOT_APPLICABLE_TO_EURUSD_MANIFEST (ETH/crypto manifest is separate; not mixed into the EURUSD denominator),per file,per file
market_data/crypto/spot_top50/xlmusdt,Binance Spot,2026-05-01T17:15:51.184588+00:00,['market_data/crypto/spot_top50/xlmusdt/4h.parquet'],[],crypto,various,per provider,none,NOT_APPLICABLE_TO_EURUSD_MANIFEST (ETH/crypto manifest is separate; not mixed into the EURUSD denominator),per file,per file
market_data/crypto/spot_top50/xrpusdt,Binance Spot,2026-05-01T16:06:37.825433+00:00,['market_data/crypto/spot_top50/xrpusdt/4h.parquet'],[],crypto,various,per provider,none,NOT_APPLICABLE_TO_EURUSD_MANIFEST (ETH/crypto manifest is separate; not mixed into the EURUSD denominator),per file,per file
market_data/crypto/spot_top50/zecusdt,Binance Spot,2026-05-01T17:08:17.576515+00:00,['market_data/crypto/spot_top50/zecusdt/4h.parquet'],[],crypto,various,per provider,none,NOT_APPLICABLE_TO_EURUSD_MANIFEST (ETH/crypto manifest is separate; not mixed into the EURUSD denominator),per file,per file
market_data/equities/etfs/agg,Yahoo Finance,2026-05-01T21:19:14.739760+00:00,['market_data/equities/etfs/agg/daily.parquet'],[],yahoo_daily,1d,Yahoo Finance terms (personal/non-commercial; no redistribution) -- research use; production use needs licence review,batch_002,QUEUED_BATCH_002 (Close only; Adj Close is revised -> not point-in-time),trading date D (exchange session),conservative: (D+1) 00:00 UTC
market_data/equities/etfs/bnd,Yahoo Finance,2026-05-01T21:19:15.232032+00:00,['market_data/equities/etfs/bnd/daily.parquet'],[],yahoo_daily,1d,Yahoo Finance terms (personal/non-commercial; no redistribution) -- research use; production use needs licence review,batch_002,QUEUED_BATCH_002 (Close only; Adj Close is revised -> not point-in-time),trading date D (exchange session),conservative: (D+1) 00:00 UTC
market_data/equities/etfs/dia,Yahoo Finance,2026-05-01T21:19:19.522481+00:00,['market_data/equities/etfs/dia/daily.parquet'],[],yahoo_daily,1d,Yahoo Finance terms (personal/non-commercial; no redistribution) -- research use; production use needs licence review,batch_002,QUEUED_BATCH_002 (Close only; Adj Close is revised -> not point-in-time),trading date D (exchange session),conservative: (D+1) 00:00 UTC
market_data/equities/etfs/eem,Yahoo Finance,2026-05-01T21:19:12.685578+00:00,['market_data/equities/etfs/eem/daily.parquet'],[],yahoo_daily,1d,Yahoo Finance terms (personal/non-commercial; no redistribution) -- research use; production use needs licence review,batch_002,QUEUED_BATCH_002 (Close only; Adj Close is revised -> not point-in-time),trading date D (exchange session),conservative: (D+1) 00:00 UTC
market_data/equities/etfs/efa,Yahoo Finance,2026-05-01T21:19:13.238596+00:00,['market_data/equities/etfs/efa/daily.parquet'],[],yahoo_daily,1d,Yahoo Finance terms (personal/non-commercial; no redistribution) -- research use; production use needs licence review,batch_002,QUEUED_BATCH_002 (Close only; Adj Close is revised -> not point-in-time),trading date D (exchange session),conservative: (D+1) 00:00 UTC
market_data/equities/etfs/gld,Yahoo Finance,2026-05-01T15:45:58.131161+00:00,['market_data/equities/etfs/gld/daily.parquet'],[],yahoo_daily,1d,Yahoo Finance terms (personal/non-commercial; no redistribution) -- research use; production use needs licence review,batch_002,QUEUED_BATCH_002 (Close only; Adj Close is revised -> not point-in-time),trading date D (exchange session),conservative: (D+1) 00:00 UTC
market_data/equities/etfs/hyg,Yahoo Finance,2026-05-01T21:19:16.387727+00:00,['market_data/equities/etfs/hyg/daily.parquet'],[],yahoo_daily,1d,Yahoo Finance terms (personal/non-commercial; no redistribution) -- research use; production use needs licence review,batch_002,QUEUED_BATCH_002 (Close only; Adj Close is revised -> not point-in-time),trading date D (exchange session),conservative: (D+1) 00:00 UTC
market_data/equities/etfs/ief,Yahoo Finance,2026-05-01T15:45:57.751216+00:00,['market_data/equities/etfs/ief/daily.parquet'],[],yahoo_daily,1d,Yahoo Finance terms (personal/non-commercial; no redistribution) -- research use; production use needs licence review,batch_002,QUEUED_BATCH_002 (Close only; Adj Close is revised -> not point-in-time),trading date D (exchange session),conservative: (D+1) 00:00 UTC
market_data/equities/etfs/ivv,Yahoo Finance,2026-05-01T21:19:20.563014+00:00,['market_data/equities/etfs/ivv/daily.parquet'],[],yahoo_daily,1d,Yahoo Finance terms (personal/non-commercial; no redistribution) -- research use; production use needs licence review,batch_002,QUEUED_BATCH_002 (Close only; Adj Close is revised -> not point-in-time),trading date D (exchange session),conservative: (D+1) 00:00 UTC
market_data/equities/etfs/iwm,Yahoo Finance,2026-05-01T15:45:45.905422+00:00,['market_data/equities/etfs/iwm/daily.parquet'],[],yahoo_daily,1d,Yahoo Finance terms (personal/non-commercial; no redistribution) -- research use; production use needs licence review,batch_002,QUEUED_BATCH_002 (Close only; Adj Close is revised -> not point-in-time),trading date D (exchange session),conservative: (D+1) 00:00 UTC
market_data/equities/etfs/iyr,Yahoo Finance,2026-05-01T21:19:18.173472+00:00,['market_data/equities/etfs/iyr/daily.parquet'],[],yahoo_daily,1d,Yahoo Finance terms (personal/non-commercial; no redistribution) -- research use; production use needs licence review,batch_002,QUEUED_BATCH_002 (Close only; Adj Close is revised -> not point-in-time),trading date D (exchange session),conservative: (D+1) 00:00 UTC
market_data/equities/etfs/lqd,Yahoo Finance,2026-05-01T21:19:15.774481+00:00,['market_data/equities/etfs/lqd/daily.parquet'],[],yahoo_daily,1d,Yahoo Finance terms (personal/non-commercial; no redistribution) -- research use; production use needs licence review,batch_002,QUEUED_BATCH_002 (Close only; Adj Close is revised -> not point-in-time),trading date D (exchange session),conservative: (D+1) 00:00 UTC
market_data/equities/etfs/qqq,Yahoo Finance,2026-05-01T15:45:44.716142+00:00,['market_data/equities/etfs/qqq/daily.parquet'],[],yahoo_daily,1d,Yahoo Finance terms (personal/non-commercial; no redistribution) -- research use; production use needs licence review,batch_002,QUEUED_BATCH_002 (Close only; Adj Close is revised -> not point-in-time),trading date D (exchange session),conservative: (D+1) 00:00 UTC
market_data/equities/etfs/shy,Yahoo Finance,2026-05-01T21:19:17.513430+00:00,['market_data/equities/etfs/shy/daily.parquet'],[],yahoo_daily,1d,Yahoo Finance terms (personal/non-commercial; no redistribution) -- research use; production use needs licence review,batch_002,QUEUED_BATCH_002 (Close only; Adj Close is revised -> not point-in-time),trading date D (exchange session),conservative: (D+1) 00:00 UTC
market_data/equities/etfs/slv,Yahoo Finance,2026-05-01T15:45:58.657590+00:00,['market_data/equities/etfs/slv/daily.parquet'],[],yahoo_daily,1d,Yahoo Finance terms (personal/non-commercial; no redistribution) -- research use; production use needs licence review,batch_002,QUEUED_BATCH_002 (Close only; Adj Close is revised -> not point-in-time),trading date D (exchange session),conservative: (D+1) 00:00 UTC
market_data/equities/etfs/spy,Yahoo Finance,2026-05-01T15:45:43.674682+00:00,['market_data/equities/etfs/spy/daily.parquet'],[],yahoo_daily,1d,Yahoo Finance terms (personal/non-commercial; no redistribution) -- research use; production use needs licence review,batch_002,QUEUED_BATCH_002 (Close only; Adj Close is revised -> not point-in-time),trading date D (exchange session),conservative: (D+1) 00:00 UTC
market_data/equities/etfs/tip,Yahoo Finance,2026-05-01T21:19:16.901619+00:00,['market_data/equities/etfs/tip/daily.parquet'],[],yahoo_daily,1d,Yahoo Finance terms (personal/non-commercial; no redistribution) -- research use; production use needs licence review,batch_002,QUEUED_BATCH_002 (Close only; Adj Close is revised -> not point-in-time),trading date D (exchange session),conservative: (D+1) 00:00 UTC
market_data/equities/etfs/tlt,Yahoo Finance,2026-05-01T15:45:56.968119+00:00,['market_data/equities/etfs/tlt/daily.parquet'],[],yahoo_daily,1d,Yahoo Finance terms (personal/non-commercial; no redistribution) -- research use; production use needs licence review,batch_002,QUEUED_BATCH_002 (Close only; Adj Close is revised -> not point-in-time),trading date D (exchange session),conservative: (D+1) 00:00 UTC
market_data/equities/etfs/uso,Yahoo Finance,2026-05-01T15:45:59.174942+00:00,['market_data/equities/etfs/uso/daily.parquet'],[],yahoo_daily,1d,Yahoo Finance terms (personal/non-commercial; no redistribution) -- research use; production use needs licence review,batch_002,QUEUED_BATCH_002 (Close only; Adj Close is revised -> not point-in-time),trading date D (exchange session),conservative: (D+1) 00:00 UTC
market_data/equities/etfs/vea,Yahoo Finance,2026-05-01T21:19:13.681115+00:00,['market_data/equities/etfs/vea/daily.parquet'],[],yahoo_daily,1d,Yahoo Finance terms (personal/non-commercial; no redistribution) -- research use; production use needs licence review,batch_002,QUEUED_BATCH_002 (Close only; Adj Close is revised -> not point-in-time),trading date D (exchange session),conservative: (D+1) 00:00 UTC
market_data/equities/etfs/vnq,Yahoo Finance,2026-05-01T21:19:18.744488+00:00,['market_data/equities/etfs/vnq/daily.parquet'],[],yahoo_daily,1d,Yahoo Finance terms (personal/non-commercial; no redistribution) -- research use; production use needs licence review,batch_002,QUEUED_BATCH_002 (Close only; Adj Close is revised -> not point-in-time),trading date D (exchange session),conservative: (D+1) 00:00 UTC
market_data/equities/etfs/voo,Yahoo Finance,2026-05-01T21:19:19.952390+00:00,['market_data/equities/etfs/voo/daily.parquet'],[],yahoo_daily,1d,Yahoo Finance terms (personal/non-commercial; no redistribution) -- research use; production use needs licence review,batch_002,QUEUED_BATCH_002 (Close only; Adj Close is revised -> not point-in-time),trading date D (exchange session),conservative: (D+1) 00:00 UTC
market_data/equities/etfs/vti,Yahoo Finance,2026-05-01T21:19:21.184850+00:00,['market_data/equities/etfs/vti/daily.parquet'],[],yahoo_daily,1d,Yahoo Finance terms (personal/non-commercial; no redistribution) -- research use; production use needs licence review,batch_002,QUEUED_BATCH_002 (Close only; Adj Close is revised -> not point-in-time),trading date D (exchange session),conservative: (D+1) 00:00 UTC
market_data/equities/etfs/vwo,Yahoo Finance,2026-05-01T21:19:14.220111+00:00,['market_data/equities/etfs/vwo/daily.parquet'],[],yahoo_daily,1d,Yahoo Finance terms (personal/non-commercial; no redistribution) -- research use; production use needs licence review,batch_002,QUEUED_BATCH_002 (Close only; Adj Close is revised -> not point-in-time),trading date D (exchange session),conservative: (D+1) 00:00 UTC
market_data/equities/etfs/xlb,Yahoo Finance,2026-05-01T15:45:55.050454+00:00,['market_data/equities/etfs/xlb/daily.parquet'],[],yahoo_daily,1d,Yahoo Finance terms (personal/non-commercial; no redistribution) -- research use; production use needs licence review,batch_002,QUEUED_BATCH_002 (Close only; Adj Close is revised -> not point-in-time),trading date D (exchange session),conservative: (D+1) 00:00 UTC
market_data/equities/etfs/xlc,Yahoo Finance,2026-05-01T15:45:56.187550+00:00,['market_data/equities/etfs/xlc/daily.parquet'],[],yahoo_daily,1d,Yahoo Finance terms (personal/non-commercial; no redistribution) -- research use; production use needs licence review,batch_002,QUEUED_BATCH_002 (Close only; Adj Close is revised -> not point-in-time),trading date D (exchange session),conservative: (D+1) 00:00 UTC
market_data/equities/etfs/xle,Yahoo Finance,2026-05-01T15:45:48.993090+00:00,['market_data/equities/etfs/xle/daily.parquet'],[],yahoo_daily,1d,Yahoo Finance terms (personal/non-commercial; no redistribution) -- research use; production use needs licence review,batch_002,QUEUED_BATCH_002 (Close only; Adj Close is revised -> not point-in-time),trading date D (exchange session),conservative: (D+1) 00:00 UTC
market_data/equities/etfs/xlf,Yahoo Finance,2026-05-01T15:45:47.032897+00:00,['market_data/equities/etfs/xlf/daily.parquet'],[],yahoo_daily,1d,Yahoo Finance terms (personal/non-commercial; no redistribution) -- research use; production use needs licence review,batch_002,QUEUED_BATCH_002 (Close only; Adj Close is revised -> not point-in-time),trading date D (exchange session),conservative: (D+1) 00:00 UTC
market_data/equities/etfs/xli,Yahoo Finance,2026-05-01T15:45:51.196224+00:00,['market_data/equities/etfs/xli/daily.parquet'],[],yahoo_daily,1d,Yahoo Finance terms (personal/non-commercial; no redistribution) -- research use; production use needs licence review,batch_002,QUEUED_BATCH_002 (Close only; Adj Close is revised -> not point-in-time),trading date D (exchange session),conservative: (D+1) 00:00 UTC
market_data/equities/etfs/xlk,Yahoo Finance,2026-05-01T15:45:47.970001+00:00,['market_data/equities/etfs/xlk/daily.parquet'],[],yahoo_daily,1d,Yahoo Finance terms (personal/non-commercial; no redistribution) -- research use; production use needs licence review,batch_002,QUEUED_BATCH_002 (Close only; Adj Close is revised -> not point-in-time),trading date D (exchange session),conservative: (D+1) 00:00 UTC
market_data/equities/etfs/xlp,Yahoo Finance,2026-05-01T15:45:52.227330+00:00,['market_data/equities/etfs/xlp/daily.parquet'],[],yahoo_daily,1d,Yahoo Finance terms (personal/non-commercial; no redistribution) -- research use; production use needs licence review,batch_002,QUEUED_BATCH_002 (Close only; Adj Close is revised -> not point-in-time),trading date D (exchange session),conservative: (D+1) 00:00 UTC
market_data/equities/etfs/xlre,Yahoo Finance,2026-05-01T15:45:55.694996+00:00,['market_data/equities/etfs/xlre/daily.parquet'],[],yahoo_daily,1d,Yahoo Finance terms (personal/non-commercial; no redistribution) -- research use; production use needs licence review,batch_002,QUEUED_BATCH_002 (Close only; Adj Close is revised -> not point-in-time),trading date D (exchange session),conservative: (D+1) 00:00 UTC
market_data/equities/etfs/xlu,Yahoo Finance,2026-05-01T15:45:54.200091+00:00,['market_data/equities/etfs/xlu/daily.parquet'],[],yahoo_daily,1d,Yahoo Finance terms (personal/non-commercial; no redistribution) -- research use; production use needs licence review,batch_002,QUEUED_BATCH_002 (Close only; Adj Close is revised -> not point-in-time),trading date D (exchange session),conservative: (D+1) 00:00 UTC
market_data/equities/etfs/xlv,Yahoo Finance,2026-05-01T15:45:50.184198+00:00,['market_data/equities/etfs/xlv/daily.parquet'],[],yahoo_daily,1d,Yahoo Finance terms (personal/non-commercial; no redistribution) -- research use; production use needs licence review,batch_002,QUEUED_BATCH_002 (Close only; Adj Close is revised -> not point-in-time),trading date D (exchange session),conservative: (D+1) 00:00 UTC
market_data/equities/etfs/xly,Yahoo Finance,2026-05-01T15:45:53.268730+00:00,['market_data/equities/etfs/xly/daily.parquet'],[],yahoo_daily,1d,Yahoo Finance terms (personal/non-commercial; no redistribution) -- research use; production use needs licence review,batch_002,QUEUED_BATCH_002 (Close only; Adj Close is revised -> not point-in-time),trading date D (exchange session),conservative: (D+1) 00:00 UTC
market_data/equities/global_indices/000001_ss,Yahoo Finance,2026-05-01T21:19:08.180113+00:00,['market_data/equities/global_indices/000001_ss/daily.parquet'],[],yahoo_daily,1d,Yahoo Finance terms (personal/non-commercial; no redistribution) -- research use; production use needs licence review,batch_002,QUEUED_BATCH_002 (Close only; Adj Close is revised -> not point-in-time),trading date D (exchange session),conservative: (D+1) 00:00 UTC
market_data/equities/global_indices/axjo,Yahoo Finance,2026-05-01T21:19:09.113003+00:00,['market_data/equities/global_indices/axjo/daily.parquet'],[],yahoo_daily,1d,Yahoo Finance terms (personal/non-commercial; no redistribution) -- research use; production use needs licence review,batch_002,QUEUED_BATCH_002 (Close only; Adj Close is revised -> not point-in-time),trading date D (exchange session),conservative: (D+1) 00:00 UTC
market_data/equities/global_indices/bsesn,Yahoo Finance,2026-05-01T21:19:12.154113+00:00,['market_data/equities/global_indices/bsesn/daily.parquet'],[],yahoo_daily,1d,Yahoo Finance terms (personal/non-commercial; no redistribution) -- research use; production use needs licence review,batch_002,QUEUED_BATCH_002 (Close only; Adj Close is revised -> not point-in-time),trading date D (exchange session),conservative: (D+1) 00:00 UTC
market_data/equities/global_indices/bvsp,Yahoo Finance,2026-05-01T21:19:10.199949+00:00,['market_data/equities/global_indices/bvsp/daily.parquet'],[],yahoo_daily,1d,Yahoo Finance terms (personal/non-commercial; no redistribution) -- research use; production use needs licence review,batch_002,QUEUED_BATCH_002 (Close only; Adj Close is revised -> not point-in-time),trading date D (exchange session),conservative: (D+1) 00:00 UTC
market_data/equities/global_indices/fchi,Yahoo Finance,2026-05-01T21:19:06.495669+00:00,['market_data/equities/global_indices/fchi/daily.parquet'],[],yahoo_daily,1d,Yahoo Finance terms (personal/non-commercial; no redistribution) -- research use; production use needs licence review,batch_002,QUEUED_BATCH_002 (Close only; Adj Close is revised -> not point-in-time),trading date D (exchange session),conservative: (D+1) 00:00 UTC
market_data/equities/global_indices/ftse,Yahoo Finance,2026-05-01T21:19:05.165600+00:00,['market_data/equities/global_indices/ftse/daily.parquet'],[],yahoo_daily,1d,Yahoo Finance terms (personal/non-commercial; no redistribution) -- research use; production use needs licence review,batch_002,QUEUED_BATCH_002 (Close only; Adj Close is revised -> not point-in-time),trading date D (exchange session),conservative: (D+1) 00:00 UTC
market_data/equities/global_indices/gdaxi,Yahoo Finance,2026-05-01T21:19:05.872022+00:00,['market_data/equities/global_indices/gdaxi/daily.parquet'],[],yahoo_daily,1d,Yahoo Finance terms (personal/non-commercial; no redistribution) -- research use; production use needs licence review,batch_002,QUEUED_BATCH_002 (Close only; Adj Close is revised -> not point-in-time),trading date D (exchange session),conservative: (D+1) 00:00 UTC
market_data/equities/global_indices/gsptse,Yahoo Finance,2026-05-01T21:19:09.684874+00:00,['market_data/equities/global_indices/gsptse/daily.parquet'],[],yahoo_daily,1d,Yahoo Finance terms (personal/non-commercial; no redistribution) -- research use; production use needs licence review,batch_002,QUEUED_BATCH_002 (Close only; Adj Close is revised -> not point-in-time),trading date D (exchange session),conservative: (D+1) 00:00 UTC
market_data/equities/global_indices/hsi,Yahoo Finance,2026-05-01T21:19:07.670201+00:00,['market_data/equities/global_indices/hsi/daily.parquet'],[],yahoo_daily,1d,Yahoo Finance terms (personal/non-commercial; no redistribution) -- research use; production use needs licence review,batch_002,QUEUED_BATCH_002 (Close only; Adj Close is revised -> not point-in-time),trading date D (exchange session),conservative: (D+1) 00:00 UTC
market_data/equities/global_indices/ks11,Yahoo Finance,2026-05-01T21:19:11.249103+00:00,['market_data/equities/global_indices/ks11/daily.parquet'],[],yahoo_daily,1d,Yahoo Finance terms (personal/non-commercial; no redistribution) -- research use; production use needs licence review,batch_002,QUEUED_BATCH_002 (Close only; Adj Close is revised -> not point-in-time),trading date D (exchange session),conservative: (D+1) 00:00 UTC
market_data/equities/global_indices/mxx,Yahoo Finance,2026-05-01T21:19:10.793458+00:00,['market_data/equities/global_indices/mxx/daily.parquet'],[],yahoo_daily,1d,Yahoo Finance terms (personal/non-commercial; no redistribution) -- research use; production use needs licence review,batch_002,QUEUED_BATCH_002 (Close only; Adj Close is revised -> not point-in-time),trading date D (exchange session),conservative: (D+1) 00:00 UTC
market_data/equities/global_indices/n225,Yahoo Finance,2026-05-01T21:19:07.163111+00:00,['market_data/equities/global_indices/n225/daily.parquet'],[],yahoo_daily,1d,Yahoo Finance terms (personal/non-commercial; no redistribution) -- research use; production use needs licence review,batch_002,QUEUED_BATCH_002 (Close only; Adj Close is revised -> not point-in-time),trading date D (exchange session),conservative: (D+1) 00:00 UTC
market_data/equities/global_indices/stoxx50e,Yahoo Finance,2026-05-01T21:19:08.632362+00:00,['market_data/equities/global_indices/stoxx50e/daily.parquet'],[],yahoo_daily,1d,Yahoo Finance terms (personal/non-commercial; no redistribution) -- research use; production use needs licence review,batch_002,QUEUED_BATCH_002 (Close only; Adj Close is revised -> not point-in-time),trading date D (exchange session),conservative: (D+1) 00:00 UTC
market_data/equities/global_indices/twii,Yahoo Finance,2026-05-01T21:19:11.702332+00:00,['market_data/equities/global_indices/twii/daily.parquet'],[],yahoo_daily,1d,Yahoo Finance terms (personal/non-commercial; no redistribution) -- research use; production use needs licence review,batch_002,QUEUED_BATCH_002 (Close only; Adj Close is revised -> not point-in-time),trading date D (exchange session),conservative: (D+1) 00:00 UTC
market_data/equities/us_indices/dji,Yahoo Finance,2026-05-01T15:45:39.907717+00:00,['market_data/equities/us_indices/dji/daily.parquet'],[],yahoo_daily,1d,Yahoo Finance terms (personal/non-commercial; no redistribution) -- research use; production use needs licence review,batch_002,QUEUED_BATCH_002 (Close only; Adj Close is revised -> not point-in-time),trading date D (exchange session),conservative: (D+1) 00:00 UTC
market_data/equities/us_indices/gspc,Yahoo Finance,2026-05-01T15:45:38.935049+00:00,['market_data/equities/us_indices/gspc/daily.parquet'],[],yahoo_daily,1d,Yahoo Finance terms (personal/non-commercial; no redistribution) -- research use; production use needs licence review,batch_002,QUEUED_BATCH_002 (Close only; Adj Close is revised -> not point-in-time),trading date D (exchange session),conservative: (D+1) 00:00 UTC
market_data/equities/us_indices/ixic,Yahoo Finance,2026-05-01T15:45:41.146624+00:00,['market_data/equities/us_indices/ixic/daily.parquet'],[],yahoo_daily,1d,Yahoo Finance terms (personal/non-commercial; no redistribution) -- research use; production use needs licence review,batch_002,QUEUED_BATCH_002 (Close only; Adj Close is revised -> not point-in-time),trading date D (exchange session),conservative: (D+1) 00:00 UTC
market_data/equities/us_indices/rut,Yahoo Finance,2026-05-01T15:45:41.963859+00:00,['market_data/equities/us_indices/rut/daily.parquet'],[],yahoo_daily,1d,Yahoo Finance terms (personal/non-commercial; no redistribution) -- research use; production use needs licence review,batch_002,QUEUED_BATCH_002 (Close only; Adj Close is revised -> not point-in-time),trading date D (exchange session),conservative: (D+1) 00:00 UTC
market_data/equities/us_indices/vix,Yahoo Finance,2026-05-01T15:45:42.637407+00:00,['market_data/equities/us_indices/vix/daily.parquet'],[],yahoo_daily,1d,Yahoo Finance terms (personal/non-commercial; no redistribution) -- research use; production use needs licence review,batch_002,QUEUED_BATCH_002 (Close only; Adj Close is revised -> not point-in-time),trading date D (exchange session),conservative: (D+1) 00:00 UTC
market_data/forex/emerging_markets/usdbrl_x,Yahoo Finance,2026-05-01T15:46:14.345038+00:00,['market_data/forex/emerging_markets/usdbrl_x/daily.parquet'],[],yahoo_daily,1d,Yahoo Finance terms (personal/non-commercial; no redistribution) -- research use; production use needs licence review,batch_002,QUEUED_BATCH_002 (Close only; Adj Close is revised -> not point-in-time),trading date D (exchange session),conservative: (D+1) 00:00 UTC
market_data/forex/emerging_markets/usdclp_x,Yahoo Finance,2026-05-01T21:19:22.084906+00:00,['market_data/forex/emerging_markets/usdclp_x/daily.parquet'],[],yahoo_daily,1d,Yahoo Finance terms (personal/non-commercial; no redistribution) -- research use; production use needs licence review,batch_002,QUEUED_BATCH_002 (Close only; Adj Close is revised -> not point-in-time),trading date D (exchange session),conservative: (D+1) 00:00 UTC
market_data/forex/emerging_markets/usdcop_x,Yahoo Finance,2026-05-01T21:19:21.639808+00:00,['market_data/forex/emerging_markets/usdcop_x/daily.parquet'],[],yahoo_daily,1d,Yahoo Finance terms (personal/non-commercial; no redistribution) -- research use; production use needs licence review,batch_002,QUEUED_BATCH_002 (Close only; Adj Close is revised -> not point-in-time),trading date D (exchange session),conservative: (D+1) 00:00 UTC
market_data/forex/emerging_markets/usdidr_x,Yahoo Finance,2026-05-01T21:19:23.521380+00:00,['market_data/forex/emerging_markets/usdidr_x/daily.parquet'],[],yahoo_daily,1d,Yahoo Finance terms (personal/non-commercial; no redistribution) -- research use; production use needs licence review,batch_002,QUEUED_BATCH_002 (Close only; Adj Close is revised -> not point-in-time),trading date D (exchange session),conservative: (D+1) 00:00 UTC
market_data/forex/emerging_markets/usdinr_x,Yahoo Finance,2026-05-01T15:46:15.567982+00:00,['market_data/forex/emerging_markets/usdinr_x/daily.parquet'],[],yahoo_daily,1d,Yahoo Finance terms (personal/non-commercial; no redistribution) -- research use; production use needs licence review,batch_002,QUEUED_BATCH_002 (Close only; Adj Close is revised -> not point-in-time),trading date D (exchange session),conservative: (D+1) 00:00 UTC
market_data/forex/emerging_markets/usdkrw_x,Yahoo Finance,2026-05-01T21:19:22.568889+00:00,['market_data/forex/emerging_markets/usdkrw_x/daily.parquet'],[],yahoo_daily,1d,Yahoo Finance terms (personal/non-commercial; no redistribution) -- research use; production use needs licence review,batch_002,QUEUED_BATCH_002 (Close only; Adj Close is revised -> not point-in-time),trading date D (exchange session),conservative: (D+1) 00:00 UTC
market_data/forex/emerging_markets/usdmxn_x,Yahoo Finance,2026-05-01T15:46:06.227865+00:00,['market_data/forex/emerging_markets/usdmxn_x/daily.parquet'],[],yahoo_daily,1d,Yahoo Finance terms (personal/non-commercial; no redistribution) -- research use; production use needs licence review,batch_002,QUEUED_BATCH_002 (Close only; Adj Close is revised -> not point-in-time),trading date D (exchange session),conservative: (D+1) 00:00 UTC
market_data/forex/emerging_markets/usdtry_x,Yahoo Finance,2026-05-01T15:46:12.902890+00:00,['market_data/forex/emerging_markets/usdtry_x/daily.parquet'],[],yahoo_daily,1d,Yahoo Finance terms (personal/non-commercial; no redistribution) -- research use; production use needs licence review,batch_002,QUEUED_BATCH_002 (Close only; Adj Close is revised -> not point-in-time),trading date D (exchange session),conservative: (D+1) 00:00 UTC
market_data/forex/emerging_markets/usdtwd_x,Yahoo Finance,2026-05-01T21:19:22.966656+00:00,['market_data/forex/emerging_markets/usdtwd_x/daily.parquet'],[],yahoo_daily,1d,Yahoo Finance terms (personal/non-commercial; no redistribution) -- research use; production use needs licence review,batch_002,QUEUED_BATCH_002 (Close only; Adj Close is revised -> not point-in-time),trading date D (exchange session),conservative: (D+1) 00:00 UTC
market_data/forex/emerging_markets/usdzar_x,Yahoo Finance,2026-05-01T15:46:07.402153+00:00,['market_data/forex/emerging_markets/usdzar_x/daily.parquet'],[],yahoo_daily,1d,Yahoo Finance terms (personal/non-commercial; no redistribution) -- research use; production use needs licence review,batch_002,QUEUED_BATCH_002 (Close only; Adj Close is revised -> not point-in-time),trading date D (exchange session),conservative: (D+1) 00:00 UTC
market_data/forex/g10/audusd,HistData,2026-05-01T17:49:51.255422+00:00,"['market_data/forex/g10/audusd/5m.parquet', 'market_data/forex/g10/audusd/15m.parquet', 'market_data/forex/g10/audusd/4h.parquet', 'market_data/forex/g10/audusd/1h.parquet']",[],fx_cross_pairs,5m..4h,HistData.com free data (research use; redistribution of raw bytes not granted),batch_002,QUEUED_BATCH_002 (same clock inference per file required),bar,bar end
market_data/forex/g10/eurgbp,HistData,2026-05-01T17:50:36.557492+00:00,"['market_data/forex/g10/eurgbp/5m.parquet', 'market_data/forex/g10/eurgbp/15m.parquet', 'market_data/forex/g10/eurgbp/4h.parquet', 'market_data/forex/g10/eurgbp/1h.parquet']",[],fx_cross_pairs,5m..4h,HistData.com free data (research use; redistribution of raw bytes not granted),batch_002,QUEUED_BATCH_002 (same clock inference per file required),bar,bar end
market_data/forex/g10/eurjpy,HistData,2026-05-01T17:51:27.889042+00:00,"['market_data/forex/g10/eurjpy/5m.parquet', 'market_data/forex/g10/eurjpy/15m.parquet', 'market_data/forex/g10/eurjpy/4h.parquet', 'market_data/forex/g10/eurjpy/1h.parquet']",[],fx_cross_pairs,5m..4h,HistData.com free data (research use; redistribution of raw bytes not granted),batch_002,QUEUED_BATCH_002 (same clock inference per file required),bar,bar end
market_data/forex/g10/eurusd,HistData,2026-05-01T17:52:19.888142+00:00,"['market_data/forex/g10/eurusd/5m.parquet', 'market_data/forex/g10/eurusd/15m.parquet', 'market_data/forex/g10/eurusd/4h.parquet', 'market_data/forex/g10/eurusd/1h.parquet']",[],eurusd_price_raw,5m/15m/1h/4h,HistData.com free data (research use; redistribution of raw bytes not granted),none,SUPERSEDED_BY features/trading_asset_data/eurusd (same bytes lineage),bar,bar end
market_data/forex/g10/gbpjpy,HistData,2026-05-01T17:53:12.332328+00:00,"['market_data/forex/g10/gbpjpy/5m.parquet', 'market_data/forex/g10/gbpjpy/15m.parquet', 'market_data/forex/g10/gbpjpy/4h.parquet', 'market_data/forex/g10/gbpjpy/1h.parquet']",[],fx_cross_pairs,5m..4h,HistData.com free data (research use; redistribution of raw bytes not granted),batch_002,QUEUED_BATCH_002 (same clock inference per file required),bar,bar end
market_data/forex/g10/gbpusd,HistData,2026-05-01T17:54:03.707543+00:00,"['market_data/forex/g10/gbpusd/5m.parquet', 'market_data/forex/g10/gbpusd/15m.parquet', 'market_data/forex/g10/gbpusd/4h.parquet', 'market_data/forex/g10/gbpusd/1h.parquet']",[],fx_cross_pairs,5m..4h,HistData.com free data (research use; redistribution of raw bytes not granted),batch_002,QUEUED_BATCH_002 (same clock inference per file required),bar,bar end
market_data/forex/g10/nzdusd,HistData,2026-05-01T17:54:51.652864+00:00,"['market_data/forex/g10/nzdusd/5m.parquet', 'market_data/forex/g10/nzdusd/15m.parquet', 'market_data/forex/g10/nzdusd/4h.parquet', 'market_data/forex/g10/nzdusd/1h.parquet']",[],fx_cross_pairs,5m..4h,HistData.com free data (research use; redistribution of raw bytes not granted),batch_002,QUEUED_BATCH_002 (same clock inference per file required),bar,bar end
market_data/forex/g10/usdcad,HistData,2026-05-01T17:55:37.711026+00:00,"['market_data/forex/g10/usdcad/5m.parquet', 'market_data/forex/g10/usdcad/15m.parquet', 'market_data/forex/g10/usdcad/4h.parquet', 'market_data/forex/g10/usdcad/1h.parquet']",[],fx_cross_pairs,5m..4h,HistData.com free data (research use; redistribution of raw bytes not granted),batch_002,QUEUED_BATCH_002 (same clock inference per file required),bar,bar end
market_data/forex/g10/usdchf,HistData,2026-05-01T17:56:28.554431+00:00,"['market_data/forex/g10/usdchf/5m.parquet', 'market_data/forex/g10/usdchf/15m.parquet', 'market_data/forex/g10/usdchf/4h.parquet', 'market_data/forex/g10/usdchf/1h.parquet']",[],fx_cross_pairs,5m..4h,HistData.com free data (research use; redistribution of raw bytes not granted),batch_002,QUEUED_BATCH_002 (same clock inference per file required),bar,bar end
market_data/forex/g10/usdjpy,HistData,2026-05-01T17:57:22.378014+00:00,"['market_data/forex/g10/usdjpy/5m.parquet', 'market_data/forex/g10/usdjpy/15m.parquet', 'market_data/forex/g10/usdjpy/4h.parquet', 'market_data/forex/g10/usdjpy/1h.parquet']",[],fx_cross_pairs,5m..4h,HistData.com free data (research use; redistribution of raw bytes not granted),batch_002,QUEUED_BATCH_002 (same clock inference per file required),bar,bar end
reference_data/holidays,python-holidays,2026-05-01T16:04:42.766029+00:00,['reference_data/holidays/holidays.parquet'],[],calendar_reference,daily,python-holidays (MIT) / generated,batch_002,QUEUED_BATCH_002: holiday flags need publication-in-advance evidence (python-holidays is retrospective code),date,UNDEFINED_UNTIL_EVIDENCED
reference_data/trading_calendars/cme,fallback calendar generator,2026-05-01T16:04:42.589298+00:00,['reference_data/trading_calendars/cme/schedule.parquet'],[],calendar_reference,daily,python-holidays (MIT) / generated,batch_002,QUEUED_BATCH_002: holiday flags need publication-in-advance evidence (python-holidays is retrospective code),date,UNDEFINED_UNTIL_EVIDENCED
reference_data/trading_calendars/xetr,fallback calendar generator,2026-05-01T16:04:42.631231+00:00,['reference_data/trading_calendars/xetr/schedule.parquet'],[],calendar_reference,daily,python-holidays (MIT) / generated,batch_002,QUEUED_BATCH_002: holiday flags need publication-in-advance evidence (python-holidays is retrospective code),date,UNDEFINED_UNTIL_EVIDENCED
reference_data/trading_calendars/xlon,fallback calendar generator,2026-05-01T16:04:42.722159+00:00,['reference_data/trading_calendars/xlon/schedule.parquet'],[],calendar_reference,daily,python-holidays (MIT) / generated,batch_002,QUEUED_BATCH_002: holiday flags need publication-in-advance evidence (python-holidays is retrospective code),date,UNDEFINED_UNTIL_EVIDENCED
reference_data/trading_calendars/xnas,fallback calendar generator,2026-05-01T16:04:42.540197+00:00,['reference_data/trading_calendars/xnas/schedule.parquet'],[],calendar_reference,daily,python-holidays (MIT) / generated,batch_002,QUEUED_BATCH_002: holiday flags need publication-in-advance evidence (python-holidays is retrospective code),date,UNDEFINED_UNTIL_EVIDENCED
reference_data/trading_calendars/xnys,fallback calendar generator,2026-05-01T16:04:42.494369+00:00,['reference_data/trading_calendars/xnys/schedule.parquet'],[],calendar_reference,daily,python-holidays (MIT) / generated,batch_002,QUEUED_BATCH_002: holiday flags need publication-in-advance evidence (python-holidays is retrospective code),date,UNDEFINED_UNTIL_EVIDENCED
reference_data/trading_calendars/xtks,fallback calendar generator,2026-05-01T16:04:42.681573+00:00,['reference_data/trading_calendars/xtks/schedule.parquet'],[],calendar_reference,daily,python-holidays (MIT) / generated,batch_002,QUEUED_BATCH_002: holiday flags need publication-in-advance evidence (python-holidays is retrospective code),date,UNDEFINED_UNTIL_EVIDENCED
external:alpaca_market_data,Alpaca,,,,alpaca,"1m..1d (US equities/ETFs, crypto)",Alpaca market-data agreement (account-bound; IEX feed on free plan),none,NOT_INGESTED: no Alpaca bytes in the lake; Alpaca has no FX/EURUSD data; equity covariates already present via Yahoo daily. Intraday SPY/QQQ via Alpaca would need the LTS-held credential outside the data-gov path -> CREDENTIAL_BLOCKER if ordered,bar,bar end (+feed delay on free plan)
feature-eng:tests/data/economic_calendar_2011_2021.csv,UNKNOWN (no provenance sidecar),,,,calendar_archive,event,UNKNOWN_PROVENANCE,batch_001,IN_BATCH_001: the only consensus+actual+previous+importance source overlapping TRAIN (2012-05..2021-04 with measured clock),scheduled instant (measured clock eras),scheduled + 1 min (ASSUMED_SCHEDULED_PUBLICATION_LOCALIZED)
"predictor:examples/data/phase_1/base_d{2,3,5,6}.csv",git-pinned EURUSD 1h (UTC bar start),,,,eurusd_price_pinned,1h,derived from HistData (git-pinned),batch_001,"RECONCILED_ONLY (fragmented 2010-2020 segments; used to verify the lake clock conversion, not as a feature source)",UTC bar start,bar end
coordinator:~/.local/state/financial-data/point_in_time,own collector (receipt clock),,,,pit_capture,3h passes,own,batch_001,"INVENTORIED; NOT_ADMITTED_FOR_SELECTION: 745 rows (45 OBSERVED, 700 AWAITED), releases 2026-02-05..2026-04-30 received from 2026-09-25 -- post-test era",scheduled/source publication,received_at (own clock)
feature-eng:regime_detector / m5phet regimes,feature-eng,,,,regime,1h (derived),own,batch_003,QUEUED_BATCH_003: causal (filtering) regime probabilities only; smoothed/Viterbi labels are non-causal,t,t if filtered; NOT_ADMISSIBLE if smoothed
