feature,fold,tier,group,score_by_target,explore_probability,explore_rule,reincorporation,reasons
return_1,inner_1,DEFERRED,R0,"{""Y_s@4h"": 0.012391357751657417, ""Y_l@24h"": -0.020989576046524006, ""Y_l@48h"": ""NOT_RUN"", ""Y_l@72h"": ""NOT_RUN"", ""Y_l@96h"": ""NOT_RUN"", ""Y_l@120h"": ""NOT_RUN"", ""Y_l@144h"": ""NOT_RUN""}",,,"re-enters on: PS5 inner-validation gain as a member of a group or pair, a later exploratory draw, a new vintage, or a change of declared target","REDUNDANCY_GROUP R0 (|r|>=0.95): return_1,log_return_1,statistical__log_return_1 | BELOW_TOP_10_REVERSIBLE max|rho|=0.02099"
log_return_1,inner_1,EXPLORATORY,R0,"{""Y_s@4h"": 0.012391357751657417, ""Y_l@24h"": -0.020989576046524006, ""Y_l@48h"": ""NOT_RUN"", ""Y_l@72h"": ""NOT_RUN"", ""Y_l@96h"": ""NOT_RUN"", ""Y_l@120h"": ""NOT_RUN"", ""Y_l@144h"": ""NOT_RUN""}",0.09803921568627451,"uniform without replacement over the 51 unranked eligible inputs, seed=20261001, fold=inner_1; drawn independently of relevance",,"REDUNDANCY_GROUP R0 (|r|>=0.95): return_1,log_return_1,statistical__log_return_1 | EXPLORATORY_DRAW (outside the ranking)"
return_5,inner_1,REPRESENTATIVE,R1,"{""Y_s@4h"": 0.02049370116327968, ""Y_l@24h"": -0.06610841402867014, ""Y_l@48h"": ""NOT_RUN"", ""Y_l@72h"": ""NOT_RUN"", ""Y_l@96h"": ""NOT_RUN"", ""Y_l@120h"": ""NOT_RUN"", ""Y_l@144h"": ""NOT_RUN""}",,,,"REDUNDANCY_GROUP R1 (|r|>=0.95): return_5,log_return_5 | BEST_SCORED_MEMBER_OF R1"
log_return_5,inner_1,DEFERRED,R1,"{""Y_s@4h"": 0.02049370116327968, ""Y_l@24h"": -0.06610841402867014, ""Y_l@48h"": ""NOT_RUN"", ""Y_l@72h"": ""NOT_RUN"", ""Y_l@96h"": ""NOT_RUN"", ""Y_l@120h"": ""NOT_RUN"", ""Y_l@144h"": ""NOT_RUN""}",,,"re-enters on: PS5 inner-validation gain as a member of a group or pair, a later exploratory draw, a new vintage, or a change of declared target","REDUNDANCY_GROUP R1 (|r|>=0.95): return_5,log_return_5 | BELOW_TOP_10_REVERSIBLE max|rho|=0.06611"
return_10,inner_1,SYNERGY,R2,"{""Y_s@4h"": 0.03207277804229095, ""Y_l@24h"": -0.0882746842659283, ""Y_l@48h"": ""NOT_RUN"", ""Y_l@72h"": ""NOT_RUN"", ""Y_l@96h"": ""NOT_RUN"", ""Y_l@120h"": ""NOT_RUN"", ""Y_l@144h"": ""NOT_RUN""}",,,,"REDUNDANCY_GROUP R2 (|r|>=0.95): return_10,log_return_10,roc_10 | SYNERGY_PAIR return_10*mom_10 on Y_s@4h: joint |rho|=0.2085 vs individual max 0.03207 (pairs among the top 40 plus 2000 seeded random pairs; noise floor 3/sqrt(n))"
log_return_10,inner_1,DEFERRED,R2,"{""Y_s@4h"": 0.03207277804229095, ""Y_l@24h"": -0.0882746842659283, ""Y_l@48h"": ""NOT_RUN"", ""Y_l@72h"": ""NOT_RUN"", ""Y_l@96h"": ""NOT_RUN"", ""Y_l@120h"": ""NOT_RUN"", ""Y_l@144h"": ""NOT_RUN""}",,,"re-enters on: PS5 inner-validation gain as a member of a group or pair, a later exploratory draw, a new vintage, or a change of declared target","REDUNDANCY_GROUP R2 (|r|>=0.95): return_10,log_return_10,roc_10 | BELOW_TOP_10_REVERSIBLE max|rho|=0.08827"
return_20,inner_1,DEFERRED,R3,"{""Y_s@4h"": 0.04939058929499494, ""Y_l@24h"": -0.12574074944963554, ""Y_l@48h"": ""NOT_RUN"", ""Y_l@72h"": ""NOT_RUN"", ""Y_l@96h"": ""NOT_RUN"", ""Y_l@120h"": ""NOT_RUN"", ""Y_l@144h"": ""NOT_RUN""}",,,"re-enters on: PS5 inner-validation gain as a member of a group or pair, a later exploratory draw, a new vintage, or a change of declared target","REDUNDANCY_GROUP R3 (|r|>=0.95): return_20,log_return_20,roc_20,roll_mean_ret_20 | BELOW_TOP_10_REVERSIBLE max|rho|=0.1257"
log_return_20,inner_1,DEFERRED,R3,"{""Y_s@4h"": 0.04939058929499494, ""Y_l@24h"": -0.12574074944963554, ""Y_l@48h"": ""NOT_RUN"", ""Y_l@72h"": ""NOT_RUN"", ""Y_l@96h"": ""NOT_RUN"", ""Y_l@120h"": ""NOT_RUN"", ""Y_l@144h"": ""NOT_RUN""}",,,"re-enters on: PS5 inner-validation gain as a member of a group or pair, a later exploratory draw, a new vintage, or a change of declared target","REDUNDANCY_GROUP R3 (|r|>=0.95): return_20,log_return_20,roc_20,roll_mean_ret_20 | BELOW_TOP_10_REVERSIBLE max|rho|=0.1257"
return_60,inner_1,DEFERRED,R4,"{""Y_s@4h"": 0.10406086988687013, ""Y_l@24h"": -0.155505347107825, ""Y_l@48h"": ""NOT_RUN"", ""Y_l@72h"": ""NOT_RUN"", ""Y_l@96h"": ""NOT_RUN"", ""Y_l@120h"": ""NOT_RUN"", ""Y_l@144h"": ""NOT_RUN""}",,,"re-enters on: PS5 inner-validation gain as a member of a group or pair, a later exploratory draw, a new vintage, or a change of declared target","REDUNDANCY_GROUP R4 (|r|>=0.95): return_60,log_return_60,roc_60,roll_mean_ret_60 | BELOW_TOP_10_REVERSIBLE max|rho|=0.1555"
log_return_60,inner_1,DEFERRED,R4,"{""Y_s@4h"": 0.10406086988687013, ""Y_l@24h"": -0.155505347107825, ""Y_l@48h"": ""NOT_RUN"", ""Y_l@72h"": ""NOT_RUN"", ""Y_l@96h"": ""NOT_RUN"", ""Y_l@120h"": ""NOT_RUN"", ""Y_l@144h"": ""NOT_RUN""}",,,"re-enters on: PS5 inner-validation gain as a member of a group or pair, a later exploratory draw, a new vintage, or a change of declared target","REDUNDANCY_GROUP R4 (|r|>=0.95): return_60,log_return_60,roc_60,roll_mean_ret_60 | BELOW_TOP_10_REVERSIBLE max|rho|=0.1555"
sma_10,inner_1,EXPLORATORY,R5,"{""Y_s@4h"": -0.5452100138583309, ""Y_l@24h"": -0.4958324970844814, ""Y_l@48h"": ""NOT_RUN"", ""Y_l@72h"": ""NOT_RUN"", ""Y_l@96h"": ""NOT_RUN"", ""Y_l@120h"": ""NOT_RUN"", ""Y_l@144h"": ""NOT_RUN""}",0.09803921568627451,"uniform without replacement over the 51 unranked eligible inputs, seed=20261001, fold=inner_1; drawn independently of relevance",,"REDUNDANCY_GROUP R5 (|r|>=0.95): sma_10,ema_10,sma_20,ema_20,sma_50,ema_50,sma_100,ema_100,sma_200,ema_200,bb_upper,bb_middle,bb_lower,vwap_60 | EXPLORATORY_DRAW (outside the ranking)"
ema_10,inner_1,DEFERRED,R5,"{""Y_s@4h"": -0.5457885160578597, ""Y_l@24h"": -0.4991160039821433, ""Y_l@48h"": ""NOT_RUN"", ""Y_l@72h"": ""NOT_RUN"", ""Y_l@96h"": ""NOT_RUN"", ""Y_l@120h"": ""NOT_RUN"", ""Y_l@144h"": ""NOT_RUN""}",,,"re-enters on: PS5 inner-validation gain as a member of a group or pair, a later exploratory draw, a new vintage, or a change of declared target","REDUNDANCY_GROUP R5 (|r|>=0.95): sma_10,ema_10,sma_20,ema_20,sma_50,ema_50,sma_100,ema_100,sma_200,ema_200,bb_upper,bb_middle,bb_lower,vwap_60 | BELOW_TOP_10_REVERSIBLE max|rho|=0.5458"
close_sma_ratio_10,inner_1,DEFERRED,,"{""Y_s@4h"": 0.020992190447623595, ""Y_l@24h"": -0.08508672308298793, ""Y_l@48h"": ""NOT_RUN"", ""Y_l@72h"": ""NOT_RUN"", ""Y_l@96h"": ""NOT_RUN"", ""Y_l@120h"": ""NOT_RUN"", ""Y_l@144h"": ""NOT_RUN""}",,,"re-enters on: PS5 inner-validation gain as a member of a group or pair, a later exploratory draw, a new vintage, or a change of declared target",BELOW_TOP_10_REVERSIBLE max|rho|=0.08509
sma_20,inner_1,DEFERRED,R5,"{""Y_s@4h"": -0.5466878912905844, ""Y_l@24h"": -0.4904343260151447, ""Y_l@48h"": ""NOT_RUN"", ""Y_l@72h"": ""NOT_RUN"", ""Y_l@96h"": ""NOT_RUN"", ""Y_l@120h"": ""NOT_RUN"", ""Y_l@144h"": ""NOT_RUN""}",,,"re-enters on: PS5 inner-validation gain as a member of a group or pair, a later exploratory draw, a new vintage, or a change of declared target","REDUNDANCY_GROUP R5 (|r|>=0.95): sma_10,ema_10,sma_20,ema_20,sma_50,ema_50,sma_100,ema_100,sma_200,ema_200,bb_upper,bb_middle,bb_lower,vwap_60 | BELOW_TOP_10_REVERSIBLE max|rho|=0.5467"
ema_20,inner_1,PRIORITY,R5,"{""Y_s@4h"": -0.5477613871799273, ""Y_l@24h"": -0.49452254777787913, ""Y_l@48h"": ""NOT_RUN"", ""Y_l@72h"": ""NOT_RUN"", ""Y_l@96h"": ""NOT_RUN"", ""Y_l@120h"": ""NOT_RUN"", ""Y_l@144h"": ""NOT_RUN""}",,,,"REDUNDANCY_GROUP R5 (|r|>=0.95): sma_10,ema_10,sma_20,ema_20,sma_50,ema_50,sma_100,ema_100,sma_200,ema_200,bb_upper,bb_middle,bb_lower,vwap_60 | TOP_10_INDIVIDUAL max|rho|=0.5478 | CAUTION_PERSISTENT_INPUT acf1=0.9991: a Spearman screen against overlapping multi-bar return labels on a near-unit-root input can reflect regime/trend confounding; PS4 must test a differenced or ratio variant before any claim"
close_sma_ratio_20,inner_1,DEFERRED,,"{""Y_s@4h"": 0.04097060657087042, ""Y_l@24h"": -0.10833806342420689, ""Y_l@48h"": ""NOT_RUN"", ""Y_l@72h"": ""NOT_RUN"", ""Y_l@96h"": ""NOT_RUN"", ""Y_l@120h"": ""NOT_RUN"", ""Y_l@144h"": ""NOT_RUN""}",,,"re-enters on: PS5 inner-validation gain as a member of a group or pair, a later exploratory draw, a new vintage, or a change of declared target",BELOW_TOP_10_REVERSIBLE max|rho|=0.1083
sma_50,inner_1,PRIORITY,R5,"{""Y_s@4h"": -0.5516880735482647, ""Y_l@24h"": -0.46817770335446, ""Y_l@48h"": ""NOT_RUN"", ""Y_l@72h"": ""NOT_RUN"", ""Y_l@96h"": ""NOT_RUN"", ""Y_l@120h"": ""NOT_RUN"", ""Y_l@144h"": ""NOT_RUN""}",,,,"REDUNDANCY_GROUP R5 (|r|>=0.95): sma_10,ema_10,sma_20,ema_20,sma_50,ema_50,sma_100,ema_100,sma_200,ema_200,bb_upper,bb_middle,bb_lower,vwap_60 | TOP_10_INDIVIDUAL max|rho|=0.5517 | CAUTION_PERSISTENT_INPUT acf1=0.9988: a Spearman screen against overlapping multi-bar return labels on a near-unit-root input can reflect regime/trend confounding; PS4 must test a differenced or ratio variant before any claim"
ema_50,inner_1,PRIORITY,R5,"{""Y_s@4h"": -0.555199069838171, ""Y_l@24h"": -0.4677994113673957, ""Y_l@48h"": ""NOT_RUN"", ""Y_l@72h"": ""NOT_RUN"", ""Y_l@96h"": ""NOT_RUN"", ""Y_l@120h"": ""NOT_RUN"", ""Y_l@144h"": ""NOT_RUN""}",,,,"REDUNDANCY_GROUP R5 (|r|>=0.95): sma_10,ema_10,sma_20,ema_20,sma_50,ema_50,sma_100,ema_100,sma_200,ema_200,bb_upper,bb_middle,bb_lower,vwap_60 | TOP_10_INDIVIDUAL max|rho|=0.5552 | CAUTION_PERSISTENT_INPUT acf1=0.9989: a Spearman screen against overlapping multi-bar return labels on a near-unit-root input can reflect regime/trend confounding; PS4 must test a differenced or ratio variant before any claim"
close_sma_ratio_50,inner_1,DEFERRED,,"{""Y_s@4h"": 0.07187814994207263, ""Y_l@24h"": -0.13945753713468717, ""Y_l@48h"": ""NOT_RUN"", ""Y_l@72h"": ""NOT_RUN"", ""Y_l@96h"": ""NOT_RUN"", ""Y_l@120h"": ""NOT_RUN"", ""Y_l@144h"": ""NOT_RUN""}",,,"re-enters on: PS5 inner-validation gain as a member of a group or pair, a later exploratory draw, a new vintage, or a change of declared target",BELOW_TOP_10_REVERSIBLE max|rho|=0.1395
sma_100,inner_1,PRIORITY,R5,"{""Y_s@4h"": -0.5601516020358699, ""Y_l@24h"": -0.4240235287034463, ""Y_l@48h"": ""NOT_RUN"", ""Y_l@72h"": ""NOT_RUN"", ""Y_l@96h"": ""NOT_RUN"", ""Y_l@120h"": ""NOT_RUN"", ""Y_l@144h"": ""NOT_RUN""}",,,,"REDUNDANCY_GROUP R5 (|r|>=0.95): sma_10,ema_10,sma_20,ema_20,sma_50,ema_50,sma_100,ema_100,sma_200,ema_200,bb_upper,bb_middle,bb_lower,vwap_60 | TOP_10_INDIVIDUAL max|rho|=0.5602 | CAUTION_PERSISTENT_INPUT acf1=0.9986: a Spearman screen against overlapping multi-bar return labels on a near-unit-root input can reflect regime/trend confounding; PS4 must test a differenced or ratio variant before any claim"
ema_100,inner_1,PRIORITY,R5,"{""Y_s@4h"": -0.5603803351752816, ""Y_l@24h"": -0.42228174756578424, ""Y_l@48h"": ""NOT_RUN"", ""Y_l@72h"": ""NOT_RUN"", ""Y_l@96h"": ""NOT_RUN"", ""Y_l@120h"": ""NOT_RUN"", ""Y_l@144h"": ""NOT_RUN""}",,,,"REDUNDANCY_GROUP R5 (|r|>=0.95): sma_10,ema_10,sma_20,ema_20,sma_50,ema_50,sma_100,ema_100,sma_200,ema_200,bb_upper,bb_middle,bb_lower,vwap_60 | TOP_10_INDIVIDUAL max|rho|=0.5604 | CAUTION_PERSISTENT_INPUT acf1=0.9987: a Spearman screen against overlapping multi-bar return labels on a near-unit-root input can reflect regime/trend confounding; PS4 must test a differenced or ratio variant before any claim"
close_sma_ratio_100,inner_1,DEFERRED,,"{""Y_s@4h"": 0.11974835526478235, ""Y_l@24h"": -0.17470179823758716, ""Y_l@48h"": ""NOT_RUN"", ""Y_l@72h"": ""NOT_RUN"", ""Y_l@96h"": ""NOT_RUN"", ""Y_l@120h"": ""NOT_RUN"", ""Y_l@144h"": ""NOT_RUN""}",,,"re-enters on: PS5 inner-validation gain as a member of a group or pair, a later exploratory draw, a new vintage, or a change of declared target",BELOW_TOP_10_REVERSIBLE max|rho|=0.1747
sma_200,inner_1,PRIORITY,R5,"{""Y_s@4h"": -0.5610019579126888, ""Y_l@24h"": -0.3083006351781965, ""Y_l@48h"": ""NOT_RUN"", ""Y_l@72h"": ""NOT_RUN"", ""Y_l@96h"": ""NOT_RUN"", ""Y_l@120h"": ""NOT_RUN"", ""Y_l@144h"": ""NOT_RUN""}",,,,"REDUNDANCY_GROUP R5 (|r|>=0.95): sma_10,ema_10,sma_20,ema_20,sma_50,ema_50,sma_100,ema_100,sma_200,ema_200,bb_upper,bb_middle,bb_lower,vwap_60 | TOP_10_INDIVIDUAL max|rho|=0.561 | SYNERGY_PAIR ema_200*sma_200 on Y_l@24h: joint |rho|=0.5504 vs individual max 0.3425 (pairs among the top 40 plus 2000 seeded random pairs; noise floor 3/sqrt(n)) | CAUTION_PERSISTENT_INPUT acf1=0.9986: a Spearman screen against overlapping multi-bar return labels on a near-unit-root input can reflect regime/trend confounding; PS4 must test a differenced or ratio variant before any claim"
ema_200,inner_1,PRIORITY,R5,"{""Y_s@4h"": -0.5751735326303481, ""Y_l@24h"": -0.3424515825587622, ""Y_l@48h"": ""NOT_RUN"", ""Y_l@72h"": ""NOT_RUN"", ""Y_l@96h"": ""NOT_RUN"", ""Y_l@120h"": ""NOT_RUN"", ""Y_l@144h"": ""NOT_RUN""}",,,,"REDUNDANCY_GROUP R5 (|r|>=0.95): sma_10,ema_10,sma_20,ema_20,sma_50,ema_50,sma_100,ema_100,sma_200,ema_200,bb_upper,bb_middle,bb_lower,vwap_60 | TOP_10_INDIVIDUAL max|rho|=0.5752 | SYNERGY_PAIR ema_200*sma_200 on Y_l@24h: joint |rho|=0.5504 vs individual max 0.3425 (pairs among the top 40 plus 2000 seeded random pairs; noise floor 3/sqrt(n)) | CAUTION_PERSISTENT_INPUT acf1=0.9986: a Spearman screen against overlapping multi-bar return labels on a near-unit-root input can reflect regime/trend confounding; PS4 must test a differenced or ratio variant before any claim"
close_sma_ratio_200,inner_1,SYNERGY,,"{""Y_s@4h"": 0.13226762218507, ""Y_l@24h"": -0.2613668412315911, ""Y_l@48h"": ""NOT_RUN"", ""Y_l@72h"": ""NOT_RUN"", ""Y_l@96h"": ""NOT_RUN"", ""Y_l@120h"": ""NOT_RUN"", ""Y_l@144h"": ""NOT_RUN""}",,,,SYNERGY_PAIR close_sma_ratio_200*roll_skew_ret_252 on Y_l@24h: joint |rho|=0.4534 vs individual max 0.2614 (pairs among the top 40 plus 2000 seeded random pairs; noise floor 3/sqrt(n)) | CAUTION_PERSISTENT_INPUT acf1=0.9936: a Spearman screen against overlapping multi-bar return labels on a near-unit-root input can reflect regime/trend confounding; PS4 must test a differenced or ratio variant before any claim
macd,inner_1,REPRESENTATIVE,R6,"{""Y_s@4h"": 0.07358818467859791, ""Y_l@24h"": -0.17594187467716058, ""Y_l@48h"": ""NOT_RUN"", ""Y_l@72h"": ""NOT_RUN"", ""Y_l@96h"": ""NOT_RUN"", ""Y_l@120h"": ""NOT_RUN"", ""Y_l@144h"": ""NOT_RUN""}",,,,"REDUNDANCY_GROUP R6 (|r|>=0.95): macd,macd_signal | BEST_SCORED_MEMBER_OF R6 | CAUTION_PERSISTENT_INPUT acf1=0.9920: a Spearman screen against overlapping multi-bar return labels on a near-unit-root input can reflect regime/trend confounding; PS4 must test a differenced or ratio variant before any claim"
macd_signal,inner_1,DEFERRED,R6,"{""Y_s@4h"": 0.08182659223451035, ""Y_l@24h"": -0.17530900143240868, ""Y_l@48h"": ""NOT_RUN"", ""Y_l@72h"": ""NOT_RUN"", ""Y_l@96h"": ""NOT_RUN"", ""Y_l@120h"": ""NOT_RUN"", ""Y_l@144h"": ""NOT_RUN""}",,,"re-enters on: PS5 inner-validation gain as a member of a group or pair, a later exploratory draw, a new vintage, or a change of declared target","REDUNDANCY_GROUP R6 (|r|>=0.95): macd,macd_signal | BELOW_TOP_10_REVERSIBLE max|rho|=0.1753"
macd_hist,inner_1,SYNERGY,,"{""Y_s@4h"": -0.016234302945954952, ""Y_l@24h"": -0.007307524056096589, ""Y_l@48h"": ""NOT_RUN"", ""Y_l@72h"": ""NOT_RUN"", ""Y_l@96h"": ""NOT_RUN"", ""Y_l@120h"": ""NOT_RUN"", ""Y_l@144h"": ""NOT_RUN""}",,,,SYNERGY_PAIR macd_hist*mom_10 on Y_s@4h: joint |rho|=0.2211 vs individual max 0.03136 (pairs among the top 40 plus 2000 seeded random pairs; noise floor 3/sqrt(n))
rsi_7,inner_1,DEFERRED,,"{""Y_s@4h"": 0.04444902519822046, ""Y_l@24h"": -0.07237449462284612, ""Y_l@48h"": ""NOT_RUN"", ""Y_l@72h"": ""NOT_RUN"", ""Y_l@96h"": ""NOT_RUN"", ""Y_l@120h"": ""NOT_RUN"", ""Y_l@144h"": ""NOT_RUN""}",,,"re-enters on: PS5 inner-validation gain as a member of a group or pair, a later exploratory draw, a new vintage, or a change of declared target",BELOW_TOP_10_REVERSIBLE max|rho|=0.07237
rsi_14,inner_1,DEFERRED,R7,"{""Y_s@4h"": 0.0659406249897302, ""Y_l@24h"": -0.10391191518645666, ""Y_l@48h"": ""NOT_RUN"", ""Y_l@72h"": ""NOT_RUN"", ""Y_l@96h"": ""NOT_RUN"", ""Y_l@120h"": ""NOT_RUN"", ""Y_l@144h"": ""NOT_RUN""}",,,"re-enters on: PS5 inner-validation gain as a member of a group or pair, a later exploratory draw, a new vintage, or a change of declared target","REDUNDANCY_GROUP R7 (|r|>=0.95): rsi_14,rsi_21 | BELOW_TOP_10_REVERSIBLE max|rho|=0.1039"
rsi_21,inner_1,REPRESENTATIVE,R7,"{""Y_s@4h"": 0.08233926725418876, ""Y_l@24h"": -0.1259116115811797, ""Y_l@48h"": ""NOT_RUN"", ""Y_l@72h"": ""NOT_RUN"", ""Y_l@96h"": ""NOT_RUN"", ""Y_l@120h"": ""NOT_RUN"", ""Y_l@144h"": ""NOT_RUN""}",,,,"REDUNDANCY_GROUP R7 (|r|>=0.95): rsi_14,rsi_21 | BEST_SCORED_MEMBER_OF R7"
stoch_k,inner_1,DEFERRED,R8,"{""Y_s@4h"": 0.034490178874427055, ""Y_l@24h"": -0.10118863323669508, ""Y_l@48h"": ""NOT_RUN"", ""Y_l@72h"": ""NOT_RUN"", ""Y_l@96h"": ""NOT_RUN"", ""Y_l@120h"": ""NOT_RUN"", ""Y_l@144h"": ""NOT_RUN""}",,,"re-enters on: PS5 inner-validation gain as a member of a group or pair, a later exploratory draw, a new vintage, or a change of declared target","REDUNDANCY_GROUP R8 (|r|>=0.95): stoch_k,williams_r_14 | BELOW_TOP_10_REVERSIBLE max|rho|=0.1012"
stoch_d,inner_1,DEFERRED,,"{""Y_s@4h"": 0.036373036420152535, ""Y_l@24h"": -0.10901272914382763, ""Y_l@48h"": ""NOT_RUN"", ""Y_l@72h"": ""NOT_RUN"", ""Y_l@96h"": ""NOT_RUN"", ""Y_l@120h"": ""NOT_RUN"", ""Y_l@144h"": ""NOT_RUN""}",,,"re-enters on: PS5 inner-validation gain as a member of a group or pair, a later exploratory draw, a new vintage, or a change of declared target",BELOW_TOP_10_REVERSIBLE max|rho|=0.109
williams_r_14,inner_1,REPRESENTATIVE,R8,"{""Y_s@4h"": 0.034490178874427055, ""Y_l@24h"": -0.10118863323669508, ""Y_l@48h"": ""NOT_RUN"", ""Y_l@72h"": ""NOT_RUN"", ""Y_l@96h"": ""NOT_RUN"", ""Y_l@120h"": ""NOT_RUN"", ""Y_l@144h"": ""NOT_RUN""}",,,,"REDUNDANCY_GROUP R8 (|r|>=0.95): stoch_k,williams_r_14 | BEST_SCORED_MEMBER_OF R8"
cci_14,inner_1,DEFERRED,,"{""Y_s@4h"": 0.03533588283626618, ""Y_l@24h"": -0.054016286268805884, ""Y_l@48h"": ""NOT_RUN"", ""Y_l@72h"": ""NOT_RUN"", ""Y_l@96h"": ""NOT_RUN"", ""Y_l@120h"": ""NOT_RUN"", ""Y_l@144h"": ""NOT_RUN""}",,,"re-enters on: PS5 inner-validation gain as a member of a group or pair, a later exploratory draw, a new vintage, or a change of declared target",BELOW_TOP_10_REVERSIBLE max|rho|=0.05402
roc_10,inner_1,REPRESENTATIVE,R2,"{""Y_s@4h"": 0.03207277804229095, ""Y_l@24h"": -0.0882746842659283, ""Y_l@48h"": ""NOT_RUN"", ""Y_l@72h"": ""NOT_RUN"", ""Y_l@96h"": ""NOT_RUN"", ""Y_l@120h"": ""NOT_RUN"", ""Y_l@144h"": ""NOT_RUN""}",,,,"REDUNDANCY_GROUP R2 (|r|>=0.95): return_10,log_return_10,roc_10 | BEST_SCORED_MEMBER_OF R2"
roc_20,inner_1,DEFERRED,R3,"{""Y_s@4h"": 0.04939058929499494, ""Y_l@24h"": -0.12574074944963554, ""Y_l@48h"": ""NOT_RUN"", ""Y_l@72h"": ""NOT_RUN"", ""Y_l@96h"": ""NOT_RUN"", ""Y_l@120h"": ""NOT_RUN"", ""Y_l@144h"": ""NOT_RUN""}",,,"re-enters on: PS5 inner-validation gain as a member of a group or pair, a later exploratory draw, a new vintage, or a change of declared target","REDUNDANCY_GROUP R3 (|r|>=0.95): return_20,log_return_20,roc_20,roll_mean_ret_20 | BELOW_TOP_10_REVERSIBLE max|rho|=0.1257"
roc_60,inner_1,EXPLORATORY,R4,"{""Y_s@4h"": 0.10406086988687013, ""Y_l@24h"": -0.155505347107825, ""Y_l@48h"": ""NOT_RUN"", ""Y_l@72h"": ""NOT_RUN"", ""Y_l@96h"": ""NOT_RUN"", ""Y_l@120h"": ""NOT_RUN"", ""Y_l@144h"": ""NOT_RUN""}",0.09803921568627451,"uniform without replacement over the 51 unranked eligible inputs, seed=20261001, fold=inner_1; drawn independently of relevance",,"REDUNDANCY_GROUP R4 (|r|>=0.95): return_60,log_return_60,roc_60,roll_mean_ret_60 | EXPLORATORY_DRAW (outside the ranking)"
mom_10,inner_1,SYNERGY,,"{""Y_s@4h"": 0.03136291903393714, ""Y_l@24h"": -0.10759585101726332, ""Y_l@48h"": ""NOT_RUN"", ""Y_l@72h"": ""NOT_RUN"", ""Y_l@96h"": ""NOT_RUN"", ""Y_l@120h"": ""NOT_RUN"", ""Y_l@144h"": ""NOT_RUN""}",,,,SYNERGY_PAIR macd_hist*mom_10 on Y_s@4h: joint |rho|=0.2211 vs individual max 0.03136 (pairs among the top 40 plus 2000 seeded random pairs; noise floor 3/sqrt(n)) | SYNERGY_PAIR return_10*mom_10 on Y_s@4h: joint |rho|=0.2085 vs individual max 0.03207 (pairs among the top 40 plus 2000 seeded random pairs; noise floor 3/sqrt(n))
mom_20,inner_1,DEFERRED,,"{""Y_s@4h"": 0.044377232937370725, ""Y_l@24h"": -0.16154516032908, ""Y_l@48h"": ""NOT_RUN"", ""Y_l@72h"": ""NOT_RUN"", ""Y_l@96h"": ""NOT_RUN"", ""Y_l@120h"": ""NOT_RUN"", ""Y_l@144h"": ""NOT_RUN""}",,,"re-enters on: PS5 inner-validation gain as a member of a group or pair, a later exploratory draw, a new vintage, or a change of declared target",BELOW_TOP_10_REVERSIBLE max|rho|=0.1615
bb_upper,inner_1,DEFERRED,R5,"{""Y_s@4h"": -0.5433644068020314, ""Y_l@24h"": -0.5126825021158751, ""Y_l@48h"": ""NOT_RUN"", ""Y_l@72h"": ""NOT_RUN"", ""Y_l@96h"": ""NOT_RUN"", ""Y_l@120h"": ""NOT_RUN"", ""Y_l@144h"": ""NOT_RUN""}",,,"re-enters on: PS5 inner-validation gain as a member of a group or pair, a later exploratory draw, a new vintage, or a change of declared target","REDUNDANCY_GROUP R5 (|r|>=0.95): sma_10,ema_10,sma_20,ema_20,sma_50,ema_50,sma_100,ema_100,sma_200,ema_200,bb_upper,bb_middle,bb_lower,vwap_60 | BELOW_TOP_10_REVERSIBLE max|rho|=0.5434"
bb_middle,inner_1,DEFERRED,R5,"{""Y_s@4h"": -0.5466878912905844, ""Y_l@24h"": -0.4904343260151447, ""Y_l@48h"": ""NOT_RUN"", ""Y_l@72h"": ""NOT_RUN"", ""Y_l@96h"": ""NOT_RUN"", ""Y_l@120h"": ""NOT_RUN"", ""Y_l@144h"": ""NOT_RUN""}",,,"re-enters on: PS5 inner-validation gain as a member of a group or pair, a later exploratory draw, a new vintage, or a change of declared target","REDUNDANCY_GROUP R5 (|r|>=0.95): sma_10,ema_10,sma_20,ema_20,sma_50,ema_50,sma_100,ema_100,sma_200,ema_200,bb_upper,bb_middle,bb_lower,vwap_60 | BELOW_TOP_10_REVERSIBLE max|rho|=0.5467"
bb_lower,inner_1,DEFERRED,R5,"{""Y_s@4h"": -0.543463612319483, ""Y_l@24h"": -0.4407769247200712, ""Y_l@48h"": ""NOT_RUN"", ""Y_l@72h"": ""NOT_RUN"", ""Y_l@96h"": ""NOT_RUN"", ""Y_l@120h"": ""NOT_RUN"", ""Y_l@144h"": ""NOT_RUN""}",,,"re-enters on: PS5 inner-validation gain as a member of a group or pair, a later exploratory draw, a new vintage, or a change of declared target","REDUNDANCY_GROUP R5 (|r|>=0.95): sma_10,ema_10,sma_20,ema_20,sma_50,ema_50,sma_100,ema_100,sma_200,ema_200,bb_upper,bb_middle,bb_lower,vwap_60 | BELOW_TOP_10_REVERSIBLE max|rho|=0.5435"
bb_pct_b,inner_1,DEFERRED,,"{""Y_s@4h"": 0.04090637532199269, ""Y_l@24h"": -0.06438780691098082, ""Y_l@48h"": ""NOT_RUN"", ""Y_l@72h"": ""NOT_RUN"", ""Y_l@96h"": ""NOT_RUN"", ""Y_l@120h"": ""NOT_RUN"", ""Y_l@144h"": ""NOT_RUN""}",,,"re-enters on: PS5 inner-validation gain as a member of a group or pair, a later exploratory draw, a new vintage, or a change of declared target",BELOW_TOP_10_REVERSIBLE max|rho|=0.06439
bb_width,inner_1,DEFERRED,,"{""Y_s@4h"": -0.13752885061740863, ""Y_l@24h"": -0.28979106639730423, ""Y_l@48h"": ""NOT_RUN"", ""Y_l@72h"": ""NOT_RUN"", ""Y_l@96h"": ""NOT_RUN"", ""Y_l@120h"": ""NOT_RUN"", ""Y_l@144h"": ""NOT_RUN""}",,,"re-enters on: PS5 inner-validation gain as a member of a group or pair, a later exploratory draw, a new vintage, or a change of declared target",BELOW_TOP_10_REVERSIBLE max|rho|=0.2898
atr_14,inner_1,DEFERRED,,"{""Y_s@4h"": -0.4640773730695046, ""Y_l@24h"": -0.5109368027899611, ""Y_l@48h"": ""NOT_RUN"", ""Y_l@72h"": ""NOT_RUN"", ""Y_l@96h"": ""NOT_RUN"", ""Y_l@120h"": ""NOT_RUN"", ""Y_l@144h"": ""NOT_RUN""}",,,"re-enters on: PS5 inner-validation gain as a member of a group or pair, a later exploratory draw, a new vintage, or a change of declared target",BELOW_TOP_10_REVERSIBLE max|rho|=0.5109
natr_14,inner_1,DEFERRED,,"{""Y_s@4h"": -0.16638519884898006, ""Y_l@24h"": -0.39228015541193495, ""Y_l@48h"": ""NOT_RUN"", ""Y_l@72h"": ""NOT_RUN"", ""Y_l@96h"": ""NOT_RUN"", ""Y_l@120h"": ""NOT_RUN"", ""Y_l@144h"": ""NOT_RUN""}",,,"re-enters on: PS5 inner-validation gain as a member of a group or pair, a later exploratory draw, a new vintage, or a change of declared target",BELOW_TOP_10_REVERSIBLE max|rho|=0.3923
hist_vol_10,inner_1,DEFERRED,,"{""Y_s@4h"": -0.13618604362953954, ""Y_l@24h"": -0.3168076478661654, ""Y_l@48h"": ""NOT_RUN"", ""Y_l@72h"": ""NOT_RUN"", ""Y_l@96h"": ""NOT_RUN"", ""Y_l@120h"": ""NOT_RUN"", ""Y_l@144h"": ""NOT_RUN""}",,,"re-enters on: PS5 inner-validation gain as a member of a group or pair, a later exploratory draw, a new vintage, or a change of declared target",BELOW_TOP_10_REVERSIBLE max|rho|=0.3168
hist_vol_20,inner_1,DEFERRED,R9,"{""Y_s@4h"": -0.15146061350285822, ""Y_l@24h"": -0.39294832727486545, ""Y_l@48h"": ""NOT_RUN"", ""Y_l@72h"": ""NOT_RUN"", ""Y_l@96h"": ""NOT_RUN"", ""Y_l@120h"": ""NOT_RUN"", ""Y_l@144h"": ""NOT_RUN""}",,,"re-enters on: PS5 inner-validation gain as a member of a group or pair, a later exploratory draw, a new vintage, or a change of declared target","REDUNDANCY_GROUP R9 (|r|>=0.95): hist_vol_20,roll_std_ret_20 | BELOW_TOP_10_REVERSIBLE max|rho|=0.3929"
hist_vol_60,inner_1,DEFERRED,R10,"{""Y_s@4h"": -0.17125233577613114, ""Y_l@24h"": -0.4570122434254226, ""Y_l@48h"": ""NOT_RUN"", ""Y_l@72h"": ""NOT_RUN"", ""Y_l@96h"": ""NOT_RUN"", ""Y_l@120h"": ""NOT_RUN"", ""Y_l@144h"": ""NOT_RUN""}",,,"re-enters on: PS5 inner-validation gain as a member of a group or pair, a later exploratory draw, a new vintage, or a change of declared target","REDUNDANCY_GROUP R10 (|r|>=0.95): hist_vol_60,roll_std_ret_60 | BELOW_TOP_10_REVERSIBLE max|rho|=0.457"
ema_cross_10_50,inner_1,DEFERRED,,"{""Y_s@4h"": 0.09646446650684934, ""Y_l@24h"": -0.1608911789224114, ""Y_l@48h"": ""NOT_RUN"", ""Y_l@72h"": ""NOT_RUN"", ""Y_l@96h"": ""NOT_RUN"", ""Y_l@120h"": ""NOT_RUN"", ""Y_l@144h"": ""NOT_RUN""}",,,"re-enters on: PS5 inner-validation gain as a member of a group or pair, a later exploratory draw, a new vintage, or a change of declared target",BELOW_TOP_10_REVERSIBLE max|rho|=0.1609
ema_cross_20_100,inner_1,SYNERGY,,"{""Y_s@4h"": 0.12925510675068616, ""Y_l@24h"": -0.21497258772006475, ""Y_l@48h"": ""NOT_RUN"", ""Y_l@72h"": ""NOT_RUN"", ""Y_l@96h"": ""NOT_RUN"", ""Y_l@120h"": ""NOT_RUN"", ""Y_l@144h"": ""NOT_RUN""}",,,,SYNERGY_PAIR ema_cross_20_100*obv on Y_s@4h: joint |rho|=0.3265 vs individual max 0.1293 (pairs among the top 40 plus 2000 seeded random pairs; noise floor 3/sqrt(n)) | SYNERGY_PAIR obv*ema_cross_20_100 on Y_s@4h: joint |rho|=0.3265 vs individual max 0.1293 (pairs among the top 40 plus 2000 seeded random pairs; noise floor 3/sqrt(n)) | CAUTION_PERSISTENT_INPUT acf1=0.9986: a Spearman screen against overlapping multi-bar return labels on a near-unit-root input can reflect regime/trend confounding; PS4 must test a differenced or ratio variant before any claim
trend_slope_50,inner_1,DEFERRED,,"{""Y_s@4h"": 0.08661987013869493, ""Y_l@24h"": -0.1500658609520983, ""Y_l@48h"": ""NOT_RUN"", ""Y_l@72h"": ""NOT_RUN"", ""Y_l@96h"": ""NOT_RUN"", ""Y_l@120h"": ""NOT_RUN"", ""Y_l@144h"": ""NOT_RUN""}",,,"re-enters on: PS5 inner-validation gain as a member of a group or pair, a later exploratory draw, a new vintage, or a change of declared target",BELOW_TOP_10_REVERSIBLE max|rho|=0.1501
trend_strength_50,inner_1,DEFERRED,,"{""Y_s@4h"": -0.0927646021583293, ""Y_l@24h"": -0.11223247895101894, ""Y_l@48h"": ""NOT_RUN"", ""Y_l@72h"": ""NOT_RUN"", ""Y_l@96h"": ""NOT_RUN"", ""Y_l@120h"": ""NOT_RUN"", ""Y_l@144h"": ""NOT_RUN""}",,,"re-enters on: PS5 inner-validation gain as a member of a group or pair, a later exploratory draw, a new vintage, or a change of declared target",BELOW_TOP_10_REVERSIBLE max|rho|=0.1122
obv,inner_1,SYNERGY,,"{""Y_s@4h"": -0.01244484651680566, ""Y_l@24h"": -0.4402926324251471, ""Y_l@48h"": ""NOT_RUN"", ""Y_l@72h"": ""NOT_RUN"", ""Y_l@96h"": ""NOT_RUN"", ""Y_l@120h"": ""NOT_RUN"", ""Y_l@144h"": ""NOT_RUN""}",,,,SYNERGY_PAIR obv*roll_mean_ret_252 on Y_s@4h: joint |rho|=0.3576 vs individual max 0.1284 (pairs among the top 40 plus 2000 seeded random pairs; noise floor 3/sqrt(n)) | SYNERGY_PAIR ema_cross_20_100*obv on Y_s@4h: joint |rho|=0.3265 vs individual max 0.1293 (pairs among the top 40 plus 2000 seeded random pairs; noise floor 3/sqrt(n)) | SYNERGY_PAIR obv*ema_cross_20_100 on Y_s@4h: joint |rho|=0.3265 vs individual max 0.1293 (pairs among the top 40 plus 2000 seeded random pairs; noise floor 3/sqrt(n)) | CAUTION_PERSISTENT_INPUT acf1=0.9989: a Spearman screen against overlapping multi-bar return labels on a near-unit-root input can reflect regime/trend confounding; PS4 must test a differenced or ratio variant before any claim
obv_delta_20,inner_1,DEFERRED,,"{""Y_s@4h"": -0.0019887818389933594, ""Y_l@24h"": 0.0013299087369937341, ""Y_l@48h"": ""NOT_RUN"", ""Y_l@72h"": ""NOT_RUN"", ""Y_l@96h"": ""NOT_RUN"", ""Y_l@120h"": ""NOT_RUN"", ""Y_l@144h"": ""NOT_RUN""}",,,"re-enters on: PS5 inner-validation gain as a member of a group or pair, a later exploratory draw, a new vintage, or a change of declared target",BELOW_TOP_10_REVERSIBLE max|rho|=0.001989
volume_sma_10,inner_1,DEFERRED,,"{""Y_s@4h"": 0.5080660097845235, ""Y_l@24h"": 0.054024163519329184, ""Y_l@48h"": ""NOT_RUN"", ""Y_l@72h"": ""NOT_RUN"", ""Y_l@96h"": ""NOT_RUN"", ""Y_l@120h"": ""NOT_RUN"", ""Y_l@144h"": ""NOT_RUN""}",,,"re-enters on: PS5 inner-validation gain as a member of a group or pair, a later exploratory draw, a new vintage, or a change of declared target",BELOW_TOP_10_REVERSIBLE max|rho|=0.5081
volume_sma_20,inner_1,SYNERGY,,"{""Y_s@4h"": 0.5249696228956027, ""Y_l@24h"": 0.06688890569728749, ""Y_l@48h"": ""NOT_RUN"", ""Y_l@72h"": ""NOT_RUN"", ""Y_l@96h"": ""NOT_RUN"", ""Y_l@120h"": ""NOT_RUN"", ""Y_l@144h"": ""NOT_RUN""}",,,,SYNERGY_PAIR volume_sma_20*autocorr_lag1_100 on Y_l@24h: joint |rho|=0.2912 vs individual max 0.06689 (pairs among the top 40 plus 2000 seeded random pairs; noise floor 3/sqrt(n)) | CAUTION_PERSISTENT_INPUT acf1=0.9979: a Spearman screen against overlapping multi-bar return labels on a near-unit-root input can reflect regime/trend confounding; PS4 must test a differenced or ratio variant before any claim
volume_ratio_20,inner_1,DEFERRED,,"{""Y_s@4h"": -0.015078942346565722, ""Y_l@24h"": 0.015235555434941928, ""Y_l@48h"": ""NOT_RUN"", ""Y_l@72h"": ""NOT_RUN"", ""Y_l@96h"": ""NOT_RUN"", ""Y_l@120h"": ""NOT_RUN"", ""Y_l@144h"": ""NOT_RUN""}",,,"re-enters on: PS5 inner-validation gain as a member of a group or pair, a later exploratory draw, a new vintage, or a change of declared target",BELOW_TOP_10_REVERSIBLE max|rho|=0.01524
vwap_60,inner_1,PRIORITY,R5,"{""Y_s@4h"": -0.5562655303941558, ""Y_l@24h"": -0.45312860806864014, ""Y_l@48h"": ""NOT_RUN"", ""Y_l@72h"": ""NOT_RUN"", ""Y_l@96h"": ""NOT_RUN"", ""Y_l@120h"": ""NOT_RUN"", ""Y_l@144h"": ""NOT_RUN""}",,,,"REDUNDANCY_GROUP R5 (|r|>=0.95): sma_10,ema_10,sma_20,ema_20,sma_50,ema_50,sma_100,ema_100,sma_200,ema_200,bb_upper,bb_middle,bb_lower,vwap_60 | TOP_10_INDIVIDUAL max|rho|=0.5563 | CAUTION_PERSISTENT_INPUT acf1=0.9987: a Spearman screen against overlapping multi-bar return labels on a near-unit-root input can reflect regime/trend confounding; PS4 must test a differenced or ratio variant before any claim"
mfi_14,inner_1,DEFERRED,,"{""Y_s@4h"": 0.05377719352136035, ""Y_l@24h"": -0.032395959898385604, ""Y_l@48h"": ""NOT_RUN"", ""Y_l@72h"": ""NOT_RUN"", ""Y_l@96h"": ""NOT_RUN"", ""Y_l@120h"": ""NOT_RUN"", ""Y_l@144h"": ""NOT_RUN""}",,,"re-enters on: PS5 inner-validation gain as a member of a group or pair, a later exploratory draw, a new vintage, or a change of declared target",BELOW_TOP_10_REVERSIBLE max|rho|=0.05378
statistical__log_return_1,inner_1,REPRESENTATIVE,R0,"{""Y_s@4h"": 0.012391357751657417, ""Y_l@24h"": -0.020989576046524006, ""Y_l@48h"": ""NOT_RUN"", ""Y_l@72h"": ""NOT_RUN"", ""Y_l@96h"": ""NOT_RUN"", ""Y_l@120h"": ""NOT_RUN"", ""Y_l@144h"": ""NOT_RUN""}",,,,"REDUNDANCY_GROUP R0 (|r|>=0.95): return_1,log_return_1,statistical__log_return_1 | BEST_SCORED_MEMBER_OF R0"
roll_mean_ret_20,inner_1,REPRESENTATIVE,R3,"{""Y_s@4h"": 0.04939058929499494, ""Y_l@24h"": -0.12574074944963554, ""Y_l@48h"": ""NOT_RUN"", ""Y_l@72h"": ""NOT_RUN"", ""Y_l@96h"": ""NOT_RUN"", ""Y_l@120h"": ""NOT_RUN"", ""Y_l@144h"": ""NOT_RUN""}",,,,"REDUNDANCY_GROUP R3 (|r|>=0.95): return_20,log_return_20,roc_20,roll_mean_ret_20 | BEST_SCORED_MEMBER_OF R3"
roll_std_ret_20,inner_1,REPRESENTATIVE,R9,"{""Y_s@4h"": -0.15146054107099954, ""Y_l@24h"": -0.39294832727486545, ""Y_l@48h"": ""NOT_RUN"", ""Y_l@72h"": ""NOT_RUN"", ""Y_l@96h"": ""NOT_RUN"", ""Y_l@120h"": ""NOT_RUN"", ""Y_l@144h"": ""NOT_RUN""}",,,,"REDUNDANCY_GROUP R9 (|r|>=0.95): hist_vol_20,roll_std_ret_20 | BEST_SCORED_MEMBER_OF R9"
roll_skew_ret_20,inner_1,DEFERRED,,"{""Y_s@4h"": 0.025511182846589705, ""Y_l@24h"": -0.18086205465581526, ""Y_l@48h"": ""NOT_RUN"", ""Y_l@72h"": ""NOT_RUN"", ""Y_l@96h"": ""NOT_RUN"", ""Y_l@120h"": ""NOT_RUN"", ""Y_l@144h"": ""NOT_RUN""}",,,"re-enters on: PS5 inner-validation gain as a member of a group or pair, a later exploratory draw, a new vintage, or a change of declared target",BELOW_TOP_10_REVERSIBLE max|rho|=0.1809
roll_kurt_ret_20,inner_1,DEFERRED,,"{""Y_s@4h"": 0.101537660680925, ""Y_l@24h"": 0.18987244086029995, ""Y_l@48h"": ""NOT_RUN"", ""Y_l@72h"": ""NOT_RUN"", ""Y_l@96h"": ""NOT_RUN"", ""Y_l@120h"": ""NOT_RUN"", ""Y_l@144h"": ""NOT_RUN""}",,,"re-enters on: PS5 inner-validation gain as a member of a group or pair, a later exploratory draw, a new vintage, or a change of declared target",BELOW_TOP_10_REVERSIBLE max|rho|=0.1899
roll_mean_ret_60,inner_1,REPRESENTATIVE,R4,"{""Y_s@4h"": 0.10406086988687013, ""Y_l@24h"": -0.155505347107825, ""Y_l@48h"": ""NOT_RUN"", ""Y_l@72h"": ""NOT_RUN"", ""Y_l@96h"": ""NOT_RUN"", ""Y_l@120h"": ""NOT_RUN"", ""Y_l@144h"": ""NOT_RUN""}",,,,"REDUNDANCY_GROUP R4 (|r|>=0.95): return_60,log_return_60,roc_60,roll_mean_ret_60 | BEST_SCORED_MEMBER_OF R4"
roll_std_ret_60,inner_1,REPRESENTATIVE,R10,"{""Y_s@4h"": -0.17125255777911186, ""Y_l@24h"": -0.4570122434254226, ""Y_l@48h"": ""NOT_RUN"", ""Y_l@72h"": ""NOT_RUN"", ""Y_l@96h"": ""NOT_RUN"", ""Y_l@120h"": ""NOT_RUN"", ""Y_l@144h"": ""NOT_RUN""}",,,,"REDUNDANCY_GROUP R10 (|r|>=0.95): hist_vol_60,roll_std_ret_60 | BEST_SCORED_MEMBER_OF R10 | CAUTION_PERSISTENT_INPUT acf1=0.9968: a Spearman screen against overlapping multi-bar return labels on a near-unit-root input can reflect regime/trend confounding; PS4 must test a differenced or ratio variant before any claim"
roll_skew_ret_60,inner_1,DEFERRED,,"{""Y_s@4h"": -0.047618301085148085, ""Y_l@24h"": -0.09968458179095652, ""Y_l@48h"": ""NOT_RUN"", ""Y_l@72h"": ""NOT_RUN"", ""Y_l@96h"": ""NOT_RUN"", ""Y_l@120h"": ""NOT_RUN"", ""Y_l@144h"": ""NOT_RUN""}",,,"re-enters on: PS5 inner-validation gain as a member of a group or pair, a later exploratory draw, a new vintage, or a change of declared target",BELOW_TOP_10_REVERSIBLE max|rho|=0.09968
roll_kurt_ret_60,inner_1,DEFERRED,,"{""Y_s@4h"": 0.17561645267402648, ""Y_l@24h"": -0.010531563855866228, ""Y_l@48h"": ""NOT_RUN"", ""Y_l@72h"": ""NOT_RUN"", ""Y_l@96h"": ""NOT_RUN"", ""Y_l@120h"": ""NOT_RUN"", ""Y_l@144h"": ""NOT_RUN""}",,,"re-enters on: PS5 inner-validation gain as a member of a group or pair, a later exploratory draw, a new vintage, or a change of declared target",BELOW_TOP_10_REVERSIBLE max|rho|=0.1756
roll_mean_ret_252,inner_1,SYNERGY,,"{""Y_s@4h"": 0.12835300556704107, ""Y_l@24h"": -0.4027284360156548, ""Y_l@48h"": ""NOT_RUN"", ""Y_l@72h"": ""NOT_RUN"", ""Y_l@96h"": ""NOT_RUN"", ""Y_l@120h"": ""NOT_RUN"", ""Y_l@144h"": ""NOT_RUN""}",,,,SYNERGY_PAIR obv*roll_mean_ret_252 on Y_s@4h: joint |rho|=0.3576 vs individual max 0.1284 (pairs among the top 40 plus 2000 seeded random pairs; noise floor 3/sqrt(n)) | CAUTION_PERSISTENT_INPUT acf1=0.9970: a Spearman screen against overlapping multi-bar return labels on a near-unit-root input can reflect regime/trend confounding; PS4 must test a differenced or ratio variant before any claim
roll_std_ret_252,inner_1,PRIORITY,,"{""Y_s@4h"": -0.2805515527981373, ""Y_l@24h"": -0.7729765203012351, ""Y_l@48h"": ""NOT_RUN"", ""Y_l@72h"": ""NOT_RUN"", ""Y_l@96h"": ""NOT_RUN"", ""Y_l@120h"": ""NOT_RUN"", ""Y_l@144h"": ""NOT_RUN""}",,,,TOP_10_INDIVIDUAL max|rho|=0.773 | CAUTION_PERSISTENT_INPUT acf1=0.9991: a Spearman screen against overlapping multi-bar return labels on a near-unit-root input can reflect regime/trend confounding; PS4 must test a differenced or ratio variant before any claim
roll_skew_ret_252,inner_1,SYNERGY,,"{""Y_s@4h"": -0.09407911562295379, ""Y_l@24h"": -0.03013130004266225, ""Y_l@48h"": ""NOT_RUN"", ""Y_l@72h"": ""NOT_RUN"", ""Y_l@96h"": ""NOT_RUN"", ""Y_l@120h"": ""NOT_RUN"", ""Y_l@144h"": ""NOT_RUN""}",,,,SYNERGY_PAIR close_sma_ratio_200*roll_skew_ret_252 on Y_l@24h: joint |rho|=0.4534 vs individual max 0.2614 (pairs among the top 40 plus 2000 seeded random pairs; noise floor 3/sqrt(n)) | CAUTION_PERSISTENT_INPUT acf1=0.9936: a Spearman screen against overlapping multi-bar return labels on a near-unit-root input can reflect regime/trend confounding; PS4 must test a differenced or ratio variant before any claim
roll_kurt_ret_252,inner_1,EXPLORATORY,,"{""Y_s@4h"": 0.4409325211233178, ""Y_l@24h"": -0.20616311739441068, ""Y_l@48h"": ""NOT_RUN"", ""Y_l@72h"": ""NOT_RUN"", ""Y_l@96h"": ""NOT_RUN"", ""Y_l@120h"": ""NOT_RUN"", ""Y_l@144h"": ""NOT_RUN""}",0.09803921568627451,"uniform without replacement over the 51 unranked eligible inputs, seed=20261001, fold=inner_1; drawn independently of relevance",,EXPLORATORY_DRAW (outside the ranking)
realized_var_12,inner_1,DEFERRED,,"{""Y_s@4h"": -0.14175748090516077, ""Y_l@24h"": -0.3450506925906037, ""Y_l@48h"": ""NOT_RUN"", ""Y_l@72h"": ""NOT_RUN"", ""Y_l@96h"": ""NOT_RUN"", ""Y_l@120h"": ""NOT_RUN"", ""Y_l@144h"": ""NOT_RUN""}",,,"re-enters on: PS5 inner-validation gain as a member of a group or pair, a later exploratory draw, a new vintage, or a change of declared target",BELOW_TOP_10_REVERSIBLE max|rho|=0.3451
realized_var_48,inner_1,EXPLORATORY,,"{""Y_s@4h"": -0.16405161076449887, ""Y_l@24h"": -0.4431787613196108, ""Y_l@48h"": ""NOT_RUN"", ""Y_l@72h"": ""NOT_RUN"", ""Y_l@96h"": ""NOT_RUN"", ""Y_l@120h"": ""NOT_RUN"", ""Y_l@144h"": ""NOT_RUN""}",0.09803921568627451,"uniform without replacement over the 51 unranked eligible inputs, seed=20261001, fold=inner_1; drawn independently of relevance",,EXPLORATORY_DRAW (outside the ranking)
autocorr_lag1_100,inner_1,SYNERGY,,"{""Y_s@4h"": -0.026892294454386817, ""Y_l@24h"": 0.0006168060083973036, ""Y_l@48h"": ""NOT_RUN"", ""Y_l@72h"": ""NOT_RUN"", ""Y_l@96h"": ""NOT_RUN"", ""Y_l@120h"": ""NOT_RUN"", ""Y_l@144h"": ""NOT_RUN""}",,,,SYNERGY_PAIR autocorr_lag1_100*hurst_proxy_200 on Y_l@24h: joint |rho|=0.4149 vs individual max 0.1363 (pairs among the top 40 plus 2000 seeded random pairs; noise floor 3/sqrt(n)) | SYNERGY_PAIR volume_sma_20*autocorr_lag1_100 on Y_l@24h: joint |rho|=0.2912 vs individual max 0.06689 (pairs among the top 40 plus 2000 seeded random pairs; noise floor 3/sqrt(n))
autocorr_lag5_100,inner_1,SYNERGY,,"{""Y_s@4h"": -0.17469857351001067, ""Y_l@24h"": 0.02278951491376184, ""Y_l@48h"": ""NOT_RUN"", ""Y_l@72h"": ""NOT_RUN"", ""Y_l@96h"": ""NOT_RUN"", ""Y_l@120h"": ""NOT_RUN"", ""Y_l@144h"": ""NOT_RUN""}",,,,SYNERGY_PAIR autocorr_lag5_100*hurst_proxy_200 on Y_l@24h: joint |rho|=0.5051 vs individual max 0.1363 (pairs among the top 40 plus 2000 seeded random pairs; noise floor 3/sqrt(n))
sqret_autocorr_lag1_100,inner_1,PRIORITY,,"{""Y_s@4h"": 0.08478636390705152, ""Y_l@24h"": -0.6048163216866314, ""Y_l@48h"": ""NOT_RUN"", ""Y_l@72h"": ""NOT_RUN"", ""Y_l@96h"": ""NOT_RUN"", ""Y_l@120h"": ""NOT_RUN"", ""Y_l@144h"": ""NOT_RUN""}",,,,TOP_10_INDIVIDUAL max|rho|=0.6048
vol_regime_high,inner_1,DEFERRED,,"{""Y_s@4h"": 0.06401261469892008, ""Y_l@24h"": -0.37013637852943587, ""Y_l@48h"": ""NOT_RUN"", ""Y_l@72h"": ""NOT_RUN"", ""Y_l@96h"": ""NOT_RUN"", ""Y_l@120h"": ""NOT_RUN"", ""Y_l@144h"": ""NOT_RUN""}",,,"re-enters on: PS5 inner-validation gain as a member of a group or pair, a later exploratory draw, a new vintage, or a change of declared target",BELOW_TOP_10_REVERSIBLE max|rho|=0.3701
vol_regime_low,inner_1,DEFERRED,,"{""Y_s@4h"": -0.1385635532810244, ""Y_l@24h"": 0.2679840571809266, ""Y_l@48h"": ""NOT_RUN"", ""Y_l@72h"": ""NOT_RUN"", ""Y_l@96h"": ""NOT_RUN"", ""Y_l@120h"": ""NOT_RUN"", ""Y_l@144h"": ""NOT_RUN""}",,,"re-enters on: PS5 inner-validation gain as a member of a group or pair, a later exploratory draw, a new vintage, or a change of declared target",BELOW_TOP_10_REVERSIBLE max|rho|=0.268
hurst_proxy_200,inner_1,SYNERGY,,"{""Y_s@4h"": -0.013519982592369244, ""Y_l@24h"": 0.136335919987915, ""Y_l@48h"": ""NOT_RUN"", ""Y_l@72h"": ""NOT_RUN"", ""Y_l@96h"": ""NOT_RUN"", ""Y_l@120h"": ""NOT_RUN"", ""Y_l@144h"": ""NOT_RUN""}",,,,SYNERGY_PAIR autocorr_lag5_100*hurst_proxy_200 on Y_l@24h: joint |rho|=0.5051 vs individual max 0.1363 (pairs among the top 40 plus 2000 seeded random pairs; noise floor 3/sqrt(n)) | SYNERGY_PAIR autocorr_lag1_100*hurst_proxy_200 on Y_l@24h: joint |rho|=0.4149 vs individual max 0.1363 (pairs among the top 40 plus 2000 seeded random pairs; noise floor 3/sqrt(n))
zscore_close_100,inner_1,DEFERRED,,"{""Y_s@4h"": 0.12348460683339045, ""Y_l@24h"": -0.1469456271991593, ""Y_l@48h"": ""NOT_RUN"", ""Y_l@72h"": ""NOT_RUN"", ""Y_l@96h"": ""NOT_RUN"", ""Y_l@120h"": ""NOT_RUN"", ""Y_l@144h"": ""NOT_RUN""}",,,"re-enters on: PS5 inner-validation gain as a member of a group or pair, a later exploratory draw, a new vintage, or a change of declared target",BELOW_TOP_10_REVERSIBLE max|rho|=0.1469
return_1,inner_2,DEFERRED,R0,"{""Y_s@4h"": 0.012147810437486745, ""Y_l@24h"": -0.03218996814547032, ""Y_l@48h"": ""NOT_RUN"", ""Y_l@72h"": ""NOT_RUN"", ""Y_l@96h"": ""NOT_RUN"", ""Y_l@120h"": ""NOT_RUN"", ""Y_l@144h"": ""NOT_RUN""}",,,"re-enters on: PS5 inner-validation gain as a member of a group or pair, a later exploratory draw, a new vintage, or a change of declared target","REDUNDANCY_GROUP R0 (|r|>=0.95): return_1,log_return_1,statistical__log_return_1 | BELOW_TOP_10_REVERSIBLE max|rho|=0.03219"
log_return_1,inner_2,DEFERRED,R0,"{""Y_s@4h"": 0.012147810437486745, ""Y_l@24h"": -0.03218996814547032, ""Y_l@48h"": ""NOT_RUN"", ""Y_l@72h"": ""NOT_RUN"", ""Y_l@96h"": ""NOT_RUN"", ""Y_l@120h"": ""NOT_RUN"", ""Y_l@144h"": ""NOT_RUN""}",,,"re-enters on: PS5 inner-validation gain as a member of a group or pair, a later exploratory draw, a new vintage, or a change of declared target","REDUNDANCY_GROUP R0 (|r|>=0.95): return_1,log_return_1,statistical__log_return_1 | BELOW_TOP_10_REVERSIBLE max|rho|=0.03219"
return_5,inner_2,REPRESENTATIVE,R1,"{""Y_s@4h"": 0.016828218544730364, ""Y_l@24h"": -0.06254934812544144, ""Y_l@48h"": ""NOT_RUN"", ""Y_l@72h"": ""NOT_RUN"", ""Y_l@96h"": ""NOT_RUN"", ""Y_l@120h"": ""NOT_RUN"", ""Y_l@144h"": ""NOT_RUN""}",,,,"REDUNDANCY_GROUP R1 (|r|>=0.95): return_5,log_return_5 | BEST_SCORED_MEMBER_OF R1"
log_return_5,inner_2,DEFERRED,R1,"{""Y_s@4h"": 0.016828218544730364, ""Y_l@24h"": -0.06254934812544144, ""Y_l@48h"": ""NOT_RUN"", ""Y_l@72h"": ""NOT_RUN"", ""Y_l@96h"": ""NOT_RUN"", ""Y_l@120h"": ""NOT_RUN"", ""Y_l@144h"": ""NOT_RUN""}",,,"re-enters on: PS5 inner-validation gain as a member of a group or pair, a later exploratory draw, a new vintage, or a change of declared target","REDUNDANCY_GROUP R1 (|r|>=0.95): return_5,log_return_5 | BELOW_TOP_10_REVERSIBLE max|rho|=0.06255"
return_10,inner_2,SYNERGY,R2,"{""Y_s@4h"": 0.021230244828660785, ""Y_l@24h"": -0.08209383300118474, ""Y_l@48h"": ""NOT_RUN"", ""Y_l@72h"": ""NOT_RUN"", ""Y_l@96h"": ""NOT_RUN"", ""Y_l@120h"": ""NOT_RUN"", ""Y_l@144h"": ""NOT_RUN""}",,,,"REDUNDANCY_GROUP R2 (|r|>=0.95): return_10,log_return_10,roc_10 | SYNERGY_PAIR return_10*macd_hist on Y_l@24h: joint |rho|=0.2993 vs individual max 0.08209 (pairs among the top 40 plus 2000 seeded random pairs; noise floor 3/sqrt(n))"
log_return_10,inner_2,DEFERRED,R2,"{""Y_s@4h"": 0.021230244828660785, ""Y_l@24h"": -0.08209383300118474, ""Y_l@48h"": ""NOT_RUN"", ""Y_l@72h"": ""NOT_RUN"", ""Y_l@96h"": ""NOT_RUN"", ""Y_l@120h"": ""NOT_RUN"", ""Y_l@144h"": ""NOT_RUN""}",,,"re-enters on: PS5 inner-validation gain as a member of a group or pair, a later exploratory draw, a new vintage, or a change of declared target","REDUNDANCY_GROUP R2 (|r|>=0.95): return_10,log_return_10,roc_10 | BELOW_TOP_10_REVERSIBLE max|rho|=0.08209"
return_20,inner_2,DEFERRED,R3,"{""Y_s@4h"": 0.03294448884575005, ""Y_l@24h"": -0.10508602387211356, ""Y_l@48h"": ""NOT_RUN"", ""Y_l@72h"": ""NOT_RUN"", ""Y_l@96h"": ""NOT_RUN"", ""Y_l@120h"": ""NOT_RUN"", ""Y_l@144h"": ""NOT_RUN""}",,,"re-enters on: PS5 inner-validation gain as a member of a group or pair, a later exploratory draw, a new vintage, or a change of declared target","REDUNDANCY_GROUP R3 (|r|>=0.95): return_20,log_return_20,roc_20,roll_mean_ret_20 | BELOW_TOP_10_REVERSIBLE max|rho|=0.1051"
log_return_20,inner_2,DEFERRED,R3,"{""Y_s@4h"": 0.03294448884575005, ""Y_l@24h"": -0.10508602387211356, ""Y_l@48h"": ""NOT_RUN"", ""Y_l@72h"": ""NOT_RUN"", ""Y_l@96h"": ""NOT_RUN"", ""Y_l@120h"": ""NOT_RUN"", ""Y_l@144h"": ""NOT_RUN""}",,,"re-enters on: PS5 inner-validation gain as a member of a group or pair, a later exploratory draw, a new vintage, or a change of declared target","REDUNDANCY_GROUP R3 (|r|>=0.95): return_20,log_return_20,roc_20,roll_mean_ret_20 | BELOW_TOP_10_REVERSIBLE max|rho|=0.1051"
return_60,inner_2,DEFERRED,R4,"{""Y_s@4h"": 0.08038956322235694, ""Y_l@24h"": -0.13311218684853535, ""Y_l@48h"": ""NOT_RUN"", ""Y_l@72h"": ""NOT_RUN"", ""Y_l@96h"": ""NOT_RUN"", ""Y_l@120h"": ""NOT_RUN"", ""Y_l@144h"": ""NOT_RUN""}",,,"re-enters on: PS5 inner-validation gain as a member of a group or pair, a later exploratory draw, a new vintage, or a change of declared target","REDUNDANCY_GROUP R4 (|r|>=0.95): return_60,log_return_60,roc_60,roll_mean_ret_60 | BELOW_TOP_10_REVERSIBLE max|rho|=0.1331"
log_return_60,inner_2,DEFERRED,R4,"{""Y_s@4h"": 0.08038956322235694, ""Y_l@24h"": -0.13311218684853535, ""Y_l@48h"": ""NOT_RUN"", ""Y_l@72h"": ""NOT_RUN"", ""Y_l@96h"": ""NOT_RUN"", ""Y_l@120h"": ""NOT_RUN"", ""Y_l@144h"": ""NOT_RUN""}",,,"re-enters on: PS5 inner-validation gain as a member of a group or pair, a later exploratory draw, a new vintage, or a change of declared target","REDUNDANCY_GROUP R4 (|r|>=0.95): return_60,log_return_60,roc_60,roll_mean_ret_60 | BELOW_TOP_10_REVERSIBLE max|rho|=0.1331"
sma_10,inner_2,PRIORITY,R5,"{""Y_s@4h"": -0.1404247887959051, ""Y_l@24h"": -0.9028849447697164, ""Y_l@48h"": ""NOT_RUN"", ""Y_l@72h"": ""NOT_RUN"", ""Y_l@96h"": ""NOT_RUN"", ""Y_l@120h"": ""NOT_RUN"", ""Y_l@144h"": ""NOT_RUN""}",,,,"REDUNDANCY_GROUP R5 (|r|>=0.95): sma_10,ema_10,sma_20,ema_20,sma_50,ema_50,sma_100,ema_100,sma_200,ema_200,bb_upper,bb_middle,bb_lower,vwap_60 | TOP_10_INDIVIDUAL max|rho|=0.9029 | CAUTION_PERSISTENT_INPUT acf1=0.9998: a Spearman screen against overlapping multi-bar return labels on a near-unit-root input can reflect regime/trend confounding; PS4 must test a differenced or ratio variant before any claim"
ema_10,inner_2,PRIORITY,R5,"{""Y_s@4h"": -0.1408028382347927, ""Y_l@24h"": -0.9036554010188188, ""Y_l@48h"": ""NOT_RUN"", ""Y_l@72h"": ""NOT_RUN"", ""Y_l@96h"": ""NOT_RUN"", ""Y_l@120h"": ""NOT_RUN"", ""Y_l@144h"": ""NOT_RUN""}",,,,"REDUNDANCY_GROUP R5 (|r|>=0.95): sma_10,ema_10,sma_20,ema_20,sma_50,ema_50,sma_100,ema_100,sma_200,ema_200,bb_upper,bb_middle,bb_lower,vwap_60 | TOP_10_INDIVIDUAL max|rho|=0.9037 | CAUTION_PERSISTENT_INPUT acf1=0.9998: a Spearman screen against overlapping multi-bar return labels on a near-unit-root input can reflect regime/trend confounding; PS4 must test a differenced or ratio variant before any claim"
close_sma_ratio_10,inner_2,DEFERRED,,"{""Y_s@4h"": 0.016347592806412903, ""Y_l@24h"": -0.08576236181774353, ""Y_l@48h"": ""NOT_RUN"", ""Y_l@72h"": ""NOT_RUN"", ""Y_l@96h"": ""NOT_RUN"", ""Y_l@120h"": ""NOT_RUN"", ""Y_l@144h"": ""NOT_RUN""}",,,"re-enters on: PS5 inner-validation gain as a member of a group or pair, a later exploratory draw, a new vintage, or a change of declared target",BELOW_TOP_10_REVERSIBLE max|rho|=0.08576
sma_20,inner_2,PRIORITY,R5,"{""Y_s@4h"": -0.14195466081961128, ""Y_l@24h"": -0.9008576379508714, ""Y_l@48h"": ""NOT_RUN"", ""Y_l@72h"": ""NOT_RUN"", ""Y_l@96h"": ""NOT_RUN"", ""Y_l@120h"": ""NOT_RUN"", ""Y_l@144h"": ""NOT_RUN""}",,,,"REDUNDANCY_GROUP R5 (|r|>=0.95): sma_10,ema_10,sma_20,ema_20,sma_50,ema_50,sma_100,ema_100,sma_200,ema_200,bb_upper,bb_middle,bb_lower,vwap_60 | TOP_10_INDIVIDUAL max|rho|=0.9009 | CAUTION_PERSISTENT_INPUT acf1=0.9998: a Spearman screen against overlapping multi-bar return labels on a near-unit-root input can reflect regime/trend confounding; PS4 must test a differenced or ratio variant before any claim"
ema_20,inner_2,PRIORITY,R5,"{""Y_s@4h"": -0.1426536601022651, ""Y_l@24h"": -0.9014513499080794, ""Y_l@48h"": ""NOT_RUN"", ""Y_l@72h"": ""NOT_RUN"", ""Y_l@96h"": ""NOT_RUN"", ""Y_l@120h"": ""NOT_RUN"", ""Y_l@144h"": ""NOT_RUN""}",,,,"REDUNDANCY_GROUP R5 (|r|>=0.95): sma_10,ema_10,sma_20,ema_20,sma_50,ema_50,sma_100,ema_100,sma_200,ema_200,bb_upper,bb_middle,bb_lower,vwap_60 | TOP_10_INDIVIDUAL max|rho|=0.9015 | CAUTION_PERSISTENT_INPUT acf1=0.9998: a Spearman screen against overlapping multi-bar return labels on a near-unit-root input can reflect regime/trend confounding; PS4 must test a differenced or ratio variant before any claim"
close_sma_ratio_20,inner_2,DEFERRED,,"{""Y_s@4h"": 0.02844792655619126, ""Y_l@24h"": -0.10233706784010152, ""Y_l@48h"": ""NOT_RUN"", ""Y_l@72h"": ""NOT_RUN"", ""Y_l@96h"": ""NOT_RUN"", ""Y_l@120h"": ""NOT_RUN"", ""Y_l@144h"": ""NOT_RUN""}",,,"re-enters on: PS5 inner-validation gain as a member of a group or pair, a later exploratory draw, a new vintage, or a change of declared target",BELOW_TOP_10_REVERSIBLE max|rho|=0.1023
sma_50,inner_2,PRIORITY,R5,"{""Y_s@4h"": -0.14662699431371756, ""Y_l@24h"": -0.8921341120029699, ""Y_l@48h"": ""NOT_RUN"", ""Y_l@72h"": ""NOT_RUN"", ""Y_l@96h"": ""NOT_RUN"", ""Y_l@120h"": ""NOT_RUN"", ""Y_l@144h"": ""NOT_RUN""}",,,,"REDUNDANCY_GROUP R5 (|r|>=0.95): sma_10,ema_10,sma_20,ema_20,sma_50,ema_50,sma_100,ema_100,sma_200,ema_200,bb_upper,bb_middle,bb_lower,vwap_60 | TOP_10_INDIVIDUAL max|rho|=0.8921 | CAUTION_PERSISTENT_INPUT acf1=0.9999: a Spearman screen against overlapping multi-bar return labels on a near-unit-root input can reflect regime/trend confounding; PS4 must test a differenced or ratio variant before any claim"
ema_50,inner_2,PRIORITY,R5,"{""Y_s@4h"": -0.14927414139107437, ""Y_l@24h"": -0.8918738237074709, ""Y_l@48h"": ""NOT_RUN"", ""Y_l@72h"": ""NOT_RUN"", ""Y_l@96h"": ""NOT_RUN"", ""Y_l@120h"": ""NOT_RUN"", ""Y_l@144h"": ""NOT_RUN""}",,,,"REDUNDANCY_GROUP R5 (|r|>=0.95): sma_10,ema_10,sma_20,ema_20,sma_50,ema_50,sma_100,ema_100,sma_200,ema_200,bb_upper,bb_middle,bb_lower,vwap_60 | TOP_10_INDIVIDUAL max|rho|=0.8919 | CAUTION_PERSISTENT_INPUT acf1=0.9999: a Spearman screen against overlapping multi-bar return labels on a near-unit-root input can reflect regime/trend confounding; PS4 must test a differenced or ratio variant before any claim"
close_sma_ratio_50,inner_2,DEFERRED,,"{""Y_s@4h"": 0.05268100190339668, ""Y_l@24h"": -0.12260764112365834, ""Y_l@48h"": ""NOT_RUN"", ""Y_l@72h"": ""NOT_RUN"", ""Y_l@96h"": ""NOT_RUN"", ""Y_l@120h"": ""NOT_RUN"", ""Y_l@144h"": ""NOT_RUN""}",,,"re-enters on: PS5 inner-validation gain as a member of a group or pair, a later exploratory draw, a new vintage, or a change of declared target",BELOW_TOP_10_REVERSIBLE max|rho|=0.1226
sma_100,inner_2,DEFERRED,R5,"{""Y_s@4h"": -0.1546406973483875, ""Y_l@24h"": -0.8767880690814165, ""Y_l@48h"": ""NOT_RUN"", ""Y_l@72h"": ""NOT_RUN"", ""Y_l@96h"": ""NOT_RUN"", ""Y_l@120h"": ""NOT_RUN"", ""Y_l@144h"": ""NOT_RUN""}",,,"re-enters on: PS5 inner-validation gain as a member of a group or pair, a later exploratory draw, a new vintage, or a change of declared target","REDUNDANCY_GROUP R5 (|r|>=0.95): sma_10,ema_10,sma_20,ema_20,sma_50,ema_50,sma_100,ema_100,sma_200,ema_200,bb_upper,bb_middle,bb_lower,vwap_60 | BELOW_TOP_10_REVERSIBLE max|rho|=0.8768"
ema_100,inner_2,DEFERRED,R5,"{""Y_s@4h"": -0.1553055753530093, ""Y_l@24h"": -0.879020864588663, ""Y_l@48h"": ""NOT_RUN"", ""Y_l@72h"": ""NOT_RUN"", ""Y_l@96h"": ""NOT_RUN"", ""Y_l@120h"": ""NOT_RUN"", ""Y_l@144h"": ""NOT_RUN""}",,,"re-enters on: PS5 inner-validation gain as a member of a group or pair, a later exploratory draw, a new vintage, or a change of declared target","REDUNDANCY_GROUP R5 (|r|>=0.95): sma_10,ema_10,sma_20,ema_20,sma_50,ema_50,sma_100,ema_100,sma_200,ema_200,bb_upper,bb_middle,bb_lower,vwap_60 | BELOW_TOP_10_REVERSIBLE max|rho|=0.879"
close_sma_ratio_100,inner_2,DEFERRED,,"{""Y_s@4h"": 0.09342978944593205, ""Y_l@24h"": -0.15461778423057504, ""Y_l@48h"": ""NOT_RUN"", ""Y_l@72h"": ""NOT_RUN"", ""Y_l@96h"": ""NOT_RUN"", ""Y_l@120h"": ""NOT_RUN"", ""Y_l@144h"": ""NOT_RUN""}",,,"re-enters on: PS5 inner-validation gain as a member of a group or pair, a later exploratory draw, a new vintage, or a change of declared target",BELOW_TOP_10_REVERSIBLE max|rho|=0.1546
sma_200,inner_2,EXPLORATORY,R5,"{""Y_s@4h"": -0.1622052653656604, ""Y_l@24h"": -0.8418861838147087, ""Y_l@48h"": ""NOT_RUN"", ""Y_l@72h"": ""NOT_RUN"", ""Y_l@96h"": ""NOT_RUN"", ""Y_l@120h"": ""NOT_RUN"", ""Y_l@144h"": ""NOT_RUN""}",0.09259259259259259,"uniform without replacement over the 54 unranked eligible inputs, seed=20261001, fold=inner_2; drawn independently of relevance",,"REDUNDANCY_GROUP R5 (|r|>=0.95): sma_10,ema_10,sma_20,ema_20,sma_50,ema_50,sma_100,ema_100,sma_200,ema_200,bb_upper,bb_middle,bb_lower,vwap_60 | EXPLORATORY_DRAW (outside the ranking)"
ema_200,inner_2,DEFERRED,R5,"{""Y_s@4h"": -0.17067040843727743, ""Y_l@24h"": -0.8552350430319039, ""Y_l@48h"": ""NOT_RUN"", ""Y_l@72h"": ""NOT_RUN"", ""Y_l@96h"": ""NOT_RUN"", ""Y_l@120h"": ""NOT_RUN"", ""Y_l@144h"": ""NOT_RUN""}",,,"re-enters on: PS5 inner-validation gain as a member of a group or pair, a later exploratory draw, a new vintage, or a change of declared target","REDUNDANCY_GROUP R5 (|r|>=0.95): sma_10,ema_10,sma_20,ema_20,sma_50,ema_50,sma_100,ema_100,sma_200,ema_200,bb_upper,bb_middle,bb_lower,vwap_60 | BELOW_TOP_10_REVERSIBLE max|rho|=0.8552"
close_sma_ratio_200,inner_2,DEFERRED,,"{""Y_s@4h"": 0.10647822540469712, ""Y_l@24h"": -0.2107425253430527, ""Y_l@48h"": ""NOT_RUN"", ""Y_l@72h"": ""NOT_RUN"", ""Y_l@96h"": ""NOT_RUN"", ""Y_l@120h"": ""NOT_RUN"", ""Y_l@144h"": ""NOT_RUN""}",,,"re-enters on: PS5 inner-validation gain as a member of a group or pair, a later exploratory draw, a new vintage, or a change of declared target",BELOW_TOP_10_REVERSIBLE max|rho|=0.2107
macd,inner_2,SYNERGY,R6,"{""Y_s@4h"": 0.04428789744603654, ""Y_l@24h"": -0.12425745246063472, ""Y_l@48h"": ""NOT_RUN"", ""Y_l@72h"": ""NOT_RUN"", ""Y_l@96h"": ""NOT_RUN"", ""Y_l@120h"": ""NOT_RUN"", ""Y_l@144h"": ""NOT_RUN""}",,,,"REDUNDANCY_GROUP R6 (|r|>=0.95): macd,macd_signal | SYNERGY_PAIR macd*macd_signal on Y_l@24h: joint |rho|=0.4374 vs individual max 0.1243 (pairs among the top 40 plus 2000 seeded random pairs; noise floor 3/sqrt(n)) | SYNERGY_PAIR macd*mom_20 on Y_l@24h: joint |rho|=0.4222 vs individual max 0.1243 (pairs among the top 40 plus 2000 seeded random pairs; noise floor 3/sqrt(n)) | CAUTION_PERSISTENT_INPUT acf1=0.9933: a Spearman screen against overlapping multi-bar return labels on a near-unit-root input can reflect regime/trend confounding; PS4 must test a differenced or ratio variant before any claim"
macd_signal,inner_2,SYNERGY,R6,"{""Y_s@4h"": 0.05141804271691244, ""Y_l@24h"": -0.1192633248669535, ""Y_l@48h"": ""NOT_RUN"", ""Y_l@72h"": ""NOT_RUN"", ""Y_l@96h"": ""NOT_RUN"", ""Y_l@120h"": ""NOT_RUN"", ""Y_l@144h"": ""NOT_RUN""}",,,,"REDUNDANCY_GROUP R6 (|r|>=0.95): macd,macd_signal | SYNERGY_PAIR macd*macd_signal on Y_l@24h: joint |rho|=0.4374 vs individual max 0.1243 (pairs among the top 40 plus 2000 seeded random pairs; noise floor 3/sqrt(n)) | SYNERGY_PAIR macd_signal*mom_20 on Y_l@24h: joint |rho|=0.3317 vs individual max 0.1193 (pairs among the top 40 plus 2000 seeded random pairs; noise floor 3/sqrt(n)) | CAUTION_PERSISTENT_INPUT acf1=0.9969: a Spearman screen against overlapping multi-bar return labels on a near-unit-root input can reflect regime/trend confounding; PS4 must test a differenced or ratio variant before any claim"
macd_hist,inner_2,SYNERGY,,"{""Y_s@4h"": -0.015310177259892702, ""Y_l@24h"": -0.02070937781022507, ""Y_l@48h"": ""NOT_RUN"", ""Y_l@72h"": ""NOT_RUN"", ""Y_l@96h"": ""NOT_RUN"", ""Y_l@120h"": ""NOT_RUN"", ""Y_l@144h"": ""NOT_RUN""}",,,,SYNERGY_PAIR macd_hist*mom_10 on Y_l@24h: joint |rho|=0.3885 vs individual max 0.07853 (pairs among the top 40 plus 2000 seeded random pairs; noise floor 3/sqrt(n)) | SYNERGY_PAIR macd_hist*mfi_14 on Y_l@24h: joint |rho|=0.3015 vs individual max 0.06989 (pairs among the top 40 plus 2000 seeded random pairs; noise floor 3/sqrt(n)) | SYNERGY_PAIR return_10*macd_hist on Y_l@24h: joint |rho|=0.2993 vs individual max 0.08209 (pairs among the top 40 plus 2000 seeded random pairs; noise floor 3/sqrt(n)) | SYNERGY_PAIR macd_hist*cci_14 on Y_l@24h: joint |rho|=0.2919 vs individual max 0.0813 (pairs among the top 40 plus 2000 seeded random pairs; noise floor 3/sqrt(n))
rsi_7,inner_2,DEFERRED,,"{""Y_s@4h"": 0.04139988223424659, ""Y_l@24h"": -0.10744647453148426, ""Y_l@48h"": ""NOT_RUN"", ""Y_l@72h"": ""NOT_RUN"", ""Y_l@96h"": ""NOT_RUN"", ""Y_l@120h"": ""NOT_RUN"", ""Y_l@144h"": ""NOT_RUN""}",,,"re-enters on: PS5 inner-validation gain as a member of a group or pair, a later exploratory draw, a new vintage, or a change of declared target",BELOW_TOP_10_REVERSIBLE max|rho|=0.1074
rsi_14,inner_2,DEFERRED,R7,"{""Y_s@4h"": 0.05884391275081064, ""Y_l@24h"": -0.126091443446137, ""Y_l@48h"": ""NOT_RUN"", ""Y_l@72h"": ""NOT_RUN"", ""Y_l@96h"": ""NOT_RUN"", ""Y_l@120h"": ""NOT_RUN"", ""Y_l@144h"": ""NOT_RUN""}",,,"re-enters on: PS5 inner-validation gain as a member of a group or pair, a later exploratory draw, a new vintage, or a change of declared target","REDUNDANCY_GROUP R7 (|r|>=0.95): rsi_14,rsi_21 | BELOW_TOP_10_REVERSIBLE max|rho|=0.1261"
rsi_21,inner_2,REPRESENTATIVE,R7,"{""Y_s@4h"": 0.07413814248537003, ""Y_l@24h"": -0.14199976539692244, ""Y_l@48h"": ""NOT_RUN"", ""Y_l@72h"": ""NOT_RUN"", ""Y_l@96h"": ""NOT_RUN"", ""Y_l@120h"": ""NOT_RUN"", ""Y_l@144h"": ""NOT_RUN""}",,,,"REDUNDANCY_GROUP R7 (|r|>=0.95): rsi_14,rsi_21 | BEST_SCORED_MEMBER_OF R7"
stoch_k,inner_2,DEFERRED,R8,"{""Y_s@4h"": 0.034290099947539635, ""Y_l@24h"": -0.15156812745697368, ""Y_l@48h"": ""NOT_RUN"", ""Y_l@72h"": ""NOT_RUN"", ""Y_l@96h"": ""NOT_RUN"", ""Y_l@120h"": ""NOT_RUN"", ""Y_l@144h"": ""NOT_RUN""}",,,"re-enters on: PS5 inner-validation gain as a member of a group or pair, a later exploratory draw, a new vintage, or a change of declared target","REDUNDANCY_GROUP R8 (|r|>=0.95): stoch_k,williams_r_14 | BELOW_TOP_10_REVERSIBLE max|rho|=0.1516"
stoch_d,inner_2,SYNERGY,,"{""Y_s@4h"": 0.0360996345744791, ""Y_l@24h"": -0.16189123652756085, ""Y_l@48h"": ""NOT_RUN"", ""Y_l@72h"": ""NOT_RUN"", ""Y_l@96h"": ""NOT_RUN"", ""Y_l@120h"": ""NOT_RUN"", ""Y_l@144h"": ""NOT_RUN""}",,,,SYNERGY_PAIR stoch_d*mom_10 on Y_l@24h: joint |rho|=0.357 vs individual max 0.1619 (pairs among the top 40 plus 2000 seeded random pairs; noise floor 3/sqrt(n))
williams_r_14,inner_2,REPRESENTATIVE,R8,"{""Y_s@4h"": 0.034290099947539635, ""Y_l@24h"": -0.15156812745697368, ""Y_l@48h"": ""NOT_RUN"", ""Y_l@72h"": ""NOT_RUN"", ""Y_l@96h"": ""NOT_RUN"", ""Y_l@120h"": ""NOT_RUN"", ""Y_l@144h"": ""NOT_RUN""}",,,,"REDUNDANCY_GROUP R8 (|r|>=0.95): stoch_k,williams_r_14 | BEST_SCORED_MEMBER_OF R8"
cci_14,inner_2,SYNERGY,,"{""Y_s@4h"": 0.022935244527537677, ""Y_l@24h"": -0.08130495069346186, ""Y_l@48h"": ""NOT_RUN"", ""Y_l@72h"": ""NOT_RUN"", ""Y_l@96h"": ""NOT_RUN"", ""Y_l@120h"": ""NOT_RUN"", ""Y_l@144h"": ""NOT_RUN""}",,,,SYNERGY_PAIR macd_hist*cci_14 on Y_l@24h: joint |rho|=0.2919 vs individual max 0.0813 (pairs among the top 40 plus 2000 seeded random pairs; noise floor 3/sqrt(n))
roc_10,inner_2,SYNERGY,R2,"{""Y_s@4h"": 0.021230244828660785, ""Y_l@24h"": -0.08209383300118474, ""Y_l@48h"": ""NOT_RUN"", ""Y_l@72h"": ""NOT_RUN"", ""Y_l@96h"": ""NOT_RUN"", ""Y_l@120h"": ""NOT_RUN"", ""Y_l@144h"": ""NOT_RUN""}",,,,"REDUNDANCY_GROUP R2 (|r|>=0.95): return_10,log_return_10,roc_10 | SYNERGY_PAIR roc_10*mom_10 on Y_l@24h: joint |rho|=0.3976 vs individual max 0.08209 (pairs among the top 40 plus 2000 seeded random pairs; noise floor 3/sqrt(n))"
roc_20,inner_2,SYNERGY,R3,"{""Y_s@4h"": 0.03294448884575005, ""Y_l@24h"": -0.10508602387211356, ""Y_l@48h"": ""NOT_RUN"", ""Y_l@72h"": ""NOT_RUN"", ""Y_l@96h"": ""NOT_RUN"", ""Y_l@120h"": ""NOT_RUN"", ""Y_l@144h"": ""NOT_RUN""}",,,,"REDUNDANCY_GROUP R3 (|r|>=0.95): return_20,log_return_20,roc_20,roll_mean_ret_20 | SYNERGY_PAIR roc_20*mom_20 on Y_l@24h: joint |rho|=0.4039 vs individual max 0.1082 (pairs among the top 40 plus 2000 seeded random pairs; noise floor 3/sqrt(n))"
roc_60,inner_2,EXPLORATORY,R4,"{""Y_s@4h"": 0.08038956322235694, ""Y_l@24h"": -0.13311218684853535, ""Y_l@48h"": ""NOT_RUN"", ""Y_l@72h"": ""NOT_RUN"", ""Y_l@96h"": ""NOT_RUN"", ""Y_l@120h"": ""NOT_RUN"", ""Y_l@144h"": ""NOT_RUN""}",0.09259259259259259,"uniform without replacement over the 54 unranked eligible inputs, seed=20261001, fold=inner_2; drawn independently of relevance",,"REDUNDANCY_GROUP R4 (|r|>=0.95): return_60,log_return_60,roc_60,roll_mean_ret_60 | EXPLORATORY_DRAW (outside the ranking)"
mom_10,inner_2,SYNERGY,,"{""Y_s@4h"": 0.013815203406569854, ""Y_l@24h"": -0.07852783135979034, ""Y_l@48h"": ""NOT_RUN"", ""Y_l@72h"": ""NOT_RUN"", ""Y_l@96h"": ""NOT_RUN"", ""Y_l@120h"": ""NOT_RUN"", ""Y_l@144h"": ""NOT_RUN""}",,,,SYNERGY_PAIR roc_10*mom_10 on Y_l@24h: joint |rho|=0.3976 vs individual max 0.08209 (pairs among the top 40 plus 2000 seeded random pairs; noise floor 3/sqrt(n)) | SYNERGY_PAIR macd_hist*mom_10 on Y_l@24h: joint |rho|=0.3885 vs individual max 0.07853 (pairs among the top 40 plus 2000 seeded random pairs; noise floor 3/sqrt(n)) | SYNERGY_PAIR stoch_d*mom_10 on Y_l@24h: joint |rho|=0.357 vs individual max 0.1619 (pairs among the top 40 plus 2000 seeded random pairs; noise floor 3/sqrt(n))
mom_20,inner_2,SYNERGY,,"{""Y_s@4h"": 0.020431772512788784, ""Y_l@24h"": -0.10817584799087959, ""Y_l@48h"": ""NOT_RUN"", ""Y_l@72h"": ""NOT_RUN"", ""Y_l@96h"": ""NOT_RUN"", ""Y_l@120h"": ""NOT_RUN"", ""Y_l@144h"": ""NOT_RUN""}",,,,SYNERGY_PAIR macd*mom_20 on Y_l@24h: joint |rho|=0.4222 vs individual max 0.1243 (pairs among the top 40 plus 2000 seeded random pairs; noise floor 3/sqrt(n)) | SYNERGY_PAIR roc_20*mom_20 on Y_l@24h: joint |rho|=0.4039 vs individual max 0.1082 (pairs among the top 40 plus 2000 seeded random pairs; noise floor 3/sqrt(n)) | SYNERGY_PAIR macd_signal*mom_20 on Y_l@24h: joint |rho|=0.3317 vs individual max 0.1193 (pairs among the top 40 plus 2000 seeded random pairs; noise floor 3/sqrt(n))
bb_upper,inner_2,PRIORITY,R5,"{""Y_s@4h"": -0.1412696985915959, ""Y_l@24h"": -0.9017365566052273, ""Y_l@48h"": ""NOT_RUN"", ""Y_l@72h"": ""NOT_RUN"", ""Y_l@96h"": ""NOT_RUN"", ""Y_l@120h"": ""NOT_RUN"", ""Y_l@144h"": ""NOT_RUN""}",,,,"REDUNDANCY_GROUP R5 (|r|>=0.95): sma_10,ema_10,sma_20,ema_20,sma_50,ema_50,sma_100,ema_100,sma_200,ema_200,bb_upper,bb_middle,bb_lower,vwap_60 | TOP_10_INDIVIDUAL max|rho|=0.9017 | CAUTION_PERSISTENT_INPUT acf1=0.9998: a Spearman screen against overlapping multi-bar return labels on a near-unit-root input can reflect regime/trend confounding; PS4 must test a differenced or ratio variant before any claim"
bb_middle,inner_2,PRIORITY,R5,"{""Y_s@4h"": -0.14195466081961128, ""Y_l@24h"": -0.9008576379508714, ""Y_l@48h"": ""NOT_RUN"", ""Y_l@72h"": ""NOT_RUN"", ""Y_l@96h"": ""NOT_RUN"", ""Y_l@120h"": ""NOT_RUN"", ""Y_l@144h"": ""NOT_RUN""}",,,,"REDUNDANCY_GROUP R5 (|r|>=0.95): sma_10,ema_10,sma_20,ema_20,sma_50,ema_50,sma_100,ema_100,sma_200,ema_200,bb_upper,bb_middle,bb_lower,vwap_60 | TOP_10_INDIVIDUAL max|rho|=0.9009 | CAUTION_PERSISTENT_INPUT acf1=0.9998: a Spearman screen against overlapping multi-bar return labels on a near-unit-root input can reflect regime/trend confounding; PS4 must test a differenced or ratio variant before any claim"
bb_lower,inner_2,PRIORITY,R5,"{""Y_s@4h"": -0.13807239425959708, ""Y_l@24h"": -0.8932439843644197, ""Y_l@48h"": ""NOT_RUN"", ""Y_l@72h"": ""NOT_RUN"", ""Y_l@96h"": ""NOT_RUN"", ""Y_l@120h"": ""NOT_RUN"", ""Y_l@144h"": ""NOT_RUN""}",,,,"REDUNDANCY_GROUP R5 (|r|>=0.95): sma_10,ema_10,sma_20,ema_20,sma_50,ema_50,sma_100,ema_100,sma_200,ema_200,bb_upper,bb_middle,bb_lower,vwap_60 | TOP_10_INDIVIDUAL max|rho|=0.8932 | CAUTION_PERSISTENT_INPUT acf1=0.9998: a Spearman screen against overlapping multi-bar return labels on a near-unit-root input can reflect regime/trend confounding; PS4 must test a differenced or ratio variant before any claim"
bb_pct_b,inner_2,DEFERRED,,"{""Y_s@4h"": 0.030359793047228748, ""Y_l@24h"": -0.09665408447680128, ""Y_l@48h"": ""NOT_RUN"", ""Y_l@72h"": ""NOT_RUN"", ""Y_l@96h"": ""NOT_RUN"", ""Y_l@120h"": ""NOT_RUN"", ""Y_l@144h"": ""NOT_RUN""}",,,"re-enters on: PS5 inner-validation gain as a member of a group or pair, a later exploratory draw, a new vintage, or a change of declared target",BELOW_TOP_10_REVERSIBLE max|rho|=0.09665
bb_width,inner_2,DEFERRED,,"{""Y_s@4h"": -0.09221554439963653, ""Y_l@24h"": -0.2644118089757361, ""Y_l@48h"": ""NOT_RUN"", ""Y_l@72h"": ""NOT_RUN"", ""Y_l@96h"": ""NOT_RUN"", ""Y_l@120h"": ""NOT_RUN"", ""Y_l@144h"": ""NOT_RUN""}",,,"re-enters on: PS5 inner-validation gain as a member of a group or pair, a later exploratory draw, a new vintage, or a change of declared target",BELOW_TOP_10_REVERSIBLE max|rho|=0.2644
atr_14,inner_2,EXPLORATORY,,"{""Y_s@4h"": -0.14147937937711874, ""Y_l@24h"": -0.8267663904383463, ""Y_l@48h"": ""NOT_RUN"", ""Y_l@72h"": ""NOT_RUN"", ""Y_l@96h"": ""NOT_RUN"", ""Y_l@120h"": ""NOT_RUN"", ""Y_l@144h"": ""NOT_RUN""}",0.09259259259259259,"uniform without replacement over the 54 unranked eligible inputs, seed=20261001, fold=inner_2; drawn independently of relevance",,EXPLORATORY_DRAW (outside the ranking)
natr_14,inner_2,DEFERRED,,"{""Y_s@4h"": -0.1172206575827039, ""Y_l@24h"": -0.376776158002318, ""Y_l@48h"": ""NOT_RUN"", ""Y_l@72h"": ""NOT_RUN"", ""Y_l@96h"": ""NOT_RUN"", ""Y_l@120h"": ""NOT_RUN"", ""Y_l@144h"": ""NOT_RUN""}",,,"re-enters on: PS5 inner-validation gain as a member of a group or pair, a later exploratory draw, a new vintage, or a change of declared target",BELOW_TOP_10_REVERSIBLE max|rho|=0.3768
hist_vol_10,inner_2,DEFERRED,,"{""Y_s@4h"": -0.07937455023299891, ""Y_l@24h"": -0.32841740023474947, ""Y_l@48h"": ""NOT_RUN"", ""Y_l@72h"": ""NOT_RUN"", ""Y_l@96h"": ""NOT_RUN"", ""Y_l@120h"": ""NOT_RUN"", ""Y_l@144h"": ""NOT_RUN""}",,,"re-enters on: PS5 inner-validation gain as a member of a group or pair, a later exploratory draw, a new vintage, or a change of declared target",BELOW_TOP_10_REVERSIBLE max|rho|=0.3284
hist_vol_20,inner_2,DEFERRED,R9,"{""Y_s@4h"": -0.10055701774344936, ""Y_l@24h"": -0.3464391678713515, ""Y_l@48h"": ""NOT_RUN"", ""Y_l@72h"": ""NOT_RUN"", ""Y_l@96h"": ""NOT_RUN"", ""Y_l@120h"": ""NOT_RUN"", ""Y_l@144h"": ""NOT_RUN""}",,,"re-enters on: PS5 inner-validation gain as a member of a group or pair, a later exploratory draw, a new vintage, or a change of declared target","REDUNDANCY_GROUP R9 (|r|>=0.95): hist_vol_20,roll_std_ret_20 | BELOW_TOP_10_REVERSIBLE max|rho|=0.3464"
hist_vol_60,inner_2,DEFERRED,R10,"{""Y_s@4h"": -0.13205174086230706, ""Y_l@24h"": -0.3756975641555487, ""Y_l@48h"": ""NOT_RUN"", ""Y_l@72h"": ""NOT_RUN"", ""Y_l@96h"": ""NOT_RUN"", ""Y_l@120h"": ""NOT_RUN"", ""Y_l@144h"": ""NOT_RUN""}",,,"re-enters on: PS5 inner-validation gain as a member of a group or pair, a later exploratory draw, a new vintage, or a change of declared target","REDUNDANCY_GROUP R10 (|r|>=0.95): hist_vol_60,roll_std_ret_60 | BELOW_TOP_10_REVERSIBLE max|rho|=0.3757"
ema_cross_10_50,inner_2,DEFERRED,,"{""Y_s@4h"": 0.07437926946666201, ""Y_l@24h"": -0.14591038743403076, ""Y_l@48h"": ""NOT_RUN"", ""Y_l@72h"": ""NOT_RUN"", ""Y_l@96h"": ""NOT_RUN"", ""Y_l@120h"": ""NOT_RUN"", ""Y_l@144h"": ""NOT_RUN""}",,,"re-enters on: PS5 inner-validation gain as a member of a group or pair, a later exploratory draw, a new vintage, or a change of declared target",BELOW_TOP_10_REVERSIBLE max|rho|=0.1459
ema_cross_20_100,inner_2,DEFERRED,,"{""Y_s@4h"": 0.10365418991877083, ""Y_l@24h"": -0.19548399833871116, ""Y_l@48h"": ""NOT_RUN"", ""Y_l@72h"": ""NOT_RUN"", ""Y_l@96h"": ""NOT_RUN"", ""Y_l@120h"": ""NOT_RUN"", ""Y_l@144h"": ""NOT_RUN""}",,,"re-enters on: PS5 inner-validation gain as a member of a group or pair, a later exploratory draw, a new vintage, or a change of declared target",BELOW_TOP_10_REVERSIBLE max|rho|=0.1955
trend_slope_50,inner_2,DEFERRED,,"{""Y_s@4h"": 0.06616314878097408, ""Y_l@24h"": -0.12784816111980907, ""Y_l@48h"": ""NOT_RUN"", ""Y_l@72h"": ""NOT_RUN"", ""Y_l@96h"": ""NOT_RUN"", ""Y_l@120h"": ""NOT_RUN"", ""Y_l@144h"": ""NOT_RUN""}",,,"re-enters on: PS5 inner-validation gain as a member of a group or pair, a later exploratory draw, a new vintage, or a change of declared target",BELOW_TOP_10_REVERSIBLE max|rho|=0.1278
trend_strength_50,inner_2,DEFERRED,,"{""Y_s@4h"": -0.09223367236755857, ""Y_l@24h"": -0.12964252646988125, ""Y_l@48h"": ""NOT_RUN"", ""Y_l@72h"": ""NOT_RUN"", ""Y_l@96h"": ""NOT_RUN"", ""Y_l@120h"": ""NOT_RUN"", ""Y_l@144h"": ""NOT_RUN""}",,,"re-enters on: PS5 inner-validation gain as a member of a group or pair, a later exploratory draw, a new vintage, or a change of declared target",BELOW_TOP_10_REVERSIBLE max|rho|=0.1296
obv,inner_2,PRIORITY,,"{""Y_s@4h"": 0.27333499223799995, ""Y_l@24h"": -0.9323446019979739, ""Y_l@48h"": ""NOT_RUN"", ""Y_l@72h"": ""NOT_RUN"", ""Y_l@96h"": ""NOT_RUN"", ""Y_l@120h"": ""NOT_RUN"", ""Y_l@144h"": ""NOT_RUN""}",,,,TOP_10_INDIVIDUAL max|rho|=0.9323 | CAUTION_PERSISTENT_INPUT acf1=0.9998: a Spearman screen against overlapping multi-bar return labels on a near-unit-root input can reflect regime/trend confounding; PS4 must test a differenced or ratio variant before any claim
obv_delta_20,inner_2,EXPLORATORY,,"{""Y_s@4h"": 0.05451164253402356, ""Y_l@24h"": -0.13223318837371614, ""Y_l@48h"": ""NOT_RUN"", ""Y_l@72h"": ""NOT_RUN"", ""Y_l@96h"": ""NOT_RUN"", ""Y_l@120h"": ""NOT_RUN"", ""Y_l@144h"": ""NOT_RUN""}",0.09259259259259259,"uniform without replacement over the 54 unranked eligible inputs, seed=20261001, fold=inner_2; drawn independently of relevance",,EXPLORATORY_DRAW (outside the ranking)
volume_sma_10,inner_2,DEFERRED,,"{""Y_s@4h"": 0.5589241484466682, ""Y_l@24h"": 0.7345802226492978, ""Y_l@48h"": ""NOT_RUN"", ""Y_l@72h"": ""NOT_RUN"", ""Y_l@96h"": ""NOT_RUN"", ""Y_l@120h"": ""NOT_RUN"", ""Y_l@144h"": ""NOT_RUN""}",,,"re-enters on: PS5 inner-validation gain as a member of a group or pair, a later exploratory draw, a new vintage, or a change of declared target",BELOW_TOP_10_REVERSIBLE max|rho|=0.7346
volume_sma_20,inner_2,DEFERRED,,"{""Y_s@4h"": 0.5737612477211608, ""Y_l@24h"": 0.7503693408442025, ""Y_l@48h"": ""NOT_RUN"", ""Y_l@72h"": ""NOT_RUN"", ""Y_l@96h"": ""NOT_RUN"", ""Y_l@120h"": ""NOT_RUN"", ""Y_l@144h"": ""NOT_RUN""}",,,"re-enters on: PS5 inner-validation gain as a member of a group or pair, a later exploratory draw, a new vintage, or a change of declared target",BELOW_TOP_10_REVERSIBLE max|rho|=0.7504
volume_ratio_20,inner_2,DEFERRED,,"{""Y_s@4h"": -0.005188591988386663, ""Y_l@24h"": -0.04371405230298835, ""Y_l@48h"": ""NOT_RUN"", ""Y_l@72h"": ""NOT_RUN"", ""Y_l@96h"": ""NOT_RUN"", ""Y_l@120h"": ""NOT_RUN"", ""Y_l@144h"": ""NOT_RUN""}",,,"re-enters on: PS5 inner-validation gain as a member of a group or pair, a later exploratory draw, a new vintage, or a change of declared target",BELOW_TOP_10_REVERSIBLE max|rho|=0.04371
vwap_60,inner_2,DEFERRED,R5,"{""Y_s@4h"": -0.14887706339515805, ""Y_l@24h"": -0.8901499595662751, ""Y_l@48h"": ""NOT_RUN"", ""Y_l@72h"": ""NOT_RUN"", ""Y_l@96h"": ""NOT_RUN"", ""Y_l@120h"": ""NOT_RUN"", ""Y_l@144h"": ""NOT_RUN""}",,,"re-enters on: PS5 inner-validation gain as a member of a group or pair, a later exploratory draw, a new vintage, or a change of declared target","REDUNDANCY_GROUP R5 (|r|>=0.95): sma_10,ema_10,sma_20,ema_20,sma_50,ema_50,sma_100,ema_100,sma_200,ema_200,bb_upper,bb_middle,bb_lower,vwap_60 | BELOW_TOP_10_REVERSIBLE max|rho|=0.8901"
mfi_14,inner_2,SYNERGY,,"{""Y_s@4h"": 0.04692725445681714, ""Y_l@24h"": -0.06989017602533525, ""Y_l@48h"": ""NOT_RUN"", ""Y_l@72h"": ""NOT_RUN"", ""Y_l@96h"": ""NOT_RUN"", ""Y_l@120h"": ""NOT_RUN"", ""Y_l@144h"": ""NOT_RUN""}",,,,SYNERGY_PAIR macd_hist*mfi_14 on Y_l@24h: joint |rho|=0.3015 vs individual max 0.06989 (pairs among the top 40 plus 2000 seeded random pairs; noise floor 3/sqrt(n))
statistical__log_return_1,inner_2,REPRESENTATIVE,R0,"{""Y_s@4h"": 0.012147810437486745, ""Y_l@24h"": -0.03218996814547032, ""Y_l@48h"": ""NOT_RUN"", ""Y_l@72h"": ""NOT_RUN"", ""Y_l@96h"": ""NOT_RUN"", ""Y_l@120h"": ""NOT_RUN"", ""Y_l@144h"": ""NOT_RUN""}",,,,"REDUNDANCY_GROUP R0 (|r|>=0.95): return_1,log_return_1,statistical__log_return_1 | BEST_SCORED_MEMBER_OF R0"
roll_mean_ret_20,inner_2,REPRESENTATIVE,R3,"{""Y_s@4h"": 0.03294448884575005, ""Y_l@24h"": -0.10508602387211356, ""Y_l@48h"": ""NOT_RUN"", ""Y_l@72h"": ""NOT_RUN"", ""Y_l@96h"": ""NOT_RUN"", ""Y_l@120h"": ""NOT_RUN"", ""Y_l@144h"": ""NOT_RUN""}",,,,"REDUNDANCY_GROUP R3 (|r|>=0.95): return_20,log_return_20,roc_20,roll_mean_ret_20 | BEST_SCORED_MEMBER_OF R3"
roll_std_ret_20,inner_2,REPRESENTATIVE,R9,"{""Y_s@4h"": -0.10055701440569488, ""Y_l@24h"": -0.3464391678713515, ""Y_l@48h"": ""NOT_RUN"", ""Y_l@72h"": ""NOT_RUN"", ""Y_l@96h"": ""NOT_RUN"", ""Y_l@120h"": ""NOT_RUN"", ""Y_l@144h"": ""NOT_RUN""}",,,,"REDUNDANCY_GROUP R9 (|r|>=0.95): hist_vol_20,roll_std_ret_20 | BEST_SCORED_MEMBER_OF R9"
roll_skew_ret_20,inner_2,DEFERRED,,"{""Y_s@4h"": 0.004147560445364597, ""Y_l@24h"": 0.03042786031600231, ""Y_l@48h"": ""NOT_RUN"", ""Y_l@72h"": ""NOT_RUN"", ""Y_l@96h"": ""NOT_RUN"", ""Y_l@120h"": ""NOT_RUN"", ""Y_l@144h"": ""NOT_RUN""}",,,"re-enters on: PS5 inner-validation gain as a member of a group or pair, a later exploratory draw, a new vintage, or a change of declared target",BELOW_TOP_10_REVERSIBLE max|rho|=0.03043
roll_kurt_ret_20,inner_2,DEFERRED,,"{""Y_s@4h"": 0.0408318643054347, ""Y_l@24h"": 0.2739785834814696, ""Y_l@48h"": ""NOT_RUN"", ""Y_l@72h"": ""NOT_RUN"", ""Y_l@96h"": ""NOT_RUN"", ""Y_l@120h"": ""NOT_RUN"", ""Y_l@144h"": ""NOT_RUN""}",,,"re-enters on: PS5 inner-validation gain as a member of a group or pair, a later exploratory draw, a new vintage, or a change of declared target",BELOW_TOP_10_REVERSIBLE max|rho|=0.274
roll_mean_ret_60,inner_2,REPRESENTATIVE,R4,"{""Y_s@4h"": 0.08038956322235694, ""Y_l@24h"": -0.13311218684853535, ""Y_l@48h"": ""NOT_RUN"", ""Y_l@72h"": ""NOT_RUN"", ""Y_l@96h"": ""NOT_RUN"", ""Y_l@120h"": ""NOT_RUN"", ""Y_l@144h"": ""NOT_RUN""}",,,,"REDUNDANCY_GROUP R4 (|r|>=0.95): return_60,log_return_60,roc_60,roll_mean_ret_60 | BEST_SCORED_MEMBER_OF R4"
roll_std_ret_60,inner_2,REPRESENTATIVE,R10,"{""Y_s@4h"": -0.1320518605673471, ""Y_l@24h"": -0.3756975641555487, ""Y_l@48h"": ""NOT_RUN"", ""Y_l@72h"": ""NOT_RUN"", ""Y_l@96h"": ""NOT_RUN"", ""Y_l@120h"": ""NOT_RUN"", ""Y_l@144h"": ""NOT_RUN""}",,,,"REDUNDANCY_GROUP R10 (|r|>=0.95): hist_vol_60,roll_std_ret_60 | BEST_SCORED_MEMBER_OF R10 | CAUTION_PERSISTENT_INPUT acf1=0.9971: a Spearman screen against overlapping multi-bar return labels on a near-unit-root input can reflect regime/trend confounding; PS4 must test a differenced or ratio variant before any claim"
roll_skew_ret_60,inner_2,DEFERRED,,"{""Y_s@4h"": -0.019250652409878586, ""Y_l@24h"": 0.0397205877785353, ""Y_l@48h"": ""NOT_RUN"", ""Y_l@72h"": ""NOT_RUN"", ""Y_l@96h"": ""NOT_RUN"", ""Y_l@120h"": ""NOT_RUN"", ""Y_l@144h"": ""NOT_RUN""}",,,"re-enters on: PS5 inner-validation gain as a member of a group or pair, a later exploratory draw, a new vintage, or a change of declared target",BELOW_TOP_10_REVERSIBLE max|rho|=0.03972
roll_kurt_ret_60,inner_2,DEFERRED,,"{""Y_s@4h"": 0.04348489076554148, ""Y_l@24h"": 0.39785142693562414, ""Y_l@48h"": ""NOT_RUN"", ""Y_l@72h"": ""NOT_RUN"", ""Y_l@96h"": ""NOT_RUN"", ""Y_l@120h"": ""NOT_RUN"", ""Y_l@144h"": ""NOT_RUN""}",,,"re-enters on: PS5 inner-validation gain as a member of a group or pair, a later exploratory draw, a new vintage, or a change of declared target",BELOW_TOP_10_REVERSIBLE max|rho|=0.3979
roll_mean_ret_252,inner_2,DEFERRED,,"{""Y_s@4h"": 0.11749783691672026, ""Y_l@24h"": -0.26700674757179127, ""Y_l@48h"": ""NOT_RUN"", ""Y_l@72h"": ""NOT_RUN"", ""Y_l@96h"": ""NOT_RUN"", ""Y_l@120h"": ""NOT_RUN"", ""Y_l@144h"": ""NOT_RUN""}",,,"re-enters on: PS5 inner-validation gain as a member of a group or pair, a later exploratory draw, a new vintage, or a change of declared target",BELOW_TOP_10_REVERSIBLE max|rho|=0.267
roll_std_ret_252,inner_2,DEFERRED,,"{""Y_s@4h"": -0.20777396222227962, ""Y_l@24h"": -0.5785953284496705, ""Y_l@48h"": ""NOT_RUN"", ""Y_l@72h"": ""NOT_RUN"", ""Y_l@96h"": ""NOT_RUN"", ""Y_l@120h"": ""NOT_RUN"", ""Y_l@144h"": ""NOT_RUN""}",,,"re-enters on: PS5 inner-validation gain as a member of a group or pair, a later exploratory draw, a new vintage, or a change of declared target",BELOW_TOP_10_REVERSIBLE max|rho|=0.5786
roll_skew_ret_252,inner_2,DEFERRED,,"{""Y_s@4h"": -0.04042163199963477, ""Y_l@24h"": -0.1102916148054963, ""Y_l@48h"": ""NOT_RUN"", ""Y_l@72h"": ""NOT_RUN"", ""Y_l@96h"": ""NOT_RUN"", ""Y_l@120h"": ""NOT_RUN"", ""Y_l@144h"": ""NOT_RUN""}",,,"re-enters on: PS5 inner-validation gain as a member of a group or pair, a later exploratory draw, a new vintage, or a change of declared target",BELOW_TOP_10_REVERSIBLE max|rho|=0.1103
roll_kurt_ret_252,inner_2,DEFERRED,,"{""Y_s@4h"": 0.11486924286800114, ""Y_l@24h"": 0.49071872940631367, ""Y_l@48h"": ""NOT_RUN"", ""Y_l@72h"": ""NOT_RUN"", ""Y_l@96h"": ""NOT_RUN"", ""Y_l@120h"": ""NOT_RUN"", ""Y_l@144h"": ""NOT_RUN""}",,,"re-enters on: PS5 inner-validation gain as a member of a group or pair, a later exploratory draw, a new vintage, or a change of declared target",BELOW_TOP_10_REVERSIBLE max|rho|=0.4907
realized_var_12,inner_2,DEFERRED,,"{""Y_s@4h"": -0.08703328109182691, ""Y_l@24h"": -0.3324481874568209, ""Y_l@48h"": ""NOT_RUN"", ""Y_l@72h"": ""NOT_RUN"", ""Y_l@96h"": ""NOT_RUN"", ""Y_l@120h"": ""NOT_RUN"", ""Y_l@144h"": ""NOT_RUN""}",,,"re-enters on: PS5 inner-validation gain as a member of a group or pair, a later exploratory draw, a new vintage, or a change of declared target",BELOW_TOP_10_REVERSIBLE max|rho|=0.3324
realized_var_48,inner_2,DEFERRED,,"{""Y_s@4h"": -0.12488150350281658, ""Y_l@24h"": -0.3671566737170648, ""Y_l@48h"": ""NOT_RUN"", ""Y_l@72h"": ""NOT_RUN"", ""Y_l@96h"": ""NOT_RUN"", ""Y_l@120h"": ""NOT_RUN"", ""Y_l@144h"": ""NOT_RUN""}",,,"re-enters on: PS5 inner-validation gain as a member of a group or pair, a later exploratory draw, a new vintage, or a change of declared target",BELOW_TOP_10_REVERSIBLE max|rho|=0.3672
autocorr_lag1_100,inner_2,DEFERRED,,"{""Y_s@4h"": -0.025652411255211924, ""Y_l@24h"": 0.44885856696935045, ""Y_l@48h"": ""NOT_RUN"", ""Y_l@72h"": ""NOT_RUN"", ""Y_l@96h"": ""NOT_RUN"", ""Y_l@120h"": ""NOT_RUN"", ""Y_l@144h"": ""NOT_RUN""}",,,"re-enters on: PS5 inner-validation gain as a member of a group or pair, a later exploratory draw, a new vintage, or a change of declared target",BELOW_TOP_10_REVERSIBLE max|rho|=0.4489
autocorr_lag5_100,inner_2,DEFERRED,,"{""Y_s@4h"": -0.18691158018154153, ""Y_l@24h"": -0.35665191901794047, ""Y_l@48h"": ""NOT_RUN"", ""Y_l@72h"": ""NOT_RUN"", ""Y_l@96h"": ""NOT_RUN"", ""Y_l@120h"": ""NOT_RUN"", ""Y_l@144h"": ""NOT_RUN""}",,,"re-enters on: PS5 inner-validation gain as a member of a group or pair, a later exploratory draw, a new vintage, or a change of declared target",BELOW_TOP_10_REVERSIBLE max|rho|=0.3567
sqret_autocorr_lag1_100,inner_2,DEFERRED,,"{""Y_s@4h"": 0.06048453479480815, ""Y_l@24h"": -0.10284275818033013, ""Y_l@48h"": ""NOT_RUN"", ""Y_l@72h"": ""NOT_RUN"", ""Y_l@96h"": ""NOT_RUN"", ""Y_l@120h"": ""NOT_RUN"", ""Y_l@144h"": ""NOT_RUN""}",,,"re-enters on: PS5 inner-validation gain as a member of a group or pair, a later exploratory draw, a new vintage, or a change of declared target",BELOW_TOP_10_REVERSIBLE max|rho|=0.1028
vol_regime_high,inner_2,DEFERRED,,"{""Y_s@4h"": 0.06076668212135202, ""Y_l@24h"": 0.036510890218796214, ""Y_l@48h"": ""NOT_RUN"", ""Y_l@72h"": ""NOT_RUN"", ""Y_l@96h"": ""NOT_RUN"", ""Y_l@120h"": ""NOT_RUN"", ""Y_l@144h"": ""NOT_RUN""}",,,"re-enters on: PS5 inner-validation gain as a member of a group or pair, a later exploratory draw, a new vintage, or a change of declared target",BELOW_TOP_10_REVERSIBLE max|rho|=0.06077
vol_regime_low,inner_2,EXPLORATORY,,"{""Y_s@4h"": -0.09285374243129549, ""Y_l@24h"": 0.18605983323716785, ""Y_l@48h"": ""NOT_RUN"", ""Y_l@72h"": ""NOT_RUN"", ""Y_l@96h"": ""NOT_RUN"", ""Y_l@120h"": ""NOT_RUN"", ""Y_l@144h"": ""NOT_RUN""}",0.09259259259259259,"uniform without replacement over the 54 unranked eligible inputs, seed=20261001, fold=inner_2; drawn independently of relevance",,EXPLORATORY_DRAW (outside the ranking)
hurst_proxy_200,inner_2,DEFERRED,,"{""Y_s@4h"": -0.030138951432737728, ""Y_l@24h"": 0.6161909957948439, ""Y_l@48h"": ""NOT_RUN"", ""Y_l@72h"": ""NOT_RUN"", ""Y_l@96h"": ""NOT_RUN"", ""Y_l@120h"": ""NOT_RUN"", ""Y_l@144h"": ""NOT_RUN""}",,,"re-enters on: PS5 inner-validation gain as a member of a group or pair, a later exploratory draw, a new vintage, or a change of declared target",BELOW_TOP_10_REVERSIBLE max|rho|=0.6162
zscore_close_100,inner_2,DEFERRED,,"{""Y_s@4h"": 0.10913902460147587, ""Y_l@24h"": -0.13810725213688702, ""Y_l@48h"": ""NOT_RUN"", ""Y_l@72h"": ""NOT_RUN"", ""Y_l@96h"": ""NOT_RUN"", ""Y_l@120h"": ""NOT_RUN"", ""Y_l@144h"": ""NOT_RUN""}",,,"re-enters on: PS5 inner-validation gain as a member of a group or pair, a later exploratory draw, a new vintage, or a change of declared target",BELOW_TOP_10_REVERSIBLE max|rho|=0.1381
return_1,inner_3,DEFERRED,R0,"{""Y_s@4h"": 0.016661300713363088, ""Y_l@24h"": -0.030339606454491106, ""Y_l@48h"": ""NOT_RUN"", ""Y_l@72h"": ""NOT_RUN"", ""Y_l@96h"": ""NOT_RUN"", ""Y_l@120h"": ""NOT_RUN"", ""Y_l@144h"": ""NOT_RUN""}",,,"re-enters on: PS5 inner-validation gain as a member of a group or pair, a later exploratory draw, a new vintage, or a change of declared target","REDUNDANCY_GROUP R0 (|r|>=0.95): return_1,log_return_1,statistical__log_return_1 | BELOW_TOP_10_REVERSIBLE max|rho|=0.03034"
log_return_1,inner_3,DEFERRED,R0,"{""Y_s@4h"": 0.016661300713363088, ""Y_l@24h"": -0.030339606454491106, ""Y_l@48h"": ""NOT_RUN"", ""Y_l@72h"": ""NOT_RUN"", ""Y_l@96h"": ""NOT_RUN"", ""Y_l@120h"": ""NOT_RUN"", ""Y_l@144h"": ""NOT_RUN""}",,,"re-enters on: PS5 inner-validation gain as a member of a group or pair, a later exploratory draw, a new vintage, or a change of declared target","REDUNDANCY_GROUP R0 (|r|>=0.95): return_1,log_return_1,statistical__log_return_1 | BELOW_TOP_10_REVERSIBLE max|rho|=0.03034"
return_5,inner_3,REPRESENTATIVE,R1,"{""Y_s@4h"": 0.02977115694399534, ""Y_l@24h"": -0.05849887635396134, ""Y_l@48h"": ""NOT_RUN"", ""Y_l@72h"": ""NOT_RUN"", ""Y_l@96h"": ""NOT_RUN"", ""Y_l@120h"": ""NOT_RUN"", ""Y_l@144h"": ""NOT_RUN""}",,,,"REDUNDANCY_GROUP R1 (|r|>=0.95): return_5,log_return_5 | BEST_SCORED_MEMBER_OF R1"
log_return_5,inner_3,DEFERRED,R1,"{""Y_s@4h"": 0.02977115694399534, ""Y_l@24h"": -0.05849887635396134, ""Y_l@48h"": ""NOT_RUN"", ""Y_l@72h"": ""NOT_RUN"", ""Y_l@96h"": ""NOT_RUN"", ""Y_l@120h"": ""NOT_RUN"", ""Y_l@144h"": ""NOT_RUN""}",,,"re-enters on: PS5 inner-validation gain as a member of a group or pair, a later exploratory draw, a new vintage, or a change of declared target","REDUNDANCY_GROUP R1 (|r|>=0.95): return_5,log_return_5 | BELOW_TOP_10_REVERSIBLE max|rho|=0.0585"
return_10,inner_3,SYNERGY,R2,"{""Y_s@4h"": 0.04218995054462363, ""Y_l@24h"": -0.08178141745878288, ""Y_l@48h"": ""NOT_RUN"", ""Y_l@72h"": ""NOT_RUN"", ""Y_l@96h"": ""NOT_RUN"", ""Y_l@120h"": ""NOT_RUN"", ""Y_l@144h"": ""NOT_RUN""}",,,,"REDUNDANCY_GROUP R2 (|r|>=0.95): return_10,log_return_10,roc_10 | SYNERGY_PAIR return_10*macd_hist on Y_l@24h: joint |rho|=0.2396 vs individual max 0.08178 (pairs among the top 40 plus 2000 seeded random pairs; noise floor 3/sqrt(n))"
log_return_10,inner_3,DEFERRED,R2,"{""Y_s@4h"": 0.04218995054462363, ""Y_l@24h"": -0.08178141745878288, ""Y_l@48h"": ""NOT_RUN"", ""Y_l@72h"": ""NOT_RUN"", ""Y_l@96h"": ""NOT_RUN"", ""Y_l@120h"": ""NOT_RUN"", ""Y_l@144h"": ""NOT_RUN""}",,,"re-enters on: PS5 inner-validation gain as a member of a group or pair, a later exploratory draw, a new vintage, or a change of declared target","REDUNDANCY_GROUP R2 (|r|>=0.95): return_10,log_return_10,roc_10 | BELOW_TOP_10_REVERSIBLE max|rho|=0.08178"
return_20,inner_3,SYNERGY,R3,"{""Y_s@4h"": 0.05974879519313279, ""Y_l@24h"": -0.10437750602553063, ""Y_l@48h"": ""NOT_RUN"", ""Y_l@72h"": ""NOT_RUN"", ""Y_l@96h"": ""NOT_RUN"", ""Y_l@120h"": ""NOT_RUN"", ""Y_l@144h"": ""NOT_RUN""}",,,,"REDUNDANCY_GROUP R3 (|r|>=0.95): return_20,log_return_20,roc_20,roll_mean_ret_20 | SYNERGY_PAIR return_20*mom_20 on Y_l@24h: joint |rho|=0.3196 vs individual max 0.1085 (pairs among the top 40 plus 2000 seeded random pairs; noise floor 3/sqrt(n))"
log_return_20,inner_3,EXPLORATORY,R3,"{""Y_s@4h"": 0.05974879519313279, ""Y_l@24h"": -0.10437750602553063, ""Y_l@48h"": ""NOT_RUN"", ""Y_l@72h"": ""NOT_RUN"", ""Y_l@96h"": ""NOT_RUN"", ""Y_l@120h"": ""NOT_RUN"", ""Y_l@144h"": ""NOT_RUN""}",0.09615384615384616,"uniform without replacement over the 52 unranked eligible inputs, seed=20261001, fold=inner_3; drawn independently of relevance",,"REDUNDANCY_GROUP R3 (|r|>=0.95): return_20,log_return_20,roc_20,roll_mean_ret_20 | EXPLORATORY_DRAW (outside the ranking)"
return_60,inner_3,DEFERRED,R4,"{""Y_s@4h"": 0.12711857546246588, ""Y_l@24h"": -0.1344210623188183, ""Y_l@48h"": ""NOT_RUN"", ""Y_l@72h"": ""NOT_RUN"", ""Y_l@96h"": ""NOT_RUN"", ""Y_l@120h"": ""NOT_RUN"", ""Y_l@144h"": ""NOT_RUN""}",,,"re-enters on: PS5 inner-validation gain as a member of a group or pair, a later exploratory draw, a new vintage, or a change of declared target","REDUNDANCY_GROUP R4 (|r|>=0.95): return_60,log_return_60,roc_60,roll_mean_ret_60 | BELOW_TOP_10_REVERSIBLE max|rho|=0.1344"
log_return_60,inner_3,DEFERRED,R4,"{""Y_s@4h"": 0.12711857546246588, ""Y_l@24h"": -0.1344210623188183, ""Y_l@48h"": ""NOT_RUN"", ""Y_l@72h"": ""NOT_RUN"", ""Y_l@96h"": ""NOT_RUN"", ""Y_l@120h"": ""NOT_RUN"", ""Y_l@144h"": ""NOT_RUN""}",,,"re-enters on: PS5 inner-validation gain as a member of a group or pair, a later exploratory draw, a new vintage, or a change of declared target","REDUNDANCY_GROUP R4 (|r|>=0.95): return_60,log_return_60,roc_60,roll_mean_ret_60 | BELOW_TOP_10_REVERSIBLE max|rho|=0.1344"
sma_10,inner_3,PRIORITY,R5,"{""Y_s@4h"": -0.35727498040645894, ""Y_l@24h"": -0.8212185862835967, ""Y_l@48h"": ""NOT_RUN"", ""Y_l@72h"": ""NOT_RUN"", ""Y_l@96h"": ""NOT_RUN"", ""Y_l@120h"": ""NOT_RUN"", ""Y_l@144h"": ""NOT_RUN""}",,,,"REDUNDANCY_GROUP R5 (|r|>=0.95): sma_10,ema_10,sma_20,ema_20,sma_50,ema_50,sma_100,ema_100,sma_200,ema_200,bb_upper,bb_middle,bb_lower,vwap_60 | TOP_10_INDIVIDUAL max|rho|=0.8212 | CAUTION_PERSISTENT_INPUT acf1=0.9999: a Spearman screen against overlapping multi-bar return labels on a near-unit-root input can reflect regime/trend confounding; PS4 must test a differenced or ratio variant before any claim"
ema_10,inner_3,PRIORITY,R5,"{""Y_s@4h"": -0.35757477145563593, ""Y_l@24h"": -0.8216065453277156, ""Y_l@48h"": ""NOT_RUN"", ""Y_l@72h"": ""NOT_RUN"", ""Y_l@96h"": ""NOT_RUN"", ""Y_l@120h"": ""NOT_RUN"", ""Y_l@144h"": ""NOT_RUN""}",,,,"REDUNDANCY_GROUP R5 (|r|>=0.95): sma_10,ema_10,sma_20,ema_20,sma_50,ema_50,sma_100,ema_100,sma_200,ema_200,bb_upper,bb_middle,bb_lower,vwap_60 | TOP_10_INDIVIDUAL max|rho|=0.8216 | CAUTION_PERSISTENT_INPUT acf1=0.9999: a Spearman screen against overlapping multi-bar return labels on a near-unit-root input can reflect regime/trend confounding; PS4 must test a differenced or ratio variant before any claim"
close_sma_ratio_10,inner_3,DEFERRED,,"{""Y_s@4h"": 0.032425120981388014, ""Y_l@24h"": -0.07955596124020166, ""Y_l@48h"": ""NOT_RUN"", ""Y_l@72h"": ""NOT_RUN"", ""Y_l@96h"": ""NOT_RUN"", ""Y_l@120h"": ""NOT_RUN"", ""Y_l@144h"": ""NOT_RUN""}",,,"re-enters on: PS5 inner-validation gain as a member of a group or pair, a later exploratory draw, a new vintage, or a change of declared target",BELOW_TOP_10_REVERSIBLE max|rho|=0.07956
sma_20,inner_3,PRIORITY,R5,"{""Y_s@4h"": -0.35879399831008035, ""Y_l@24h"": -0.8185820258362736, ""Y_l@48h"": ""NOT_RUN"", ""Y_l@72h"": ""NOT_RUN"", ""Y_l@96h"": ""NOT_RUN"", ""Y_l@120h"": ""NOT_RUN"", ""Y_l@144h"": ""NOT_RUN""}",,,,"REDUNDANCY_GROUP R5 (|r|>=0.95): sma_10,ema_10,sma_20,ema_20,sma_50,ema_50,sma_100,ema_100,sma_200,ema_200,bb_upper,bb_middle,bb_lower,vwap_60 | TOP_10_INDIVIDUAL max|rho|=0.8186 | CAUTION_PERSISTENT_INPUT acf1=1.0000: a Spearman screen against overlapping multi-bar return labels on a near-unit-root input can reflect regime/trend confounding; PS4 must test a differenced or ratio variant before any claim"
ema_20,inner_3,PRIORITY,R5,"{""Y_s@4h"": -0.35934744207200636, ""Y_l@24h"": -0.8194348438898689, ""Y_l@48h"": ""NOT_RUN"", ""Y_l@72h"": ""NOT_RUN"", ""Y_l@96h"": ""NOT_RUN"", ""Y_l@120h"": ""NOT_RUN"", ""Y_l@144h"": ""NOT_RUN""}",,,,"REDUNDANCY_GROUP R5 (|r|>=0.95): sma_10,ema_10,sma_20,ema_20,sma_50,ema_50,sma_100,ema_100,sma_200,ema_200,bb_upper,bb_middle,bb_lower,vwap_60 | TOP_10_INDIVIDUAL max|rho|=0.8194 | CAUTION_PERSISTENT_INPUT acf1=1.0000: a Spearman screen against overlapping multi-bar return labels on a near-unit-root input can reflect regime/trend confounding; PS4 must test a differenced or ratio variant before any claim"
close_sma_ratio_20,inner_3,DEFERRED,,"{""Y_s@4h"": 0.05215984674103515, ""Y_l@24h"": -0.09878817933822731, ""Y_l@48h"": ""NOT_RUN"", ""Y_l@72h"": ""NOT_RUN"", ""Y_l@96h"": ""NOT_RUN"", ""Y_l@120h"": ""NOT_RUN"", ""Y_l@144h"": ""NOT_RUN""}",,,"re-enters on: PS5 inner-validation gain as a member of a group or pair, a later exploratory draw, a new vintage, or a change of declared target",BELOW_TOP_10_REVERSIBLE max|rho|=0.09879
sma_50,inner_3,PRIORITY,R5,"{""Y_s@4h"": -0.36335215508723256, ""Y_l@24h"": -0.8091806771536848, ""Y_l@48h"": ""NOT_RUN"", ""Y_l@72h"": ""NOT_RUN"", ""Y_l@96h"": ""NOT_RUN"", ""Y_l@120h"": ""NOT_RUN"", ""Y_l@144h"": ""NOT_RUN""}",,,,"REDUNDANCY_GROUP R5 (|r|>=0.95): sma_10,ema_10,sma_20,ema_20,sma_50,ema_50,sma_100,ema_100,sma_200,ema_200,bb_upper,bb_middle,bb_lower,vwap_60 | TOP_10_INDIVIDUAL max|rho|=0.8092 | CAUTION_PERSISTENT_INPUT acf1=1.0000: a Spearman screen against overlapping multi-bar return labels on a near-unit-root input can reflect regime/trend confounding; PS4 must test a differenced or ratio variant before any claim"
ema_50,inner_3,PRIORITY,R5,"{""Y_s@4h"": -0.3651377943963019, ""Y_l@24h"": -0.8110057976882035, ""Y_l@48h"": ""NOT_RUN"", ""Y_l@72h"": ""NOT_RUN"", ""Y_l@96h"": ""NOT_RUN"", ""Y_l@120h"": ""NOT_RUN"", ""Y_l@144h"": ""NOT_RUN""}",,,,"REDUNDANCY_GROUP R5 (|r|>=0.95): sma_10,ema_10,sma_20,ema_20,sma_50,ema_50,sma_100,ema_100,sma_200,ema_200,bb_upper,bb_middle,bb_lower,vwap_60 | TOP_10_INDIVIDUAL max|rho|=0.811 | CAUTION_PERSISTENT_INPUT acf1=1.0000: a Spearman screen against overlapping multi-bar return labels on a near-unit-root input can reflect regime/trend confounding; PS4 must test a differenced or ratio variant before any claim"
close_sma_ratio_50,inner_3,DEFERRED,,"{""Y_s@4h"": 0.09268656816767767, ""Y_l@24h"": -0.12609491431424377, ""Y_l@48h"": ""NOT_RUN"", ""Y_l@72h"": ""NOT_RUN"", ""Y_l@96h"": ""NOT_RUN"", ""Y_l@120h"": ""NOT_RUN"", ""Y_l@144h"": ""NOT_RUN""}",,,"re-enters on: PS5 inner-validation gain as a member of a group or pair, a later exploratory draw, a new vintage, or a change of declared target",BELOW_TOP_10_REVERSIBLE max|rho|=0.1261
sma_100,inner_3,DEFERRED,R5,"{""Y_s@4h"": -0.370586647265904, ""Y_l@24h"": -0.7950891213057466, ""Y_l@48h"": ""NOT_RUN"", ""Y_l@72h"": ""NOT_RUN"", ""Y_l@96h"": ""NOT_RUN"", ""Y_l@120h"": ""NOT_RUN"", ""Y_l@144h"": ""NOT_RUN""}",,,"re-enters on: PS5 inner-validation gain as a member of a group or pair, a later exploratory draw, a new vintage, or a change of declared target","REDUNDANCY_GROUP R5 (|r|>=0.95): sma_10,ema_10,sma_20,ema_20,sma_50,ema_50,sma_100,ema_100,sma_200,ema_200,bb_upper,bb_middle,bb_lower,vwap_60 | BELOW_TOP_10_REVERSIBLE max|rho|=0.7951"
ema_100,inner_3,DEFERRED,R5,"{""Y_s@4h"": -0.3715313045205663, ""Y_l@24h"": -0.805711895166418, ""Y_l@48h"": ""NOT_RUN"", ""Y_l@72h"": ""NOT_RUN"", ""Y_l@96h"": ""NOT_RUN"", ""Y_l@120h"": ""NOT_RUN"", ""Y_l@144h"": ""NOT_RUN""}",,,"re-enters on: PS5 inner-validation gain as a member of a group or pair, a later exploratory draw, a new vintage, or a change of declared target","REDUNDANCY_GROUP R5 (|r|>=0.95): sma_10,ema_10,sma_20,ema_20,sma_50,ema_50,sma_100,ema_100,sma_200,ema_200,bb_upper,bb_middle,bb_lower,vwap_60 | BELOW_TOP_10_REVERSIBLE max|rho|=0.8057"
close_sma_ratio_100,inner_3,DEFERRED,,"{""Y_s@4h"": 0.14410272838810848, ""Y_l@24h"": -0.15131718494875745, ""Y_l@48h"": ""NOT_RUN"", ""Y_l@72h"": ""NOT_RUN"", ""Y_l@96h"": ""NOT_RUN"", ""Y_l@120h"": ""NOT_RUN"", ""Y_l@144h"": ""NOT_RUN""}",,,"re-enters on: PS5 inner-validation gain as a member of a group or pair, a later exploratory draw, a new vintage, or a change of declared target",BELOW_TOP_10_REVERSIBLE max|rho|=0.1513
sma_200,inner_3,DEFERRED,R5,"{""Y_s@4h"": -0.3808340602559679, ""Y_l@24h"": -0.7804844615496657, ""Y_l@48h"": ""NOT_RUN"", ""Y_l@72h"": ""NOT_RUN"", ""Y_l@96h"": ""NOT_RUN"", ""Y_l@120h"": ""NOT_RUN"", ""Y_l@144h"": ""NOT_RUN""}",,,"re-enters on: PS5 inner-validation gain as a member of a group or pair, a later exploratory draw, a new vintage, or a change of declared target","REDUNDANCY_GROUP R5 (|r|>=0.95): sma_10,ema_10,sma_20,ema_20,sma_50,ema_50,sma_100,ema_100,sma_200,ema_200,bb_upper,bb_middle,bb_lower,vwap_60 | BELOW_TOP_10_REVERSIBLE max|rho|=0.7805"
ema_200,inner_3,DEFERRED,R5,"{""Y_s@4h"": -0.3871225353650893, ""Y_l@24h"": -0.7924269416935185, ""Y_l@48h"": ""NOT_RUN"", ""Y_l@72h"": ""NOT_RUN"", ""Y_l@96h"": ""NOT_RUN"", ""Y_l@120h"": ""NOT_RUN"", ""Y_l@144h"": ""NOT_RUN""}",,,"re-enters on: PS5 inner-validation gain as a member of a group or pair, a later exploratory draw, a new vintage, or a change of declared target","REDUNDANCY_GROUP R5 (|r|>=0.95): sma_10,ema_10,sma_20,ema_20,sma_50,ema_50,sma_100,ema_100,sma_200,ema_200,bb_upper,bb_middle,bb_lower,vwap_60 | BELOW_TOP_10_REVERSIBLE max|rho|=0.7924"
close_sma_ratio_200,inner_3,DEFERRED,,"{""Y_s@4h"": 0.16503863388223128, ""Y_l@24h"": -0.18413885871365654, ""Y_l@48h"": ""NOT_RUN"", ""Y_l@72h"": ""NOT_RUN"", ""Y_l@96h"": ""NOT_RUN"", ""Y_l@120h"": ""NOT_RUN"", ""Y_l@144h"": ""NOT_RUN""}",,,"re-enters on: PS5 inner-validation gain as a member of a group or pair, a later exploratory draw, a new vintage, or a change of declared target",BELOW_TOP_10_REVERSIBLE max|rho|=0.1841
macd,inner_3,REPRESENTATIVE,R6,"{""Y_s@4h"": 0.07258031946496629, ""Y_l@24h"": -0.12820311923947572, ""Y_l@48h"": ""NOT_RUN"", ""Y_l@72h"": ""NOT_RUN"", ""Y_l@96h"": ""NOT_RUN"", ""Y_l@120h"": ""NOT_RUN"", ""Y_l@144h"": ""NOT_RUN""}",,,,"REDUNDANCY_GROUP R6 (|r|>=0.95): macd,macd_signal | BEST_SCORED_MEMBER_OF R6 | CAUTION_PERSISTENT_INPUT acf1=0.9936: a Spearman screen against overlapping multi-bar return labels on a near-unit-root input can reflect regime/trend confounding; PS4 must test a differenced or ratio variant before any claim"
macd_signal,inner_3,DEFERRED,R6,"{""Y_s@4h"": 0.08643056483635816, ""Y_l@24h"": -0.12710494614819515, ""Y_l@48h"": ""NOT_RUN"", ""Y_l@72h"": ""NOT_RUN"", ""Y_l@96h"": ""NOT_RUN"", ""Y_l@120h"": ""NOT_RUN"", ""Y_l@144h"": ""NOT_RUN""}",,,"re-enters on: PS5 inner-validation gain as a member of a group or pair, a later exploratory draw, a new vintage, or a change of declared target","REDUNDANCY_GROUP R6 (|r|>=0.95): macd,macd_signal | BELOW_TOP_10_REVERSIBLE max|rho|=0.1271"
macd_hist,inner_3,SYNERGY,,"{""Y_s@4h"": -0.015777046514519538, ""Y_l@24h"": -0.022533189520896724, ""Y_l@48h"": ""NOT_RUN"", ""Y_l@72h"": ""NOT_RUN"", ""Y_l@96h"": ""NOT_RUN"", ""Y_l@120h"": ""NOT_RUN"", ""Y_l@144h"": ""NOT_RUN""}",,,,SYNERGY_PAIR macd_hist*cci_14 on Y_l@24h: joint |rho|=0.2381 vs individual max 0.07286 (pairs among the top 40 plus 2000 seeded random pairs; noise floor 3/sqrt(n)) | SYNERGY_PAIR macd_hist*roc_10 on Y_l@24h: joint |rho|=0.2396 vs individual max 0.08178 (pairs among the top 40 plus 2000 seeded random pairs; noise floor 3/sqrt(n)) | SYNERGY_PAIR return_10*macd_hist on Y_l@24h: joint |rho|=0.2396 vs individual max 0.08178 (pairs among the top 40 plus 2000 seeded random pairs; noise floor 3/sqrt(n))
rsi_7,inner_3,REPRESENTATIVE,R7,"{""Y_s@4h"": 0.05749353624552357, ""Y_l@24h"": -0.1030476592550984, ""Y_l@48h"": ""NOT_RUN"", ""Y_l@72h"": ""NOT_RUN"", ""Y_l@96h"": ""NOT_RUN"", ""Y_l@120h"": ""NOT_RUN"", ""Y_l@144h"": ""NOT_RUN""}",,,,"REDUNDANCY_GROUP R7 (|r|>=0.95): rsi_7,bb_pct_b | BEST_SCORED_MEMBER_OF R7"
rsi_14,inner_3,DEFERRED,R8,"{""Y_s@4h"": 0.0842744669906587, ""Y_l@24h"": -0.12692848188119302, ""Y_l@48h"": ""NOT_RUN"", ""Y_l@72h"": ""NOT_RUN"", ""Y_l@96h"": ""NOT_RUN"", ""Y_l@120h"": ""NOT_RUN"", ""Y_l@144h"": ""NOT_RUN""}",,,"re-enters on: PS5 inner-validation gain as a member of a group or pair, a later exploratory draw, a new vintage, or a change of declared target","REDUNDANCY_GROUP R8 (|r|>=0.95): rsi_14,rsi_21 | BELOW_TOP_10_REVERSIBLE max|rho|=0.1269"
rsi_21,inner_3,REPRESENTATIVE,R8,"{""Y_s@4h"": 0.10666955104366387, ""Y_l@24h"": -0.14418582675479846, ""Y_l@48h"": ""NOT_RUN"", ""Y_l@72h"": ""NOT_RUN"", ""Y_l@96h"": ""NOT_RUN"", ""Y_l@120h"": ""NOT_RUN"", ""Y_l@144h"": ""NOT_RUN""}",,,,"REDUNDANCY_GROUP R8 (|r|>=0.95): rsi_14,rsi_21 | BEST_SCORED_MEMBER_OF R8"
stoch_k,inner_3,SYNERGY,R9,"{""Y_s@4h"": 0.045642050609396315, ""Y_l@24h"": -0.12687475783952504, ""Y_l@48h"": ""NOT_RUN"", ""Y_l@72h"": ""NOT_RUN"", ""Y_l@96h"": ""NOT_RUN"", ""Y_l@120h"": ""NOT_RUN"", ""Y_l@144h"": ""NOT_RUN""}",,,,"REDUNDANCY_GROUP R9 (|r|>=0.95): stoch_k,williams_r_14 | SYNERGY_PAIR stoch_k*mom_10 on Y_l@24h: joint |rho|=0.2844 vs individual max 0.1269 (pairs among the top 40 plus 2000 seeded random pairs; noise floor 3/sqrt(n))"
stoch_d,inner_3,DEFERRED,,"{""Y_s@4h"": 0.04865639104338814, ""Y_l@24h"": -0.13649259593384422, ""Y_l@48h"": ""NOT_RUN"", ""Y_l@72h"": ""NOT_RUN"", ""Y_l@96h"": ""NOT_RUN"", ""Y_l@120h"": ""NOT_RUN"", ""Y_l@144h"": ""NOT_RUN""}",,,"re-enters on: PS5 inner-validation gain as a member of a group or pair, a later exploratory draw, a new vintage, or a change of declared target",BELOW_TOP_10_REVERSIBLE max|rho|=0.1365
williams_r_14,inner_3,SYNERGY,R9,"{""Y_s@4h"": 0.045642084607112506, ""Y_l@24h"": -0.12687475783952504, ""Y_l@48h"": ""NOT_RUN"", ""Y_l@72h"": ""NOT_RUN"", ""Y_l@96h"": ""NOT_RUN"", ""Y_l@120h"": ""NOT_RUN"", ""Y_l@144h"": ""NOT_RUN""}",,,,"REDUNDANCY_GROUP R9 (|r|>=0.95): stoch_k,williams_r_14 | SYNERGY_PAIR williams_r_14*mom_10 on Y_l@24h: joint |rho|=0.2844 vs individual max 0.1269 (pairs among the top 40 plus 2000 seeded random pairs; noise floor 3/sqrt(n))"
cci_14,inner_3,SYNERGY,,"{""Y_s@4h"": 0.03538216811971663, ""Y_l@24h"": -0.07286468968189555, ""Y_l@48h"": ""NOT_RUN"", ""Y_l@72h"": ""NOT_RUN"", ""Y_l@96h"": ""NOT_RUN"", ""Y_l@120h"": ""NOT_RUN"", ""Y_l@144h"": ""NOT_RUN""}",,,,SYNERGY_PAIR cci_14*mom_10 on Y_l@24h: joint |rho|=0.2646 vs individual max 0.08126 (pairs among the top 40 plus 2000 seeded random pairs; noise floor 3/sqrt(n)) | SYNERGY_PAIR macd_hist*cci_14 on Y_l@24h: joint |rho|=0.2381 vs individual max 0.07286 (pairs among the top 40 plus 2000 seeded random pairs; noise floor 3/sqrt(n))
roc_10,inner_3,SYNERGY,R2,"{""Y_s@4h"": 0.04218995054462363, ""Y_l@24h"": -0.08178141745878288, ""Y_l@48h"": ""NOT_RUN"", ""Y_l@72h"": ""NOT_RUN"", ""Y_l@96h"": ""NOT_RUN"", ""Y_l@120h"": ""NOT_RUN"", ""Y_l@144h"": ""NOT_RUN""}",,,,"REDUNDANCY_GROUP R2 (|r|>=0.95): return_10,log_return_10,roc_10 | SYNERGY_PAIR macd_hist*roc_10 on Y_l@24h: joint |rho|=0.2396 vs individual max 0.08178 (pairs among the top 40 plus 2000 seeded random pairs; noise floor 3/sqrt(n))"
roc_20,inner_3,DEFERRED,R3,"{""Y_s@4h"": 0.05974879519313279, ""Y_l@24h"": -0.10437750602553063, ""Y_l@48h"": ""NOT_RUN"", ""Y_l@72h"": ""NOT_RUN"", ""Y_l@96h"": ""NOT_RUN"", ""Y_l@120h"": ""NOT_RUN"", ""Y_l@144h"": ""NOT_RUN""}",,,"re-enters on: PS5 inner-validation gain as a member of a group or pair, a later exploratory draw, a new vintage, or a change of declared target","REDUNDANCY_GROUP R3 (|r|>=0.95): return_20,log_return_20,roc_20,roll_mean_ret_20 | BELOW_TOP_10_REVERSIBLE max|rho|=0.1044"
roc_60,inner_3,DEFERRED,R4,"{""Y_s@4h"": 0.12711857546246588, ""Y_l@24h"": -0.1344210623188183, ""Y_l@48h"": ""NOT_RUN"", ""Y_l@72h"": ""NOT_RUN"", ""Y_l@96h"": ""NOT_RUN"", ""Y_l@120h"": ""NOT_RUN"", ""Y_l@144h"": ""NOT_RUN""}",,,"re-enters on: PS5 inner-validation gain as a member of a group or pair, a later exploratory draw, a new vintage, or a change of declared target","REDUNDANCY_GROUP R4 (|r|>=0.95): return_60,log_return_60,roc_60,roll_mean_ret_60 | BELOW_TOP_10_REVERSIBLE max|rho|=0.1344"
mom_10,inner_3,SYNERGY,,"{""Y_s@4h"": 0.028288760511750756, ""Y_l@24h"": -0.08125603993842259, ""Y_l@48h"": ""NOT_RUN"", ""Y_l@72h"": ""NOT_RUN"", ""Y_l@96h"": ""NOT_RUN"", ""Y_l@120h"": ""NOT_RUN"", ""Y_l@144h"": ""NOT_RUN""}",,,,SYNERGY_PAIR cci_14*mom_10 on Y_l@24h: joint |rho|=0.2646 vs individual max 0.08126 (pairs among the top 40 plus 2000 seeded random pairs; noise floor 3/sqrt(n)) | SYNERGY_PAIR stoch_k*mom_10 on Y_l@24h: joint |rho|=0.2844 vs individual max 0.1269 (pairs among the top 40 plus 2000 seeded random pairs; noise floor 3/sqrt(n)) | SYNERGY_PAIR williams_r_14*mom_10 on Y_l@24h: joint |rho|=0.2844 vs individual max 0.1269 (pairs among the top 40 plus 2000 seeded random pairs; noise floor 3/sqrt(n))
mom_20,inner_3,SYNERGY,,"{""Y_s@4h"": 0.030513662019007973, ""Y_l@24h"": -0.10846786727286867, ""Y_l@48h"": ""NOT_RUN"", ""Y_l@72h"": ""NOT_RUN"", ""Y_l@96h"": ""NOT_RUN"", ""Y_l@120h"": ""NOT_RUN"", ""Y_l@144h"": ""NOT_RUN""}",,,,SYNERGY_PAIR mom_20*roll_mean_ret_20 on Y_l@24h: joint |rho|=0.3208 vs individual max 0.1085 (pairs among the top 40 plus 2000 seeded random pairs; noise floor 3/sqrt(n)) | SYNERGY_PAIR return_20*mom_20 on Y_l@24h: joint |rho|=0.3196 vs individual max 0.1085 (pairs among the top 40 plus 2000 seeded random pairs; noise floor 3/sqrt(n)) | SYNERGY_PAIR mom_20*bb_pct_b on Y_l@24h: joint |rho|=0.2498 vs individual max 0.1085 (pairs among the top 40 plus 2000 seeded random pairs; noise floor 3/sqrt(n))
bb_upper,inner_3,PRIORITY,R5,"{""Y_s@4h"": -0.3569996389706288, ""Y_l@24h"": -0.8154238408895667, ""Y_l@48h"": ""NOT_RUN"", ""Y_l@72h"": ""NOT_RUN"", ""Y_l@96h"": ""NOT_RUN"", ""Y_l@120h"": ""NOT_RUN"", ""Y_l@144h"": ""NOT_RUN""}",,,,"REDUNDANCY_GROUP R5 (|r|>=0.95): sma_10,ema_10,sma_20,ema_20,sma_50,ema_50,sma_100,ema_100,sma_200,ema_200,bb_upper,bb_middle,bb_lower,vwap_60 | TOP_10_INDIVIDUAL max|rho|=0.8154 | CAUTION_PERSISTENT_INPUT acf1=0.9999: a Spearman screen against overlapping multi-bar return labels on a near-unit-root input can reflect regime/trend confounding; PS4 must test a differenced or ratio variant before any claim"
bb_middle,inner_3,PRIORITY,R5,"{""Y_s@4h"": -0.35879399831008035, ""Y_l@24h"": -0.8185820258362736, ""Y_l@48h"": ""NOT_RUN"", ""Y_l@72h"": ""NOT_RUN"", ""Y_l@96h"": ""NOT_RUN"", ""Y_l@120h"": ""NOT_RUN"", ""Y_l@144h"": ""NOT_RUN""}",,,,"REDUNDANCY_GROUP R5 (|r|>=0.95): sma_10,ema_10,sma_20,ema_20,sma_50,ema_50,sma_100,ema_100,sma_200,ema_200,bb_upper,bb_middle,bb_lower,vwap_60 | TOP_10_INDIVIDUAL max|rho|=0.8186 | CAUTION_PERSISTENT_INPUT acf1=1.0000: a Spearman screen against overlapping multi-bar return labels on a near-unit-root input can reflect regime/trend confounding; PS4 must test a differenced or ratio variant before any claim"
bb_lower,inner_3,PRIORITY,R5,"{""Y_s@4h"": -0.35735615040754976, ""Y_l@24h"": -0.8178697529548974, ""Y_l@48h"": ""NOT_RUN"", ""Y_l@72h"": ""NOT_RUN"", ""Y_l@96h"": ""NOT_RUN"", ""Y_l@120h"": ""NOT_RUN"", ""Y_l@144h"": ""NOT_RUN""}",,,,"REDUNDANCY_GROUP R5 (|r|>=0.95): sma_10,ema_10,sma_20,ema_20,sma_50,ema_50,sma_100,ema_100,sma_200,ema_200,bb_upper,bb_middle,bb_lower,vwap_60 | TOP_10_INDIVIDUAL max|rho|=0.8179 | CAUTION_PERSISTENT_INPUT acf1=0.9999: a Spearman screen against overlapping multi-bar return labels on a near-unit-root input can reflect regime/trend confounding; PS4 must test a differenced or ratio variant before any claim"
bb_pct_b,inner_3,SYNERGY,R7,"{""Y_s@4h"": 0.04710986777975928, ""Y_l@24h"": -0.08888156082840101, ""Y_l@48h"": ""NOT_RUN"", ""Y_l@72h"": ""NOT_RUN"", ""Y_l@96h"": ""NOT_RUN"", ""Y_l@120h"": ""NOT_RUN"", ""Y_l@144h"": ""NOT_RUN""}",,,,"REDUNDANCY_GROUP R7 (|r|>=0.95): rsi_7,bb_pct_b | SYNERGY_PAIR mom_20*bb_pct_b on Y_l@24h: joint |rho|=0.2498 vs individual max 0.1085 (pairs among the top 40 plus 2000 seeded random pairs; noise floor 3/sqrt(n))"
bb_width,inner_3,DEFERRED,,"{""Y_s@4h"": -0.05678585671343745, ""Y_l@24h"": -0.20053367159673532, ""Y_l@48h"": ""NOT_RUN"", ""Y_l@72h"": ""NOT_RUN"", ""Y_l@96h"": ""NOT_RUN"", ""Y_l@120h"": ""NOT_RUN"", ""Y_l@144h"": ""NOT_RUN""}",,,"re-enters on: PS5 inner-validation gain as a member of a group or pair, a later exploratory draw, a new vintage, or a change of declared target",BELOW_TOP_10_REVERSIBLE max|rho|=0.2005
atr_14,inner_3,DEFERRED,,"{""Y_s@4h"": -0.31645600251901496, ""Y_l@24h"": -0.695422631980781, ""Y_l@48h"": ""NOT_RUN"", ""Y_l@72h"": ""NOT_RUN"", ""Y_l@96h"": ""NOT_RUN"", ""Y_l@120h"": ""NOT_RUN"", ""Y_l@144h"": ""NOT_RUN""}",,,"re-enters on: PS5 inner-validation gain as a member of a group or pair, a later exploratory draw, a new vintage, or a change of declared target",BELOW_TOP_10_REVERSIBLE max|rho|=0.6954
natr_14,inner_3,DEFERRED,,"{""Y_s@4h"": -0.05892406177992465, ""Y_l@24h"": -0.27433405159466645, ""Y_l@48h"": ""NOT_RUN"", ""Y_l@72h"": ""NOT_RUN"", ""Y_l@96h"": ""NOT_RUN"", ""Y_l@120h"": ""NOT_RUN"", ""Y_l@144h"": ""NOT_RUN""}",,,"re-enters on: PS5 inner-validation gain as a member of a group or pair, a later exploratory draw, a new vintage, or a change of declared target",BELOW_TOP_10_REVERSIBLE max|rho|=0.2743
hist_vol_10,inner_3,DEFERRED,,"{""Y_s@4h"": -0.04685870845662201, ""Y_l@24h"": -0.23920014831631017, ""Y_l@48h"": ""NOT_RUN"", ""Y_l@72h"": ""NOT_RUN"", ""Y_l@96h"": ""NOT_RUN"", ""Y_l@120h"": ""NOT_RUN"", ""Y_l@144h"": ""NOT_RUN""}",,,"re-enters on: PS5 inner-validation gain as a member of a group or pair, a later exploratory draw, a new vintage, or a change of declared target",BELOW_TOP_10_REVERSIBLE max|rho|=0.2392
hist_vol_20,inner_3,REPRESENTATIVE,R10,"{""Y_s@4h"": -0.058326673378536746, ""Y_l@24h"": -0.24673882200697664, ""Y_l@48h"": ""NOT_RUN"", ""Y_l@72h"": ""NOT_RUN"", ""Y_l@96h"": ""NOT_RUN"", ""Y_l@120h"": ""NOT_RUN"", ""Y_l@144h"": ""NOT_RUN""}",,,,"REDUNDANCY_GROUP R10 (|r|>=0.95): hist_vol_20,roll_std_ret_20 | BEST_SCORED_MEMBER_OF R10"
hist_vol_60,inner_3,DEFERRED,R11,"{""Y_s@4h"": -0.06632275976336738, ""Y_l@24h"": -0.2717350106211796, ""Y_l@48h"": ""NOT_RUN"", ""Y_l@72h"": ""NOT_RUN"", ""Y_l@96h"": ""NOT_RUN"", ""Y_l@120h"": ""NOT_RUN"", ""Y_l@144h"": ""NOT_RUN""}",,,"re-enters on: PS5 inner-validation gain as a member of a group or pair, a later exploratory draw, a new vintage, or a change of declared target","REDUNDANCY_GROUP R11 (|r|>=0.95): hist_vol_60,roll_std_ret_60 | BELOW_TOP_10_REVERSIBLE max|rho|=0.2717"
ema_cross_10_50,inner_3,DEFERRED,,"{""Y_s@4h"": 0.12218953171455973, ""Y_l@24h"": -0.14668365487682142, ""Y_l@48h"": ""NOT_RUN"", ""Y_l@72h"": ""NOT_RUN"", ""Y_l@96h"": ""NOT_RUN"", ""Y_l@120h"": ""NOT_RUN"", ""Y_l@144h"": ""NOT_RUN""}",,,"re-enters on: PS5 inner-validation gain as a member of a group or pair, a later exploratory draw, a new vintage, or a change of declared target",BELOW_TOP_10_REVERSIBLE max|rho|=0.1467
ema_cross_20_100,inner_3,EXPLORATORY,,"{""Y_s@4h"": 0.15902373289598545, ""Y_l@24h"": -0.17644501717790778, ""Y_l@48h"": ""NOT_RUN"", ""Y_l@72h"": ""NOT_RUN"", ""Y_l@96h"": ""NOT_RUN"", ""Y_l@120h"": ""NOT_RUN"", ""Y_l@144h"": ""NOT_RUN""}",0.09615384615384616,"uniform without replacement over the 52 unranked eligible inputs, seed=20261001, fold=inner_3; drawn independently of relevance",,EXPLORATORY_DRAW (outside the ranking)
trend_slope_50,inner_3,DEFERRED,,"{""Y_s@4h"": 0.11181435651175321, ""Y_l@24h"": -0.13023051082236867, ""Y_l@48h"": ""NOT_RUN"", ""Y_l@72h"": ""NOT_RUN"", ""Y_l@96h"": ""NOT_RUN"", ""Y_l@120h"": ""NOT_RUN"", ""Y_l@144h"": ""NOT_RUN""}",,,"re-enters on: PS5 inner-validation gain as a member of a group or pair, a later exploratory draw, a new vintage, or a change of declared target",BELOW_TOP_10_REVERSIBLE max|rho|=0.1302
trend_strength_50,inner_3,DEFERRED,,"{""Y_s@4h"": -0.05168306956882665, ""Y_l@24h"": -0.09271011335967493, ""Y_l@48h"": ""NOT_RUN"", ""Y_l@72h"": ""NOT_RUN"", ""Y_l@96h"": ""NOT_RUN"", ""Y_l@120h"": ""NOT_RUN"", ""Y_l@144h"": ""NOT_RUN""}",,,"re-enters on: PS5 inner-validation gain as a member of a group or pair, a later exploratory draw, a new vintage, or a change of declared target",BELOW_TOP_10_REVERSIBLE max|rho|=0.09271
obv,inner_3,SYNERGY,,"{""Y_s@4h"": -0.08753787437813651, ""Y_l@24h"": -0.7380545649310792, ""Y_l@48h"": ""NOT_RUN"", ""Y_l@72h"": ""NOT_RUN"", ""Y_l@96h"": ""NOT_RUN"", ""Y_l@120h"": ""NOT_RUN"", ""Y_l@144h"": ""NOT_RUN""}",,,,SYNERGY_PAIR obv*roll_std_ret_252 on Y_s@4h: joint |rho|=0.3157 vs individual max 0.1121 (pairs among the top 40 plus 2000 seeded random pairs; noise floor 3/sqrt(n)) | CAUTION_PERSISTENT_INPUT acf1=0.9999: a Spearman screen against overlapping multi-bar return labels on a near-unit-root input can reflect regime/trend confounding; PS4 must test a differenced or ratio variant before any claim
obv_delta_20,inner_3,DEFERRED,,"{""Y_s@4h"": 0.0665679001403393, ""Y_l@24h"": -0.12578958675139879, ""Y_l@48h"": ""NOT_RUN"", ""Y_l@72h"": ""NOT_RUN"", ""Y_l@96h"": ""NOT_RUN"", ""Y_l@120h"": ""NOT_RUN"", ""Y_l@144h"": ""NOT_RUN""}",,,"re-enters on: PS5 inner-validation gain as a member of a group or pair, a later exploratory draw, a new vintage, or a change of declared target",BELOW_TOP_10_REVERSIBLE max|rho|=0.1258
volume_sma_10,inner_3,EXPLORATORY,,"{""Y_s@4h"": 0.4800815653967903, ""Y_l@24h"": 0.5616670808044227, ""Y_l@48h"": ""NOT_RUN"", ""Y_l@72h"": ""NOT_RUN"", ""Y_l@96h"": ""NOT_RUN"", ""Y_l@120h"": ""NOT_RUN"", ""Y_l@144h"": ""NOT_RUN""}",0.09615384615384616,"uniform without replacement over the 52 unranked eligible inputs, seed=20261001, fold=inner_3; drawn independently of relevance",,EXPLORATORY_DRAW (outside the ranking)
volume_sma_20,inner_3,DEFERRED,,"{""Y_s@4h"": 0.497111617492575, ""Y_l@24h"": 0.5729096657797692, ""Y_l@48h"": ""NOT_RUN"", ""Y_l@72h"": ""NOT_RUN"", ""Y_l@96h"": ""NOT_RUN"", ""Y_l@120h"": ""NOT_RUN"", ""Y_l@144h"": ""NOT_RUN""}",,,"re-enters on: PS5 inner-validation gain as a member of a group or pair, a later exploratory draw, a new vintage, or a change of declared target",BELOW_TOP_10_REVERSIBLE max|rho|=0.5729
volume_ratio_20,inner_3,EXPLORATORY,,"{""Y_s@4h"": -0.00287062336080525, ""Y_l@24h"": -0.04553572391918663, ""Y_l@48h"": ""NOT_RUN"", ""Y_l@72h"": ""NOT_RUN"", ""Y_l@96h"": ""NOT_RUN"", ""Y_l@120h"": ""NOT_RUN"", ""Y_l@144h"": ""NOT_RUN""}",0.09615384615384616,"uniform without replacement over the 52 unranked eligible inputs, seed=20261001, fold=inner_3; drawn independently of relevance",,EXPLORATORY_DRAW (outside the ranking)
vwap_60,inner_3,PRIORITY,R5,"{""Y_s@4h"": -0.36509065093002546, ""Y_l@24h"": -0.8071250184117956, ""Y_l@48h"": ""NOT_RUN"", ""Y_l@72h"": ""NOT_RUN"", ""Y_l@96h"": ""NOT_RUN"", ""Y_l@120h"": ""NOT_RUN"", ""Y_l@144h"": ""NOT_RUN""}",,,,"REDUNDANCY_GROUP R5 (|r|>=0.95): sma_10,ema_10,sma_20,ema_20,sma_50,ema_50,sma_100,ema_100,sma_200,ema_200,bb_upper,bb_middle,bb_lower,vwap_60 | TOP_10_INDIVIDUAL max|rho|=0.8071 | CAUTION_PERSISTENT_INPUT acf1=1.0000: a Spearman screen against overlapping multi-bar return labels on a near-unit-root input can reflect regime/trend confounding; PS4 must test a differenced or ratio variant before any claim"
mfi_14,inner_3,DEFERRED,,"{""Y_s@4h"": 0.05870968668493092, ""Y_l@24h"": -0.07851208814666344, ""Y_l@48h"": ""NOT_RUN"", ""Y_l@72h"": ""NOT_RUN"", ""Y_l@96h"": ""NOT_RUN"", ""Y_l@120h"": ""NOT_RUN"", ""Y_l@144h"": ""NOT_RUN""}",,,"re-enters on: PS5 inner-validation gain as a member of a group or pair, a later exploratory draw, a new vintage, or a change of declared target",BELOW_TOP_10_REVERSIBLE max|rho|=0.07851
statistical__log_return_1,inner_3,REPRESENTATIVE,R0,"{""Y_s@4h"": 0.016661300713363088, ""Y_l@24h"": -0.030339606454491106, ""Y_l@48h"": ""NOT_RUN"", ""Y_l@72h"": ""NOT_RUN"", ""Y_l@96h"": ""NOT_RUN"", ""Y_l@120h"": ""NOT_RUN"", ""Y_l@144h"": ""NOT_RUN""}",,,,"REDUNDANCY_GROUP R0 (|r|>=0.95): return_1,log_return_1,statistical__log_return_1 | BEST_SCORED_MEMBER_OF R0"
roll_mean_ret_20,inner_3,SYNERGY,R3,"{""Y_s@4h"": 0.05974879519313279, ""Y_l@24h"": -0.10437750602553063, ""Y_l@48h"": ""NOT_RUN"", ""Y_l@72h"": ""NOT_RUN"", ""Y_l@96h"": ""NOT_RUN"", ""Y_l@120h"": ""NOT_RUN"", ""Y_l@144h"": ""NOT_RUN""}",,,,"REDUNDANCY_GROUP R3 (|r|>=0.95): return_20,log_return_20,roc_20,roll_mean_ret_20 | SYNERGY_PAIR mom_20*roll_mean_ret_20 on Y_l@24h: joint |rho|=0.3208 vs individual max 0.1085 (pairs among the top 40 plus 2000 seeded random pairs; noise floor 3/sqrt(n))"
roll_std_ret_20,inner_3,DEFERRED,R10,"{""Y_s@4h"": -0.05832667577816788, ""Y_l@24h"": -0.24673873209663452, ""Y_l@48h"": ""NOT_RUN"", ""Y_l@72h"": ""NOT_RUN"", ""Y_l@96h"": ""NOT_RUN"", ""Y_l@120h"": ""NOT_RUN"", ""Y_l@144h"": ""NOT_RUN""}",,,"re-enters on: PS5 inner-validation gain as a member of a group or pair, a later exploratory draw, a new vintage, or a change of declared target","REDUNDANCY_GROUP R10 (|r|>=0.95): hist_vol_20,roll_std_ret_20 | BELOW_TOP_10_REVERSIBLE max|rho|=0.2467"
roll_skew_ret_20,inner_3,DEFERRED,,"{""Y_s@4h"": 0.02695853652239379, ""Y_l@24h"": -0.004506231524513715, ""Y_l@48h"": ""NOT_RUN"", ""Y_l@72h"": ""NOT_RUN"", ""Y_l@96h"": ""NOT_RUN"", ""Y_l@120h"": ""NOT_RUN"", ""Y_l@144h"": ""NOT_RUN""}",,,"re-enters on: PS5 inner-validation gain as a member of a group or pair, a later exploratory draw, a new vintage, or a change of declared target",BELOW_TOP_10_REVERSIBLE max|rho|=0.02696
roll_kurt_ret_20,inner_3,DEFERRED,,"{""Y_s@4h"": 0.0453355233546059, ""Y_l@24h"": 0.22012421415856612, ""Y_l@48h"": ""NOT_RUN"", ""Y_l@72h"": ""NOT_RUN"", ""Y_l@96h"": ""NOT_RUN"", ""Y_l@120h"": ""NOT_RUN"", ""Y_l@144h"": ""NOT_RUN""}",,,"re-enters on: PS5 inner-validation gain as a member of a group or pair, a later exploratory draw, a new vintage, or a change of declared target",BELOW_TOP_10_REVERSIBLE max|rho|=0.2201
roll_mean_ret_60,inner_3,REPRESENTATIVE,R4,"{""Y_s@4h"": 0.1271185883742741, ""Y_l@24h"": -0.1344210623188183, ""Y_l@48h"": ""NOT_RUN"", ""Y_l@72h"": ""NOT_RUN"", ""Y_l@96h"": ""NOT_RUN"", ""Y_l@120h"": ""NOT_RUN"", ""Y_l@144h"": ""NOT_RUN""}",,,,"REDUNDANCY_GROUP R4 (|r|>=0.95): return_60,log_return_60,roc_60,roll_mean_ret_60 | BEST_SCORED_MEMBER_OF R4"
roll_std_ret_60,inner_3,REPRESENTATIVE,R11,"{""Y_s@4h"": -0.0663228670531117, ""Y_l@24h"": -0.2717350106211796, ""Y_l@48h"": ""NOT_RUN"", ""Y_l@72h"": ""NOT_RUN"", ""Y_l@96h"": ""NOT_RUN"", ""Y_l@120h"": ""NOT_RUN"", ""Y_l@144h"": ""NOT_RUN""}",,,,"REDUNDANCY_GROUP R11 (|r|>=0.95): hist_vol_60,roll_std_ret_60 | BEST_SCORED_MEMBER_OF R11 | CAUTION_PERSISTENT_INPUT acf1=0.9971: a Spearman screen against overlapping multi-bar return labels on a near-unit-root input can reflect regime/trend confounding; PS4 must test a differenced or ratio variant before any claim"
roll_skew_ret_60,inner_3,DEFERRED,,"{""Y_s@4h"": -0.00872185225782167, ""Y_l@24h"": -0.06729713984237892, ""Y_l@48h"": ""NOT_RUN"", ""Y_l@72h"": ""NOT_RUN"", ""Y_l@96h"": ""NOT_RUN"", ""Y_l@120h"": ""NOT_RUN"", ""Y_l@144h"": ""NOT_RUN""}",,,"re-enters on: PS5 inner-validation gain as a member of a group or pair, a later exploratory draw, a new vintage, or a change of declared target",BELOW_TOP_10_REVERSIBLE max|rho|=0.0673
roll_kurt_ret_60,inner_3,DEFERRED,,"{""Y_s@4h"": 0.06202331650960845, ""Y_l@24h"": 0.3013003257527742, ""Y_l@48h"": ""NOT_RUN"", ""Y_l@72h"": ""NOT_RUN"", ""Y_l@96h"": ""NOT_RUN"", ""Y_l@120h"": ""NOT_RUN"", ""Y_l@144h"": ""NOT_RUN""}",,,"re-enters on: PS5 inner-validation gain as a member of a group or pair, a later exploratory draw, a new vintage, or a change of declared target",BELOW_TOP_10_REVERSIBLE max|rho|=0.3013
roll_mean_ret_252,inner_3,DEFERRED,,"{""Y_s@4h"": 0.16973461942949264, ""Y_l@24h"": -0.20133301459254446, ""Y_l@48h"": ""NOT_RUN"", ""Y_l@72h"": ""NOT_RUN"", ""Y_l@96h"": ""NOT_RUN"", ""Y_l@120h"": ""NOT_RUN"", ""Y_l@144h"": ""NOT_RUN""}",,,"re-enters on: PS5 inner-validation gain as a member of a group or pair, a later exploratory draw, a new vintage, or a change of declared target",BELOW_TOP_10_REVERSIBLE max|rho|=0.2013
roll_std_ret_252,inner_3,SYNERGY,,"{""Y_s@4h"": -0.11211132710692716, ""Y_l@24h"": -0.4117056161688783, ""Y_l@48h"": ""NOT_RUN"", ""Y_l@72h"": ""NOT_RUN"", ""Y_l@96h"": ""NOT_RUN"", ""Y_l@120h"": ""NOT_RUN"", ""Y_l@144h"": ""NOT_RUN""}",,,,SYNERGY_PAIR obv*roll_std_ret_252 on Y_s@4h: joint |rho|=0.3157 vs individual max 0.1121 (pairs among the top 40 plus 2000 seeded random pairs; noise floor 3/sqrt(n)) | CAUTION_PERSISTENT_INPUT acf1=0.9992: a Spearman screen against overlapping multi-bar return labels on a near-unit-root input can reflect regime/trend confounding; PS4 must test a differenced or ratio variant before any claim
roll_skew_ret_252,inner_3,DEFERRED,,"{""Y_s@4h"": -0.05438630494218501, ""Y_l@24h"": -0.15894235676742952, ""Y_l@48h"": ""NOT_RUN"", ""Y_l@72h"": ""NOT_RUN"", ""Y_l@96h"": ""NOT_RUN"", ""Y_l@120h"": ""NOT_RUN"", ""Y_l@144h"": ""NOT_RUN""}",,,"re-enters on: PS5 inner-validation gain as a member of a group or pair, a later exploratory draw, a new vintage, or a change of declared target",BELOW_TOP_10_REVERSIBLE max|rho|=0.1589
roll_kurt_ret_252,inner_3,DEFERRED,,"{""Y_s@4h"": 0.19851574018358645, ""Y_l@24h"": 0.3798619445895779, ""Y_l@48h"": ""NOT_RUN"", ""Y_l@72h"": ""NOT_RUN"", ""Y_l@96h"": ""NOT_RUN"", ""Y_l@120h"": ""NOT_RUN"", ""Y_l@144h"": ""NOT_RUN""}",,,"re-enters on: PS5 inner-validation gain as a member of a group or pair, a later exploratory draw, a new vintage, or a change of declared target",BELOW_TOP_10_REVERSIBLE max|rho|=0.3799
realized_var_12,inner_3,DEFERRED,,"{""Y_s@4h"": -0.051754194398477824, ""Y_l@24h"": -0.24347188918009702, ""Y_l@48h"": ""NOT_RUN"", ""Y_l@72h"": ""NOT_RUN"", ""Y_l@96h"": ""NOT_RUN"", ""Y_l@120h"": ""NOT_RUN"", ""Y_l@144h"": ""NOT_RUN""}",,,"re-enters on: PS5 inner-validation gain as a member of a group or pair, a later exploratory draw, a new vintage, or a change of declared target",BELOW_TOP_10_REVERSIBLE max|rho|=0.2435
realized_var_48,inner_3,DEFERRED,,"{""Y_s@4h"": -0.06361325993028755, ""Y_l@24h"": -0.2632569082696663, ""Y_l@48h"": ""NOT_RUN"", ""Y_l@72h"": ""NOT_RUN"", ""Y_l@96h"": ""NOT_RUN"", ""Y_l@120h"": ""NOT_RUN"", ""Y_l@144h"": ""NOT_RUN""}",,,"re-enters on: PS5 inner-validation gain as a member of a group or pair, a later exploratory draw, a new vintage, or a change of declared target",BELOW_TOP_10_REVERSIBLE max|rho|=0.2633
autocorr_lag1_100,inner_3,DEFERRED,,"{""Y_s@4h"": -0.08716305057848893, ""Y_l@24h"": 0.31749234033532536, ""Y_l@48h"": ""NOT_RUN"", ""Y_l@72h"": ""NOT_RUN"", ""Y_l@96h"": ""NOT_RUN"", ""Y_l@120h"": ""NOT_RUN"", ""Y_l@144h"": ""NOT_RUN""}",,,"re-enters on: PS5 inner-validation gain as a member of a group or pair, a later exploratory draw, a new vintage, or a change of declared target",BELOW_TOP_10_REVERSIBLE max|rho|=0.3175
autocorr_lag5_100,inner_3,DEFERRED,,"{""Y_s@4h"": -0.13987541772569226, ""Y_l@24h"": -0.2872341838552444, ""Y_l@48h"": ""NOT_RUN"", ""Y_l@72h"": ""NOT_RUN"", ""Y_l@96h"": ""NOT_RUN"", ""Y_l@120h"": ""NOT_RUN"", ""Y_l@144h"": ""NOT_RUN""}",,,"re-enters on: PS5 inner-validation gain as a member of a group or pair, a later exploratory draw, a new vintage, or a change of declared target",BELOW_TOP_10_REVERSIBLE max|rho|=0.2872
sqret_autocorr_lag1_100,inner_3,DEFERRED,,"{""Y_s@4h"": 0.046390417713911496, ""Y_l@24h"": -0.016616490292189805, ""Y_l@48h"": ""NOT_RUN"", ""Y_l@72h"": ""NOT_RUN"", ""Y_l@96h"": ""NOT_RUN"", ""Y_l@120h"": ""NOT_RUN"", ""Y_l@144h"": ""NOT_RUN""}",,,"re-enters on: PS5 inner-validation gain as a member of a group or pair, a later exploratory draw, a new vintage, or a change of declared target",BELOW_TOP_10_REVERSIBLE max|rho|=0.04639
vol_regime_high,inner_3,DEFERRED,,"{""Y_s@4h"": 0.046181875811296375, ""Y_l@24h"": 0.07497150298485868, ""Y_l@48h"": ""NOT_RUN"", ""Y_l@72h"": ""NOT_RUN"", ""Y_l@96h"": ""NOT_RUN"", ""Y_l@120h"": ""NOT_RUN"", ""Y_l@144h"": ""NOT_RUN""}",,,"re-enters on: PS5 inner-validation gain as a member of a group or pair, a later exploratory draw, a new vintage, or a change of declared target",BELOW_TOP_10_REVERSIBLE max|rho|=0.07497
vol_regime_low,inner_3,DEFERRED,,"{""Y_s@4h"": -0.0861664789859751, ""Y_l@24h"": 0.09883540754735277, ""Y_l@48h"": ""NOT_RUN"", ""Y_l@72h"": ""NOT_RUN"", ""Y_l@96h"": ""NOT_RUN"", ""Y_l@120h"": ""NOT_RUN"", ""Y_l@144h"": ""NOT_RUN""}",,,"re-enters on: PS5 inner-validation gain as a member of a group or pair, a later exploratory draw, a new vintage, or a change of declared target",BELOW_TOP_10_REVERSIBLE max|rho|=0.09884
hurst_proxy_200,inner_3,DEFERRED,,"{""Y_s@4h"": -0.09237010707292809, ""Y_l@24h"": 0.48451780359572194, ""Y_l@48h"": ""NOT_RUN"", ""Y_l@72h"": ""NOT_RUN"", ""Y_l@96h"": ""NOT_RUN"", ""Y_l@120h"": ""NOT_RUN"", ""Y_l@144h"": ""NOT_RUN""}",,,"re-enters on: PS5 inner-validation gain as a member of a group or pair, a later exploratory draw, a new vintage, or a change of declared target",BELOW_TOP_10_REVERSIBLE max|rho|=0.4845
zscore_close_100,inner_3,EXPLORATORY,,"{""Y_s@4h"": 0.15907982779375704, ""Y_l@24h"": -0.1410368154156375, ""Y_l@48h"": ""NOT_RUN"", ""Y_l@72h"": ""NOT_RUN"", ""Y_l@96h"": ""NOT_RUN"", ""Y_l@120h"": ""NOT_RUN"", ""Y_l@144h"": ""NOT_RUN""}",0.09615384615384616,"uniform without replacement over the 52 unranked eligible inputs, seed=20261001, fold=inner_3; drawn independently of relevance",,EXPLORATORY_DRAW (outside the ranking)
