dataset_id,bank,receipt,artifact,receipt_status,numeric_variables_claimed,artifact_present,artifact_bytes,verification,metric_rows,metric_statuses,partitions,unique_metrics,train_variables_observed
financial_data.census_appearance.app_067206bbab63667c375cb963,FINANCIAL,profiles_c162_v1_coordinator,attempts/df570aff6287ca7bc61b__financial_data.census_appearance.app_067206bbab63667c375cb963/attempt-1/profile.jsonl,COMPLETED,1,True,265346,HASH_VERIFIED,304,"{""COMPLETED"": 280, ""INCONCLUSIVE"": 6, ""NOT_RUN"": 18}","{""calibration"": 100, ""confirmation"": 100, ""train"": 104}",107,1
financial_data.census_appearance.app_09c13bd32c9254977e627eb5,FINANCIAL,profiles_c162_v1_coordinator,attempts/a6fd043a5246be6b0f37__financial_data.census_appearance.app_09c13bd32c9254977e627eb5/attempt-1/profile.jsonl,COMPLETED,1,True,265212,HASH_VERIFIED,304,"{""COMPLETED"": 283, ""INCONCLUSIVE"": 6, ""NOT_RUN"": 15}","{""calibration"": 100, ""confirmation"": 100, ""train"": 104}",107,1
financial_data.census_appearance.app_119b8f62cb5021bb90c4264f,FINANCIAL,profiles_c162_v1_coordinator,attempts/dc73e852e1c80e02d634__financial_data.census_appearance.app_119b8f62cb5021bb90c4264f/attempt-1/profile.jsonl,COMPLETED,8,True,2792147,HASH_VERIFIED,3235,"{""COMPLETED"": 2361, ""INCONCLUSIVE"": 874}","{""calibration"": 532, ""confirmation"": 532, ""train"": 2171}",159,8
financial_data.census_appearance.app_127800fd0387cde9c556ad7f,FINANCIAL,profiles_c162_v1_coordinator,attempts/4e9deaa6c4f14eac3f5b__financial_data.census_appearance.app_127800fd0387cde9c556ad7f/attempt-1/profile.jsonl,COMPLETED,4,True,989748,HASH_VERIFIED,1190,"{""COMPLETED"": 1138, ""INCONCLUSIVE"": 52}","{""calibration"": 276, ""confirmation"": 276, ""train"": 638}",158,4
financial_data.census_appearance.app_19c805ae808e5ac71819639b,FINANCIAL,profiles_c162_v1_coordinator,attempts/becf4220bebb071eeb73__financial_data.census_appearance.app_19c805ae808e5ac71819639b/attempt-1/profile.jsonl,COMPLETED,1,True,265203,HASH_VERIFIED,304,"{""COMPLETED"": 283, ""INCONCLUSIVE"": 6, ""NOT_RUN"": 15}","{""calibration"": 100, ""confirmation"": 100, ""train"": 104}",107,1
financial_data.census_appearance.app_2188dce50f77e4f57c761a05,FINANCIAL,profiles_c162_v1_coordinator,attempts/abeab9ddadd429d8ba40__financial_data.census_appearance.app_2188dce50f77e4f57c761a05/attempt-1/profile.jsonl,COMPLETED,1,True,196008,HASH_VERIFIED,256,"{""COMPLETED"": 247, ""INCONCLUSIVE"": 6, ""NOT_RUN"": 3}","{""calibration"": 84, ""confirmation"": 84, ""train"": 88}",91,1
financial_data.census_appearance.app_2378d89a0485e4aba66db5b6,FINANCIAL,profiles_c162_v1_coordinator,attempts/8d888687fc4aaff2b6de__financial_data.census_appearance.app_2378d89a0485e4aba66db5b6/attempt-1/profile.jsonl,COMPLETED,1,True,265395,HASH_VERIFIED,304,"{""COMPLETED"": 283, ""INCONCLUSIVE"": 6, ""NOT_RUN"": 15}","{""calibration"": 100, ""confirmation"": 100, ""train"": 104}",107,1
financial_data.census_appearance.app_244fe3eb9c9d0b9c5575bdf5,FINANCIAL,profiles_c162_v1_coordinator,attempts/7636a19187cefe2222cb__financial_data.census_appearance.app_244fe3eb9c9d0b9c5575bdf5/attempt-1/profile.jsonl,COMPLETED,9,True,3365347,HASH_VERIFIED,3892,"{""COMPLETED"": 3835, ""INCONCLUSIVE"": 57}","{""calibration"": 596, ""confirmation"": 596, ""train"": 2700}",159,9
financial_data.census_appearance.app_3187141a059280efe17084c7,FINANCIAL,profiles_c162_v1_coordinator,attempts/8be12a58fb7e183abfe4__financial_data.census_appearance.app_3187141a059280efe17084c7/attempt-1/profile.jsonl,COMPLETED,9,True,3362867,HASH_VERIFIED,3892,"{""COMPLETED"": 3838, ""INCONCLUSIVE"": 54}","{""calibration"": 596, ""confirmation"": 596, ""train"": 2700}",159,9
financial_data.census_appearance.app_34ac9183b12c26ef5ff8162c,FINANCIAL,profiles_c162_v1_coordinator,attempts/3e1aeb26231529364af3__financial_data.census_appearance.app_34ac9183b12c26ef5ff8162c/attempt-1/profile.jsonl,COMPLETED,9,True,3361198,HASH_VERIFIED,3892,"{""COMPLETED"": 3801, ""INCONCLUSIVE"": 91}","{""calibration"": 596, ""confirmation"": 596, ""train"": 2700}",159,9
financial_data.census_appearance.app_4f9df0d7ef08f7bd1daefa12,FINANCIAL,profiles_c162_v1_coordinator,attempts/77ec87aac76048f16d31__financial_data.census_appearance.app_4f9df0d7ef08f7bd1daefa12/attempt-1/profile.jsonl,COMPLETED,8,True,2789530,HASH_VERIFIED,3235,"{""COMPLETED"": 2359, ""INCONCLUSIVE"": 876}","{""calibration"": 532, ""confirmation"": 532, ""train"": 2171}",159,8
financial_data.census_appearance.app_5943c07f7a8f82ea87d5be6f,FINANCIAL,profiles_c162_v1_coordinator,attempts/8ba56d01f04aa4c6cfd8__financial_data.census_appearance.app_5943c07f7a8f82ea87d5be6f/attempt-1/profile.jsonl,COMPLETED,8,True,2791437,HASH_VERIFIED,3235,"{""COMPLETED"": 2360, ""INCONCLUSIVE"": 875}","{""calibration"": 532, ""confirmation"": 532, ""train"": 2171}",159,8
financial_data.census_appearance.app_65e9fe3178f39ec9058b0ff9,FINANCIAL,profiles_c162_v1_coordinator,attempts/81e5982e5f183f006731__financial_data.census_appearance.app_65e9fe3178f39ec9058b0ff9/attempt-1/profile.jsonl,COMPLETED,1,True,265487,HASH_VERIFIED,304,"{""COMPLETED"": 280, ""INCONCLUSIVE"": 6, ""NOT_RUN"": 18}","{""calibration"": 100, ""confirmation"": 100, ""train"": 104}",107,1
financial_data.census_appearance.app_702eb0348d96c0c1ed74b359,FINANCIAL,profiles_c162_v1_coordinator,attempts/b6e1c9dbd1568259fe16__financial_data.census_appearance.app_702eb0348d96c0c1ed74b359/attempt-1/profile.jsonl,COMPLETED,9,True,3361990,HASH_VERIFIED,3892,"{""COMPLETED"": 3532, ""INCONCLUSIVE"": 360}","{""calibration"": 596, ""confirmation"": 596, ""train"": 2700}",159,9
financial_data.census_appearance.app_82a6abdd03b0f9f98e6dbe1d,FINANCIAL,profiles_c162_v1_coordinator,attempts/686a2f7bac94ad38bc75__financial_data.census_appearance.app_82a6abdd03b0f9f98e6dbe1d/attempt-1/profile.jsonl,COMPLETED,1,True,265596,HASH_VERIFIED,304,"{""COMPLETED"": 280, ""INCONCLUSIVE"": 6, ""NOT_RUN"": 18}","{""calibration"": 100, ""confirmation"": 100, ""train"": 104}",107,1
financial_data.census_appearance.app_8526db37388d7db09ecba059,FINANCIAL,profiles_c162_v1_coordinator,attempts/aec31d1428dbab5f785c__financial_data.census_appearance.app_8526db37388d7db09ecba059/attempt-1/profile.jsonl,COMPLETED,9,True,3368179,HASH_VERIFIED,3892,"{""COMPLETED"": 3846, ""INCONCLUSIVE"": 46}","{""calibration"": 596, ""confirmation"": 596, ""train"": 2700}",159,9
financial_data.census_appearance.app_8fc84361eb4af3f717cdda27,FINANCIAL,profiles_c162_v1_coordinator,attempts/8c154a9be26d8e95cd6b__financial_data.census_appearance.app_8fc84361eb4af3f717cdda27/attempt-1/profile.jsonl,COMPLETED,1,True,195897,HASH_VERIFIED,256,"{""COMPLETED"": 247, ""INCONCLUSIVE"": 6, ""NOT_RUN"": 3}","{""calibration"": 84, ""confirmation"": 84, ""train"": 88}",91,1
financial_data.census_appearance.app_9297ddc2bc0627b55f3545c3,FINANCIAL,profiles_c162_v1_coordinator,attempts/ea8299dab5b729228a72__financial_data.census_appearance.app_9297ddc2bc0627b55f3545c3/attempt-1/profile.jsonl,COMPLETED,1,True,265371,HASH_VERIFIED,304,"{""COMPLETED"": 283, ""INCONCLUSIVE"": 6, ""NOT_RUN"": 15}","{""calibration"": 100, ""confirmation"": 100, ""train"": 104}",107,1
financial_data.census_appearance.app_92e671cf57e5a1d2b2b93f5a,FINANCIAL,profiles_c162_v1_coordinator,attempts/653b324a2e169d7d11e5__financial_data.census_appearance.app_92e671cf57e5a1d2b2b93f5a/attempt-1/profile.jsonl,COMPLETED,1,True,265065,HASH_VERIFIED,304,"{""COMPLETED"": 283, ""INCONCLUSIVE"": 6, ""NOT_RUN"": 15}","{""calibration"": 100, ""confirmation"": 100, ""train"": 104}",107,1
financial_data.census_appearance.app_92fc36850ead4cf96a5d11c6,FINANCIAL,profiles_c162_v1_coordinator,attempts/069c381c39d4dd559cc9__financial_data.census_appearance.app_92fc36850ead4cf96a5d11c6/attempt-1/profile.jsonl,COMPLETED,1,True,195680,HASH_VERIFIED,256,"{""COMPLETED"": 247, ""INCONCLUSIVE"": 6, ""NOT_RUN"": 3}","{""calibration"": 84, ""confirmation"": 84, ""train"": 88}",91,1
financial_data.census_appearance.app_972525b0542f2a7f852dfe51,FINANCIAL,profiles_c162_v1_coordinator,attempts/8b8e318cfe2cff226163__financial_data.census_appearance.app_972525b0542f2a7f852dfe51/attempt-1/profile.jsonl,COMPLETED,8,True,2790032,HASH_VERIFIED,3235,"{""COMPLETED"": 2360, ""INCONCLUSIVE"": 875}","{""calibration"": 532, ""confirmation"": 532, ""train"": 2171}",159,8
financial_data.census_appearance.app_99d9dc85f9e090e3b24c2f61,FINANCIAL,profiles_c162_v1_coordinator,attempts/ccaeef91b8c703f9ab89__financial_data.census_appearance.app_99d9dc85f9e090e3b24c2f61/attempt-1/profile.jsonl,COMPLETED,8,True,2790548,HASH_VERIFIED,3235,"{""COMPLETED"": 2341, ""INCONCLUSIVE"": 894}","{""calibration"": 532, ""confirmation"": 532, ""train"": 2171}",159,8
financial_data.census_appearance.app_9cfd4b17d748859a5e7f0bbf,FINANCIAL,profiles_c162_v1_coordinator,attempts/d53d5571ed9b6c7585a8__financial_data.census_appearance.app_9cfd4b17d748859a5e7f0bbf/attempt-1/profile.jsonl,COMPLETED,1,True,265246,HASH_VERIFIED,304,"{""COMPLETED"": 283, ""INCONCLUSIVE"": 6, ""NOT_RUN"": 15}","{""calibration"": 100, ""confirmation"": 100, ""train"": 104}",107,1
financial_data.census_appearance.app_9e95f6df0b6de389721baaab,FINANCIAL,profiles_c162_v1_coordinator,attempts/a2b2094d4e26b45d8a99__financial_data.census_appearance.app_9e95f6df0b6de389721baaab/attempt-1/profile.jsonl,COMPLETED,9,True,3367822,HASH_VERIFIED,3892,"{""COMPLETED"": 3843, ""INCONCLUSIVE"": 49}","{""calibration"": 596, ""confirmation"": 596, ""train"": 2700}",159,9
financial_data.census_appearance.app_a136fb36b3c155dfdc033f1b,FINANCIAL,profiles_c162_v1_coordinator,attempts/3967bbf80d48f082ab76__financial_data.census_appearance.app_a136fb36b3c155dfdc033f1b/attempt-1/profile.jsonl,COMPLETED,1,True,265214,HASH_VERIFIED,304,"{""COMPLETED"": 283, ""INCONCLUSIVE"": 6, ""NOT_RUN"": 15}","{""calibration"": 100, ""confirmation"": 100, ""train"": 104}",107,1
financial_data.census_appearance.app_a1f9c1529feccb2387e15c01,FINANCIAL,profiles_c162_v1_coordinator,attempts/79bc715e94af50c20d72__financial_data.census_appearance.app_a1f9c1529feccb2387e15c01/attempt-1/profile.jsonl,COMPLETED,8,True,2803424,HASH_VERIFIED,3235,"{""COMPLETED"": 2026, ""INCONCLUSIVE"": 1209}","{""calibration"": 532, ""confirmation"": 532, ""train"": 2171}",159,8
financial_data.census_appearance.app_aa280f25233584dc3e000cbb,FINANCIAL,profiles_c162_v1_coordinator,attempts/36505a3f20538fbbab02__financial_data.census_appearance.app_aa280f25233584dc3e000cbb/attempt-1/profile.jsonl,COMPLETED,1,True,265251,HASH_VERIFIED,304,"{""COMPLETED"": 283, ""INCONCLUSIVE"": 6, ""NOT_RUN"": 15}","{""calibration"": 100, ""confirmation"": 100, ""train"": 104}",107,1
financial_data.census_appearance.app_acb12c99a974e6ce1d1aa825,FINANCIAL,profiles_c162_v1_coordinator,attempts/69413820445af2b8b00d__financial_data.census_appearance.app_acb12c99a974e6ce1d1aa825/attempt-1/profile.jsonl,COMPLETED,9,True,3359096,HASH_VERIFIED,3891,"{""COMPLETED"": 3814, ""INCONCLUSIVE"": 77}","{""calibration"": 596, ""confirmation"": 596, ""train"": 2699}",159,9
financial_data.census_appearance.app_b04a733ab7bbf06217954743,FINANCIAL,profiles_c162_v1_coordinator,attempts/ad52eada5c2ebe0d1d3e__financial_data.census_appearance.app_b04a733ab7bbf06217954743/attempt-1/profile.jsonl,COMPLETED,8,True,2791556,HASH_VERIFIED,3235,"{""COMPLETED"": 2362, ""INCONCLUSIVE"": 873}","{""calibration"": 532, ""confirmation"": 532, ""train"": 2171}",159,8
financial_data.census_appearance.app_b7831920dfd4b06169269814,FINANCIAL,profiles_c162_v1_coordinator,attempts/7805fba0533ec7411d0a__financial_data.census_appearance.app_b7831920dfd4b06169269814/attempt-1/profile.jsonl,COMPLETED,9,True,3366716,HASH_VERIFIED,3892,"{""COMPLETED"": 3851, ""INCONCLUSIVE"": 41}","{""calibration"": 596, ""confirmation"": 596, ""train"": 2700}",159,9
financial_data.census_appearance.app_b7a528064798e6bbd521c545,FINANCIAL,profiles_c162_v1_coordinator,attempts/2242265319c7f4a8efb3__financial_data.census_appearance.app_b7a528064798e6bbd521c545/attempt-1/profile.jsonl,COMPLETED,9,True,3375297,HASH_VERIFIED,3891,"{""COMPLETED"": 2896, ""INCONCLUSIVE"": 995}","{""calibration"": 596, ""confirmation"": 596, ""train"": 2699}",159,9
financial_data.census_appearance.app_b824924f689c6046c3d4b668,FINANCIAL,profiles_c162_v1_coordinator,attempts/5e3c1c8556e7babe20f6__financial_data.census_appearance.app_b824924f689c6046c3d4b668/attempt-1/profile.jsonl,COMPLETED,1,True,265716,HASH_VERIFIED,304,"{""COMPLETED"": 283, ""INCONCLUSIVE"": 6, ""NOT_RUN"": 15}","{""calibration"": 100, ""confirmation"": 100, ""train"": 104}",107,1
financial_data.census_appearance.app_bbac75724117b6ff1f26c502,FINANCIAL,profiles_c162_v1_coordinator,attempts/1ffa31f5705adb9c7491__financial_data.census_appearance.app_bbac75724117b6ff1f26c502/attempt-1/profile.jsonl,COMPLETED,9,True,3364348,HASH_VERIFIED,3892,"{""COMPLETED"": 3835, ""INCONCLUSIVE"": 57}","{""calibration"": 596, ""confirmation"": 596, ""train"": 2700}",159,9
financial_data.census_appearance.app_c382a1b6cc9fb85b87ed3917,FINANCIAL,profiles_c162_v1_coordinator,attempts/1012bdaa45e56eb3e9b7__financial_data.census_appearance.app_c382a1b6cc9fb85b87ed3917/attempt-1/profile.jsonl,COMPLETED,8,True,2791273,HASH_VERIFIED,3235,"{""COMPLETED"": 2362, ""INCONCLUSIVE"": 873}","{""calibration"": 532, ""confirmation"": 532, ""train"": 2171}",159,8
financial_data.census_appearance.app_c570b604a76695a47b365b45,FINANCIAL,profiles_c162_v1_coordinator,attempts/237d9d449636ed060339__financial_data.census_appearance.app_c570b604a76695a47b365b45/attempt-1/profile.jsonl,COMPLETED,9,True,3367879,HASH_VERIFIED,3892,"{""COMPLETED"": 3839, ""INCONCLUSIVE"": 53}","{""calibration"": 596, ""confirmation"": 596, ""train"": 2700}",159,9
financial_data.census_appearance.app_c78f7f44017a32cb31cc8000,FINANCIAL,profiles_c162_v1_coordinator,attempts/5775e84771adf326aa92__financial_data.census_appearance.app_c78f7f44017a32cb31cc8000/attempt-1/profile.jsonl,COMPLETED,1,True,265088,HASH_VERIFIED,304,"{""COMPLETED"": 268, ""INCONCLUSIVE"": 21, ""NOT_RUN"": 15}","{""calibration"": 100, ""confirmation"": 100, ""train"": 104}",107,1
financial_data.census_appearance.app_cb7d7191e2c7ff7e47a9bf13,FINANCIAL,profiles_c162_v1_coordinator,attempts/655545b60db105cbb660__financial_data.census_appearance.app_cb7d7191e2c7ff7e47a9bf13/attempt-1/profile.jsonl,COMPLETED,1,True,219104,HASH_VERIFIED,272,"{""COMPLETED"": 259, ""INCONCLUSIVE"": 6, ""NOT_RUN"": 7}","{""calibration"": 84, ""confirmation"": 84, ""train"": 104}",107,1
financial_data.census_appearance.app_d0c9cb048165b2312b6278f5,FINANCIAL,profiles_c162_v1_coordinator,attempts/bebdd6ee9d3a89d8dc3c__financial_data.census_appearance.app_d0c9cb048165b2312b6278f5/attempt-1/profile.jsonl,COMPLETED,8,True,2791117,HASH_VERIFIED,3235,"{""COMPLETED"": 2361, ""INCONCLUSIVE"": 874}","{""calibration"": 532, ""confirmation"": 532, ""train"": 2171}",159,8
financial_data.census_appearance.app_d54a39ecd31964a8bed1c1ee,FINANCIAL,profiles_c162_v1_coordinator,attempts/a3f4d3a300c361a17e63__financial_data.census_appearance.app_d54a39ecd31964a8bed1c1ee/attempt-1/profile.jsonl,COMPLETED,8,True,2794657,HASH_VERIFIED,3235,"{""COMPLETED"": 2026, ""INCONCLUSIVE"": 1209}","{""calibration"": 532, ""confirmation"": 532, ""train"": 2171}",159,8
financial_data.census_appearance.app_dd1a26b98091ff5d3eb7b67d,FINANCIAL,profiles_c162_v1_coordinator,attempts/e9de65b7b025dc74e174__financial_data.census_appearance.app_dd1a26b98091ff5d3eb7b67d/attempt-1/profile.jsonl,COMPLETED,8,True,2803270,HASH_VERIFIED,3235,"{""COMPLETED"": 2348, ""INCONCLUSIVE"": 887}","{""calibration"": 532, ""confirmation"": 532, ""train"": 2171}",159,8
financial_data.census_appearance.app_de5da68259bfc69b6be1744f,FINANCIAL,profiles_c162_v1_coordinator,attempts/885f8f07d2b288478e14__financial_data.census_appearance.app_de5da68259bfc69b6be1744f/attempt-1/profile.jsonl,COMPLETED,4,True,989044,HASH_VERIFIED,1190,"{""COMPLETED"": 1106, ""INCONCLUSIVE"": 84}","{""calibration"": 276, ""confirmation"": 276, ""train"": 638}",158,4
financial_data.census_appearance.app_e2cf5a0f3c758c41453d14bb,FINANCIAL,profiles_c162_v1_coordinator,attempts/09391d241f7e387d005f__financial_data.census_appearance.app_e2cf5a0f3c758c41453d14bb/attempt-1/profile.jsonl,COMPLETED,1,True,219283,HASH_VERIFIED,272,"{""COMPLETED"": 259, ""INCONCLUSIVE"": 6, ""NOT_RUN"": 7}","{""calibration"": 84, ""confirmation"": 84, ""train"": 104}",107,1
financial_data.census_appearance.app_e42b61f4e55120b22d965b8f,FINANCIAL,profiles_c162_v1_coordinator,attempts/7025c3912b7e5738c152__financial_data.census_appearance.app_e42b61f4e55120b22d965b8f/attempt-1/profile.jsonl,COMPLETED,1,True,195722,HASH_VERIFIED,256,"{""COMPLETED"": 246, ""INCONCLUSIVE"": 7, ""NOT_RUN"": 3}","{""calibration"": 84, ""confirmation"": 84, ""train"": 88}",91,1
financial_data.census_appearance.app_e69a952e66100c21fa11ab1f,FINANCIAL,profiles_c162_v1_coordinator,attempts/22de1aaadac0f1542d7e__financial_data.census_appearance.app_e69a952e66100c21fa11ab1f/attempt-1/profile.jsonl,COMPLETED,1,True,265280,HASH_VERIFIED,304,"{""COMPLETED"": 283, ""INCONCLUSIVE"": 6, ""NOT_RUN"": 15}","{""calibration"": 100, ""confirmation"": 100, ""train"": 104}",107,1
financial_data.census_appearance.app_efb949aabcbfe50a4c8fd8cb,FINANCIAL,profiles_c162_v1_coordinator,attempts/d4f15a65be5acc4869ca__financial_data.census_appearance.app_efb949aabcbfe50a4c8fd8cb/attempt-1/profile.jsonl,COMPLETED,1,True,265400,HASH_VERIFIED,304,"{""COMPLETED"": 283, ""INCONCLUSIVE"": 6, ""NOT_RUN"": 15}","{""calibration"": 100, ""confirmation"": 100, ""train"": 104}",107,1
financial_data.census_appearance.app_f65f6ccaacc305dc3c9420bd,FINANCIAL,profiles_c162_v1_coordinator,attempts/806000bcf122936781bb__financial_data.census_appearance.app_f65f6ccaacc305dc3c9420bd/attempt-1/profile.jsonl,COMPLETED,9,True,3362941,HASH_VERIFIED,3892,"{""COMPLETED"": 3829, ""INCONCLUSIVE"": 63}","{""calibration"": 596, ""confirmation"": 596, ""train"": 2700}",159,9
synthetic.df_synthetic_bank.c128.v1.bumps__white__snr10__none__n2048__v1__seed11,SYNTHETIC,profiles_c162_v1_coordinator,attempts/5c100c7c99ba1cfb8ee3__synthetic.df_synthetic_bank.c128.v1.bumps__white__snr10__none__n2048__v1__seed11/attempt-1/profile.jsonl,COMPLETED,1,True,202729,HASH_VERIFIED,256,"{""COMPLETED"": 192, ""INCONCLUSIVE"": 13, ""NOT_RUN"": 3, ""UNAVAILABLE"": 48}","{""calibration"": 84, ""confirmation"": 84, ""train"": 88}",91,1
synthetic.df_synthetic_bank.c128.v1.bumps__white__snr5__none__n2048__v1__seed12,SYNTHETIC,profiles_c162_v1_coordinator,attempts/6187bfab8dffdfa4ffdd__synthetic.df_synthetic_bank.c128.v1.bumps__white__snr5__none__n2048__v1__seed12/attempt-1/profile.jsonl,COMPLETED,1,True,202455,HASH_VERIFIED,256,"{""COMPLETED"": 194, ""INCONCLUSIVE"": 11, ""NOT_RUN"": 3, ""UNAVAILABLE"": 48}","{""calibration"": 84, ""confirmation"": 84, ""train"": 88}",91,1
synthetic.df_synthetic_bank.c128.v1.chirp__white__snr-5__none__n2048__v1__seed13,SYNTHETIC,profiles_c162_v1_coordinator,attempts/0dbad86ffdbce31073f9__synthetic.df_synthetic_bank.c128.v1.chirp__white__snr-5__none__n2048__v1__seed13/attempt-1/profile.jsonl,COMPLETED,1,True,202679,HASH_VERIFIED,256,"{""COMPLETED"": 192, ""INCONCLUSIVE"": 13, ""NOT_RUN"": 3, ""UNAVAILABLE"": 48}","{""calibration"": 84, ""confirmation"": 84, ""train"": 88}",91,1
synthetic.df_synthetic_bank.c128.v1.chirp__white__snr20__none__n2048__v1__seed11,SYNTHETIC,profiles_c162_v1_coordinator,attempts/e89d5e2d70f34a88b82e__synthetic.df_synthetic_bank.c128.v1.chirp__white__snr20__none__n2048__v1__seed11/attempt-1/profile.jsonl,COMPLETED,1,True,202601,HASH_VERIFIED,256,"{""COMPLETED"": 194, ""INCONCLUSIVE"": 11, ""NOT_RUN"": 3, ""UNAVAILABLE"": 48}","{""calibration"": 84, ""confirmation"": 84, ""train"": 88}",91,1
synthetic.df_synthetic_bank.c128.v1.chirp__white__snrinf__none__n2048__v1__seed12,SYNTHETIC,profiles_c162_v1_coordinator,attempts/013571416164696f4baf__ynthetic.df_synthetic_bank.c128.v1.chirp__white__snrinf__none__n2048__v1__seed12/attempt-1/profile.jsonl,COMPLETED,1,True,202937,HASH_VERIFIED,256,"{""COMPLETED"": 192, ""INCONCLUSIVE"": 13, ""NOT_RUN"": 3, ""UNAVAILABLE"": 48}","{""calibration"": 84, ""confirmation"": 84, ""train"": 88}",91,1
synthetic.df_synthetic_bank.c128.v1.impulses__white__snr0__none__n2048__v1__seed13,SYNTHETIC,profiles_c162_v1_coordinator,attempts/9c074f6c5a562358faf1__nthetic.df_synthetic_bank.c128.v1.impulses__white__snr0__none__n2048__v1__seed13/attempt-1/profile.jsonl,COMPLETED,1,True,203249,HASH_VERIFIED,256,"{""COMPLETED"": 192, ""INCONCLUSIVE"": 13, ""NOT_RUN"": 3, ""UNAVAILABLE"": 48}","{""calibration"": 84, ""confirmation"": 84, ""train"": 88}",91,1
synthetic.df_synthetic_bank.c128.v1.impulses__white__snr5__none__n2048__v1__seed11,SYNTHETIC,profiles_c162_v1_coordinator,attempts/6551d2742080dd7bc125__nthetic.df_synthetic_bank.c128.v1.impulses__white__snr5__none__n2048__v1__seed11/attempt-1/profile.jsonl,COMPLETED,1,True,203210,HASH_VERIFIED,256,"{""COMPLETED"": 192, ""INCONCLUSIVE"": 13, ""NOT_RUN"": 3, ""UNAVAILABLE"": 48}","{""calibration"": 84, ""confirmation"": 84, ""train"": 88}",91,1
synthetic.df_synthetic_bank.c128.v1.motif__white__snr-5__none__n2048__v1__seed12,SYNTHETIC,profiles_c162_v1_coordinator,attempts/555954263aaa1b586d01__synthetic.df_synthetic_bank.c128.v1.motif__white__snr-5__none__n2048__v1__seed12/attempt-1/profile.jsonl,COMPLETED,1,True,202691,HASH_VERIFIED,256,"{""COMPLETED"": 192, ""INCONCLUSIVE"": 13, ""NOT_RUN"": 3, ""UNAVAILABLE"": 48}","{""calibration"": 84, ""confirmation"": 84, ""train"": 88}",91,1
synthetic.df_synthetic_bank.c128.v1.motif__white__snr10__none__n2048__v1__seed13,SYNTHETIC,profiles_c162_v1_coordinator,attempts/9c06f54905df7d53f258__synthetic.df_synthetic_bank.c128.v1.motif__white__snr10__none__n2048__v1__seed13/attempt-1/profile.jsonl,COMPLETED,1,True,202801,HASH_VERIFIED,256,"{""COMPLETED"": 192, ""INCONCLUSIVE"": 13, ""NOT_RUN"": 3, ""UNAVAILABLE"": 48}","{""calibration"": 84, ""confirmation"": 84, ""train"": 88}",91,1
synthetic.df_synthetic_bank.c128.v1.motif__white__snrinf__none__n2048__v1__seed11,SYNTHETIC,profiles_c162_v1_coordinator,attempts/cbf89b494ccfe51476d3__ynthetic.df_synthetic_bank.c128.v1.motif__white__snrinf__none__n2048__v1__seed11/attempt-1/profile.jsonl,COMPLETED,1,True,202520,HASH_VERIFIED,256,"{""COMPLETED"": 162, ""INCONCLUSIVE"": 43, ""NOT_RUN"": 3, ""UNAVAILABLE"": 48}","{""calibration"": 84, ""confirmation"": 84, ""train"": 88}",91,1
synthetic.df_synthetic_bank.c128.v1.multiband__ar1__snr0__none__n2048__v1__seed12,SYNTHETIC,profiles_c162_v1_coordinator,attempts/121e333eeaf09200a928__ynthetic.df_synthetic_bank.c128.v1.multiband__ar1__snr0__none__n2048__v1__seed12/attempt-1/profile.jsonl,COMPLETED,1,True,202878,HASH_VERIFIED,256,"{""COMPLETED"": 192, ""INCONCLUSIVE"": 13, ""NOT_RUN"": 3, ""UNAVAILABLE"": 48}","{""calibration"": 84, ""confirmation"": 84, ""train"": 88}",91,1
synthetic.df_synthetic_bank.c128.v1.multiband__ar1__snr20__none__n2048__v1__seed13,SYNTHETIC,profiles_c162_v1_coordinator,attempts/80c33b2a2470678bfc6a__nthetic.df_synthetic_bank.c128.v1.multiband__ar1__snr20__none__n2048__v1__seed13/attempt-1/profile.jsonl,COMPLETED,1,True,203169,HASH_VERIFIED,256,"{""COMPLETED"": 194, ""INCONCLUSIVE"": 11, ""NOT_RUN"": 3, ""UNAVAILABLE"": 48}","{""calibration"": 84, ""confirmation"": 84, ""train"": 88}",91,1
synthetic.df_synthetic_bank.c128.v1.multiband__contaminated__snr-5__none__n2048__v1__seed11,SYNTHETIC,profiles_c162_v1_coordinator,attempts/2eea25cd5648031035c8__f_synthetic_bank.c128.v1.multiband__contaminated__snr-5__none__n2048__v1__seed11/attempt-1/profile.jsonl,COMPLETED,1,True,205509,HASH_VERIFIED,256,"{""COMPLETED"": 192, ""INCONCLUSIVE"": 13, ""NOT_RUN"": 3, ""UNAVAILABLE"": 48}","{""calibration"": 84, ""confirmation"": 84, ""train"": 88}",91,1
synthetic.df_synthetic_bank.c128.v1.multiband__contaminated__snr10__none__n2048__v1__seed12,SYNTHETIC,profiles_c162_v1_coordinator,attempts/1654c18ae24cf2945604__f_synthetic_bank.c128.v1.multiband__contaminated__snr10__none__n2048__v1__seed12/attempt-1/profile.jsonl,COMPLETED,1,True,205452,HASH_VERIFIED,256,"{""COMPLETED"": 192, ""INCONCLUSIVE"": 13, ""NOT_RUN"": 3, ""UNAVAILABLE"": 48}","{""calibration"": 84, ""confirmation"": 84, ""train"": 88}",91,1
synthetic.df_synthetic_bank.c128.v1.multiband__contaminated__snr5__none__n2048__v1__seed13,SYNTHETIC,profiles_c162_v1_coordinator,attempts/d049b20a90830c80c4de__df_synthetic_bank.c128.v1.multiband__contaminated__snr5__none__n2048__v1__seed13/attempt-1/profile.jsonl,COMPLETED,1,True,205195,HASH_VERIFIED,256,"{""COMPLETED"": 192, ""INCONCLUSIVE"": 13, ""NOT_RUN"": 3, ""UNAVAILABLE"": 48}","{""calibration"": 84, ""confirmation"": 84, ""train"": 88}",91,1
synthetic.df_synthetic_bank.c128.v1.multiband__correlated__snr0__none__n2048__v3__seed11,SYNTHETIC,profiles_c162_v1_coordinator,attempts/f8846bd43407e3b628ec__c.df_synthetic_bank.c128.v1.multiband__correlated__snr0__none__n2048__v3__seed11/attempt-1/profile.jsonl,COMPLETED,3,True,696706,HASH_VERIFIED,822,"{""COMPLETED"": 735, ""INCONCLUSIVE"": 39, ""UNAVAILABLE"": 48}","{""calibration"": 212, ""confirmation"": 212, ""train"": 398}",156,3
synthetic.df_synthetic_bank.c128.v1.multiband__correlated__snr20__none__n2048__v3__seed12,SYNTHETIC,profiles_c162_v1_coordinator,attempts/4792f10c9be1b69429f0__.df_synthetic_bank.c128.v1.multiband__correlated__snr20__none__n2048__v3__seed12/attempt-1/profile.jsonl,COMPLETED,3,True,697479,HASH_VERIFIED,822,"{""COMPLETED"": 735, ""INCONCLUSIVE"": 39, ""UNAVAILABLE"": 48}","{""calibration"": 212, ""confirmation"": 212, ""train"": 398}",156,3
synthetic.df_synthetic_bank.c128.v1.multiband__correlated__snrinf__none__n2048__v3__seed13,SYNTHETIC,profiles_c162_v1_coordinator,attempts/73e9ead27578a719714c__df_synthetic_bank.c128.v1.multiband__correlated__snrinf__none__n2048__v3__seed13/attempt-1/profile.jsonl,COMPLETED,3,True,698060,HASH_VERIFIED,822,"{""COMPLETED"": 735, ""INCONCLUSIVE"": 39, ""UNAVAILABLE"": 48}","{""calibration"": 212, ""confirmation"": 212, ""train"": 398}",156,3
synthetic.df_synthetic_bank.c128.v1.multiband__heteroscedastic__snr10__none__n2048__v1__seed11,SYNTHETIC,profiles_c162_v1_coordinator,attempts/ea77025fcbcf4feb4264__ynthetic_bank.c128.v1.multiband__heteroscedastic__snr10__none__n2048__v1__seed11/attempt-1/profile.jsonl,COMPLETED,1,True,206234,HASH_VERIFIED,256,"{""COMPLETED"": 192, ""INCONCLUSIVE"": 13, ""NOT_RUN"": 3, ""UNAVAILABLE"": 48}","{""calibration"": 84, ""confirmation"": 84, ""train"": 88}",91,1
synthetic.df_synthetic_bank.c128.v1.multiband__heteroscedastic__snr5__none__n2048__v1__seed12,SYNTHETIC,profiles_c162_v1_coordinator,attempts/2ded608479ecc0ef1630__synthetic_bank.c128.v1.multiband__heteroscedastic__snr5__none__n2048__v1__seed12/attempt-1/profile.jsonl,COMPLETED,1,True,205987,HASH_VERIFIED,256,"{""COMPLETED"": 192, ""INCONCLUSIVE"": 13, ""NOT_RUN"": 3, ""UNAVAILABLE"": 48}","{""calibration"": 84, ""confirmation"": 84, ""train"": 88}",91,1
synthetic.df_synthetic_bank.c128.v1.multiband__pink__snr-5__none__n2048__v1__seed13,SYNTHETIC,profiles_c162_v1_coordinator,attempts/4f43e7c426a3287fe6e5__thetic.df_synthetic_bank.c128.v1.multiband__pink__snr-5__none__n2048__v1__seed13/attempt-1/profile.jsonl,COMPLETED,1,True,203335,HASH_VERIFIED,256,"{""COMPLETED"": 192, ""INCONCLUSIVE"": 13, ""NOT_RUN"": 3, ""UNAVAILABLE"": 48}","{""calibration"": 84, ""confirmation"": 84, ""train"": 88}",91,1
synthetic.df_synthetic_bank.c128.v1.multiband__pink__snr20__none__n2048__v1__seed11,SYNTHETIC,profiles_c162_v1_coordinator,attempts/573efbe81fd3ca72c4b0__thetic.df_synthetic_bank.c128.v1.multiband__pink__snr20__none__n2048__v1__seed11/attempt-1/profile.jsonl,COMPLETED,1,True,203494,HASH_VERIFIED,256,"{""COMPLETED"": 192, ""INCONCLUSIVE"": 13, ""NOT_RUN"": 3, ""UNAVAILABLE"": 48}","{""calibration"": 84, ""confirmation"": 84, ""train"": 88}",91,1
synthetic.df_synthetic_bank.c128.v1.multiband__pink__snrinf__none__n2048__v1__seed12,SYNTHETIC,profiles_c162_v1_coordinator,attempts/e2b60950f0259e562906__hetic.df_synthetic_bank.c128.v1.multiband__pink__snrinf__none__n2048__v1__seed12/attempt-1/profile.jsonl,COMPLETED,1,True,203698,HASH_VERIFIED,256,"{""COMPLETED"": 192, ""INCONCLUSIVE"": 13, ""NOT_RUN"": 3, ""UNAVAILABLE"": 48}","{""calibration"": 84, ""confirmation"": 84, ""train"": 88}",91,1
synthetic.df_synthetic_bank.c128.v1.multiband__student_t__snr0__none__n2048__v1__seed13,SYNTHETIC,profiles_c162_v1_coordinator,attempts/8256f5ba05b5e7f7bc51__ic.df_synthetic_bank.c128.v1.multiband__student_t__snr0__none__n2048__v1__seed13/attempt-1/profile.jsonl,COMPLETED,1,True,204446,HASH_VERIFIED,256,"{""COMPLETED"": 192, ""INCONCLUSIVE"": 13, ""NOT_RUN"": 3, ""UNAVAILABLE"": 48}","{""calibration"": 84, ""confirmation"": 84, ""train"": 88}",91,1
synthetic.df_synthetic_bank.c128.v1.multiband__student_t__snr5__none__n2048__v1__seed11,SYNTHETIC,profiles_c162_v1_coordinator,attempts/d2da375eb8605bf8459e__ic.df_synthetic_bank.c128.v1.multiband__student_t__snr5__none__n2048__v1__seed11/attempt-1/profile.jsonl,COMPLETED,1,True,204525,HASH_VERIFIED,256,"{""COMPLETED"": 192, ""INCONCLUSIVE"": 13, ""NOT_RUN"": 3, ""UNAVAILABLE"": 48}","{""calibration"": 84, ""confirmation"": 84, ""train"": 88}",91,1
synthetic.df_synthetic_bank.c128.v1.multiband__white__snr-5__none__n2048__v1__seed12,SYNTHETIC,profiles_c162_v1_coordinator,attempts/74e5a60e078c5af54364__hetic.df_synthetic_bank.c128.v1.multiband__white__snr-5__none__n2048__v1__seed12/attempt-1/profile.jsonl,COMPLETED,1,True,203607,HASH_VERIFIED,256,"{""COMPLETED"": 192, ""INCONCLUSIVE"": 13, ""NOT_RUN"": 3, ""UNAVAILABLE"": 48}","{""calibration"": 84, ""confirmation"": 84, ""train"": 88}",91,1
synthetic.df_synthetic_bank.c128.v1.multiband__white__snr10__none__n2048__v1__seed13,SYNTHETIC,profiles_c162_v1_coordinator,attempts/25a3a3db2875ba5594f5__hetic.df_synthetic_bank.c128.v1.multiband__white__snr10__none__n2048__v1__seed13/attempt-1/profile.jsonl,COMPLETED,1,True,203675,HASH_VERIFIED,256,"{""COMPLETED"": 192, ""INCONCLUSIVE"": 13, ""NOT_RUN"": 3, ""UNAVAILABLE"": 48}","{""calibration"": 84, ""confirmation"": 84, ""train"": 88}",91,1
synthetic.df_synthetic_bank.c128.v1.multiband__white__snrinf__none__n2048__v1__seed11,SYNTHETIC,profiles_c162_v1_coordinator,attempts/f0e05be9eba8b369af6e__etic.df_synthetic_bank.c128.v1.multiband__white__snrinf__none__n2048__v1__seed11/attempt-1/profile.jsonl,COMPLETED,1,True,203902,HASH_VERIFIED,256,"{""COMPLETED"": 192, ""INCONCLUSIVE"": 13, ""NOT_RUN"": 3, ""UNAVAILABLE"": 48}","{""calibration"": 84, ""confirmation"": 84, ""train"": 88}",91,1
synthetic.df_synthetic_bank.c128.v1.multivariate__white__snr0__none__n2048__v3__seed12,SYNTHETIC,profiles_c162_v1_coordinator,attempts/c03dac8dc5fdd9bf0306__tic.df_synthetic_bank.c128.v1.multivariate__white__snr0__none__n2048__v3__seed12/attempt-1/profile.jsonl,COMPLETED,3,True,694528,HASH_VERIFIED,822,"{""COMPLETED"": 735, ""INCONCLUSIVE"": 39, ""UNAVAILABLE"": 48}","{""calibration"": 212, ""confirmation"": 212, ""train"": 398}",156,3
synthetic.df_synthetic_bank.c128.v1.multivariate__white__snr10__mcar__n2048__v3__seed13,SYNTHETIC,profiles_c162_v1_coordinator,attempts/d98f7965dc5079991017__ic.df_synthetic_bank.c128.v1.multivariate__white__snr10__mcar__n2048__v3__seed13/attempt-1/profile.jsonl,COMPLETED,3,True,697661,HASH_VERIFIED,823,"{""COMPLETED"": 663, ""INCONCLUSIVE"": 112, ""UNAVAILABLE"": 48}","{""calibration"": 212, ""confirmation"": 212, ""train"": 399}",157,3
synthetic.df_synthetic_bank.c128.v1.multivariate__white__snr5__none__n2048__v3__seed11,SYNTHETIC,profiles_c162_v1_coordinator,attempts/4017130bebca1f7b526b__tic.df_synthetic_bank.c128.v1.multivariate__white__snr5__none__n2048__v3__seed11/attempt-1/profile.jsonl,COMPLETED,3,True,696103,HASH_VERIFIED,823,"{""COMPLETED"": 736, ""INCONCLUSIVE"": 39, ""UNAVAILABLE"": 48}","{""calibration"": 212, ""confirmation"": 212, ""train"": 399}",157,3
synthetic.df_synthetic_bank.c128.v1.null__null__snrnan__none__n2048__v1__seed12,SYNTHETIC,profiles_c162_v1_coordinator,attempts/49b6404e167a9bcb31e7__synthetic.df_synthetic_bank.c128.v1.null__null__snrnan__none__n2048__v1__seed12/attempt-1/profile.jsonl,COMPLETED,1,True,201422,HASH_VERIFIED,256,"{""COMPLETED"": 134, ""INCONCLUSIVE"": 71, ""NOT_RUN"": 3, ""UNAVAILABLE"": 48}","{""calibration"": 84, ""confirmation"": 84, ""train"": 88}",91,1
synthetic.df_synthetic_bank.c128.v1.null__white__snr-inf__none__n512__v1__seed13,SYNTHETIC,profiles_c162_v1_coordinator,attempts/460b0ea69a9305864dc8__synthetic.df_synthetic_bank.c128.v1.null__white__snr-inf__none__n512__v1__seed13/attempt-1/profile.jsonl,COMPLETED,1,True,202586,HASH_VERIFIED,256,"{""COMPLETED"": 179, ""INCONCLUSIVE"": 26, ""NOT_RUN"": 3, ""UNAVAILABLE"": 48}","{""calibration"": 84, ""confirmation"": 84, ""train"": 88}",91,1
synthetic.df_synthetic_bank.c128.v1.null__white__snr-inf__none__n8192__v1__seed13,SYNTHETIC,profiles_c162_v1_coordinator,attempts/b2b4cd49f4b17aa6de5e__ynthetic.df_synthetic_bank.c128.v1.null__white__snr-inf__none__n8192__v1__seed13/attempt-1/profile.jsonl,COMPLETED,1,True,203028,HASH_VERIFIED,256,"{""COMPLETED"": 202, ""INCONCLUSIVE"": 3, ""NOT_RUN"": 3, ""UNAVAILABLE"": 48}","{""calibration"": 84, ""confirmation"": 84, ""train"": 88}",91,1
synthetic.df_synthetic_bank.c128.v1.regime_frequency__white__snr-5__none__n2048__v1__seed13,SYNTHETIC,profiles_c162_v1_coordinator,attempts/2a4a3932a6851b772298__f_synthetic_bank.c128.v1.regime_frequency__white__snr-5__none__n2048__v1__seed13/attempt-1/profile.jsonl,COMPLETED,1,True,205437,HASH_VERIFIED,256,"{""COMPLETED"": 192, ""INCONCLUSIVE"": 13, ""NOT_RUN"": 3, ""UNAVAILABLE"": 48}","{""calibration"": 84, ""confirmation"": 84, ""train"": 88}",91,1
synthetic.df_synthetic_bank.c128.v1.regime_frequency__white__snr20__none__n2048__v1__seed11,SYNTHETIC,profiles_c162_v1_coordinator,attempts/2be29353e64f91326f45__f_synthetic_bank.c128.v1.regime_frequency__white__snr20__none__n2048__v1__seed11/attempt-1/profile.jsonl,COMPLETED,1,True,205436,HASH_VERIFIED,256,"{""COMPLETED"": 192, ""INCONCLUSIVE"": 13, ""NOT_RUN"": 3, ""UNAVAILABLE"": 48}","{""calibration"": 84, ""confirmation"": 84, ""train"": 88}",91,1
synthetic.df_synthetic_bank.c128.v1.regime_frequency__white__snrinf__none__n2048__v1__seed12,SYNTHETIC,profiles_c162_v1_coordinator,attempts/87c92f1235021ef4d8d2___synthetic_bank.c128.v1.regime_frequency__white__snrinf__none__n2048__v1__seed12/attempt-1/profile.jsonl,COMPLETED,1,True,205735,HASH_VERIFIED,256,"{""COMPLETED"": 196, ""INCONCLUSIVE"": 9, ""NOT_RUN"": 3, ""UNAVAILABLE"": 48}","{""calibration"": 84, ""confirmation"": 84, ""train"": 88}",91,1
synthetic.df_synthetic_bank.c128.v1.regime_mean__white__snr0__none__n2048__v1__seed13,SYNTHETIC,profiles_c162_v1_coordinator,attempts/dea6fb2d76667d0edf11__etic.df_synthetic_bank.c128.v1.regime_mean__white__snr0__none__n2048__v1__seed13/attempt-1/profile.jsonl,COMPLETED,1,True,203922,HASH_VERIFIED,256,"{""COMPLETED"": 192, ""INCONCLUSIVE"": 13, ""NOT_RUN"": 3, ""UNAVAILABLE"": 48}","{""calibration"": 84, ""confirmation"": 84, ""train"": 88}",91,1
synthetic.df_synthetic_bank.c128.v1.regime_mean__white__snr5__none__n2048__v1__seed11,SYNTHETIC,profiles_c162_v1_coordinator,attempts/11854399294ff64a3c90__etic.df_synthetic_bank.c128.v1.regime_mean__white__snr5__none__n2048__v1__seed11/attempt-1/profile.jsonl,COMPLETED,1,True,203906,HASH_VERIFIED,256,"{""COMPLETED"": 192, ""INCONCLUSIVE"": 13, ""NOT_RUN"": 3, ""UNAVAILABLE"": 48}","{""calibration"": 84, ""confirmation"": 84, ""train"": 88}",91,1
synthetic.df_synthetic_bank.c128.v1.regime_variance__white__snr-5__none__n2048__v1__seed12,SYNTHETIC,profiles_c162_v1_coordinator,attempts/472d0b3aebf8a971000e__df_synthetic_bank.c128.v1.regime_variance__white__snr-5__none__n2048__v1__seed12/attempt-1/profile.jsonl,COMPLETED,1,True,205161,HASH_VERIFIED,256,"{""COMPLETED"": 192, ""INCONCLUSIVE"": 13, ""NOT_RUN"": 3, ""UNAVAILABLE"": 48}","{""calibration"": 84, ""confirmation"": 84, ""train"": 88}",91,1
synthetic.df_synthetic_bank.c128.v1.regime_variance__white__snr10__none__n2048__v1__seed13,SYNTHETIC,profiles_c162_v1_coordinator,attempts/2eac5b0d0608b32e7b94__df_synthetic_bank.c128.v1.regime_variance__white__snr10__none__n2048__v1__seed13/attempt-1/profile.jsonl,COMPLETED,1,True,205193,HASH_VERIFIED,256,"{""COMPLETED"": 192, ""INCONCLUSIVE"": 13, ""NOT_RUN"": 3, ""UNAVAILABLE"": 48}","{""calibration"": 84, ""confirmation"": 84, ""train"": 88}",91,1
synthetic.df_synthetic_bank.c128.v1.regime_variance__white__snrinf__none__n2048__v1__seed11,SYNTHETIC,profiles_c162_v1_coordinator,attempts/ecc3bad2a9c44deccb50__f_synthetic_bank.c128.v1.regime_variance__white__snrinf__none__n2048__v1__seed11/attempt-1/profile.jsonl,COMPLETED,1,True,205519,HASH_VERIFIED,256,"{""COMPLETED"": 194, ""INCONCLUSIVE"": 11, ""NOT_RUN"": 3, ""UNAVAILABLE"": 48}","{""calibration"": 84, ""confirmation"": 84, ""train"": 88}",91,1
synthetic.df_synthetic_bank.c128.v1.seasonal__white__snr0__none__n2048__v1__seed12,SYNTHETIC,profiles_c162_v1_coordinator,attempts/3d5cf838dc2e7e9b72a8__nthetic.df_synthetic_bank.c128.v1.seasonal__white__snr0__none__n2048__v1__seed12/attempt-1/profile.jsonl,COMPLETED,1,True,203188,HASH_VERIFIED,256,"{""COMPLETED"": 192, ""INCONCLUSIVE"": 13, ""NOT_RUN"": 3, ""UNAVAILABLE"": 48}","{""calibration"": 84, ""confirmation"": 84, ""train"": 88}",91,1
synthetic.df_synthetic_bank.c128.v1.seasonal__white__snr20__none__n2048__v1__seed13,SYNTHETIC,profiles_c162_v1_coordinator,attempts/887628074f38ae5dab4b__thetic.df_synthetic_bank.c128.v1.seasonal__white__snr20__none__n2048__v1__seed13/attempt-1/profile.jsonl,COMPLETED,1,True,203426,HASH_VERIFIED,256,"{""COMPLETED"": 192, ""INCONCLUSIVE"": 13, ""NOT_RUN"": 3, ""UNAVAILABLE"": 48}","{""calibration"": 84, ""confirmation"": 84, ""train"": 88}",91,1
synthetic.df_synthetic_bank.c128.v1.sinusoid__ar1__snr-5__none__n2048__v1__seed11,SYNTHETIC,profiles_c162_v1_coordinator,attempts/662ad811ccd49247742e__ynthetic.df_synthetic_bank.c128.v1.sinusoid__ar1__snr-5__none__n2048__v1__seed11/attempt-1/profile.jsonl,COMPLETED,1,True,202869,HASH_VERIFIED,256,"{""COMPLETED"": 192, ""INCONCLUSIVE"": 13, ""NOT_RUN"": 3, ""UNAVAILABLE"": 48}","{""calibration"": 84, ""confirmation"": 84, ""train"": 88}",91,1
synthetic.df_synthetic_bank.c128.v1.sinusoid__ar1__snr10__none__n2048__v1__seed12,SYNTHETIC,profiles_c162_v1_coordinator,attempts/b5c92e3170b37590e201__ynthetic.df_synthetic_bank.c128.v1.sinusoid__ar1__snr10__none__n2048__v1__seed12/attempt-1/profile.jsonl,COMPLETED,1,True,202857,HASH_VERIFIED,256,"{""COMPLETED"": 192, ""INCONCLUSIVE"": 13, ""NOT_RUN"": 3, ""UNAVAILABLE"": 48}","{""calibration"": 84, ""confirmation"": 84, ""train"": 88}",91,1
synthetic.df_synthetic_bank.c128.v1.sinusoid__ar1__snr5__none__n2048__v1__seed13,SYNTHETIC,profiles_c162_v1_coordinator,attempts/51e48f410bcc41459f9d__synthetic.df_synthetic_bank.c128.v1.sinusoid__ar1__snr5__none__n2048__v1__seed13/attempt-1/profile.jsonl,COMPLETED,1,True,202732,HASH_VERIFIED,256,"{""COMPLETED"": 192, ""INCONCLUSIVE"": 13, ""NOT_RUN"": 3, ""UNAVAILABLE"": 48}","{""calibration"": 84, ""confirmation"": 84, ""train"": 88}",91,1
synthetic.df_synthetic_bank.c128.v1.sinusoid__contaminated__snr0__none__n2048__v1__seed11,SYNTHETIC,profiles_c162_v1_coordinator,attempts/af22c8669d7e1b08ac24__.df_synthetic_bank.c128.v1.sinusoid__contaminated__snr0__none__n2048__v1__seed11/attempt-1/profile.jsonl,COMPLETED,1,True,204956,HASH_VERIFIED,256,"{""COMPLETED"": 192, ""INCONCLUSIVE"": 13, ""NOT_RUN"": 3, ""UNAVAILABLE"": 48}","{""calibration"": 84, ""confirmation"": 84, ""train"": 88}",91,1
synthetic.df_synthetic_bank.c128.v1.sinusoid__contaminated__snr20__none__n2048__v1__seed12,SYNTHETIC,profiles_c162_v1_coordinator,attempts/1ec58350093b8c35e8a4__df_synthetic_bank.c128.v1.sinusoid__contaminated__snr20__none__n2048__v1__seed12/attempt-1/profile.jsonl,COMPLETED,1,True,205212,HASH_VERIFIED,256,"{""COMPLETED"": 194, ""INCONCLUSIVE"": 11, ""NOT_RUN"": 3, ""UNAVAILABLE"": 48}","{""calibration"": 84, ""confirmation"": 84, ""train"": 88}",91,1
synthetic.df_synthetic_bank.c128.v1.sinusoid__contaminated__snrinf__none__n2048__v1__seed13,SYNTHETIC,profiles_c162_v1_coordinator,attempts/5c90561a6ad9b0ba39e5__f_synthetic_bank.c128.v1.sinusoid__contaminated__snrinf__none__n2048__v1__seed13/attempt-1/profile.jsonl,COMPLETED,1,True,205457,HASH_VERIFIED,256,"{""COMPLETED"": 196, ""INCONCLUSIVE"": 9, ""NOT_RUN"": 3, ""UNAVAILABLE"": 48}","{""calibration"": 84, ""confirmation"": 84, ""train"": 88}",91,1
synthetic.df_synthetic_bank.c128.v1.sinusoid__correlated__snr10__none__n2048__v3__seed11,SYNTHETIC,profiles_c162_v1_coordinator,attempts/fab2cf2f46e4bb0cf25d__c.df_synthetic_bank.c128.v1.sinusoid__correlated__snr10__none__n2048__v3__seed11/attempt-1/profile.jsonl,COMPLETED,3,True,696678,HASH_VERIFIED,822,"{""COMPLETED"": 735, ""INCONCLUSIVE"": 39, ""UNAVAILABLE"": 48}","{""calibration"": 212, ""confirmation"": 212, ""train"": 398}",156,3
synthetic.df_synthetic_bank.c128.v1.sinusoid__correlated__snr5__none__n2048__v3__seed12,SYNTHETIC,profiles_c162_v1_coordinator,attempts/68df47a0697b18f314a1__ic.df_synthetic_bank.c128.v1.sinusoid__correlated__snr5__none__n2048__v3__seed12/attempt-1/profile.jsonl,COMPLETED,3,True,695845,HASH_VERIFIED,822,"{""COMPLETED"": 735, ""INCONCLUSIVE"": 39, ""UNAVAILABLE"": 48}","{""calibration"": 212, ""confirmation"": 212, ""train"": 398}",156,3
synthetic.df_synthetic_bank.c128.v1.sinusoid__heteroscedastic__snr-5__none__n2048__v1__seed13,SYNTHETIC,profiles_c162_v1_coordinator,attempts/7bfaff07aec6a20d7af9__synthetic_bank.c128.v1.sinusoid__heteroscedastic__snr-5__none__n2048__v1__seed13/attempt-1/profile.jsonl,COMPLETED,1,True,205946,HASH_VERIFIED,256,"{""COMPLETED"": 192, ""INCONCLUSIVE"": 13, ""NOT_RUN"": 3, ""UNAVAILABLE"": 48}","{""calibration"": 84, ""confirmation"": 84, ""train"": 88}",91,1
synthetic.df_synthetic_bank.c128.v1.sinusoid__heteroscedastic__snr20__none__n2048__v1__seed11,SYNTHETIC,profiles_c162_v1_coordinator,attempts/53af3e2e2d5a21331e7f__synthetic_bank.c128.v1.sinusoid__heteroscedastic__snr20__none__n2048__v1__seed11/attempt-1/profile.jsonl,COMPLETED,1,True,206043,HASH_VERIFIED,256,"{""COMPLETED"": 192, ""INCONCLUSIVE"": 13, ""NOT_RUN"": 3, ""UNAVAILABLE"": 48}","{""calibration"": 84, ""confirmation"": 84, ""train"": 88}",91,1
synthetic.df_synthetic_bank.c128.v1.sinusoid__heteroscedastic__snrinf__none__n2048__v1__seed12,SYNTHETIC,profiles_c162_v1_coordinator,attempts/4ea3badb524793f61434__ynthetic_bank.c128.v1.sinusoid__heteroscedastic__snrinf__none__n2048__v1__seed12/attempt-1/profile.jsonl,COMPLETED,1,True,206301,HASH_VERIFIED,256,"{""COMPLETED"": 196, ""INCONCLUSIVE"": 9, ""NOT_RUN"": 3, ""UNAVAILABLE"": 48}","{""calibration"": 84, ""confirmation"": 84, ""train"": 88}",91,1
synthetic.df_synthetic_bank.c128.v1.sinusoid__pink__snr-5__none__n2048__v1__seed13,SYNTHETIC,profiles_c162_v1_coordinator,attempts/c1d33cbfd3e0b5970764__nthetic.df_synthetic_bank.c128.v1.sinusoid__pink__snr-5__none__n2048__v1__seed13/attempt-1/profile.jsonl,COMPLETED,1,True,203178,HASH_VERIFIED,256,"{""COMPLETED"": 192, ""INCONCLUSIVE"": 13, ""NOT_RUN"": 3, ""UNAVAILABLE"": 48}","{""calibration"": 84, ""confirmation"": 84, ""train"": 88}",91,1
synthetic.df_synthetic_bank.c128.v1.sinusoid__pink__snr20__none__n2048__v1__seed11,SYNTHETIC,profiles_c162_v1_coordinator,attempts/58731e8812c0288533b0__nthetic.df_synthetic_bank.c128.v1.sinusoid__pink__snr20__none__n2048__v1__seed11/attempt-1/profile.jsonl,COMPLETED,1,True,203135,HASH_VERIFIED,256,"{""COMPLETED"": 192, ""INCONCLUSIVE"": 13, ""NOT_RUN"": 3, ""UNAVAILABLE"": 48}","{""calibration"": 84, ""confirmation"": 84, ""train"": 88}",91,1
synthetic.df_synthetic_bank.c128.v1.sinusoid__pink__snrinf__none__n2048__v1__seed12,SYNTHETIC,profiles_c162_v1_coordinator,attempts/0d9f2af551c6666101f6__thetic.df_synthetic_bank.c128.v1.sinusoid__pink__snrinf__none__n2048__v1__seed12/attempt-1/profile.jsonl,COMPLETED,1,True,203428,HASH_VERIFIED,256,"{""COMPLETED"": 196, ""INCONCLUSIVE"": 9, ""NOT_RUN"": 3, ""UNAVAILABLE"": 48}","{""calibration"": 84, ""confirmation"": 84, ""train"": 88}",91,1
synthetic.df_synthetic_bank.c128.v1.sinusoid__student_t__snr0__none__n2048__v1__seed13,SYNTHETIC,profiles_c162_v1_coordinator,attempts/8ba16b52f71ce41a9c9d__tic.df_synthetic_bank.c128.v1.sinusoid__student_t__snr0__none__n2048__v1__seed13/attempt-1/profile.jsonl,COMPLETED,1,True,204180,HASH_VERIFIED,256,"{""COMPLETED"": 192, ""INCONCLUSIVE"": 13, ""NOT_RUN"": 3, ""UNAVAILABLE"": 48}","{""calibration"": 84, ""confirmation"": 84, ""train"": 88}",91,1
synthetic.df_synthetic_bank.c128.v1.sinusoid__student_t__snr5__none__n2048__v1__seed11,SYNTHETIC,profiles_c162_v1_coordinator,attempts/816b995636ae702efade__tic.df_synthetic_bank.c128.v1.sinusoid__student_t__snr5__none__n2048__v1__seed11/attempt-1/profile.jsonl,COMPLETED,1,True,204247,HASH_VERIFIED,256,"{""COMPLETED"": 192, ""INCONCLUSIVE"": 13, ""NOT_RUN"": 3, ""UNAVAILABLE"": 48}","{""calibration"": 84, ""confirmation"": 84, ""train"": 88}",91,1
synthetic.df_synthetic_bank.c128.v1.sinusoid__white__snr-5__none__n2048__v1__seed12,SYNTHETIC,profiles_c162_v1_coordinator,attempts/364a9a3812622b3ad448__thetic.df_synthetic_bank.c128.v1.sinusoid__white__snr-5__none__n2048__v1__seed12/attempt-1/profile.jsonl,COMPLETED,1,True,203346,HASH_VERIFIED,256,"{""COMPLETED"": 192, ""INCONCLUSIVE"": 13, ""NOT_RUN"": 3, ""UNAVAILABLE"": 48}","{""calibration"": 84, ""confirmation"": 84, ""train"": 88}",91,1
synthetic.df_synthetic_bank.c128.v1.sinusoid__white__snr10__blocks__n2048__v1__seed13,SYNTHETIC,profiles_c162_v1_coordinator,attempts/85dabd681c6d8a433d28__etic.df_synthetic_bank.c128.v1.sinusoid__white__snr10__blocks__n2048__v1__seed13/attempt-1/profile.jsonl,COMPLETED,1,True,204025,HASH_VERIFIED,256,"{""COMPLETED"": 186, ""INCONCLUSIVE"": 19, ""NOT_RUN"": 3, ""UNAVAILABLE"": 48}","{""calibration"": 84, ""confirmation"": 84, ""train"": 88}",91,1
synthetic.df_synthetic_bank.c128.v1.sinusoid__white__snr20__none__n2048__v1__seed11,SYNTHETIC,profiles_c162_v1_coordinator,attempts/a471f48d25c5fa98b3be__thetic.df_synthetic_bank.c128.v1.sinusoid__white__snr20__none__n2048__v1__seed11/attempt-1/profile.jsonl,COMPLETED,1,True,203457,HASH_VERIFIED,256,"{""COMPLETED"": 194, ""INCONCLUSIVE"": 11, ""NOT_RUN"": 3, ""UNAVAILABLE"": 48}","{""calibration"": 84, ""confirmation"": 84, ""train"": 88}",91,1
synthetic.df_synthetic_bank.c128.v1.sinusoid__white__snrinf__none__n2048__v1__seed12,SYNTHETIC,profiles_c162_v1_coordinator,attempts/98ca67a1f56db8048ae8__hetic.df_synthetic_bank.c128.v1.sinusoid__white__snrinf__none__n2048__v1__seed12/attempt-1/profile.jsonl,COMPLETED,1,True,203647,HASH_VERIFIED,256,"{""COMPLETED"": 196, ""INCONCLUSIVE"": 9, ""NOT_RUN"": 3, ""UNAVAILABLE"": 48}","{""calibration"": 84, ""confirmation"": 84, ""train"": 88}",91,1
synthetic.df_synthetic_bank.c128.v1.steps__white__snr0__none__n2048__v1__seed13,SYNTHETIC,profiles_c162_v1_coordinator,attempts/f6b92b61dcb24822229d__synthetic.df_synthetic_bank.c128.v1.steps__white__snr0__none__n2048__v1__seed13/attempt-1/profile.jsonl,COMPLETED,1,True,202383,HASH_VERIFIED,256,"{""COMPLETED"": 192, ""INCONCLUSIVE"": 13, ""NOT_RUN"": 3, ""UNAVAILABLE"": 48}","{""calibration"": 84, ""confirmation"": 84, ""train"": 88}",91,1
synthetic.df_synthetic_bank.c128.v1.steps__white__snr10__none__n2048__v1__seed11,SYNTHETIC,profiles_c162_v1_coordinator,attempts/e8f67137b9ea9abf46df__synthetic.df_synthetic_bank.c128.v1.steps__white__snr10__none__n2048__v1__seed11/attempt-1/profile.jsonl,COMPLETED,1,True,202672,HASH_VERIFIED,256,"{""COMPLETED"": 191, ""INCONCLUSIVE"": 14, ""NOT_RUN"": 3, ""UNAVAILABLE"": 48}","{""calibration"": 84, ""confirmation"": 84, ""train"": 88}",91,1
synthetic.df_synthetic_bank.c128.v1.steps__white__snr5__none__n2048__v1__seed12,SYNTHETIC,profiles_c162_v1_coordinator,attempts/98dc5c5413a43f2628d5__synthetic.df_synthetic_bank.c128.v1.steps__white__snr5__none__n2048__v1__seed12/attempt-1/profile.jsonl,COMPLETED,1,True,202408,HASH_VERIFIED,256,"{""COMPLETED"": 191, ""INCONCLUSIVE"": 14, ""NOT_RUN"": 3, ""UNAVAILABLE"": 48}","{""calibration"": 84, ""confirmation"": 84, ""train"": 88}",91,1
synthetic.df_synthetic_bank.c128.v1.trend_linear__white__snr-5__none__n2048__v1__seed13,SYNTHETIC,profiles_c162_v1_coordinator,attempts/04bc96fdb92f09804000__ic.df_synthetic_bank.c128.v1.trend_linear__white__snr-5__none__n2048__v1__seed13/attempt-1/profile.jsonl,COMPLETED,1,True,204471,HASH_VERIFIED,256,"{""COMPLETED"": 192, ""INCONCLUSIVE"": 13, ""NOT_RUN"": 3, ""UNAVAILABLE"": 48}","{""calibration"": 84, ""confirmation"": 84, ""train"": 88}",91,1
synthetic.df_synthetic_bank.c128.v1.trend_linear__white__snr20__none__n2048__v1__seed11,SYNTHETIC,profiles_c162_v1_coordinator,attempts/e73ab75b681d08d538e7__ic.df_synthetic_bank.c128.v1.trend_linear__white__snr20__none__n2048__v1__seed11/attempt-1/profile.jsonl,COMPLETED,1,True,204187,HASH_VERIFIED,256,"{""COMPLETED"": 195, ""INCONCLUSIVE"": 10, ""NOT_RUN"": 3, ""UNAVAILABLE"": 48}","{""calibration"": 84, ""confirmation"": 84, ""train"": 88}",91,1
synthetic.df_synthetic_bank.c128.v1.trend_linear__white__snrinf__none__n2048__v1__seed12,SYNTHETIC,profiles_c162_v1_coordinator,attempts/0c06ed6681d32510dc15__c.df_synthetic_bank.c128.v1.trend_linear__white__snrinf__none__n2048__v1__seed12/attempt-1/profile.jsonl,COMPLETED,1,True,204367,HASH_VERIFIED,256,"{""COMPLETED"": 195, ""INCONCLUSIVE"": 10, ""NOT_RUN"": 3, ""UNAVAILABLE"": 48}","{""calibration"": 84, ""confirmation"": 84, ""train"": 88}",91,1
synthetic.df_synthetic_bank.c128.v1.trend_piecewise__white__snr0__none__n2048__v1__seed13,SYNTHETIC,profiles_c162_v1_coordinator,attempts/aa5a1f9a9ae2b56bcbea__.df_synthetic_bank.c128.v1.trend_piecewise__white__snr0__none__n2048__v1__seed13/attempt-1/profile.jsonl,COMPLETED,1,True,204965,HASH_VERIFIED,256,"{""COMPLETED"": 192, ""INCONCLUSIVE"": 13, ""NOT_RUN"": 3, ""UNAVAILABLE"": 48}","{""calibration"": 84, ""confirmation"": 84, ""train"": 88}",91,1
synthetic.df_synthetic_bank.c128.v1.trend_piecewise__white__snr5__none__n2048__v1__seed11,SYNTHETIC,profiles_c162_v1_coordinator,attempts/b13fb5e8fdb1ef19087d__.df_synthetic_bank.c128.v1.trend_piecewise__white__snr5__none__n2048__v1__seed11/attempt-1/profile.jsonl,COMPLETED,1,True,204973,HASH_VERIFIED,256,"{""COMPLETED"": 191, ""INCONCLUSIVE"": 14, ""NOT_RUN"": 3, ""UNAVAILABLE"": 48}","{""calibration"": 84, ""confirmation"": 84, ""train"": 88}",91,1
financial_data.census_appearance.app_00bd88770beb60e9ac4b30f4,FINANCIAL,profiles_c162_v1_worker_a,attempts/453ff847f3e7681652f0__financial_data.census_appearance.app_00bd88770beb60e9ac4b30f4/attempt-1/profile.jsonl,COMPLETED,9,True,3363903,HASH_VERIFIED,3892,"{""COMPLETED"": 3836, ""INCONCLUSIVE"": 56}","{""calibration"": 596, ""confirmation"": 596, ""train"": 2700}",159,9
financial_data.census_appearance.app_00d9ca6795590c026b56d208,FINANCIAL,profiles_c162_v1_worker_a,attempts/5294b88a99597454a65c__financial_data.census_appearance.app_00d9ca6795590c026b56d208/attempt-1/profile.jsonl,COMPLETED,4,True,992517,HASH_VERIFIED,1190,"{""COMPLETED"": 880, ""INCONCLUSIVE"": 283, ""UNAVAILABLE"": 27}","{""calibration"": 276, ""confirmation"": 276, ""train"": 638}",158,4
financial_data.census_appearance.app_03b2c1a95183c1f9ec5cb845,FINANCIAL,profiles_c162_v1_worker_a,attempts/19e305e3d99db54a83a5__financial_data.census_appearance.app_03b2c1a95183c1f9ec5cb845/attempt-1/profile.jsonl,COMPLETED,9,True,3362741,HASH_VERIFIED,3892,"{""COMPLETED"": 3843, ""INCONCLUSIVE"": 49}","{""calibration"": 596, ""confirmation"": 596, ""train"": 2700}",159,9
financial_data.census_appearance.app_090929c6c9204710770030bd,FINANCIAL,profiles_c162_v1_worker_a,attempts/a25de571a15651bb1f67__financial_data.census_appearance.app_090929c6c9204710770030bd/attempt-1/profile.jsonl,COMPLETED,9,True,3373158,HASH_VERIFIED,3891,"{""COMPLETED"": 2892, ""INCONCLUSIVE"": 999}","{""calibration"": 596, ""confirmation"": 596, ""train"": 2699}",159,9
financial_data.census_appearance.app_097b81b87cca7baebe3b568e,FINANCIAL,profiles_c162_v1_worker_a,attempts/762bca85973041008ed1__financial_data.census_appearance.app_097b81b87cca7baebe3b568e/attempt-1/profile.jsonl,COMPLETED,4,True,989413,HASH_VERIFIED,1190,"{""COMPLETED"": 1123, ""INCONCLUSIVE"": 67}","{""calibration"": 276, ""confirmation"": 276, ""train"": 638}",158,4
financial_data.census_appearance.app_0afb448a24c1899ee3728f91,FINANCIAL,profiles_c162_v1_worker_a,attempts/c0e3a3a238cf1bd75dbe__financial_data.census_appearance.app_0afb448a24c1899ee3728f91/attempt-1/profile.jsonl,COMPLETED,9,True,3362881,HASH_VERIFIED,3892,"{""COMPLETED"": 3843, ""INCONCLUSIVE"": 49}","{""calibration"": 596, ""confirmation"": 596, ""train"": 2700}",159,9
financial_data.census_appearance.app_0cb681188dd4fff12678e078,FINANCIAL,profiles_c162_v1_worker_a,attempts/bbc3e3e1056198f7575d__financial_data.census_appearance.app_0cb681188dd4fff12678e078/attempt-1/profile.jsonl,COMPLETED,4,True,1083243,HASH_VERIFIED,1254,"{""COMPLETED"": 1206, ""INCONCLUSIVE"": 32, ""NOT_RUN"": 16}","{""calibration"": 276, ""confirmation"": 276, ""train"": 702}",174,4
financial_data.census_appearance.app_0d55a1ff180572de4f7c6ab4,FINANCIAL,profiles_c162_v1_worker_a,attempts/7074ba6dc90d04c2e03f__financial_data.census_appearance.app_0d55a1ff180572de4f7c6ab4/attempt-1/profile.jsonl,COMPLETED,9,True,3365471,HASH_VERIFIED,3892,"{""COMPLETED"": 3854, ""INCONCLUSIVE"": 38}","{""calibration"": 596, ""confirmation"": 596, ""train"": 2700}",159,9
financial_data.census_appearance.app_0f769e14f1d1a4db92c5624f,FINANCIAL,profiles_c162_v1_worker_a,attempts/5e4c3c05fe15e8f0e3fa__financial_data.census_appearance.app_0f769e14f1d1a4db92c5624f/attempt-1/profile.jsonl,COMPLETED,1,True,196187,HASH_VERIFIED,256,"{""COMPLETED"": 247, ""INCONCLUSIVE"": 6, ""NOT_RUN"": 3}","{""calibration"": 84, ""confirmation"": 84, ""train"": 88}",91,1
financial_data.census_appearance.app_1072d6744b9f1ab6b669bcba,FINANCIAL,profiles_c162_v1_worker_a,attempts/1e83a16a29d2d03c6bf7__financial_data.census_appearance.app_1072d6744b9f1ab6b669bcba/attempt-1/profile.jsonl,COMPLETED,4,True,1083217,HASH_VERIFIED,1254,"{""COMPLETED"": 1214, ""INCONCLUSIVE"": 24, ""NOT_RUN"": 16}","{""calibration"": 276, ""confirmation"": 276, ""train"": 702}",174,4
financial_data.census_appearance.app_12e6f10ea3ce8f3b257b31ad,FINANCIAL,profiles_c162_v1_worker_a,attempts/4230625db9b0af975521__financial_data.census_appearance.app_12e6f10ea3ce8f3b257b31ad/attempt-1/profile.jsonl,COMPLETED,8,True,2794967,HASH_VERIFIED,3235,"{""COMPLETED"": 2020, ""INCONCLUSIVE"": 1215}","{""calibration"": 532, ""confirmation"": 532, ""train"": 2171}",159,8
financial_data.census_appearance.app_17a88c06ce2869644ae926fd,FINANCIAL,profiles_c162_v1_worker_a,attempts/fe3fde8f7b8a3566fbb4__financial_data.census_appearance.app_17a88c06ce2869644ae926fd/attempt-1/profile.jsonl,COMPLETED,9,True,3367336,HASH_VERIFIED,3892,"{""COMPLETED"": 3586, ""INCONCLUSIVE"": 306}","{""calibration"": 596, ""confirmation"": 596, ""train"": 2700}",159,9
financial_data.census_appearance.app_1acb9a624f85a26035237e19,FINANCIAL,profiles_c162_v1_worker_a,attempts/e07ba2c00cbe9a17cdbd__financial_data.census_appearance.app_1acb9a624f85a26035237e19/attempt-1/profile.jsonl,COMPLETED,8,True,3150342,HASH_VERIFIED,3475,"{""COMPLETED"": 2206, ""INCONCLUSIVE"": 1209, ""NOT_RUN"": 60}","{""calibration"": 612, ""confirmation"": 612, ""train"": 2251}",175,8
financial_data.census_appearance.app_1e0e9734d322dd79f7947475,FINANCIAL,profiles_c162_v1_worker_a,attempts/fccdf6d8a3054f7ab724__financial_data.census_appearance.app_1e0e9734d322dd79f7947475/attempt-1/profile.jsonl,COMPLETED,2,True,410384,HASH_VERIFIED,513,"{""COMPLETED"": 382, ""INCONCLUSIVE"": 131}","{""calibration"": 148, ""confirmation"": 148, ""train"": 217}",155,2
financial_data.census_appearance.app_1ed9e00280551bde8b06e966,FINANCIAL,profiles_c162_v1_worker_a,attempts/2b389323189dc01aff83__financial_data.census_appearance.app_1ed9e00280551bde8b06e966/attempt-1/profile.jsonl,COMPLETED,1,True,195978,HASH_VERIFIED,256,"{""COMPLETED"": 248, ""INCONCLUSIVE"": 5, ""NOT_RUN"": 3}","{""calibration"": 84, ""confirmation"": 84, ""train"": 88}",91,1
financial_data.census_appearance.app_1f394465ff1ca1282bc761ff,FINANCIAL,profiles_c162_v1_worker_a,attempts/543dc6d273346d17ccea__financial_data.census_appearance.app_1f394465ff1ca1282bc761ff/attempt-1/profile.jsonl,COMPLETED,8,True,3150263,HASH_VERIFIED,3475,"{""COMPLETED"": 2206, ""INCONCLUSIVE"": 1209, ""NOT_RUN"": 60}","{""calibration"": 612, ""confirmation"": 612, ""train"": 2251}",175,8
financial_data.census_appearance.app_21a100f012d47ac9b5f2fe90,FINANCIAL,profiles_c162_v1_worker_a,attempts/5c3cf89535752db29e3c__financial_data.census_appearance.app_21a100f012d47ac9b5f2fe90/attempt-1/profile.jsonl,COMPLETED,1,True,265544,HASH_VERIFIED,304,"{""COMPLETED"": 240, ""INCONCLUSIVE"": 49, ""NOT_RUN"": 15}","{""calibration"": 100, ""confirmation"": 100, ""train"": 104}",107,1
financial_data.census_appearance.app_2385a8e661419339c27ffdf5,FINANCIAL,profiles_c162_v1_worker_a,attempts/8c0ddbf9e7c7bb81d918__financial_data.census_appearance.app_2385a8e661419339c27ffdf5/attempt-1/profile.jsonl,COMPLETED,8,True,2792633,NOT_INSPECTED_RESOURCE_CAP,,,,,
financial_data.census_appearance.app_267912919ccf43cb9f344e01,FINANCIAL,profiles_c162_v1_worker_a,attempts/ad30015c74b02cfc0c51__financial_data.census_appearance.app_267912919ccf43cb9f344e01/attempt-1/profile.jsonl,COMPLETED,4,True,1266824,HASH_VERIFIED,1382,"{""COMPLETED"": 1310, ""INCONCLUSIVE"": 24, ""NOT_RUN"": 48}","{""calibration"": 340, ""confirmation"": 340, ""train"": 702}",174,4
financial_data.census_appearance.app_278fc2b333308a0309b4d985,FINANCIAL,profiles_c162_v1_worker_a,attempts/5a8faf9207bde215d2a7__financial_data.census_appearance.app_278fc2b333308a0309b4d985/attempt-1/profile.jsonl,COMPLETED,1,True,219275,HASH_VERIFIED,272,"{""COMPLETED"": 259, ""INCONCLUSIVE"": 6, ""NOT_RUN"": 7}","{""calibration"": 84, ""confirmation"": 84, ""train"": 104}",107,1
financial_data.census_appearance.app_28801a651129f808d44a8e87,FINANCIAL,profiles_c162_v1_worker_a,attempts/a944d30852b17a9d6965__financial_data.census_appearance.app_28801a651129f808d44a8e87/attempt-1/profile.jsonl,COMPLETED,9,True,3363034,NOT_INSPECTED_RESOURCE_CAP,,,,,
financial_data.census_appearance.app_2b86c9024f5d33e2ab521882,FINANCIAL,profiles_c162_v1_worker_a,attempts/efdd87c5df13e1c307c5__financial_data.census_appearance.app_2b86c9024f5d33e2ab521882/attempt-1/profile.jsonl,COMPLETED,9,True,3362563,NOT_INSPECTED_RESOURCE_CAP,,,,,
financial_data.census_appearance.app_2c672565c65af50b73a58be7,FINANCIAL,profiles_c162_v1_worker_a,attempts/2f1cd273fc3fc31b63cc__financial_data.census_appearance.app_2c672565c65af50b73a58be7/attempt-1/profile.jsonl,COMPLETED,9,True,3365341,NOT_INSPECTED_RESOURCE_CAP,,,,,
financial_data.census_appearance.app_2db3d147a168be3717eae5b8,FINANCIAL,profiles_c162_v1_worker_a,attempts/6edabbfc3d7fe8e844e3__financial_data.census_appearance.app_2db3d147a168be3717eae5b8/attempt-1/profile.jsonl,COMPLETED,8,True,2791527,NOT_INSPECTED_RESOURCE_CAP,,,,,
financial_data.census_appearance.app_34cc042f47988ccaa29d5303,FINANCIAL,profiles_c162_v1_worker_a,attempts/17ed049bd06ff6ff25a7__financial_data.census_appearance.app_34cc042f47988ccaa29d5303/attempt-1/profile.jsonl,COMPLETED,1,True,196020,HASH_VERIFIED,256,"{""COMPLETED"": 245, ""INCONCLUSIVE"": 8, ""NOT_RUN"": 3}","{""calibration"": 84, ""confirmation"": 84, ""train"": 88}",91,1
financial_data.census_appearance.app_35cfa6121bcb84abc906e908,FINANCIAL,profiles_c162_v1_worker_a,attempts/2ceb01b3b75c901d8e59__financial_data.census_appearance.app_35cfa6121bcb84abc906e908/attempt-1/profile.jsonl,COMPLETED,1,True,265287,HASH_VERIFIED,304,"{""COMPLETED"": 283, ""INCONCLUSIVE"": 6, ""NOT_RUN"": 15}","{""calibration"": 100, ""confirmation"": 100, ""train"": 104}",107,1
financial_data.census_appearance.app_39af0885ed58fa37590516c4,FINANCIAL,profiles_c162_v1_worker_a,attempts/06e9106ce30ed176cb33__financial_data.census_appearance.app_39af0885ed58fa37590516c4/attempt-1/profile.jsonl,COMPLETED,2,True,411000,HASH_VERIFIED,513,"{""COMPLETED"": 382, ""INCONCLUSIVE"": 131}","{""calibration"": 148, ""confirmation"": 148, ""train"": 217}",155,2
financial_data.census_appearance.app_3c8a861fa2ee07af7607590a,FINANCIAL,profiles_c162_v1_worker_a,attempts/345e4eec33ac6ceb79ea__financial_data.census_appearance.app_3c8a861fa2ee07af7607590a/attempt-1/profile.jsonl,COMPLETED,9,True,3362694,NOT_INSPECTED_RESOURCE_CAP,,,,,
financial_data.census_appearance.app_42628359a2b9ca185e4e8e8e,FINANCIAL,profiles_c162_v1_worker_a,attempts/9779fdfd49fa723e9003__financial_data.census_appearance.app_42628359a2b9ca185e4e8e8e/attempt-1/profile.jsonl,COMPLETED,9,True,3376660,NOT_INSPECTED_RESOURCE_CAP,,,,,
financial_data.census_appearance.app_463d609442a44223d3a941a9,FINANCIAL,profiles_c162_v1_worker_a,attempts/8891ba7d35d03af7aabe__financial_data.census_appearance.app_463d609442a44223d3a941a9/attempt-1/profile.jsonl,COMPLETED,8,True,3218593,NOT_INSPECTED_RESOURCE_CAP,,,,,
financial_data.census_appearance.app_492cdd9255b4fdf1bc2f9e5a,FINANCIAL,profiles_c162_v1_worker_a,attempts/8450d69c472c5c2600f2__financial_data.census_appearance.app_492cdd9255b4fdf1bc2f9e5a/attempt-1/profile.jsonl,COMPLETED,9,True,3378972,NOT_INSPECTED_RESOURCE_CAP,,,,,
financial_data.census_appearance.app_4cce97cc53eb78a4843934e1,FINANCIAL,profiles_c162_v1_worker_a,attempts/1e57d05ded8d93cd5782__financial_data.census_appearance.app_4cce97cc53eb78a4843934e1/attempt-1/profile.jsonl,COMPLETED,8,True,3220502,NOT_INSPECTED_RESOURCE_CAP,,,,,
financial_data.census_appearance.app_50f8d7aab5c6fc3c86310ca3,FINANCIAL,profiles_c162_v1_worker_a,attempts/88c271047adc0f7dc1a5__financial_data.census_appearance.app_50f8d7aab5c6fc3c86310ca3/attempt-1/profile.jsonl,COMPLETED,8,True,3218610,NOT_INSPECTED_RESOURCE_CAP,,,,,
financial_data.census_appearance.app_5180fde944a5ff8e91697c7d,FINANCIAL,profiles_c162_v1_worker_a,attempts/8a493ee8ba06e48926f2__financial_data.census_appearance.app_5180fde944a5ff8e91697c7d/attempt-1/profile.jsonl,COMPLETED,1,True,219204,HASH_VERIFIED,272,"{""COMPLETED"": 259, ""INCONCLUSIVE"": 6, ""NOT_RUN"": 7}","{""calibration"": 84, ""confirmation"": 84, ""train"": 104}",107,1
financial_data.census_appearance.app_51a1d83d3e68b4273b739e93,FINANCIAL,profiles_c162_v1_worker_a,attempts/bf911d582cf3a0a35303__financial_data.census_appearance.app_51a1d83d3e68b4273b739e93/attempt-1/profile.jsonl,COMPLETED,9,True,3366151,NOT_INSPECTED_RESOURCE_CAP,,,,,
financial_data.census_appearance.app_5dc1f2122f39d63eb1d160bf,FINANCIAL,profiles_c162_v1_worker_a,attempts/e6d0fbf9212be9aae8fa__financial_data.census_appearance.app_5dc1f2122f39d63eb1d160bf/attempt-1/profile.jsonl,COMPLETED,9,True,3576659,NOT_INSPECTED_RESOURCE_CAP,,,,,
financial_data.census_appearance.app_5f84458cbc9700635a1a8445,FINANCIAL,profiles_c162_v1_worker_a,attempts/66a83e67dfe40635deea__financial_data.census_appearance.app_5f84458cbc9700635a1a8445/attempt-1/profile.jsonl,COMPLETED,9,True,3576678,NOT_INSPECTED_RESOURCE_CAP,,,,,
financial_data.census_appearance.app_66755538a349b312d20f135d,FINANCIAL,profiles_c162_v1_worker_a,attempts/8e1b768e2fdf3621c345__financial_data.census_appearance.app_66755538a349b312d20f135d/attempt-1/profile.jsonl,COMPLETED,9,True,3368732,NOT_INSPECTED_RESOURCE_CAP,,,,,
financial_data.census_appearance.app_6817a42d193f051d59955919,FINANCIAL,profiles_c162_v1_worker_a,attempts/2194d46bf6ff53f8c096__financial_data.census_appearance.app_6817a42d193f051d59955919/attempt-1/profile.jsonl,COMPLETED,8,True,3207867,NOT_INSPECTED_RESOURCE_CAP,,,,,
financial_data.census_appearance.app_71aae843d0e447d9f3ee8ab4,FINANCIAL,profiles_c162_v1_worker_a,attempts/09ba1e9f3a89b0eebb11__financial_data.census_appearance.app_71aae843d0e447d9f3ee8ab4/attempt-1/profile.jsonl,COMPLETED,8,True,3220783,NOT_INSPECTED_RESOURCE_CAP,,,,,
financial_data.census_appearance.app_7b99bec79e7039b02954fe02,FINANCIAL,profiles_c162_v1_worker_a,attempts/613e3736cf0e3f0faf68__financial_data.census_appearance.app_7b99bec79e7039b02954fe02/attempt-1/profile.jsonl,COMPLETED,1,True,196076,HASH_VERIFIED,256,"{""COMPLETED"": 247, ""INCONCLUSIVE"": 6, ""NOT_RUN"": 3}","{""calibration"": 84, ""confirmation"": 84, ""train"": 88}",91,1
financial_data.census_appearance.app_7ea5e9e73cea71618b85251d,FINANCIAL,profiles_c162_v1_worker_a,attempts/689a2f44446e724720d5__financial_data.census_appearance.app_7ea5e9e73cea71618b85251d/attempt-1/profile.jsonl,COMPLETED,1,True,196222,NOT_INSPECTED_RESOURCE_CAP,,,,,
financial_data.census_appearance.app_809cf01decd5f109ffb7ec13,FINANCIAL,profiles_c162_v1_worker_a,attempts/d0fbc1e087c214229e09__financial_data.census_appearance.app_809cf01decd5f109ffb7ec13/attempt-1/profile.jsonl,COMPLETED,1,True,196242,NOT_INSPECTED_RESOURCE_CAP,,,,,
financial_data.census_appearance.app_837c0a4312e6ddc97d5958d0,FINANCIAL,profiles_c162_v1_worker_a,attempts/015e8de7edbdf7a9ecbc__financial_data.census_appearance.app_837c0a4312e6ddc97d5958d0/attempt-1/profile.jsonl,COMPLETED,9,True,3368530,NOT_INSPECTED_RESOURCE_CAP,,,,,
financial_data.census_appearance.app_870da57cf608f99b91a5d6fc,FINANCIAL,profiles_c162_v1_worker_a,attempts/f65b1aae1f6ac44f4f26__financial_data.census_appearance.app_870da57cf608f99b91a5d6fc/attempt-1/profile.jsonl,COMPLETED,9,True,3365527,NOT_INSPECTED_RESOURCE_CAP,,,,,
financial_data.census_appearance.app_8818770f7620912369d4b018,FINANCIAL,profiles_c162_v1_worker_a,attempts/6a350065d950166c00e7__financial_data.census_appearance.app_8818770f7620912369d4b018/attempt-1/profile.jsonl,COMPLETED,1,True,196171,NOT_INSPECTED_RESOURCE_CAP,,,,,
financial_data.census_appearance.app_8b34d1bb047f3d2ae7e837f2,FINANCIAL,profiles_c162_v1_worker_a,attempts/18d8f2f4b8103c3fd011__financial_data.census_appearance.app_8b34d1bb047f3d2ae7e837f2/attempt-1/profile.jsonl,COMPLETED,9,True,3363360,NOT_INSPECTED_RESOURCE_CAP,,,,,
financial_data.census_appearance.app_8dd1c90fb3b3a004c40afcf2,FINANCIAL,profiles_c162_v1_worker_a,attempts/ea0dc3a92b0742967352__financial_data.census_appearance.app_8dd1c90fb3b3a004c40afcf2/attempt-1/profile.jsonl,COMPLETED,9,True,3363029,NOT_INSPECTED_RESOURCE_CAP,,,,,
financial_data.census_appearance.app_938bf628a858348f3e243846,FINANCIAL,profiles_c162_v1_worker_a,attempts/90e18b95ca0e8e6d7559__financial_data.census_appearance.app_938bf628a858348f3e243846/attempt-1/profile.jsonl,COMPLETED,4,True,989946,NOT_INSPECTED_RESOURCE_CAP,,,,,
financial_data.census_appearance.app_96fefa1419d8182a90154428,FINANCIAL,profiles_c162_v1_worker_a,attempts/874c9e163f41cf99b905__financial_data.census_appearance.app_96fefa1419d8182a90154428/attempt-1/profile.jsonl,COMPLETED,1,True,196062,NOT_INSPECTED_RESOURCE_CAP,,,,,
financial_data.census_appearance.app_9badd4e086764bae19d4eada,FINANCIAL,profiles_c162_v1_worker_a,attempts/6a51de953e83723963c2__financial_data.census_appearance.app_9badd4e086764bae19d4eada/attempt-1/profile.jsonl,COMPLETED,8,True,3219960,NOT_INSPECTED_RESOURCE_CAP,,,,,
financial_data.census_appearance.app_a2ab8a41ddfffe824fe5d22d,FINANCIAL,profiles_c162_v1_worker_a,attempts/d20af06ecf663c1588ed__financial_data.census_appearance.app_a2ab8a41ddfffe824fe5d22d/attempt-1/profile.jsonl,COMPLETED,8,True,2790679,NOT_INSPECTED_RESOURCE_CAP,,,,,
financial_data.census_appearance.app_a4351434e04b55c69acc5ace,FINANCIAL,profiles_c162_v1_worker_a,attempts/78f9518405262377662e__financial_data.census_appearance.app_a4351434e04b55c69acc5ace/attempt-1/profile.jsonl,COMPLETED,1,True,219309,NOT_INSPECTED_RESOURCE_CAP,,,,,
financial_data.census_appearance.app_a45617f2f61e16a51181b197,FINANCIAL,profiles_c162_v1_worker_a,attempts/df7cd139c169551e24f2__financial_data.census_appearance.app_a45617f2f61e16a51181b197/attempt-1/profile.jsonl,COMPLETED,9,True,3364078,NOT_INSPECTED_RESOURCE_CAP,,,,,
financial_data.census_appearance.app_a7275fedd568c2accc434c12,FINANCIAL,profiles_c162_v1_worker_a,attempts/25e099f9b8a7042cf60c__financial_data.census_appearance.app_a7275fedd568c2accc434c12/attempt-1/profile.jsonl,COMPLETED,9,True,3362962,NOT_INSPECTED_RESOURCE_CAP,,,,,
financial_data.census_appearance.app_a9e3cd1209669b74b203435b,FINANCIAL,profiles_c162_v1_worker_a,attempts/13890f39062ef0a0faf4__financial_data.census_appearance.app_a9e3cd1209669b74b203435b/attempt-1/profile.jsonl,COMPLETED,8,True,3220338,NOT_INSPECTED_RESOURCE_CAP,,,,,
financial_data.census_appearance.app_ab44ddb799a512eee9ad1606,FINANCIAL,profiles_c162_v1_worker_a,attempts/d669d9a050e5e850ec46__financial_data.census_appearance.app_ab44ddb799a512eee9ad1606/attempt-1/profile.jsonl,COMPLETED,9,True,3365532,NOT_INSPECTED_RESOURCE_CAP,,,,,
financial_data.census_appearance.app_ad1a7a277b6af426a35c5013,FINANCIAL,profiles_c162_v1_worker_a,attempts/42104ae4e818193080d7__financial_data.census_appearance.app_ad1a7a277b6af426a35c5013/attempt-1/profile.jsonl,COMPLETED,8,True,2794874,NOT_INSPECTED_RESOURCE_CAP,,,,,
financial_data.census_appearance.app_adf833cc278e18985158a874,FINANCIAL,profiles_c162_v1_worker_a,attempts/a657578c9f843e81e014__financial_data.census_appearance.app_adf833cc278e18985158a874/attempt-1/profile.jsonl,COMPLETED,1,True,219141,NOT_INSPECTED_RESOURCE_CAP,,,,,
financial_data.census_appearance.app_b638a91f89095b23c8a5f93e,FINANCIAL,profiles_c162_v1_worker_a,attempts/851a96722530b7929170__financial_data.census_appearance.app_b638a91f89095b23c8a5f93e/attempt-1/profile.jsonl,COMPLETED,1,True,196076,NOT_INSPECTED_RESOURCE_CAP,,,,,
financial_data.census_appearance.app_b780cfd768262d2d962ec334,FINANCIAL,profiles_c162_v1_worker_a,attempts/fa9c1f29a3a901e28da2__financial_data.census_appearance.app_b780cfd768262d2d962ec334/attempt-1/profile.jsonl,COMPLETED,9,True,3899720,NOT_INSPECTED_RESOURCE_CAP,,,,,
financial_data.census_appearance.app_b9a69fd56e76d6a616abdd6f,FINANCIAL,profiles_c162_v1_worker_a,attempts/ad9b5785251ba33b7bc2__financial_data.census_appearance.app_b9a69fd56e76d6a616abdd6f/attempt-1/profile.jsonl,COMPLETED,2,True,411034,NOT_INSPECTED_RESOURCE_CAP,,,,,
financial_data.census_appearance.app_ba19cdf3e6927055945a0990,FINANCIAL,profiles_c162_v1_worker_a,attempts/fad1844a6641f14d573f__financial_data.census_appearance.app_ba19cdf3e6927055945a0990/attempt-1/profile.jsonl,COMPLETED,1,True,196197,NOT_INSPECTED_RESOURCE_CAP,,,,,
financial_data.census_appearance.app_bb55b23a5f273d27ae6dd0d8,FINANCIAL,profiles_c162_v1_worker_a,attempts/ca9c828b696a29f11332__financial_data.census_appearance.app_bb55b23a5f273d27ae6dd0d8/attempt-1/profile.jsonl,COMPLETED,9,True,3576332,NOT_INSPECTED_RESOURCE_CAP,,,,,
financial_data.census_appearance.app_bbf65babf1e72ee5b9ad636f,FINANCIAL,profiles_c162_v1_worker_a,attempts/8a4c069a26aa226faccb__financial_data.census_appearance.app_bbf65babf1e72ee5b9ad636f/attempt-1/profile.jsonl,COMPLETED,2,True,410433,NOT_INSPECTED_RESOURCE_CAP,,,,,
financial_data.census_appearance.app_bd61d2c7356394fb59279b48,FINANCIAL,profiles_c162_v1_worker_a,attempts/747ea349af9ca8d38652__financial_data.census_appearance.app_bd61d2c7356394fb59279b48/attempt-1/profile.jsonl,COMPLETED,1,True,196064,NOT_INSPECTED_RESOURCE_CAP,,,,,
financial_data.census_appearance.app_c242f9be63cad54f5b03e57f,FINANCIAL,profiles_c162_v1_worker_a,attempts/e47afcf2b3022a161d7e__financial_data.census_appearance.app_c242f9be63cad54f5b03e57f/attempt-1/profile.jsonl,COMPLETED,4,True,991387,NOT_INSPECTED_RESOURCE_CAP,,,,,
financial_data.census_appearance.app_c543ec787b2ced8f143c40af,FINANCIAL,profiles_c162_v1_worker_a,attempts/534967390ed51c98b612__financial_data.census_appearance.app_c543ec787b2ced8f143c40af/attempt-1/profile.jsonl,COMPLETED,4,True,990773,NOT_INSPECTED_RESOURCE_CAP,,,,,
financial_data.census_appearance.app_c5d97e0bd2c3e509a6d67940,FINANCIAL,profiles_c162_v1_worker_a,attempts/825f688920838f6b4154__financial_data.census_appearance.app_c5d97e0bd2c3e509a6d67940/attempt-1/profile.jsonl,COMPLETED,9,True,3368860,NOT_INSPECTED_RESOURCE_CAP,,,,,
financial_data.census_appearance.app_c93912a97d2c98e3fe5deb73,FINANCIAL,profiles_c162_v1_worker_a,attempts/b8b1f192a473ba0bd835__financial_data.census_appearance.app_c93912a97d2c98e3fe5deb73/attempt-1/profile.jsonl,COMPLETED,9,True,3363514,NOT_INSPECTED_RESOURCE_CAP,,,,,
financial_data.census_appearance.app_cb3f5f61b694cd0dba0feb7a,FINANCIAL,profiles_c162_v1_worker_a,attempts/c6f5a1e333b7f9da8cb9__financial_data.census_appearance.app_cb3f5f61b694cd0dba0feb7a/attempt-1/profile.jsonl,COMPLETED,1,True,196355,NOT_INSPECTED_RESOURCE_CAP,,,,,
financial_data.census_appearance.app_cf7382e45bb0e38fff80da4e,FINANCIAL,profiles_c162_v1_worker_a,attempts/678f810117b86b776e14__financial_data.census_appearance.app_cf7382e45bb0e38fff80da4e/attempt-1/profile.jsonl,COMPLETED,1,True,219507,NOT_INSPECTED_RESOURCE_CAP,,,,,
financial_data.census_appearance.app_d18d5af5d5ab17bd178c5ba7,FINANCIAL,profiles_c162_v1_worker_a,attempts/4253dec640cd20e722a8__financial_data.census_appearance.app_d18d5af5d5ab17bd178c5ba7/attempt-1/profile.jsonl,COMPLETED,4,True,1267228,NOT_INSPECTED_RESOURCE_CAP,,,,,
financial_data.census_appearance.app_d308e5cb0baf4b6fa82eb9aa,FINANCIAL,profiles_c162_v1_worker_a,attempts/6c432c4dcc6cf266f116__financial_data.census_appearance.app_d308e5cb0baf4b6fa82eb9aa/attempt-1/profile.jsonl,COMPLETED,1,True,265078,NOT_INSPECTED_RESOURCE_CAP,,,,,
financial_data.census_appearance.app_d3c6a50e4e596bf29d250c86,FINANCIAL,profiles_c162_v1_worker_a,attempts/a3179435456f5f71d4af__financial_data.census_appearance.app_d3c6a50e4e596bf29d250c86/attempt-1/profile.jsonl,COMPLETED,1,True,195978,NOT_INSPECTED_RESOURCE_CAP,,,,,
financial_data.census_appearance.app_d429a3c7434d25c113a2eacb,FINANCIAL,profiles_c162_v1_worker_a,attempts/073540a4305730f7c673__financial_data.census_appearance.app_d429a3c7434d25c113a2eacb/attempt-1/profile.jsonl,COMPLETED,4,True,1267094,NOT_INSPECTED_RESOURCE_CAP,,,,,
financial_data.census_appearance.app_d6cf9ee6b71c8b1d82e90d6f,FINANCIAL,profiles_c162_v1_worker_a,attempts/84f2c6ab23c8457ebf9f__financial_data.census_appearance.app_d6cf9ee6b71c8b1d82e90d6f/attempt-1/profile.jsonl,COMPLETED,9,True,3366883,NOT_INSPECTED_RESOURCE_CAP,,,,,
financial_data.census_appearance.app_d7c0649b93943bbac7780ada,FINANCIAL,profiles_c162_v1_worker_a,attempts/6f548c413e7e5559e55a__financial_data.census_appearance.app_d7c0649b93943bbac7780ada/attempt-1/profile.jsonl,COMPLETED,1,True,219520,NOT_INSPECTED_RESOURCE_CAP,,,,,
financial_data.census_appearance.app_d8892b5d3755f24f096f0f85,FINANCIAL,profiles_c162_v1_worker_a,attempts/2fe807440ca3a1962266__financial_data.census_appearance.app_d8892b5d3755f24f096f0f85/attempt-1/profile.jsonl,COMPLETED,1,True,196309,NOT_INSPECTED_RESOURCE_CAP,,,,,
financial_data.census_appearance.app_d92a819f0c6c3544faf6f92c,FINANCIAL,profiles_c162_v1_worker_a,attempts/ca5debf02de8e6a831fc__financial_data.census_appearance.app_d92a819f0c6c3544faf6f92c/attempt-1/profile.jsonl,COMPLETED,9,True,3368814,NOT_INSPECTED_RESOURCE_CAP,,,,,
financial_data.census_appearance.app_d92f78dffe77fa56342908ca,FINANCIAL,profiles_c162_v1_worker_a,attempts/6960510220325a91f554__financial_data.census_appearance.app_d92f78dffe77fa56342908ca/attempt-1/profile.jsonl,COMPLETED,8,True,3150751,NOT_INSPECTED_RESOURCE_CAP,,,,,
financial_data.census_appearance.app_dc9254d8a7a7796c97ab2eca,FINANCIAL,profiles_c162_v1_worker_a,attempts/5e43519d44d68f3b0e86__financial_data.census_appearance.app_dc9254d8a7a7796c97ab2eca/attempt-1/profile.jsonl,COMPLETED,1,True,195965,NOT_INSPECTED_RESOURCE_CAP,,,,,
financial_data.census_appearance.app_de8e06945c05cd5d0aaa29c9,FINANCIAL,profiles_c162_v1_worker_a,attempts/c6405b6ff8a447de90b8__financial_data.census_appearance.app_de8e06945c05cd5d0aaa29c9/attempt-1/profile.jsonl,COMPLETED,8,True,3220308,NOT_INSPECTED_RESOURCE_CAP,,,,,
financial_data.census_appearance.app_e06fc687fc21bbf8e7e2e58b,FINANCIAL,profiles_c162_v1_worker_a,attempts/2f355d152e9c42fd4283__financial_data.census_appearance.app_e06fc687fc21bbf8e7e2e58b/attempt-1/profile.jsonl,COMPLETED,9,True,3366076,NOT_INSPECTED_RESOURCE_CAP,,,,,
financial_data.census_appearance.app_e33f4cd4cc58e3a4a89f44b7,FINANCIAL,profiles_c162_v1_worker_a,attempts/36c0f7227295584df65a__financial_data.census_appearance.app_e33f4cd4cc58e3a4a89f44b7/attempt-1/profile.jsonl,COMPLETED,4,True,989845,NOT_INSPECTED_RESOURCE_CAP,,,,,
financial_data.census_appearance.app_ee8f9100e407587831c645df,FINANCIAL,profiles_c162_v1_worker_a,attempts/7e5b009934f9a71fabf1__financial_data.census_appearance.app_ee8f9100e407587831c645df/attempt-1/profile.jsonl,COMPLETED,1,True,196328,NOT_INSPECTED_RESOURCE_CAP,,,,,
financial_data.census_appearance.app_eff0a14f2ea7e0d105ce7b21,FINANCIAL,profiles_c162_v1_worker_a,attempts/a512e4391f618ef4fdfb__financial_data.census_appearance.app_eff0a14f2ea7e0d105ce7b21/attempt-1/profile.jsonl,COMPLETED,8,True,3149979,NOT_INSPECTED_RESOURCE_CAP,,,,,
financial_data.census_appearance.app_eff7c400cd4ead4641658604,FINANCIAL,profiles_c162_v1_worker_a,attempts/11c5a981461f5793194f__financial_data.census_appearance.app_eff7c400cd4ead4641658604/attempt-1/profile.jsonl,COMPLETED,1,True,196098,NOT_INSPECTED_RESOURCE_CAP,,,,,
financial_data.census_appearance.app_f189f8e3778d1f5124b2ce8e,FINANCIAL,profiles_c162_v1_worker_a,attempts/7776a979afd30be3abfe__financial_data.census_appearance.app_f189f8e3778d1f5124b2ce8e/attempt-1/profile.jsonl,COMPLETED,1,True,219067,NOT_INSPECTED_RESOURCE_CAP,,,,,
financial_data.census_appearance.app_f1bf8981f92475f064335139,FINANCIAL,profiles_c162_v1_worker_a,attempts/ee6ba50a0dfee04fc1dd__financial_data.census_appearance.app_f1bf8981f92475f064335139/attempt-1/profile.jsonl,COMPLETED,1,True,196021,NOT_INSPECTED_RESOURCE_CAP,,,,,
financial_data.census_appearance.app_f1e86f64b6f3075575b2745a,FINANCIAL,profiles_c162_v1_worker_a,attempts/0fd8e4105ea2b4cc8a48__financial_data.census_appearance.app_f1e86f64b6f3075575b2745a/attempt-1/profile.jsonl,COMPLETED,8,True,3151279,NOT_INSPECTED_RESOURCE_CAP,,,,,
financial_data.census_appearance.app_f2985718af952c043060cb08,FINANCIAL,profiles_c162_v1_worker_a,attempts/94715d1426fdf3f95df4__financial_data.census_appearance.app_f2985718af952c043060cb08/attempt-1/profile.jsonl,COMPLETED,8,True,2794399,NOT_INSPECTED_RESOURCE_CAP,,,,,
financial_data.census_appearance.app_f54ae770663d3287179ae063,FINANCIAL,profiles_c162_v1_worker_a,attempts/3a67e094b99f7f8176e3__financial_data.census_appearance.app_f54ae770663d3287179ae063/attempt-1/profile.jsonl,COMPLETED,9,True,3831405,NOT_INSPECTED_RESOURCE_CAP,,,,,
financial_data.census_appearance.app_f6292ce65926c85d9a39824a,FINANCIAL,profiles_c162_v1_worker_a,attempts/79e5ff0fd9ff0c36c011__financial_data.census_appearance.app_f6292ce65926c85d9a39824a/attempt-1/profile.jsonl,COMPLETED,9,True,3365946,NOT_INSPECTED_RESOURCE_CAP,,,,,
financial_data.census_appearance.app_f83b4929d0a5f9b152b8f912,FINANCIAL,profiles_c162_v1_worker_a,attempts/878edd7e27dec68e6ebd__financial_data.census_appearance.app_f83b4929d0a5f9b152b8f912/attempt-1/profile.jsonl,COMPLETED,9,True,3362626,NOT_INSPECTED_RESOURCE_CAP,,,,,
financial_data.census_appearance.app_ff783dea2dce0a27e650c00e,FINANCIAL,profiles_c162_v1_worker_a,attempts/02b36205cf6eb02fd234__financial_data.census_appearance.app_ff783dea2dce0a27e650c00e/attempt-1/profile.jsonl,COMPLETED,1,True,219413,NOT_INSPECTED_RESOURCE_CAP,,,,,
public.uci.235.individual_household_electric_power_consumption,PUBLIC,profiles_c162_v1_worker_a,attempts/76b7361aa518d32995af__public.uci.235.individual_household_electric_power_consumption/attempt-1/profile.jsonl,COMPLETED,7,True,2260145,NOT_INSPECTED_RESOURCE_CAP,,,,,
public.uci.321.electricityloaddiagrams20112014,PUBLIC,profiles_c162_v1_worker_a,attempts/ca258b0a9e248fa20f60__public.uci.321.electricityloaddiagrams20112014/attempt-1/profile.jsonl,COMPLETED,370,True,120796632,NOT_INSPECTED_RESOURCE_CAP,,,,,
public.uci.501.beijing_multisite_air_quality,PUBLIC,profiles_c162_v1_worker_a,attempts/c75ab6d2979425c10460__public.uci.501.beijing_multisite_air_quality/attempt-1/profile.jsonl,COMPLETED,132,True,84184196,NOT_INSPECTED_RESOURCE_CAP,,,,,
synthetic.df_synthetic_bank.c128.v1.bumps__white__snr-5__none__n2048__v1__seed11,SYNTHETIC,profiles_c162_v1_worker_a,attempts/67cd1d43925efa9086a8__synthetic.df_synthetic_bank.c128.v1.bumps__white__snr-5__none__n2048__v1__seed11/attempt-1/profile.jsonl,COMPLETED,1,True,202745,NOT_INSPECTED_RESOURCE_CAP,,,,,
synthetic.df_synthetic_bank.c128.v1.bumps__white__snr-5__none__n2048__v1__seed13,SYNTHETIC,profiles_c162_v1_worker_a,attempts/91805c5dd9d5015e801e__synthetic.df_synthetic_bank.c128.v1.bumps__white__snr-5__none__n2048__v1__seed13/attempt-1/profile.jsonl,COMPLETED,1,True,202729,NOT_INSPECTED_RESOURCE_CAP,,,,,
synthetic.df_synthetic_bank.c128.v1.bumps__white__snr0__none__n2048__v1__seed11,SYNTHETIC,profiles_c162_v1_worker_a,attempts/afd66f16100693cf4599__synthetic.df_synthetic_bank.c128.v1.bumps__white__snr0__none__n2048__v1__seed11/attempt-1/profile.jsonl,COMPLETED,1,True,202519,NOT_INSPECTED_RESOURCE_CAP,,,,,
synthetic.df_synthetic_bank.c128.v1.bumps__white__snr0__none__n2048__v1__seed13,SYNTHETIC,profiles_c162_v1_worker_a,attempts/8150f9d4f3a8b5e6f9d1__synthetic.df_synthetic_bank.c128.v1.bumps__white__snr0__none__n2048__v1__seed13/attempt-1/profile.jsonl,COMPLETED,1,True,202422,NOT_INSPECTED_RESOURCE_CAP,,,,,
synthetic.df_synthetic_bank.c128.v1.bumps__white__snr10__none__n2048__v1__seed12,SYNTHETIC,profiles_c162_v1_worker_a,attempts/ddc97bdcfdcdf6525faa__synthetic.df_synthetic_bank.c128.v1.bumps__white__snr10__none__n2048__v1__seed12/attempt-1/profile.jsonl,COMPLETED,1,True,202852,NOT_INSPECTED_RESOURCE_CAP,,,,,
synthetic.df_synthetic_bank.c128.v1.bumps__white__snr20__none__n2048__v1__seed11,SYNTHETIC,profiles_c162_v1_worker_a,attempts/5ee416b9065dd8216c4c__synthetic.df_synthetic_bank.c128.v1.bumps__white__snr20__none__n2048__v1__seed11/attempt-1/profile.jsonl,COMPLETED,1,True,202855,NOT_INSPECTED_RESOURCE_CAP,,,,,
synthetic.df_synthetic_bank.c128.v1.bumps__white__snr20__none__n2048__v1__seed12,SYNTHETIC,profiles_c162_v1_worker_a,attempts/aec49319d047d847f01e__synthetic.df_synthetic_bank.c128.v1.bumps__white__snr20__none__n2048__v1__seed12/attempt-1/profile.jsonl,COMPLETED,1,True,202768,NOT_INSPECTED_RESOURCE_CAP,,,,,
synthetic.df_synthetic_bank.c128.v1.bumps__white__snr5__none__n2048__v1__seed11,SYNTHETIC,profiles_c162_v1_worker_a,attempts/0239d5802d4b77c15ea6__synthetic.df_synthetic_bank.c128.v1.bumps__white__snr5__none__n2048__v1__seed11/attempt-1/profile.jsonl,COMPLETED,1,True,202564,NOT_INSPECTED_RESOURCE_CAP,,,,,
synthetic.df_synthetic_bank.c128.v1.bumps__white__snr5__none__n2048__v1__seed13,SYNTHETIC,profiles_c162_v1_worker_a,attempts/f33336499e1d724989a9__synthetic.df_synthetic_bank.c128.v1.bumps__white__snr5__none__n2048__v1__seed13/attempt-1/profile.jsonl,COMPLETED,1,True,202570,NOT_INSPECTED_RESOURCE_CAP,,,,,
synthetic.df_synthetic_bank.c128.v1.bumps__white__snrinf__none__n2048__v1__seed12,SYNTHETIC,profiles_c162_v1_worker_a,attempts/13229cfea63d0a9932db__ynthetic.df_synthetic_bank.c128.v1.bumps__white__snrinf__none__n2048__v1__seed12/attempt-1/profile.jsonl,COMPLETED,1,True,202690,NOT_INSPECTED_RESOURCE_CAP,,,,,
synthetic.df_synthetic_bank.c128.v1.bumps__white__snrinf__none__n2048__v1__seed13,SYNTHETIC,profiles_c162_v1_worker_a,attempts/41b0a7d2f4fe5c742790__ynthetic.df_synthetic_bank.c128.v1.bumps__white__snrinf__none__n2048__v1__seed13/attempt-1/profile.jsonl,COMPLETED,1,True,202834,NOT_INSPECTED_RESOURCE_CAP,,,,,
synthetic.df_synthetic_bank.c128.v1.chirp__white__snr-5__none__n2048__v1__seed12,SYNTHETIC,profiles_c162_v1_worker_a,attempts/6e69a847b69d79ac5bea__synthetic.df_synthetic_bank.c128.v1.chirp__white__snr-5__none__n2048__v1__seed12/attempt-1/profile.jsonl,COMPLETED,1,True,202721,NOT_INSPECTED_RESOURCE_CAP,,,,,
synthetic.df_synthetic_bank.c128.v1.chirp__white__snr0__none__n2048__v1__seed11,SYNTHETIC,profiles_c162_v1_worker_a,attempts/5bf931a814c952ce76e4__synthetic.df_synthetic_bank.c128.v1.chirp__white__snr0__none__n2048__v1__seed11/attempt-1/profile.jsonl,COMPLETED,1,True,202425,NOT_INSPECTED_RESOURCE_CAP,,,,,
synthetic.df_synthetic_bank.c128.v1.chirp__white__snr0__none__n2048__v1__seed13,SYNTHETIC,profiles_c162_v1_worker_a,attempts/448c9a144b400c43cca9__synthetic.df_synthetic_bank.c128.v1.chirp__white__snr0__none__n2048__v1__seed13/attempt-1/profile.jsonl,COMPLETED,1,True,202450,NOT_INSPECTED_RESOURCE_CAP,,,,,
synthetic.df_synthetic_bank.c128.v1.chirp__white__snr10__none__n2048__v1__seed11,SYNTHETIC,profiles_c162_v1_worker_a,attempts/9683fac109dc2b21a9a0__synthetic.df_synthetic_bank.c128.v1.chirp__white__snr10__none__n2048__v1__seed11/attempt-1/profile.jsonl,COMPLETED,1,True,202738,NOT_INSPECTED_RESOURCE_CAP,,,,,
synthetic.df_synthetic_bank.c128.v1.chirp__white__snr10__none__n2048__v1__seed13,SYNTHETIC,profiles_c162_v1_worker_a,attempts/97313065892762202a6a__synthetic.df_synthetic_bank.c128.v1.chirp__white__snr10__none__n2048__v1__seed13/attempt-1/profile.jsonl,COMPLETED,1,True,202756,NOT_INSPECTED_RESOURCE_CAP,,,,,
synthetic.df_synthetic_bank.c128.v1.chirp__white__snr20__none__n2048__v1__seed12,SYNTHETIC,profiles_c162_v1_worker_a,attempts/36fdaf6f67d8b7cea536__synthetic.df_synthetic_bank.c128.v1.chirp__white__snr20__none__n2048__v1__seed12/attempt-1/profile.jsonl,COMPLETED,1,True,202654,NOT_INSPECTED_RESOURCE_CAP,,,,,
synthetic.df_synthetic_bank.c128.v1.chirp__white__snr5__none__n2048__v1__seed11,SYNTHETIC,profiles_c162_v1_worker_a,attempts/def4f4a7c80b95163e25__synthetic.df_synthetic_bank.c128.v1.chirp__white__snr5__none__n2048__v1__seed11/attempt-1/profile.jsonl,COMPLETED,1,True,202414,NOT_INSPECTED_RESOURCE_CAP,,,,,
synthetic.df_synthetic_bank.c128.v1.chirp__white__snr5__none__n2048__v1__seed12,SYNTHETIC,profiles_c162_v1_worker_a,attempts/cb740a8730c9b8ec8a8a__synthetic.df_synthetic_bank.c128.v1.chirp__white__snr5__none__n2048__v1__seed12/attempt-1/profile.jsonl,COMPLETED,1,True,202418,NOT_INSPECTED_RESOURCE_CAP,,,,,
synthetic.df_synthetic_bank.c128.v1.chirp__white__snrinf__none__n2048__v1__seed11,SYNTHETIC,profiles_c162_v1_worker_a,attempts/eda317093b2fa7e1eeaa__ynthetic.df_synthetic_bank.c128.v1.chirp__white__snrinf__none__n2048__v1__seed11/attempt-1/profile.jsonl,COMPLETED,1,True,202968,NOT_INSPECTED_RESOURCE_CAP,,,,,
synthetic.df_synthetic_bank.c128.v1.chirp__white__snrinf__none__n2048__v1__seed13,SYNTHETIC,profiles_c162_v1_worker_a,attempts/87f32919cdd80897a17b__ynthetic.df_synthetic_bank.c128.v1.chirp__white__snrinf__none__n2048__v1__seed13/attempt-1/profile.jsonl,COMPLETED,1,True,203013,NOT_INSPECTED_RESOURCE_CAP,,,,,
synthetic.df_synthetic_bank.c128.v1.impulses__white__snr-5__none__n2048__v1__seed12,SYNTHETIC,profiles_c162_v1_worker_a,attempts/a8300c0bdf34987958fd__thetic.df_synthetic_bank.c128.v1.impulses__white__snr-5__none__n2048__v1__seed12/attempt-1/profile.jsonl,COMPLETED,1,True,203548,NOT_INSPECTED_RESOURCE_CAP,,,,,
synthetic.df_synthetic_bank.c128.v1.impulses__white__snr-5__none__n2048__v1__seed13,SYNTHETIC,profiles_c162_v1_worker_a,attempts/ef35345b9cc5be5e5099__thetic.df_synthetic_bank.c128.v1.impulses__white__snr-5__none__n2048__v1__seed13/attempt-1/profile.jsonl,COMPLETED,1,True,203520,NOT_INSPECTED_RESOURCE_CAP,,,,,
synthetic.df_synthetic_bank.c128.v1.impulses__white__snr0__none__n2048__v1__seed12,SYNTHETIC,profiles_c162_v1_worker_a,attempts/e7a0559798a2585b8f6d__nthetic.df_synthetic_bank.c128.v1.impulses__white__snr0__none__n2048__v1__seed12/attempt-1/profile.jsonl,COMPLETED,1,True,203260,NOT_INSPECTED_RESOURCE_CAP,,,,,
synthetic.df_synthetic_bank.c128.v1.impulses__white__snr10__none__n2048__v1__seed11,SYNTHETIC,profiles_c162_v1_worker_a,attempts/c0f0b5b890e7887c96f1__thetic.df_synthetic_bank.c128.v1.impulses__white__snr10__none__n2048__v1__seed11/attempt-1/profile.jsonl,COMPLETED,1,True,203652,NOT_INSPECTED_RESOURCE_CAP,,,,,
synthetic.df_synthetic_bank.c128.v1.impulses__white__snr10__none__n2048__v1__seed13,SYNTHETIC,profiles_c162_v1_worker_a,attempts/d2fab80a41b856a97e5c__thetic.df_synthetic_bank.c128.v1.impulses__white__snr10__none__n2048__v1__seed13/attempt-1/profile.jsonl,COMPLETED,1,True,203693,NOT_INSPECTED_RESOURCE_CAP,,,,,
synthetic.df_synthetic_bank.c128.v1.impulses__white__snr20__none__n2048__v1__seed11,SYNTHETIC,profiles_c162_v1_worker_a,attempts/70c7201886101cacaa34__thetic.df_synthetic_bank.c128.v1.impulses__white__snr20__none__n2048__v1__seed11/attempt-1/profile.jsonl,COMPLETED,1,True,203579,NOT_INSPECTED_RESOURCE_CAP,,,,,
synthetic.df_synthetic_bank.c128.v1.impulses__white__snr20__none__n2048__v1__seed13,SYNTHETIC,profiles_c162_v1_worker_a,attempts/176db155a809d10cf924__thetic.df_synthetic_bank.c128.v1.impulses__white__snr20__none__n2048__v1__seed13/attempt-1/profile.jsonl,COMPLETED,1,True,203685,NOT_INSPECTED_RESOURCE_CAP,,,,,
synthetic.df_synthetic_bank.c128.v1.impulses__white__snr5__none__n2048__v1__seed12,SYNTHETIC,profiles_c162_v1_worker_a,attempts/b71386978067c056207f__nthetic.df_synthetic_bank.c128.v1.impulses__white__snr5__none__n2048__v1__seed12/attempt-1/profile.jsonl,COMPLETED,1,True,203333,NOT_INSPECTED_RESOURCE_CAP,,,,,
synthetic.df_synthetic_bank.c128.v1.impulses__white__snrinf__none__n2048__v1__seed11,SYNTHETIC,profiles_c162_v1_worker_a,attempts/38ddb7f41fb2127abcd6__hetic.df_synthetic_bank.c128.v1.impulses__white__snrinf__none__n2048__v1__seed11/attempt-1/profile.jsonl,COMPLETED,1,True,203332,NOT_INSPECTED_RESOURCE_CAP,,,,,
synthetic.df_synthetic_bank.c128.v1.impulses__white__snrinf__none__n2048__v1__seed12,SYNTHETIC,profiles_c162_v1_worker_a,attempts/8a15bc15a5fb3dfdd894__hetic.df_synthetic_bank.c128.v1.impulses__white__snrinf__none__n2048__v1__seed12/attempt-1/profile.jsonl,COMPLETED,1,True,203284,NOT_INSPECTED_RESOURCE_CAP,,,,,
synthetic.df_synthetic_bank.c128.v1.motif__white__snr-5__none__n2048__v1__seed11,SYNTHETIC,profiles_c162_v1_worker_a,attempts/32b59ff5f429d1f8d42d__synthetic.df_synthetic_bank.c128.v1.motif__white__snr-5__none__n2048__v1__seed11/attempt-1/profile.jsonl,COMPLETED,1,True,202797,NOT_INSPECTED_RESOURCE_CAP,,,,,
synthetic.df_synthetic_bank.c128.v1.motif__white__snr-5__none__n2048__v1__seed13,SYNTHETIC,profiles_c162_v1_worker_a,attempts/b054793e8a38735f049d__synthetic.df_synthetic_bank.c128.v1.motif__white__snr-5__none__n2048__v1__seed13/attempt-1/profile.jsonl,COMPLETED,1,True,202838,NOT_INSPECTED_RESOURCE_CAP,,,,,
synthetic.df_synthetic_bank.c128.v1.motif__white__snr0__none__n2048__v1__seed12,SYNTHETIC,profiles_c162_v1_worker_a,attempts/141b9bf4d248e2ac455b__synthetic.df_synthetic_bank.c128.v1.motif__white__snr0__none__n2048__v1__seed12/attempt-1/profile.jsonl,COMPLETED,1,True,202588,NOT_INSPECTED_RESOURCE_CAP,,,,,
synthetic.df_synthetic_bank.c128.v1.motif__white__snr0__none__n2048__v1__seed13,SYNTHETIC,profiles_c162_v1_worker_a,attempts/18cb43e955faa4dd56af__synthetic.df_synthetic_bank.c128.v1.motif__white__snr0__none__n2048__v1__seed13/attempt-1/profile.jsonl,COMPLETED,1,True,202458,NOT_INSPECTED_RESOURCE_CAP,,,,,
synthetic.df_synthetic_bank.c128.v1.motif__white__snr10__none__n2048__v1__seed12,SYNTHETIC,profiles_c162_v1_worker_a,attempts/09aab6a27d87e046602e__synthetic.df_synthetic_bank.c128.v1.motif__white__snr10__none__n2048__v1__seed12/attempt-1/profile.jsonl,COMPLETED,1,True,202798,NOT_INSPECTED_RESOURCE_CAP,,,,,
synthetic.df_synthetic_bank.c128.v1.motif__white__snr20__none__n2048__v1__seed11,SYNTHETIC,profiles_c162_v1_worker_a,attempts/310d951d191c7ee6927a__synthetic.df_synthetic_bank.c128.v1.motif__white__snr20__none__n2048__v1__seed11/attempt-1/profile.jsonl,COMPLETED,1,True,202815,NOT_INSPECTED_RESOURCE_CAP,,,,,
synthetic.df_synthetic_bank.c128.v1.motif__white__snr20__none__n2048__v1__seed13,SYNTHETIC,profiles_c162_v1_worker_a,attempts/11569605af3faffa9dd4__synthetic.df_synthetic_bank.c128.v1.motif__white__snr20__none__n2048__v1__seed13/attempt-1/profile.jsonl,COMPLETED,1,True,202821,NOT_INSPECTED_RESOURCE_CAP,,,,,
synthetic.df_synthetic_bank.c128.v1.motif__white__snr5__none__n2048__v1__seed11,SYNTHETIC,profiles_c162_v1_worker_a,attempts/c5b5b8cff1d11c54a976__synthetic.df_synthetic_bank.c128.v1.motif__white__snr5__none__n2048__v1__seed11/attempt-1/profile.jsonl,COMPLETED,1,True,202633,NOT_INSPECTED_RESOURCE_CAP,,,,,
synthetic.df_synthetic_bank.c128.v1.motif__white__snr5__none__n2048__v1__seed13,SYNTHETIC,profiles_c162_v1_worker_a,attempts/08339d3dbbb7786c32f1__synthetic.df_synthetic_bank.c128.v1.motif__white__snr5__none__n2048__v1__seed13/attempt-1/profile.jsonl,COMPLETED,1,True,202557,NOT_INSPECTED_RESOURCE_CAP,,,,,
synthetic.df_synthetic_bank.c128.v1.motif__white__snrinf__none__n2048__v1__seed12,SYNTHETIC,profiles_c162_v1_worker_a,attempts/3a3cab6a3f3b939ebb9c__ynthetic.df_synthetic_bank.c128.v1.motif__white__snrinf__none__n2048__v1__seed12/attempt-1/profile.jsonl,COMPLETED,1,True,202836,NOT_INSPECTED_RESOURCE_CAP,,,,,
synthetic.df_synthetic_bank.c128.v1.multiband__ar1__snr-5__none__n2048__v1__seed11,SYNTHETIC,profiles_c162_v1_worker_a,attempts/7ee800f2fdb7162d4819__nthetic.df_synthetic_bank.c128.v1.multiband__ar1__snr-5__none__n2048__v1__seed11/attempt-1/profile.jsonl,COMPLETED,1,True,203223,NOT_INSPECTED_RESOURCE_CAP,,,,,
synthetic.df_synthetic_bank.c128.v1.multiband__ar1__snr-5__none__n2048__v1__seed12,SYNTHETIC,profiles_c162_v1_worker_a,attempts/0beadf1cffbb86e0ffc1__nthetic.df_synthetic_bank.c128.v1.multiband__ar1__snr-5__none__n2048__v1__seed12/attempt-1/profile.jsonl,COMPLETED,1,True,203278,NOT_INSPECTED_RESOURCE_CAP,,,,,
synthetic.df_synthetic_bank.c128.v1.multiband__ar1__snr0__none__n2048__v1__seed11,SYNTHETIC,profiles_c162_v1_worker_a,attempts/ed769dc09683e21b19e8__ynthetic.df_synthetic_bank.c128.v1.multiband__ar1__snr0__none__n2048__v1__seed11/attempt-1/profile.jsonl,COMPLETED,1,True,202969,NOT_INSPECTED_RESOURCE_CAP,,,,,
synthetic.df_synthetic_bank.c128.v1.multiband__ar1__snr0__none__n2048__v1__seed13,SYNTHETIC,profiles_c162_v1_worker_a,attempts/697c1c0f01b8e9a8bb20__ynthetic.df_synthetic_bank.c128.v1.multiband__ar1__snr0__none__n2048__v1__seed13/attempt-1/profile.jsonl,COMPLETED,1,True,202956,NOT_INSPECTED_RESOURCE_CAP,,,,,
synthetic.df_synthetic_bank.c128.v1.multiband__ar1__snr10__none__n2048__v1__seed12,SYNTHETIC,profiles_c162_v1_worker_a,attempts/f1b8b47b8a4c27d122ea__nthetic.df_synthetic_bank.c128.v1.multiband__ar1__snr10__none__n2048__v1__seed12/attempt-1/profile.jsonl,COMPLETED,1,True,203230,NOT_INSPECTED_RESOURCE_CAP,,,,,
synthetic.df_synthetic_bank.c128.v1.multiband__ar1__snr10__none__n2048__v1__seed13,SYNTHETIC,profiles_c162_v1_worker_a,attempts/d2976389e994fa3f8d2e__nthetic.df_synthetic_bank.c128.v1.multiband__ar1__snr10__none__n2048__v1__seed13/attempt-1/profile.jsonl,COMPLETED,1,True,203272,NOT_INSPECTED_RESOURCE_CAP,,,,,
synthetic.df_synthetic_bank.c128.v1.multiband__ar1__snr20__none__n2048__v1__seed12,SYNTHETIC,profiles_c162_v1_worker_a,attempts/611e3c5b1aa3a93ee3a1__nthetic.df_synthetic_bank.c128.v1.multiband__ar1__snr20__none__n2048__v1__seed12/attempt-1/profile.jsonl,COMPLETED,1,True,203176,NOT_INSPECTED_RESOURCE_CAP,,,,,
synthetic.df_synthetic_bank.c128.v1.multiband__ar1__snr5__none__n2048__v1__seed11,SYNTHETIC,profiles_c162_v1_worker_a,attempts/a368665d12187812e971__ynthetic.df_synthetic_bank.c128.v1.multiband__ar1__snr5__none__n2048__v1__seed11/attempt-1/profile.jsonl,COMPLETED,1,True,202998,NOT_INSPECTED_RESOURCE_CAP,,,,,
synthetic.df_synthetic_bank.c128.v1.multiband__ar1__snr5__none__n2048__v1__seed13,SYNTHETIC,profiles_c162_v1_worker_a,attempts/03cb5e49d541d399e092__ynthetic.df_synthetic_bank.c128.v1.multiband__ar1__snr5__none__n2048__v1__seed13/attempt-1/profile.jsonl,COMPLETED,1,True,203016,NOT_INSPECTED_RESOURCE_CAP,,,,,
synthetic.df_synthetic_bank.c128.v1.multiband__ar1__snrinf__none__n2048__v1__seed11,SYNTHETIC,profiles_c162_v1_worker_a,attempts/75b7958eabf52b64a966__thetic.df_synthetic_bank.c128.v1.multiband__ar1__snrinf__none__n2048__v1__seed11/attempt-1/profile.jsonl,COMPLETED,1,True,203436,NOT_INSPECTED_RESOURCE_CAP,,,,,
synthetic.df_synthetic_bank.c128.v1.multiband__ar1__snrinf__none__n2048__v1__seed13,SYNTHETIC,profiles_c162_v1_worker_a,attempts/3d45e890444299eff315__thetic.df_synthetic_bank.c128.v1.multiband__ar1__snrinf__none__n2048__v1__seed13/attempt-1/profile.jsonl,COMPLETED,1,True,203472,NOT_INSPECTED_RESOURCE_CAP,,,,,
synthetic.df_synthetic_bank.c128.v1.multiband__contaminated__snr-5__none__n2048__v1__seed12,SYNTHETIC,profiles_c162_v1_worker_a,attempts/72e6e3d2f745133af8f7__f_synthetic_bank.c128.v1.multiband__contaminated__snr-5__none__n2048__v1__seed12/attempt-1/profile.jsonl,COMPLETED,1,True,205503,NOT_INSPECTED_RESOURCE_CAP,,,,,
synthetic.df_synthetic_bank.c128.v1.multiband__contaminated__snr0__none__n2048__v1__seed11,SYNTHETIC,profiles_c162_v1_worker_a,attempts/b5a794c5721c69b12fbd__df_synthetic_bank.c128.v1.multiband__contaminated__snr0__none__n2048__v1__seed11/attempt-1/profile.jsonl,COMPLETED,1,True,205290,NOT_INSPECTED_RESOURCE_CAP,,,,,
synthetic.df_synthetic_bank.c128.v1.multiband__contaminated__snr0__none__n2048__v1__seed12,SYNTHETIC,profiles_c162_v1_worker_a,attempts/fbe08e7d19df81896b4d__df_synthetic_bank.c128.v1.multiband__contaminated__snr0__none__n2048__v1__seed12/attempt-1/profile.jsonl,COMPLETED,1,True,205304,NOT_INSPECTED_RESOURCE_CAP,,,,,
synthetic.df_synthetic_bank.c128.v1.multiband__contaminated__snr10__none__n2048__v1__seed11,SYNTHETIC,profiles_c162_v1_worker_a,attempts/e1f68039b8896de1ef84__f_synthetic_bank.c128.v1.multiband__contaminated__snr10__none__n2048__v1__seed11/attempt-1/profile.jsonl,COMPLETED,1,True,205520,NOT_INSPECTED_RESOURCE_CAP,,,,,
synthetic.df_synthetic_bank.c128.v1.multiband__contaminated__snr10__none__n2048__v1__seed13,SYNTHETIC,profiles_c162_v1_worker_a,attempts/4ca419bb3778788529c9__f_synthetic_bank.c128.v1.multiband__contaminated__snr10__none__n2048__v1__seed13/attempt-1/profile.jsonl,COMPLETED,1,True,205454,NOT_INSPECTED_RESOURCE_CAP,,,,,
synthetic.df_synthetic_bank.c128.v1.multiband__contaminated__snr20__none__n2048__v1__seed12,SYNTHETIC,profiles_c162_v1_worker_a,attempts/b2b1b11a9ca03f9fa4d6__f_synthetic_bank.c128.v1.multiband__contaminated__snr20__none__n2048__v1__seed12/attempt-1/profile.jsonl,COMPLETED,1,True,205552,NOT_INSPECTED_RESOURCE_CAP,,,,,
synthetic.df_synthetic_bank.c128.v1.multiband__contaminated__snr20__none__n2048__v1__seed13,SYNTHETIC,profiles_c162_v1_worker_a,attempts/4b18e282f72525cdcc08__f_synthetic_bank.c128.v1.multiband__contaminated__snr20__none__n2048__v1__seed13/attempt-1/profile.jsonl,COMPLETED,1,True,205454,NOT_INSPECTED_RESOURCE_CAP,,,,,
synthetic.df_synthetic_bank.c128.v1.multiband__contaminated__snr5__none__n2048__v1__seed12,SYNTHETIC,profiles_c162_v1_worker_a,attempts/52c1f4e339850f2fdede__df_synthetic_bank.c128.v1.multiband__contaminated__snr5__none__n2048__v1__seed12/attempt-1/profile.jsonl,COMPLETED,1,True,205290,NOT_INSPECTED_RESOURCE_CAP,,,,,
synthetic.df_synthetic_bank.c128.v1.multiband__contaminated__snrinf__none__n2048__v1__seed11,SYNTHETIC,profiles_c162_v1_worker_a,attempts/9da4c76d196d27d5d55e___synthetic_bank.c128.v1.multiband__contaminated__snrinf__none__n2048__v1__seed11/attempt-1/profile.jsonl,COMPLETED,1,True,205811,NOT_INSPECTED_RESOURCE_CAP,,,,,
synthetic.df_synthetic_bank.c128.v1.multiband__contaminated__snrinf__none__n2048__v1__seed13,SYNTHETIC,profiles_c162_v1_worker_a,attempts/3813e0abf8e2ae9fd780___synthetic_bank.c128.v1.multiband__contaminated__snrinf__none__n2048__v1__seed13/attempt-1/profile.jsonl,COMPLETED,1,True,205793,NOT_INSPECTED_RESOURCE_CAP,,,,,
synthetic.df_synthetic_bank.c128.v1.multiband__correlated__snr-5__none__n2048__v3__seed11,SYNTHETIC,profiles_c162_v1_worker_a,attempts/f333f478ec7df068c08b__.df_synthetic_bank.c128.v1.multiband__correlated__snr-5__none__n2048__v3__seed11/attempt-1/profile.jsonl,COMPLETED,3,True,698032,NOT_INSPECTED_RESOURCE_CAP,,,,,
synthetic.df_synthetic_bank.c128.v1.multiband__correlated__snr-5__none__n2048__v3__seed13,SYNTHETIC,profiles_c162_v1_worker_a,attempts/cad46f163d9ed0b55064__.df_synthetic_bank.c128.v1.multiband__correlated__snr-5__none__n2048__v3__seed13/attempt-1/profile.jsonl,COMPLETED,3,True,697776,NOT_INSPECTED_RESOURCE_CAP,,,,,
synthetic.df_synthetic_bank.c128.v1.multiband__correlated__snr0__none__n2048__v3__seed12,SYNTHETIC,profiles_c162_v1_worker_a,attempts/55732ec203826604dba1__c.df_synthetic_bank.c128.v1.multiband__correlated__snr0__none__n2048__v3__seed12/attempt-1/profile.jsonl,COMPLETED,3,True,697085,NOT_INSPECTED_RESOURCE_CAP,,,,,
synthetic.df_synthetic_bank.c128.v1.multiband__correlated__snr10__none__n2048__v3__seed11,SYNTHETIC,profiles_c162_v1_worker_a,attempts/a84816bc4f0327c2e35b__.df_synthetic_bank.c128.v1.multiband__correlated__snr10__none__n2048__v3__seed11/attempt-1/profile.jsonl,COMPLETED,3,True,698292,NOT_INSPECTED_RESOURCE_CAP,,,,,
synthetic.df_synthetic_bank.c128.v1.multiband__correlated__snr10__none__n2048__v3__seed12,SYNTHETIC,profiles_c162_v1_worker_a,attempts/ec1d601ae437cfc028ff__.df_synthetic_bank.c128.v1.multiband__correlated__snr10__none__n2048__v3__seed12/attempt-1/profile.jsonl,COMPLETED,3,True,698079,NOT_INSPECTED_RESOURCE_CAP,,,,,
synthetic.df_synthetic_bank.c128.v1.multiband__correlated__snr20__none__n2048__v3__seed11,SYNTHETIC,profiles_c162_v1_worker_a,attempts/3e409d08f1c9b2a7e3d8__.df_synthetic_bank.c128.v1.multiband__correlated__snr20__none__n2048__v3__seed11/attempt-1/profile.jsonl,COMPLETED,3,True,698300,NOT_INSPECTED_RESOURCE_CAP,,,,,
synthetic.df_synthetic_bank.c128.v1.multiband__correlated__snr20__none__n2048__v3__seed13,SYNTHETIC,profiles_c162_v1_worker_a,attempts/e16f51049de6a5dcd796__.df_synthetic_bank.c128.v1.multiband__correlated__snr20__none__n2048__v3__seed13/attempt-1/profile.jsonl,COMPLETED,3,True,698059,NOT_INSPECTED_RESOURCE_CAP,,,,,
synthetic.df_synthetic_bank.c128.v1.multiband__correlated__snr5__none__n2048__v3__seed12,SYNTHETIC,profiles_c162_v1_worker_a,attempts/6d9072818268b4618768__c.df_synthetic_bank.c128.v1.multiband__correlated__snr5__none__n2048__v3__seed12/attempt-1/profile.jsonl,COMPLETED,3,True,697302,NOT_INSPECTED_RESOURCE_CAP,,,,,
synthetic.df_synthetic_bank.c128.v1.multiband__correlated__snr5__none__n2048__v3__seed13,SYNTHETIC,profiles_c162_v1_worker_a,attempts/b9bac5ed4624f338d05b__c.df_synthetic_bank.c128.v1.multiband__correlated__snr5__none__n2048__v3__seed13/attempt-1/profile.jsonl,COMPLETED,3,True,697258,NOT_INSPECTED_RESOURCE_CAP,,,,,
synthetic.df_synthetic_bank.c128.v1.multiband__correlated__snrinf__none__n2048__v3__seed12,SYNTHETIC,profiles_c162_v1_worker_a,attempts/3d9be12f17c7f8afd488__df_synthetic_bank.c128.v1.multiband__correlated__snrinf__none__n2048__v3__seed12/attempt-1/profile.jsonl,COMPLETED,3,True,699131,NOT_INSPECTED_RESOURCE_CAP,,,,,
synthetic.df_synthetic_bank.c128.v1.multiband__heteroscedastic__snr-5__none__n2048__v1__seed11,SYNTHETIC,profiles_c162_v1_worker_a,attempts/e5d9c2b62d345f35caf7__ynthetic_bank.c128.v1.multiband__heteroscedastic__snr-5__none__n2048__v1__seed11/attempt-1/profile.jsonl,COMPLETED,1,True,206369,NOT_INSPECTED_RESOURCE_CAP,,,,,
synthetic.df_synthetic_bank.c128.v1.multiband__heteroscedastic__snr-5__none__n2048__v1__seed13,SYNTHETIC,profiles_c162_v1_worker_a,attempts/e19c6aaa9b1d3d58521b__ynthetic_bank.c128.v1.multiband__heteroscedastic__snr-5__none__n2048__v1__seed13/attempt-1/profile.jsonl,COMPLETED,1,True,206284,NOT_INSPECTED_RESOURCE_CAP,,,,,
synthetic.df_synthetic_bank.c128.v1.multiband__heteroscedastic__snr0__none__n2048__v1__seed11,SYNTHETIC,profiles_c162_v1_worker_a,attempts/96cb13ffdbf44c0a516f__synthetic_bank.c128.v1.multiband__heteroscedastic__snr0__none__n2048__v1__seed11/attempt-1/profile.jsonl,COMPLETED,1,True,206118,NOT_INSPECTED_RESOURCE_CAP,,,,,
synthetic.df_synthetic_bank.c128.v1.multiband__heteroscedastic__snr0__none__n2048__v1__seed13,SYNTHETIC,profiles_c162_v1_worker_a,attempts/c5cc4782de23e2e8cfc1__synthetic_bank.c128.v1.multiband__heteroscedastic__snr0__none__n2048__v1__seed13/attempt-1/profile.jsonl,COMPLETED,1,True,205998,NOT_INSPECTED_RESOURCE_CAP,,,,,
synthetic.df_synthetic_bank.c128.v1.multiband__heteroscedastic__snr10__none__n2048__v1__seed12,SYNTHETIC,profiles_c162_v1_worker_a,attempts/2b4df8938a87b2bf5243__ynthetic_bank.c128.v1.multiband__heteroscedastic__snr10__none__n2048__v1__seed12/attempt-1/profile.jsonl,COMPLETED,1,True,206330,NOT_INSPECTED_RESOURCE_CAP,,,,,
synthetic.df_synthetic_bank.c128.v1.multiband__heteroscedastic__snr20__none__n2048__v1__seed11,SYNTHETIC,profiles_c162_v1_worker_a,attempts/9583525085736f78cc67__ynthetic_bank.c128.v1.multiband__heteroscedastic__snr20__none__n2048__v1__seed11/attempt-1/profile.jsonl,COMPLETED,1,True,206328,NOT_INSPECTED_RESOURCE_CAP,,,,,
synthetic.df_synthetic_bank.c128.v1.multiband__heteroscedastic__snr20__none__n2048__v1__seed12,SYNTHETIC,profiles_c162_v1_worker_a,attempts/6b62650e5513d1af38b1__ynthetic_bank.c128.v1.multiband__heteroscedastic__snr20__none__n2048__v1__seed12/attempt-1/profile.jsonl,COMPLETED,1,True,206277,NOT_INSPECTED_RESOURCE_CAP,,,,,
synthetic.df_synthetic_bank.c128.v1.multiband__heteroscedastic__snr5__none__n2048__v1__seed11,SYNTHETIC,profiles_c162_v1_worker_a,attempts/ca811f8315262d027091__synthetic_bank.c128.v1.multiband__heteroscedastic__snr5__none__n2048__v1__seed11/attempt-1/profile.jsonl,COMPLETED,1,True,206058,NOT_INSPECTED_RESOURCE_CAP,,,,,
synthetic.df_synthetic_bank.c128.v1.multiband__heteroscedastic__snr5__none__n2048__v1__seed13,SYNTHETIC,profiles_c162_v1_worker_a,attempts/716b6ec7aa558eb9ce25__synthetic_bank.c128.v1.multiband__heteroscedastic__snr5__none__n2048__v1__seed13/attempt-1/profile.jsonl,COMPLETED,1,True,206023,NOT_INSPECTED_RESOURCE_CAP,,,,,
synthetic.df_synthetic_bank.c128.v1.multiband__heteroscedastic__snrinf__none__n2048__v1__seed12,SYNTHETIC,profiles_c162_v1_worker_a,attempts/78fe5464829104d0d502__nthetic_bank.c128.v1.multiband__heteroscedastic__snrinf__none__n2048__v1__seed12/attempt-1/profile.jsonl,COMPLETED,1,True,206603,NOT_INSPECTED_RESOURCE_CAP,,,,,
synthetic.df_synthetic_bank.c128.v1.multiband__heteroscedastic__snrinf__none__n2048__v1__seed13,SYNTHETIC,profiles_c162_v1_worker_a,attempts/0b2b9ecd47e0c13afd64__nthetic_bank.c128.v1.multiband__heteroscedastic__snrinf__none__n2048__v1__seed13/attempt-1/profile.jsonl,COMPLETED,1,True,206556,NOT_INSPECTED_RESOURCE_CAP,,,,,
synthetic.df_synthetic_bank.c128.v1.multiband__pink__snr-5__none__n2048__v1__seed12,SYNTHETIC,profiles_c162_v1_worker_a,attempts/ee32132ee4e169a46787__thetic.df_synthetic_bank.c128.v1.multiband__pink__snr-5__none__n2048__v1__seed12/attempt-1/profile.jsonl,COMPLETED,1,True,203508,NOT_INSPECTED_RESOURCE_CAP,,,,,
synthetic.df_synthetic_bank.c128.v1.multiband__pink__snr0__none__n2048__v1__seed11,SYNTHETIC,profiles_c162_v1_worker_a,attempts/a60e7c7dd97ab4e5972f__nthetic.df_synthetic_bank.c128.v1.multiband__pink__snr0__none__n2048__v1__seed11/attempt-1/profile.jsonl,COMPLETED,1,True,203208,NOT_INSPECTED_RESOURCE_CAP,,,,,
synthetic.df_synthetic_bank.c128.v1.multiband__pink__snr0__none__n2048__v1__seed13,SYNTHETIC,profiles_c162_v1_worker_a,attempts/a8bfd9cff4e3a83e427c__nthetic.df_synthetic_bank.c128.v1.multiband__pink__snr0__none__n2048__v1__seed13/attempt-1/profile.jsonl,COMPLETED,1,True,203229,NOT_INSPECTED_RESOURCE_CAP,,,,,
synthetic.df_synthetic_bank.c128.v1.multiband__pink__snr10__none__n2048__v1__seed11,SYNTHETIC,profiles_c162_v1_worker_a,attempts/ced433e713443db88f28__thetic.df_synthetic_bank.c128.v1.multiband__pink__snr10__none__n2048__v1__seed11/attempt-1/profile.jsonl,COMPLETED,1,True,203479,NOT_INSPECTED_RESOURCE_CAP,,,,,
synthetic.df_synthetic_bank.c128.v1.multiband__pink__snr10__none__n2048__v1__seed13,SYNTHETIC,profiles_c162_v1_worker_a,attempts/4bf1e12334d9381c5e9f__thetic.df_synthetic_bank.c128.v1.multiband__pink__snr10__none__n2048__v1__seed13/attempt-1/profile.jsonl,COMPLETED,1,True,203489,NOT_INSPECTED_RESOURCE_CAP,,,,,
synthetic.df_synthetic_bank.c128.v1.multiband__pink__snr20__none__n2048__v1__seed12,SYNTHETIC,profiles_c162_v1_worker_a,attempts/8fd119cad6bab8635455__thetic.df_synthetic_bank.c128.v1.multiband__pink__snr20__none__n2048__v1__seed12/attempt-1/profile.jsonl,COMPLETED,1,True,203484,NOT_INSPECTED_RESOURCE_CAP,,,,,
synthetic.df_synthetic_bank.c128.v1.multiband__pink__snr5__none__n2048__v1__seed11,SYNTHETIC,profiles_c162_v1_worker_a,attempts/f5bfb4733828289f9204__nthetic.df_synthetic_bank.c128.v1.multiband__pink__snr5__none__n2048__v1__seed11/attempt-1/profile.jsonl,COMPLETED,1,True,203291,NOT_INSPECTED_RESOURCE_CAP,,,,,
synthetic.df_synthetic_bank.c128.v1.multiband__pink__snr5__none__n2048__v1__seed12,SYNTHETIC,profiles_c162_v1_worker_a,attempts/1e8d792ae4004b647ffe__nthetic.df_synthetic_bank.c128.v1.multiband__pink__snr5__none__n2048__v1__seed12/attempt-1/profile.jsonl,COMPLETED,1,True,203210,NOT_INSPECTED_RESOURCE_CAP,,,,,
synthetic.df_synthetic_bank.c128.v1.multiband__pink__snrinf__none__n2048__v1__seed11,SYNTHETIC,profiles_c162_v1_worker_a,attempts/eaf827fd7888cb8c3727__hetic.df_synthetic_bank.c128.v1.multiband__pink__snrinf__none__n2048__v1__seed11/attempt-1/profile.jsonl,COMPLETED,1,True,203737,NOT_INSPECTED_RESOURCE_CAP,,,,,
synthetic.df_synthetic_bank.c128.v1.multiband__pink__snrinf__none__n2048__v1__seed13,SYNTHETIC,profiles_c162_v1_worker_a,attempts/4f1b9beefa5ac6bca681__hetic.df_synthetic_bank.c128.v1.multiband__pink__snrinf__none__n2048__v1__seed13/attempt-1/profile.jsonl,COMPLETED,1,True,203720,NOT_INSPECTED_RESOURCE_CAP,,,,,
synthetic.df_synthetic_bank.c128.v1.multiband__student_t__snr-5__none__n2048__v1__seed12,SYNTHETIC,profiles_c162_v1_worker_a,attempts/af4bc70e4143a5bfe076__c.df_synthetic_bank.c128.v1.multiband__student_t__snr-5__none__n2048__v1__seed12/attempt-1/profile.jsonl,COMPLETED,1,True,204869,NOT_INSPECTED_RESOURCE_CAP,,,,,
synthetic.df_synthetic_bank.c128.v1.multiband__student_t__snr-5__none__n2048__v1__seed13,SYNTHETIC,profiles_c162_v1_worker_a,attempts/5769178b6d7d6d551ce0__c.df_synthetic_bank.c128.v1.multiband__student_t__snr-5__none__n2048__v1__seed13/attempt-1/profile.jsonl,COMPLETED,1,True,204964,NOT_INSPECTED_RESOURCE_CAP,,,,,
synthetic.df_synthetic_bank.c128.v1.multiband__student_t__snr0__none__n2048__v1__seed12,SYNTHETIC,profiles_c162_v1_worker_a,attempts/6c14dc8b7917cd52b7ee__ic.df_synthetic_bank.c128.v1.multiband__student_t__snr0__none__n2048__v1__seed12/attempt-1/profile.jsonl,COMPLETED,1,True,204566,NOT_INSPECTED_RESOURCE_CAP,,,,,
synthetic.df_synthetic_bank.c128.v1.multiband__student_t__snr10__none__n2048__v1__seed11,SYNTHETIC,profiles_c162_v1_worker_a,attempts/0fb62e4e630515e25c7f__c.df_synthetic_bank.c128.v1.multiband__student_t__snr10__none__n2048__v1__seed11/attempt-1/profile.jsonl,COMPLETED,1,True,204791,NOT_INSPECTED_RESOURCE_CAP,,,,,
synthetic.df_synthetic_bank.c128.v1.multiband__student_t__snr10__none__n2048__v1__seed13,SYNTHETIC,profiles_c162_v1_worker_a,attempts/d0c111a872d0729021db__c.df_synthetic_bank.c128.v1.multiband__student_t__snr10__none__n2048__v1__seed13/attempt-1/profile.jsonl,COMPLETED,1,True,204826,NOT_INSPECTED_RESOURCE_CAP,,,,,
synthetic.df_synthetic_bank.c128.v1.multiband__student_t__snr20__none__n2048__v1__seed11,SYNTHETIC,profiles_c162_v1_worker_a,attempts/6109a77b0dc216f4d618__c.df_synthetic_bank.c128.v1.multiband__student_t__snr20__none__n2048__v1__seed11/attempt-1/profile.jsonl,COMPLETED,1,True,204853,NOT_INSPECTED_RESOURCE_CAP,,,,,
synthetic.df_synthetic_bank.c128.v1.multiband__student_t__snr20__none__n2048__v1__seed13,SYNTHETIC,profiles_c162_v1_worker_a,attempts/1c3a3b375b5a4bc73bab__c.df_synthetic_bank.c128.v1.multiband__student_t__snr20__none__n2048__v1__seed13/attempt-1/profile.jsonl,COMPLETED,1,True,204762,NOT_INSPECTED_RESOURCE_CAP,,,,,
synthetic.df_synthetic_bank.c128.v1.multiband__student_t__snr5__none__n2048__v1__seed12,SYNTHETIC,profiles_c162_v1_worker_a,attempts/387a27fe6d2be07b3e9b__ic.df_synthetic_bank.c128.v1.multiband__student_t__snr5__none__n2048__v1__seed12/attempt-1/profile.jsonl,COMPLETED,1,True,204591,NOT_INSPECTED_RESOURCE_CAP,,,,,
synthetic.df_synthetic_bank.c128.v1.multiband__student_t__snrinf__none__n2048__v1__seed11,SYNTHETIC,profiles_c162_v1_worker_a,attempts/1bd3eb526c1db556ac5d__.df_synthetic_bank.c128.v1.multiband__student_t__snrinf__none__n2048__v1__seed11/attempt-1/profile.jsonl,COMPLETED,1,True,205033,NOT_INSPECTED_RESOURCE_CAP,,,,,
synthetic.df_synthetic_bank.c128.v1.multiband__student_t__snrinf__none__n2048__v1__seed12,SYNTHETIC,profiles_c162_v1_worker_a,attempts/8f6e068b990e9ab4643f__.df_synthetic_bank.c128.v1.multiband__student_t__snrinf__none__n2048__v1__seed12/attempt-1/profile.jsonl,COMPLETED,1,True,205008,NOT_INSPECTED_RESOURCE_CAP,,,,,
synthetic.df_synthetic_bank.c128.v1.multiband__white__snr-5__none__n2048__v1__seed11,SYNTHETIC,profiles_c162_v1_worker_a,attempts/bc0f30acad7ffe9811a7__hetic.df_synthetic_bank.c128.v1.multiband__white__snr-5__none__n2048__v1__seed11/attempt-1/profile.jsonl,COMPLETED,1,True,203723,NOT_INSPECTED_RESOURCE_CAP,,,,,
synthetic.df_synthetic_bank.c128.v1.multiband__white__snr-5__none__n2048__v1__seed13,SYNTHETIC,profiles_c162_v1_worker_a,attempts/2d8a9efb8fb9ffd66d0d__hetic.df_synthetic_bank.c128.v1.multiband__white__snr-5__none__n2048__v1__seed13/attempt-1/profile.jsonl,COMPLETED,1,True,203721,NOT_INSPECTED_RESOURCE_CAP,,,,,
synthetic.df_synthetic_bank.c128.v1.multiband__white__snr0__none__n2048__v1__seed12,SYNTHETIC,profiles_c162_v1_worker_a,attempts/26fb6bfd7e48334d30e9__thetic.df_synthetic_bank.c128.v1.multiband__white__snr0__none__n2048__v1__seed12/attempt-1/profile.jsonl,COMPLETED,1,True,203495,NOT_INSPECTED_RESOURCE_CAP,,,,,
synthetic.df_synthetic_bank.c128.v1.multiband__white__snr0__none__n2048__v1__seed13,SYNTHETIC,profiles_c162_v1_worker_a,attempts/3186946043c0f9dfc3c7__thetic.df_synthetic_bank.c128.v1.multiband__white__snr0__none__n2048__v1__seed13/attempt-1/profile.jsonl,COMPLETED,1,True,203606,NOT_INSPECTED_RESOURCE_CAP,,,,,
synthetic.df_synthetic_bank.c128.v1.multiband__white__snr10__none__n2048__v1__seed12,SYNTHETIC,profiles_c162_v1_worker_a,attempts/6a0de807abcd738465bf__hetic.df_synthetic_bank.c128.v1.multiband__white__snr10__none__n2048__v1__seed12/attempt-1/profile.jsonl,COMPLETED,1,True,203756,NOT_INSPECTED_RESOURCE_CAP,,,,,
synthetic.df_synthetic_bank.c128.v1.multiband__white__snr20__none__n2048__v1__seed11,SYNTHETIC,profiles_c162_v1_worker_a,attempts/8d7c5f4b160b592032d1__hetic.df_synthetic_bank.c128.v1.multiband__white__snr20__none__n2048__v1__seed11/attempt-1/profile.jsonl,COMPLETED,1,True,203699,NOT_INSPECTED_RESOURCE_CAP,,,,,
synthetic.df_synthetic_bank.c128.v1.multiband__white__snr20__none__n2048__v1__seed13,SYNTHETIC,profiles_c162_v1_worker_a,attempts/a40c26e844153eddd6ed__hetic.df_synthetic_bank.c128.v1.multiband__white__snr20__none__n2048__v1__seed13/attempt-1/profile.jsonl,COMPLETED,1,True,203781,NOT_INSPECTED_RESOURCE_CAP,,,,,
synthetic.df_synthetic_bank.c128.v1.multiband__white__snr5__none__n2048__v1__seed11,SYNTHETIC,profiles_c162_v1_worker_a,attempts/11f18e43bb51ec67c66c__thetic.df_synthetic_bank.c128.v1.multiband__white__snr5__none__n2048__v1__seed11/attempt-1/profile.jsonl,COMPLETED,1,True,203479,NOT_INSPECTED_RESOURCE_CAP,,,,,
synthetic.df_synthetic_bank.c128.v1.multiband__white__snr5__none__n2048__v1__seed13,SYNTHETIC,profiles_c162_v1_worker_a,attempts/de07c1eb02e19ecc451f__thetic.df_synthetic_bank.c128.v1.multiband__white__snr5__none__n2048__v1__seed13/attempt-1/profile.jsonl,COMPLETED,1,True,203482,NOT_INSPECTED_RESOURCE_CAP,,,,,
synthetic.df_synthetic_bank.c128.v1.multiband__white__snrinf__none__n2048__v1__seed12,SYNTHETIC,profiles_c162_v1_worker_a,attempts/519d482273ca4ead0659__etic.df_synthetic_bank.c128.v1.multiband__white__snrinf__none__n2048__v1__seed12/attempt-1/profile.jsonl,COMPLETED,1,True,203987,NOT_INSPECTED_RESOURCE_CAP,,,,,
synthetic.df_synthetic_bank.c128.v1.multivariate__white__snr-5__none__n2048__v3__seed11,SYNTHETIC,profiles_c162_v1_worker_a,attempts/ede0d3daa910c8b96ab8__ic.df_synthetic_bank.c128.v1.multivariate__white__snr-5__none__n2048__v3__seed11/attempt-1/profile.jsonl,COMPLETED,3,True,696166,NOT_INSPECTED_RESOURCE_CAP,,,,,
synthetic.df_synthetic_bank.c128.v1.multivariate__white__snr-5__none__n2048__v3__seed12,SYNTHETIC,profiles_c162_v1_worker_a,attempts/04b0b044b333fc6b3f08__ic.df_synthetic_bank.c128.v1.multivariate__white__snr-5__none__n2048__v3__seed12/attempt-1/profile.jsonl,COMPLETED,3,True,696168,NOT_INSPECTED_RESOURCE_CAP,,,,,
synthetic.df_synthetic_bank.c128.v1.multivariate__white__snr0__none__n2048__v3__seed11,SYNTHETIC,profiles_c162_v1_worker_a,attempts/499ad73819f25429bf5e__tic.df_synthetic_bank.c128.v1.multivariate__white__snr0__none__n2048__v3__seed11/attempt-1/profile.jsonl,COMPLETED,3,True,695565,NOT_INSPECTED_RESOURCE_CAP,,,,,
synthetic.df_synthetic_bank.c128.v1.multivariate__white__snr0__none__n2048__v3__seed13,SYNTHETIC,profiles_c162_v1_worker_a,attempts/2e2956efe532f7706870__tic.df_synthetic_bank.c128.v1.multivariate__white__snr0__none__n2048__v3__seed13/attempt-1/profile.jsonl,COMPLETED,3,True,695300,NOT_INSPECTED_RESOURCE_CAP,,,,,
synthetic.df_synthetic_bank.c128.v1.multivariate__white__snr10__blocks__n2048__v3__seed12,SYNTHETIC,profiles_c162_v1_worker_a,attempts/16995e252ee916b463ae__.df_synthetic_bank.c128.v1.multivariate__white__snr10__blocks__n2048__v3__seed12/attempt-1/profile.jsonl,COMPLETED,3,True,699627,NOT_INSPECTED_RESOURCE_CAP,,,,,
synthetic.df_synthetic_bank.c128.v1.multivariate__white__snr10__blocks__n2048__v3__seed13,SYNTHETIC,profiles_c162_v1_worker_a,attempts/02d0955d2f7108cc59e9__.df_synthetic_bank.c128.v1.multivariate__white__snr10__blocks__n2048__v3__seed13/attempt-1/profile.jsonl,COMPLETED,3,True,699845,NOT_INSPECTED_RESOURCE_CAP,,,,,
synthetic.df_synthetic_bank.c128.v1.multivariate__white__snr10__mcar__n2048__v3__seed12,SYNTHETIC,profiles_c162_v1_worker_a,attempts/7ffbbdaa91855e9e7c34__ic.df_synthetic_bank.c128.v1.multivariate__white__snr10__mcar__n2048__v3__seed12/attempt-1/profile.jsonl,COMPLETED,3,True,697914,NOT_INSPECTED_RESOURCE_CAP,,,,,
synthetic.df_synthetic_bank.c128.v1.multivariate__white__snr10__none__n2048__v3__seed11,SYNTHETIC,profiles_c162_v1_worker_a,attempts/6c89524f6577ef84dba7__ic.df_synthetic_bank.c128.v1.multivariate__white__snr10__none__n2048__v3__seed11/attempt-1/profile.jsonl,COMPLETED,3,True,697657,NOT_INSPECTED_RESOURCE_CAP,,,,,
synthetic.df_synthetic_bank.c128.v1.multivariate__white__snr10__none__n2048__v3__seed13,SYNTHETIC,profiles_c162_v1_worker_a,attempts/21a6c235a360a1d1c870__ic.df_synthetic_bank.c128.v1.multivariate__white__snr10__none__n2048__v3__seed13/attempt-1/profile.jsonl,COMPLETED,3,True,697685,NOT_INSPECTED_RESOURCE_CAP,,,,,
synthetic.df_synthetic_bank.c128.v1.multivariate__white__snr20__none__n2048__v3__seed11,SYNTHETIC,profiles_c162_v1_worker_a,attempts/6bd6691ae54e49ad6218__ic.df_synthetic_bank.c128.v1.multivariate__white__snr20__none__n2048__v3__seed11/attempt-1/profile.jsonl,COMPLETED,3,True,697499,NOT_INSPECTED_RESOURCE_CAP,,,,,
synthetic.df_synthetic_bank.c128.v1.multivariate__white__snr20__none__n2048__v3__seed13,SYNTHETIC,profiles_c162_v1_worker_a,attempts/ae644f6670404e1617e2__ic.df_synthetic_bank.c128.v1.multivariate__white__snr20__none__n2048__v3__seed13/attempt-1/profile.jsonl,COMPLETED,3,True,697593,NOT_INSPECTED_RESOURCE_CAP,,,,,
synthetic.df_synthetic_bank.c128.v1.multivariate__white__snr5__none__n2048__v3__seed12,SYNTHETIC,profiles_c162_v1_worker_a,attempts/01901a8646dbf8dc969f__tic.df_synthetic_bank.c128.v1.multivariate__white__snr5__none__n2048__v3__seed12/attempt-1/profile.jsonl,COMPLETED,3,True,696700,NOT_INSPECTED_RESOURCE_CAP,,,,,
synthetic.df_synthetic_bank.c128.v1.multivariate__white__snrinf__none__n2048__v3__seed11,SYNTHETIC,profiles_c162_v1_worker_a,attempts/7e5b0ff0cb7de6b45fca__c.df_synthetic_bank.c128.v1.multivariate__white__snrinf__none__n2048__v3__seed11/attempt-1/profile.jsonl,COMPLETED,3,True,698485,NOT_INSPECTED_RESOURCE_CAP,,,,,
synthetic.df_synthetic_bank.c128.v1.multivariate__white__snrinf__none__n2048__v3__seed12,SYNTHETIC,profiles_c162_v1_worker_a,attempts/d2cf1568c5c6d11c2c1d__c.df_synthetic_bank.c128.v1.multivariate__white__snrinf__none__n2048__v3__seed12/attempt-1/profile.jsonl,COMPLETED,3,True,698223,NOT_INSPECTED_RESOURCE_CAP,,,,,
synthetic.df_synthetic_bank.c128.v1.null__null__snrnan__none__n2048__v1__seed11,SYNTHETIC,profiles_c162_v1_worker_a,attempts/a4db98d33f0406fb4c84__synthetic.df_synthetic_bank.c128.v1.null__null__snrnan__none__n2048__v1__seed11/attempt-1/profile.jsonl,COMPLETED,1,True,201514,NOT_INSPECTED_RESOURCE_CAP,,,,,
synthetic.df_synthetic_bank.c128.v1.null__null__snrnan__none__n2048__v1__seed13,SYNTHETIC,profiles_c162_v1_worker_a,attempts/ae92ebaf1584d1dc1215__synthetic.df_synthetic_bank.c128.v1.null__null__snrnan__none__n2048__v1__seed13/attempt-1/profile.jsonl,COMPLETED,1,True,201538,NOT_INSPECTED_RESOURCE_CAP,,,,,
synthetic.df_synthetic_bank.c128.v1.null__null__snrnan__none__n512__v1__seed12,SYNTHETIC,profiles_c162_v1_worker_a,attempts/7dc98246fb261c4b559b__synthetic.df_synthetic_bank.c128.v1.null__null__snrnan__none__n512__v1__seed12/attempt-1/profile.jsonl,COMPLETED,1,True,201229,NOT_INSPECTED_RESOURCE_CAP,,,,,
synthetic.df_synthetic_bank.c128.v1.null__null__snrnan__none__n512__v1__seed13,SYNTHETIC,profiles_c162_v1_worker_a,attempts/9ec45f361673b17ce9a7__synthetic.df_synthetic_bank.c128.v1.null__null__snrnan__none__n512__v1__seed13/attempt-1/profile.jsonl,COMPLETED,1,True,201312,NOT_INSPECTED_RESOURCE_CAP,,,,,
synthetic.df_synthetic_bank.c128.v1.null__null__snrnan__none__n8192__v1__seed12,SYNTHETIC,profiles_c162_v1_worker_a,attempts/adfb04ca4fd306a3a7c0__synthetic.df_synthetic_bank.c128.v1.null__null__snrnan__none__n8192__v1__seed12/attempt-1/profile.jsonl,COMPLETED,1,True,201484,NOT_INSPECTED_RESOURCE_CAP,,,,,
synthetic.df_synthetic_bank.c128.v1.null__null__snrnan__none__n8192__v1__seed13,SYNTHETIC,profiles_c162_v1_worker_a,attempts/1261c843d7a40e71c912__synthetic.df_synthetic_bank.c128.v1.null__null__snrnan__none__n8192__v1__seed13/attempt-1/profile.jsonl,COMPLETED,1,True,201496,NOT_INSPECTED_RESOURCE_CAP,,,,,
synthetic.df_synthetic_bank.c128.v1.null__white__snr-inf__none__n2048__v1__seed12,SYNTHETIC,profiles_c162_v1_worker_a,attempts/c29054df2971e4dc1510__ynthetic.df_synthetic_bank.c128.v1.null__white__snr-inf__none__n2048__v1__seed12/attempt-1/profile.jsonl,COMPLETED,1,True,203004,NOT_INSPECTED_RESOURCE_CAP,,,,,
synthetic.df_synthetic_bank.c128.v1.null__white__snr-inf__none__n2048__v1__seed13,SYNTHETIC,profiles_c162_v1_worker_a,attempts/a43df6aa9c7fe5947490__ynthetic.df_synthetic_bank.c128.v1.null__white__snr-inf__none__n2048__v1__seed13/attempt-1/profile.jsonl,COMPLETED,1,True,202879,NOT_INSPECTED_RESOURCE_CAP,,,,,
synthetic.df_synthetic_bank.c128.v1.null__white__snr-inf__none__n512__v1__seed12,SYNTHETIC,profiles_c162_v1_worker_a,attempts/4e5ed060ae7fdfb61948__synthetic.df_synthetic_bank.c128.v1.null__white__snr-inf__none__n512__v1__seed12/attempt-1/profile.jsonl,COMPLETED,1,True,202738,NOT_INSPECTED_RESOURCE_CAP,,,,,
synthetic.df_synthetic_bank.c128.v1.null__white__snr-inf__none__n8192__v1__seed12,SYNTHETIC,profiles_c162_v1_worker_a,attempts/0c5182e472732eb54285__ynthetic.df_synthetic_bank.c128.v1.null__white__snr-inf__none__n8192__v1__seed12/attempt-1/profile.jsonl,COMPLETED,1,True,203030,NOT_INSPECTED_RESOURCE_CAP,,,,,
synthetic.df_synthetic_bank.c128.v1.regime_frequency__white__snr-5__none__n2048__v1__seed12,SYNTHETIC,profiles_c162_v1_worker_a,attempts/6592126b2c80f63c4f5f__f_synthetic_bank.c128.v1.regime_frequency__white__snr-5__none__n2048__v1__seed12/attempt-1/profile.jsonl,COMPLETED,1,True,205557,NOT_INSPECTED_RESOURCE_CAP,,,,,
synthetic.df_synthetic_bank.c128.v1.regime_frequency__white__snr0__none__n2048__v1__seed11,SYNTHETIC,profiles_c162_v1_worker_a,attempts/b8d28f2ee2f158f530e5__df_synthetic_bank.c128.v1.regime_frequency__white__snr0__none__n2048__v1__seed11/attempt-1/profile.jsonl,COMPLETED,1,True,205316,NOT_INSPECTED_RESOURCE_CAP,,,,,
synthetic.df_synthetic_bank.c128.v1.regime_frequency__white__snr0__none__n2048__v1__seed13,SYNTHETIC,profiles_c162_v1_worker_a,attempts/167d4f7587f4644ebc3f__df_synthetic_bank.c128.v1.regime_frequency__white__snr0__none__n2048__v1__seed13/attempt-1/profile.jsonl,COMPLETED,1,True,205315,NOT_INSPECTED_RESOURCE_CAP,,,,,
synthetic.df_synthetic_bank.c128.v1.regime_frequency__white__snr10__none__n2048__v1__seed11,SYNTHETIC,profiles_c162_v1_worker_a,attempts/4395bef354eb52fee367__f_synthetic_bank.c128.v1.regime_frequency__white__snr10__none__n2048__v1__seed11/attempt-1/profile.jsonl,COMPLETED,1,True,205533,NOT_INSPECTED_RESOURCE_CAP,,,,,
synthetic.df_synthetic_bank.c128.v1.regime_frequency__white__snr10__none__n2048__v1__seed13,SYNTHETIC,profiles_c162_v1_worker_a,attempts/fc7cde27cacb9f294478__f_synthetic_bank.c128.v1.regime_frequency__white__snr10__none__n2048__v1__seed13/attempt-1/profile.jsonl,COMPLETED,1,True,205655,NOT_INSPECTED_RESOURCE_CAP,,,,,
synthetic.df_synthetic_bank.c128.v1.regime_frequency__white__snr20__none__n2048__v1__seed12,SYNTHETIC,profiles_c162_v1_worker_a,attempts/26fe87e780a1ea6744a5__f_synthetic_bank.c128.v1.regime_frequency__white__snr20__none__n2048__v1__seed12/attempt-1/profile.jsonl,COMPLETED,1,True,205464,NOT_INSPECTED_RESOURCE_CAP,,,,,
synthetic.df_synthetic_bank.c128.v1.regime_frequency__white__snr5__none__n2048__v1__seed11,SYNTHETIC,profiles_c162_v1_worker_a,attempts/94ad1c7ae8ed4704c97b__df_synthetic_bank.c128.v1.regime_frequency__white__snr5__none__n2048__v1__seed11/attempt-1/profile.jsonl,COMPLETED,1,True,205277,NOT_INSPECTED_RESOURCE_CAP,,,,,
synthetic.df_synthetic_bank.c128.v1.regime_frequency__white__snr5__none__n2048__v1__seed12,SYNTHETIC,profiles_c162_v1_worker_a,attempts/bcb6aa514b85168df2ac__df_synthetic_bank.c128.v1.regime_frequency__white__snr5__none__n2048__v1__seed12/attempt-1/profile.jsonl,COMPLETED,1,True,205295,NOT_INSPECTED_RESOURCE_CAP,,,,,
synthetic.df_synthetic_bank.c128.v1.regime_frequency__white__snrinf__none__n2048__v1__seed11,SYNTHETIC,profiles_c162_v1_worker_a,attempts/f080ef9ac4aae4bfa7d5___synthetic_bank.c128.v1.regime_frequency__white__snrinf__none__n2048__v1__seed11/attempt-1/profile.jsonl,COMPLETED,1,True,205757,NOT_INSPECTED_RESOURCE_CAP,,,,,
synthetic.df_synthetic_bank.c128.v1.regime_frequency__white__snrinf__none__n2048__v1__seed13,SYNTHETIC,profiles_c162_v1_worker_a,attempts/679a15bff313898c3ec7___synthetic_bank.c128.v1.regime_frequency__white__snrinf__none__n2048__v1__seed13/attempt-1/profile.jsonl,COMPLETED,1,True,205756,NOT_INSPECTED_RESOURCE_CAP,,,,,
synthetic.df_synthetic_bank.c128.v1.regime_mean__white__snr-5__none__n2048__v1__seed12,SYNTHETIC,profiles_c162_v1_worker_a,attempts/cf7fc5853a9319f5717e__tic.df_synthetic_bank.c128.v1.regime_mean__white__snr-5__none__n2048__v1__seed12/attempt-1/profile.jsonl,COMPLETED,1,True,204268,NOT_INSPECTED_RESOURCE_CAP,,,,,
synthetic.df_synthetic_bank.c128.v1.regime_mean__white__snr-5__none__n2048__v1__seed13,SYNTHETIC,profiles_c162_v1_worker_a,attempts/7918629bcbc4e67dbb24__tic.df_synthetic_bank.c128.v1.regime_mean__white__snr-5__none__n2048__v1__seed13/attempt-1/profile.jsonl,COMPLETED,1,True,204293,NOT_INSPECTED_RESOURCE_CAP,,,,,
synthetic.df_synthetic_bank.c128.v1.regime_mean__white__snr0__none__n2048__v1__seed12,SYNTHETIC,profiles_c162_v1_worker_a,attempts/574e59ec6d924511a94f__etic.df_synthetic_bank.c128.v1.regime_mean__white__snr0__none__n2048__v1__seed12/attempt-1/profile.jsonl,COMPLETED,1,True,203992,NOT_INSPECTED_RESOURCE_CAP,,,,,
synthetic.df_synthetic_bank.c128.v1.regime_mean__white__snr10__none__n2048__v1__seed11,SYNTHETIC,profiles_c162_v1_worker_a,attempts/52dfae3b3a208dd75202__tic.df_synthetic_bank.c128.v1.regime_mean__white__snr10__none__n2048__v1__seed11/attempt-1/profile.jsonl,COMPLETED,1,True,204243,NOT_INSPECTED_RESOURCE_CAP,,,,,
synthetic.df_synthetic_bank.c128.v1.regime_mean__white__snr10__none__n2048__v1__seed13,SYNTHETIC,profiles_c162_v1_worker_a,attempts/043ddc9e0aaf3c2fc26e__tic.df_synthetic_bank.c128.v1.regime_mean__white__snr10__none__n2048__v1__seed13/attempt-1/profile.jsonl,COMPLETED,1,True,204208,NOT_INSPECTED_RESOURCE_CAP,,,,,
synthetic.df_synthetic_bank.c128.v1.regime_mean__white__snr20__none__n2048__v1__seed11,SYNTHETIC,profiles_c162_v1_worker_a,attempts/b8dcfd2fdbe072f208cd__tic.df_synthetic_bank.c128.v1.regime_mean__white__snr20__none__n2048__v1__seed11/attempt-1/profile.jsonl,COMPLETED,1,True,204251,NOT_INSPECTED_RESOURCE_CAP,,,,,
synthetic.df_synthetic_bank.c128.v1.regime_mean__white__snr20__none__n2048__v1__seed13,SYNTHETIC,profiles_c162_v1_worker_a,attempts/b4ba3b2610c152ffe212__tic.df_synthetic_bank.c128.v1.regime_mean__white__snr20__none__n2048__v1__seed13/attempt-1/profile.jsonl,COMPLETED,1,True,204195,NOT_INSPECTED_RESOURCE_CAP,,,,,
synthetic.df_synthetic_bank.c128.v1.regime_mean__white__snr5__none__n2048__v1__seed12,SYNTHETIC,profiles_c162_v1_worker_a,attempts/2a79a4430a5b58637ce5__etic.df_synthetic_bank.c128.v1.regime_mean__white__snr5__none__n2048__v1__seed12/attempt-1/profile.jsonl,COMPLETED,1,True,204023,NOT_INSPECTED_RESOURCE_CAP,,,,,
synthetic.df_synthetic_bank.c128.v1.regime_mean__white__snrinf__none__n2048__v1__seed11,SYNTHETIC,profiles_c162_v1_worker_a,attempts/95de4b09906e28fd7bf6__ic.df_synthetic_bank.c128.v1.regime_mean__white__snrinf__none__n2048__v1__seed11/attempt-1/profile.jsonl,COMPLETED,1,True,204557,NOT_INSPECTED_RESOURCE_CAP,,,,,
synthetic.df_synthetic_bank.c128.v1.regime_mean__white__snrinf__none__n2048__v1__seed12,SYNTHETIC,profiles_c162_v1_worker_a,attempts/44a737cd8f3e8038e3d8__ic.df_synthetic_bank.c128.v1.regime_mean__white__snrinf__none__n2048__v1__seed12/attempt-1/profile.jsonl,COMPLETED,1,True,204475,NOT_INSPECTED_RESOURCE_CAP,,,,,
synthetic.df_synthetic_bank.c128.v1.regime_variance__white__snr-5__none__n2048__v1__seed11,SYNTHETIC,profiles_c162_v1_worker_a,attempts/3cf8eb6f0c80dac22d8a__df_synthetic_bank.c128.v1.regime_variance__white__snr-5__none__n2048__v1__seed11/attempt-1/profile.jsonl,COMPLETED,1,True,205330,NOT_INSPECTED_RESOURCE_CAP,,,,,
synthetic.df_synthetic_bank.c128.v1.regime_variance__white__snr-5__none__n2048__v1__seed13,SYNTHETIC,profiles_c162_v1_worker_a,attempts/07e539d9cf4d9d5f3076__df_synthetic_bank.c128.v1.regime_variance__white__snr-5__none__n2048__v1__seed13/attempt-1/profile.jsonl,COMPLETED,1,True,205253,NOT_INSPECTED_RESOURCE_CAP,,,,,
synthetic.df_synthetic_bank.c128.v1.regime_variance__white__snr0__none__n2048__v1__seed12,SYNTHETIC,profiles_c162_v1_worker_a,attempts/0780fe45a84d3ea3e74d__.df_synthetic_bank.c128.v1.regime_variance__white__snr0__none__n2048__v1__seed12/attempt-1/profile.jsonl,COMPLETED,1,True,205067,NOT_INSPECTED_RESOURCE_CAP,,,,,
synthetic.df_synthetic_bank.c128.v1.regime_variance__white__snr0__none__n2048__v1__seed13,SYNTHETIC,profiles_c162_v1_worker_a,attempts/f306938c44a9df88c223__.df_synthetic_bank.c128.v1.regime_variance__white__snr0__none__n2048__v1__seed13/attempt-1/profile.jsonl,COMPLETED,1,True,205027,NOT_INSPECTED_RESOURCE_CAP,,,,,
synthetic.df_synthetic_bank.c128.v1.regime_variance__white__snr10__none__n2048__v1__seed12,SYNTHETIC,profiles_c162_v1_worker_a,attempts/d539d7b5cb4d7e0d6412__df_synthetic_bank.c128.v1.regime_variance__white__snr10__none__n2048__v1__seed12/attempt-1/profile.jsonl,COMPLETED,1,True,205266,NOT_INSPECTED_RESOURCE_CAP,,,,,
synthetic.df_synthetic_bank.c128.v1.regime_variance__white__snr20__none__n2048__v1__seed11,SYNTHETIC,profiles_c162_v1_worker_a,attempts/83b1860d81522094b905__df_synthetic_bank.c128.v1.regime_variance__white__snr20__none__n2048__v1__seed11/attempt-1/profile.jsonl,COMPLETED,1,True,205294,NOT_INSPECTED_RESOURCE_CAP,,,,,
synthetic.df_synthetic_bank.c128.v1.regime_variance__white__snr20__none__n2048__v1__seed13,SYNTHETIC,profiles_c162_v1_worker_a,attempts/a5dd6148df84e54e846b__df_synthetic_bank.c128.v1.regime_variance__white__snr20__none__n2048__v1__seed13/attempt-1/profile.jsonl,COMPLETED,1,True,205499,NOT_INSPECTED_RESOURCE_CAP,,,,,
synthetic.df_synthetic_bank.c128.v1.regime_variance__white__snr5__none__n2048__v1__seed11,SYNTHETIC,profiles_c162_v1_worker_a,attempts/d47e2df293586ae5781c__.df_synthetic_bank.c128.v1.regime_variance__white__snr5__none__n2048__v1__seed11/attempt-1/profile.jsonl,COMPLETED,1,True,205019,NOT_INSPECTED_RESOURCE_CAP,,,,,
synthetic.df_synthetic_bank.c128.v1.regime_variance__white__snr5__none__n2048__v1__seed13,SYNTHETIC,profiles_c162_v1_worker_a,attempts/aefa352431be586bcae8__.df_synthetic_bank.c128.v1.regime_variance__white__snr5__none__n2048__v1__seed13/attempt-1/profile.jsonl,COMPLETED,1,True,205032,NOT_INSPECTED_RESOURCE_CAP,,,,,
synthetic.df_synthetic_bank.c128.v1.regime_variance__white__snrinf__none__n2048__v1__seed12,SYNTHETIC,profiles_c162_v1_worker_a,attempts/ec3e37473de298b41cef__f_synthetic_bank.c128.v1.regime_variance__white__snrinf__none__n2048__v1__seed12/attempt-1/profile.jsonl,COMPLETED,1,True,205535,NOT_INSPECTED_RESOURCE_CAP,,,,,
synthetic.df_synthetic_bank.c128.v1.seasonal__white__snr-5__none__n2048__v1__seed11,SYNTHETIC,profiles_c162_v1_worker_a,attempts/e812b692b64400503384__thetic.df_synthetic_bank.c128.v1.seasonal__white__snr-5__none__n2048__v1__seed11/attempt-1/profile.jsonl,COMPLETED,1,True,203488,NOT_INSPECTED_RESOURCE_CAP,,,,,
synthetic.df_synthetic_bank.c128.v1.seasonal__white__snr-5__none__n2048__v1__seed12,SYNTHETIC,profiles_c162_v1_worker_a,attempts/01851a67003f18986810__thetic.df_synthetic_bank.c128.v1.seasonal__white__snr-5__none__n2048__v1__seed12/attempt-1/profile.jsonl,COMPLETED,1,True,203497,NOT_INSPECTED_RESOURCE_CAP,,,,,
synthetic.df_synthetic_bank.c128.v1.seasonal__white__snr0__none__n2048__v1__seed11,SYNTHETIC,profiles_c162_v1_worker_a,attempts/a99dcc6f6b56bb715eed__nthetic.df_synthetic_bank.c128.v1.seasonal__white__snr0__none__n2048__v1__seed11/attempt-1/profile.jsonl,COMPLETED,1,True,203273,NOT_INSPECTED_RESOURCE_CAP,,,,,
synthetic.df_synthetic_bank.c128.v1.seasonal__white__snr0__none__n2048__v1__seed13,SYNTHETIC,profiles_c162_v1_worker_a,attempts/b1b31397dfeade3ea86e__nthetic.df_synthetic_bank.c128.v1.seasonal__white__snr0__none__n2048__v1__seed13/attempt-1/profile.jsonl,COMPLETED,1,True,203351,NOT_INSPECTED_RESOURCE_CAP,,,,,
synthetic.df_synthetic_bank.c128.v1.seasonal__white__snr10__none__n2048__v1__seed12,SYNTHETIC,profiles_c162_v1_worker_a,attempts/00ced6c04910efbf8e6e__thetic.df_synthetic_bank.c128.v1.seasonal__white__snr10__none__n2048__v1__seed12/attempt-1/profile.jsonl,COMPLETED,1,True,203487,NOT_INSPECTED_RESOURCE_CAP,,,,,
synthetic.df_synthetic_bank.c128.v1.seasonal__white__snr10__none__n2048__v1__seed13,SYNTHETIC,profiles_c162_v1_worker_a,attempts/d235f458e5bc9b8e5130__thetic.df_synthetic_bank.c128.v1.seasonal__white__snr10__none__n2048__v1__seed13/attempt-1/profile.jsonl,COMPLETED,1,True,203522,NOT_INSPECTED_RESOURCE_CAP,,,,,
synthetic.df_synthetic_bank.c128.v1.seasonal__white__snr20__none__n2048__v1__seed12,SYNTHETIC,profiles_c162_v1_worker_a,attempts/4009b9b6714e121324bd__thetic.df_synthetic_bank.c128.v1.seasonal__white__snr20__none__n2048__v1__seed12/attempt-1/profile.jsonl,COMPLETED,1,True,203390,NOT_INSPECTED_RESOURCE_CAP,,,,,
synthetic.df_synthetic_bank.c128.v1.seasonal__white__snr5__none__n2048__v1__seed11,SYNTHETIC,profiles_c162_v1_worker_a,attempts/c55317336bf8a09d2046__nthetic.df_synthetic_bank.c128.v1.seasonal__white__snr5__none__n2048__v1__seed11/attempt-1/profile.jsonl,COMPLETED,1,True,203207,NOT_INSPECTED_RESOURCE_CAP,,,,,
synthetic.df_synthetic_bank.c128.v1.seasonal__white__snr5__none__n2048__v1__seed13,SYNTHETIC,profiles_c162_v1_worker_a,attempts/cbf11140d4b4978b9d60__nthetic.df_synthetic_bank.c128.v1.seasonal__white__snr5__none__n2048__v1__seed13/attempt-1/profile.jsonl,COMPLETED,1,True,203160,NOT_INSPECTED_RESOURCE_CAP,,,,,
synthetic.df_synthetic_bank.c128.v1.seasonal__white__snrinf__none__n2048__v1__seed11,SYNTHETIC,profiles_c162_v1_worker_a,attempts/dc6820c44db22ca8b664__hetic.df_synthetic_bank.c128.v1.seasonal__white__snrinf__none__n2048__v1__seed11/attempt-1/profile.jsonl,COMPLETED,1,True,203710,NOT_INSPECTED_RESOURCE_CAP,,,,,
synthetic.df_synthetic_bank.c128.v1.seasonal__white__snrinf__none__n2048__v1__seed13,SYNTHETIC,profiles_c162_v1_worker_a,attempts/bd2fa70b79af1b612ed6__hetic.df_synthetic_bank.c128.v1.seasonal__white__snrinf__none__n2048__v1__seed13/attempt-1/profile.jsonl,COMPLETED,1,True,203709,NOT_INSPECTED_RESOURCE_CAP,,,,,
synthetic.df_synthetic_bank.c128.v1.sinusoid__ar1__snr-5__none__n2048__v1__seed12,SYNTHETIC,profiles_c162_v1_worker_a,attempts/7c88938a08daaad47288__ynthetic.df_synthetic_bank.c128.v1.sinusoid__ar1__snr-5__none__n2048__v1__seed12/attempt-1/profile.jsonl,COMPLETED,1,True,202977,NOT_INSPECTED_RESOURCE_CAP,,,,,
synthetic.df_synthetic_bank.c128.v1.sinusoid__ar1__snr0__none__n2048__v1__seed11,SYNTHETIC,profiles_c162_v1_worker_a,attempts/2b4edd93a0eda60abfd2__synthetic.df_synthetic_bank.c128.v1.sinusoid__ar1__snr0__none__n2048__v1__seed11/attempt-1/profile.jsonl,COMPLETED,1,True,202625,NOT_INSPECTED_RESOURCE_CAP,,,,,
synthetic.df_synthetic_bank.c128.v1.sinusoid__ar1__snr0__none__n2048__v1__seed12,SYNTHETIC,profiles_c162_v1_worker_a,attempts/44970a3585982a54b981__synthetic.df_synthetic_bank.c128.v1.sinusoid__ar1__snr0__none__n2048__v1__seed12/attempt-1/profile.jsonl,COMPLETED,1,True,202795,NOT_INSPECTED_RESOURCE_CAP,,,,,
synthetic.df_synthetic_bank.c128.v1.sinusoid__ar1__snr10__none__n2048__v1__seed11,SYNTHETIC,profiles_c162_v1_worker_a,attempts/186eba1fbfc485f9b3ae__ynthetic.df_synthetic_bank.c128.v1.sinusoid__ar1__snr10__none__n2048__v1__seed11/attempt-1/profile.jsonl,COMPLETED,1,True,202943,NOT_INSPECTED_RESOURCE_CAP,,,,,
synthetic.df_synthetic_bank.c128.v1.sinusoid__ar1__snr10__none__n2048__v1__seed13,SYNTHETIC,profiles_c162_v1_worker_a,attempts/58a33638c69f431bc1b9__ynthetic.df_synthetic_bank.c128.v1.sinusoid__ar1__snr10__none__n2048__v1__seed13/attempt-1/profile.jsonl,COMPLETED,1,True,203041,NOT_INSPECTED_RESOURCE_CAP,,,,,
synthetic.df_synthetic_bank.c128.v1.sinusoid__ar1__snr20__none__n2048__v1__seed12,SYNTHETIC,profiles_c162_v1_worker_a,attempts/ebaf25c1298292ca143d__ynthetic.df_synthetic_bank.c128.v1.sinusoid__ar1__snr20__none__n2048__v1__seed12/attempt-1/profile.jsonl,COMPLETED,1,True,203051,NOT_INSPECTED_RESOURCE_CAP,,,,,
synthetic.df_synthetic_bank.c128.v1.sinusoid__ar1__snr20__none__n2048__v1__seed13,SYNTHETIC,profiles_c162_v1_worker_a,attempts/c93697bc507e7fb1449a__ynthetic.df_synthetic_bank.c128.v1.sinusoid__ar1__snr20__none__n2048__v1__seed13/attempt-1/profile.jsonl,COMPLETED,1,True,203036,NOT_INSPECTED_RESOURCE_CAP,,,,,
synthetic.df_synthetic_bank.c128.v1.sinusoid__ar1__snr5__none__n2048__v1__seed12,SYNTHETIC,profiles_c162_v1_worker_a,attempts/b9424b289f64e62884b9__synthetic.df_synthetic_bank.c128.v1.sinusoid__ar1__snr5__none__n2048__v1__seed12/attempt-1/profile.jsonl,COMPLETED,1,True,202713,NOT_INSPECTED_RESOURCE_CAP,,,,,
synthetic.df_synthetic_bank.c128.v1.sinusoid__ar1__snrinf__none__n2048__v1__seed11,SYNTHETIC,profiles_c162_v1_worker_a,attempts/07d6d15807c07ec9919f__nthetic.df_synthetic_bank.c128.v1.sinusoid__ar1__snrinf__none__n2048__v1__seed11/attempt-1/profile.jsonl,COMPLETED,1,True,203251,NOT_INSPECTED_RESOURCE_CAP,,,,,
synthetic.df_synthetic_bank.c128.v1.sinusoid__ar1__snrinf__none__n2048__v1__seed13,SYNTHETIC,profiles_c162_v1_worker_a,attempts/1a5524961cfaa715fbda__nthetic.df_synthetic_bank.c128.v1.sinusoid__ar1__snrinf__none__n2048__v1__seed13/attempt-1/profile.jsonl,COMPLETED,1,True,203189,NOT_INSPECTED_RESOURCE_CAP,,,,,
synthetic.df_synthetic_bank.c128.v1.sinusoid__contaminated__snr-5__none__n2048__v1__seed11,SYNTHETIC,profiles_c162_v1_worker_a,attempts/e42307c7eb0c0284b8ca__df_synthetic_bank.c128.v1.sinusoid__contaminated__snr-5__none__n2048__v1__seed11/attempt-1/profile.jsonl,COMPLETED,1,True,205394,NOT_INSPECTED_RESOURCE_CAP,,,,,
synthetic.df_synthetic_bank.c128.v1.sinusoid__contaminated__snr-5__none__n2048__v1__seed13,SYNTHETIC,profiles_c162_v1_worker_a,attempts/6380fd786f6903500e8d__df_synthetic_bank.c128.v1.sinusoid__contaminated__snr-5__none__n2048__v1__seed13/attempt-1/profile.jsonl,COMPLETED,1,True,205372,NOT_INSPECTED_RESOURCE_CAP,,,,,
synthetic.df_synthetic_bank.c128.v1.sinusoid__contaminated__snr0__none__n2048__v1__seed12,SYNTHETIC,profiles_c162_v1_worker_a,attempts/526194c2c36977feacaa__.df_synthetic_bank.c128.v1.sinusoid__contaminated__snr0__none__n2048__v1__seed12/attempt-1/profile.jsonl,COMPLETED,1,True,205135,NOT_INSPECTED_RESOURCE_CAP,,,,,
synthetic.df_synthetic_bank.c128.v1.sinusoid__contaminated__snr10__none__n2048__v1__seed11,SYNTHETIC,profiles_c162_v1_worker_a,attempts/ffaf82340b9fdf90d8d1__df_synthetic_bank.c128.v1.sinusoid__contaminated__snr10__none__n2048__v1__seed11/attempt-1/profile.jsonl,COMPLETED,1,True,205228,NOT_INSPECTED_RESOURCE_CAP,,,,,
synthetic.df_synthetic_bank.c128.v1.sinusoid__contaminated__snr10__none__n2048__v1__seed12,SYNTHETIC,profiles_c162_v1_worker_a,attempts/cc1a609907d02f1a71d7__df_synthetic_bank.c128.v1.sinusoid__contaminated__snr10__none__n2048__v1__seed12/attempt-1/profile.jsonl,COMPLETED,1,True,205165,NOT_INSPECTED_RESOURCE_CAP,,,,,
synthetic.df_synthetic_bank.c128.v1.sinusoid__contaminated__snr20__none__n2048__v1__seed11,SYNTHETIC,profiles_c162_v1_worker_a,attempts/1fdbc20808e5be940d2a__df_synthetic_bank.c128.v1.sinusoid__contaminated__snr20__none__n2048__v1__seed11/attempt-1/profile.jsonl,COMPLETED,1,True,205238,NOT_INSPECTED_RESOURCE_CAP,,,,,
synthetic.df_synthetic_bank.c128.v1.sinusoid__contaminated__snr20__none__n2048__v1__seed13,SYNTHETIC,profiles_c162_v1_worker_a,attempts/66f5767facf7c068f222__df_synthetic_bank.c128.v1.sinusoid__contaminated__snr20__none__n2048__v1__seed13/attempt-1/profile.jsonl,COMPLETED,1,True,205319,NOT_INSPECTED_RESOURCE_CAP,,,,,
synthetic.df_synthetic_bank.c128.v1.sinusoid__contaminated__snr5__none__n2048__v1__seed12,SYNTHETIC,profiles_c162_v1_worker_a,attempts/a891cb4cb1ac426df319__.df_synthetic_bank.c128.v1.sinusoid__contaminated__snr5__none__n2048__v1__seed12/attempt-1/profile.jsonl,COMPLETED,1,True,205015,NOT_INSPECTED_RESOURCE_CAP,,,,,
synthetic.df_synthetic_bank.c128.v1.sinusoid__contaminated__snr5__none__n2048__v1__seed13,SYNTHETIC,profiles_c162_v1_worker_a,attempts/9873b17554b8b4ed27e1__.df_synthetic_bank.c128.v1.sinusoid__contaminated__snr5__none__n2048__v1__seed13/attempt-1/profile.jsonl,COMPLETED,1,True,204994,NOT_INSPECTED_RESOURCE_CAP,,,,,
synthetic.df_synthetic_bank.c128.v1.sinusoid__contaminated__snrinf__none__n2048__v1__seed12,SYNTHETIC,profiles_c162_v1_worker_a,attempts/635d66ebba62a6389625__f_synthetic_bank.c128.v1.sinusoid__contaminated__snrinf__none__n2048__v1__seed12/attempt-1/profile.jsonl,COMPLETED,1,True,205543,NOT_INSPECTED_RESOURCE_CAP,,,,,
synthetic.df_synthetic_bank.c128.v1.sinusoid__correlated__snr-5__none__n2048__v3__seed11,SYNTHETIC,profiles_c162_v1_worker_a,attempts/526b463cadc99feadc5c__c.df_synthetic_bank.c128.v1.sinusoid__correlated__snr-5__none__n2048__v3__seed11/attempt-1/profile.jsonl,COMPLETED,3,True,697030,NOT_INSPECTED_RESOURCE_CAP,,,,,
synthetic.df_synthetic_bank.c128.v1.sinusoid__correlated__snr-5__none__n2048__v3__seed13,SYNTHETIC,profiles_c162_v1_worker_a,attempts/eb165eba3094d8551302__c.df_synthetic_bank.c128.v1.sinusoid__correlated__snr-5__none__n2048__v3__seed13/attempt-1/profile.jsonl,COMPLETED,3,True,697275,NOT_INSPECTED_RESOURCE_CAP,,,,,
synthetic.df_synthetic_bank.c128.v1.sinusoid__correlated__snr0__none__n2048__v3__seed11,SYNTHETIC,profiles_c162_v1_worker_a,attempts/048a31ee3886cde21c3c__ic.df_synthetic_bank.c128.v1.sinusoid__correlated__snr0__none__n2048__v3__seed11/attempt-1/profile.jsonl,COMPLETED,3,True,696576,NOT_INSPECTED_RESOURCE_CAP,,,,,
synthetic.df_synthetic_bank.c128.v1.sinusoid__correlated__snr0__none__n2048__v3__seed13,SYNTHETIC,profiles_c162_v1_worker_a,attempts/b92e9c842e005ec80830__ic.df_synthetic_bank.c128.v1.sinusoid__correlated__snr0__none__n2048__v3__seed13/attempt-1/profile.jsonl,COMPLETED,3,True,696317,NOT_INSPECTED_RESOURCE_CAP,,,,,
synthetic.df_synthetic_bank.c128.v1.sinusoid__correlated__snr10__none__n2048__v3__seed12,SYNTHETIC,profiles_c162_v1_worker_a,attempts/65fd7da5ef441028912b__c.df_synthetic_bank.c128.v1.sinusoid__correlated__snr10__none__n2048__v3__seed12/attempt-1/profile.jsonl,COMPLETED,3,True,697387,NOT_INSPECTED_RESOURCE_CAP,,,,,
synthetic.df_synthetic_bank.c128.v1.sinusoid__correlated__snr20__none__n2048__v3__seed11,SYNTHETIC,profiles_c162_v1_worker_a,attempts/98baaf373075405a98f4__c.df_synthetic_bank.c128.v1.sinusoid__correlated__snr20__none__n2048__v3__seed11/attempt-1/profile.jsonl,COMPLETED,3,True,697502,NOT_INSPECTED_RESOURCE_CAP,,,,,
synthetic.df_synthetic_bank.c128.v1.sinusoid__correlated__snr20__none__n2048__v3__seed12,SYNTHETIC,profiles_c162_v1_worker_a,attempts/48ee5209f613badc7b94__c.df_synthetic_bank.c128.v1.sinusoid__correlated__snr20__none__n2048__v3__seed12/attempt-1/profile.jsonl,COMPLETED,3,True,697452,NOT_INSPECTED_RESOURCE_CAP,,,,,
synthetic.df_synthetic_bank.c128.v1.sinusoid__correlated__snr5__none__n2048__v3__seed11,SYNTHETIC,profiles_c162_v1_worker_a,attempts/77c8aeda79e6b8e7b0b7__ic.df_synthetic_bank.c128.v1.sinusoid__correlated__snr5__none__n2048__v3__seed11/attempt-1/profile.jsonl,COMPLETED,3,True,696535,NOT_INSPECTED_RESOURCE_CAP,,,,,
synthetic.df_synthetic_bank.c128.v1.sinusoid__correlated__snr5__none__n2048__v3__seed13,SYNTHETIC,profiles_c162_v1_worker_a,attempts/d77942ded49d0eaa126f__ic.df_synthetic_bank.c128.v1.sinusoid__correlated__snr5__none__n2048__v3__seed13/attempt-1/profile.jsonl,COMPLETED,3,True,696311,NOT_INSPECTED_RESOURCE_CAP,,,,,
synthetic.df_synthetic_bank.c128.v1.sinusoid__correlated__snrinf__none__n2048__v3__seed12,SYNTHETIC,profiles_c162_v1_worker_a,attempts/41b4e08dc4f3ee4d8bde__.df_synthetic_bank.c128.v1.sinusoid__correlated__snrinf__none__n2048__v3__seed12/attempt-1/profile.jsonl,COMPLETED,3,True,698133,NOT_INSPECTED_RESOURCE_CAP,,,,,
synthetic.df_synthetic_bank.c128.v1.sinusoid__correlated__snrinf__none__n2048__v3__seed13,SYNTHETIC,profiles_c162_v1_worker_a,attempts/cec0f0d3d96bc01270ff__.df_synthetic_bank.c128.v1.sinusoid__correlated__snrinf__none__n2048__v3__seed13/attempt-1/profile.jsonl,COMPLETED,3,True,698136,NOT_INSPECTED_RESOURCE_CAP,,,,,
synthetic.df_synthetic_bank.c128.v1.sinusoid__heteroscedastic__snr-5__none__n2048__v1__seed12,SYNTHETIC,profiles_c162_v1_worker_a,attempts/52e1db4979042b95f20a__synthetic_bank.c128.v1.sinusoid__heteroscedastic__snr-5__none__n2048__v1__seed12/attempt-1/profile.jsonl,COMPLETED,1,True,206031,NOT_INSPECTED_RESOURCE_CAP,,,,,
synthetic.df_synthetic_bank.c128.v1.sinusoid__heteroscedastic__snr0__none__n2048__v1__seed11,SYNTHETIC,profiles_c162_v1_worker_a,attempts/c561540417f0494ee335___synthetic_bank.c128.v1.sinusoid__heteroscedastic__snr0__none__n2048__v1__seed11/attempt-1/profile.jsonl,COMPLETED,1,True,205771,NOT_INSPECTED_RESOURCE_CAP,,,,,
synthetic.df_synthetic_bank.c128.v1.sinusoid__heteroscedastic__snr0__none__n2048__v1__seed13,SYNTHETIC,profiles_c162_v1_worker_a,attempts/069cca05374556cd528f___synthetic_bank.c128.v1.sinusoid__heteroscedastic__snr0__none__n2048__v1__seed13/attempt-1/profile.jsonl,COMPLETED,1,True,205868,NOT_INSPECTED_RESOURCE_CAP,,,,,
synthetic.df_synthetic_bank.c128.v1.sinusoid__heteroscedastic__snr10__none__n2048__v1__seed11,SYNTHETIC,profiles_c162_v1_worker_a,attempts/0bcaed12cc31fd448638__synthetic_bank.c128.v1.sinusoid__heteroscedastic__snr10__none__n2048__v1__seed11/attempt-1/profile.jsonl,COMPLETED,1,True,206124,NOT_INSPECTED_RESOURCE_CAP,,,,,
synthetic.df_synthetic_bank.c128.v1.sinusoid__heteroscedastic__snr10__none__n2048__v1__seed13,SYNTHETIC,profiles_c162_v1_worker_a,attempts/78dc198e3dd857f773fd__synthetic_bank.c128.v1.sinusoid__heteroscedastic__snr10__none__n2048__v1__seed13/attempt-1/profile.jsonl,COMPLETED,1,True,206077,NOT_INSPECTED_RESOURCE_CAP,,,,,
synthetic.df_synthetic_bank.c128.v1.sinusoid__heteroscedastic__snr20__none__n2048__v1__seed12,SYNTHETIC,profiles_c162_v1_worker_a,attempts/f55afafee946b29dcfda__synthetic_bank.c128.v1.sinusoid__heteroscedastic__snr20__none__n2048__v1__seed12/attempt-1/profile.jsonl,COMPLETED,1,True,206042,NOT_INSPECTED_RESOURCE_CAP,,,,,
synthetic.df_synthetic_bank.c128.v1.sinusoid__heteroscedastic__snr5__none__n2048__v1__seed11,SYNTHETIC,profiles_c162_v1_worker_a,attempts/05dbc46bc0aa7c542921___synthetic_bank.c128.v1.sinusoid__heteroscedastic__snr5__none__n2048__v1__seed11/attempt-1/profile.jsonl,COMPLETED,1,True,205741,NOT_INSPECTED_RESOURCE_CAP,,,,,
synthetic.df_synthetic_bank.c128.v1.sinusoid__heteroscedastic__snr5__none__n2048__v1__seed12,SYNTHETIC,profiles_c162_v1_worker_a,attempts/f125f1d740da04eb7741___synthetic_bank.c128.v1.sinusoid__heteroscedastic__snr5__none__n2048__v1__seed12/attempt-1/profile.jsonl,COMPLETED,1,True,205727,NOT_INSPECTED_RESOURCE_CAP,,,,,
synthetic.df_synthetic_bank.c128.v1.sinusoid__heteroscedastic__snrinf__none__n2048__v1__seed11,SYNTHETIC,profiles_c162_v1_worker_a,attempts/da957637d81372835473__ynthetic_bank.c128.v1.sinusoid__heteroscedastic__snrinf__none__n2048__v1__seed11/attempt-1/profile.jsonl,COMPLETED,1,True,206343,NOT_INSPECTED_RESOURCE_CAP,,,,,
synthetic.df_synthetic_bank.c128.v1.sinusoid__heteroscedastic__snrinf__none__n2048__v1__seed13,SYNTHETIC,profiles_c162_v1_worker_a,attempts/0160e754753dd81d351c__ynthetic_bank.c128.v1.sinusoid__heteroscedastic__snrinf__none__n2048__v1__seed13/attempt-1/profile.jsonl,COMPLETED,1,True,206323,NOT_INSPECTED_RESOURCE_CAP,,,,,
synthetic.df_synthetic_bank.c128.v1.sinusoid__null__snrinf__none__n2048__v1__seed12,SYNTHETIC,profiles_c162_v1_worker_a,attempts/d453af374a850f2b3772__thetic.df_synthetic_bank.c128.v1.sinusoid__null__snrinf__none__n2048__v1__seed12/attempt-1/profile.jsonl,COMPLETED,1,True,203472,NOT_INSPECTED_RESOURCE_CAP,,,,,
synthetic.df_synthetic_bank.c128.v1.sinusoid__null__snrinf__none__n2048__v1__seed13,SYNTHETIC,profiles_c162_v1_worker_a,attempts/a9b084ee39a0918c6944__thetic.df_synthetic_bank.c128.v1.sinusoid__null__snrinf__none__n2048__v1__seed13/attempt-1/profile.jsonl,COMPLETED,1,True,203411,NOT_INSPECTED_RESOURCE_CAP,,,,,
synthetic.df_synthetic_bank.c128.v1.sinusoid__null__snrinf__none__n512__v1__seed11,SYNTHETIC,profiles_c162_v1_worker_a,attempts/215b3d0db057038f1295__nthetic.df_synthetic_bank.c128.v1.sinusoid__null__snrinf__none__n512__v1__seed11/attempt-1/profile.jsonl,COMPLETED,1,True,203237,NOT_INSPECTED_RESOURCE_CAP,,,,,
synthetic.df_synthetic_bank.c128.v1.sinusoid__null__snrinf__none__n512__v1__seed13,SYNTHETIC,profiles_c162_v1_worker_a,attempts/82c901acf8936c5b4579__nthetic.df_synthetic_bank.c128.v1.sinusoid__null__snrinf__none__n512__v1__seed13/attempt-1/profile.jsonl,COMPLETED,1,True,203258,NOT_INSPECTED_RESOURCE_CAP,,,,,
synthetic.df_synthetic_bank.c128.v1.sinusoid__null__snrinf__none__n8192__v1__seed11,SYNTHETIC,profiles_c162_v1_worker_a,attempts/a2cc45740f7808c08064__thetic.df_synthetic_bank.c128.v1.sinusoid__null__snrinf__none__n8192__v1__seed11/attempt-1/profile.jsonl,COMPLETED,1,True,203537,NOT_INSPECTED_RESOURCE_CAP,,,,,
synthetic.df_synthetic_bank.c128.v1.sinusoid__null__snrinf__none__n8192__v1__seed13,SYNTHETIC,profiles_c162_v1_worker_a,attempts/329c075f4abad5fa6051__thetic.df_synthetic_bank.c128.v1.sinusoid__null__snrinf__none__n8192__v1__seed13/attempt-1/profile.jsonl,COMPLETED,1,True,203675,NOT_INSPECTED_RESOURCE_CAP,,,,,
synthetic.df_synthetic_bank.c128.v1.sinusoid__pink__snr-5__none__n2048__v1__seed12,SYNTHETIC,profiles_c162_v1_worker_a,attempts/e20047e89f0d68165480__nthetic.df_synthetic_bank.c128.v1.sinusoid__pink__snr-5__none__n2048__v1__seed12/attempt-1/profile.jsonl,COMPLETED,1,True,203229,NOT_INSPECTED_RESOURCE_CAP,,,,,
synthetic.df_synthetic_bank.c128.v1.sinusoid__pink__snr0__none__n2048__v1__seed11,SYNTHETIC,profiles_c162_v1_worker_a,attempts/34a07ab7153c976861d2__ynthetic.df_synthetic_bank.c128.v1.sinusoid__pink__snr0__none__n2048__v1__seed11/attempt-1/profile.jsonl,COMPLETED,1,True,202944,NOT_INSPECTED_RESOURCE_CAP,,,,,
synthetic.df_synthetic_bank.c128.v1.sinusoid__pink__snr0__none__n2048__v1__seed13,SYNTHETIC,profiles_c162_v1_worker_a,attempts/9af51fc15240533d4e73__ynthetic.df_synthetic_bank.c128.v1.sinusoid__pink__snr0__none__n2048__v1__seed13/attempt-1/profile.jsonl,COMPLETED,1,True,203012,NOT_INSPECTED_RESOURCE_CAP,,,,,
synthetic.df_synthetic_bank.c128.v1.sinusoid__pink__snr10__none__n2048__v1__seed11,SYNTHETIC,profiles_c162_v1_worker_a,attempts/fbd6fc92ea3482782f17__nthetic.df_synthetic_bank.c128.v1.sinusoid__pink__snr10__none__n2048__v1__seed11/attempt-1/profile.jsonl,COMPLETED,1,True,203329,NOT_INSPECTED_RESOURCE_CAP,,,,,
synthetic.df_synthetic_bank.c128.v1.sinusoid__pink__snr10__none__n2048__v1__seed13,SYNTHETIC,profiles_c162_v1_worker_a,attempts/56f42b099674eebe9e44__nthetic.df_synthetic_bank.c128.v1.sinusoid__pink__snr10__none__n2048__v1__seed13/attempt-1/profile.jsonl,COMPLETED,1,True,203259,NOT_INSPECTED_RESOURCE_CAP,,,,,
synthetic.df_synthetic_bank.c128.v1.sinusoid__pink__snr20__none__n2048__v1__seed12,SYNTHETIC,profiles_c162_v1_worker_a,attempts/dec97991222a4b47a2d1__nthetic.df_synthetic_bank.c128.v1.sinusoid__pink__snr20__none__n2048__v1__seed12/attempt-1/profile.jsonl,COMPLETED,1,True,203241,NOT_INSPECTED_RESOURCE_CAP,,,,,
synthetic.df_synthetic_bank.c128.v1.sinusoid__pink__snr5__none__n2048__v1__seed11,SYNTHETIC,profiles_c162_v1_worker_a,attempts/aeaa903cdfadcb4be3e0__ynthetic.df_synthetic_bank.c128.v1.sinusoid__pink__snr5__none__n2048__v1__seed11/attempt-1/profile.jsonl,COMPLETED,1,True,203023,NOT_INSPECTED_RESOURCE_CAP,,,,,
synthetic.df_synthetic_bank.c128.v1.sinusoid__pink__snr5__none__n2048__v1__seed12,SYNTHETIC,profiles_c162_v1_worker_a,attempts/0b87439f847c78e7462c__ynthetic.df_synthetic_bank.c128.v1.sinusoid__pink__snr5__none__n2048__v1__seed12/attempt-1/profile.jsonl,COMPLETED,1,True,202892,NOT_INSPECTED_RESOURCE_CAP,,,,,
synthetic.df_synthetic_bank.c128.v1.sinusoid__pink__snrinf__none__n2048__v1__seed11,SYNTHETIC,profiles_c162_v1_worker_a,attempts/95ae0d63be96762ff2e7__thetic.df_synthetic_bank.c128.v1.sinusoid__pink__snrinf__none__n2048__v1__seed11/attempt-1/profile.jsonl,COMPLETED,1,True,203471,NOT_INSPECTED_RESOURCE_CAP,,,,,
synthetic.df_synthetic_bank.c128.v1.sinusoid__pink__snrinf__none__n2048__v1__seed13,SYNTHETIC,profiles_c162_v1_worker_a,attempts/bc68151624fb9787162b__thetic.df_synthetic_bank.c128.v1.sinusoid__pink__snrinf__none__n2048__v1__seed13/attempt-1/profile.jsonl,COMPLETED,1,True,203508,NOT_INSPECTED_RESOURCE_CAP,,,,,
synthetic.df_synthetic_bank.c128.v1.sinusoid__student_t__snr-5__none__n2048__v1__seed12,SYNTHETIC,profiles_c162_v1_worker_a,attempts/a3e0c304c56dbb472694__ic.df_synthetic_bank.c128.v1.sinusoid__student_t__snr-5__none__n2048__v1__seed12/attempt-1/profile.jsonl,COMPLETED,1,True,204620,NOT_INSPECTED_RESOURCE_CAP,,,,,
synthetic.df_synthetic_bank.c128.v1.sinusoid__student_t__snr-5__none__n2048__v1__seed13,SYNTHETIC,profiles_c162_v1_worker_a,attempts/f6f48e96ec07e1204f36__ic.df_synthetic_bank.c128.v1.sinusoid__student_t__snr-5__none__n2048__v1__seed13/attempt-1/profile.jsonl,COMPLETED,1,True,204599,NOT_INSPECTED_RESOURCE_CAP,,,,,
synthetic.df_synthetic_bank.c128.v1.sinusoid__student_t__snr0__none__n2048__v1__seed12,SYNTHETIC,profiles_c162_v1_worker_a,attempts/59e6832556a75b41e41a__tic.df_synthetic_bank.c128.v1.sinusoid__student_t__snr0__none__n2048__v1__seed12/attempt-1/profile.jsonl,COMPLETED,1,True,204276,NOT_INSPECTED_RESOURCE_CAP,,,,,
synthetic.df_synthetic_bank.c128.v1.sinusoid__student_t__snr10__none__n2048__v1__seed11,SYNTHETIC,profiles_c162_v1_worker_a,attempts/fb639922af5f8dddd2c4__ic.df_synthetic_bank.c128.v1.sinusoid__student_t__snr10__none__n2048__v1__seed11/attempt-1/profile.jsonl,COMPLETED,1,True,204475,NOT_INSPECTED_RESOURCE_CAP,,,,,
synthetic.df_synthetic_bank.c128.v1.sinusoid__student_t__snr10__none__n2048__v1__seed13,SYNTHETIC,profiles_c162_v1_worker_a,attempts/42e70560556a792e5ebb__ic.df_synthetic_bank.c128.v1.sinusoid__student_t__snr10__none__n2048__v1__seed13/attempt-1/profile.jsonl,COMPLETED,1,True,204406,NOT_INSPECTED_RESOURCE_CAP,,,,,
synthetic.df_synthetic_bank.c128.v1.sinusoid__student_t__snr20__none__n2048__v1__seed11,SYNTHETIC,profiles_c162_v1_worker_a,attempts/22eba1c9f4087d47cc6d__ic.df_synthetic_bank.c128.v1.sinusoid__student_t__snr20__none__n2048__v1__seed11/attempt-1/profile.jsonl,COMPLETED,1,True,204571,NOT_INSPECTED_RESOURCE_CAP,,,,,
synthetic.df_synthetic_bank.c128.v1.sinusoid__student_t__snr20__none__n2048__v1__seed13,SYNTHETIC,profiles_c162_v1_worker_a,attempts/187a2609c5f4e01e2fd3__ic.df_synthetic_bank.c128.v1.sinusoid__student_t__snr20__none__n2048__v1__seed13/attempt-1/profile.jsonl,COMPLETED,1,True,204492,NOT_INSPECTED_RESOURCE_CAP,,,,,
synthetic.df_synthetic_bank.c128.v1.sinusoid__student_t__snr5__none__n2048__v1__seed12,SYNTHETIC,profiles_c162_v1_worker_a,attempts/111629a0901395304a33__tic.df_synthetic_bank.c128.v1.sinusoid__student_t__snr5__none__n2048__v1__seed12/attempt-1/profile.jsonl,COMPLETED,1,True,204152,NOT_INSPECTED_RESOURCE_CAP,,,,,
synthetic.df_synthetic_bank.c128.v1.sinusoid__student_t__snrinf__none__n2048__v1__seed11,SYNTHETIC,profiles_c162_v1_worker_a,attempts/92af49240e2914743eb4__c.df_synthetic_bank.c128.v1.sinusoid__student_t__snrinf__none__n2048__v1__seed11/attempt-1/profile.jsonl,COMPLETED,1,True,204825,NOT_INSPECTED_RESOURCE_CAP,,,,,
synthetic.df_synthetic_bank.c128.v1.sinusoid__student_t__snrinf__none__n2048__v1__seed12,SYNTHETIC,profiles_c162_v1_worker_a,attempts/255d0c66e263460ecbca__c.df_synthetic_bank.c128.v1.sinusoid__student_t__snrinf__none__n2048__v1__seed12/attempt-1/profile.jsonl,COMPLETED,1,True,204768,NOT_INSPECTED_RESOURCE_CAP,,,,,
synthetic.df_synthetic_bank.c128.v1.sinusoid__white__snr-5__none__n2048__v1__seed11,SYNTHETIC,profiles_c162_v1_worker_a,attempts/5512f97fff5da49091b1__thetic.df_synthetic_bank.c128.v1.sinusoid__white__snr-5__none__n2048__v1__seed11/attempt-1/profile.jsonl,COMPLETED,1,True,203488,NOT_INSPECTED_RESOURCE_CAP,,,,,
synthetic.df_synthetic_bank.c128.v1.sinusoid__white__snr-5__none__n2048__v1__seed13,SYNTHETIC,profiles_c162_v1_worker_a,attempts/405c1279034c6662159c__thetic.df_synthetic_bank.c128.v1.sinusoid__white__snr-5__none__n2048__v1__seed13/attempt-1/profile.jsonl,COMPLETED,1,True,203470,NOT_INSPECTED_RESOURCE_CAP,,,,,
synthetic.df_synthetic_bank.c128.v1.sinusoid__white__snr0__none__n2048__v1__seed12,SYNTHETIC,profiles_c162_v1_worker_a,attempts/55ed4212902bf0f5a312__nthetic.df_synthetic_bank.c128.v1.sinusoid__white__snr0__none__n2048__v1__seed12/attempt-1/profile.jsonl,COMPLETED,1,True,203172,NOT_INSPECTED_RESOURCE_CAP,,,,,
synthetic.df_synthetic_bank.c128.v1.sinusoid__white__snr0__none__n2048__v1__seed13,SYNTHETIC,profiles_c162_v1_worker_a,attempts/a8843b4cac9a659d750d__nthetic.df_synthetic_bank.c128.v1.sinusoid__white__snr0__none__n2048__v1__seed13/attempt-1/profile.jsonl,COMPLETED,1,True,203295,NOT_INSPECTED_RESOURCE_CAP,,,,,
synthetic.df_synthetic_bank.c128.v1.sinusoid__white__snr10__blocks__n2048__v1__seed12,SYNTHETIC,profiles_c162_v1_worker_a,attempts/4d3d48dd06e5209a80a4__etic.df_synthetic_bank.c128.v1.sinusoid__white__snr10__blocks__n2048__v1__seed12/attempt-1/profile.jsonl,COMPLETED,1,True,204134,NOT_INSPECTED_RESOURCE_CAP,,,,,
synthetic.df_synthetic_bank.c128.v1.sinusoid__white__snr10__mcar__n2048__v1__seed11,SYNTHETIC,profiles_c162_v1_worker_a,attempts/fc1576d455af7dec2988__thetic.df_synthetic_bank.c128.v1.sinusoid__white__snr10__mcar__n2048__v1__seed11/attempt-1/profile.jsonl,COMPLETED,1,True,203571,NOT_INSPECTED_RESOURCE_CAP,,,,,
synthetic.df_synthetic_bank.c128.v1.sinusoid__white__snr10__mcar__n2048__v1__seed13,SYNTHETIC,profiles_c162_v1_worker_a,attempts/79f9e448aef938bf12c2__thetic.df_synthetic_bank.c128.v1.sinusoid__white__snr10__mcar__n2048__v1__seed13/attempt-1/profile.jsonl,COMPLETED,1,True,203583,NOT_INSPECTED_RESOURCE_CAP,,,,,
synthetic.df_synthetic_bank.c128.v1.sinusoid__white__snr10__none__n2048__v1__seed11,SYNTHETIC,profiles_c162_v1_worker_a,attempts/ebae61d38e54b07420ca__thetic.df_synthetic_bank.c128.v1.sinusoid__white__snr10__none__n2048__v1__seed11/attempt-1/profile.jsonl,COMPLETED,1,True,203548,NOT_INSPECTED_RESOURCE_CAP,,,,,
synthetic.df_synthetic_bank.c128.v1.sinusoid__white__snr10__none__n2048__v1__seed13,SYNTHETIC,profiles_c162_v1_worker_a,attempts/373e4351e92713d58199__thetic.df_synthetic_bank.c128.v1.sinusoid__white__snr10__none__n2048__v1__seed13/attempt-1/profile.jsonl,COMPLETED,1,True,203474,NOT_INSPECTED_RESOURCE_CAP,,,,,
synthetic.df_synthetic_bank.c128.v1.sinusoid__white__snr20__none__n2048__v1__seed12,SYNTHETIC,profiles_c162_v1_worker_a,attempts/02bc06492da97c204f0a__thetic.df_synthetic_bank.c128.v1.sinusoid__white__snr20__none__n2048__v1__seed12/attempt-1/profile.jsonl,COMPLETED,1,True,203506,NOT_INSPECTED_RESOURCE_CAP,,,,,
synthetic.df_synthetic_bank.c128.v1.sinusoid__white__snr5__none__n2048__v1__seed11,SYNTHETIC,profiles_c162_v1_worker_a,attempts/faee98141ffc47ca96b0__nthetic.df_synthetic_bank.c128.v1.sinusoid__white__snr5__none__n2048__v1__seed11/attempt-1/profile.jsonl,COMPLETED,1,True,203127,NOT_INSPECTED_RESOURCE_CAP,,,,,
synthetic.df_synthetic_bank.c128.v1.sinusoid__white__snr5__none__n2048__v1__seed12,SYNTHETIC,profiles_c162_v1_worker_a,attempts/06f2348b8929dedfded5__nthetic.df_synthetic_bank.c128.v1.sinusoid__white__snr5__none__n2048__v1__seed12/attempt-1/profile.jsonl,COMPLETED,1,True,203172,NOT_INSPECTED_RESOURCE_CAP,,,,,
synthetic.df_synthetic_bank.c128.v1.sinusoid__white__snrinf__none__n2048__v1__seed11,SYNTHETIC,profiles_c162_v1_worker_a,attempts/af31dc9abb7827648a97__hetic.df_synthetic_bank.c128.v1.sinusoid__white__snrinf__none__n2048__v1__seed11/attempt-1/profile.jsonl,COMPLETED,1,True,203691,NOT_INSPECTED_RESOURCE_CAP,,,,,
synthetic.df_synthetic_bank.c128.v1.sinusoid__white__snrinf__none__n2048__v1__seed13,SYNTHETIC,profiles_c162_v1_worker_a,attempts/f86c6b60149dfd0f9f39__hetic.df_synthetic_bank.c128.v1.sinusoid__white__snrinf__none__n2048__v1__seed13/attempt-1/profile.jsonl,COMPLETED,1,True,203760,NOT_INSPECTED_RESOURCE_CAP,,,,,
synthetic.df_synthetic_bank.c128.v1.steps__white__snr-5__none__n2048__v1__seed12,SYNTHETIC,profiles_c162_v1_worker_a,attempts/c99429f691786cb09f06__synthetic.df_synthetic_bank.c128.v1.steps__white__snr-5__none__n2048__v1__seed12/attempt-1/profile.jsonl,COMPLETED,1,True,202788,NOT_INSPECTED_RESOURCE_CAP,,,,,
synthetic.df_synthetic_bank.c128.v1.steps__white__snr-5__none__n2048__v1__seed13,SYNTHETIC,profiles_c162_v1_worker_a,attempts/b0c2cfbe3956fc29a6aa__synthetic.df_synthetic_bank.c128.v1.steps__white__snr-5__none__n2048__v1__seed13/attempt-1/profile.jsonl,COMPLETED,1,True,202640,NOT_INSPECTED_RESOURCE_CAP,,,,,
synthetic.df_synthetic_bank.c128.v1.steps__white__snr0__none__n2048__v1__seed12,SYNTHETIC,profiles_c162_v1_worker_a,attempts/8fb887c030c8c0162e34__synthetic.df_synthetic_bank.c128.v1.steps__white__snr0__none__n2048__v1__seed12/attempt-1/profile.jsonl,COMPLETED,1,True,202435,NOT_INSPECTED_RESOURCE_CAP,,,,,
synthetic.df_synthetic_bank.c128.v1.steps__white__snr10__blocks__n2048__v1__seed11,SYNTHETIC,profiles_c162_v1_worker_a,attempts/df69d1c26d1d34c4783a__nthetic.df_synthetic_bank.c128.v1.steps__white__snr10__blocks__n2048__v1__seed11/attempt-1/profile.jsonl,COMPLETED,1,True,203336,NOT_INSPECTED_RESOURCE_CAP,,,,,
synthetic.df_synthetic_bank.c128.v1.steps__white__snr10__blocks__n2048__v1__seed13,SYNTHETIC,profiles_c162_v1_worker_a,attempts/e405dcc2fdb83b2dda65__nthetic.df_synthetic_bank.c128.v1.steps__white__snr10__blocks__n2048__v1__seed13/attempt-1/profile.jsonl,COMPLETED,1,True,203323,NOT_INSPECTED_RESOURCE_CAP,,,,,
synthetic.df_synthetic_bank.c128.v1.steps__white__snr10__mcar__n2048__v1__seed11,SYNTHETIC,profiles_c162_v1_worker_a,attempts/e4f6018044b86d94bfb4__synthetic.df_synthetic_bank.c128.v1.steps__white__snr10__mcar__n2048__v1__seed11/attempt-1/profile.jsonl,COMPLETED,1,True,202771,NOT_INSPECTED_RESOURCE_CAP,,,,,
synthetic.df_synthetic_bank.c128.v1.steps__white__snr10__mcar__n2048__v1__seed13,SYNTHETIC,profiles_c162_v1_worker_a,attempts/133e68754dfa1b0cfb9b__synthetic.df_synthetic_bank.c128.v1.steps__white__snr10__mcar__n2048__v1__seed13/attempt-1/profile.jsonl,COMPLETED,1,True,202919,NOT_INSPECTED_RESOURCE_CAP,,,,,
synthetic.df_synthetic_bank.c128.v1.steps__white__snr10__none__n2048__v1__seed12,SYNTHETIC,profiles_c162_v1_worker_a,attempts/e8f5c866e5a2425aaa59__synthetic.df_synthetic_bank.c128.v1.steps__white__snr10__none__n2048__v1__seed12/attempt-1/profile.jsonl,COMPLETED,1,True,202737,NOT_INSPECTED_RESOURCE_CAP,,,,,
synthetic.df_synthetic_bank.c128.v1.steps__white__snr20__none__n2048__v1__seed11,SYNTHETIC,profiles_c162_v1_worker_a,attempts/6da2f404fc4027e8e4ad__synthetic.df_synthetic_bank.c128.v1.steps__white__snr20__none__n2048__v1__seed11/attempt-1/profile.jsonl,COMPLETED,1,True,202739,NOT_INSPECTED_RESOURCE_CAP,,,,,
synthetic.df_synthetic_bank.c128.v1.steps__white__snr20__none__n2048__v1__seed12,SYNTHETIC,profiles_c162_v1_worker_a,attempts/f99238047a456320a28e__synthetic.df_synthetic_bank.c128.v1.steps__white__snr20__none__n2048__v1__seed12/attempt-1/profile.jsonl,COMPLETED,1,True,202648,NOT_INSPECTED_RESOURCE_CAP,,,,,
synthetic.df_synthetic_bank.c128.v1.steps__white__snr5__none__n2048__v1__seed11,SYNTHETIC,profiles_c162_v1_worker_a,attempts/8a0db7d0094d5c00a87f__synthetic.df_synthetic_bank.c128.v1.steps__white__snr5__none__n2048__v1__seed11/attempt-1/profile.jsonl,COMPLETED,1,True,202397,NOT_INSPECTED_RESOURCE_CAP,,,,,
synthetic.df_synthetic_bank.c128.v1.steps__white__snr5__none__n2048__v1__seed13,SYNTHETIC,profiles_c162_v1_worker_a,attempts/e52e78e13acf1010e7c7__synthetic.df_synthetic_bank.c128.v1.steps__white__snr5__none__n2048__v1__seed13/attempt-1/profile.jsonl,COMPLETED,1,True,202518,NOT_INSPECTED_RESOURCE_CAP,,,,,
synthetic.df_synthetic_bank.c128.v1.steps__white__snrinf__none__n2048__v1__seed12,SYNTHETIC,profiles_c162_v1_worker_a,attempts/6a84166bf321b3b59580__ynthetic.df_synthetic_bank.c128.v1.steps__white__snrinf__none__n2048__v1__seed12/attempt-1/profile.jsonl,COMPLETED,1,True,202648,NOT_INSPECTED_RESOURCE_CAP,,,,,
synthetic.df_synthetic_bank.c128.v1.steps__white__snrinf__none__n2048__v1__seed13,SYNTHETIC,profiles_c162_v1_worker_a,attempts/2949186a4a0c205a58ce__ynthetic.df_synthetic_bank.c128.v1.steps__white__snrinf__none__n2048__v1__seed13/attempt-1/profile.jsonl,COMPLETED,1,True,202610,NOT_INSPECTED_RESOURCE_CAP,,,,,
synthetic.df_synthetic_bank.c128.v1.trend_linear__white__snr-5__none__n2048__v1__seed12,SYNTHETIC,profiles_c162_v1_worker_a,attempts/22411b99b049d51d9fd2__ic.df_synthetic_bank.c128.v1.trend_linear__white__snr-5__none__n2048__v1__seed12/attempt-1/profile.jsonl,COMPLETED,1,True,204566,NOT_INSPECTED_RESOURCE_CAP,,,,,
synthetic.df_synthetic_bank.c128.v1.trend_linear__white__snr0__none__n2048__v1__seed11,SYNTHETIC,profiles_c162_v1_worker_a,attempts/7cc5663e459bcc027faf__tic.df_synthetic_bank.c128.v1.trend_linear__white__snr0__none__n2048__v1__seed11/attempt-1/profile.jsonl,COMPLETED,1,True,204172,NOT_INSPECTED_RESOURCE_CAP,,,,,
synthetic.df_synthetic_bank.c128.v1.trend_linear__white__snr0__none__n2048__v1__seed13,SYNTHETIC,profiles_c162_v1_worker_a,attempts/b18d660d580e29b9629d__tic.df_synthetic_bank.c128.v1.trend_linear__white__snr0__none__n2048__v1__seed13/attempt-1/profile.jsonl,COMPLETED,1,True,204170,NOT_INSPECTED_RESOURCE_CAP,,,,,
synthetic.df_synthetic_bank.c128.v1.trend_linear__white__snr10__none__n2048__v1__seed11,SYNTHETIC,profiles_c162_v1_worker_a,attempts/aa207997c552ced25c89__ic.df_synthetic_bank.c128.v1.trend_linear__white__snr10__none__n2048__v1__seed11/attempt-1/profile.jsonl,COMPLETED,1,True,204462,NOT_INSPECTED_RESOURCE_CAP,,,,,
synthetic.df_synthetic_bank.c128.v1.trend_linear__white__snr10__none__n2048__v1__seed13,SYNTHETIC,profiles_c162_v1_worker_a,attempts/efb50f851e4900b3abd1__ic.df_synthetic_bank.c128.v1.trend_linear__white__snr10__none__n2048__v1__seed13/attempt-1/profile.jsonl,COMPLETED,1,True,204449,NOT_INSPECTED_RESOURCE_CAP,,,,,
synthetic.df_synthetic_bank.c128.v1.trend_linear__white__snr20__none__n2048__v1__seed12,SYNTHETIC,profiles_c162_v1_worker_a,attempts/ff5585c5d1e6c247736d__ic.df_synthetic_bank.c128.v1.trend_linear__white__snr20__none__n2048__v1__seed12/attempt-1/profile.jsonl,COMPLETED,1,True,204395,NOT_INSPECTED_RESOURCE_CAP,,,,,
synthetic.df_synthetic_bank.c128.v1.trend_linear__white__snr5__none__n2048__v1__seed11,SYNTHETIC,profiles_c162_v1_worker_a,attempts/fa16c1e7b8a407df99ed__tic.df_synthetic_bank.c128.v1.trend_linear__white__snr5__none__n2048__v1__seed11/attempt-1/profile.jsonl,COMPLETED,1,True,204148,NOT_INSPECTED_RESOURCE_CAP,,,,,
synthetic.df_synthetic_bank.c128.v1.trend_linear__white__snr5__none__n2048__v1__seed12,SYNTHETIC,profiles_c162_v1_worker_a,attempts/5dc1bc693fb439767820__tic.df_synthetic_bank.c128.v1.trend_linear__white__snr5__none__n2048__v1__seed12/attempt-1/profile.jsonl,COMPLETED,1,True,204185,NOT_INSPECTED_RESOURCE_CAP,,,,,
synthetic.df_synthetic_bank.c128.v1.trend_linear__white__snrinf__none__n2048__v1__seed11,SYNTHETIC,profiles_c162_v1_worker_a,attempts/d7930d34e555e5e7f295__c.df_synthetic_bank.c128.v1.trend_linear__white__snrinf__none__n2048__v1__seed11/attempt-1/profile.jsonl,COMPLETED,1,True,204385,NOT_INSPECTED_RESOURCE_CAP,,,,,
synthetic.df_synthetic_bank.c128.v1.trend_linear__white__snrinf__none__n2048__v1__seed13,SYNTHETIC,profiles_c162_v1_worker_a,attempts/37cefac662f17d7c2380__c.df_synthetic_bank.c128.v1.trend_linear__white__snrinf__none__n2048__v1__seed13/attempt-1/profile.jsonl,COMPLETED,1,True,204425,NOT_INSPECTED_RESOURCE_CAP,,,,,
synthetic.df_synthetic_bank.c128.v1.trend_piecewise__white__snr-5__none__n2048__v1__seed12,SYNTHETIC,profiles_c162_v1_worker_a,attempts/5c40e480524790aea5d3__df_synthetic_bank.c128.v1.trend_piecewise__white__snr-5__none__n2048__v1__seed12/attempt-1/profile.jsonl,COMPLETED,1,True,205322,NOT_INSPECTED_RESOURCE_CAP,,,,,
synthetic.df_synthetic_bank.c128.v1.trend_piecewise__white__snr-5__none__n2048__v1__seed13,SYNTHETIC,profiles_c162_v1_worker_a,attempts/8f911ec480c67c824153__df_synthetic_bank.c128.v1.trend_piecewise__white__snr-5__none__n2048__v1__seed13/attempt-1/profile.jsonl,COMPLETED,1,True,205256,NOT_INSPECTED_RESOURCE_CAP,,,,,
synthetic.df_synthetic_bank.c128.v1.trend_piecewise__white__snr0__none__n2048__v1__seed12,SYNTHETIC,profiles_c162_v1_worker_a,attempts/74c8e1631a285ce16597__.df_synthetic_bank.c128.v1.trend_piecewise__white__snr0__none__n2048__v1__seed12/attempt-1/profile.jsonl,COMPLETED,1,True,205027,NOT_INSPECTED_RESOURCE_CAP,,,,,
synthetic.df_synthetic_bank.c128.v1.trend_piecewise__white__snr10__none__n2048__v1__seed11,SYNTHETIC,profiles_c162_v1_worker_a,attempts/99fb728c194001eed219__df_synthetic_bank.c128.v1.trend_piecewise__white__snr10__none__n2048__v1__seed11/attempt-1/profile.jsonl,COMPLETED,1,True,205194,NOT_INSPECTED_RESOURCE_CAP,,,,,
synthetic.df_synthetic_bank.c128.v1.trend_piecewise__white__snr10__none__n2048__v1__seed13,SYNTHETIC,profiles_c162_v1_worker_a,attempts/282872681cb2209acc1c__df_synthetic_bank.c128.v1.trend_piecewise__white__snr10__none__n2048__v1__seed13/attempt-1/profile.jsonl,COMPLETED,1,True,205376,NOT_INSPECTED_RESOURCE_CAP,,,,,
synthetic.df_synthetic_bank.c128.v1.trend_piecewise__white__snr20__none__n2048__v1__seed11,SYNTHETIC,profiles_c162_v1_worker_a,attempts/ddf07b83679cb1956451__df_synthetic_bank.c128.v1.trend_piecewise__white__snr20__none__n2048__v1__seed11/attempt-1/profile.jsonl,COMPLETED,1,True,205112,NOT_INSPECTED_RESOURCE_CAP,,,,,
synthetic.df_synthetic_bank.c128.v1.trend_piecewise__white__snr20__none__n2048__v1__seed13,SYNTHETIC,profiles_c162_v1_worker_a,attempts/4818de2911a1266f62d3__df_synthetic_bank.c128.v1.trend_piecewise__white__snr20__none__n2048__v1__seed13/attempt-1/profile.jsonl,COMPLETED,1,True,205328,NOT_INSPECTED_RESOURCE_CAP,,,,,
synthetic.df_synthetic_bank.c128.v1.trend_piecewise__white__snr5__none__n2048__v1__seed12,SYNTHETIC,profiles_c162_v1_worker_a,attempts/1d2a4dbe15e5a6b683a2__.df_synthetic_bank.c128.v1.trend_piecewise__white__snr5__none__n2048__v1__seed12/attempt-1/profile.jsonl,COMPLETED,1,True,205090,NOT_INSPECTED_RESOURCE_CAP,,,,,
synthetic.df_synthetic_bank.c128.v1.trend_piecewise__white__snrinf__none__n2048__v1__seed11,SYNTHETIC,profiles_c162_v1_worker_a,attempts/c1b14de1ff32d620b1c4__f_synthetic_bank.c128.v1.trend_piecewise__white__snrinf__none__n2048__v1__seed11/attempt-1/profile.jsonl,COMPLETED,1,True,205295,NOT_INSPECTED_RESOURCE_CAP,,,,,
synthetic.df_synthetic_bank.c128.v1.trend_piecewise__white__snrinf__none__n2048__v1__seed12,SYNTHETIC,profiles_c162_v1_worker_a,attempts/fd883bf59eca10eea639__f_synthetic_bank.c128.v1.trend_piecewise__white__snrinf__none__n2048__v1__seed12/attempt-1/profile.jsonl,COMPLETED,1,True,205354,NOT_INSPECTED_RESOURCE_CAP,,,,,
financial_data.census_appearance.app_00777e009513a4630756be2c,FINANCIAL,profiles_c162_v1_worker_b,attempts/399d7e833086234322f7__financial_data.census_appearance.app_00777e009513a4630756be2c/attempt-1/profile.jsonl,COMPLETED,1,True,196083,NOT_INSPECTED_RESOURCE_CAP,,,,,
financial_data.census_appearance.app_0876848fa7e6d9e328a5c2f3,FINANCIAL,profiles_c162_v1_worker_b,attempts/6fbf1eaef199ffbb885d__financial_data.census_appearance.app_0876848fa7e6d9e328a5c2f3/attempt-1/profile.jsonl,COMPLETED,9,True,3358296,NOT_INSPECTED_RESOURCE_CAP,,,,,
financial_data.census_appearance.app_0b9c9e269b5375721be7979d,FINANCIAL,profiles_c162_v1_worker_b,attempts/b982f2805e3e4b151a7c__financial_data.census_appearance.app_0b9c9e269b5375721be7979d/attempt-1/profile.jsonl,COMPLETED,9,True,3367637,NOT_INSPECTED_RESOURCE_CAP,,,,,
financial_data.census_appearance.app_0e95d6e11dc4d0d061512ccb,FINANCIAL,profiles_c162_v1_worker_b,attempts/cdadd1d106b622cac3c7__financial_data.census_appearance.app_0e95d6e11dc4d0d061512ccb/attempt-1/profile.jsonl,COMPLETED,8,True,2911013,NOT_INSPECTED_RESOURCE_CAP,,,,,
financial_data.census_appearance.app_119e9f3e705797324f8b4e21,FINANCIAL,profiles_c162_v1_worker_b,attempts/a340e9b8dfe3138c2d23__financial_data.census_appearance.app_119e9f3e705797324f8b4e21/attempt-1/profile.jsonl,COMPLETED,8,True,2791190,NOT_INSPECTED_RESOURCE_CAP,,,,,
financial_data.census_appearance.app_13fb85d328e6e2f87e014ad0,FINANCIAL,profiles_c162_v1_worker_b,attempts/1efa7ec09048ae443328__financial_data.census_appearance.app_13fb85d328e6e2f87e014ad0/attempt-1/profile.jsonl,COMPLETED,9,True,3358037,NOT_INSPECTED_RESOURCE_CAP,,,,,
financial_data.census_appearance.app_16885dcc15f5e370acf6ae15,FINANCIAL,profiles_c162_v1_worker_b,attempts/cd4e9003b0e81cbccc86__financial_data.census_appearance.app_16885dcc15f5e370acf6ae15/attempt-1/profile.jsonl,COMPLETED,4,True,989425,NOT_INSPECTED_RESOURCE_CAP,,,,,
financial_data.census_appearance.app_1b9c203a3ddd6510406f394c,FINANCIAL,profiles_c162_v1_worker_b,attempts/1300891ffbf3a8249e0f__financial_data.census_appearance.app_1b9c203a3ddd6510406f394c/attempt-1/profile.jsonl,COMPLETED,1,True,219371,NOT_INSPECTED_RESOURCE_CAP,,,,,
financial_data.census_appearance.app_2583e2f4d8a325ddc94a072d,FINANCIAL,profiles_c162_v1_worker_b,attempts/160f66ea5795b23c9add__financial_data.census_appearance.app_2583e2f4d8a325ddc94a072d/attempt-1/profile.jsonl,COMPLETED,1,True,196085,NOT_INSPECTED_RESOURCE_CAP,,,,,
financial_data.census_appearance.app_27feb18beab966e3f82fecae,FINANCIAL,profiles_c162_v1_worker_b,attempts/dd0de974944df2292d2f__financial_data.census_appearance.app_27feb18beab966e3f82fecae/attempt-1/profile.jsonl,COMPLETED,9,True,3373116,NOT_INSPECTED_RESOURCE_CAP,,,,,
financial_data.census_appearance.app_3e2823ef2c4cf762164203be,FINANCIAL,profiles_c162_v1_worker_b,attempts/05bf6cab1dcb90735463__financial_data.census_appearance.app_3e2823ef2c4cf762164203be/attempt-1/profile.jsonl,COMPLETED,8,True,2791094,NOT_INSPECTED_RESOURCE_CAP,,,,,
financial_data.census_appearance.app_4738931d75b0265b503a9914,FINANCIAL,profiles_c162_v1_worker_b,attempts/a325e0a3687f86e145fa__financial_data.census_appearance.app_4738931d75b0265b503a9914/attempt-1/profile.jsonl,COMPLETED,9,True,3362183,NOT_INSPECTED_RESOURCE_CAP,,,,,
financial_data.census_appearance.app_49c36a1c068ee212242f20f1,FINANCIAL,profiles_c162_v1_worker_b,attempts/caf8a6edb0b0a9f160d1__financial_data.census_appearance.app_49c36a1c068ee212242f20f1/attempt-1/profile.jsonl,COMPLETED,9,True,3361820,NOT_INSPECTED_RESOURCE_CAP,,,,,
financial_data.census_appearance.app_4a2376356ef2132d712cd41a,FINANCIAL,profiles_c162_v1_worker_b,attempts/d1bdd5a67f7a06463156__financial_data.census_appearance.app_4a2376356ef2132d712cd41a/attempt-1/profile.jsonl,COMPLETED,1,True,218909,NOT_INSPECTED_RESOURCE_CAP,,,,,
financial_data.census_appearance.app_4c5bace5b37e3e6454fc7c78,FINANCIAL,profiles_c162_v1_worker_b,attempts/7a9cd9195c6842ebe79d__financial_data.census_appearance.app_4c5bace5b37e3e6454fc7c78/attempt-1/profile.jsonl,COMPLETED,9,True,3371292,NOT_INSPECTED_RESOURCE_CAP,,,,,
financial_data.census_appearance.app_4cf435a92abe111af5e89754,FINANCIAL,profiles_c162_v1_worker_b,attempts/74e2d134ef582239c592__financial_data.census_appearance.app_4cf435a92abe111af5e89754/attempt-1/profile.jsonl,COMPLETED,1,True,265823,NOT_INSPECTED_RESOURCE_CAP,,,,,
financial_data.census_appearance.app_4d98a8fdc30eb6cdaed4d671,FINANCIAL,profiles_c162_v1_worker_b,attempts/a0484f41697df23925fb__financial_data.census_appearance.app_4d98a8fdc30eb6cdaed4d671/attempt-1/profile.jsonl,COMPLETED,1,True,265396,NOT_INSPECTED_RESOURCE_CAP,,,,,
financial_data.census_appearance.app_4db3f6e22d99fdabd2ff8c4d,FINANCIAL,profiles_c162_v1_worker_b,attempts/b90c4d72ac787c9b7e5c__financial_data.census_appearance.app_4db3f6e22d99fdabd2ff8c4d/attempt-1/profile.jsonl,COMPLETED,9,True,3362815,NOT_INSPECTED_RESOURCE_CAP,,,,,
financial_data.census_appearance.app_4e20609609a07633571cc78b,FINANCIAL,profiles_c162_v1_worker_b,attempts/0b869906a9c7ad82f0db__financial_data.census_appearance.app_4e20609609a07633571cc78b/attempt-1/profile.jsonl,COMPLETED,4,True,1081722,NOT_INSPECTED_RESOURCE_CAP,,,,,
financial_data.census_appearance.app_542a134b3e6ac505a41ea8d1,FINANCIAL,profiles_c162_v1_worker_b,attempts/cd9cf97e0cfb91ae1b02__financial_data.census_appearance.app_542a134b3e6ac505a41ea8d1/attempt-1/profile.jsonl,COMPLETED,1,True,195865,NOT_INSPECTED_RESOURCE_CAP,,,,,
financial_data.census_appearance.app_59cfaad70827d576dbcb13dd,FINANCIAL,profiles_c162_v1_worker_b,attempts/b07ac020f7683b010847__financial_data.census_appearance.app_59cfaad70827d576dbcb13dd/attempt-1/profile.jsonl,COMPLETED,4,True,990486,NOT_INSPECTED_RESOURCE_CAP,,,,,
financial_data.census_appearance.app_59fcdae86e895a1785140010,FINANCIAL,profiles_c162_v1_worker_b,attempts/f6c432b85dfcb4f03bcf__financial_data.census_appearance.app_59fcdae86e895a1785140010/attempt-1/profile.jsonl,COMPLETED,1,True,196359,NOT_INSPECTED_RESOURCE_CAP,,,,,
financial_data.census_appearance.app_5b709498099a4443ce845a53,FINANCIAL,profiles_c162_v1_worker_b,attempts/8755fd9ae7045f8e75e7__financial_data.census_appearance.app_5b709498099a4443ce845a53/attempt-1/profile.jsonl,COMPLETED,8,True,2788619,NOT_INSPECTED_RESOURCE_CAP,,,,,
financial_data.census_appearance.app_6dc5ebf3f580225ce0c17162,FINANCIAL,profiles_c162_v1_worker_b,attempts/2a39ed11ed1455bbf953__financial_data.census_appearance.app_6dc5ebf3f580225ce0c17162/attempt-1/profile.jsonl,COMPLETED,8,True,2911235,NOT_INSPECTED_RESOURCE_CAP,,,,,
financial_data.census_appearance.app_703477e0ea0918944aba5fb1,FINANCIAL,profiles_c162_v1_worker_b,attempts/9d6019cb8f7841af04cd__financial_data.census_appearance.app_703477e0ea0918944aba5fb1/attempt-1/profile.jsonl,COMPLETED,8,True,2930636,NOT_INSPECTED_RESOURCE_CAP,,,,,
financial_data.census_appearance.app_7493416f0cba1f1c0e97b183,FINANCIAL,profiles_c162_v1_worker_b,attempts/731a4a865c2bcc866d0f__financial_data.census_appearance.app_7493416f0cba1f1c0e97b183/attempt-1/profile.jsonl,COMPLETED,9,True,3365881,NOT_INSPECTED_RESOURCE_CAP,,,,,
financial_data.census_appearance.app_7a3c10c7621d14820b1d9005,FINANCIAL,profiles_c162_v1_worker_b,attempts/ab2e14ee5c4fe9b52d6c__financial_data.census_appearance.app_7a3c10c7621d14820b1d9005/attempt-1/profile.jsonl,COMPLETED,9,True,3552921,NOT_INSPECTED_RESOURCE_CAP,,,,,
financial_data.census_appearance.app_7d83c75b3b31ceec29badae3,FINANCIAL,profiles_c162_v1_worker_b,attempts/c1c72be4137b89f90ccf__financial_data.census_appearance.app_7d83c75b3b31ceec29badae3/attempt-1/profile.jsonl,COMPLETED,1,True,218777,NOT_INSPECTED_RESOURCE_CAP,,,,,
financial_data.census_appearance.app_818cfbc6d984b2420a0efaa6,FINANCIAL,profiles_c162_v1_worker_b,attempts/c00b35c30ebec0d7f4c9__financial_data.census_appearance.app_818cfbc6d984b2420a0efaa6/attempt-1/profile.jsonl,COMPLETED,9,True,3574757,NOT_INSPECTED_RESOURCE_CAP,,,,,
financial_data.census_appearance.app_993de1a86bc26997ed2f0201,FINANCIAL,profiles_c162_v1_worker_b,attempts/071378b01d5b4b6c10b3__financial_data.census_appearance.app_993de1a86bc26997ed2f0201/attempt-1/profile.jsonl,COMPLETED,1,True,195832,NOT_INSPECTED_RESOURCE_CAP,,,,,
financial_data.census_appearance.app_9ffb11ed6a2fefa8cedc127e,FINANCIAL,profiles_c162_v1_worker_b,attempts/1208d25cb9d1086ef43b__financial_data.census_appearance.app_9ffb11ed6a2fefa8cedc127e/attempt-1/profile.jsonl,COMPLETED,1,True,195819,NOT_INSPECTED_RESOURCE_CAP,,,,,
financial_data.census_appearance.app_a54cf5bbccafddc5d5c3f497,FINANCIAL,profiles_c162_v1_worker_b,attempts/7f6b16db3a2d1a0df40a__financial_data.census_appearance.app_a54cf5bbccafddc5d5c3f497/attempt-1/profile.jsonl,COMPLETED,8,True,2910302,NOT_INSPECTED_RESOURCE_CAP,,,,,
financial_data.census_appearance.app_a70b44217bed0dd2304e910f,FINANCIAL,profiles_c162_v1_worker_b,attempts/69db1f0359918ddf3d55__financial_data.census_appearance.app_a70b44217bed0dd2304e910f/attempt-1/profile.jsonl,COMPLETED,1,True,265407,NOT_INSPECTED_RESOURCE_CAP,,,,,
financial_data.census_appearance.app_ad24bc957c55d09e22290198,FINANCIAL,profiles_c162_v1_worker_b,attempts/80581886567af84d6303__financial_data.census_appearance.app_ad24bc957c55d09e22290198/attempt-1/profile.jsonl,COMPLETED,9,True,3574687,NOT_INSPECTED_RESOURCE_CAP,,,,,
financial_data.census_appearance.app_af9dff7110c1fcfbe7e52c2d,FINANCIAL,profiles_c162_v1_worker_b,attempts/b91d0d323294549c778b__financial_data.census_appearance.app_af9dff7110c1fcfbe7e52c2d/attempt-1/profile.jsonl,COMPLETED,1,True,196125,NOT_INSPECTED_RESOURCE_CAP,,,,,
financial_data.census_appearance.app_b0661de18989d7db394f1edb,FINANCIAL,profiles_c162_v1_worker_b,attempts/2ca1f20347cc10e6e4df__financial_data.census_appearance.app_b0661de18989d7db394f1edb/attempt-1/profile.jsonl,COMPLETED,8,True,2931297,NOT_INSPECTED_RESOURCE_CAP,,,,,
financial_data.census_appearance.app_b095479defa5a1ecc4adf98d,FINANCIAL,profiles_c162_v1_worker_b,attempts/e45f5b8db7e778890ded__financial_data.census_appearance.app_b095479defa5a1ecc4adf98d/attempt-1/profile.jsonl,COMPLETED,8,True,2942545,NOT_INSPECTED_RESOURCE_CAP,,,,,
financial_data.census_appearance.app_bde542e11950e944e70a4cad,FINANCIAL,profiles_c162_v1_worker_b,attempts/84af39a9790402a531c6__financial_data.census_appearance.app_bde542e11950e944e70a4cad/attempt-1/profile.jsonl,COMPLETED,1,True,196267,NOT_INSPECTED_RESOURCE_CAP,,,,,
financial_data.census_appearance.app_c1a50a3874e37f09f0aa8913,FINANCIAL,profiles_c162_v1_worker_b,attempts/8182df8c3b698ad88d83__financial_data.census_appearance.app_c1a50a3874e37f09f0aa8913/attempt-1/profile.jsonl,COMPLETED,9,True,3575485,NOT_INSPECTED_RESOURCE_CAP,,,,,
financial_data.census_appearance.app_c242663bb602d9a23f23c65f,FINANCIAL,profiles_c162_v1_worker_b,attempts/4af5908741db61ecdd12__financial_data.census_appearance.app_c242663bb602d9a23f23c65f/attempt-1/profile.jsonl,COMPLETED,8,True,2929579,NOT_INSPECTED_RESOURCE_CAP,,,,,
financial_data.census_appearance.app_c4191d3dea9390f849cbda41,FINANCIAL,profiles_c162_v1_worker_b,attempts/1d1418e934695c5d5d9f__financial_data.census_appearance.app_c4191d3dea9390f849cbda41/attempt-1/profile.jsonl,COMPLETED,8,True,2786865,NOT_INSPECTED_RESOURCE_CAP,,,,,
financial_data.census_appearance.app_c701010a0130a35bb7a240e6,FINANCIAL,profiles_c162_v1_worker_b,attempts/b08ffb92cf706bc58958__financial_data.census_appearance.app_c701010a0130a35bb7a240e6/attempt-1/profile.jsonl,COMPLETED,8,True,2910677,NOT_INSPECTED_RESOURCE_CAP,,,,,
financial_data.census_appearance.app_c7e379957dacbbf153a1c353,FINANCIAL,profiles_c162_v1_worker_b,attempts/3605119deaca8861407c__financial_data.census_appearance.app_c7e379957dacbbf153a1c353/attempt-1/profile.jsonl,COMPLETED,8,True,3149567,NOT_INSPECTED_RESOURCE_CAP,,,,,
financial_data.census_appearance.app_cba8c6230346b5191cc3387f,FINANCIAL,profiles_c162_v1_worker_b,attempts/c3deffa5dd46831b4155__financial_data.census_appearance.app_cba8c6230346b5191cc3387f/attempt-1/profile.jsonl,COMPLETED,1,True,265460,NOT_INSPECTED_RESOURCE_CAP,,,,,
financial_data.census_appearance.app_d717b916cb97fa799ec3aa7d,FINANCIAL,profiles_c162_v1_worker_b,attempts/2e6f6e4d6a751a14dae6__financial_data.census_appearance.app_d717b916cb97fa799ec3aa7d/attempt-1/profile.jsonl,COMPLETED,8,True,2792119,NOT_INSPECTED_RESOURCE_CAP,,,,,
financial_data.census_appearance.app_d7d521e80771faaf573c3e7b,FINANCIAL,profiles_c162_v1_worker_b,attempts/358108ea92e0522e7ccc__financial_data.census_appearance.app_d7d521e80771faaf573c3e7b/attempt-1/profile.jsonl,COMPLETED,1,True,265201,NOT_INSPECTED_RESOURCE_CAP,,,,,
financial_data.census_appearance.app_d7f8d951e0c5db46ad2d5f50,FINANCIAL,profiles_c162_v1_worker_b,attempts/22b00438688a9856f921__financial_data.census_appearance.app_d7f8d951e0c5db46ad2d5f50/attempt-1/profile.jsonl,COMPLETED,8,True,2941304,NOT_INSPECTED_RESOURCE_CAP,,,,,
financial_data.census_appearance.app_db98a07b7d70d692284b0ed4,FINANCIAL,profiles_c162_v1_worker_b,attempts/92f3f5fad43241cef9e1__financial_data.census_appearance.app_db98a07b7d70d692284b0ed4/attempt-1/profile.jsonl,COMPLETED,8,True,2931428,NOT_INSPECTED_RESOURCE_CAP,,,,,
financial_data.census_appearance.app_dced24d6333185035057b43b,FINANCIAL,profiles_c162_v1_worker_b,attempts/6f429e91b89d650368be__financial_data.census_appearance.app_dced24d6333185035057b43b/attempt-1/profile.jsonl,COMPLETED,8,True,2790408,NOT_INSPECTED_RESOURCE_CAP,,,,,
financial_data.census_appearance.app_dd80376fa38ca18caa801385,FINANCIAL,profiles_c162_v1_worker_b,attempts/7d0100a87858f2a93283__financial_data.census_appearance.app_dd80376fa38ca18caa801385/attempt-1/profile.jsonl,COMPLETED,1,True,265413,NOT_INSPECTED_RESOURCE_CAP,,,,,
financial_data.census_appearance.app_de07df6eb94008d768f8fbca,FINANCIAL,profiles_c162_v1_worker_b,attempts/e8ea1bf2a2e271ab1f5f__financial_data.census_appearance.app_de07df6eb94008d768f8fbca/attempt-1/profile.jsonl,COMPLETED,1,True,195806,NOT_INSPECTED_RESOURCE_CAP,,,,,
financial_data.census_appearance.app_e1ff828b0568834fb143f9bb,FINANCIAL,profiles_c162_v1_worker_b,attempts/a978ed4f13bbd6f30ab2__financial_data.census_appearance.app_e1ff828b0568834fb143f9bb/attempt-1/profile.jsonl,COMPLETED,1,True,195919,NOT_INSPECTED_RESOURCE_CAP,,,,,
financial_data.census_appearance.app_e3feb028ee0eb3ce4b541378,FINANCIAL,profiles_c162_v1_worker_b,attempts/b718d2e1cd518a5cdd68__financial_data.census_appearance.app_e3feb028ee0eb3ce4b541378/attempt-1/profile.jsonl,COMPLETED,8,True,2794081,NOT_INSPECTED_RESOURCE_CAP,,,,,
financial_data.census_appearance.app_f3b8214aabf1d8ca3fbdfc0b,FINANCIAL,profiles_c162_v1_worker_b,attempts/e77369ec9db97faf9561__financial_data.census_appearance.app_f3b8214aabf1d8ca3fbdfc0b/attempt-1/profile.jsonl,COMPLETED,1,True,219063,NOT_INSPECTED_RESOURCE_CAP,,,,,
financial_data.census_appearance.app_f5516176e158a0dfad4c4eb4,FINANCIAL,profiles_c162_v1_worker_b,attempts/fc5cadbc291c6bd3b94c__financial_data.census_appearance.app_f5516176e158a0dfad4c4eb4/attempt-1/profile.jsonl,COMPLETED,9,True,3537648,NOT_INSPECTED_RESOURCE_CAP,,,,,
financial_data.census_appearance.app_f6001244a06e350ffabf1b71,FINANCIAL,profiles_c162_v1_worker_b,attempts/008f726dec170f10fa8f__financial_data.census_appearance.app_f6001244a06e350ffabf1b71/attempt-1/profile.jsonl,COMPLETED,1,True,196166,NOT_INSPECTED_RESOURCE_CAP,,,,,
public.uci.374.appliances_energy_prediction,PUBLIC,profiles_c162_v1_worker_b,attempts/c59a32a635bce22264ca__public.uci.374.appliances_energy_prediction/attempt-1/profile.jsonl,COMPLETED,28,True,24032966,NOT_INSPECTED_RESOURCE_CAP,,,,,
synthetic.df_synthetic_bank.c128.v1.bumps__white__snr-5__none__n2048__v1__seed12,SYNTHETIC,profiles_c162_v1_worker_b,attempts/00061ce2211c97a7173e__synthetic.df_synthetic_bank.c128.v1.bumps__white__snr-5__none__n2048__v1__seed12/attempt-1/profile.jsonl,COMPLETED,1,True,202677,NOT_INSPECTED_RESOURCE_CAP,,,,,
synthetic.df_synthetic_bank.c128.v1.bumps__white__snr0__none__n2048__v1__seed12,SYNTHETIC,profiles_c162_v1_worker_b,attempts/42989defad8591f00b41__synthetic.df_synthetic_bank.c128.v1.bumps__white__snr0__none__n2048__v1__seed12/attempt-1/profile.jsonl,COMPLETED,1,True,202366,NOT_INSPECTED_RESOURCE_CAP,,,,,
synthetic.df_synthetic_bank.c128.v1.bumps__white__snr10__none__n2048__v1__seed13,SYNTHETIC,profiles_c162_v1_worker_b,attempts/7b02deab44bdad081ef8__synthetic.df_synthetic_bank.c128.v1.bumps__white__snr10__none__n2048__v1__seed13/attempt-1/profile.jsonl,COMPLETED,1,True,202610,NOT_INSPECTED_RESOURCE_CAP,,,,,
synthetic.df_synthetic_bank.c128.v1.bumps__white__snr20__none__n2048__v1__seed13,SYNTHETIC,profiles_c162_v1_worker_b,attempts/9a1a13168ed3479db1f7__synthetic.df_synthetic_bank.c128.v1.bumps__white__snr20__none__n2048__v1__seed13/attempt-1/profile.jsonl,COMPLETED,1,True,202723,NOT_INSPECTED_RESOURCE_CAP,,,,,
synthetic.df_synthetic_bank.c128.v1.bumps__white__snrinf__none__n2048__v1__seed11,SYNTHETIC,profiles_c162_v1_worker_b,attempts/8de2beed4e6bff3f93ce__ynthetic.df_synthetic_bank.c128.v1.bumps__white__snrinf__none__n2048__v1__seed11/attempt-1/profile.jsonl,COMPLETED,1,True,202624,NOT_INSPECTED_RESOURCE_CAP,,,,,
synthetic.df_synthetic_bank.c128.v1.chirp__white__snr-5__none__n2048__v1__seed11,SYNTHETIC,profiles_c162_v1_worker_b,attempts/15b6966e91172ad6a116__synthetic.df_synthetic_bank.c128.v1.chirp__white__snr-5__none__n2048__v1__seed11/attempt-1/profile.jsonl,COMPLETED,1,True,202651,NOT_INSPECTED_RESOURCE_CAP,,,,,
synthetic.df_synthetic_bank.c128.v1.chirp__white__snr0__none__n2048__v1__seed12,SYNTHETIC,profiles_c162_v1_worker_b,attempts/8598007043716d736799__synthetic.df_synthetic_bank.c128.v1.chirp__white__snr0__none__n2048__v1__seed12/attempt-1/profile.jsonl,COMPLETED,1,True,202321,NOT_INSPECTED_RESOURCE_CAP,,,,,
synthetic.df_synthetic_bank.c128.v1.chirp__white__snr10__none__n2048__v1__seed12,SYNTHETIC,profiles_c162_v1_worker_b,attempts/dd35c42d26ddd5328a2b__synthetic.df_synthetic_bank.c128.v1.chirp__white__snr10__none__n2048__v1__seed12/attempt-1/profile.jsonl,COMPLETED,1,True,202655,NOT_INSPECTED_RESOURCE_CAP,,,,,
synthetic.df_synthetic_bank.c128.v1.chirp__white__snr20__none__n2048__v1__seed13,SYNTHETIC,profiles_c162_v1_worker_b,attempts/39106003ae77191b8436__synthetic.df_synthetic_bank.c128.v1.chirp__white__snr20__none__n2048__v1__seed13/attempt-1/profile.jsonl,COMPLETED,1,True,202606,NOT_INSPECTED_RESOURCE_CAP,,,,,
synthetic.df_synthetic_bank.c128.v1.chirp__white__snr5__none__n2048__v1__seed13,SYNTHETIC,profiles_c162_v1_worker_b,attempts/82b4e6ad1ea4377a31f7__synthetic.df_synthetic_bank.c128.v1.chirp__white__snr5__none__n2048__v1__seed13/attempt-1/profile.jsonl,COMPLETED,1,True,202266,NOT_INSPECTED_RESOURCE_CAP,,,,,
synthetic.df_synthetic_bank.c128.v1.impulses__white__snr-5__none__n2048__v1__seed11,SYNTHETIC,profiles_c162_v1_worker_b,attempts/563a285764d4eb5df82f__thetic.df_synthetic_bank.c128.v1.impulses__white__snr-5__none__n2048__v1__seed11/attempt-1/profile.jsonl,COMPLETED,1,True,203423,NOT_INSPECTED_RESOURCE_CAP,,,,,
synthetic.df_synthetic_bank.c128.v1.impulses__white__snr0__none__n2048__v1__seed11,SYNTHETIC,profiles_c162_v1_worker_b,attempts/239cee23f75bace0ef0c__nthetic.df_synthetic_bank.c128.v1.impulses__white__snr0__none__n2048__v1__seed11/attempt-1/profile.jsonl,COMPLETED,1,True,203180,NOT_INSPECTED_RESOURCE_CAP,,,,,
synthetic.df_synthetic_bank.c128.v1.impulses__white__snr10__none__n2048__v1__seed12,SYNTHETIC,profiles_c162_v1_worker_b,attempts/b1d3418b788d1e483545__thetic.df_synthetic_bank.c128.v1.impulses__white__snr10__none__n2048__v1__seed12/attempt-1/profile.jsonl,COMPLETED,1,True,203484,NOT_INSPECTED_RESOURCE_CAP,,,,,
synthetic.df_synthetic_bank.c128.v1.impulses__white__snr20__none__n2048__v1__seed12,SYNTHETIC,profiles_c162_v1_worker_b,attempts/fc7a4021b3f9532ebe2e__thetic.df_synthetic_bank.c128.v1.impulses__white__snr20__none__n2048__v1__seed12/attempt-1/profile.jsonl,COMPLETED,1,True,203455,NOT_INSPECTED_RESOURCE_CAP,,,,,
synthetic.df_synthetic_bank.c128.v1.impulses__white__snr5__none__n2048__v1__seed13,SYNTHETIC,profiles_c162_v1_worker_b,attempts/4b2be5d84caa7082c669__nthetic.df_synthetic_bank.c128.v1.impulses__white__snr5__none__n2048__v1__seed13/attempt-1/profile.jsonl,COMPLETED,1,True,203270,NOT_INSPECTED_RESOURCE_CAP,,,,,
synthetic.df_synthetic_bank.c128.v1.impulses__white__snrinf__none__n2048__v1__seed13,SYNTHETIC,profiles_c162_v1_worker_b,attempts/3435d86a3e3e59c7b391__hetic.df_synthetic_bank.c128.v1.impulses__white__snrinf__none__n2048__v1__seed13/attempt-1/profile.jsonl,COMPLETED,1,True,203121,NOT_INSPECTED_RESOURCE_CAP,,,,,
synthetic.df_synthetic_bank.c128.v1.motif__white__snr0__none__n2048__v1__seed11,SYNTHETIC,profiles_c162_v1_worker_b,attempts/a35ed83cf279cbaa4fd5__synthetic.df_synthetic_bank.c128.v1.motif__white__snr0__none__n2048__v1__seed11/attempt-1/profile.jsonl,COMPLETED,1,True,202441,NOT_INSPECTED_RESOURCE_CAP,,,,,
synthetic.df_synthetic_bank.c128.v1.motif__white__snr10__none__n2048__v1__seed11,SYNTHETIC,profiles_c162_v1_worker_b,attempts/3a7ac323d28c14e3045d__synthetic.df_synthetic_bank.c128.v1.motif__white__snr10__none__n2048__v1__seed11/attempt-1/profile.jsonl,COMPLETED,1,True,202670,NOT_INSPECTED_RESOURCE_CAP,,,,,
synthetic.df_synthetic_bank.c128.v1.motif__white__snr20__none__n2048__v1__seed12,SYNTHETIC,profiles_c162_v1_worker_b,attempts/dcc6bb28a92c260c6ce7__synthetic.df_synthetic_bank.c128.v1.motif__white__snr20__none__n2048__v1__seed12/attempt-1/profile.jsonl,COMPLETED,1,True,202591,NOT_INSPECTED_RESOURCE_CAP,,,,,
synthetic.df_synthetic_bank.c128.v1.motif__white__snr5__none__n2048__v1__seed12,SYNTHETIC,profiles_c162_v1_worker_b,attempts/ab669fbdc72d7481b8ad__synthetic.df_synthetic_bank.c128.v1.motif__white__snr5__none__n2048__v1__seed12/attempt-1/profile.jsonl,COMPLETED,1,True,202433,NOT_INSPECTED_RESOURCE_CAP,,,,,
synthetic.df_synthetic_bank.c128.v1.motif__white__snrinf__none__n2048__v1__seed13,SYNTHETIC,profiles_c162_v1_worker_b,attempts/46779e4b02904d898745__ynthetic.df_synthetic_bank.c128.v1.motif__white__snrinf__none__n2048__v1__seed13/attempt-1/profile.jsonl,COMPLETED,1,True,202533,NOT_INSPECTED_RESOURCE_CAP,,,,,
synthetic.df_synthetic_bank.c128.v1.multiband__ar1__snr-5__none__n2048__v1__seed13,SYNTHETIC,profiles_c162_v1_worker_b,attempts/02acabb2bb46ced5b754__nthetic.df_synthetic_bank.c128.v1.multiband__ar1__snr-5__none__n2048__v1__seed13/attempt-1/profile.jsonl,COMPLETED,1,True,203138,NOT_INSPECTED_RESOURCE_CAP,,,,,
synthetic.df_synthetic_bank.c128.v1.multiband__ar1__snr10__none__n2048__v1__seed11,SYNTHETIC,profiles_c162_v1_worker_b,attempts/877c8afa1850eccdd537__nthetic.df_synthetic_bank.c128.v1.multiband__ar1__snr10__none__n2048__v1__seed11/attempt-1/profile.jsonl,COMPLETED,1,True,203123,NOT_INSPECTED_RESOURCE_CAP,,,,,
synthetic.df_synthetic_bank.c128.v1.multiband__ar1__snr20__none__n2048__v1__seed11,SYNTHETIC,profiles_c162_v1_worker_b,attempts/2e70d78ffe1f0f892b67__nthetic.df_synthetic_bank.c128.v1.multiband__ar1__snr20__none__n2048__v1__seed11/attempt-1/profile.jsonl,COMPLETED,1,True,203116,NOT_INSPECTED_RESOURCE_CAP,,,,,
synthetic.df_synthetic_bank.c128.v1.multiband__ar1__snr5__none__n2048__v1__seed12,SYNTHETIC,profiles_c162_v1_worker_b,attempts/18b284d80c5d606714d6__ynthetic.df_synthetic_bank.c128.v1.multiband__ar1__snr5__none__n2048__v1__seed12/attempt-1/profile.jsonl,COMPLETED,1,True,202826,NOT_INSPECTED_RESOURCE_CAP,,,,,
synthetic.df_synthetic_bank.c128.v1.multiband__ar1__snrinf__none__n2048__v1__seed12,SYNTHETIC,profiles_c162_v1_worker_b,attempts/37250242c05ecb3c6ecd__thetic.df_synthetic_bank.c128.v1.multiband__ar1__snrinf__none__n2048__v1__seed12/attempt-1/profile.jsonl,COMPLETED,1,True,203355,NOT_INSPECTED_RESOURCE_CAP,,,,,
synthetic.df_synthetic_bank.c128.v1.multiband__contaminated__snr-5__none__n2048__v1__seed13,SYNTHETIC,profiles_c162_v1_worker_b,attempts/c77e7eb0d7c2f2413886__f_synthetic_bank.c128.v1.multiband__contaminated__snr-5__none__n2048__v1__seed13/attempt-1/profile.jsonl,COMPLETED,1,True,205423,NOT_INSPECTED_RESOURCE_CAP,,,,,
synthetic.df_synthetic_bank.c128.v1.multiband__contaminated__snr0__none__n2048__v1__seed13,SYNTHETIC,profiles_c162_v1_worker_b,attempts/31de00ddd6ad0204cded__df_synthetic_bank.c128.v1.multiband__contaminated__snr0__none__n2048__v1__seed13/attempt-1/profile.jsonl,COMPLETED,1,True,205129,NOT_INSPECTED_RESOURCE_CAP,,,,,
synthetic.df_synthetic_bank.c128.v1.multiband__contaminated__snr20__none__n2048__v1__seed11,SYNTHETIC,profiles_c162_v1_worker_b,attempts/2d9428cfb03d84e805a8__f_synthetic_bank.c128.v1.multiband__contaminated__snr20__none__n2048__v1__seed11/attempt-1/profile.jsonl,COMPLETED,1,True,205423,NOT_INSPECTED_RESOURCE_CAP,,,,,
synthetic.df_synthetic_bank.c128.v1.multiband__contaminated__snr5__none__n2048__v1__seed11,SYNTHETIC,profiles_c162_v1_worker_b,attempts/22583d024e3cdfc51dee__df_synthetic_bank.c128.v1.multiband__contaminated__snr5__none__n2048__v1__seed11/attempt-1/profile.jsonl,COMPLETED,1,True,205126,NOT_INSPECTED_RESOURCE_CAP,,,,,
synthetic.df_synthetic_bank.c128.v1.multiband__contaminated__snrinf__none__n2048__v1__seed12,SYNTHETIC,profiles_c162_v1_worker_b,attempts/d5dbaa3cbc90f28b7dd4___synthetic_bank.c128.v1.multiband__contaminated__snrinf__none__n2048__v1__seed12/attempt-1/profile.jsonl,COMPLETED,1,True,205686,NOT_INSPECTED_RESOURCE_CAP,,,,,
synthetic.df_synthetic_bank.c128.v1.multiband__correlated__snr-5__none__n2048__v3__seed12,SYNTHETIC,profiles_c162_v1_worker_b,attempts/06ab23ddc3446f0e4793__.df_synthetic_bank.c128.v1.multiband__correlated__snr-5__none__n2048__v3__seed12/attempt-1/profile.jsonl,COMPLETED,3,True,697189,NOT_INSPECTED_RESOURCE_CAP,,,,,
synthetic.df_synthetic_bank.c128.v1.multiband__correlated__snr0__none__n2048__v3__seed13,SYNTHETIC,profiles_c162_v1_worker_b,attempts/936565461b485b2bd6a3__c.df_synthetic_bank.c128.v1.multiband__correlated__snr0__none__n2048__v3__seed13/attempt-1/profile.jsonl,COMPLETED,3,True,696340,NOT_INSPECTED_RESOURCE_CAP,,,,,
synthetic.df_synthetic_bank.c128.v1.multiband__correlated__snr10__none__n2048__v3__seed13,SYNTHETIC,profiles_c162_v1_worker_b,attempts/9b6437aa51d776c5955a__.df_synthetic_bank.c128.v1.multiband__correlated__snr10__none__n2048__v3__seed13/attempt-1/profile.jsonl,COMPLETED,3,True,696936,NOT_INSPECTED_RESOURCE_CAP,,,,,
synthetic.df_synthetic_bank.c128.v1.multiband__correlated__snr5__none__n2048__v3__seed11,SYNTHETIC,profiles_c162_v1_worker_b,attempts/a0e76bc1e802acf4d304__c.df_synthetic_bank.c128.v1.multiband__correlated__snr5__none__n2048__v3__seed11/attempt-1/profile.jsonl,COMPLETED,3,True,696124,NOT_INSPECTED_RESOURCE_CAP,,,,,
synthetic.df_synthetic_bank.c128.v1.multiband__correlated__snrinf__none__n2048__v3__seed11,SYNTHETIC,profiles_c162_v1_worker_b,attempts/803fba3c68e9eef9c55e__df_synthetic_bank.c128.v1.multiband__correlated__snrinf__none__n2048__v3__seed11/attempt-1/profile.jsonl,COMPLETED,3,True,698325,NOT_INSPECTED_RESOURCE_CAP,,,,,
synthetic.df_synthetic_bank.c128.v1.multiband__heteroscedastic__snr-5__none__n2048__v1__seed12,SYNTHETIC,profiles_c162_v1_worker_b,attempts/8d039d41f3917c68784e__ynthetic_bank.c128.v1.multiband__heteroscedastic__snr-5__none__n2048__v1__seed12/attempt-1/profile.jsonl,COMPLETED,1,True,206134,NOT_INSPECTED_RESOURCE_CAP,,,,,
synthetic.df_synthetic_bank.c128.v1.multiband__heteroscedastic__snr0__none__n2048__v1__seed12,SYNTHETIC,profiles_c162_v1_worker_b,attempts/3b6a278f3384bc4da96a__synthetic_bank.c128.v1.multiband__heteroscedastic__snr0__none__n2048__v1__seed12/attempt-1/profile.jsonl,COMPLETED,1,True,205962,NOT_INSPECTED_RESOURCE_CAP,,,,,
synthetic.df_synthetic_bank.c128.v1.multiband__heteroscedastic__snr10__none__n2048__v1__seed13,SYNTHETIC,profiles_c162_v1_worker_b,attempts/3444f43b775d427e7dff__ynthetic_bank.c128.v1.multiband__heteroscedastic__snr10__none__n2048__v1__seed13/attempt-1/profile.jsonl,COMPLETED,1,True,206101,NOT_INSPECTED_RESOURCE_CAP,,,,,
synthetic.df_synthetic_bank.c128.v1.multiband__heteroscedastic__snr20__none__n2048__v1__seed13,SYNTHETIC,profiles_c162_v1_worker_b,attempts/e23211f49cff7dbd3ff0__ynthetic_bank.c128.v1.multiband__heteroscedastic__snr20__none__n2048__v1__seed13/attempt-1/profile.jsonl,COMPLETED,1,True,206271,NOT_INSPECTED_RESOURCE_CAP,,,,,
synthetic.df_synthetic_bank.c128.v1.multiband__heteroscedastic__snrinf__none__n2048__v1__seed11,SYNTHETIC,profiles_c162_v1_worker_b,attempts/20d5076c1f2527dd6e5e__nthetic_bank.c128.v1.multiband__heteroscedastic__snrinf__none__n2048__v1__seed11/attempt-1/profile.jsonl,COMPLETED,1,True,206531,NOT_INSPECTED_RESOURCE_CAP,,,,,
synthetic.df_synthetic_bank.c128.v1.multiband__pink__snr-5__none__n2048__v1__seed11,SYNTHETIC,profiles_c162_v1_worker_b,attempts/b603a1487c4fbd2726e5__thetic.df_synthetic_bank.c128.v1.multiband__pink__snr-5__none__n2048__v1__seed11/attempt-1/profile.jsonl,COMPLETED,1,True,203400,NOT_INSPECTED_RESOURCE_CAP,,,,,
synthetic.df_synthetic_bank.c128.v1.multiband__pink__snr0__none__n2048__v1__seed12,SYNTHETIC,profiles_c162_v1_worker_b,attempts/79c4cf07ef1de0f65a28__nthetic.df_synthetic_bank.c128.v1.multiband__pink__snr0__none__n2048__v1__seed12/attempt-1/profile.jsonl,COMPLETED,1,True,203101,NOT_INSPECTED_RESOURCE_CAP,,,,,
synthetic.df_synthetic_bank.c128.v1.multiband__pink__snr10__none__n2048__v1__seed12,SYNTHETIC,profiles_c162_v1_worker_b,attempts/94ab0bedaf0da0c66098__thetic.df_synthetic_bank.c128.v1.multiband__pink__snr10__none__n2048__v1__seed12/attempt-1/profile.jsonl,COMPLETED,1,True,203407,NOT_INSPECTED_RESOURCE_CAP,,,,,
synthetic.df_synthetic_bank.c128.v1.multiband__pink__snr20__none__n2048__v1__seed13,SYNTHETIC,profiles_c162_v1_worker_b,attempts/0186472000b5c8734215__thetic.df_synthetic_bank.c128.v1.multiband__pink__snr20__none__n2048__v1__seed13/attempt-1/profile.jsonl,COMPLETED,1,True,203386,NOT_INSPECTED_RESOURCE_CAP,,,,,
synthetic.df_synthetic_bank.c128.v1.multiband__pink__snr5__none__n2048__v1__seed13,SYNTHETIC,profiles_c162_v1_worker_b,attempts/512835eb43bc1f04b763__nthetic.df_synthetic_bank.c128.v1.multiband__pink__snr5__none__n2048__v1__seed13/attempt-1/profile.jsonl,COMPLETED,1,True,203075,NOT_INSPECTED_RESOURCE_CAP,,,,,
synthetic.df_synthetic_bank.c128.v1.multiband__student_t__snr-5__none__n2048__v1__seed11,SYNTHETIC,profiles_c162_v1_worker_b,attempts/041941ac9a85c8824697__c.df_synthetic_bank.c128.v1.multiband__student_t__snr-5__none__n2048__v1__seed11/attempt-1/profile.jsonl,COMPLETED,1,True,204740,NOT_INSPECTED_RESOURCE_CAP,,,,,
synthetic.df_synthetic_bank.c128.v1.multiband__student_t__snr0__none__n2048__v1__seed11,SYNTHETIC,profiles_c162_v1_worker_b,attempts/68e605da89665930deb5__ic.df_synthetic_bank.c128.v1.multiband__student_t__snr0__none__n2048__v1__seed11/attempt-1/profile.jsonl,COMPLETED,1,True,204480,NOT_INSPECTED_RESOURCE_CAP,,,,,
synthetic.df_synthetic_bank.c128.v1.multiband__student_t__snr10__none__n2048__v1__seed12,SYNTHETIC,profiles_c162_v1_worker_b,attempts/af6f23327efd6cdc14ab__c.df_synthetic_bank.c128.v1.multiband__student_t__snr10__none__n2048__v1__seed12/attempt-1/profile.jsonl,COMPLETED,1,True,204623,NOT_INSPECTED_RESOURCE_CAP,,,,,
synthetic.df_synthetic_bank.c128.v1.multiband__student_t__snr20__none__n2048__v1__seed12,SYNTHETIC,profiles_c162_v1_worker_b,attempts/5264990ff5a29823938a__c.df_synthetic_bank.c128.v1.multiband__student_t__snr20__none__n2048__v1__seed12/attempt-1/profile.jsonl,COMPLETED,1,True,204624,NOT_INSPECTED_RESOURCE_CAP,,,,,
synthetic.df_synthetic_bank.c128.v1.multiband__student_t__snr5__none__n2048__v1__seed13,SYNTHETIC,profiles_c162_v1_worker_b,attempts/b0f4313695659052dc52__ic.df_synthetic_bank.c128.v1.multiband__student_t__snr5__none__n2048__v1__seed13/attempt-1/profile.jsonl,COMPLETED,1,True,204372,NOT_INSPECTED_RESOURCE_CAP,,,,,
synthetic.df_synthetic_bank.c128.v1.multiband__student_t__snrinf__none__n2048__v1__seed13,SYNTHETIC,profiles_c162_v1_worker_b,attempts/795c67662730a80b92b6__.df_synthetic_bank.c128.v1.multiband__student_t__snrinf__none__n2048__v1__seed13/attempt-1/profile.jsonl,COMPLETED,1,True,204870,NOT_INSPECTED_RESOURCE_CAP,,,,,
synthetic.df_synthetic_bank.c128.v1.multiband__white__snr0__none__n2048__v1__seed11,SYNTHETIC,profiles_c162_v1_worker_b,attempts/39ddd5357849a8dbecd5__thetic.df_synthetic_bank.c128.v1.multiband__white__snr0__none__n2048__v1__seed11/attempt-1/profile.jsonl,COMPLETED,1,True,203357,NOT_INSPECTED_RESOURCE_CAP,,,,,
synthetic.df_synthetic_bank.c128.v1.multiband__white__snr10__none__n2048__v1__seed11,SYNTHETIC,profiles_c162_v1_worker_b,attempts/ea5b90d0f4738f094195__hetic.df_synthetic_bank.c128.v1.multiband__white__snr10__none__n2048__v1__seed11/attempt-1/profile.jsonl,COMPLETED,1,True,203630,NOT_INSPECTED_RESOURCE_CAP,,,,,
synthetic.df_synthetic_bank.c128.v1.multiband__white__snr20__none__n2048__v1__seed12,SYNTHETIC,profiles_c162_v1_worker_b,attempts/4568b8f342b8c10c424d__hetic.df_synthetic_bank.c128.v1.multiband__white__snr20__none__n2048__v1__seed12/attempt-1/profile.jsonl,COMPLETED,1,True,203640,NOT_INSPECTED_RESOURCE_CAP,,,,,
synthetic.df_synthetic_bank.c128.v1.multiband__white__snr5__none__n2048__v1__seed12,SYNTHETIC,profiles_c162_v1_worker_b,attempts/5275c4ecaa519add1eff__thetic.df_synthetic_bank.c128.v1.multiband__white__snr5__none__n2048__v1__seed12/attempt-1/profile.jsonl,COMPLETED,1,True,203328,NOT_INSPECTED_RESOURCE_CAP,,,,,
synthetic.df_synthetic_bank.c128.v1.multiband__white__snrinf__none__n2048__v1__seed13,SYNTHETIC,profiles_c162_v1_worker_b,attempts/d07079660042659aeb88__etic.df_synthetic_bank.c128.v1.multiband__white__snrinf__none__n2048__v1__seed13/attempt-1/profile.jsonl,COMPLETED,1,True,203897,NOT_INSPECTED_RESOURCE_CAP,,,,,
synthetic.df_synthetic_bank.c128.v1.multivariate__white__snr-5__none__n2048__v3__seed13,SYNTHETIC,profiles_c162_v1_worker_b,attempts/7b2b0a804d24bebef6cf__ic.df_synthetic_bank.c128.v1.multivariate__white__snr-5__none__n2048__v3__seed13/attempt-1/profile.jsonl,COMPLETED,3,True,695454,NOT_INSPECTED_RESOURCE_CAP,,,,,
synthetic.df_synthetic_bank.c128.v1.multivariate__white__snr10__blocks__n2048__v3__seed11,SYNTHETIC,profiles_c162_v1_worker_b,attempts/0c301293466ecde2cac2__.df_synthetic_bank.c128.v1.multivariate__white__snr10__blocks__n2048__v3__seed11/attempt-1/profile.jsonl,COMPLETED,3,True,698777,NOT_INSPECTED_RESOURCE_CAP,,,,,
synthetic.df_synthetic_bank.c128.v1.multivariate__white__snr10__mcar__n2048__v3__seed11,SYNTHETIC,profiles_c162_v1_worker_b,attempts/bba8af484a9a536bf714__ic.df_synthetic_bank.c128.v1.multivariate__white__snr10__mcar__n2048__v3__seed11/attempt-1/profile.jsonl,COMPLETED,3,True,697497,NOT_INSPECTED_RESOURCE_CAP,,,,,
synthetic.df_synthetic_bank.c128.v1.multivariate__white__snr10__none__n2048__v3__seed12,SYNTHETIC,profiles_c162_v1_worker_b,attempts/044d5518e75684ed7b24__ic.df_synthetic_bank.c128.v1.multivariate__white__snr10__none__n2048__v3__seed12/attempt-1/profile.jsonl,COMPLETED,3,True,696468,NOT_INSPECTED_RESOURCE_CAP,,,,,
synthetic.df_synthetic_bank.c128.v1.multivariate__white__snr20__none__n2048__v3__seed12,SYNTHETIC,profiles_c162_v1_worker_b,attempts/aeecf29e03f70230343c__ic.df_synthetic_bank.c128.v1.multivariate__white__snr20__none__n2048__v3__seed12/attempt-1/profile.jsonl,COMPLETED,3,True,696767,NOT_INSPECTED_RESOURCE_CAP,,,,,
synthetic.df_synthetic_bank.c128.v1.multivariate__white__snr5__none__n2048__v3__seed13,SYNTHETIC,profiles_c162_v1_worker_b,attempts/c61a91e21fc077c1c918__tic.df_synthetic_bank.c128.v1.multivariate__white__snr5__none__n2048__v3__seed13/attempt-1/profile.jsonl,COMPLETED,3,True,696181,NOT_INSPECTED_RESOURCE_CAP,,,,,
synthetic.df_synthetic_bank.c128.v1.multivariate__white__snrinf__none__n2048__v3__seed13,SYNTHETIC,profiles_c162_v1_worker_b,attempts/827c626e1758487063dd__c.df_synthetic_bank.c128.v1.multivariate__white__snrinf__none__n2048__v3__seed13/attempt-1/profile.jsonl,COMPLETED,3,True,697587,NOT_INSPECTED_RESOURCE_CAP,,,,,
synthetic.df_synthetic_bank.c128.v1.null__null__snrnan__none__n512__v1__seed11,SYNTHETIC,profiles_c162_v1_worker_b,attempts/f8f520a4c66bfdef429a__synthetic.df_synthetic_bank.c128.v1.null__null__snrnan__none__n512__v1__seed11/attempt-1/profile.jsonl,COMPLETED,1,True,201254,NOT_INSPECTED_RESOURCE_CAP,,,,,
synthetic.df_synthetic_bank.c128.v1.null__null__snrnan__none__n8192__v1__seed11,SYNTHETIC,profiles_c162_v1_worker_b,attempts/d2edae7c9f9856f3ae55__synthetic.df_synthetic_bank.c128.v1.null__null__snrnan__none__n8192__v1__seed11/attempt-1/profile.jsonl,COMPLETED,1,True,201472,NOT_INSPECTED_RESOURCE_CAP,,,,,
synthetic.df_synthetic_bank.c128.v1.null__white__snr-inf__none__n2048__v1__seed11,SYNTHETIC,profiles_c162_v1_worker_b,attempts/a119f2c81cc435059874__ynthetic.df_synthetic_bank.c128.v1.null__white__snr-inf__none__n2048__v1__seed11/attempt-1/profile.jsonl,COMPLETED,1,True,202840,NOT_INSPECTED_RESOURCE_CAP,,,,,
synthetic.df_synthetic_bank.c128.v1.null__white__snr-inf__none__n512__v1__seed11,SYNTHETIC,profiles_c162_v1_worker_b,attempts/73eb54868f0530c39183__synthetic.df_synthetic_bank.c128.v1.null__white__snr-inf__none__n512__v1__seed11/attempt-1/profile.jsonl,COMPLETED,1,True,202685,NOT_INSPECTED_RESOURCE_CAP,,,,,
synthetic.df_synthetic_bank.c128.v1.null__white__snr-inf__none__n8192__v1__seed11,SYNTHETIC,profiles_c162_v1_worker_b,attempts/bafb9d8577f6d9398762__ynthetic.df_synthetic_bank.c128.v1.null__white__snr-inf__none__n8192__v1__seed11/attempt-1/profile.jsonl,COMPLETED,1,True,202874,NOT_INSPECTED_RESOURCE_CAP,,,,,
synthetic.df_synthetic_bank.c128.v1.regime_frequency__white__snr-5__none__n2048__v1__seed11,SYNTHETIC,profiles_c162_v1_worker_b,attempts/35fb68e2cd76ee14961a__f_synthetic_bank.c128.v1.regime_frequency__white__snr-5__none__n2048__v1__seed11/attempt-1/profile.jsonl,COMPLETED,1,True,205474,NOT_INSPECTED_RESOURCE_CAP,,,,,
synthetic.df_synthetic_bank.c128.v1.regime_frequency__white__snr0__none__n2048__v1__seed12,SYNTHETIC,profiles_c162_v1_worker_b,attempts/04ecfdd4c7f4d5a8ea0d__df_synthetic_bank.c128.v1.regime_frequency__white__snr0__none__n2048__v1__seed12/attempt-1/profile.jsonl,COMPLETED,1,True,205230,NOT_INSPECTED_RESOURCE_CAP,,,,,
synthetic.df_synthetic_bank.c128.v1.regime_frequency__white__snr10__none__n2048__v1__seed12,SYNTHETIC,profiles_c162_v1_worker_b,attempts/dfe6b4a257372508386f__f_synthetic_bank.c128.v1.regime_frequency__white__snr10__none__n2048__v1__seed12/attempt-1/profile.jsonl,COMPLETED,1,True,205417,NOT_INSPECTED_RESOURCE_CAP,,,,,
synthetic.df_synthetic_bank.c128.v1.regime_frequency__white__snr20__none__n2048__v1__seed13,SYNTHETIC,profiles_c162_v1_worker_b,attempts/2317d1b823431ac2c5de__f_synthetic_bank.c128.v1.regime_frequency__white__snr20__none__n2048__v1__seed13/attempt-1/profile.jsonl,COMPLETED,1,True,205427,NOT_INSPECTED_RESOURCE_CAP,,,,,
synthetic.df_synthetic_bank.c128.v1.regime_frequency__white__snr5__none__n2048__v1__seed13,SYNTHETIC,profiles_c162_v1_worker_b,attempts/23f9c81307ae8f4d09f7__df_synthetic_bank.c128.v1.regime_frequency__white__snr5__none__n2048__v1__seed13/attempt-1/profile.jsonl,COMPLETED,1,True,205215,NOT_INSPECTED_RESOURCE_CAP,,,,,
synthetic.df_synthetic_bank.c128.v1.regime_mean__white__snr-5__none__n2048__v1__seed11,SYNTHETIC,profiles_c162_v1_worker_b,attempts/e9800df3b24f80b333d1__tic.df_synthetic_bank.c128.v1.regime_mean__white__snr-5__none__n2048__v1__seed11/attempt-1/profile.jsonl,COMPLETED,1,True,204087,NOT_INSPECTED_RESOURCE_CAP,,,,,
synthetic.df_synthetic_bank.c128.v1.regime_mean__white__snr0__none__n2048__v1__seed11,SYNTHETIC,profiles_c162_v1_worker_b,attempts/38c44e3916d2b458cd6a__etic.df_synthetic_bank.c128.v1.regime_mean__white__snr0__none__n2048__v1__seed11/attempt-1/profile.jsonl,COMPLETED,1,True,203907,NOT_INSPECTED_RESOURCE_CAP,,,,,
synthetic.df_synthetic_bank.c128.v1.regime_mean__white__snr10__none__n2048__v1__seed12,SYNTHETIC,profiles_c162_v1_worker_b,attempts/939f367998dd9a7dceb6__tic.df_synthetic_bank.c128.v1.regime_mean__white__snr10__none__n2048__v1__seed12/attempt-1/profile.jsonl,COMPLETED,1,True,204056,NOT_INSPECTED_RESOURCE_CAP,,,,,
synthetic.df_synthetic_bank.c128.v1.regime_mean__white__snr20__none__n2048__v1__seed12,SYNTHETIC,profiles_c162_v1_worker_b,attempts/880e5fc68607ea6a3f2d__tic.df_synthetic_bank.c128.v1.regime_mean__white__snr20__none__n2048__v1__seed12/attempt-1/profile.jsonl,COMPLETED,1,True,204120,NOT_INSPECTED_RESOURCE_CAP,,,,,
synthetic.df_synthetic_bank.c128.v1.regime_mean__white__snr5__none__n2048__v1__seed13,SYNTHETIC,profiles_c162_v1_worker_b,attempts/0d49cfd58d7caa8c4fae__etic.df_synthetic_bank.c128.v1.regime_mean__white__snr5__none__n2048__v1__seed13/attempt-1/profile.jsonl,COMPLETED,1,True,203930,NOT_INSPECTED_RESOURCE_CAP,,,,,
synthetic.df_synthetic_bank.c128.v1.regime_mean__white__snrinf__none__n2048__v1__seed13,SYNTHETIC,profiles_c162_v1_worker_b,attempts/58ccfc7fde3938540fc6__ic.df_synthetic_bank.c128.v1.regime_mean__white__snrinf__none__n2048__v1__seed13/attempt-1/profile.jsonl,COMPLETED,1,True,204350,NOT_INSPECTED_RESOURCE_CAP,,,,,
synthetic.df_synthetic_bank.c128.v1.regime_variance__white__snr0__none__n2048__v1__seed11,SYNTHETIC,profiles_c162_v1_worker_b,attempts/a335df4bde75e1ef8a91__.df_synthetic_bank.c128.v1.regime_variance__white__snr0__none__n2048__v1__seed11/attempt-1/profile.jsonl,COMPLETED,1,True,204904,NOT_INSPECTED_RESOURCE_CAP,,,,,
synthetic.df_synthetic_bank.c128.v1.regime_variance__white__snr10__none__n2048__v1__seed11,SYNTHETIC,profiles_c162_v1_worker_b,attempts/0d00cb72d4d08801cd0f__df_synthetic_bank.c128.v1.regime_variance__white__snr10__none__n2048__v1__seed11/attempt-1/profile.jsonl,COMPLETED,1,True,205180,NOT_INSPECTED_RESOURCE_CAP,,,,,
synthetic.df_synthetic_bank.c128.v1.regime_variance__white__snr20__none__n2048__v1__seed12,SYNTHETIC,profiles_c162_v1_worker_b,attempts/a0c81d3120ac98a21e5e__df_synthetic_bank.c128.v1.regime_variance__white__snr20__none__n2048__v1__seed12/attempt-1/profile.jsonl,COMPLETED,1,True,205187,NOT_INSPECTED_RESOURCE_CAP,,,,,
synthetic.df_synthetic_bank.c128.v1.regime_variance__white__snr5__none__n2048__v1__seed12,SYNTHETIC,profiles_c162_v1_worker_b,attempts/8773b4cddbc8848d937e__.df_synthetic_bank.c128.v1.regime_variance__white__snr5__none__n2048__v1__seed12/attempt-1/profile.jsonl,COMPLETED,1,True,204997,NOT_INSPECTED_RESOURCE_CAP,,,,,
synthetic.df_synthetic_bank.c128.v1.regime_variance__white__snrinf__none__n2048__v1__seed13,SYNTHETIC,profiles_c162_v1_worker_b,attempts/5d08bc55c76327638a94__f_synthetic_bank.c128.v1.regime_variance__white__snrinf__none__n2048__v1__seed13/attempt-1/profile.jsonl,COMPLETED,1,True,205401,NOT_INSPECTED_RESOURCE_CAP,,,,,
synthetic.df_synthetic_bank.c128.v1.seasonal__white__snr-5__none__n2048__v1__seed13,SYNTHETIC,profiles_c162_v1_worker_b,attempts/8179009f83e6855fe135__thetic.df_synthetic_bank.c128.v1.seasonal__white__snr-5__none__n2048__v1__seed13/attempt-1/profile.jsonl,COMPLETED,1,True,203435,NOT_INSPECTED_RESOURCE_CAP,,,,,
synthetic.df_synthetic_bank.c128.v1.seasonal__white__snr10__none__n2048__v1__seed11,SYNTHETIC,profiles_c162_v1_worker_b,attempts/0e97736a07c9680e369e__thetic.df_synthetic_bank.c128.v1.seasonal__white__snr10__none__n2048__v1__seed11/attempt-1/profile.jsonl,COMPLETED,1,True,203343,NOT_INSPECTED_RESOURCE_CAP,,,,,
synthetic.df_synthetic_bank.c128.v1.seasonal__white__snr20__none__n2048__v1__seed11,SYNTHETIC,profiles_c162_v1_worker_b,attempts/cc775fe0c94d5252ccc0__thetic.df_synthetic_bank.c128.v1.seasonal__white__snr20__none__n2048__v1__seed11/attempt-1/profile.jsonl,COMPLETED,1,True,203421,NOT_INSPECTED_RESOURCE_CAP,,,,,
synthetic.df_synthetic_bank.c128.v1.seasonal__white__snr5__none__n2048__v1__seed12,SYNTHETIC,profiles_c162_v1_worker_b,attempts/e849ea3bbe3f023ad7b9__nthetic.df_synthetic_bank.c128.v1.seasonal__white__snr5__none__n2048__v1__seed12/attempt-1/profile.jsonl,COMPLETED,1,True,203116,NOT_INSPECTED_RESOURCE_CAP,,,,,
synthetic.df_synthetic_bank.c128.v1.seasonal__white__snrinf__none__n2048__v1__seed12,SYNTHETIC,profiles_c162_v1_worker_b,attempts/3ccdae8202c9f7cc6326__hetic.df_synthetic_bank.c128.v1.seasonal__white__snrinf__none__n2048__v1__seed12/attempt-1/profile.jsonl,COMPLETED,1,True,203559,NOT_INSPECTED_RESOURCE_CAP,,,,,
synthetic.df_synthetic_bank.c128.v1.sinusoid__ar1__snr-5__none__n2048__v1__seed13,SYNTHETIC,profiles_c162_v1_worker_b,attempts/b5bf4363945910f5f103__ynthetic.df_synthetic_bank.c128.v1.sinusoid__ar1__snr-5__none__n2048__v1__seed13/attempt-1/profile.jsonl,COMPLETED,1,True,202816,NOT_INSPECTED_RESOURCE_CAP,,,,,
synthetic.df_synthetic_bank.c128.v1.sinusoid__ar1__snr0__none__n2048__v1__seed13,SYNTHETIC,profiles_c162_v1_worker_b,attempts/28631a4e0cee1e67b445__synthetic.df_synthetic_bank.c128.v1.sinusoid__ar1__snr0__none__n2048__v1__seed13/attempt-1/profile.jsonl,COMPLETED,1,True,202617,NOT_INSPECTED_RESOURCE_CAP,,,,,
synthetic.df_synthetic_bank.c128.v1.sinusoid__ar1__snr20__none__n2048__v1__seed11,SYNTHETIC,profiles_c162_v1_worker_b,attempts/8a353e09261349fb9933__ynthetic.df_synthetic_bank.c128.v1.sinusoid__ar1__snr20__none__n2048__v1__seed11/attempt-1/profile.jsonl,COMPLETED,1,True,202913,NOT_INSPECTED_RESOURCE_CAP,,,,,
synthetic.df_synthetic_bank.c128.v1.sinusoid__ar1__snr5__none__n2048__v1__seed11,SYNTHETIC,profiles_c162_v1_worker_b,attempts/29cafc014acc93b80a40__synthetic.df_synthetic_bank.c128.v1.sinusoid__ar1__snr5__none__n2048__v1__seed11/attempt-1/profile.jsonl,COMPLETED,1,True,202604,NOT_INSPECTED_RESOURCE_CAP,,,,,
synthetic.df_synthetic_bank.c128.v1.sinusoid__ar1__snrinf__none__n2048__v1__seed12,SYNTHETIC,profiles_c162_v1_worker_b,attempts/b6645d7eb41ea9e0f507__nthetic.df_synthetic_bank.c128.v1.sinusoid__ar1__snrinf__none__n2048__v1__seed12/attempt-1/profile.jsonl,COMPLETED,1,True,203107,NOT_INSPECTED_RESOURCE_CAP,,,,,
synthetic.df_synthetic_bank.c128.v1.sinusoid__contaminated__snr-5__none__n2048__v1__seed12,SYNTHETIC,profiles_c162_v1_worker_b,attempts/b784b7c52691c653e97f__df_synthetic_bank.c128.v1.sinusoid__contaminated__snr-5__none__n2048__v1__seed12/attempt-1/profile.jsonl,COMPLETED,1,True,205196,NOT_INSPECTED_RESOURCE_CAP,,,,,
synthetic.df_synthetic_bank.c128.v1.sinusoid__contaminated__snr0__none__n2048__v1__seed13,SYNTHETIC,profiles_c162_v1_worker_b,attempts/fb399d6cd477033898c3__.df_synthetic_bank.c128.v1.sinusoid__contaminated__snr0__none__n2048__v1__seed13/attempt-1/profile.jsonl,COMPLETED,1,True,204873,NOT_INSPECTED_RESOURCE_CAP,,,,,
synthetic.df_synthetic_bank.c128.v1.sinusoid__contaminated__snr10__none__n2048__v1__seed13,SYNTHETIC,profiles_c162_v1_worker_b,attempts/be09f418bd3b7e97bda1__df_synthetic_bank.c128.v1.sinusoid__contaminated__snr10__none__n2048__v1__seed13/attempt-1/profile.jsonl,COMPLETED,1,True,205193,NOT_INSPECTED_RESOURCE_CAP,,,,,
synthetic.df_synthetic_bank.c128.v1.sinusoid__contaminated__snr5__none__n2048__v1__seed11,SYNTHETIC,profiles_c162_v1_worker_b,attempts/35e67d859056eb613a19__.df_synthetic_bank.c128.v1.sinusoid__contaminated__snr5__none__n2048__v1__seed11/attempt-1/profile.jsonl,COMPLETED,1,True,204935,NOT_INSPECTED_RESOURCE_CAP,,,,,
synthetic.df_synthetic_bank.c128.v1.sinusoid__contaminated__snrinf__none__n2048__v1__seed11,SYNTHETIC,profiles_c162_v1_worker_b,attempts/5d6ccd91c98a2376a3dc__f_synthetic_bank.c128.v1.sinusoid__contaminated__snrinf__none__n2048__v1__seed11/attempt-1/profile.jsonl,COMPLETED,1,True,205447,NOT_INSPECTED_RESOURCE_CAP,,,,,
synthetic.df_synthetic_bank.c128.v1.sinusoid__correlated__snr-5__none__n2048__v3__seed12,SYNTHETIC,profiles_c162_v1_worker_b,attempts/68cc7b1fd553c4b43299__c.df_synthetic_bank.c128.v1.sinusoid__correlated__snr-5__none__n2048__v3__seed12/attempt-1/profile.jsonl,COMPLETED,3,True,696422,NOT_INSPECTED_RESOURCE_CAP,,,,,
synthetic.df_synthetic_bank.c128.v1.sinusoid__correlated__snr0__none__n2048__v3__seed12,SYNTHETIC,profiles_c162_v1_worker_b,attempts/7d1eaae993696dfd1fe6__ic.df_synthetic_bank.c128.v1.sinusoid__correlated__snr0__none__n2048__v3__seed12/attempt-1/profile.jsonl,COMPLETED,3,True,695684,NOT_INSPECTED_RESOURCE_CAP,,,,,
synthetic.df_synthetic_bank.c128.v1.sinusoid__correlated__snr10__none__n2048__v3__seed13,SYNTHETIC,profiles_c162_v1_worker_b,attempts/c3131f0b39ad5913065e__c.df_synthetic_bank.c128.v1.sinusoid__correlated__snr10__none__n2048__v3__seed13/attempt-1/profile.jsonl,COMPLETED,3,True,696503,NOT_INSPECTED_RESOURCE_CAP,,,,,
synthetic.df_synthetic_bank.c128.v1.sinusoid__correlated__snr20__none__n2048__v3__seed13,SYNTHETIC,profiles_c162_v1_worker_b,attempts/fa5fe2927add2f61e055__c.df_synthetic_bank.c128.v1.sinusoid__correlated__snr20__none__n2048__v3__seed13/attempt-1/profile.jsonl,COMPLETED,3,True,696487,NOT_INSPECTED_RESOURCE_CAP,,,,,
synthetic.df_synthetic_bank.c128.v1.sinusoid__correlated__snrinf__none__n2048__v3__seed11,SYNTHETIC,profiles_c162_v1_worker_b,attempts/e88e68fbfd4084f3e6a3__.df_synthetic_bank.c128.v1.sinusoid__correlated__snrinf__none__n2048__v3__seed11/attempt-1/profile.jsonl,COMPLETED,3,True,697301,NOT_INSPECTED_RESOURCE_CAP,,,,,
synthetic.df_synthetic_bank.c128.v1.sinusoid__heteroscedastic__snr-5__none__n2048__v1__seed11,SYNTHETIC,profiles_c162_v1_worker_b,attempts/c191087293d15c0fe5c6__synthetic_bank.c128.v1.sinusoid__heteroscedastic__snr-5__none__n2048__v1__seed11/attempt-1/profile.jsonl,COMPLETED,1,True,205931,NOT_INSPECTED_RESOURCE_CAP,,,,,
synthetic.df_synthetic_bank.c128.v1.sinusoid__heteroscedastic__snr0__none__n2048__v1__seed12,SYNTHETIC,profiles_c162_v1_worker_b,attempts/609dd7c3ed4b99a52745___synthetic_bank.c128.v1.sinusoid__heteroscedastic__snr0__none__n2048__v1__seed12/attempt-1/profile.jsonl,COMPLETED,1,True,205697,NOT_INSPECTED_RESOURCE_CAP,,,,,
synthetic.df_synthetic_bank.c128.v1.sinusoid__heteroscedastic__snr10__none__n2048__v1__seed12,SYNTHETIC,profiles_c162_v1_worker_b,attempts/957026bf300e7a37c35f__synthetic_bank.c128.v1.sinusoid__heteroscedastic__snr10__none__n2048__v1__seed12/attempt-1/profile.jsonl,COMPLETED,1,True,205932,NOT_INSPECTED_RESOURCE_CAP,,,,,
synthetic.df_synthetic_bank.c128.v1.sinusoid__heteroscedastic__snr20__none__n2048__v1__seed13,SYNTHETIC,profiles_c162_v1_worker_b,attempts/432e7aef2aea14e0e7ae__synthetic_bank.c128.v1.sinusoid__heteroscedastic__snr20__none__n2048__v1__seed13/attempt-1/profile.jsonl,COMPLETED,1,True,206032,NOT_INSPECTED_RESOURCE_CAP,,,,,
synthetic.df_synthetic_bank.c128.v1.sinusoid__heteroscedastic__snr5__none__n2048__v1__seed13,SYNTHETIC,profiles_c162_v1_worker_b,attempts/d04a62da4d4214bbd4b9___synthetic_bank.c128.v1.sinusoid__heteroscedastic__snr5__none__n2048__v1__seed13/attempt-1/profile.jsonl,COMPLETED,1,True,205562,NOT_INSPECTED_RESOURCE_CAP,,,,,
synthetic.df_synthetic_bank.c128.v1.sinusoid__null__snrinf__none__n2048__v1__seed11,SYNTHETIC,profiles_c162_v1_worker_b,attempts/b140f24ee2d608861ad5__thetic.df_synthetic_bank.c128.v1.sinusoid__null__snrinf__none__n2048__v1__seed11/attempt-1/profile.jsonl,COMPLETED,1,True,203523,NOT_INSPECTED_RESOURCE_CAP,,,,,
synthetic.df_synthetic_bank.c128.v1.sinusoid__null__snrinf__none__n512__v1__seed12,SYNTHETIC,profiles_c162_v1_worker_b,attempts/b29a25bcf1df9f0ed252__nthetic.df_synthetic_bank.c128.v1.sinusoid__null__snrinf__none__n512__v1__seed12/attempt-1/profile.jsonl,COMPLETED,1,True,203107,NOT_INSPECTED_RESOURCE_CAP,,,,,
synthetic.df_synthetic_bank.c128.v1.sinusoid__null__snrinf__none__n8192__v1__seed12,SYNTHETIC,profiles_c162_v1_worker_b,attempts/b6d95152041742df982d__thetic.df_synthetic_bank.c128.v1.sinusoid__null__snrinf__none__n8192__v1__seed12/attempt-1/profile.jsonl,COMPLETED,1,True,203481,NOT_INSPECTED_RESOURCE_CAP,,,,,
synthetic.df_synthetic_bank.c128.v1.sinusoid__pink__snr-5__none__n2048__v1__seed11,SYNTHETIC,profiles_c162_v1_worker_b,attempts/015c4a41be1cdcb1df52__nthetic.df_synthetic_bank.c128.v1.sinusoid__pink__snr-5__none__n2048__v1__seed11/attempt-1/profile.jsonl,COMPLETED,1,True,203124,NOT_INSPECTED_RESOURCE_CAP,,,,,
synthetic.df_synthetic_bank.c128.v1.sinusoid__pink__snr0__none__n2048__v1__seed12,SYNTHETIC,profiles_c162_v1_worker_b,attempts/3c4c58355236df37d92a__ynthetic.df_synthetic_bank.c128.v1.sinusoid__pink__snr0__none__n2048__v1__seed12/attempt-1/profile.jsonl,COMPLETED,1,True,202841,NOT_INSPECTED_RESOURCE_CAP,,,,,
synthetic.df_synthetic_bank.c128.v1.sinusoid__pink__snr10__none__n2048__v1__seed12,SYNTHETIC,profiles_c162_v1_worker_b,attempts/24c3a45a5498434a6468__nthetic.df_synthetic_bank.c128.v1.sinusoid__pink__snr10__none__n2048__v1__seed12/attempt-1/profile.jsonl,COMPLETED,1,True,203105,NOT_INSPECTED_RESOURCE_CAP,,,,,
synthetic.df_synthetic_bank.c128.v1.sinusoid__pink__snr20__none__n2048__v1__seed13,SYNTHETIC,profiles_c162_v1_worker_b,attempts/2e1536ae58c31b8a1350__nthetic.df_synthetic_bank.c128.v1.sinusoid__pink__snr20__none__n2048__v1__seed13/attempt-1/profile.jsonl,COMPLETED,1,True,203120,NOT_INSPECTED_RESOURCE_CAP,,,,,
synthetic.df_synthetic_bank.c128.v1.sinusoid__pink__snr5__none__n2048__v1__seed13,SYNTHETIC,profiles_c162_v1_worker_b,attempts/6eb380ff4e6e1d60446d__ynthetic.df_synthetic_bank.c128.v1.sinusoid__pink__snr5__none__n2048__v1__seed13/attempt-1/profile.jsonl,COMPLETED,1,True,202844,NOT_INSPECTED_RESOURCE_CAP,,,,,
synthetic.df_synthetic_bank.c128.v1.sinusoid__student_t__snr-5__none__n2048__v1__seed11,SYNTHETIC,profiles_c162_v1_worker_b,attempts/67215f9742b3268e1a6e__ic.df_synthetic_bank.c128.v1.sinusoid__student_t__snr-5__none__n2048__v1__seed11/attempt-1/profile.jsonl,COMPLETED,1,True,204431,NOT_INSPECTED_RESOURCE_CAP,,,,,
synthetic.df_synthetic_bank.c128.v1.sinusoid__student_t__snr0__none__n2048__v1__seed11,SYNTHETIC,profiles_c162_v1_worker_b,attempts/b90173ce08b396bd744d__tic.df_synthetic_bank.c128.v1.sinusoid__student_t__snr0__none__n2048__v1__seed11/attempt-1/profile.jsonl,COMPLETED,1,True,204144,NOT_INSPECTED_RESOURCE_CAP,,,,,
synthetic.df_synthetic_bank.c128.v1.sinusoid__student_t__snr10__none__n2048__v1__seed12,SYNTHETIC,profiles_c162_v1_worker_b,attempts/0457aa0d3c10d099b337__ic.df_synthetic_bank.c128.v1.sinusoid__student_t__snr10__none__n2048__v1__seed12/attempt-1/profile.jsonl,COMPLETED,1,True,204382,NOT_INSPECTED_RESOURCE_CAP,,,,,
synthetic.df_synthetic_bank.c128.v1.sinusoid__student_t__snr20__none__n2048__v1__seed12,SYNTHETIC,profiles_c162_v1_worker_b,attempts/3c6a3acdc9eb77497889__ic.df_synthetic_bank.c128.v1.sinusoid__student_t__snr20__none__n2048__v1__seed12/attempt-1/profile.jsonl,COMPLETED,1,True,204427,NOT_INSPECTED_RESOURCE_CAP,,,,,
synthetic.df_synthetic_bank.c128.v1.sinusoid__student_t__snr5__none__n2048__v1__seed13,SYNTHETIC,profiles_c162_v1_worker_b,attempts/b9ce63770ab6f71469a1__tic.df_synthetic_bank.c128.v1.sinusoid__student_t__snr5__none__n2048__v1__seed13/attempt-1/profile.jsonl,COMPLETED,1,True,204153,NOT_INSPECTED_RESOURCE_CAP,,,,,
synthetic.df_synthetic_bank.c128.v1.sinusoid__student_t__snrinf__none__n2048__v1__seed13,SYNTHETIC,profiles_c162_v1_worker_b,attempts/efc041572545dbb86d83__c.df_synthetic_bank.c128.v1.sinusoid__student_t__snrinf__none__n2048__v1__seed13/attempt-1/profile.jsonl,COMPLETED,1,True,204587,NOT_INSPECTED_RESOURCE_CAP,,,,,
synthetic.df_synthetic_bank.c128.v1.sinusoid__white__snr0__none__n2048__v1__seed11,SYNTHETIC,profiles_c162_v1_worker_b,attempts/613a4b159b3f676298dc__nthetic.df_synthetic_bank.c128.v1.sinusoid__white__snr0__none__n2048__v1__seed11/attempt-1/profile.jsonl,COMPLETED,1,True,203128,NOT_INSPECTED_RESOURCE_CAP,,,,,
synthetic.df_synthetic_bank.c128.v1.sinusoid__white__snr10__blocks__n2048__v1__seed11,SYNTHETIC,profiles_c162_v1_worker_b,attempts/d81ee0a35bbb4d530ffe__etic.df_synthetic_bank.c128.v1.sinusoid__white__snr10__blocks__n2048__v1__seed11/attempt-1/profile.jsonl,COMPLETED,1,True,203997,NOT_INSPECTED_RESOURCE_CAP,,,,,
synthetic.df_synthetic_bank.c128.v1.sinusoid__white__snr10__mcar__n2048__v1__seed12,SYNTHETIC,profiles_c162_v1_worker_b,attempts/b7d3bc01867a7fad0246__thetic.df_synthetic_bank.c128.v1.sinusoid__white__snr10__mcar__n2048__v1__seed12/attempt-1/profile.jsonl,COMPLETED,1,True,203461,NOT_INSPECTED_RESOURCE_CAP,,,,,
synthetic.df_synthetic_bank.c128.v1.sinusoid__white__snr10__none__n2048__v1__seed12,SYNTHETIC,profiles_c162_v1_worker_b,attempts/37b012c68cb9bf84d00b__thetic.df_synthetic_bank.c128.v1.sinusoid__white__snr10__none__n2048__v1__seed12/attempt-1/profile.jsonl,COMPLETED,1,True,203386,NOT_INSPECTED_RESOURCE_CAP,,,,,
synthetic.df_synthetic_bank.c128.v1.sinusoid__white__snr20__none__n2048__v1__seed13,SYNTHETIC,profiles_c162_v1_worker_b,attempts/fce2a14f87e6078083a3__thetic.df_synthetic_bank.c128.v1.sinusoid__white__snr20__none__n2048__v1__seed13/attempt-1/profile.jsonl,COMPLETED,1,True,203375,NOT_INSPECTED_RESOURCE_CAP,,,,,
synthetic.df_synthetic_bank.c128.v1.sinusoid__white__snr5__none__n2048__v1__seed13,SYNTHETIC,profiles_c162_v1_worker_b,attempts/170b5ed0218cd6107b9c__nthetic.df_synthetic_bank.c128.v1.sinusoid__white__snr5__none__n2048__v1__seed13/attempt-1/profile.jsonl,COMPLETED,1,True,203094,NOT_INSPECTED_RESOURCE_CAP,,,,,
synthetic.df_synthetic_bank.c128.v1.steps__white__snr-5__none__n2048__v1__seed11,SYNTHETIC,profiles_c162_v1_worker_b,attempts/8d5403a371d806382a6d__synthetic.df_synthetic_bank.c128.v1.steps__white__snr-5__none__n2048__v1__seed11/attempt-1/profile.jsonl,COMPLETED,1,True,202606,NOT_INSPECTED_RESOURCE_CAP,,,,,
synthetic.df_synthetic_bank.c128.v1.steps__white__snr0__none__n2048__v1__seed11,SYNTHETIC,profiles_c162_v1_worker_b,attempts/f4c232016074ef37f58e__synthetic.df_synthetic_bank.c128.v1.steps__white__snr0__none__n2048__v1__seed11/attempt-1/profile.jsonl,COMPLETED,1,True,202331,NOT_INSPECTED_RESOURCE_CAP,,,,,
synthetic.df_synthetic_bank.c128.v1.steps__white__snr10__blocks__n2048__v1__seed12,SYNTHETIC,profiles_c162_v1_worker_b,attempts/a4a1ada1e2c3001f4fde__nthetic.df_synthetic_bank.c128.v1.steps__white__snr10__blocks__n2048__v1__seed12/attempt-1/profile.jsonl,COMPLETED,1,True,203213,NOT_INSPECTED_RESOURCE_CAP,,,,,
synthetic.df_synthetic_bank.c128.v1.steps__white__snr10__mcar__n2048__v1__seed12,SYNTHETIC,profiles_c162_v1_worker_b,attempts/e063c3dda8e000b2d9d8__synthetic.df_synthetic_bank.c128.v1.steps__white__snr10__mcar__n2048__v1__seed12/attempt-1/profile.jsonl,COMPLETED,1,True,202672,NOT_INSPECTED_RESOURCE_CAP,,,,,
synthetic.df_synthetic_bank.c128.v1.steps__white__snr10__none__n2048__v1__seed13,SYNTHETIC,profiles_c162_v1_worker_b,attempts/63e7370b00f7d21335a9__synthetic.df_synthetic_bank.c128.v1.steps__white__snr10__none__n2048__v1__seed13/attempt-1/profile.jsonl,COMPLETED,1,True,202592,NOT_INSPECTED_RESOURCE_CAP,,,,,
synthetic.df_synthetic_bank.c128.v1.steps__white__snr20__none__n2048__v1__seed13,SYNTHETIC,profiles_c162_v1_worker_b,attempts/1b1b6e34c064fd9382fa__synthetic.df_synthetic_bank.c128.v1.steps__white__snr20__none__n2048__v1__seed13/attempt-1/profile.jsonl,COMPLETED,1,True,202602,NOT_INSPECTED_RESOURCE_CAP,,,,,
synthetic.df_synthetic_bank.c128.v1.steps__white__snrinf__none__n2048__v1__seed11,SYNTHETIC,profiles_c162_v1_worker_b,attempts/ec93b53ee77aa2567009__ynthetic.df_synthetic_bank.c128.v1.steps__white__snrinf__none__n2048__v1__seed11/attempt-1/profile.jsonl,COMPLETED,1,True,202482,NOT_INSPECTED_RESOURCE_CAP,,,,,
synthetic.df_synthetic_bank.c128.v1.trend_linear__white__snr-5__none__n2048__v1__seed11,SYNTHETIC,profiles_c162_v1_worker_b,attempts/72185c2db9e444ac84bb__ic.df_synthetic_bank.c128.v1.trend_linear__white__snr-5__none__n2048__v1__seed11/attempt-1/profile.jsonl,COMPLETED,1,True,204386,NOT_INSPECTED_RESOURCE_CAP,,,,,
synthetic.df_synthetic_bank.c128.v1.trend_linear__white__snr0__none__n2048__v1__seed12,SYNTHETIC,profiles_c162_v1_worker_b,attempts/d261742e1eaed69281f6__tic.df_synthetic_bank.c128.v1.trend_linear__white__snr0__none__n2048__v1__seed12/attempt-1/profile.jsonl,COMPLETED,1,True,204130,NOT_INSPECTED_RESOURCE_CAP,,,,,
synthetic.df_synthetic_bank.c128.v1.trend_linear__white__snr10__none__n2048__v1__seed12,SYNTHETIC,profiles_c162_v1_worker_b,attempts/67e451e6786479f38153__ic.df_synthetic_bank.c128.v1.trend_linear__white__snr10__none__n2048__v1__seed12/attempt-1/profile.jsonl,COMPLETED,1,True,204313,NOT_INSPECTED_RESOURCE_CAP,,,,,
synthetic.df_synthetic_bank.c128.v1.trend_linear__white__snr20__none__n2048__v1__seed13,SYNTHETIC,profiles_c162_v1_worker_b,attempts/cadc60780fbc90ef4757__ic.df_synthetic_bank.c128.v1.trend_linear__white__snr20__none__n2048__v1__seed13/attempt-1/profile.jsonl,COMPLETED,1,True,204256,NOT_INSPECTED_RESOURCE_CAP,,,,,
synthetic.df_synthetic_bank.c128.v1.trend_linear__white__snr5__none__n2048__v1__seed13,SYNTHETIC,profiles_c162_v1_worker_b,attempts/43692a1f8a9f20e3f3b9__tic.df_synthetic_bank.c128.v1.trend_linear__white__snr5__none__n2048__v1__seed13/attempt-1/profile.jsonl,COMPLETED,1,True,204101,NOT_INSPECTED_RESOURCE_CAP,,,,,
synthetic.df_synthetic_bank.c128.v1.trend_piecewise__white__snr-5__none__n2048__v1__seed11,SYNTHETIC,profiles_c162_v1_worker_b,attempts/7db5998fcdcdc3556007__df_synthetic_bank.c128.v1.trend_piecewise__white__snr-5__none__n2048__v1__seed11/attempt-1/profile.jsonl,COMPLETED,1,True,205136,NOT_INSPECTED_RESOURCE_CAP,,,,,
synthetic.df_synthetic_bank.c128.v1.trend_piecewise__white__snr0__none__n2048__v1__seed11,SYNTHETIC,profiles_c162_v1_worker_b,attempts/9dadf8507be4fccde6e9__.df_synthetic_bank.c128.v1.trend_piecewise__white__snr0__none__n2048__v1__seed11/attempt-1/profile.jsonl,COMPLETED,1,True,204881,NOT_INSPECTED_RESOURCE_CAP,,,,,
synthetic.df_synthetic_bank.c128.v1.trend_piecewise__white__snr10__none__n2048__v1__seed12,SYNTHETIC,profiles_c162_v1_worker_b,attempts/7cdee5361f61ecd084f6__df_synthetic_bank.c128.v1.trend_piecewise__white__snr10__none__n2048__v1__seed12/attempt-1/profile.jsonl,COMPLETED,1,True,205137,NOT_INSPECTED_RESOURCE_CAP,,,,,
synthetic.df_synthetic_bank.c128.v1.trend_piecewise__white__snr20__none__n2048__v1__seed12,SYNTHETIC,profiles_c162_v1_worker_b,attempts/d54bd2daba21d0753ede__df_synthetic_bank.c128.v1.trend_piecewise__white__snr20__none__n2048__v1__seed12/attempt-1/profile.jsonl,COMPLETED,1,True,205105,NOT_INSPECTED_RESOURCE_CAP,,,,,
synthetic.df_synthetic_bank.c128.v1.trend_piecewise__white__snr5__none__n2048__v1__seed13,SYNTHETIC,profiles_c162_v1_worker_b,attempts/ce86cfc61f7bf0b98f77__.df_synthetic_bank.c128.v1.trend_piecewise__white__snr5__none__n2048__v1__seed13/attempt-1/profile.jsonl,COMPLETED,1,True,204947,NOT_INSPECTED_RESOURCE_CAP,,,,,
synthetic.df_synthetic_bank.c128.v1.trend_piecewise__white__snrinf__none__n2048__v1__seed13,SYNTHETIC,profiles_c162_v1_worker_b,attempts/c05676049427684838e8__f_synthetic_bank.c128.v1.trend_piecewise__white__snrinf__none__n2048__v1__seed13/attempt-1/profile.jsonl,COMPLETED,1,True,205297,NOT_INSPECTED_RESOURCE_CAP,,,,,
