column,family,metric,value,status,reason,settings
return_1,missingness,rows,12835,OK,,
return_1,missingness,missing_count,1,OK,,"{""also"": ""NaN literals parsed by float()"", ""empty_or_token_cells"": 1, ""tokens"": ["""", ""n/a"", ""na"", ""nan"", ""none"", ""null""]}"
return_1,missingness,missing_fraction,7.791195948578106e-05,OK,,
return_1,missingness,nonnumeric_count,0,OK,,
return_1,missingness,nonfinite_count,1,OK,,
return_1,missingness,longest_finite_run,12834,OK,,
return_1,missingness,constant_flag,False,OK,,
return_1,missingness,unique_count,12831,OK,,
return_1,distribution,mean,0.00028890948141432914,OK,,
return_1,distribution,std,0.016635281356488733,OK,,
return_1,distribution,min,-0.20496236,OK,,
return_1,distribution,max,0.31209317,OK,,
return_1,distribution,median,0.00023532867000000001,OK,,
return_1,distribution,iqr,0.01140411795,OK,,
return_1,distribution,mad,0.005689099499999999,OK,,
return_1,distribution,skewness,0.32256945842623236,OK,,"{""bias"": false}"
return_1,distribution,excess_kurtosis,20.553098425998947,OK,,"{""bias"": false}"
return_1,distribution,upper_tail_ratio,10.447981016040295,OK,,"{""formula"": ""(q0.995-q0.5)/(q0.75-q0.5); Gaussian ~3.82""}"
return_1,distribution,lower_tail_ratio,11.275966346761221,OK,,"{""formula"": ""(q0.5-q0.005)/(q0.5-q0.25); Gaussian ~3.82""}"
return_1,distribution,robust_z_outlier_fraction_gt5,0.030621785881252923,OK,,"{""scale"": ""1.4826*MAD""}"
return_1,distribution,zero_fraction,0.0003116721209287829,OK,,
return_1,distribution,quantile_0.005,-0.06333507145,OK,,"{""method"": ""numpy linear""}"
return_1,distribution,quantile_0.01,-0.04874520632,OK,,"{""method"": ""numpy linear""}"
return_1,distribution,quantile_0.05,-0.024448768099999997,OK,,"{""method"": ""numpy linear""}"
return_1,distribution,quantile_0.25,-0.0054023611,OK,,"{""method"": ""numpy linear""}"
return_1,distribution,quantile_0.5,0.00023532867000000001,OK,,"{""method"": ""numpy linear""}"
return_1,distribution,quantile_0.75,0.0060017568500000005,OK,,"{""method"": ""numpy linear""}"
return_1,distribution,quantile_0.95,0.024696392749999994,OK,,"{""method"": ""numpy linear""}"
return_1,distribution,quantile_0.99,0.04828893693000001,OK,,"{""method"": ""numpy linear""}"
return_1,distribution,quantile_0.995,0.0604828608249998,OK,,"{""method"": ""numpy linear""}"
return_1,volatility,diff_std,0.024130401451494227,OK,,"{""rule"": ""longest contiguous finite run; no imputation"", ""segment_rows"": [1, 12835]}"
return_1,volatility,diff_abs_mean,0.015483526304882941,OK,,"{""rule"": ""longest contiguous finite run; no imputation"", ""segment_rows"": [1, 12835]}"
return_1,volatility,diff_std_over_std,1.4505556554402346,OK,,"{""rule"": ""longest contiguous finite run; no imputation"", ""segment_rows"": [1, 12835]}"
return_1,volatility,rolling_std_cv,0.789545634960045,OK,,"{""rule"": ""non-overlapping primary-period blocks; std of block std / mean"", ""window_rows"": 6}"
return_1,trend,slope_per_row,-3.133515198136671e-08,OK,,"{""rule"": ""longest contiguous finite run; no imputation"", ""segment_rows"": [1, 12835]}"
return_1,trend,slope_per_day,,UNSUPPORTED,NO_VERIFIED_REGULAR_STEP,
return_1,trend,linear_r2,4.870572043469412e-05,OK,,
return_1,acf,acf_lag_1,-0.052017066984769135,OK,,"{""estimator"": ""biased, mean-centered""}"
return_1,acf,acf_lag_2,-0.0022285654721907124,OK,,"{""estimator"": ""biased, mean-centered""}"
return_1,acf,acf_lag_3,0.04006383028283894,OK,,"{""estimator"": ""biased, mean-centered""}"
return_1,acf,acf_lag_6,-0.07781271993523854,OK,,"{""estimator"": ""biased, mean-centered""}"
return_1,acf,acf_lag_12,0.00033774885227289735,OK,,"{""estimator"": ""biased, mean-centered""}"
return_1,acf,acf_lag_42,-0.016213737985389134,OK,,"{""estimator"": ""biased, mean-centered""}"
return_1,acf,decorrelation_lag_1_over_e,1,OK,,
return_1,spectral,peak1_period_rows,2.6621032980709396,OK,,"{""method"": ""periodogram, linear detrend, rank by power""}"
return_1,spectral,peak1_power_fraction,0.0015141013978904546,OK,,
return_1,spectral,peak2_period_rows,14.836994219653178,OK,,"{""method"": ""periodogram, linear detrend, rank by power""}"
return_1,spectral,peak2_power_fraction,0.001261578533294287,OK,,
return_1,spectral,peak3_period_rows,13.095918367346938,OK,,"{""method"": ""periodogram, linear detrend, rank by power""}"
return_1,spectral,peak3_power_fraction,0.0012527978205177435,OK,,
return_1,spectral,peak1_period_hours,,UNSUPPORTED,NO_VERIFIED_REGULAR_STEP,
return_1,spectral,entropy_normalized,0.95027800908941,OK,,
return_1,spectral,low_frequency_power_fraction,0.2897256277965605,OK,,"{""basis"": ""primary period"", ""cutoff_cycles_per_row"": 0.16666666666666666}"
return_1,spectral,centroid_cycles_per_row,0.25971190754140444,OK,,
return_1,stationarity,adf_c_aic_statistic,-18.360740983438898,OK,,"{""autolag"": ""AIC"", ""lag_selection"": ""AIC over lags 0..maxlag on the common trimmed sample, as statsmodels _autolag does, without retaining every fitted model; final fit adfuller(maxlag=best, autolag=None)"", ""limitation"": ""MacKinnon approximate p-value; low power near unity; lag choice by AIC"", ""maxlag"": 41, ""n"": 12834, ""null"": ""unit root"", ""regression"": ""c"", ""test"": ""ADF""}"
return_1,stationarity,adf_c_aic_pvalue,2.2274923236831353e-30,OK,,"{""autolag"": ""AIC"", ""lag_selection"": ""AIC over lags 0..maxlag on the common trimmed sample, as statsmodels _autolag does, without retaining every fitted model; final fit adfuller(maxlag=best, autolag=None)"", ""limitation"": ""MacKinnon approximate p-value; low power near unity; lag choice by AIC"", ""maxlag"": 41, ""n"": 12834, ""null"": ""unit root"", ""regression"": ""c"", ""test"": ""ADF""}"
return_1,stationarity,adf_c_aic_lags,34,OK,,"{""autolag"": ""AIC"", ""lag_selection"": ""AIC over lags 0..maxlag on the common trimmed sample, as statsmodels _autolag does, without retaining every fitted model; final fit adfuller(maxlag=best, autolag=None)"", ""limitation"": ""MacKinnon approximate p-value; low power near unity; lag choice by AIC"", ""maxlag"": 41, ""n"": 12834, ""null"": ""unit root"", ""regression"": ""c"", ""test"": ""ADF""}"
return_1,stationarity,kpss_c_auto_statistic,0.147469368142224,OK_WITH_WARNING,,"{""limitation"": ""p-value interpolated from a table bounded to [0.01, 0.10]"", ""n"": 12834, ""nlags"": ""auto (Hobijn)"", ""null"": ""level stationarity"", ""regression"": ""c"", ""test"": ""KPSS"", ""warnings"": [""The test statistic is outside of the range of p-values available in the\nlook-up table. The actual p-value is greater than the p-value returned.\n""]}"
return_1,stationarity,kpss_c_auto_pvalue,0.1,OK_WITH_WARNING,P_VALUE_AT_TABLE_BOUND,"{""limitation"": ""p-value interpolated from a table bounded to [0.01, 0.10]"", ""n"": 12834, ""nlags"": ""auto (Hobijn)"", ""null"": ""level stationarity"", ""regression"": ""c"", ""test"": ""KPSS"", ""warnings"": [""The test statistic is outside of the range of p-values available in the\nlook-up table. The actual p-value is greater than the p-value returned.\n""]}"
return_1,stationarity,kpss_c_auto_lags,24,OK_WITH_WARNING,,"{""limitation"": ""p-value interpolated from a table bounded to [0.01, 0.10]"", ""n"": 12834, ""nlags"": ""auto (Hobijn)"", ""null"": ""level stationarity"", ""regression"": ""c"", ""test"": ""KPSS"", ""warnings"": [""The test statistic is outside of the range of p-values available in the\nlook-up table. The actual p-value is greater than the p-value returned.\n""]}"
return_1,stationarity,kpss_ct_auto_statistic,0.0920110708426224,OK_WITH_WARNING,,"{""limitation"": ""p-value interpolated from a table bounded to [0.01, 0.10]"", ""n"": 12834, ""nlags"": ""auto (Hobijn)"", ""null"": ""trend stationarity"", ""regression"": ""ct"", ""test"": ""KPSS"", ""warnings"": [""The test statistic is outside of the range of p-values available in the\nlook-up table. The actual p-value is greater than the p-value returned.\n""]}"
return_1,stationarity,kpss_ct_auto_pvalue,0.1,OK_WITH_WARNING,P_VALUE_AT_TABLE_BOUND,"{""limitation"": ""p-value interpolated from a table bounded to [0.01, 0.10]"", ""n"": 12834, ""nlags"": ""auto (Hobijn)"", ""null"": ""trend stationarity"", ""regression"": ""ct"", ""test"": ""KPSS"", ""warnings"": [""The test statistic is outside of the range of p-values available in the\nlook-up table. The actual p-value is greater than the p-value returned.\n""]}"
return_1,stationarity,kpss_ct_auto_lags,24,OK_WITH_WARNING,,"{""limitation"": ""p-value interpolated from a table bounded to [0.01, 0.10]"", ""n"": 12834, ""nlags"": ""auto (Hobijn)"", ""null"": ""trend stationarity"", ""regression"": ""ct"", ""test"": ""KPSS"", ""warnings"": [""The test statistic is outside of the range of p-values available in the\nlook-up table. The actual p-value is greater than the p-value returned.\n""]}"
return_1,stationarity,adf_kpss_joint_reading,ADF_REJECTS_UNIT_ROOT_KPSS_DOES_NOT_REJECT_LEVEL,OK,,"{""alpha"": 0.05, ""note"": ""descriptive, unadjusted for multiple testing; not an eligibility rule""}"
return_1,seasonality,acf_at_daily_6,-0.07781271993523853,OK,,"{""declared_period_rows"": 6}"
return_1,seasonality,seasonal_diff_var_ratio_daily_6,2.1563453060110147,OK,,"{""formula"": ""var(x_t - x_{t-s}) / var(x_t); 2 for white noise, <1 when season repeats""}"
return_1,seasonality,acf_at_weekly_42,-0.01621373798538914,OK,,"{""declared_period_rows"": 42}"
return_1,seasonality,seasonal_diff_var_ratio_weekly_42,2.035219238827644,OK,,"{""formula"": ""var(x_t - x_{t-s}) / var(x_t); 2 for white noise, <1 when season repeats""}"
return_1,seasonality,stl_seasonal_strength_primary,0.2948173894040925,OK,,"{""formula"": ""max(0, 1 - var(R)/var(S+R)) and max(0, 1 - var(R)/var(T+R)) (Wang, Smith, Hyndman 2006)"", ""method"": ""statsmodels STL"", ""note"": ""optional diagnostic transform; not a model input"", ""period"": 6, ""robust"": false}"
return_1,seasonality,stl_trend_strength_primary,0.23669535681942255,OK,,"{""formula"": ""max(0, 1 - var(R)/var(S+R)) and max(0, 1 - var(R)/var(T+R)) (Wang, Smith, Hyndman 2006)"", ""method"": ""statsmodels STL"", ""note"": ""optional diagnostic transform; not a model input"", ""period"": 6, ""robust"": false}"
log_return_1,missingness,rows,12835,OK,,
log_return_1,missingness,missing_count,1,OK,,"{""also"": ""NaN literals parsed by float()"", ""empty_or_token_cells"": 1, ""tokens"": ["""", ""n/a"", ""na"", ""nan"", ""none"", ""null""]}"
log_return_1,missingness,missing_fraction,7.791195948578106e-05,OK,,
log_return_1,missingness,nonnumeric_count,0,OK,,
log_return_1,missingness,nonfinite_count,1,OK,,
log_return_1,missingness,longest_finite_run,12834,OK,,
log_return_1,missingness,constant_flag,False,OK,,
log_return_1,missingness,unique_count,12831,OK,,
log_return_1,distribution,mean,0.00015066237399075894,OK,,
log_return_1,distribution,std,0.01663181490105813,OK,,
log_return_1,distribution,min,-0.22936583,OK,,
log_return_1,distribution,max,0.2716237,OK,,
log_return_1,distribution,median,0.00023530097499999998,OK,,
log_return_1,distribution,iqr,0.011400824274999999,OK,,
log_return_1,distribution,mad,0.005695944,OK,,
log_return_1,distribution,skewness,-0.19636999126176446,OK,,"{""bias"": false}"
log_return_1,distribution,excess_kurtosis,18.12325402619198,OK,,"{""bias"": false}"
log_return_1,distribution,upper_tail_ratio,10.174629674358528,OK,,"{""formula"": ""(q0.995-q0.5)/(q0.75-q0.5); Gaussian ~3.82""}"
log_return_1,distribution,lower_tail_ratio,11.617372678903747,OK,,"{""formula"": ""(q0.5-q0.005)/(q0.5-q0.25); Gaussian ~3.82""}"
log_return_1,distribution,robust_z_outlier_fraction_gt5,0.031323048153342685,OK,,"{""scale"": ""1.4826*MAD""}"
log_return_1,distribution,zero_fraction,0.0003116721209287829,OK,,
log_return_1,distribution,quantile_0.005,-0.06542966291,OK,,"{""method"": ""numpy linear""}"
log_return_1,distribution,quantile_0.01,-0.04997333883999999,OK,,"{""method"": ""numpy linear""}"
log_return_1,distribution,quantile_0.05,-0.0247526024,OK,,"{""method"": ""numpy linear""}"
log_return_1,distribution,quantile_0.25,-0.005417006625,OK,,"{""method"": ""numpy linear""}"
log_return_1,distribution,quantile_0.5,0.00023530097499999998,OK,,"{""method"": ""numpy linear""}"
log_return_1,distribution,quantile_0.75,0.00598381765,OK,,"{""method"": ""numpy linear""}"
log_return_1,distribution,quantile_0.95,0.024396366049999993,OK,,"{""method"": ""numpy linear""}"
log_return_1,distribution,quantile_0.99,0.047159246070000015,OK,,"{""method"": ""numpy linear""}"
log_return_1,distribution,quantile_0.995,0.05872432931999981,OK,,"{""method"": ""numpy linear""}"
log_return_1,volatility,diff_std,0.024109714010977078,OK,,"{""rule"": ""longest contiguous finite run; no imputation"", ""segment_rows"": [1, 12835]}"
log_return_1,volatility,diff_abs_mean,0.015483646493405313,OK,,"{""rule"": ""longest contiguous finite run; no imputation"", ""segment_rows"": [1, 12835]}"
log_return_1,volatility,diff_std_over_std,1.4496141373869667,OK,,"{""rule"": ""longest contiguous finite run; no imputation"", ""segment_rows"": [1, 12835]}"
log_return_1,volatility,rolling_std_cv,0.78697819475724,OK,,"{""rule"": ""non-overlapping primary-period blocks; std of block std / mean"", ""window_rows"": 6}"
log_return_1,trend,slope_per_row,-1.676201608871464e-08,OK,,"{""rule"": ""longest contiguous finite run; no imputation"", ""segment_rows"": [1, 12835]}"
log_return_1,trend,slope_per_day,,UNSUPPORTED,NO_VERIFIED_REGULAR_STEP,
log_return_1,trend,linear_r2,1.3942796292187865e-05,OK,,
log_return_1,acf,acf_lag_1,-0.050651784681955025,OK,,"{""estimator"": ""biased, mean-centered""}"
log_return_1,acf,acf_lag_2,-0.0016694748722069343,OK,,"{""estimator"": ""biased, mean-centered""}"
log_return_1,acf,acf_lag_3,0.04235043268674822,OK,,"{""estimator"": ""biased, mean-centered""}"
log_return_1,acf,acf_lag_6,-0.07766728901144049,OK,,"{""estimator"": ""biased, mean-centered""}"
log_return_1,acf,acf_lag_12,0.001418504449240841,OK,,"{""estimator"": ""biased, mean-centered""}"
log_return_1,acf,acf_lag_42,-0.016466101122920462,OK,,"{""estimator"": ""biased, mean-centered""}"
log_return_1,acf,decorrelation_lag_1_over_e,1,OK,,
log_return_1,spectral,peak1_period_rows,2.6621032980709396,OK,,"{""method"": ""periodogram, linear detrend, rank by power""}"
log_return_1,spectral,peak1_power_fraction,0.001502406704871274,OK,,
log_return_1,spectral,peak2_period_rows,14.836994219653178,OK,,"{""method"": ""periodogram, linear detrend, rank by power""}"
log_return_1,spectral,peak2_power_fraction,0.0012692042996089272,OK,,
log_return_1,spectral,peak3_period_rows,13.095918367346938,OK,,"{""method"": ""periodogram, linear detrend, rank by power""}"
log_return_1,spectral,peak3_power_fraction,0.0012547463590979033,OK,,
log_return_1,spectral,peak1_period_hours,,UNSUPPORTED,NO_VERIFIED_REGULAR_STEP,
log_return_1,spectral,entropy_normalized,0.950284462081141,OK,,
log_return_1,spectral,low_frequency_power_fraction,0.29052024696089224,OK,,"{""basis"": ""primary period"", ""cutoff_cycles_per_row"": 0.16666666666666666}"
log_return_1,spectral,centroid_cycles_per_row,0.2593591977426735,OK,,
log_return_1,stationarity,adf_c_aic_statistic,-18.301009429595826,OK,,"{""autolag"": ""AIC"", ""lag_selection"": ""AIC over lags 0..maxlag on the common trimmed sample, as statsmodels _autolag does, without retaining every fitted model; final fit adfuller(maxlag=best, autolag=None)"", ""limitation"": ""MacKinnon approximate p-value; low power near unity; lag choice by AIC"", ""maxlag"": 41, ""n"": 12834, ""null"": ""unit root"", ""regression"": ""c"", ""test"": ""ADF""}"
log_return_1,stationarity,adf_c_aic_pvalue,2.2865967488882357e-30,OK,,"{""autolag"": ""AIC"", ""lag_selection"": ""AIC over lags 0..maxlag on the common trimmed sample, as statsmodels _autolag does, without retaining every fitted model; final fit adfuller(maxlag=best, autolag=None)"", ""limitation"": ""MacKinnon approximate p-value; low power near unity; lag choice by AIC"", ""maxlag"": 41, ""n"": 12834, ""null"": ""unit root"", ""regression"": ""c"", ""test"": ""ADF""}"
log_return_1,stationarity,adf_c_aic_lags,34,OK,,"{""autolag"": ""AIC"", ""lag_selection"": ""AIC over lags 0..maxlag on the common trimmed sample, as statsmodels _autolag does, without retaining every fitted model; final fit adfuller(maxlag=best, autolag=None)"", ""limitation"": ""MacKinnon approximate p-value; low power near unity; lag choice by AIC"", ""maxlag"": 41, ""n"": 12834, ""null"": ""unit root"", ""regression"": ""c"", ""test"": ""ADF""}"
log_return_1,stationarity,kpss_c_auto_statistic,0.10201457881366,OK_WITH_WARNING,,"{""limitation"": ""p-value interpolated from a table bounded to [0.01, 0.10]"", ""n"": 12834, ""nlags"": ""auto (Hobijn)"", ""null"": ""level stationarity"", ""regression"": ""c"", ""test"": ""KPSS"", ""warnings"": [""The test statistic is outside of the range of p-values available in the\nlook-up table. The actual p-value is greater than the p-value returned.\n""]}"
log_return_1,stationarity,kpss_c_auto_pvalue,0.1,OK_WITH_WARNING,P_VALUE_AT_TABLE_BOUND,"{""limitation"": ""p-value interpolated from a table bounded to [0.01, 0.10]"", ""n"": 12834, ""nlags"": ""auto (Hobijn)"", ""null"": ""level stationarity"", ""regression"": ""c"", ""test"": ""KPSS"", ""warnings"": [""The test statistic is outside of the range of p-values available in the\nlook-up table. The actual p-value is greater than the p-value returned.\n""]}"
log_return_1,stationarity,kpss_c_auto_lags,23,OK_WITH_WARNING,,"{""limitation"": ""p-value interpolated from a table bounded to [0.01, 0.10]"", ""n"": 12834, ""nlags"": ""auto (Hobijn)"", ""null"": ""level stationarity"", ""regression"": ""c"", ""test"": ""KPSS"", ""warnings"": [""The test statistic is outside of the range of p-values available in the\nlook-up table. The actual p-value is greater than the p-value returned.\n""]}"
log_return_1,stationarity,kpss_ct_auto_statistic,0.08574531803967003,OK_WITH_WARNING,,"{""limitation"": ""p-value interpolated from a table bounded to [0.01, 0.10]"", ""n"": 12834, ""nlags"": ""auto (Hobijn)"", ""null"": ""trend stationarity"", ""regression"": ""ct"", ""test"": ""KPSS"", ""warnings"": [""The test statistic is outside of the range of p-values available in the\nlook-up table. The actual p-value is greater than the p-value returned.\n""]}"
log_return_1,stationarity,kpss_ct_auto_pvalue,0.1,OK_WITH_WARNING,P_VALUE_AT_TABLE_BOUND,"{""limitation"": ""p-value interpolated from a table bounded to [0.01, 0.10]"", ""n"": 12834, ""nlags"": ""auto (Hobijn)"", ""null"": ""trend stationarity"", ""regression"": ""ct"", ""test"": ""KPSS"", ""warnings"": [""The test statistic is outside of the range of p-values available in the\nlook-up table. The actual p-value is greater than the p-value returned.\n""]}"
log_return_1,stationarity,kpss_ct_auto_lags,23,OK_WITH_WARNING,,"{""limitation"": ""p-value interpolated from a table bounded to [0.01, 0.10]"", ""n"": 12834, ""nlags"": ""auto (Hobijn)"", ""null"": ""trend stationarity"", ""regression"": ""ct"", ""test"": ""KPSS"", ""warnings"": [""The test statistic is outside of the range of p-values available in the\nlook-up table. The actual p-value is greater than the p-value returned.\n""]}"
log_return_1,stationarity,adf_kpss_joint_reading,ADF_REJECTS_UNIT_ROOT_KPSS_DOES_NOT_REJECT_LEVEL,OK,,"{""alpha"": 0.05, ""note"": ""descriptive, unadjusted for multiple testing; not an eligibility rule""}"
log_return_1,seasonality,acf_at_daily_6,-0.07766728901144046,OK,,"{""declared_period_rows"": 6}"
log_return_1,seasonality,seasonal_diff_var_ratio_daily_6,2.1560560591171187,OK,,"{""formula"": ""var(x_t - x_{t-s}) / var(x_t); 2 for white noise, <1 when season repeats""}"
log_return_1,seasonality,acf_at_weekly_42,-0.016466101122920476,OK,,"{""declared_period_rows"": 42}"
log_return_1,seasonality,seasonal_diff_var_ratio_weekly_42,2.035740709741242,OK,,"{""formula"": ""var(x_t - x_{t-s}) / var(x_t); 2 for white noise, <1 when season repeats""}"
log_return_1,seasonality,stl_seasonal_strength_primary,0.2944990181446595,OK,,"{""formula"": ""max(0, 1 - var(R)/var(S+R)) and max(0, 1 - var(R)/var(T+R)) (Wang, Smith, Hyndman 2006)"", ""method"": ""statsmodels STL"", ""note"": ""optional diagnostic transform; not a model input"", ""period"": 6, ""robust"": false}"
log_return_1,seasonality,stl_trend_strength_primary,0.23794626274335573,OK,,"{""formula"": ""max(0, 1 - var(R)/var(S+R)) and max(0, 1 - var(R)/var(T+R)) (Wang, Smith, Hyndman 2006)"", ""method"": ""statsmodels STL"", ""note"": ""optional diagnostic transform; not a model input"", ""period"": 6, ""robust"": false}"
return_5,missingness,rows,12835,OK,,
return_5,missingness,missing_count,5,OK,,"{""also"": ""NaN literals parsed by float()"", ""empty_or_token_cells"": 5, ""tokens"": ["""", ""n/a"", ""na"", ""nan"", ""none"", ""null""]}"
return_5,missingness,missing_fraction,0.00038955979742890534,OK,,
return_5,missingness,nonnumeric_count,0,OK,,
return_5,missingness,nonfinite_count,5,OK,,
return_5,missingness,longest_finite_run,12830,OK,,
return_5,missingness,constant_flag,False,OK,,
return_5,missingness,unique_count,12830,OK,,
return_5,distribution,mean,0.0014236975022743463,OK,,
return_5,distribution,std,0.03647239131477993,OK,,
return_5,distribution,min,-0.3735914,OK,,
return_5,distribution,max,0.3182254,OK,,
return_5,distribution,median,0.00076173265,OK,,
return_5,distribution,iqr,0.031065425374999997,OK,,
return_5,distribution,mad,0.015486242499999999,OK,,
return_5,distribution,skewness,0.012147086643421292,OK,,"{""bias"": false}"
return_5,distribution,excess_kurtosis,6.017582537170121,OK,,"{""bias"": false}"
return_5,distribution,upper_tail_ratio,7.8471011529125,OK,,"{""formula"": ""(q0.995-q0.5)/(q0.75-q0.5); Gaussian ~3.82""}"
return_5,distribution,lower_tail_ratio,8.31375517151405,OK,,"{""formula"": ""(q0.5-q0.005)/(q0.5-q0.25); Gaussian ~3.82""}"
return_5,distribution,robust_z_outlier_fraction_gt5,0.014107560405300078,OK,,"{""scale"": ""1.4826*MAD""}"
return_5,distribution,zero_fraction,7.79423226812159e-05,OK,,
return_5,distribution,quantile_0.005,-0.12290378365,OK,,"{""method"": ""numpy linear""}"
return_5,distribution,quantile_0.01,-0.1055609107,OK,,"{""method"": ""numpy linear""}"
return_5,distribution,quantile_0.05,-0.0556449329,OK,,"{""method"": ""numpy linear""}"
return_5,distribution,quantile_0.25,-0.014113075874999999,OK,,"{""method"": ""numpy linear""}"
return_5,distribution,quantile_0.5,0.00076173265,OK,,"{""method"": ""numpy linear""}"
return_5,distribution,quantile_0.75,0.016952349499999998,OK,,"{""method"": ""numpy linear""}"
return_5,distribution,quantile_0.95,0.05882025959999999,OK,,"{""method"": ""numpy linear""}"
return_5,distribution,quantile_0.99,0.10683178193999956,OK,,"{""method"": ""numpy linear""}"
return_5,distribution,quantile_0.995,0.12781114079999956,OK,,"{""method"": ""numpy linear""}"
return_5,volatility,diff_std,0.023395866602173885,OK,,"{""rule"": ""longest contiguous finite run; no imputation"", ""segment_rows"": [5, 12835]}"
return_5,volatility,diff_abs_mean,0.01493343174144188,OK,,"{""rule"": ""longest contiguous finite run; no imputation"", ""segment_rows"": [5, 12835]}"
return_5,volatility,diff_std_over_std,0.6414678544176793,OK,,"{""rule"": ""longest contiguous finite run; no imputation"", ""segment_rows"": [5, 12835]}"
return_5,volatility,rolling_std_cv,0.8084356495930447,OK,,"{""rule"": ""non-overlapping primary-period blocks; std of block std / mean"", ""window_rows"": 6}"
return_5,trend,slope_per_row,-1.4247883191972644e-07,OK,,"{""rule"": ""longest contiguous finite run; no imputation"", ""segment_rows"": [5, 12835]}"
return_5,trend,slope_per_day,,UNSUPPORTED,NO_VERIFIED_REGULAR_STEP,
return_5,trend,linear_r2,0.0002093524895423471,OK,,
return_5,acf,acf_lag_1,0.7942636933728596,OK,,"{""estimator"": ""biased, mean-centered""}"
return_5,acf,acf_lag_2,0.603950664446626,OK,,"{""estimator"": ""biased, mean-centered""}"
return_5,acf,acf_lag_3,0.41481712736901355,OK,,"{""estimator"": ""biased, mean-centered""}"
return_5,acf,acf_lag_6,-0.04773669201241758,OK,,"{""estimator"": ""biased, mean-centered""}"
return_5,acf,acf_lag_12,0.024331536150970706,OK,,"{""estimator"": ""biased, mean-centered""}"
return_5,acf,acf_lag_42,-0.011373266914701164,OK,,"{""estimator"": ""biased, mean-centered""}"
return_5,acf,decorrelation_lag_1_over_e,4,OK,,
return_5,spectral,peak1_period_rows,49.92217898832685,OK,,"{""method"": ""periodogram, linear detrend, rank by power""}"
return_5,spectral,peak1_power_fraction,0.004224769694265562,OK,,
return_5,spectral,peak2_period_rows,13.091836734693876,OK,,"{""method"": ""periodogram, linear detrend, rank by power""}"
return_5,spectral,peak2_power_fraction,0.0038483171347623983,OK,,
return_5,spectral,peak3_period_rows,14.832369942196532,OK,,"{""method"": ""periodogram, linear detrend, rank by power""}"
return_5,spectral,peak3_power_fraction,0.0035482149590804956,OK,,
return_5,spectral,peak1_period_hours,,UNSUPPORTED,NO_VERIFIED_REGULAR_STEP,
return_5,spectral,entropy_normalized,0.8425732281734131,OK,,
return_5,spectral,low_frequency_power_fraction,0.9032471115349376,OK,,"{""basis"": ""primary period"", ""cutoff_cycles_per_row"": 0.16666666666666666}"
return_5,spectral,centroid_cycles_per_row,0.0800352687533622,OK,,
return_5,stationarity,adf_c_aic_statistic,-16.04905558070168,OK,,"{""autolag"": ""AIC"", ""lag_selection"": ""AIC over lags 0..maxlag on the common trimmed sample, as statsmodels _autolag does, without retaining every fitted model; final fit adfuller(maxlag=best, autolag=None)"", ""limitation"": ""MacKinnon approximate p-value; low power near unity; lag choice by AIC"", ""maxlag"": 41, ""n"": 12830, ""null"": ""unit root"", ""regression"": ""c"", ""test"": ""ADF""}"
return_5,stationarity,adf_c_aic_pvalue,5.801571099200695e-29,OK,,"{""autolag"": ""AIC"", ""lag_selection"": ""AIC over lags 0..maxlag on the common trimmed sample, as statsmodels _autolag does, without retaining every fitted model; final fit adfuller(maxlag=best, autolag=None)"", ""limitation"": ""MacKinnon approximate p-value; low power near unity; lag choice by AIC"", ""maxlag"": 41, ""n"": 12830, ""null"": ""unit root"", ""regression"": ""c"", ""test"": ""ADF""}"
return_5,stationarity,adf_c_aic_lags,41,OK,,"{""autolag"": ""AIC"", ""lag_selection"": ""AIC over lags 0..maxlag on the common trimmed sample, as statsmodels _autolag does, without retaining every fitted model; final fit adfuller(maxlag=best, autolag=None)"", ""limitation"": ""MacKinnon approximate p-value; low power near unity; lag choice by AIC"", ""maxlag"": 41, ""n"": 12830, ""null"": ""unit root"", ""regression"": ""c"", ""test"": ""ADF""}"
return_5,stationarity,kpss_c_auto_statistic,0.14219989426661478,OK_WITH_WARNING,,"{""limitation"": ""p-value interpolated from a table bounded to [0.01, 0.10]"", ""n"": 12830, ""nlags"": ""auto (Hobijn)"", ""null"": ""level stationarity"", ""regression"": ""c"", ""test"": ""KPSS"", ""warnings"": [""The test statistic is outside of the range of p-values available in the\nlook-up table. The actual p-value is greater than the p-value returned.\n""]}"
return_5,stationarity,kpss_c_auto_pvalue,0.1,OK_WITH_WARNING,P_VALUE_AT_TABLE_BOUND,"{""limitation"": ""p-value interpolated from a table bounded to [0.01, 0.10]"", ""n"": 12830, ""nlags"": ""auto (Hobijn)"", ""null"": ""level stationarity"", ""regression"": ""c"", ""test"": ""KPSS"", ""warnings"": [""The test statistic is outside of the range of p-values available in the\nlook-up table. The actual p-value is greater than the p-value returned.\n""]}"
return_5,stationarity,kpss_c_auto_lags,31,OK_WITH_WARNING,,"{""limitation"": ""p-value interpolated from a table bounded to [0.01, 0.10]"", ""n"": 12830, ""nlags"": ""auto (Hobijn)"", ""null"": ""level stationarity"", ""regression"": ""c"", ""test"": ""KPSS"", ""warnings"": [""The test statistic is outside of the range of p-values available in the\nlook-up table. The actual p-value is greater than the p-value returned.\n""]}"
return_5,stationarity,kpss_ct_auto_statistic,0.0940680798295183,OK_WITH_WARNING,,"{""limitation"": ""p-value interpolated from a table bounded to [0.01, 0.10]"", ""n"": 12830, ""nlags"": ""auto (Hobijn)"", ""null"": ""trend stationarity"", ""regression"": ""ct"", ""test"": ""KPSS"", ""warnings"": [""The test statistic is outside of the range of p-values available in the\nlook-up table. The actual p-value is greater than the p-value returned.\n""]}"
return_5,stationarity,kpss_ct_auto_pvalue,0.1,OK_WITH_WARNING,P_VALUE_AT_TABLE_BOUND,"{""limitation"": ""p-value interpolated from a table bounded to [0.01, 0.10]"", ""n"": 12830, ""nlags"": ""auto (Hobijn)"", ""null"": ""trend stationarity"", ""regression"": ""ct"", ""test"": ""KPSS"", ""warnings"": [""The test statistic is outside of the range of p-values available in the\nlook-up table. The actual p-value is greater than the p-value returned.\n""]}"
return_5,stationarity,kpss_ct_auto_lags,31,OK_WITH_WARNING,,"{""limitation"": ""p-value interpolated from a table bounded to [0.01, 0.10]"", ""n"": 12830, ""nlags"": ""auto (Hobijn)"", ""null"": ""trend stationarity"", ""regression"": ""ct"", ""test"": ""KPSS"", ""warnings"": [""The test statistic is outside of the range of p-values available in the\nlook-up table. The actual p-value is greater than the p-value returned.\n""]}"
return_5,stationarity,adf_kpss_joint_reading,ADF_REJECTS_UNIT_ROOT_KPSS_DOES_NOT_REJECT_LEVEL,OK,,"{""alpha"": 0.05, ""note"": ""descriptive, unadjusted for multiple testing; not an eligibility rule""}"
return_5,seasonality,acf_at_daily_6,-0.04773669201241758,OK,,"{""declared_period_rows"": 6}"
return_5,seasonality,seasonal_diff_var_ratio_daily_6,2.0961014016103534,OK,,"{""formula"": ""var(x_t - x_{t-s}) / var(x_t); 2 for white noise, <1 when season repeats""}"
return_5,seasonality,acf_at_weekly_42,-0.011373266914701176,OK,,"{""declared_period_rows"": 42}"
return_5,seasonality,seasonal_diff_var_ratio_weekly_42,2.0251774348322593,OK,,"{""formula"": ""var(x_t - x_{t-s}) / var(x_t); 2 for white noise, <1 when season repeats""}"
return_5,seasonality,stl_seasonal_strength_primary,0.19038466176181568,OK,,"{""formula"": ""max(0, 1 - var(R)/var(S+R)) and max(0, 1 - var(R)/var(T+R)) (Wang, Smith, Hyndman 2006)"", ""method"": ""statsmodels STL"", ""note"": ""optional diagnostic transform; not a model input"", ""period"": 6, ""robust"": false}"
return_5,seasonality,stl_trend_strength_primary,0.7873997926549913,OK,,"{""formula"": ""max(0, 1 - var(R)/var(S+R)) and max(0, 1 - var(R)/var(T+R)) (Wang, Smith, Hyndman 2006)"", ""method"": ""statsmodels STL"", ""note"": ""optional diagnostic transform; not a model input"", ""period"": 6, ""robust"": false}"
log_return_5,missingness,rows,12835,OK,,
log_return_5,missingness,missing_count,5,OK,,"{""also"": ""NaN literals parsed by float()"", ""empty_or_token_cells"": 5, ""tokens"": ["""", ""n/a"", ""na"", ""nan"", ""none"", ""null""]}"
log_return_5,missingness,missing_fraction,0.00038955979742890534,OK,,
log_return_5,missingness,nonnumeric_count,0,OK,,
log_return_5,missingness,nonfinite_count,5,OK,,
log_return_5,missingness,longest_finite_run,12830,OK,,
log_return_5,missingness,constant_flag,False,OK,,
log_return_5,missingness,unique_count,12830,OK,,
log_return_5,distribution,mean,0.0007555501770189011,OK,,
log_return_5,distribution,std,0.03661711005838728,OK,,
log_return_5,distribution,min,-0.4677524,OK,,
log_return_5,distribution,max,0.27628645,OK,,
log_return_5,distribution,median,0.0007614426850000001,OK,,
log_return_5,distribution,iqr,0.031023875,OK,,
log_return_5,distribution,mad,0.015498425,OK,,
log_return_5,distribution,skewness,-0.4596732285604811,OK,,"{""bias"": false}"
log_return_5,distribution,excess_kurtosis,7.471669334437172,OK,,"{""bias"": false}"
log_return_5,distribution,upper_tail_ratio,7.4471034041437045,OK,,"{""formula"": ""(q0.995-q0.5)/(q0.75-q0.5); Gaussian ~3.82""}"
log_return_5,distribution,lower_tail_ratio,8.807982942535265,OK,,"{""formula"": ""(q0.5-q0.005)/(q0.5-q0.25); Gaussian ~3.82""}"
log_return_5,distribution,robust_z_outlier_fraction_gt5,0.015120810600155885,OK,,"{""scale"": ""1.4826*MAD""}"
log_return_5,distribution,zero_fraction,7.79423226812159e-05,OK,,
log_return_5,distribution,quantile_0.005,-0.13113859015,OK,,"{""method"": ""numpy linear""}"
log_return_5,distribution,quantile_0.01,-0.11155847766,OK,,"{""method"": ""numpy linear""}"
log_return_5,distribution,quantile_0.05,-0.057253055,OK,,"{""method"": ""numpy linear""}"
log_return_5,distribution,quantile_0.25,-0.01421361275,OK,,"{""method"": ""numpy linear""}"
log_return_5,distribution,quantile_0.5,0.0007614426850000001,OK,,"{""method"": ""numpy linear""}"
log_return_5,distribution,quantile_0.75,0.01681026225,OK,,"{""method"": ""numpy linear""}"
log_return_5,distribution,quantile_0.95,0.05715532484999999,OK,,"{""method"": ""numpy linear""}"
log_return_5,distribution,quantile_0.99,0.1015016657999996,OK,,"{""method"": ""numpy linear""}"
log_return_5,distribution,quantile_0.995,0.12027866149999959,OK,,"{""method"": ""numpy linear""}"
log_return_5,volatility,diff_std,0.02343518175814389,OK,,"{""rule"": ""longest contiguous finite run; no imputation"", ""segment_rows"": [5, 12835]}"
log_return_5,volatility,diff_abs_mean,0.014934270491198566,OK,,"{""rule"": ""longest contiguous finite run; no imputation"", ""segment_rows"": [5, 12835]}"
log_return_5,volatility,diff_std_over_std,0.640006317286527,OK,,"{""rule"": ""longest contiguous finite run; no imputation"", ""segment_rows"": [5, 12835]}"
log_return_5,volatility,rolling_std_cv,0.8151429704403115,OK,,"{""rule"": ""non-overlapping primary-period blocks; std of block std / mean"", ""window_rows"": 6}"
log_return_5,trend,slope_per_row,-8.313958454714284e-08,OK,,"{""rule"": ""longest contiguous finite run; no imputation"", ""segment_rows"": [5, 12835]}"
log_return_5,trend,slope_per_day,,UNSUPPORTED,NO_VERIFIED_REGULAR_STEP,
log_return_5,trend,linear_r2,7.072182911049829e-05,OK,,
log_return_5,acf,acf_lag_1,0.7952011219417121,OK,,"{""estimator"": ""biased, mean-centered""}"
log_return_5,acf,acf_lag_2,0.6047170846530663,OK,,"{""estimator"": ""biased, mean-centered""}"
log_return_5,acf,acf_lag_3,0.41709932688159446,OK,,"{""estimator"": ""biased, mean-centered""}"
log_return_5,acf,acf_lag_6,-0.0458087324203515,OK,,"{""estimator"": ""biased, mean-centered""}"
log_return_5,acf,acf_lag_12,0.026094883947168933,OK,,"{""estimator"": ""biased, mean-centered""}"
log_return_5,acf,acf_lag_42,-0.013845292321738454,OK,,"{""estimator"": ""biased, mean-centered""}"
log_return_5,acf,decorrelation_lag_1_over_e,4,OK,,
log_return_5,spectral,peak1_period_rows,49.92217898832685,OK,,"{""method"": ""periodogram, linear detrend, rank by power""}"
log_return_5,spectral,peak1_power_fraction,0.004283837134598577,OK,,
log_return_5,spectral,peak2_period_rows,13.091836734693876,OK,,"{""method"": ""periodogram, linear detrend, rank by power""}"
log_return_5,spectral,peak2_power_fraction,0.0038826035709215107,OK,,
log_return_5,spectral,peak3_period_rows,29.359267734553775,OK,,"{""method"": ""periodogram, linear detrend, rank by power""}"
log_return_5,spectral,peak3_power_fraction,0.003511317144543816,OK,,
log_return_5,spectral,peak1_period_hours,,UNSUPPORTED,NO_VERIFIED_REGULAR_STEP,
log_return_5,spectral,entropy_normalized,0.8422767438219312,OK,,
log_return_5,spectral,low_frequency_power_fraction,0.9037756537124833,OK,,"{""basis"": ""primary period"", ""cutoff_cycles_per_row"": 0.16666666666666666}"
log_return_5,spectral,centroid_cycles_per_row,0.07975256854873909,OK,,
log_return_5,stationarity,adf_c_aic_statistic,-15.984780306433796,OK,,"{""autolag"": ""AIC"", ""lag_selection"": ""AIC over lags 0..maxlag on the common trimmed sample, as statsmodels _autolag does, without retaining every fitted model; final fit adfuller(maxlag=best, autolag=None)"", ""limitation"": ""MacKinnon approximate p-value; low power near unity; lag choice by AIC"", ""maxlag"": 41, ""n"": 12830, ""null"": ""unit root"", ""regression"": ""c"", ""test"": ""ADF""}"
log_return_5,stationarity,adf_c_aic_pvalue,6.773118452938976e-29,OK,,"{""autolag"": ""AIC"", ""lag_selection"": ""AIC over lags 0..maxlag on the common trimmed sample, as statsmodels _autolag does, without retaining every fitted model; final fit adfuller(maxlag=best, autolag=None)"", ""limitation"": ""MacKinnon approximate p-value; low power near unity; lag choice by AIC"", ""maxlag"": 41, ""n"": 12830, ""null"": ""unit root"", ""regression"": ""c"", ""test"": ""ADF""}"
log_return_5,stationarity,adf_c_aic_lags,41,OK,,"{""autolag"": ""AIC"", ""lag_selection"": ""AIC over lags 0..maxlag on the common trimmed sample, as statsmodels _autolag does, without retaining every fitted model; final fit adfuller(maxlag=best, autolag=None)"", ""limitation"": ""MacKinnon approximate p-value; low power near unity; lag choice by AIC"", ""maxlag"": 41, ""n"": 12830, ""null"": ""unit root"", ""regression"": ""c"", ""test"": ""ADF""}"
log_return_5,stationarity,kpss_c_auto_statistic,0.10475190791853851,OK_WITH_WARNING,,"{""limitation"": ""p-value interpolated from a table bounded to [0.01, 0.10]"", ""n"": 12830, ""nlags"": ""auto (Hobijn)"", ""null"": ""level stationarity"", ""regression"": ""c"", ""test"": ""KPSS"", ""warnings"": [""The test statistic is outside of the range of p-values available in the\nlook-up table. The actual p-value is greater than the p-value returned.\n""]}"
log_return_5,stationarity,kpss_c_auto_pvalue,0.1,OK_WITH_WARNING,P_VALUE_AT_TABLE_BOUND,"{""limitation"": ""p-value interpolated from a table bounded to [0.01, 0.10]"", ""n"": 12830, ""nlags"": ""auto (Hobijn)"", ""null"": ""level stationarity"", ""regression"": ""c"", ""test"": ""KPSS"", ""warnings"": [""The test statistic is outside of the range of p-values available in the\nlook-up table. The actual p-value is greater than the p-value returned.\n""]}"
log_return_5,stationarity,kpss_c_auto_lags,32,OK_WITH_WARNING,,"{""limitation"": ""p-value interpolated from a table bounded to [0.01, 0.10]"", ""n"": 12830, ""nlags"": ""auto (Hobijn)"", ""null"": ""level stationarity"", ""regression"": ""c"", ""test"": ""KPSS"", ""warnings"": [""The test statistic is outside of the range of p-values available in the\nlook-up table. The actual p-value is greater than the p-value returned.\n""]}"
log_return_5,stationarity,kpss_ct_auto_statistic,0.08826238092227241,OK_WITH_WARNING,,"{""limitation"": ""p-value interpolated from a table bounded to [0.01, 0.10]"", ""n"": 12830, ""nlags"": ""auto (Hobijn)"", ""null"": ""trend stationarity"", ""regression"": ""ct"", ""test"": ""KPSS"", ""warnings"": [""The test statistic is outside of the range of p-values available in the\nlook-up table. The actual p-value is greater than the p-value returned.\n""]}"
log_return_5,stationarity,kpss_ct_auto_pvalue,0.1,OK_WITH_WARNING,P_VALUE_AT_TABLE_BOUND,"{""limitation"": ""p-value interpolated from a table bounded to [0.01, 0.10]"", ""n"": 12830, ""nlags"": ""auto (Hobijn)"", ""null"": ""trend stationarity"", ""regression"": ""ct"", ""test"": ""KPSS"", ""warnings"": [""The test statistic is outside of the range of p-values available in the\nlook-up table. The actual p-value is greater than the p-value returned.\n""]}"
log_return_5,stationarity,kpss_ct_auto_lags,32,OK_WITH_WARNING,,"{""limitation"": ""p-value interpolated from a table bounded to [0.01, 0.10]"", ""n"": 12830, ""nlags"": ""auto (Hobijn)"", ""null"": ""trend stationarity"", ""regression"": ""ct"", ""test"": ""KPSS"", ""warnings"": [""The test statistic is outside of the range of p-values available in the\nlook-up table. The actual p-value is greater than the p-value returned.\n""]}"
log_return_5,stationarity,adf_kpss_joint_reading,ADF_REJECTS_UNIT_ROOT_KPSS_DOES_NOT_REJECT_LEVEL,OK,,"{""alpha"": 0.05, ""note"": ""descriptive, unadjusted for multiple testing; not an eligibility rule""}"
log_return_5,seasonality,acf_at_daily_6,-0.045808732420351474,OK,,"{""declared_period_rows"": 6}"
log_return_5,seasonality,seasonal_diff_var_ratio_daily_6,2.0922528857383282,OK,,"{""formula"": ""var(x_t - x_{t-s}) / var(x_t); 2 for white noise, <1 when season repeats""}"
log_return_5,seasonality,acf_at_weekly_42,-0.013845292321738463,OK,,"{""declared_period_rows"": 42}"
log_return_5,seasonality,seasonal_diff_var_ratio_weekly_42,2.030224236748157,OK,,"{""formula"": ""var(x_t - x_{t-s}) / var(x_t); 2 for white noise, <1 when season repeats""}"
log_return_5,seasonality,stl_seasonal_strength_primary,0.19041092489138933,OK,,"{""formula"": ""max(0, 1 - var(R)/var(S+R)) and max(0, 1 - var(R)/var(T+R)) (Wang, Smith, Hyndman 2006)"", ""method"": ""statsmodels STL"", ""note"": ""optional diagnostic transform; not a model input"", ""period"": 6, ""robust"": false}"
log_return_5,seasonality,stl_trend_strength_primary,0.7882230151191085,OK,,"{""formula"": ""max(0, 1 - var(R)/var(S+R)) and max(0, 1 - var(R)/var(T+R)) (Wang, Smith, Hyndman 2006)"", ""method"": ""statsmodels STL"", ""note"": ""optional diagnostic transform; not a model input"", ""period"": 6, ""robust"": false}"
return_10,missingness,rows,12835,OK,,
return_10,missingness,missing_count,10,OK,,"{""also"": ""NaN literals parsed by float()"", ""empty_or_token_cells"": 10, ""tokens"": ["""", ""n/a"", ""na"", ""nan"", ""none"", ""null""]}"
return_10,missingness,missing_fraction,0.0007791195948578107,OK,,
return_10,missingness,nonnumeric_count,0,OK,,
return_10,missingness,nonfinite_count,10,OK,,
return_10,missingness,longest_finite_run,12825,OK,,
return_10,missingness,constant_flag,False,OK,,
return_10,missingness,unique_count,12824,OK,,
return_10,distribution,mean,0.0028348748327693264,OK,,
return_10,distribution,std,0.05108622113541805,OK,,
return_10,distribution,min,-0.38938522,OK,,
return_10,distribution,max,0.34410578,OK,,
return_10,distribution,median,0.0014187678,OK,,
return_10,distribution,iqr,0.047070871,OK,,
return_10,distribution,mad,0.0235449952,OK,,
return_10,distribution,skewness,0.08676263142628893,OK,,"{""bias"": false}"
return_10,distribution,excess_kurtosis,4.213815801838252,OK,,"{""bias"": false}"
return_10,distribution,upper_tail_ratio,7.257404691268347,OK,,"{""formula"": ""(q0.995-q0.5)/(q0.75-q0.5); Gaussian ~3.82""}"
return_10,distribution,lower_tail_ratio,7.227243083968809,OK,,"{""formula"": ""(q0.5-q0.005)/(q0.5-q0.25); Gaussian ~3.82""}"
return_10,distribution,robust_z_outlier_fraction_gt5,0.009746588693957114,OK,,"{""scale"": ""1.4826*MAD""}"
return_10,distribution,zero_fraction,0.0,OK,,
return_10,distribution,quantile_0.005,-0.1589308372,OK,,"{""method"": ""numpy linear""}"
return_10,distribution,quantile_0.01,-0.13130879839999998,OK,,"{""method"": ""numpy linear""}"
return_10,distribution,quantile_0.05,-0.078157858,OK,,"{""method"": ""numpy linear""}"
return_10,distribution,quantile_0.25,-0.020768061,OK,,"{""method"": ""numpy linear""}"
return_10,distribution,quantile_0.5,0.0014187678,OK,,"{""method"": ""numpy linear""}"
return_10,distribution,quantile_0.75,0.02630281,OK,,"{""method"": ""numpy linear""}"
return_10,distribution,quantile_0.95,0.08683119799999975,OK,,"{""method"": ""numpy linear""}"
return_10,distribution,quantile_0.99,0.15020697160000004,OK,,"{""method"": ""numpy linear""}"
return_10,distribution,quantile_0.995,0.1820123323999995,OK,,"{""method"": ""numpy linear""}"
return_10,volatility,diff_std,0.023293319717356053,OK,,"{""rule"": ""longest contiguous finite run; no imputation"", ""segment_rows"": [10, 12835]}"
return_10,volatility,diff_abs_mean,0.015123779217988976,OK,,"{""rule"": ""longest contiguous finite run; no imputation"", ""segment_rows"": [10, 12835]}"
return_10,volatility,diff_std_over_std,0.4559609068678365,OK,,"{""rule"": ""longest contiguous finite run; no imputation"", ""segment_rows"": [10, 12835]}"
return_10,volatility,rolling_std_cv,0.79933009620773,OK,,"{""rule"": ""non-overlapping primary-period blocks; std of block std / mean"", ""window_rows"": 6}"
return_10,trend,slope_per_row,-2.834256203395565e-07,OK,,"{""rule"": ""longest contiguous finite run; no imputation"", ""segment_rows"": [10, 12835]}"
return_10,trend,slope_per_day,,UNSUPPORTED,NO_VERIFIED_REGULAR_STEP,
return_10,trend,linear_r2,0.0004219276794968918,OK,,
return_10,acf,acf_lag_1,0.8960041622857495,OK,,"{""estimator"": ""biased, mean-centered""}"
return_10,acf,acf_lag_2,0.8049953057983482,OK,,"{""estimator"": ""biased, mean-centered""}"
return_10,acf,acf_lag_3,0.7146209964991526,OK,,"{""estimator"": ""biased, mean-centered""}"
return_10,acf,acf_lag_6,0.37189915880114427,OK,,"{""estimator"": ""biased, mean-centered""}"
return_10,acf,acf_lag_12,0.0021140655193645284,OK,,"{""estimator"": ""biased, mean-centered""}"
return_10,acf,acf_lag_42,-0.005187157683302038,OK,,"{""estimator"": ""biased, mean-centered""}"
return_10,acf,decorrelation_lag_1_over_e,7,OK,,
return_10,spectral,peak1_period_rows,49.90272373540856,OK,,"{""method"": ""periodogram, linear detrend, rank by power""}"
return_10,spectral,peak1_power_fraction,0.0061518420978337205,OK,,
return_10,spectral,peak2_period_rows,31.745049504950494,OK,,"{""method"": ""periodogram, linear detrend, rank by power""}"
return_10,spectral,peak2_power_fraction,0.00604052272094824,OK,,
return_10,spectral,peak3_period_rows,237.5,OK,,"{""method"": ""periodogram, linear detrend, rank by power""}"
return_10,spectral,peak3_power_fraction,0.0056849530037387614,OK,,
return_10,spectral,peak1_period_hours,,UNSUPPORTED,NO_VERIFIED_REGULAR_STEP,
return_10,spectral,entropy_normalized,0.776969755099356,OK,,
return_10,spectral,low_frequency_power_fraction,0.9424484902517556,OK,,"{""basis"": ""primary period"", ""cutoff_cycles_per_row"": 0.16666666666666666}"
return_10,spectral,centroid_cycles_per_row,0.04685808125678383,OK,,
return_10,stationarity,adf_c_aic_statistic,-14.9819630209444,OK,,"{""autolag"": ""AIC"", ""lag_selection"": ""AIC over lags 0..maxlag on the common trimmed sample, as statsmodels _autolag does, without retaining every fitted model; final fit adfuller(maxlag=best, autolag=None)"", ""limitation"": ""MacKinnon approximate p-value; low power near unity; lag choice by AIC"", ""maxlag"": 41, ""n"": 12825, ""null"": ""unit root"", ""regression"": ""c"", ""test"": ""ADF""}"
return_10,stationarity,adf_c_aic_pvalue,1.1585691250203667e-27,OK,,"{""autolag"": ""AIC"", ""lag_selection"": ""AIC over lags 0..maxlag on the common trimmed sample, as statsmodels _autolag does, without retaining every fitted model; final fit adfuller(maxlag=best, autolag=None)"", ""limitation"": ""MacKinnon approximate p-value; low power near unity; lag choice by AIC"", ""maxlag"": 41, ""n"": 12825, ""null"": ""unit root"", ""regression"": ""c"", ""test"": ""ADF""}"
return_10,stationarity,adf_c_aic_lags,41,OK,,"{""autolag"": ""AIC"", ""lag_selection"": ""AIC over lags 0..maxlag on the common trimmed sample, as statsmodels _autolag does, without retaining every fitted model; final fit adfuller(maxlag=best, autolag=None)"", ""limitation"": ""MacKinnon approximate p-value; low power near unity; lag choice by AIC"", ""maxlag"": 41, ""n"": 12825, ""null"": ""unit root"", ""regression"": ""c"", ""test"": ""ADF""}"
return_10,stationarity,kpss_c_auto_statistic,0.13613918252860863,OK_WITH_WARNING,,"{""limitation"": ""p-value interpolated from a table bounded to [0.01, 0.10]"", ""n"": 12825, ""nlags"": ""auto (Hobijn)"", ""null"": ""level stationarity"", ""regression"": ""c"", ""test"": ""KPSS"", ""warnings"": [""The test statistic is outside of the range of p-values available in the\nlook-up table. The actual p-value is greater than the p-value returned.\n""]}"
return_10,stationarity,kpss_c_auto_pvalue,0.1,OK_WITH_WARNING,P_VALUE_AT_TABLE_BOUND,"{""limitation"": ""p-value interpolated from a table bounded to [0.01, 0.10]"", ""n"": 12825, ""nlags"": ""auto (Hobijn)"", ""null"": ""level stationarity"", ""regression"": ""c"", ""test"": ""KPSS"", ""warnings"": [""The test statistic is outside of the range of p-values available in the\nlook-up table. The actual p-value is greater than the p-value returned.\n""]}"
return_10,stationarity,kpss_c_auto_lags,57,OK_WITH_WARNING,,"{""limitation"": ""p-value interpolated from a table bounded to [0.01, 0.10]"", ""n"": 12825, ""nlags"": ""auto (Hobijn)"", ""null"": ""level stationarity"", ""regression"": ""c"", ""test"": ""KPSS"", ""warnings"": [""The test statistic is outside of the range of p-values available in the\nlook-up table. The actual p-value is greater than the p-value returned.\n""]}"
return_10,stationarity,kpss_ct_auto_statistic,0.09028050894591068,OK_WITH_WARNING,,"{""limitation"": ""p-value interpolated from a table bounded to [0.01, 0.10]"", ""n"": 12825, ""nlags"": ""auto (Hobijn)"", ""null"": ""trend stationarity"", ""regression"": ""ct"", ""test"": ""KPSS"", ""warnings"": [""The test statistic is outside of the range of p-values available in the\nlook-up table. The actual p-value is greater than the p-value returned.\n""]}"
return_10,stationarity,kpss_ct_auto_pvalue,0.1,OK_WITH_WARNING,P_VALUE_AT_TABLE_BOUND,"{""limitation"": ""p-value interpolated from a table bounded to [0.01, 0.10]"", ""n"": 12825, ""nlags"": ""auto (Hobijn)"", ""null"": ""trend stationarity"", ""regression"": ""ct"", ""test"": ""KPSS"", ""warnings"": [""The test statistic is outside of the range of p-values available in the\nlook-up table. The actual p-value is greater than the p-value returned.\n""]}"
return_10,stationarity,kpss_ct_auto_lags,57,OK_WITH_WARNING,,"{""limitation"": ""p-value interpolated from a table bounded to [0.01, 0.10]"", ""n"": 12825, ""nlags"": ""auto (Hobijn)"", ""null"": ""trend stationarity"", ""regression"": ""ct"", ""test"": ""KPSS"", ""warnings"": [""The test statistic is outside of the range of p-values available in the\nlook-up table. The actual p-value is greater than the p-value returned.\n""]}"
return_10,stationarity,adf_kpss_joint_reading,ADF_REJECTS_UNIT_ROOT_KPSS_DOES_NOT_REJECT_LEVEL,OK,,"{""alpha"": 0.05, ""note"": ""descriptive, unadjusted for multiple testing; not an eligibility rule""}"
return_10,seasonality,acf_at_daily_6,0.3718991588011442,OK,,"{""declared_period_rows"": 6}"
return_10,seasonality,seasonal_diff_var_ratio_daily_6,1.2558751100372243,OK,,"{""formula"": ""var(x_t - x_{t-s}) / var(x_t); 2 for white noise, <1 when season repeats""}"
return_10,seasonality,acf_at_weekly_42,-0.005187157683302042,OK,,"{""declared_period_rows"": 42}"
return_10,seasonality,seasonal_diff_var_ratio_weekly_42,2.0125066975098216,OK,,"{""formula"": ""var(x_t - x_{t-s}) / var(x_t); 2 for white noise, <1 when season repeats""}"
return_10,seasonality,stl_seasonal_strength_primary,0.2748759034879882,OK,,"{""formula"": ""max(0, 1 - var(R)/var(S+R)) and max(0, 1 - var(R)/var(T+R)) (Wang, Smith, Hyndman 2006)"", ""method"": ""statsmodels STL"", ""note"": ""optional diagnostic transform; not a model input"", ""period"": 6, ""robust"": false}"
return_10,seasonality,stl_trend_strength_primary,0.9188045724427819,OK,,"{""formula"": ""max(0, 1 - var(R)/var(S+R)) and max(0, 1 - var(R)/var(T+R)) (Wang, Smith, Hyndman 2006)"", ""method"": ""statsmodels STL"", ""note"": ""optional diagnostic transform; not a model input"", ""period"": 6, ""robust"": false}"
log_return_10,missingness,rows,12835,OK,,
log_return_10,missingness,missing_count,10,OK,,"{""also"": ""NaN literals parsed by float()"", ""empty_or_token_cells"": 10, ""tokens"": ["""", ""n/a"", ""na"", ""nan"", ""none"", ""null""]}"
log_return_10,missingness,missing_fraction,0.0007791195948578107,OK,,
log_return_10,missingness,nonnumeric_count,0,OK,,
log_return_10,missingness,nonfinite_count,10,OK,,
log_return_10,missingness,longest_finite_run,12825,OK,,
log_return_10,missingness,constant_flag,False,OK,,
log_return_10,missingness,unique_count,12825,OK,,
log_return_10,distribution,mean,0.001524543942842378,OK,,
log_return_10,distribution,std,0.05127372598827562,OK,,
log_return_10,distribution,min,-0.493289,OK,,
log_return_10,distribution,max,0.29572895,OK,,
log_return_10,distribution,median,0.0014177624,OK,,
log_return_10,distribution,iqr,0.046949589,OK,,
log_return_10,distribution,mad,0.023457227599999998,OK,,
log_return_10,distribution,skewness,-0.4258650076411463,OK,,"{""bias"": false}"
log_return_10,distribution,excess_kurtosis,5.368044413429871,OK,,"{""bias"": false}"
log_return_10,distribution,upper_tail_ratio,6.754942422954166,OK,,"{""formula"": ""(q0.995-q0.5)/(q0.75-q0.5); Gaussian ~3.82""}"
log_return_10,distribution,lower_tail_ratio,7.788573787483989,OK,,"{""formula"": ""(q0.5-q0.005)/(q0.5-q0.25); Gaussian ~3.82""}"
log_return_10,distribution,robust_z_outlier_fraction_gt5,0.008966861598440545,OK,,"{""scale"": ""1.4826*MAD""}"
log_return_10,distribution,zero_fraction,0.0,OK,,
log_return_10,distribution,quantile_0.005,-0.1730814356,OK,,"{""method"": ""numpy linear""}"
log_return_10,distribution,quantile_0.01,-0.1407675824,OK,,"{""method"": ""numpy linear""}"
log_return_10,distribution,quantile_0.05,-0.081381284,OK,,"{""method"": ""numpy linear""}"
log_return_10,distribution,quantile_0.25,-0.02098675,OK,,"{""method"": ""numpy linear""}"
log_return_10,distribution,quantile_0.5,0.0014177624,OK,,"{""method"": ""numpy linear""}"
log_return_10,distribution,quantile_0.75,0.025962839,OK,,"{""method"": ""numpy linear""}"
log_return_10,distribution,quantile_0.95,0.08326629479999978,OK,,"{""method"": ""numpy linear""}"
log_return_10,distribution,quantile_0.99,0.13994190920000005,OK,,"{""method"": ""numpy linear""}"
log_return_10,distribution,quantile_0.995,0.1672183415999996,OK,,"{""method"": ""numpy linear""}"
log_return_10,volatility,diff_std,0.023321992468046147,OK,,"{""rule"": ""longest contiguous finite run; no imputation"", ""segment_rows"": [10, 12835]}"
log_return_10,volatility,diff_abs_mean,0.015113553581515672,OK,,"{""rule"": ""longest contiguous finite run; no imputation"", ""segment_rows"": [10, 12835]}"
log_return_10,volatility,diff_std_over_std,0.45485269538201717,OK,,"{""rule"": ""longest contiguous finite run; no imputation"", ""segment_rows"": [10, 12835]}"
log_return_10,volatility,rolling_std_cv,0.8059111351256119,OK,,"{""rule"": ""non-overlapping primary-period blocks; std of block std / mean"", ""window_rows"": 6}"
log_return_10,trend,slope_per_row,-1.6784292586214885e-07,OK,,"{""rule"": ""longest contiguous finite run; no imputation"", ""segment_rows"": [10, 12835]}"
log_return_10,trend,slope_per_day,,UNSUPPORTED,NO_VERIFIED_REGULAR_STEP,
log_return_10,trend,linear_r2,0.00014688711136756627,OK,,
log_return_10,acf,acf_lag_1,0.8965091844024466,OK,,"{""estimator"": ""biased, mean-centered""}"
log_return_10,acf,acf_lag_2,0.8057129401560299,OK,,"{""estimator"": ""biased, mean-centered""}"
log_return_10,acf,acf_lag_3,0.7160146373062356,OK,,"{""estimator"": ""biased, mean-centered""}"
log_return_10,acf,acf_lag_6,0.3722143022795485,OK,,"{""estimator"": ""biased, mean-centered""}"
log_return_10,acf,acf_lag_12,0.004586502852472086,OK,,"{""estimator"": ""biased, mean-centered""}"
log_return_10,acf,acf_lag_42,-0.008878989281947722,OK,,"{""estimator"": ""biased, mean-centered""}"
log_return_10,acf,decorrelation_lag_1_over_e,7,OK,,
log_return_10,spectral,peak1_period_rows,49.90272373540856,OK,,"{""method"": ""periodogram, linear detrend, rank by power""}"
log_return_10,spectral,peak1_power_fraction,0.006365233269912185,OK,,
log_return_10,spectral,peak2_period_rows,237.5,OK,,"{""method"": ""periodogram, linear detrend, rank by power""}"
log_return_10,spectral,peak2_power_fraction,0.005686495281091931,OK,,
log_return_10,spectral,peak3_period_rows,31.745049504950494,OK,,"{""method"": ""periodogram, linear detrend, rank by power""}"
log_return_10,spectral,peak3_power_fraction,0.005567463892465899,OK,,
log_return_10,spectral,peak1_period_hours,,UNSUPPORTED,NO_VERIFIED_REGULAR_STEP,
log_return_10,spectral,entropy_normalized,0.7769455611661436,OK,,
log_return_10,spectral,low_frequency_power_fraction,0.9428937859329191,OK,,"{""basis"": ""primary period"", ""cutoff_cycles_per_row"": 0.16666666666666666}"
log_return_10,spectral,centroid_cycles_per_row,0.046699119929744314,OK,,
log_return_10,stationarity,adf_c_aic_statistic,-14.9607174748605,OK,,"{""autolag"": ""AIC"", ""lag_selection"": ""AIC over lags 0..maxlag on the common trimmed sample, as statsmodels _autolag does, without retaining every fitted model; final fit adfuller(maxlag=best, autolag=None)"", ""limitation"": ""MacKinnon approximate p-value; low power near unity; lag choice by AIC"", ""maxlag"": 41, ""n"": 12825, ""null"": ""unit root"", ""regression"": ""c"", ""test"": ""ADF""}"
log_return_10,stationarity,adf_c_aic_pvalue,1.2407622453050465e-27,OK,,"{""autolag"": ""AIC"", ""lag_selection"": ""AIC over lags 0..maxlag on the common trimmed sample, as statsmodels _autolag does, without retaining every fitted model; final fit adfuller(maxlag=best, autolag=None)"", ""limitation"": ""MacKinnon approximate p-value; low power near unity; lag choice by AIC"", ""maxlag"": 41, ""n"": 12825, ""null"": ""unit root"", ""regression"": ""c"", ""test"": ""ADF""}"
log_return_10,stationarity,adf_c_aic_lags,41,OK,,"{""autolag"": ""AIC"", ""lag_selection"": ""AIC over lags 0..maxlag on the common trimmed sample, as statsmodels _autolag does, without retaining every fitted model; final fit adfuller(maxlag=best, autolag=None)"", ""limitation"": ""MacKinnon approximate p-value; low power near unity; lag choice by AIC"", ""maxlag"": 41, ""n"": 12825, ""null"": ""unit root"", ""regression"": ""c"", ""test"": ""ADF""}"
log_return_10,stationarity,kpss_c_auto_statistic,0.1020248094534832,OK_WITH_WARNING,,"{""limitation"": ""p-value interpolated from a table bounded to [0.01, 0.10]"", ""n"": 12825, ""nlags"": ""auto (Hobijn)"", ""null"": ""level stationarity"", ""regression"": ""c"", ""test"": ""KPSS"", ""warnings"": [""The test statistic is outside of the range of p-values available in the\nlook-up table. The actual p-value is greater than the p-value returned.\n""]}"
log_return_10,stationarity,kpss_c_auto_pvalue,0.1,OK_WITH_WARNING,P_VALUE_AT_TABLE_BOUND,"{""limitation"": ""p-value interpolated from a table bounded to [0.01, 0.10]"", ""n"": 12825, ""nlags"": ""auto (Hobijn)"", ""null"": ""level stationarity"", ""regression"": ""c"", ""test"": ""KPSS"", ""warnings"": [""The test statistic is outside of the range of p-values available in the\nlook-up table. The actual p-value is greater than the p-value returned.\n""]}"
log_return_10,stationarity,kpss_c_auto_lags,57,OK_WITH_WARNING,,"{""limitation"": ""p-value interpolated from a table bounded to [0.01, 0.10]"", ""n"": 12825, ""nlags"": ""auto (Hobijn)"", ""null"": ""level stationarity"", ""regression"": ""c"", ""test"": ""KPSS"", ""warnings"": [""The test statistic is outside of the range of p-values available in the\nlook-up table. The actual p-value is greater than the p-value returned.\n""]}"
log_return_10,stationarity,kpss_ct_auto_statistic,0.08577473245547694,OK_WITH_WARNING,,"{""limitation"": ""p-value interpolated from a table bounded to [0.01, 0.10]"", ""n"": 12825, ""nlags"": ""auto (Hobijn)"", ""null"": ""trend stationarity"", ""regression"": ""ct"", ""test"": ""KPSS"", ""warnings"": [""The test statistic is outside of the range of p-values available in the\nlook-up table. The actual p-value is greater than the p-value returned.\n""]}"
log_return_10,stationarity,kpss_ct_auto_pvalue,0.1,OK_WITH_WARNING,P_VALUE_AT_TABLE_BOUND,"{""limitation"": ""p-value interpolated from a table bounded to [0.01, 0.10]"", ""n"": 12825, ""nlags"": ""auto (Hobijn)"", ""null"": ""trend stationarity"", ""regression"": ""ct"", ""test"": ""KPSS"", ""warnings"": [""The test statistic is outside of the range of p-values available in the\nlook-up table. The actual p-value is greater than the p-value returned.\n""]}"
log_return_10,stationarity,kpss_ct_auto_lags,57,OK_WITH_WARNING,,"{""limitation"": ""p-value interpolated from a table bounded to [0.01, 0.10]"", ""n"": 12825, ""nlags"": ""auto (Hobijn)"", ""null"": ""trend stationarity"", ""regression"": ""ct"", ""test"": ""KPSS"", ""warnings"": [""The test statistic is outside of the range of p-values available in the\nlook-up table. The actual p-value is greater than the p-value returned.\n""]}"
log_return_10,stationarity,adf_kpss_joint_reading,ADF_REJECTS_UNIT_ROOT_KPSS_DOES_NOT_REJECT_LEVEL,OK,,"{""alpha"": 0.05, ""note"": ""descriptive, unadjusted for multiple testing; not an eligibility rule""}"
log_return_10,seasonality,acf_at_daily_6,0.3722143022795485,OK,,"{""declared_period_rows"": 6}"
log_return_10,seasonality,seasonal_diff_var_ratio_daily_6,1.2552216197206965,OK,,"{""formula"": ""var(x_t - x_{t-s}) / var(x_t); 2 for white noise, <1 when season repeats""}"
log_return_10,seasonality,acf_at_weekly_42,-0.008878989281947707,OK,,"{""declared_period_rows"": 42}"
log_return_10,seasonality,seasonal_diff_var_ratio_weekly_42,2.0199941302228153,OK,,"{""formula"": ""var(x_t - x_{t-s}) / var(x_t); 2 for white noise, <1 when season repeats""}"
log_return_10,seasonality,stl_seasonal_strength_primary,0.27419160083036254,OK,,"{""formula"": ""max(0, 1 - var(R)/var(S+R)) and max(0, 1 - var(R)/var(T+R)) (Wang, Smith, Hyndman 2006)"", ""method"": ""statsmodels STL"", ""note"": ""optional diagnostic transform; not a model input"", ""period"": 6, ""robust"": false}"
log_return_10,seasonality,stl_trend_strength_primary,0.9192630147206028,OK,,"{""formula"": ""max(0, 1 - var(R)/var(S+R)) and max(0, 1 - var(R)/var(T+R)) (Wang, Smith, Hyndman 2006)"", ""method"": ""statsmodels STL"", ""note"": ""optional diagnostic transform; not a model input"", ""period"": 6, ""robust"": false}"
return_20,missingness,rows,12835,OK,,
return_20,missingness,missing_count,20,OK,,"{""also"": ""NaN literals parsed by float()"", ""empty_or_token_cells"": 20, ""tokens"": ["""", ""n/a"", ""na"", ""nan"", ""none"", ""null""]}"
return_20,missingness,missing_fraction,0.0015582391897156214,OK,,
return_20,missingness,nonnumeric_count,0,OK,,
return_20,missingness,nonfinite_count,20,OK,,
return_20,missingness,longest_finite_run,12815,OK,,
return_20,missingness,constant_flag,False,OK,,
return_20,missingness,unique_count,12812,OK,,
return_20,distribution,mean,0.0057222840091895434,OK,,
return_20,distribution,std,0.07244596958001036,OK,,
return_20,distribution,min,-0.38186708,OK,,
return_20,distribution,max,0.47084782,OK,,
return_20,distribution,median,0.003294216,OK,,
return_20,distribution,iqr,0.0723888935,OK,,
return_20,distribution,mad,0.036135443999999996,OK,,
return_20,distribution,skewness,0.1419993970057265,OK,,"{""bias"": false}"
return_20,distribution,excess_kurtosis,2.4110696079996465,OK,,"{""bias"": false}"
return_20,distribution,upper_tail_ratio,5.917268751940366,OK,,"{""formula"": ""(q0.995-q0.5)/(q0.75-q0.5); Gaussian ~3.82""}"
return_20,distribution,lower_tail_ratio,6.571109067648349,OK,,"{""formula"": ""(q0.5-q0.005)/(q0.5-q0.25); Gaussian ~3.82""}"
return_20,distribution,robust_z_outlier_fraction_gt5,0.004525946156847444,OK,,"{""scale"": ""1.4826*MAD""}"
return_20,distribution,zero_fraction,0.00023410066328521264,OK,,
return_20,distribution,quantile_0.005,-0.2206238494,OK,,"{""method"": ""numpy linear""}"
return_20,distribution,quantile_0.01,-0.1810602926,OK,,"{""method"": ""numpy linear""}"
return_20,distribution,quantile_0.05,-0.11242327699999999,OK,,"{""method"": ""numpy linear""}"
return_20,distribution,quantile_0.25,-0.030781929,OK,,"{""method"": ""numpy linear""}"
return_20,distribution,quantile_0.5,0.003294216,OK,,"{""method"": ""numpy linear""}"
return_20,distribution,quantile_0.75,0.041606964499999996,OK,,"{""method"": ""numpy linear""}"
return_20,distribution,quantile_0.95,0.12961706499999998,OK,,"{""method"": ""numpy linear""}"
return_20,distribution,quantile_0.99,0.20402427880000004,OK,,"{""method"": ""numpy linear""}"
return_20,distribution,quantile_0.995,0.23000104550000008,OK,,"{""method"": ""numpy linear""}"
return_20,volatility,diff_std,0.023504166986167984,OK,,"{""rule"": ""longest contiguous finite run; no imputation"", ""segment_rows"": [20, 12835]}"
return_20,volatility,diff_abs_mean,0.015273643440658029,OK,,"{""rule"": ""longest contiguous finite run; no imputation"", ""segment_rows"": [20, 12835]}"
return_20,volatility,diff_std_over_std,0.3244371926061345,OK,,"{""rule"": ""longest contiguous finite run; no imputation"", ""segment_rows"": [20, 12835]}"
return_20,volatility,rolling_std_cv,0.7769595055649618,OK,,"{""rule"": ""non-overlapping primary-period blocks; std of block std / mean"", ""window_rows"": 6}"
return_20,trend,slope_per_row,-5.826603939278889e-07,OK,,"{""rule"": ""longest contiguous finite run; no imputation"", ""segment_rows"": [20, 12835]}"
return_20,trend,slope_per_day,,UNSUPPORTED,NO_VERIFIED_REGULAR_STEP,
return_20,trend,linear_r2,0.0008853039483307512,OK,,
return_20,acf,acf_lag_1,0.9473461226328533,OK,,"{""estimator"": ""biased, mean-centered""}"
return_20,acf,acf_lag_2,0.8981274443002092,OK,,"{""estimator"": ""biased, mean-centered""}"
return_20,acf,acf_lag_3,0.850038514932593,OK,,"{""estimator"": ""biased, mean-centered""}"
return_20,acf,acf_lag_6,0.6850140024371056,OK,,"{""estimator"": ""biased, mean-centered""}"
return_20,acf,acf_lag_12,0.4140653497799186,OK,,"{""estimator"": ""biased, mean-centered""}"
return_20,acf,acf_lag_42,0.003435226680613742,OK,,"{""estimator"": ""biased, mean-centered""}"
return_20,acf,decorrelation_lag_1_over_e,14,OK,,
return_20,spectral,peak1_period_rows,237.3148148148148,OK,,"{""method"": ""periodogram, linear detrend, rank by power""}"
return_20,spectral,peak1_power_fraction,0.011360446962947631,OK,,
return_20,spectral,peak2_period_rows,1601.875,OK,,"{""method"": ""periodogram, linear detrend, rank by power""}"
return_20,spectral,peak2_power_fraction,0.009426260411102791,OK,,
return_20,spectral,peak3_period_rows,1830.7142857142858,OK,,"{""method"": ""periodogram, linear detrend, rank by power""}"
return_20,spectral,peak3_power_fraction,0.009143000686071727,OK,,
return_20,spectral,peak1_period_hours,,UNSUPPORTED,NO_VERIFIED_REGULAR_STEP,
return_20,spectral,entropy_normalized,0.7072295176866774,OK,,
return_20,spectral,low_frequency_power_fraction,0.9684069082143062,OK,,"{""basis"": ""primary period"", ""cutoff_cycles_per_row"": 0.16666666666666666}"
return_20,spectral,centroid_cycles_per_row,0.027117326809536824,OK,,
return_20,stationarity,adf_c_aic_statistic,-12.659966689624806,OK,,"{""autolag"": ""AIC"", ""lag_selection"": ""AIC over lags 0..maxlag on the common trimmed sample, as statsmodels _autolag does, without retaining every fitted model; final fit adfuller(maxlag=best, autolag=None)"", ""limitation"": ""MacKinnon approximate p-value; low power near unity; lag choice by AIC"", ""maxlag"": 41, ""n"": 12815, ""null"": ""unit root"", ""regression"": ""c"", ""test"": ""ADF""}"
return_20,stationarity,adf_c_aic_pvalue,1.3114422926191488e-23,OK,,"{""autolag"": ""AIC"", ""lag_selection"": ""AIC over lags 0..maxlag on the common trimmed sample, as statsmodels _autolag does, without retaining every fitted model; final fit adfuller(maxlag=best, autolag=None)"", ""limitation"": ""MacKinnon approximate p-value; low power near unity; lag choice by AIC"", ""maxlag"": 41, ""n"": 12815, ""null"": ""unit root"", ""regression"": ""c"", ""test"": ""ADF""}"
return_20,stationarity,adf_c_aic_lags,40,OK,,"{""autolag"": ""AIC"", ""lag_selection"": ""AIC over lags 0..maxlag on the common trimmed sample, as statsmodels _autolag does, without retaining every fitted model; final fit adfuller(maxlag=best, autolag=None)"", ""limitation"": ""MacKinnon approximate p-value; low power near unity; lag choice by AIC"", ""maxlag"": 41, ""n"": 12815, ""null"": ""unit root"", ""regression"": ""c"", ""test"": ""ADF""}"
return_20,stationarity,kpss_c_auto_statistic,0.14231450057953965,OK_WITH_WARNING,,"{""limitation"": ""p-value interpolated from a table bounded to [0.01, 0.10]"", ""n"": 12815, ""nlags"": ""auto (Hobijn)"", ""null"": ""level stationarity"", ""regression"": ""c"", ""test"": ""KPSS"", ""warnings"": [""The test statistic is outside of the range of p-values available in the\nlook-up table. The actual p-value is greater than the p-value returned.\n""]}"
return_20,stationarity,kpss_c_auto_pvalue,0.1,OK_WITH_WARNING,P_VALUE_AT_TABLE_BOUND,"{""limitation"": ""p-value interpolated from a table bounded to [0.01, 0.10]"", ""n"": 12815, ""nlags"": ""auto (Hobijn)"", ""null"": ""level stationarity"", ""regression"": ""c"", ""test"": ""KPSS"", ""warnings"": [""The test statistic is outside of the range of p-values available in the\nlook-up table. The actual p-value is greater than the p-value returned.\n""]}"
return_20,stationarity,kpss_c_auto_lags,65,OK_WITH_WARNING,,"{""limitation"": ""p-value interpolated from a table bounded to [0.01, 0.10]"", ""n"": 12815, ""nlags"": ""auto (Hobijn)"", ""null"": ""level stationarity"", ""regression"": ""c"", ""test"": ""KPSS"", ""warnings"": [""The test statistic is outside of the range of p-values available in the\nlook-up table. The actual p-value is greater than the p-value returned.\n""]}"
return_20,stationarity,kpss_ct_auto_statistic,0.0927633104847439,OK_WITH_WARNING,,"{""limitation"": ""p-value interpolated from a table bounded to [0.01, 0.10]"", ""n"": 12815, ""nlags"": ""auto (Hobijn)"", ""null"": ""trend stationarity"", ""regression"": ""ct"", ""test"": ""KPSS"", ""warnings"": [""The test statistic is outside of the range of p-values available in the\nlook-up table. The actual p-value is greater than the p-value returned.\n""]}"
return_20,stationarity,kpss_ct_auto_pvalue,0.1,OK_WITH_WARNING,P_VALUE_AT_TABLE_BOUND,"{""limitation"": ""p-value interpolated from a table bounded to [0.01, 0.10]"", ""n"": 12815, ""nlags"": ""auto (Hobijn)"", ""null"": ""trend stationarity"", ""regression"": ""ct"", ""test"": ""KPSS"", ""warnings"": [""The test statistic is outside of the range of p-values available in the\nlook-up table. The actual p-value is greater than the p-value returned.\n""]}"
return_20,stationarity,kpss_ct_auto_lags,65,OK_WITH_WARNING,,"{""limitation"": ""p-value interpolated from a table bounded to [0.01, 0.10]"", ""n"": 12815, ""nlags"": ""auto (Hobijn)"", ""null"": ""trend stationarity"", ""regression"": ""ct"", ""test"": ""KPSS"", ""warnings"": [""The test statistic is outside of the range of p-values available in the\nlook-up table. The actual p-value is greater than the p-value returned.\n""]}"
return_20,stationarity,adf_kpss_joint_reading,ADF_REJECTS_UNIT_ROOT_KPSS_DOES_NOT_REJECT_LEVEL,OK,,"{""alpha"": 0.05, ""note"": ""descriptive, unadjusted for multiple testing; not an eligibility rule""}"
return_20,seasonality,acf_at_daily_6,0.6850140024371059,OK,,"{""declared_period_rows"": 6}"
return_20,seasonality,seasonal_diff_var_ratio_daily_6,0.6298723257937899,OK,,"{""formula"": ""var(x_t - x_{t-s}) / var(x_t); 2 for white noise, <1 when season repeats""}"
return_20,seasonality,acf_at_weekly_42,0.0034352266806137303,OK,,"{""declared_period_rows"": 42}"
return_20,seasonality,seasonal_diff_var_ratio_weekly_42,1.993869549684484,OK,,"{""formula"": ""var(x_t - x_{t-s}) / var(x_t); 2 for white noise, <1 when season repeats""}"
return_20,seasonality,stl_seasonal_strength_primary,0.22478350948462256,OK,,"{""formula"": ""max(0, 1 - var(R)/var(S+R)) and max(0, 1 - var(R)/var(T+R)) (Wang, Smith, Hyndman 2006)"", ""method"": ""statsmodels STL"", ""note"": ""optional diagnostic transform; not a model input"", ""period"": 6, ""robust"": false}"
return_20,seasonality,stl_trend_strength_primary,0.9546728800199017,OK,,"{""formula"": ""max(0, 1 - var(R)/var(S+R)) and max(0, 1 - var(R)/var(T+R)) (Wang, Smith, Hyndman 2006)"", ""method"": ""statsmodels STL"", ""note"": ""optional diagnostic transform; not a model input"", ""period"": 6, ""robust"": false}"
log_return_20,missingness,rows,12835,OK,,
log_return_20,missingness,missing_count,20,OK,,"{""also"": ""NaN literals parsed by float()"", ""empty_or_token_cells"": 20, ""tokens"": ["""", ""n/a"", ""na"", ""nan"", ""none"", ""null""]}"
log_return_20,missingness,missing_fraction,0.0015582391897156214,OK,,
log_return_20,missingness,nonnumeric_count,0,OK,,
log_return_20,missingness,nonfinite_count,20,OK,,
log_return_20,missingness,longest_finite_run,12815,OK,,
log_return_20,missingness,constant_flag,False,OK,,
log_return_20,missingness,unique_count,12813,OK,,
log_return_20,distribution,mean,0.00309238999380952,OK,,
log_return_20,distribution,std,0.07256568874247292,OK,,
log_return_20,distribution,min,-0.48105174,OK,,
log_return_20,distribution,max,0.385839,OK,,
log_return_20,distribution,median,0.0032888018,OK,,
log_return_20,distribution,iqr,0.0720303225,OK,,
log_return_20,distribution,mad,0.036072871799999996,OK,,
log_return_20,distribution,skewness,-0.3503190116100174,OK,,"{""bias"": false}"
log_return_20,distribution,excess_kurtosis,2.8581091224627624,OK,,"{""bias"": false}"
log_return_20,distribution,upper_tail_ratio,5.436196371040421,OK,,"{""formula"": ""(q0.995-q0.5)/(q0.75-q0.5); Gaussian ~3.82""}"
log_return_20,distribution,lower_tail_ratio,7.308765720259855,OK,,"{""formula"": ""(q0.5-q0.005)/(q0.5-q0.25); Gaussian ~3.82""}"
log_return_20,distribution,robust_z_outlier_fraction_gt5,0.004916113928989466,OK,,"{""scale"": ""1.4826*MAD""}"
log_return_20,distribution,zero_fraction,0.00023410066328521264,OK,,
log_return_20,distribution,quantile_0.005,-0.24926155079999998,OK,,"{""method"": ""numpy linear""}"
log_return_20,distribution,quantile_0.01,-0.1997448138,OK,,"{""method"": ""numpy linear""}"
log_return_20,distribution,quantile_0.05,-0.11926031699999999,OK,,"{""method"": ""numpy linear""}"
log_return_20,distribution,quantile_0.25,-0.0312656445,OK,,"{""method"": ""numpy linear""}"
log_return_20,distribution,quantile_0.5,0.0032888018,OK,,"{""method"": ""numpy linear""}"
log_return_20,distribution,quantile_0.75,0.040764678,OK,,"{""method"": ""numpy linear""}"
log_return_20,distribution,quantile_0.95,0.121878695,OK,,"{""method"": ""numpy linear""}"
log_return_20,distribution,quantile_0.99,0.18566951220000005,OK,,"{""method"": ""numpy linear""}"
log_return_20,distribution,quantile_0.995,0.20701502400000008,OK,,"{""method"": ""numpy linear""}"
log_return_20,volatility,diff_std,0.02338266184436787,OK,,"{""rule"": ""longest contiguous finite run; no imputation"", ""segment_rows"": [20, 12835]}"
log_return_20,volatility,diff_abs_mean,0.015211371716068988,OK,,"{""rule"": ""longest contiguous finite run; no imputation"", ""segment_rows"": [20, 12835]}"
log_return_20,volatility,diff_std_over_std,0.32222751894976404,OK,,"{""rule"": ""longest contiguous finite run; no imputation"", ""segment_rows"": [20, 12835]}"
log_return_20,volatility,rolling_std_cv,0.7742490700137652,OK,,"{""rule"": ""non-overlapping primary-period blocks; std of block std / mean"", ""window_rows"": 6}"
log_return_20,trend,slope_per_row,-3.5677674649150214e-07,OK,,"{""rule"": ""longest contiguous finite run; no imputation"", ""segment_rows"": [20, 12835]}"
log_return_20,trend,slope_per_day,,UNSUPPORTED,NO_VERIFIED_REGULAR_STEP,
log_return_20,trend,linear_r2,0.00033084174398989585,OK,,
log_return_20,acf,acf_lag_1,0.9480624447771259,OK,,"{""estimator"": ""biased, mean-centered""}"
log_return_20,acf,acf_lag_2,0.8999398507901376,OK,,"{""estimator"": ""biased, mean-centered""}"
log_return_20,acf,acf_lag_3,0.85231024227774,OK,,"{""estimator"": ""biased, mean-centered""}"
log_return_20,acf,acf_lag_6,0.6887362221130333,OK,,"{""estimator"": ""biased, mean-centered""}"
log_return_20,acf,acf_lag_12,0.420343283842206,OK,,"{""estimator"": ""biased, mean-centered""}"
log_return_20,acf,acf_lag_42,-0.0016943212053457388,OK,,"{""estimator"": ""biased, mean-centered""}"
log_return_20,acf,decorrelation_lag_1_over_e,14,OK,,
log_return_20,spectral,peak1_period_rows,237.3148148148148,OK,,"{""method"": ""periodogram, linear detrend, rank by power""}"
log_return_20,spectral,peak1_power_fraction,0.011561624661553487,OK,,
log_return_20,spectral,peak2_period_rows,1830.7142857142858,OK,,"{""method"": ""periodogram, linear detrend, rank by power""}"
log_return_20,spectral,peak2_power_fraction,0.009219972048492108,OK,,
log_return_20,spectral,peak3_period_rows,4271.666666666666,OK,,"{""method"": ""periodogram, linear detrend, rank by power""}"
log_return_20,spectral,peak3_power_fraction,0.008907243417237184,OK,,
log_return_20,spectral,peak1_period_hours,,UNSUPPORTED,NO_VERIFIED_REGULAR_STEP,
log_return_20,spectral,entropy_normalized,0.7063903367570961,OK,,
log_return_20,spectral,low_frequency_power_fraction,0.9690360232884114,OK,,"{""basis"": ""primary period"", ""cutoff_cycles_per_row"": 0.16666666666666666}"
log_return_20,spectral,centroid_cycles_per_row,0.026833637298828972,OK,,
log_return_20,stationarity,adf_c_aic_statistic,-12.655502945521548,OK,,"{""autolag"": ""AIC"", ""lag_selection"": ""AIC over lags 0..maxlag on the common trimmed sample, as statsmodels _autolag does, without retaining every fitted model; final fit adfuller(maxlag=best, autolag=None)"", ""limitation"": ""MacKinnon approximate p-value; low power near unity; lag choice by AIC"", ""maxlag"": 41, ""n"": 12815, ""null"": ""unit root"", ""regression"": ""c"", ""test"": ""ADF""}"
log_return_20,stationarity,adf_c_aic_pvalue,1.3395133709659154e-23,OK,,"{""autolag"": ""AIC"", ""lag_selection"": ""AIC over lags 0..maxlag on the common trimmed sample, as statsmodels _autolag does, without retaining every fitted model; final fit adfuller(maxlag=best, autolag=None)"", ""limitation"": ""MacKinnon approximate p-value; low power near unity; lag choice by AIC"", ""maxlag"": 41, ""n"": 12815, ""null"": ""unit root"", ""regression"": ""c"", ""test"": ""ADF""}"
log_return_20,stationarity,adf_c_aic_lags,40,OK,,"{""autolag"": ""AIC"", ""lag_selection"": ""AIC over lags 0..maxlag on the common trimmed sample, as statsmodels _autolag does, without retaining every fitted model; final fit adfuller(maxlag=best, autolag=None)"", ""limitation"": ""MacKinnon approximate p-value; low power near unity; lag choice by AIC"", ""maxlag"": 41, ""n"": 12815, ""null"": ""unit root"", ""regression"": ""c"", ""test"": ""ADF""}"
log_return_20,stationarity,kpss_c_auto_statistic,0.10750483381493763,OK_WITH_WARNING,,"{""limitation"": ""p-value interpolated from a table bounded to [0.01, 0.10]"", ""n"": 12815, ""nlags"": ""auto (Hobijn)"", ""null"": ""level stationarity"", ""regression"": ""c"", ""test"": ""KPSS"", ""warnings"": [""The test statistic is outside of the range of p-values available in the\nlook-up table. The actual p-value is greater than the p-value returned.\n""]}"
log_return_20,stationarity,kpss_c_auto_pvalue,0.1,OK_WITH_WARNING,P_VALUE_AT_TABLE_BOUND,"{""limitation"": ""p-value interpolated from a table bounded to [0.01, 0.10]"", ""n"": 12815, ""nlags"": ""auto (Hobijn)"", ""null"": ""level stationarity"", ""regression"": ""c"", ""test"": ""KPSS"", ""warnings"": [""The test statistic is outside of the range of p-values available in the\nlook-up table. The actual p-value is greater than the p-value returned.\n""]}"
log_return_20,stationarity,kpss_c_auto_lags,65,OK_WITH_WARNING,,"{""limitation"": ""p-value interpolated from a table bounded to [0.01, 0.10]"", ""n"": 12815, ""nlags"": ""auto (Hobijn)"", ""null"": ""level stationarity"", ""regression"": ""c"", ""test"": ""KPSS"", ""warnings"": [""The test statistic is outside of the range of p-values available in the\nlook-up table. The actual p-value is greater than the p-value returned.\n""]}"
log_return_20,stationarity,kpss_ct_auto_statistic,0.08882412062576427,OK_WITH_WARNING,,"{""limitation"": ""p-value interpolated from a table bounded to [0.01, 0.10]"", ""n"": 12815, ""nlags"": ""auto (Hobijn)"", ""null"": ""trend stationarity"", ""regression"": ""ct"", ""test"": ""KPSS"", ""warnings"": [""The test statistic is outside of the range of p-values available in the\nlook-up table. The actual p-value is greater than the p-value returned.\n""]}"
log_return_20,stationarity,kpss_ct_auto_pvalue,0.1,OK_WITH_WARNING,P_VALUE_AT_TABLE_BOUND,"{""limitation"": ""p-value interpolated from a table bounded to [0.01, 0.10]"", ""n"": 12815, ""nlags"": ""auto (Hobijn)"", ""null"": ""trend stationarity"", ""regression"": ""ct"", ""test"": ""KPSS"", ""warnings"": [""The test statistic is outside of the range of p-values available in the\nlook-up table. The actual p-value is greater than the p-value returned.\n""]}"
log_return_20,stationarity,kpss_ct_auto_lags,65,OK_WITH_WARNING,,"{""limitation"": ""p-value interpolated from a table bounded to [0.01, 0.10]"", ""n"": 12815, ""nlags"": ""auto (Hobijn)"", ""null"": ""trend stationarity"", ""regression"": ""ct"", ""test"": ""KPSS"", ""warnings"": [""The test statistic is outside of the range of p-values available in the\nlook-up table. The actual p-value is greater than the p-value returned.\n""]}"
log_return_20,stationarity,adf_kpss_joint_reading,ADF_REJECTS_UNIT_ROOT_KPSS_DOES_NOT_REJECT_LEVEL,OK,,"{""alpha"": 0.05, ""note"": ""descriptive, unadjusted for multiple testing; not an eligibility rule""}"
log_return_20,seasonality,acf_at_daily_6,0.6887362221130331,OK,,"{""declared_period_rows"": 6}"
log_return_20,seasonality,seasonal_diff_var_ratio_daily_6,0.6224432807982002,OK,,"{""formula"": ""var(x_t - x_{t-s}) / var(x_t); 2 for white noise, <1 when season repeats""}"
log_return_20,seasonality,acf_at_weekly_42,-0.0016943212053457475,OK,,"{""declared_period_rows"": 42}"
log_return_20,seasonality,seasonal_diff_var_ratio_weekly_42,2.004528529344158,OK,,"{""formula"": ""var(x_t - x_{t-s}) / var(x_t); 2 for white noise, <1 when season repeats""}"
log_return_20,seasonality,stl_seasonal_strength_primary,0.22489250642628011,OK,,"{""formula"": ""max(0, 1 - var(R)/var(S+R)) and max(0, 1 - var(R)/var(T+R)) (Wang, Smith, Hyndman 2006)"", ""method"": ""statsmodels STL"", ""note"": ""optional diagnostic transform; not a model input"", ""period"": 6, ""robust"": false}"
log_return_20,seasonality,stl_trend_strength_primary,0.9554744470339063,OK,,"{""formula"": ""max(0, 1 - var(R)/var(S+R)) and max(0, 1 - var(R)/var(T+R)) (Wang, Smith, Hyndman 2006)"", ""method"": ""statsmodels STL"", ""note"": ""optional diagnostic transform; not a model input"", ""period"": 6, ""robust"": false}"
return_60,missingness,rows,12835,OK,,
return_60,missingness,missing_count,60,OK,,"{""also"": ""NaN literals parsed by float()"", ""empty_or_token_cells"": 60, ""tokens"": ["""", ""n/a"", ""na"", ""nan"", ""none"", ""null""]}"
return_60,missingness,missing_fraction,0.004674717569146864,OK,,
return_60,missingness,nonnumeric_count,0,OK,,
return_60,missingness,nonfinite_count,60,OK,,
return_60,missingness,longest_finite_run,12775,OK,,
return_60,missingness,constant_flag,False,OK,,
return_60,missingness,unique_count,12774,OK,,
return_60,distribution,mean,0.017661492990099906,OK,,
return_60,distribution,std,0.13130483468239282,OK,,
return_60,distribution,min,-0.49982142,OK,,
return_60,distribution,max,0.76783055,OK,,
return_60,distribution,median,0.00857707,OK,,
return_60,distribution,iqr,0.1391212455,OK,,
return_60,distribution,mad,0.06962145,OK,,
return_60,distribution,skewness,0.46827628434909446,OK,,"{""bias"": false}"
return_60,distribution,excess_kurtosis,1.736092914465619,OK,,"{""bias"": false}"
return_60,distribution,upper_tail_ratio,5.940440079435203,OK,,"{""formula"": ""(q0.995-q0.5)/(q0.75-q0.5); Gaussian ~3.82""}"
return_60,distribution,lower_tail_ratio,5.476562089375729,OK,,"{""formula"": ""(q0.5-q0.005)/(q0.5-q0.25); Gaussian ~3.82""}"
return_60,distribution,robust_z_outlier_fraction_gt5,0.00187866927592955,OK,,"{""scale"": ""1.4826*MAD""}"
return_60,distribution,zero_fraction,7.827788649706458e-05,OK,,
return_60,distribution,quantile_0.005,-0.3497653598,OK,,"{""method"": ""numpy linear""}"
return_60,distribution,quantile_0.01,-0.307447556,OK,,"{""method"": ""numpy linear""}"
return_60,distribution,quantile_0.05,-0.179436837,OK,,"{""method"": ""numpy linear""}"
return_60,distribution,quantile_0.25,-0.056854933499999996,OK,,"{""method"": ""numpy linear""}"
return_60,distribution,quantile_0.5,0.00857707,OK,,"{""method"": ""numpy linear""}"
return_60,distribution,quantile_0.75,0.08226631200000001,OK,,"{""method"": ""numpy linear""}"
return_60,distribution,quantile_0.95,0.2556906009999999,OK,,"{""method"": ""numpy linear""}"
return_60,distribution,quantile_0.99,0.3930892238000001,OK,,"{""method"": ""numpy linear""}"
return_60,distribution,quantile_0.995,0.4463235966,OK,,"{""method"": ""numpy linear""}"
return_60,volatility,diff_std,0.024248016657890028,OK,,"{""rule"": ""longest contiguous finite run; no imputation"", ""segment_rows"": [60, 12835]}"
return_60,volatility,diff_abs_mean,0.015609708446205104,OK,,"{""rule"": ""longest contiguous finite run; no imputation"", ""segment_rows"": [60, 12835]}"
return_60,volatility,diff_std_over_std,0.18466964081362602,OK,,"{""rule"": ""longest contiguous finite run; no imputation"", ""segment_rows"": [60, 12835]}"
return_60,volatility,rolling_std_cv,0.802867388254629,OK,,"{""rule"": ""non-overlapping primary-period blocks; std of block std / mean"", ""window_rows"": 6}"
return_60,trend,slope_per_row,-1.887532060886389e-06,OK,,"{""rule"": ""longest contiguous finite run; no imputation"", ""segment_rows"": [60, 12835]}"
return_60,trend,slope_per_day,,UNSUPPORTED,NO_VERIFIED_REGULAR_STEP,
return_60,trend,linear_r2,0.0028106178860070052,OK,,
return_60,acf,acf_lag_1,0.9829133232294526,OK,,"{""estimator"": ""biased, mean-centered""}"
return_60,acf,acf_lag_2,0.9679515477396434,OK,,"{""estimator"": ""biased, mean-centered""}"
return_60,acf,acf_lag_3,0.9533305597171129,OK,,"{""estimator"": ""biased, mean-centered""}"
return_60,acf,acf_lag_6,0.9038106327517687,OK,,"{""estimator"": ""biased, mean-centered""}"
return_60,acf,acf_lag_12,0.8166191445656026,OK,,"{""estimator"": ""biased, mean-centered""}"
return_60,acf,acf_lag_42,0.35300053425699646,OK,,"{""estimator"": ""biased, mean-centered""}"
return_60,acf,decorrelation_lag_1_over_e,42,OK,,
return_60,spectral,peak1_period_rows,1825.0000000000002,OK,,"{""method"": ""periodogram, linear detrend, rank by power""}"
return_60,spectral,peak1_power_fraction,0.026943551311946392,OK,,
return_60,spectral,peak2_period_rows,4258.333333333333,OK,,"{""method"": ""periodogram, linear detrend, rank by power""}"
return_60,spectral,peak2_power_fraction,0.02631563871455302,OK,,
return_60,spectral,peak3_period_rows,1596.875,OK,,"{""method"": ""periodogram, linear detrend, rank by power""}"
return_60,spectral,peak3_power_fraction,0.026255757488769297,OK,,
return_60,spectral,peak1_period_hours,,UNSUPPORTED,NO_VERIFIED_REGULAR_STEP,
return_60,spectral,entropy_normalized,0.5795661030137578,OK,,
return_60,spectral,low_frequency_power_fraction,0.9898307713081316,OK,,"{""basis"": ""primary period"", ""cutoff_cycles_per_row"": 0.16666666666666666}"
return_60,spectral,centroid_cycles_per_row,0.010375493166905423,OK,,
return_60,stationarity,adf_c_aic_statistic,-12.678178907488915,OK,,"{""autolag"": ""AIC"", ""lag_selection"": ""AIC over lags 0..maxlag on the common trimmed sample, as statsmodels _autolag does, without retaining every fitted model; final fit adfuller(maxlag=best, autolag=None)"", ""limitation"": ""MacKinnon approximate p-value; low power near unity; lag choice by AIC"", ""maxlag"": 41, ""n"": 12775, ""null"": ""unit root"", ""regression"": ""c"", ""test"": ""ADF""}"
return_60,stationarity,adf_c_aic_pvalue,1.2030142505268779e-23,OK,,"{""autolag"": ""AIC"", ""lag_selection"": ""AIC over lags 0..maxlag on the common trimmed sample, as statsmodels _autolag does, without retaining every fitted model; final fit adfuller(maxlag=best, autolag=None)"", ""limitation"": ""MacKinnon approximate p-value; low power near unity; lag choice by AIC"", ""maxlag"": 41, ""n"": 12775, ""null"": ""unit root"", ""regression"": ""c"", ""test"": ""ADF""}"
return_60,stationarity,adf_c_aic_lags,41,OK,,"{""autolag"": ""AIC"", ""lag_selection"": ""AIC over lags 0..maxlag on the common trimmed sample, as statsmodels _autolag does, without retaining every fitted model; final fit adfuller(maxlag=best, autolag=None)"", ""limitation"": ""MacKinnon approximate p-value; low power near unity; lag choice by AIC"", ""maxlag"": 41, ""n"": 12775, ""null"": ""unit root"", ""regression"": ""c"", ""test"": ""ADF""}"
return_60,stationarity,kpss_c_auto_statistic,0.17978007323642856,OK_WITH_WARNING,,"{""limitation"": ""p-value interpolated from a table bounded to [0.01, 0.10]"", ""n"": 12775, ""nlags"": ""auto (Hobijn)"", ""null"": ""level stationarity"", ""regression"": ""c"", ""test"": ""KPSS"", ""warnings"": [""The test statistic is outside of the range of p-values available in the\nlook-up table. The actual p-value is greater than the p-value returned.\n""]}"
return_60,stationarity,kpss_c_auto_pvalue,0.1,OK_WITH_WARNING,P_VALUE_AT_TABLE_BOUND,"{""limitation"": ""p-value interpolated from a table bounded to [0.01, 0.10]"", ""n"": 12775, ""nlags"": ""auto (Hobijn)"", ""null"": ""level stationarity"", ""regression"": ""c"", ""test"": ""KPSS"", ""warnings"": [""The test statistic is outside of the range of p-values available in the\nlook-up table. The actual p-value is greater than the p-value returned.\n""]}"
return_60,stationarity,kpss_c_auto_lags,68,OK_WITH_WARNING,,"{""limitation"": ""p-value interpolated from a table bounded to [0.01, 0.10]"", ""n"": 12775, ""nlags"": ""auto (Hobijn)"", ""null"": ""level stationarity"", ""regression"": ""c"", ""test"": ""KPSS"", ""warnings"": [""The test statistic is outside of the range of p-values available in the\nlook-up table. The actual p-value is greater than the p-value returned.\n""]}"
return_60,stationarity,kpss_ct_auto_statistic,0.11303956405454028,OK_WITH_WARNING,,"{""limitation"": ""p-value interpolated from a table bounded to [0.01, 0.10]"", ""n"": 12775, ""nlags"": ""auto (Hobijn)"", ""null"": ""trend stationarity"", ""regression"": ""ct"", ""test"": ""KPSS"", ""warnings"": [""The test statistic is outside of the range of p-values available in the\nlook-up table. The actual p-value is greater than the p-value returned.\n""]}"
return_60,stationarity,kpss_ct_auto_pvalue,0.1,OK_WITH_WARNING,P_VALUE_AT_TABLE_BOUND,"{""limitation"": ""p-value interpolated from a table bounded to [0.01, 0.10]"", ""n"": 12775, ""nlags"": ""auto (Hobijn)"", ""null"": ""trend stationarity"", ""regression"": ""ct"", ""test"": ""KPSS"", ""warnings"": [""The test statistic is outside of the range of p-values available in the\nlook-up table. The actual p-value is greater than the p-value returned.\n""]}"
return_60,stationarity,kpss_ct_auto_lags,68,OK_WITH_WARNING,,"{""limitation"": ""p-value interpolated from a table bounded to [0.01, 0.10]"", ""n"": 12775, ""nlags"": ""auto (Hobijn)"", ""null"": ""trend stationarity"", ""regression"": ""ct"", ""test"": ""KPSS"", ""warnings"": [""The test statistic is outside of the range of p-values available in the\nlook-up table. The actual p-value is greater than the p-value returned.\n""]}"
return_60,stationarity,adf_kpss_joint_reading,ADF_REJECTS_UNIT_ROOT_KPSS_DOES_NOT_REJECT_LEVEL,OK,,"{""alpha"": 0.05, ""note"": ""descriptive, unadjusted for multiple testing; not an eligibility rule""}"
return_60,seasonality,acf_at_daily_6,0.9038106327517682,OK,,"{""declared_period_rows"": 6}"
return_60,seasonality,seasonal_diff_var_ratio_daily_6,0.19203868822434603,OK,,"{""formula"": ""var(x_t - x_{t-s}) / var(x_t); 2 for white noise, <1 when season repeats""}"
return_60,seasonality,acf_at_weekly_42,0.35300053425699623,OK,,"{""declared_period_rows"": 42}"
return_60,seasonality,seasonal_diff_var_ratio_weekly_42,1.2911118260777137,OK,,"{""formula"": ""var(x_t - x_{t-s}) / var(x_t); 2 for white noise, <1 when season repeats""}"
return_60,seasonality,stl_seasonal_strength_primary,0.24031953497613723,OK,,"{""formula"": ""max(0, 1 - var(R)/var(S+R)) and max(0, 1 - var(R)/var(T+R)) (Wang, Smith, Hyndman 2006)"", ""method"": ""statsmodels STL"", ""note"": ""optional diagnostic transform; not a model input"", ""period"": 6, ""robust"": false}"
return_60,seasonality,stl_trend_strength_primary,0.9859634415539693,OK,,"{""formula"": ""max(0, 1 - var(R)/var(S+R)) and max(0, 1 - var(R)/var(T+R)) (Wang, Smith, Hyndman 2006)"", ""method"": ""statsmodels STL"", ""note"": ""optional diagnostic transform; not a model input"", ""period"": 6, ""robust"": false}"
log_return_60,missingness,rows,12835,OK,,
log_return_60,missingness,missing_count,60,OK,,"{""also"": ""NaN literals parsed by float()"", ""empty_or_token_cells"": 60, ""tokens"": ["""", ""n/a"", ""na"", ""nan"", ""none"", ""null""]}"
log_return_60,missingness,missing_fraction,0.004674717569146864,OK,,
log_return_60,missingness,nonnumeric_count,0,OK,,
log_return_60,missingness,nonfinite_count,60,OK,,
log_return_60,missingness,longest_finite_run,12775,OK,,
log_return_60,missingness,constant_flag,False,OK,,
log_return_60,missingness,unique_count,12775,OK,,
log_return_60,distribution,mean,0.009208124717440392,OK,,
log_return_60,distribution,std,0.12929778028148065,OK,,
log_return_60,distribution,min,-0.6927901,OK,,
log_return_60,distribution,max,0.5697531,OK,,
log_return_60,distribution,median,0.008540496,OK,,
log_return_60,distribution,iqr,0.137592452,OK,,
log_return_60,distribution,mad,0.068782724,OK,,
log_return_60,distribution,skewness,-0.21928990073276172,OK,,"{""bias"": false}"
log_return_60,distribution,excess_kurtosis,1.7780565712806702,OK,,"{""bias"": false}"
log_return_60,distribution,upper_tail_ratio,5.112036915920612,OK,,"{""formula"": ""(q0.995-q0.5)/(q0.75-q0.5); Gaussian ~3.82""}"
log_return_60,distribution,lower_tail_ratio,6.544288317784626,OK,,"{""formula"": ""(q0.5-q0.005)/(q0.5-q0.25); Gaussian ~3.82""}"
log_return_60,distribution,robust_z_outlier_fraction_gt5,0.002974559686888454,OK,,"{""scale"": ""1.4826*MAD""}"
log_return_60,distribution,zero_fraction,7.827788649706458e-05,OK,,
log_return_60,distribution,quantile_0.005,-0.4304220145,OK,,"{""method"": ""numpy linear""}"
log_return_60,distribution,quantile_0.01,-0.3673713414,OK,,"{""method"": ""numpy linear""}"
log_return_60,distribution,quantile_0.05,-0.197764393,OK,,"{""method"": ""numpy linear""}"
log_return_60,distribution,quantile_0.25,-0.058535171999999996,OK,,"{""method"": ""numpy linear""}"
log_return_60,distribution,quantile_0.5,0.008540496,OK,,"{""method"": ""numpy linear""}"
log_return_60,distribution,quantile_0.75,0.07905728000000001,OK,,"{""method"": ""numpy linear""}"
log_return_60,distribution,quantile_0.95,0.2276856999999999,OK,,"{""method"": ""numpy linear""}"
log_return_60,distribution,quantile_0.99,0.3315237336000001,OK,,"{""method"": ""numpy linear""}"
log_return_60,distribution,quantile_0.995,0.369024899,OK,,"{""method"": ""numpy linear""}"
log_return_60,volatility,diff_std,0.023510033693081297,OK,,"{""rule"": ""longest contiguous finite run; no imputation"", ""segment_rows"": [60, 12835]}"
log_return_60,volatility,diff_abs_mean,0.015367667787568968,OK,,"{""rule"": ""longest contiguous finite run; no imputation"", ""segment_rows"": [60, 12835]}"
log_return_60,volatility,diff_std_over_std,0.18182859475158866,OK,,"{""rule"": ""longest contiguous finite run; no imputation"", ""segment_rows"": [60, 12835]}"
log_return_60,volatility,rolling_std_cv,0.774782646513254,OK,,"{""rule"": ""non-overlapping primary-period blocks; std of block std / mean"", ""window_rows"": 6}"
log_return_60,trend,slope_per_row,-1.1532895523386241e-06,OK,,"{""rule"": ""longest contiguous finite run; no imputation"", ""segment_rows"": [60, 12835]}"
log_return_60,trend,slope_per_day,,UNSUPPORTED,NO_VERIFIED_REGULAR_STEP,
log_return_60,trend,linear_r2,0.001082104350370705,OK,,
log_return_60,acf,acf_lag_1,0.9834340520172486,OK,,"{""estimator"": ""biased, mean-centered""}"
log_return_60,acf,acf_lag_2,0.9689610292400757,OK,,"{""estimator"": ""biased, mean-centered""}"
log_return_60,acf,acf_lag_3,0.9547723292293446,OK,,"{""estimator"": ""biased, mean-centered""}"
log_return_60,acf,acf_lag_6,0.9055476375546121,OK,,"{""estimator"": ""biased, mean-centered""}"
log_return_60,acf,acf_lag_12,0.8184873055948507,OK,,"{""estimator"": ""biased, mean-centered""}"
log_return_60,acf,acf_lag_42,0.33506678822539154,OK,,"{""estimator"": ""biased, mean-centered""}"
log_return_60,acf,decorrelation_lag_1_over_e,41,OK,,
log_return_60,spectral,peak1_period_rows,236.57407407407408,OK,,"{""method"": ""periodogram, linear detrend, rank by power""}"
log_return_60,spectral,peak1_power_fraction,0.028146165363139707,OK,,
log_return_60,spectral,peak2_period_rows,1825.0000000000002,OK,,"{""method"": ""periodogram, linear detrend, rank by power""}"
log_return_60,spectral,peak2_power_fraction,0.027026241435253503,OK,,
log_return_60,spectral,peak3_period_rows,4258.333333333333,OK,,"{""method"": ""periodogram, linear detrend, rank by power""}"
log_return_60,spectral,peak3_power_fraction,0.02578608809389609,OK,,
log_return_60,spectral,peak1_period_hours,,UNSUPPORTED,NO_VERIFIED_REGULAR_STEP,
log_return_60,spectral,entropy_normalized,0.5796174719728899,OK,,
log_return_60,spectral,low_frequency_power_fraction,0.9902909930299896,OK,,"{""basis"": ""primary period"", ""cutoff_cycles_per_row"": 0.16666666666666666}"
log_return_60,spectral,centroid_cycles_per_row,0.010236726198331792,OK,,
log_return_60,stationarity,adf_c_aic_statistic,-12.98616564330251,OK,,"{""autolag"": ""AIC"", ""lag_selection"": ""AIC over lags 0..maxlag on the common trimmed sample, as statsmodels _autolag does, without retaining every fitted model; final fit adfuller(maxlag=best, autolag=None)"", ""limitation"": ""MacKinnon approximate p-value; low power near unity; lag choice by AIC"", ""maxlag"": 41, ""n"": 12775, ""null"": ""unit root"", ""regression"": ""c"", ""test"": ""ADF""}"
log_return_60,stationarity,adf_c_aic_pvalue,2.875357525519208e-24,OK,,"{""autolag"": ""AIC"", ""lag_selection"": ""AIC over lags 0..maxlag on the common trimmed sample, as statsmodels _autolag does, without retaining every fitted model; final fit adfuller(maxlag=best, autolag=None)"", ""limitation"": ""MacKinnon approximate p-value; low power near unity; lag choice by AIC"", ""maxlag"": 41, ""n"": 12775, ""null"": ""unit root"", ""regression"": ""c"", ""test"": ""ADF""}"
log_return_60,stationarity,adf_c_aic_lags,41,OK,,"{""autolag"": ""AIC"", ""lag_selection"": ""AIC over lags 0..maxlag on the common trimmed sample, as statsmodels _autolag does, without retaining every fitted model; final fit adfuller(maxlag=best, autolag=None)"", ""limitation"": ""MacKinnon approximate p-value; low power near unity; lag choice by AIC"", ""maxlag"": 41, ""n"": 12775, ""null"": ""unit root"", ""regression"": ""c"", ""test"": ""ADF""}"
log_return_60,stationarity,kpss_c_auto_statistic,0.1360571959763614,OK_WITH_WARNING,,"{""limitation"": ""p-value interpolated from a table bounded to [0.01, 0.10]"", ""n"": 12775, ""nlags"": ""auto (Hobijn)"", ""null"": ""level stationarity"", ""regression"": ""c"", ""test"": ""KPSS"", ""warnings"": [""The test statistic is outside of the range of p-values available in the\nlook-up table. The actual p-value is greater than the p-value returned.\n""]}"
log_return_60,stationarity,kpss_c_auto_pvalue,0.1,OK_WITH_WARNING,P_VALUE_AT_TABLE_BOUND,"{""limitation"": ""p-value interpolated from a table bounded to [0.01, 0.10]"", ""n"": 12775, ""nlags"": ""auto (Hobijn)"", ""null"": ""level stationarity"", ""regression"": ""c"", ""test"": ""KPSS"", ""warnings"": [""The test statistic is outside of the range of p-values available in the\nlook-up table. The actual p-value is greater than the p-value returned.\n""]}"
log_return_60,stationarity,kpss_c_auto_lags,68,OK_WITH_WARNING,,"{""limitation"": ""p-value interpolated from a table bounded to [0.01, 0.10]"", ""n"": 12775, ""nlags"": ""auto (Hobijn)"", ""null"": ""level stationarity"", ""regression"": ""c"", ""test"": ""KPSS"", ""warnings"": [""The test statistic is outside of the range of p-values available in the\nlook-up table. The actual p-value is greater than the p-value returned.\n""]}"
log_return_60,stationarity,kpss_ct_auto_statistic,0.11009586173126196,OK_WITH_WARNING,,"{""limitation"": ""p-value interpolated from a table bounded to [0.01, 0.10]"", ""n"": 12775, ""nlags"": ""auto (Hobijn)"", ""null"": ""trend stationarity"", ""regression"": ""ct"", ""test"": ""KPSS"", ""warnings"": [""The test statistic is outside of the range of p-values available in the\nlook-up table. The actual p-value is greater than the p-value returned.\n""]}"
log_return_60,stationarity,kpss_ct_auto_pvalue,0.1,OK_WITH_WARNING,P_VALUE_AT_TABLE_BOUND,"{""limitation"": ""p-value interpolated from a table bounded to [0.01, 0.10]"", ""n"": 12775, ""nlags"": ""auto (Hobijn)"", ""null"": ""trend stationarity"", ""regression"": ""ct"", ""test"": ""KPSS"", ""warnings"": [""The test statistic is outside of the range of p-values available in the\nlook-up table. The actual p-value is greater than the p-value returned.\n""]}"
log_return_60,stationarity,kpss_ct_auto_lags,68,OK_WITH_WARNING,,"{""limitation"": ""p-value interpolated from a table bounded to [0.01, 0.10]"", ""n"": 12775, ""nlags"": ""auto (Hobijn)"", ""null"": ""trend stationarity"", ""regression"": ""ct"", ""test"": ""KPSS"", ""warnings"": [""The test statistic is outside of the range of p-values available in the\nlook-up table. The actual p-value is greater than the p-value returned.\n""]}"
log_return_60,stationarity,adf_kpss_joint_reading,ADF_REJECTS_UNIT_ROOT_KPSS_DOES_NOT_REJECT_LEVEL,OK,,"{""alpha"": 0.05, ""note"": ""descriptive, unadjusted for multiple testing; not an eligibility rule""}"
log_return_60,seasonality,acf_at_daily_6,0.9055476375546121,OK,,"{""declared_period_rows"": 6}"
log_return_60,seasonality,seasonal_diff_var_ratio_daily_6,0.18856289780719568,OK,,"{""formula"": ""var(x_t - x_{t-s}) / var(x_t); 2 for white noise, <1 when season repeats""}"
log_return_60,seasonality,acf_at_weekly_42,0.33506678822539143,OK,,"{""declared_period_rows"": 42}"
log_return_60,seasonality,seasonal_diff_var_ratio_weekly_42,1.3273693208785176,OK,,"{""formula"": ""var(x_t - x_{t-s}) / var(x_t); 2 for white noise, <1 when season repeats""}"
log_return_60,seasonality,stl_seasonal_strength_primary,0.23904070293170177,OK,,"{""formula"": ""max(0, 1 - var(R)/var(S+R)) and max(0, 1 - var(R)/var(T+R)) (Wang, Smith, Hyndman 2006)"", ""method"": ""statsmodels STL"", ""note"": ""optional diagnostic transform; not a model input"", ""period"": 6, ""robust"": false}"
log_return_60,seasonality,stl_trend_strength_primary,0.98645607569139,OK,,"{""formula"": ""max(0, 1 - var(R)/var(S+R)) and max(0, 1 - var(R)/var(T+R)) (Wang, Smith, Hyndman 2006)"", ""method"": ""statsmodels STL"", ""note"": ""optional diagnostic transform; not a model input"", ""period"": 6, ""robust"": false}"
sma_10,missingness,rows,12835,OK,,
sma_10,missingness,missing_count,9,OK,,"{""also"": ""NaN literals parsed by float()"", ""empty_or_token_cells"": 9, ""tokens"": ["""", ""n/a"", ""na"", ""nan"", ""none"", ""null""]}"
sma_10,missingness,missing_fraction,0.0007012076353720296,OK,,
sma_10,missingness,nonnumeric_count,0,OK,,
sma_10,missingness,nonfinite_count,9,OK,,
sma_10,missingness,longest_finite_run,12826,OK,,
sma_10,missingness,constant_flag,False,OK,,
sma_10,missingness,unique_count,12821,OK,,
sma_10,distribution,mean,19929.961543505382,OK,,
sma_10,distribution,std,16126.668241640551,OK,,
sma_10,distribution,min,3224.356,OK,,
sma_10,distribution,max,67226.56,OK,,
sma_10,distribution,median,11512.3835,OK,,
sma_10,distribution,iqr,21940.59025,OK,,
sma_10,distribution,mad,6756.672,OK,,
sma_10,distribution,skewness,1.0539294716062528,OK,,"{""bias"": false}"
sma_10,distribution,excess_kurtosis,-0.03810204906362902,OK,,"{""bias"": false}"
sma_10,distribution,upper_tail_ratio,2.8782132886481553,OK,,"{""formula"": ""(q0.995-q0.5)/(q0.75-q0.5); Gaussian ~3.82""}"
sma_10,distribution,lower_tail_ratio,2.0400527683126337,OK,,"{""formula"": ""(q0.5-q0.005)/(q0.5-q0.25); Gaussian ~3.82""}"
sma_10,distribution,robust_z_outlier_fraction_gt5,0.010603461718384532,OK,,"{""scale"": ""1.4826*MAD""}"
sma_10,distribution,zero_fraction,0.0,OK,,
sma_10,distribution,quantile_0.005,3422.8536249999997,OK,,"{""method"": ""numpy linear""}"
sma_10,distribution,quantile_0.01,3474.185,OK,,"{""method"": ""numpy linear""}"
sma_10,distribution,quantile_0.05,3943.7615,OK,,"{""method"": ""numpy linear""}"
sma_10,distribution,quantile_0.25,7547.03025,OK,,"{""method"": ""numpy linear""}"
sma_10,distribution,quantile_0.5,11512.3835,OK,,"{""method"": ""numpy linear""}"
sma_10,distribution,quantile_0.75,29487.6205,OK,,"{""method"": ""numpy linear""}"
sma_10,distribution,quantile_0.95,54872.458,OK,,"{""method"": ""numpy linear""}"
sma_10,distribution,quantile_0.99,61765.234749999996,OK,,"{""method"": ""numpy linear""}"
sma_10,distribution,quantile_0.995,63248.9495,OK,,"{""method"": ""numpy linear""}"
sma_10,volatility,diff_std,125.02519371046618,OK,,"{""rule"": ""longest contiguous finite run; no imputation"", ""segment_rows"": [9, 12835]}"
sma_10,volatility,diff_abs_mean,70.96240132553608,OK,,"{""rule"": ""longest contiguous finite run; no imputation"", ""segment_rows"": [9, 12835]}"
sma_10,volatility,diff_std_over_std,0.007752698315430062,OK,,"{""rule"": ""longest contiguous finite run; no imputation"", ""segment_rows"": [9, 12835]}"
sma_10,volatility,rolling_std_cv,1.3643373241371268,OK,,"{""rule"": ""non-overlapping primary-period blocks; std of block std / mean"", ""window_rows"": 6}"
sma_10,trend,slope_per_row,2.7334593111961425,OK,,"{""rule"": ""longest contiguous finite run; no imputation"", ""segment_rows"": [9, 12835]}"
sma_10,trend,slope_per_day,,UNSUPPORTED,NO_VERIFIED_REGULAR_STEP,
sma_10,trend,linear_r2,0.39388642010332353,OK,,
sma_10,acf,acf_lag_1,0.9999168755100218,OK,,"{""estimator"": ""biased, mean-centered""}"
sma_10,acf,acf_lag_2,0.9997798639947468,OK,,"{""estimator"": ""biased, mean-centered""}"
sma_10,acf,acf_lag_3,0.999594739293537,OK,,"{""estimator"": ""biased, mean-centered""}"
sma_10,acf,acf_lag_6,0.9988154071809338,OK,,"{""estimator"": ""biased, mean-centered""}"
sma_10,acf,acf_lag_12,0.9968112498461683,OK,,"{""estimator"": ""biased, mean-centered""}"
sma_10,acf,acf_lag_42,0.986039205528715,OK,,"{""estimator"": ""biased, mean-centered""}"
sma_10,acf,decorrelation_lag_1_over_e,,NOT_RUN,ACF_ABOVE_1_OVER_E_THROUGH_LAG_64,
sma_10,spectral,peak1_period_rows,6413.0,OK,,"{""method"": ""periodogram, linear detrend, rank by power""}"
sma_10,spectral,peak1_power_fraction,0.45450635307184445,OK,,
sma_10,spectral,peak2_period_rows,12826.0,OK,,"{""method"": ""periodogram, linear detrend, rank by power""}"
sma_10,spectral,peak2_power_fraction,0.19365621714718037,OK,,
sma_10,spectral,peak3_period_rows,4275.333333333333,OK,,"{""method"": ""periodogram, linear detrend, rank by power""}"
sma_10,spectral,peak3_power_fraction,0.17090609763526318,OK,,
sma_10,spectral,peak1_period_hours,,UNSUPPORTED,NO_VERIFIED_REGULAR_STEP,
sma_10,spectral,entropy_normalized,0.21182635187690185,OK,,
sma_10,spectral,low_frequency_power_fraction,0.9999865758773596,OK,,"{""basis"": ""primary period"", ""cutoff_cycles_per_row"": 0.16666666666666666}"
sma_10,spectral,centroid_cycles_per_row,0.0003990455627762184,OK,,
sma_10,stationarity,adf_c_aic_statistic,-1.6141993711787974,OK,,"{""autolag"": ""AIC"", ""lag_selection"": ""AIC over lags 0..maxlag on the common trimmed sample, as statsmodels _autolag does, without retaining every fitted model; final fit adfuller(maxlag=best, autolag=None)"", ""limitation"": ""MacKinnon approximate p-value; low power near unity; lag choice by AIC"", ""maxlag"": 41, ""n"": 12826, ""null"": ""unit root"", ""regression"": ""c"", ""test"": ""ADF""}"
sma_10,stationarity,adf_c_aic_pvalue,0.47577162478323237,OK,,"{""autolag"": ""AIC"", ""lag_selection"": ""AIC over lags 0..maxlag on the common trimmed sample, as statsmodels _autolag does, without retaining every fitted model; final fit adfuller(maxlag=best, autolag=None)"", ""limitation"": ""MacKinnon approximate p-value; low power near unity; lag choice by AIC"", ""maxlag"": 41, ""n"": 12826, ""null"": ""unit root"", ""regression"": ""c"", ""test"": ""ADF""}"
sma_10,stationarity,adf_c_aic_lags,41,OK,,"{""autolag"": ""AIC"", ""lag_selection"": ""AIC over lags 0..maxlag on the common trimmed sample, as statsmodels _autolag does, without retaining every fitted model; final fit adfuller(maxlag=best, autolag=None)"", ""limitation"": ""MacKinnon approximate p-value; low power near unity; lag choice by AIC"", ""maxlag"": 41, ""n"": 12826, ""null"": ""unit root"", ""regression"": ""c"", ""test"": ""ADF""}"
sma_10,stationarity,kpss_c_auto_statistic,9.257459137953806,OK_WITH_WARNING,,"{""limitation"": ""p-value interpolated from a table bounded to [0.01, 0.10]"", ""n"": 12826, ""nlags"": ""auto (Hobijn)"", ""null"": ""level stationarity"", ""regression"": ""c"", ""test"": ""KPSS"", ""warnings"": [""The test statistic is outside of the range of p-values available in the\nlook-up table. The actual p-value is smaller than the p-value returned.\n""]}"
sma_10,stationarity,kpss_c_auto_pvalue,0.01,OK_WITH_WARNING,P_VALUE_AT_TABLE_BOUND,"{""limitation"": ""p-value interpolated from a table bounded to [0.01, 0.10]"", ""n"": 12826, ""nlags"": ""auto (Hobijn)"", ""null"": ""level stationarity"", ""regression"": ""c"", ""test"": ""KPSS"", ""warnings"": [""The test statistic is outside of the range of p-values available in the\nlook-up table. The actual p-value is smaller than the p-value returned.\n""]}"
sma_10,stationarity,kpss_c_auto_lags,70,OK_WITH_WARNING,,"{""limitation"": ""p-value interpolated from a table bounded to [0.01, 0.10]"", ""n"": 12826, ""nlags"": ""auto (Hobijn)"", ""null"": ""level stationarity"", ""regression"": ""c"", ""test"": ""KPSS"", ""warnings"": [""The test statistic is outside of the range of p-values available in the\nlook-up table. The actual p-value is smaller than the p-value returned.\n""]}"
sma_10,stationarity,kpss_ct_auto_statistic,1.5213661889592207,OK_WITH_WARNING,,"{""limitation"": ""p-value interpolated from a table bounded to [0.01, 0.10]"", ""n"": 12826, ""nlags"": ""auto (Hobijn)"", ""null"": ""trend stationarity"", ""regression"": ""ct"", ""test"": ""KPSS"", ""warnings"": [""The test statistic is outside of the range of p-values available in the\nlook-up table. The actual p-value is smaller than the p-value returned.\n""]}"
sma_10,stationarity,kpss_ct_auto_pvalue,0.01,OK_WITH_WARNING,P_VALUE_AT_TABLE_BOUND,"{""limitation"": ""p-value interpolated from a table bounded to [0.01, 0.10]"", ""n"": 12826, ""nlags"": ""auto (Hobijn)"", ""null"": ""trend stationarity"", ""regression"": ""ct"", ""test"": ""KPSS"", ""warnings"": [""The test statistic is outside of the range of p-values available in the\nlook-up table. The actual p-value is smaller than the p-value returned.\n""]}"
sma_10,stationarity,kpss_ct_auto_lags,70,OK_WITH_WARNING,,"{""limitation"": ""p-value interpolated from a table bounded to [0.01, 0.10]"", ""n"": 12826, ""nlags"": ""auto (Hobijn)"", ""null"": ""trend stationarity"", ""regression"": ""ct"", ""test"": ""KPSS"", ""warnings"": [""The test statistic is outside of the range of p-values available in the\nlook-up table. The actual p-value is smaller than the p-value returned.\n""]}"
sma_10,stationarity,adf_kpss_joint_reading,ADF_DOES_NOT_REJECT_KPSS_REJECTS_LEVEL,OK,,"{""alpha"": 0.05, ""note"": ""descriptive, unadjusted for multiple testing; not an eligibility rule""}"
sma_10,seasonality,acf_at_daily_6,0.9988154071809333,OK,,"{""declared_period_rows"": 6}"
sma_10,seasonality,seasonal_diff_var_ratio_daily_6,0.0017269787090053363,OK,,"{""formula"": ""var(x_t - x_{t-s}) / var(x_t); 2 for white noise, <1 when season repeats""}"
sma_10,seasonality,acf_at_weekly_42,0.9860392055287145,OK,,"{""declared_period_rows"": 42}"
sma_10,seasonality,seasonal_diff_var_ratio_weekly_42,0.023457391743514692,OK,,"{""formula"": ""var(x_t - x_{t-s}) / var(x_t); 2 for white noise, <1 when season repeats""}"
sma_10,seasonality,stl_seasonal_strength_primary,0.12254316677540888,OK,,"{""formula"": ""max(0, 1 - var(R)/var(S+R)) and max(0, 1 - var(R)/var(T+R)) (Wang, Smith, Hyndman 2006)"", ""method"": ""statsmodels STL"", ""note"": ""optional diagnostic transform; not a model input"", ""period"": 6, ""robust"": false}"
sma_10,seasonality,stl_trend_strength_primary,0.9999831015694649,OK,,"{""formula"": ""max(0, 1 - var(R)/var(S+R)) and max(0, 1 - var(R)/var(T+R)) (Wang, Smith, Hyndman 2006)"", ""method"": ""statsmodels STL"", ""note"": ""optional diagnostic transform; not a model input"", ""period"": 6, ""robust"": false}"
ema_10,missingness,rows,12835,OK,,
ema_10,missingness,missing_count,9,OK,,"{""also"": ""NaN literals parsed by float()"", ""empty_or_token_cells"": 9, ""tokens"": ["""", ""n/a"", ""na"", ""nan"", ""none"", ""null""]}"
ema_10,missingness,missing_fraction,0.0007012076353720296,OK,,
ema_10,missingness,nonnumeric_count,0,OK,,
ema_10,missingness,nonfinite_count,9,OK,,
ema_10,missingness,longest_finite_run,12826,OK,,
ema_10,missingness,constant_flag,False,OK,,
ema_10,missingness,unique_count,12821,OK,,
ema_10,distribution,mean,19929.954501372213,OK,,
ema_10,distribution,std,16122.803223427054,OK,,
ema_10,distribution,min,3233.6045,OK,,
ema_10,distribution,max,66865.39,OK,,
ema_10,distribution,median,11504.12125,OK,,
ema_10,distribution,iqr,21942.7115,OK,,
ema_10,distribution,mad,6751.9124999999985,OK,,
ema_10,distribution,skewness,1.0528735702889025,OK,,"{""bias"": false}"
ema_10,distribution,excess_kurtosis,-0.042202688420430956,OK,,"{""bias"": false}"
ema_10,distribution,upper_tail_ratio,2.8600273039162225,OK,,"{""formula"": ""(q0.995-q0.5)/(q0.75-q0.5); Gaussian ~3.82""}"
ema_10,distribution,lower_tail_ratio,2.0454069230288217,OK,,"{""formula"": ""(q0.5-q0.005)/(q0.5-q0.25); Gaussian ~3.82""}"
ema_10,distribution,robust_z_outlier_fraction_gt5,0.011149228130360206,OK,,"{""scale"": ""1.4826*MAD""}"
ema_10,distribution,zero_fraction,0.0,OK,,
ema_10,distribution,quantile_0.005,3432.8928625,OK,,"{""method"": ""numpy linear""}"
ema_10,distribution,quantile_0.01,3491.6227249999997,OK,,"{""method"": ""numpy linear""}"
ema_10,distribution,quantile_0.05,3934.805875,OK,,"{""method"": ""numpy linear""}"
ema_10,distribution,quantile_0.25,7558.095499999999,OK,,"{""method"": ""numpy linear""}"
ema_10,distribution,quantile_0.5,11504.12125,OK,,"{""method"": ""numpy linear""}"
ema_10,distribution,quantile_0.75,29500.807,OK,,"{""method"": ""numpy linear""}"
ema_10,distribution,quantile_0.95,54978.880000000005,OK,,"{""method"": ""numpy linear""}"
ema_10,distribution,quantile_0.99,61779.72025,OK,,"{""method"": ""numpy linear""}"
ema_10,distribution,quantile_0.995,62975.133875,OK,,"{""method"": ""numpy linear""}"
ema_10,volatility,diff_std,125.80503057824923,OK,,"{""rule"": ""longest contiguous finite run; no imputation"", ""segment_rows"": [9, 12835]}"
ema_10,volatility,diff_abs_mean,69.1039850760234,OK,,"{""rule"": ""longest contiguous finite run; no imputation"", ""segment_rows"": [9, 12835]}"
ema_10,volatility,diff_std_over_std,0.007802925386786938,OK,,"{""rule"": ""longest contiguous finite run; no imputation"", ""segment_rows"": [9, 12835]}"
ema_10,volatility,rolling_std_cv,1.367524662652904,OK,,"{""rule"": ""non-overlapping primary-period blocks; std of block std / mean"", ""window_rows"": 6}"
ema_10,trend,slope_per_row,2.7334520257786656,OK,,"{""rule"": ""longest contiguous finite run; no imputation"", ""segment_rows"": [9, 12835]}"
ema_10,trend,slope_per_day,,UNSUPPORTED,NO_VERIFIED_REGULAR_STEP,
ema_10,trend,linear_r2,0.39407318993302165,OK,,
ema_10,acf,acf_lag_1,0.9999166495552967,OK,,"{""estimator"": ""biased, mean-centered""}"
ema_10,acf,acf_lag_2,0.9997839386991382,OK,,"{""estimator"": ""biased, mean-centered""}"
ema_10,acf,acf_lag_3,0.999610510206963,OK,,"{""estimator"": ""biased, mean-centered""}"
ema_10,acf,acf_lag_6,0.9989191696120784,OK,,"{""estimator"": ""biased, mean-centered""}"
ema_10,acf,acf_lag_12,0.9971643345997415,OK,,"{""estimator"": ""biased, mean-centered""}"
ema_10,acf,acf_lag_42,0.9865242380903386,OK,,"{""estimator"": ""biased, mean-centered""}"
ema_10,acf,decorrelation_lag_1_over_e,,NOT_RUN,ACF_ABOVE_1_OVER_E_THROUGH_LAG_64,
ema_10,spectral,peak1_period_rows,6413.0,OK,,"{""method"": ""periodogram, linear detrend, rank by power""}"
ema_10,spectral,peak1_power_fraction,0.45485752378578803,OK,,
ema_10,spectral,peak2_period_rows,12826.0,OK,,"{""method"": ""periodogram, linear detrend, rank by power""}"
ema_10,spectral,peak2_power_fraction,0.19380938633786474,OK,,
ema_10,spectral,peak3_period_rows,4275.333333333333,OK,,"{""method"": ""periodogram, linear detrend, rank by power""}"
ema_10,spectral,peak3_power_fraction,0.1710343231520553,OK,,
ema_10,spectral,peak1_period_hours,,UNSUPPORTED,NO_VERIFIED_REGULAR_STEP,
ema_10,spectral,entropy_normalized,0.21110906747979957,OK,,
ema_10,spectral,low_frequency_power_fraction,0.9999833016661941,OK,,"{""basis"": ""primary period"", ""cutoff_cycles_per_row"": 0.16666666666666666}"
ema_10,spectral,centroid_cycles_per_row,0.00038910226802057725,OK,,
ema_10,stationarity,adf_c_aic_statistic,-1.539115946072099,OK,,"{""autolag"": ""AIC"", ""lag_selection"": ""AIC over lags 0..maxlag on the common trimmed sample, as statsmodels _autolag does, without retaining every fitted model; final fit adfuller(maxlag=best, autolag=None)"", ""limitation"": ""MacKinnon approximate p-value; low power near unity; lag choice by AIC"", ""maxlag"": 41, ""n"": 12826, ""null"": ""unit root"", ""regression"": ""c"", ""test"": ""ADF""}"
ema_10,stationarity,adf_c_aic_pvalue,0.5140802029747679,OK,,"{""autolag"": ""AIC"", ""lag_selection"": ""AIC over lags 0..maxlag on the common trimmed sample, as statsmodels _autolag does, without retaining every fitted model; final fit adfuller(maxlag=best, autolag=None)"", ""limitation"": ""MacKinnon approximate p-value; low power near unity; lag choice by AIC"", ""maxlag"": 41, ""n"": 12826, ""null"": ""unit root"", ""regression"": ""c"", ""test"": ""ADF""}"
ema_10,stationarity,adf_c_aic_lags,39,OK,,"{""autolag"": ""AIC"", ""lag_selection"": ""AIC over lags 0..maxlag on the common trimmed sample, as statsmodels _autolag does, without retaining every fitted model; final fit adfuller(maxlag=best, autolag=None)"", ""limitation"": ""MacKinnon approximate p-value; low power near unity; lag choice by AIC"", ""maxlag"": 41, ""n"": 12826, ""null"": ""unit root"", ""regression"": ""c"", ""test"": ""ADF""}"
ema_10,stationarity,kpss_c_auto_statistic,9.258643078637316,OK_WITH_WARNING,,"{""limitation"": ""p-value interpolated from a table bounded to [0.01, 0.10]"", ""n"": 12826, ""nlags"": ""auto (Hobijn)"", ""null"": ""level stationarity"", ""regression"": ""c"", ""test"": ""KPSS"", ""warnings"": [""The test statistic is outside of the range of p-values available in the\nlook-up table. The actual p-value is smaller than the p-value returned.\n""]}"
ema_10,stationarity,kpss_c_auto_pvalue,0.01,OK_WITH_WARNING,P_VALUE_AT_TABLE_BOUND,"{""limitation"": ""p-value interpolated from a table bounded to [0.01, 0.10]"", ""n"": 12826, ""nlags"": ""auto (Hobijn)"", ""null"": ""level stationarity"", ""regression"": ""c"", ""test"": ""KPSS"", ""warnings"": [""The test statistic is outside of the range of p-values available in the\nlook-up table. The actual p-value is smaller than the p-value returned.\n""]}"
ema_10,stationarity,kpss_c_auto_lags,70,OK_WITH_WARNING,,"{""limitation"": ""p-value interpolated from a table bounded to [0.01, 0.10]"", ""n"": 12826, ""nlags"": ""auto (Hobijn)"", ""null"": ""level stationarity"", ""regression"": ""c"", ""test"": ""KPSS"", ""warnings"": [""The test statistic is outside of the range of p-values available in the\nlook-up table. The actual p-value is smaller than the p-value returned.\n""]}"
ema_10,stationarity,kpss_ct_auto_statistic,1.52169083600779,OK_WITH_WARNING,,"{""limitation"": ""p-value interpolated from a table bounded to [0.01, 0.10]"", ""n"": 12826, ""nlags"": ""auto (Hobijn)"", ""null"": ""trend stationarity"", ""regression"": ""ct"", ""test"": ""KPSS"", ""warnings"": [""The test statistic is outside of the range of p-values available in the\nlook-up table. The actual p-value is smaller than the p-value returned.\n""]}"
ema_10,stationarity,kpss_ct_auto_pvalue,0.01,OK_WITH_WARNING,P_VALUE_AT_TABLE_BOUND,"{""limitation"": ""p-value interpolated from a table bounded to [0.01, 0.10]"", ""n"": 12826, ""nlags"": ""auto (Hobijn)"", ""null"": ""trend stationarity"", ""regression"": ""ct"", ""test"": ""KPSS"", ""warnings"": [""The test statistic is outside of the range of p-values available in the\nlook-up table. The actual p-value is smaller than the p-value returned.\n""]}"
ema_10,stationarity,kpss_ct_auto_lags,70,OK_WITH_WARNING,,"{""limitation"": ""p-value interpolated from a table bounded to [0.01, 0.10]"", ""n"": 12826, ""nlags"": ""auto (Hobijn)"", ""null"": ""trend stationarity"", ""regression"": ""ct"", ""test"": ""KPSS"", ""warnings"": [""The test statistic is outside of the range of p-values available in the\nlook-up table. The actual p-value is smaller than the p-value returned.\n""]}"
ema_10,stationarity,adf_kpss_joint_reading,ADF_DOES_NOT_REJECT_KPSS_REJECTS_LEVEL,OK,,"{""alpha"": 0.05, ""note"": ""descriptive, unadjusted for multiple testing; not an eligibility rule""}"
ema_10,seasonality,acf_at_daily_6,0.998919169612078,OK,,"{""declared_period_rows"": 6}"
ema_10,seasonality,seasonal_diff_var_ratio_daily_6,0.0015187042648157722,OK,,"{""formula"": ""var(x_t - x_{t-s}) / var(x_t); 2 for white noise, <1 when season repeats""}"
ema_10,seasonality,acf_at_weekly_42,0.9865242380903384,OK,,"{""declared_period_rows"": 42}"
ema_10,seasonality,seasonal_diff_var_ratio_weekly_42,0.02249775580441003,OK,,"{""formula"": ""var(x_t - x_{t-s}) / var(x_t); 2 for white noise, <1 when season repeats""}"
ema_10,seasonality,stl_seasonal_strength_primary,0.10931938993580448,OK,,"{""formula"": ""max(0, 1 - var(R)/var(S+R)) and max(0, 1 - var(R)/var(T+R)) (Wang, Smith, Hyndman 2006)"", ""method"": ""statsmodels STL"", ""note"": ""optional diagnostic transform; not a model input"", ""period"": 6, ""robust"": false}"
ema_10,seasonality,stl_trend_strength_primary,0.9999771158158768,OK,,"{""formula"": ""max(0, 1 - var(R)/var(S+R)) and max(0, 1 - var(R)/var(T+R)) (Wang, Smith, Hyndman 2006)"", ""method"": ""statsmodels STL"", ""note"": ""optional diagnostic transform; not a model input"", ""period"": 6, ""robust"": false}"
close_sma_ratio_10,missingness,rows,12835,OK,,
close_sma_ratio_10,missingness,missing_count,9,OK,,"{""also"": ""NaN literals parsed by float()"", ""empty_or_token_cells"": 9, ""tokens"": ["""", ""n/a"", ""na"", ""nan"", ""none"", ""null""]}"
close_sma_ratio_10,missingness,missing_fraction,0.0007012076353720296,OK,,
close_sma_ratio_10,missingness,nonnumeric_count,0,OK,,
close_sma_ratio_10,missingness,nonfinite_count,9,OK,,
close_sma_ratio_10,missingness,longest_finite_run,12826,OK,,
close_sma_ratio_10,missingness,constant_flag,False,OK,,
close_sma_ratio_10,missingness,unique_count,12824,OK,,
close_sma_ratio_10,distribution,mean,0.0008456473798152036,OK,,
close_sma_ratio_10,distribution,std,0.027464092075008387,OK,,
close_sma_ratio_10,distribution,min,-0.30890325,OK,,
close_sma_ratio_10,distribution,max,0.19557856,OK,,
close_sma_ratio_10,distribution,median,0.000727410775,OK,,
close_sma_ratio_10,distribution,iqr,0.023069923625,OK,,
close_sma_ratio_10,distribution,mad,0.011472788775,OK,,
close_sma_ratio_10,distribution,skewness,-0.3658450328863444,OK,,"{""bias"": false}"
close_sma_ratio_10,distribution,excess_kurtosis,6.334873727312676,OK,,"{""bias"": false}"
close_sma_ratio_10,distribution,upper_tail_ratio,7.612937704103826,OK,,"{""formula"": ""(q0.995-q0.5)/(q0.75-q0.5); Gaussian ~3.82""}"
close_sma_ratio_10,distribution,lower_tail_ratio,8.848591671189354,OK,,"{""formula"": ""(q0.5-q0.005)/(q0.5-q0.25); Gaussian ~3.82""}"
close_sma_ratio_10,distribution,robust_z_outlier_fraction_gt5,0.01465772649306097,OK,,"{""scale"": ""1.4826*MAD""}"
close_sma_ratio_10,distribution,zero_fraction,0.0,OK,,
close_sma_ratio_10,distribution,quantile_0.005,-0.09701721125,OK,,"{""method"": ""numpy linear""}"
close_sma_ratio_10,distribution,quantile_0.01,-0.080018215,OK,,"{""method"": ""numpy linear""}"
close_sma_ratio_10,distribution,quantile_0.05,-0.04219080275,OK,,"{""method"": ""numpy linear""}"
close_sma_ratio_10,distribution,quantile_0.25,-0.010318937125,OK,,"{""method"": ""numpy linear""}"
close_sma_ratio_10,distribution,quantile_0.5,0.000727410775,OK,,"{""method"": ""numpy linear""}"
close_sma_ratio_10,distribution,quantile_0.75,0.012750986499999999,OK,,"{""method"": ""numpy linear""}"
close_sma_ratio_10,distribution,quantile_0.95,0.0439488615,OK,,"{""method"": ""numpy linear""}"
close_sma_ratio_10,distribution,quantile_0.99,0.07723803,OK,,"{""method"": ""numpy linear""}"
close_sma_ratio_10,distribution,quantile_0.995,0.09226214375,OK,,"{""method"": ""numpy linear""}"
close_sma_ratio_10,volatility,diff_std,0.015660173460512395,OK,,"{""rule"": ""longest contiguous finite run; no imputation"", ""segment_rows"": [9, 12835]}"
close_sma_ratio_10,volatility,diff_abs_mean,0.009928615652707024,OK,,"{""rule"": ""longest contiguous finite run; no imputation"", ""segment_rows"": [9, 12835]}"
close_sma_ratio_10,volatility,diff_std_over_std,0.5702053946564921,OK,,"{""rule"": ""longest contiguous finite run; no imputation"", ""segment_rows"": [9, 12835]}"
close_sma_ratio_10,volatility,rolling_std_cv,0.8110918632945778,OK,,"{""rule"": ""non-overlapping primary-period blocks; std of block std / mean"", ""window_rows"": 6}"
close_sma_ratio_10,trend,slope_per_row,-9.064837852708626e-08,OK,,"{""rule"": ""longest contiguous finite run; no imputation"", ""segment_rows"": [9, 12835]}"
close_sma_ratio_10,trend,slope_per_day,,UNSUPPORTED,NO_VERIFIED_REGULAR_STEP,
close_sma_ratio_10,trend,linear_r2,0.00014935668697835247,OK,,
close_sma_ratio_10,acf,acf_lag_1,0.8373558856130702,OK,,"{""estimator"": ""biased, mean-centered""}"
close_sma_ratio_10,acf,acf_lag_2,0.6913914402185867,OK,,"{""estimator"": ""biased, mean-centered""}"
close_sma_ratio_10,acf,acf_lag_3,0.5501008169454724,OK,,"{""estimator"": ""biased, mean-centered""}"
close_sma_ratio_10,acf,acf_lag_6,0.1359030443904749,OK,,"{""estimator"": ""biased, mean-centered""}"
close_sma_ratio_10,acf,acf_lag_12,0.010480001970401298,OK,,"{""estimator"": ""biased, mean-centered""}"
close_sma_ratio_10,acf,acf_lag_42,-0.008801365676464331,OK,,"{""estimator"": ""biased, mean-centered""}"
close_sma_ratio_10,acf,decorrelation_lag_1_over_e,5,OK,,
close_sma_ratio_10,spectral,peak1_period_rows,49.90661478599222,OK,,"{""method"": ""periodogram, linear detrend, rank by power""}"
close_sma_ratio_10,spectral,peak1_power_fraction,0.004893578479523102,OK,,
close_sma_ratio_10,spectral,peak2_period_rows,31.747524752475243,OK,,"{""method"": ""periodogram, linear detrend, rank by power""}"
close_sma_ratio_10,spectral,peak2_power_fraction,0.004486391032244381,OK,,
close_sma_ratio_10,spectral,peak3_period_rows,29.15,OK,,"{""method"": ""periodogram, linear detrend, rank by power""}"
close_sma_ratio_10,spectral,peak3_power_fraction,0.004020443247498051,OK,,
close_sma_ratio_10,spectral,peak1_period_hours,,UNSUPPORTED,NO_VERIFIED_REGULAR_STEP,
close_sma_ratio_10,spectral,entropy_normalized,0.8245130655096372,OK,,
close_sma_ratio_10,spectral,low_frequency_power_fraction,0.9045367635914796,OK,,"{""basis"": ""primary period"", ""cutoff_cycles_per_row"": 0.16666666666666666}"
close_sma_ratio_10,spectral,centroid_cycles_per_row,0.0654752531706631,OK,,
close_sma_ratio_10,stationarity,adf_c_aic_statistic,-16.59087122217714,OK,,"{""autolag"": ""AIC"", ""lag_selection"": ""AIC over lags 0..maxlag on the common trimmed sample, as statsmodels _autolag does, without retaining every fitted model; final fit adfuller(maxlag=best, autolag=None)"", ""limitation"": ""MacKinnon approximate p-value; low power near unity; lag choice by AIC"", ""maxlag"": 41, ""n"": 12826, ""null"": ""unit root"", ""regression"": ""c"", ""test"": ""ADF""}"
close_sma_ratio_10,stationarity,adf_c_aic_pvalue,1.7994274665790868e-29,OK,,"{""autolag"": ""AIC"", ""lag_selection"": ""AIC over lags 0..maxlag on the common trimmed sample, as statsmodels _autolag does, without retaining every fitted model; final fit adfuller(maxlag=best, autolag=None)"", ""limitation"": ""MacKinnon approximate p-value; low power near unity; lag choice by AIC"", ""maxlag"": 41, ""n"": 12826, ""null"": ""unit root"", ""regression"": ""c"", ""test"": ""ADF""}"
close_sma_ratio_10,stationarity,adf_c_aic_lags,33,OK,,"{""autolag"": ""AIC"", ""lag_selection"": ""AIC over lags 0..maxlag on the common trimmed sample, as statsmodels _autolag does, without retaining every fitted model; final fit adfuller(maxlag=best, autolag=None)"", ""limitation"": ""MacKinnon approximate p-value; low power near unity; lag choice by AIC"", ""maxlag"": 41, ""n"": 12826, ""null"": ""unit root"", ""regression"": ""c"", ""test"": ""ADF""}"
close_sma_ratio_10,stationarity,kpss_c_auto_statistic,0.11032011490341463,OK_WITH_WARNING,,"{""limitation"": ""p-value interpolated from a table bounded to [0.01, 0.10]"", ""n"": 12826, ""nlags"": ""auto (Hobijn)"", ""null"": ""level stationarity"", ""regression"": ""c"", ""test"": ""KPSS"", ""warnings"": [""The test statistic is outside of the range of p-values available in the\nlook-up table. The actual p-value is greater than the p-value returned.\n""]}"
close_sma_ratio_10,stationarity,kpss_c_auto_pvalue,0.1,OK_WITH_WARNING,P_VALUE_AT_TABLE_BOUND,"{""limitation"": ""p-value interpolated from a table bounded to [0.01, 0.10]"", ""n"": 12826, ""nlags"": ""auto (Hobijn)"", ""null"": ""level stationarity"", ""regression"": ""c"", ""test"": ""KPSS"", ""warnings"": [""The test statistic is outside of the range of p-values available in the\nlook-up table. The actual p-value is greater than the p-value returned.\n""]}"
close_sma_ratio_10,stationarity,kpss_c_auto_lags,47,OK_WITH_WARNING,,"{""limitation"": ""p-value interpolated from a table bounded to [0.01, 0.10]"", ""n"": 12826, ""nlags"": ""auto (Hobijn)"", ""null"": ""level stationarity"", ""regression"": ""c"", ""test"": ""KPSS"", ""warnings"": [""The test statistic is outside of the range of p-values available in the\nlook-up table. The actual p-value is greater than the p-value returned.\n""]}"
close_sma_ratio_10,stationarity,kpss_ct_auto_statistic,0.08694526500532526,OK_WITH_WARNING,,"{""limitation"": ""p-value interpolated from a table bounded to [0.01, 0.10]"", ""n"": 12826, ""nlags"": ""auto (Hobijn)"", ""null"": ""trend stationarity"", ""regression"": ""ct"", ""test"": ""KPSS"", ""warnings"": [""The test statistic is outside of the range of p-values available in the\nlook-up table. The actual p-value is greater than the p-value returned.\n""]}"
close_sma_ratio_10,stationarity,kpss_ct_auto_pvalue,0.1,OK_WITH_WARNING,P_VALUE_AT_TABLE_BOUND,"{""limitation"": ""p-value interpolated from a table bounded to [0.01, 0.10]"", ""n"": 12826, ""nlags"": ""auto (Hobijn)"", ""null"": ""trend stationarity"", ""regression"": ""ct"", ""test"": ""KPSS"", ""warnings"": [""The test statistic is outside of the range of p-values available in the\nlook-up table. The actual p-value is greater than the p-value returned.\n""]}"
close_sma_ratio_10,stationarity,kpss_ct_auto_lags,47,OK_WITH_WARNING,,"{""limitation"": ""p-value interpolated from a table bounded to [0.01, 0.10]"", ""n"": 12826, ""nlags"": ""auto (Hobijn)"", ""null"": ""trend stationarity"", ""regression"": ""ct"", ""test"": ""KPSS"", ""warnings"": [""The test statistic is outside of the range of p-values available in the\nlook-up table. The actual p-value is greater than the p-value returned.\n""]}"
close_sma_ratio_10,stationarity,adf_kpss_joint_reading,ADF_REJECTS_UNIT_ROOT_KPSS_DOES_NOT_REJECT_LEVEL,OK,,"{""alpha"": 0.05, ""note"": ""descriptive, unadjusted for multiple testing; not an eligibility rule""}"
close_sma_ratio_10,seasonality,acf_at_daily_6,0.13590304439047488,OK,,"{""declared_period_rows"": 6}"
close_sma_ratio_10,seasonality,seasonal_diff_var_ratio_daily_6,1.72782198830991,OK,,"{""formula"": ""var(x_t - x_{t-s}) / var(x_t); 2 for white noise, <1 when season repeats""}"
close_sma_ratio_10,seasonality,acf_at_weekly_42,-0.008801365676464319,OK,,"{""declared_period_rows"": 42}"
close_sma_ratio_10,seasonality,seasonal_diff_var_ratio_weekly_42,2.0200411325867966,OK,,"{""formula"": ""var(x_t - x_{t-s}) / var(x_t); 2 for white noise, <1 when season repeats""}"
close_sma_ratio_10,seasonality,stl_seasonal_strength_primary,0.22229323672122636,OK,,"{""formula"": ""max(0, 1 - var(R)/var(S+R)) and max(0, 1 - var(R)/var(T+R)) (Wang, Smith, Hyndman 2006)"", ""method"": ""statsmodels STL"", ""note"": ""optional diagnostic transform; not a model input"", ""period"": 6, ""robust"": false}"
close_sma_ratio_10,seasonality,stl_trend_strength_primary,0.8494019281942471,OK,,"{""formula"": ""max(0, 1 - var(R)/var(S+R)) and max(0, 1 - var(R)/var(T+R)) (Wang, Smith, Hyndman 2006)"", ""method"": ""statsmodels STL"", ""note"": ""optional diagnostic transform; not a model input"", ""period"": 6, ""robust"": false}"
sma_20,missingness,rows,12835,OK,,
sma_20,missingness,missing_count,19,OK,,"{""also"": ""NaN literals parsed by float()"", ""empty_or_token_cells"": 19, ""tokens"": ["""", ""n/a"", ""na"", ""nan"", ""none"", ""null""]}"
sma_20,missingness,missing_fraction,0.0014803272302298402,OK,,
sma_20,missingness,nonnumeric_count,0,OK,,
sma_20,missingness,nonfinite_count,19,OK,,
sma_20,missingness,longest_finite_run,12816,OK,,
sma_20,missingness,constant_flag,False,OK,,
sma_20,missingness,unique_count,12810,OK,,
sma_20,distribution,mean,19932.006069975032,OK,,
sma_20,distribution,std,16120.677574389776,OK,,
sma_20,distribution,min,3243.8416,OK,,
sma_20,distribution,max,66537.445,OK,,
sma_20,distribution,median,11502.48,OK,,
sma_20,distribution,iqr,21882.887000000002,OK,,
sma_20,distribution,mad,6746.612150000001,OK,,
sma_20,distribution,skewness,1.052008405532151,OK,,"{""bias"": false}"
sma_20,distribution,excess_kurtosis,-0.046962094370345486,OK,,"{""bias"": false}"
sma_20,distribution,upper_tail_ratio,2.877337694528137,OK,,"{""formula"": ""(q0.995-q0.5)/(q0.75-q0.5); Gaussian ~3.82""}"
sma_20,distribution,lower_tail_ratio,2.0500170249725462,OK,,"{""formula"": ""(q0.5-q0.005)/(q0.5-q0.25); Gaussian ~3.82""}"
sma_20,distribution,robust_z_outlier_fraction_gt5,0.011548064918851436,OK,,"{""scale"": ""1.4826*MAD""}"
sma_20,distribution,zero_fraction,0.0,OK,,
sma_20,distribution,quantile_0.005,3444.485255,OK,,"{""method"": ""numpy linear""}"
sma_20,distribution,quantile_0.01,3494.026775,OK,,"{""method"": ""numpy linear""}"
sma_20,distribution,quantile_0.05,3929.567125,OK,,"{""method"": ""numpy linear""}"
sma_20,distribution,quantile_0.25,7571.7835,OK,,"{""method"": ""numpy linear""}"
sma_20,distribution,quantile_0.5,11502.48,OK,,"{""method"": ""numpy linear""}"
sma_20,distribution,quantile_0.75,29454.6705,OK,,"{""method"": ""numpy linear""}"
sma_20,distribution,quantile_0.95,54870.24875,OK,,"{""method"": ""numpy linear""}"
sma_20,distribution,quantile_0.99,61760.0365,OK,,"{""method"": ""numpy linear""}"
sma_20,distribution,quantile_0.995,63156.994424999924,OK,,"{""method"": ""numpy linear""}"
sma_20,volatility,diff_std,87.41312884166499,OK,,"{""rule"": ""longest contiguous finite run; no imputation"", ""segment_rows"": [19, 12835]}"
sma_20,volatility,diff_abs_mean,51.74552722590713,OK,,"{""rule"": ""longest contiguous finite run; no imputation"", ""segment_rows"": [19, 12835]}"
sma_20,volatility,diff_std_over_std,0.005422422751047043,OK,,"{""rule"": ""longest contiguous finite run; no imputation"", ""segment_rows"": [19, 12835]}"
sma_20,volatility,rolling_std_cv,1.3259129554817615,OK,,"{""rule"": ""non-overlapping primary-period blocks; std of block std / mean"", ""window_rows"": 6}"
sma_20,trend,slope_per_row,2.7350630757005465,OK,,"{""rule"": ""longest contiguous finite run; no imputation"", ""segment_rows"": [19, 12835]}"
sma_20,trend,slope_per_day,,UNSUPPORTED,NO_VERIFIED_REGULAR_STEP,
sma_20,trend,linear_r2,0.39402678594492946,OK,,
sma_20,acf,acf_lag_1,0.9999316829757612,OK,,"{""estimator"": ""biased, mean-centered""}"
sma_20,acf,acf_lag_2,0.9998354315937718,OK,,"{""estimator"": ""biased, mean-centered""}"
sma_20,acf,acf_lag_3,0.9997127690555727,OK,,"{""estimator"": ""biased, mean-centered""}"
sma_20,acf,acf_lag_6,0.9992029860828183,OK,,"{""estimator"": ""biased, mean-centered""}"
sma_20,acf,acf_lag_12,0.9976822623574779,OK,,"{""estimator"": ""biased, mean-centered""}"
sma_20,acf,acf_lag_42,0.9870793751498738,OK,,"{""estimator"": ""biased, mean-centered""}"
sma_20,acf,decorrelation_lag_1_over_e,,NOT_RUN,ACF_ABOVE_1_OVER_E_THROUGH_LAG_64,
sma_20,spectral,peak1_period_rows,6408.0,OK,,"{""method"": ""periodogram, linear detrend, rank by power""}"
sma_20,spectral,peak1_power_fraction,0.45473622355852134,OK,,
sma_20,spectral,peak2_period_rows,12816.0,OK,,"{""method"": ""periodogram, linear detrend, rank by power""}"
sma_20,spectral,peak2_power_fraction,0.19431180598899062,OK,,
sma_20,spectral,peak3_period_rows,4272.0,OK,,"{""method"": ""periodogram, linear detrend, rank by power""}"
sma_20,spectral,peak3_power_fraction,0.1711398073234174,OK,,
sma_20,spectral,peak1_period_hours,,UNSUPPORTED,NO_VERIFIED_REGULAR_STEP,
sma_20,spectral,entropy_normalized,0.21025823936849486,OK,,
sma_20,spectral,low_frequency_power_fraction,0.9999884932255718,OK,,"{""basis"": ""primary period"", ""cutoff_cycles_per_row"": 0.16666666666666666}"
sma_20,spectral,centroid_cycles_per_row,0.0003645648669625175,OK,,
sma_20,stationarity,adf_c_aic_statistic,-1.7104452379901043,OK,,"{""autolag"": ""AIC"", ""lag_selection"": ""AIC over lags 0..maxlag on the common trimmed sample, as statsmodels _autolag does, without retaining every fitted model; final fit adfuller(maxlag=best, autolag=None)"", ""limitation"": ""MacKinnon approximate p-value; low power near unity; lag choice by AIC"", ""maxlag"": 41, ""n"": 12816, ""null"": ""unit root"", ""regression"": ""c"", ""test"": ""ADF""}"
sma_20,stationarity,adf_c_aic_pvalue,0.4257389706362192,OK,,"{""autolag"": ""AIC"", ""lag_selection"": ""AIC over lags 0..maxlag on the common trimmed sample, as statsmodels _autolag does, without retaining every fitted model; final fit adfuller(maxlag=best, autolag=None)"", ""limitation"": ""MacKinnon approximate p-value; low power near unity; lag choice by AIC"", ""maxlag"": 41, ""n"": 12816, ""null"": ""unit root"", ""regression"": ""c"", ""test"": ""ADF""}"
sma_20,stationarity,adf_c_aic_lags,41,OK,,"{""autolag"": ""AIC"", ""lag_selection"": ""AIC over lags 0..maxlag on the common trimmed sample, as statsmodels _autolag does, without retaining every fitted model; final fit adfuller(maxlag=best, autolag=None)"", ""limitation"": ""MacKinnon approximate p-value; low power near unity; lag choice by AIC"", ""maxlag"": 41, ""n"": 12816, ""null"": ""unit root"", ""regression"": ""c"", ""test"": ""ADF""}"
sma_20,stationarity,kpss_c_auto_statistic,9.250296685247394,OK_WITH_WARNING,,"{""limitation"": ""p-value interpolated from a table bounded to [0.01, 0.10]"", ""n"": 12816, ""nlags"": ""auto (Hobijn)"", ""null"": ""level stationarity"", ""regression"": ""c"", ""test"": ""KPSS"", ""warnings"": [""The test statistic is outside of the range of p-values available in the\nlook-up table. The actual p-value is smaller than the p-value returned.\n""]}"
sma_20,stationarity,kpss_c_auto_pvalue,0.01,OK_WITH_WARNING,P_VALUE_AT_TABLE_BOUND,"{""limitation"": ""p-value interpolated from a table bounded to [0.01, 0.10]"", ""n"": 12816, ""nlags"": ""auto (Hobijn)"", ""null"": ""level stationarity"", ""regression"": ""c"", ""test"": ""KPSS"", ""warnings"": [""The test statistic is outside of the range of p-values available in the\nlook-up table. The actual p-value is smaller than the p-value returned.\n""]}"
sma_20,stationarity,kpss_c_auto_lags,70,OK_WITH_WARNING,,"{""limitation"": ""p-value interpolated from a table bounded to [0.01, 0.10]"", ""n"": 12816, ""nlags"": ""auto (Hobijn)"", ""null"": ""level stationarity"", ""regression"": ""c"", ""test"": ""KPSS"", ""warnings"": [""The test statistic is outside of the range of p-values available in the\nlook-up table. The actual p-value is smaller than the p-value returned.\n""]}"
sma_20,stationarity,kpss_ct_auto_statistic,1.5217381789800053,OK_WITH_WARNING,,"{""limitation"": ""p-value interpolated from a table bounded to [0.01, 0.10]"", ""n"": 12816, ""nlags"": ""auto (Hobijn)"", ""null"": ""trend stationarity"", ""regression"": ""ct"", ""test"": ""KPSS"", ""warnings"": [""The test statistic is outside of the range of p-values available in the\nlook-up table. The actual p-value is smaller than the p-value returned.\n""]}"
sma_20,stationarity,kpss_ct_auto_pvalue,0.01,OK_WITH_WARNING,P_VALUE_AT_TABLE_BOUND,"{""limitation"": ""p-value interpolated from a table bounded to [0.01, 0.10]"", ""n"": 12816, ""nlags"": ""auto (Hobijn)"", ""null"": ""trend stationarity"", ""regression"": ""ct"", ""test"": ""KPSS"", ""warnings"": [""The test statistic is outside of the range of p-values available in the\nlook-up table. The actual p-value is smaller than the p-value returned.\n""]}"
sma_20,stationarity,kpss_ct_auto_lags,70,OK_WITH_WARNING,,"{""limitation"": ""p-value interpolated from a table bounded to [0.01, 0.10]"", ""n"": 12816, ""nlags"": ""auto (Hobijn)"", ""null"": ""trend stationarity"", ""regression"": ""ct"", ""test"": ""KPSS"", ""warnings"": [""The test statistic is outside of the range of p-values available in the\nlook-up table. The actual p-value is smaller than the p-value returned.\n""]}"
sma_20,stationarity,adf_kpss_joint_reading,ADF_DOES_NOT_REJECT_KPSS_REJECTS_LEVEL,OK,,"{""alpha"": 0.05, ""note"": ""descriptive, unadjusted for multiple testing; not an eligibility rule""}"
sma_20,seasonality,acf_at_daily_6,0.9992029860828183,OK,,"{""declared_period_rows"": 6}"
sma_20,seasonality,seasonal_diff_var_ratio_daily_6,0.0009465767765396877,OK,,"{""formula"": ""var(x_t - x_{t-s}) / var(x_t); 2 for white noise, <1 when season repeats""}"
sma_20,seasonality,acf_at_weekly_42,0.9870793751498743,OK,,"{""declared_period_rows"": 42}"
sma_20,seasonality,seasonal_diff_var_ratio_weekly_42,0.021454174506927257,OK,,"{""formula"": ""var(x_t - x_{t-s}) / var(x_t); 2 for white noise, <1 when season repeats""}"
sma_20,seasonality,stl_seasonal_strength_primary,0.0882347976196588,OK,,"{""formula"": ""max(0, 1 - var(R)/var(S+R)) and max(0, 1 - var(R)/var(T+R)) (Wang, Smith, Hyndman 2006)"", ""method"": ""statsmodels STL"", ""note"": ""optional diagnostic transform; not a model input"", ""period"": 6, ""robust"": false}"
sma_20,seasonality,stl_trend_strength_primary,0.9999954380790961,OK,,"{""formula"": ""max(0, 1 - var(R)/var(S+R)) and max(0, 1 - var(R)/var(T+R)) (Wang, Smith, Hyndman 2006)"", ""method"": ""statsmodels STL"", ""note"": ""optional diagnostic transform; not a model input"", ""period"": 6, ""robust"": false}"
ema_20,missingness,rows,12835,OK,,
ema_20,missingness,missing_count,19,OK,,"{""also"": ""NaN literals parsed by float()"", ""empty_or_token_cells"": 19, ""tokens"": ["""", ""n/a"", ""na"", ""nan"", ""none"", ""null""]}"
ema_20,missingness,missing_fraction,0.0014803272302298402,OK,,
ema_20,missingness,nonnumeric_count,0,OK,,
ema_20,missingness,nonfinite_count,19,OK,,
ema_20,missingness,longest_finite_run,12816,OK,,
ema_20,missingness,constant_flag,False,OK,,
ema_20,missingness,unique_count,12807,OK,,
ema_20,distribution,mean,19932.05075917603,OK,,
ema_20,distribution,std,16112.791383646896,OK,,
ema_20,distribution,min,3265.272,OK,,
ema_20,distribution,max,65994.71,OK,,
ema_20,distribution,median,11499.98275,OK,,
ema_20,distribution,iqr,21948.781975,OK,,
ema_20,distribution,mad,6736.416749999999,OK,,
ema_20,distribution,skewness,1.0499340612871744,OK,,"{""bias"": false}"
ema_20,distribution,excess_kurtosis,-0.05474827386969494,OK,,"{""bias"": false}"
ema_20,distribution,upper_tail_ratio,2.847549723194468,OK,,"{""formula"": ""(q0.995-q0.5)/(q0.75-q0.5); Gaussian ~3.82""}"
ema_20,distribution,lower_tail_ratio,2.047054931957514,OK,,"{""formula"": ""(q0.5-q0.005)/(q0.5-q0.25); Gaussian ~3.82""}"
ema_20,distribution,robust_z_outlier_fraction_gt5,0.012250312109862672,OK,,"{""scale"": ""1.4826*MAD""}"
ema_20,distribution,zero_fraction,0.0,OK,,
ema_20,distribution,quantile_0.005,3450.90805,OK,,"{""method"": ""numpy linear""}"
ema_20,distribution,quantile_0.01,3519.786405,OK,,"{""method"": ""numpy linear""}"
ema_20,distribution,quantile_0.05,3916.29405,OK,,"{""method"": ""numpy linear""}"
ema_20,distribution,quantile_0.25,7567.956025,OK,,"{""method"": ""numpy linear""}"
ema_20,distribution,quantile_0.5,11499.98275,OK,,"{""method"": ""numpy linear""}"
ema_20,distribution,quantile_0.75,29516.738,OK,,"{""method"": ""numpy linear""}"
ema_20,distribution,quantile_0.95,54834.8165,OK,,"{""method"": ""numpy linear""}"
ema_20,distribution,quantile_0.99,61843.9927,OK,,"{""method"": ""numpy linear""}"
ema_20,distribution,quantile_0.995,62803.58917499999,OK,,"{""method"": ""numpy linear""}"
ema_20,volatility,diff_std,88.26608379029928,OK,,"{""rule"": ""longest contiguous finite run; no imputation"", ""segment_rows"": [19, 12835]}"
ema_20,volatility,diff_abs_mean,50.67960282481467,OK,,"{""rule"": ""longest contiguous finite run; no imputation"", ""segment_rows"": [19, 12835]}"
ema_20,volatility,diff_std_over_std,0.005478013193907655,OK,,"{""rule"": ""longest contiguous finite run; no imputation"", ""segment_rows"": [19, 12835]}"
ema_20,volatility,rolling_std_cv,1.3544654754545546,OK,,"{""rule"": ""non-overlapping primary-period blocks; std of block std / mean"", ""window_rows"": 6}"
ema_20,trend,slope_per_row,2.735051767591901,OK,,"{""rule"": ""longest contiguous finite run; no imputation"", ""segment_rows"": [19, 12835]}"
ema_20,trend,slope_per_day,,UNSUPPORTED,NO_VERIFIED_REGULAR_STEP,
ema_20,trend,linear_r2,0.3944093212506564,OK,,
ema_20,acf,acf_lag_1,0.9999313449104996,OK,,"{""estimator"": ""biased, mean-centered""}"
ema_20,acf,acf_lag_2,0.9998356607633838,OK,,"{""estimator"": ""biased, mean-centered""}"
ema_20,acf,acf_lag_3,0.9997154844338598,OK,,"{""estimator"": ""biased, mean-centered""}"
ema_20,acf,acf_lag_6,0.9992322454924517,OK,,"{""estimator"": ""biased, mean-centered""}"
ema_20,acf,acf_lag_12,0.9978756544200234,OK,,"{""estimator"": ""biased, mean-centered""}"
ema_20,acf,acf_lag_42,0.987968117462009,OK,,"{""estimator"": ""biased, mean-centered""}"
ema_20,acf,decorrelation_lag_1_over_e,,NOT_RUN,ACF_ABOVE_1_OVER_E_THROUGH_LAG_64,
ema_20,spectral,peak1_period_rows,6408.0,OK,,"{""method"": ""periodogram, linear detrend, rank by power""}"
ema_20,spectral,peak1_power_fraction,0.45543814105750235,OK,,
ema_20,spectral,peak2_period_rows,12816.0,OK,,"{""method"": ""periodogram, linear detrend, rank by power""}"
ema_20,spectral,peak2_power_fraction,0.19462150628145797,OK,,
ema_20,spectral,peak3_period_rows,4272.0,OK,,"{""method"": ""periodogram, linear detrend, rank by power""}"
ema_20,spectral,peak3_power_fraction,0.17139571954457292,OK,,
ema_20,spectral,peak1_period_hours,,UNSUPPORTED,NO_VERIFIED_REGULAR_STEP,
ema_20,spectral,entropy_normalized,0.2090688053480428,OK,,
ema_20,spectral,low_frequency_power_fraction,0.999987816352748,OK,,"{""basis"": ""primary period"", ""cutoff_cycles_per_row"": 0.16666666666666666}"
ema_20,spectral,centroid_cycles_per_row,0.00035514159166581433,OK,,
ema_20,stationarity,adf_c_aic_statistic,-1.5153305166380373,OK,,"{""autolag"": ""AIC"", ""lag_selection"": ""AIC over lags 0..maxlag on the common trimmed sample, as statsmodels _autolag does, without retaining every fitted model; final fit adfuller(maxlag=best, autolag=None)"", ""limitation"": ""MacKinnon approximate p-value; low power near unity; lag choice by AIC"", ""maxlag"": 41, ""n"": 12816, ""null"": ""unit root"", ""regression"": ""c"", ""test"": ""ADF""}"
ema_20,stationarity,adf_c_aic_pvalue,0.5259143806791545,OK,,"{""autolag"": ""AIC"", ""lag_selection"": ""AIC over lags 0..maxlag on the common trimmed sample, as statsmodels _autolag does, without retaining every fitted model; final fit adfuller(maxlag=best, autolag=None)"", ""limitation"": ""MacKinnon approximate p-value; low power near unity; lag choice by AIC"", ""maxlag"": 41, ""n"": 12816, ""null"": ""unit root"", ""regression"": ""c"", ""test"": ""ADF""}"
ema_20,stationarity,adf_c_aic_lags,39,OK,,"{""autolag"": ""AIC"", ""lag_selection"": ""AIC over lags 0..maxlag on the common trimmed sample, as statsmodels _autolag does, without retaining every fitted model; final fit adfuller(maxlag=best, autolag=None)"", ""limitation"": ""MacKinnon approximate p-value; low power near unity; lag choice by AIC"", ""maxlag"": 41, ""n"": 12816, ""null"": ""unit root"", ""regression"": ""c"", ""test"": ""ADF""}"
ema_20,stationarity,kpss_c_auto_statistic,9.254643435222588,OK_WITH_WARNING,,"{""limitation"": ""p-value interpolated from a table bounded to [0.01, 0.10]"", ""n"": 12816, ""nlags"": ""auto (Hobijn)"", ""null"": ""level stationarity"", ""regression"": ""c"", ""test"": ""KPSS"", ""warnings"": [""The test statistic is outside of the range of p-values available in the\nlook-up table. The actual p-value is smaller than the p-value returned.\n""]}"
ema_20,stationarity,kpss_c_auto_pvalue,0.01,OK_WITH_WARNING,P_VALUE_AT_TABLE_BOUND,"{""limitation"": ""p-value interpolated from a table bounded to [0.01, 0.10]"", ""n"": 12816, ""nlags"": ""auto (Hobijn)"", ""null"": ""level stationarity"", ""regression"": ""c"", ""test"": ""KPSS"", ""warnings"": [""The test statistic is outside of the range of p-values available in the\nlook-up table. The actual p-value is smaller than the p-value returned.\n""]}"
ema_20,stationarity,kpss_c_auto_lags,70,OK_WITH_WARNING,,"{""limitation"": ""p-value interpolated from a table bounded to [0.01, 0.10]"", ""n"": 12816, ""nlags"": ""auto (Hobijn)"", ""null"": ""level stationarity"", ""regression"": ""c"", ""test"": ""KPSS"", ""warnings"": [""The test statistic is outside of the range of p-values available in the\nlook-up table. The actual p-value is smaller than the p-value returned.\n""]}"
ema_20,stationarity,kpss_ct_auto_statistic,1.5229007131439818,OK_WITH_WARNING,,"{""limitation"": ""p-value interpolated from a table bounded to [0.01, 0.10]"", ""n"": 12816, ""nlags"": ""auto (Hobijn)"", ""null"": ""trend stationarity"", ""regression"": ""ct"", ""test"": ""KPSS"", ""warnings"": [""The test statistic is outside of the range of p-values available in the\nlook-up table. The actual p-value is smaller than the p-value returned.\n""]}"
ema_20,stationarity,kpss_ct_auto_pvalue,0.01,OK_WITH_WARNING,P_VALUE_AT_TABLE_BOUND,"{""limitation"": ""p-value interpolated from a table bounded to [0.01, 0.10]"", ""n"": 12816, ""nlags"": ""auto (Hobijn)"", ""null"": ""trend stationarity"", ""regression"": ""ct"", ""test"": ""KPSS"", ""warnings"": [""The test statistic is outside of the range of p-values available in the\nlook-up table. The actual p-value is smaller than the p-value returned.\n""]}"
ema_20,stationarity,kpss_ct_auto_lags,70,OK_WITH_WARNING,,"{""limitation"": ""p-value interpolated from a table bounded to [0.01, 0.10]"", ""n"": 12816, ""nlags"": ""auto (Hobijn)"", ""null"": ""trend stationarity"", ""regression"": ""ct"", ""test"": ""KPSS"", ""warnings"": [""The test statistic is outside of the range of p-values available in the\nlook-up table. The actual p-value is smaller than the p-value returned.\n""]}"
ema_20,stationarity,adf_kpss_joint_reading,ADF_DOES_NOT_REJECT_KPSS_REJECTS_LEVEL,OK,,"{""alpha"": 0.05, ""note"": ""descriptive, unadjusted for multiple testing; not an eligibility rule""}"
ema_20,seasonality,acf_at_daily_6,0.9992322454924516,OK,,"{""declared_period_rows"": 6}"
ema_20,seasonality,seasonal_diff_var_ratio_daily_6,0.0008891343403412159,OK,,"{""formula"": ""var(x_t - x_{t-s}) / var(x_t); 2 for white noise, <1 when season repeats""}"
ema_20,seasonality,acf_at_weekly_42,0.9879681174620085,OK,,"{""declared_period_rows"": 42}"
ema_20,seasonality,seasonal_diff_var_ratio_weekly_42,0.01969339073033777,OK,,"{""formula"": ""var(x_t - x_{t-s}) / var(x_t); 2 for white noise, <1 when season repeats""}"
ema_20,seasonality,stl_seasonal_strength_primary,0.09726588913480438,OK,,"{""formula"": ""max(0, 1 - var(R)/var(S+R)) and max(0, 1 - var(R)/var(T+R)) (Wang, Smith, Hyndman 2006)"", ""method"": ""statsmodels STL"", ""note"": ""optional diagnostic transform; not a model input"", ""period"": 6, ""robust"": false}"
ema_20,seasonality,stl_trend_strength_primary,0.9999929464952996,OK,,"{""formula"": ""max(0, 1 - var(R)/var(S+R)) and max(0, 1 - var(R)/var(T+R)) (Wang, Smith, Hyndman 2006)"", ""method"": ""statsmodels STL"", ""note"": ""optional diagnostic transform; not a model input"", ""period"": 6, ""robust"": false}"
close_sma_ratio_20,missingness,rows,12835,OK,,
close_sma_ratio_20,missingness,missing_count,19,OK,,"{""also"": ""NaN literals parsed by float()"", ""empty_or_token_cells"": 19, ""tokens"": ["""", ""n/a"", ""na"", ""nan"", ""none"", ""null""]}"
close_sma_ratio_20,missingness,missing_fraction,0.0014803272302298402,OK,,
close_sma_ratio_20,missingness,nonnumeric_count,0,OK,,
close_sma_ratio_20,missingness,nonfinite_count,19,OK,,
close_sma_ratio_20,missingness,longest_finite_run,12816,OK,,
close_sma_ratio_20,missingness,constant_flag,False,OK,,
close_sma_ratio_20,missingness,unique_count,12814,OK,,
close_sma_ratio_20,distribution,mean,0.001850677529302263,OK,,
close_sma_ratio_20,distribution,std,0.04006858709690121,OK,,
close_sma_ratio_20,distribution,min,-0.35364586,OK,,
close_sma_ratio_20,distribution,max,0.28776067,OK,,
close_sma_ratio_20,distribution,median,0.0014660319,OK,,
close_sma_ratio_20,distribution,iqr,0.037654690000000005,OK,,
close_sma_ratio_20,distribution,mad,0.0188399975,OK,,
close_sma_ratio_20,distribution,skewness,-0.24131635162267073,OK,,"{""bias"": false}"
close_sma_ratio_20,distribution,excess_kurtosis,4.282698660478782,OK,,"{""bias"": false}"
close_sma_ratio_20,distribution,upper_tail_ratio,6.52642453370413,OK,,"{""formula"": ""(q0.995-q0.5)/(q0.75-q0.5); Gaussian ~3.82""}"
close_sma_ratio_20,distribution,lower_tail_ratio,7.71357287678959,OK,,"{""formula"": ""(q0.5-q0.005)/(q0.5-q0.25); Gaussian ~3.82""}"
close_sma_ratio_20,distribution,robust_z_outlier_fraction_gt5,0.007958801498127341,OK,,"{""scale"": ""1.4826*MAD""}"
close_sma_ratio_20,distribution,zero_fraction,0.0,OK,,
close_sma_ratio_20,distribution,quantile_0.005,-0.137437448,OK,,"{""method"": ""numpy linear""}"
close_sma_ratio_20,distribution,quantile_0.01,-0.1130578145,OK,,"{""method"": ""numpy linear""}"
close_sma_ratio_20,distribution,quantile_0.05,-0.0616009275,OK,,"{""method"": ""numpy linear""}"
close_sma_ratio_20,distribution,quantile_0.25,-0.01654163875,OK,,"{""method"": ""numpy linear""}"
close_sma_ratio_20,distribution,quantile_0.5,0.0014660319,OK,,"{""method"": ""numpy linear""}"
close_sma_ratio_20,distribution,quantile_0.75,0.02111305125,OK,,"{""method"": ""numpy linear""}"
close_sma_ratio_20,distribution,quantile_0.95,0.066215718,OK,,"{""method"": ""numpy linear""}"
close_sma_ratio_20,distribution,quantile_0.99,0.11453364250000002,OK,,"{""method"": ""numpy linear""}"
close_sma_ratio_20,distribution,quantile_0.995,0.12969082099999976,OK,,"{""method"": ""numpy linear""}"
close_sma_ratio_20,volatility,diff_std,0.015946478429657428,OK,,"{""rule"": ""longest contiguous finite run; no imputation"", ""segment_rows"": [19, 12835]}"
close_sma_ratio_20,volatility,diff_abs_mean,0.010032587593105519,OK,,"{""rule"": ""longest contiguous finite run; no imputation"", ""segment_rows"": [19, 12835]}"
close_sma_ratio_20,volatility,diff_std_over_std,0.39797955418524555,OK,,"{""rule"": ""longest contiguous finite run; no imputation"", ""segment_rows"": [19, 12835]}"
close_sma_ratio_20,volatility,rolling_std_cv,0.8070782261175862,OK,,"{""rule"": ""non-overlapping primary-period blocks; std of block std / mean"", ""window_rows"": 6}"
close_sma_ratio_20,trend,slope_per_row,-2.0615485210456283e-07,OK,,"{""rule"": ""longest contiguous finite run; no imputation"", ""segment_rows"": [19, 12835]}"
close_sma_ratio_20,trend,slope_per_day,,UNSUPPORTED,NO_VERIFIED_REGULAR_STEP,
close_sma_ratio_20,trend,linear_r2,0.0003623570386098729,OK,,
close_sma_ratio_20,acf,acf_lag_1,0.9207969137591531,OK,,"{""estimator"": ""biased, mean-centered""}"
close_sma_ratio_20,acf,acf_lag_2,0.8493107216272487,OK,,"{""estimator"": ""biased, mean-centered""}"
close_sma_ratio_20,acf,acf_lag_3,0.7782232024089899,OK,,"{""estimator"": ""biased, mean-centered""}"
close_sma_ratio_20,acf,acf_lag_6,0.5394743826938164,OK,,"{""estimator"": ""biased, mean-centered""}"
close_sma_ratio_20,acf,acf_lag_12,0.20329156012295918,OK,,"{""estimator"": ""biased, mean-centered""}"
close_sma_ratio_20,acf,acf_lag_42,-0.008700370817469742,OK,,"{""estimator"": ""biased, mean-centered""}"
close_sma_ratio_20,acf,decorrelation_lag_1_over_e,9,OK,,
close_sma_ratio_20,spectral,peak1_period_rows,237.33333333333334,OK,,"{""method"": ""periodogram, linear detrend, rank by power""}"
close_sma_ratio_20,spectral,peak1_power_fraction,0.008593227350005726,OK,,
close_sma_ratio_20,spectral,peak2_period_rows,53.4,OK,,"{""method"": ""periodogram, linear detrend, rank by power""}"
close_sma_ratio_20,spectral,peak2_power_fraction,0.006947326747616964,OK,,
close_sma_ratio_20,spectral,peak3_period_rows,1830.8571428571427,OK,,"{""method"": ""periodogram, linear detrend, rank by power""}"
close_sma_ratio_20,spectral,peak3_power_fraction,0.006846880182619621,OK,,
close_sma_ratio_20,spectral,peak1_period_hours,,UNSUPPORTED,NO_VERIFIED_REGULAR_STEP,
close_sma_ratio_20,spectral,entropy_normalized,0.7537596758218617,OK,,
close_sma_ratio_20,spectral,low_frequency_power_fraction,0.9542350646509687,OK,,"{""basis"": ""primary period"", ""cutoff_cycles_per_row"": 0.16666666666666666}"
close_sma_ratio_20,spectral,centroid_cycles_per_row,0.037159115608418586,OK,,
close_sma_ratio_20,stationarity,adf_c_aic_statistic,-15.644239720281938,OK,,"{""autolag"": ""AIC"", ""lag_selection"": ""AIC over lags 0..maxlag on the common trimmed sample, as statsmodels _autolag does, without retaining every fitted model; final fit adfuller(maxlag=best, autolag=None)"", ""limitation"": ""MacKinnon approximate p-value; low power near unity; lag choice by AIC"", ""maxlag"": 41, ""n"": 12816, ""null"": ""unit root"", ""regression"": ""c"", ""test"": ""ADF""}"
close_sma_ratio_20,stationarity,adf_c_aic_pvalue,1.6260097860924103e-28,OK,,"{""autolag"": ""AIC"", ""lag_selection"": ""AIC over lags 0..maxlag on the common trimmed sample, as statsmodels _autolag does, without retaining every fitted model; final fit adfuller(maxlag=best, autolag=None)"", ""limitation"": ""MacKinnon approximate p-value; low power near unity; lag choice by AIC"", ""maxlag"": 41, ""n"": 12816, ""null"": ""unit root"", ""regression"": ""c"", ""test"": ""ADF""}"
close_sma_ratio_20,stationarity,adf_c_aic_lags,35,OK,,"{""autolag"": ""AIC"", ""lag_selection"": ""AIC over lags 0..maxlag on the common trimmed sample, as statsmodels _autolag does, without retaining every fitted model; final fit adfuller(maxlag=best, autolag=None)"", ""limitation"": ""MacKinnon approximate p-value; low power near unity; lag choice by AIC"", ""maxlag"": 41, ""n"": 12816, ""null"": ""unit root"", ""regression"": ""c"", ""test"": ""ADF""}"
close_sma_ratio_20,stationarity,kpss_c_auto_statistic,0.11600975743084162,OK_WITH_WARNING,,"{""limitation"": ""p-value interpolated from a table bounded to [0.01, 0.10]"", ""n"": 12816, ""nlags"": ""auto (Hobijn)"", ""null"": ""level stationarity"", ""regression"": ""c"", ""test"": ""KPSS"", ""warnings"": [""The test statistic is outside of the range of p-values available in the\nlook-up table. The actual p-value is greater than the p-value returned.\n""]}"
close_sma_ratio_20,stationarity,kpss_c_auto_pvalue,0.1,OK_WITH_WARNING,P_VALUE_AT_TABLE_BOUND,"{""limitation"": ""p-value interpolated from a table bounded to [0.01, 0.10]"", ""n"": 12816, ""nlags"": ""auto (Hobijn)"", ""null"": ""level stationarity"", ""regression"": ""c"", ""test"": ""KPSS"", ""warnings"": [""The test statistic is outside of the range of p-values available in the\nlook-up table. The actual p-value is greater than the p-value returned.\n""]}"
close_sma_ratio_20,stationarity,kpss_c_auto_lags,62,OK_WITH_WARNING,,"{""limitation"": ""p-value interpolated from a table bounded to [0.01, 0.10]"", ""n"": 12816, ""nlags"": ""auto (Hobijn)"", ""null"": ""level stationarity"", ""regression"": ""c"", ""test"": ""KPSS"", ""warnings"": [""The test statistic is outside of the range of p-values available in the\nlook-up table. The actual p-value is greater than the p-value returned.\n""]}"
close_sma_ratio_20,stationarity,kpss_ct_auto_statistic,0.08882715601473062,OK_WITH_WARNING,,"{""limitation"": ""p-value interpolated from a table bounded to [0.01, 0.10]"", ""n"": 12816, ""nlags"": ""auto (Hobijn)"", ""null"": ""trend stationarity"", ""regression"": ""ct"", ""test"": ""KPSS"", ""warnings"": [""The test statistic is outside of the range of p-values available in the\nlook-up table. The actual p-value is greater than the p-value returned.\n""]}"
close_sma_ratio_20,stationarity,kpss_ct_auto_pvalue,0.1,OK_WITH_WARNING,P_VALUE_AT_TABLE_BOUND,"{""limitation"": ""p-value interpolated from a table bounded to [0.01, 0.10]"", ""n"": 12816, ""nlags"": ""auto (Hobijn)"", ""null"": ""trend stationarity"", ""regression"": ""ct"", ""test"": ""KPSS"", ""warnings"": [""The test statistic is outside of the range of p-values available in the\nlook-up table. The actual p-value is greater than the p-value returned.\n""]}"
close_sma_ratio_20,stationarity,kpss_ct_auto_lags,62,OK_WITH_WARNING,,"{""limitation"": ""p-value interpolated from a table bounded to [0.01, 0.10]"", ""n"": 12816, ""nlags"": ""auto (Hobijn)"", ""null"": ""trend stationarity"", ""regression"": ""ct"", ""test"": ""KPSS"", ""warnings"": [""The test statistic is outside of the range of p-values available in the\nlook-up table. The actual p-value is greater than the p-value returned.\n""]}"
close_sma_ratio_20,stationarity,adf_kpss_joint_reading,ADF_REJECTS_UNIT_ROOT_KPSS_DOES_NOT_REJECT_LEVEL,OK,,"{""alpha"": 0.05, ""note"": ""descriptive, unadjusted for multiple testing; not an eligibility rule""}"
close_sma_ratio_20,seasonality,acf_at_daily_6,0.5394743826938165,OK,,"{""declared_period_rows"": 6}"
close_sma_ratio_20,seasonality,seasonal_diff_var_ratio_daily_6,0.9213709747257223,OK,,"{""formula"": ""var(x_t - x_{t-s}) / var(x_t); 2 for white noise, <1 when season repeats""}"
close_sma_ratio_20,seasonality,acf_at_weekly_42,-0.008700370817469754,OK,,"{""declared_period_rows"": 42}"
close_sma_ratio_20,seasonality,seasonal_diff_var_ratio_weekly_42,2.020296865159397,OK,,"{""formula"": ""var(x_t - x_{t-s}) / var(x_t); 2 for white noise, <1 when season repeats""}"
close_sma_ratio_20,seasonality,stl_seasonal_strength_primary,0.23542646617446816,OK,,"{""formula"": ""max(0, 1 - var(R)/var(S+R)) and max(0, 1 - var(R)/var(T+R)) (Wang, Smith, Hyndman 2006)"", ""method"": ""statsmodels STL"", ""note"": ""optional diagnostic transform; not a model input"", ""period"": 6, ""robust"": false}"
close_sma_ratio_20,seasonality,stl_trend_strength_primary,0.9322942064154008,OK,,"{""formula"": ""max(0, 1 - var(R)/var(S+R)) and max(0, 1 - var(R)/var(T+R)) (Wang, Smith, Hyndman 2006)"", ""method"": ""statsmodels STL"", ""note"": ""optional diagnostic transform; not a model input"", ""period"": 6, ""robust"": false}"
sma_50,missingness,rows,12835,OK,,
sma_50,missingness,missing_count,49,OK,,"{""also"": ""NaN literals parsed by float()"", ""empty_or_token_cells"": 49, ""tokens"": ["""", ""n/a"", ""na"", ""nan"", ""none"", ""null""]}"
sma_50,missingness,missing_fraction,0.003817686014803272,OK,,
sma_50,missingness,nonnumeric_count,0,OK,,
sma_50,missingness,nonfinite_count,49,OK,,
sma_50,missingness,longest_finite_run,12786,OK,,
sma_50,missingness,constant_flag,False,OK,,
sma_50,missingness,unique_count,12783,OK,,
sma_50,distribution,mean,19938.28004897544,OK,,
sma_50,distribution,std,16102.710026536934,OK,,
sma_50,distribution,min,3351.7437,OK,,
sma_50,distribution,max,65227.957,OK,,
sma_50,distribution,median,11518.841,OK,,
sma_50,distribution,iqr,21846.288699999997,OK,,
sma_50,distribution,mad,6660.193000000001,OK,,
sma_50,distribution,skewness,1.0466077239485245,OK,,"{""bias"": false}"
sma_50,distribution,excess_kurtosis,-0.07139494717680117,OK,,"{""bias"": false}"
sma_50,distribution,upper_tail_ratio,2.8526973182188367,OK,,"{""formula"": ""(q0.995-q0.5)/(q0.75-q0.5); Gaussian ~3.82""}"
sma_50,distribution,lower_tail_ratio,2.0383027188880543,OK,,"{""formula"": ""(q0.5-q0.005)/(q0.5-q0.25); Gaussian ~3.82""}"
sma_50,distribution,robust_z_outlier_fraction_gt5,0.015485687470671047,OK,,"{""scale"": ""1.4826*MAD""}"
sma_50,distribution,zero_fraction,0.0,OK,,
sma_50,distribution,quantile_0.005,3453.6894899999998,OK,,"{""method"": ""numpy linear""}"
sma_50,distribution,quantile_0.01,3520.623595,OK,,"{""method"": ""numpy linear""}"
sma_50,distribution,quantile_0.05,3895.2369,OK,,"{""method"": ""numpy linear""}"
sma_50,distribution,quantile_0.25,7562.0433,OK,,"{""method"": ""numpy linear""}"
sma_50,distribution,quantile_0.5,11518.841,OK,,"{""method"": ""numpy linear""}"
sma_50,distribution,quantile_0.75,29408.332,OK,,"{""method"": ""numpy linear""}"
sma_50,distribution,quantile_0.95,54746.737,OK,,"{""method"": ""numpy linear""}"
sma_50,distribution,quantile_0.99,61700.7439,OK,,"{""method"": ""numpy linear""}"
sma_50,distribution,quantile_0.995,62552.14400000001,OK,,"{""method"": ""numpy linear""}"
sma_50,volatility,diff_std,56.487134835782065,OK,,"{""rule"": ""longest contiguous finite run; no imputation"", ""segment_rows"": [49, 12835]}"
sma_50,volatility,diff_abs_mean,33.853516089166995,OK,,"{""rule"": ""longest contiguous finite run; no imputation"", ""segment_rows"": [49, 12835]}"
sma_50,volatility,diff_std_over_std,0.0035079272211132433,OK,,"{""rule"": ""longest contiguous finite run; no imputation"", ""segment_rows"": [49, 12835]}"
sma_50,volatility,rolling_std_cv,1.322176116028625,OK,,"{""rule"": ""non-overlapping primary-period blocks; std of block std / mean"", ""window_rows"": 6}"
sma_50,trend,slope_per_row,2.7398249173786073,OK,,"{""rule"": ""longest contiguous finite run; no imputation"", ""segment_rows"": [49, 12835]}"
sma_50,trend,slope_per_day,,UNSUPPORTED,NO_VERIFIED_REGULAR_STEP,
sma_50,trend,linear_r2,0.3944298701915616,OK,,
sma_50,acf,acf_lag_1,0.9999403060849065,OK,,"{""estimator"": ""biased, mean-centered""}"
sma_50,acf,acf_lag_2,0.9998687405130531,OK,,"{""estimator"": ""biased, mean-centered""}"
sma_50,acf,acf_lag_3,0.9997855371436082,OK,,"{""estimator"": ""biased, mean-centered""}"
sma_50,acf,acf_lag_6,0.9994688200484334,OK,,"{""estimator"": ""biased, mean-centered""}"
sma_50,acf,acf_lag_12,0.9985569172360877,OK,,"{""estimator"": ""biased, mean-centered""}"
sma_50,acf,acf_lag_42,0.9900457539502263,OK,,"{""estimator"": ""biased, mean-centered""}"
sma_50,acf,decorrelation_lag_1_over_e,,NOT_RUN,ACF_ABOVE_1_OVER_E_THROUGH_LAG_64,
sma_50,spectral,peak1_period_rows,6392.999999999999,OK,,"{""method"": ""periodogram, linear detrend, rank by power""}"
sma_50,spectral,peak1_power_fraction,0.45533336033693794,OK,,
sma_50,spectral,peak2_period_rows,12785.999999999998,OK,,"{""method"": ""periodogram, linear detrend, rank by power""}"
sma_50,spectral,peak2_power_fraction,0.19629345271882948,OK,,
sma_50,spectral,peak3_period_rows,4262.0,OK,,"{""method"": ""periodogram, linear detrend, rank by power""}"
sma_50,spectral,peak3_power_fraction,0.17178624891677235,OK,,
sma_50,spectral,peak1_period_hours,,UNSUPPORTED,NO_VERIFIED_REGULAR_STEP,
sma_50,spectral,entropy_normalized,0.20667032502917468,OK,,
sma_50,spectral,low_frequency_power_fraction,0.9999889170027325,OK,,"{""basis"": ""primary period"", ""cutoff_cycles_per_row"": 0.16666666666666666}"
sma_50,spectral,centroid_cycles_per_row,0.00032496481886151724,OK,,
sma_50,stationarity,adf_c_aic_statistic,-1.3195947214488974,OK,,"{""autolag"": ""AIC"", ""lag_selection"": ""AIC over lags 0..maxlag on the common trimmed sample, as statsmodels _autolag does, without retaining every fitted model; final fit adfuller(maxlag=best, autolag=None)"", ""limitation"": ""MacKinnon approximate p-value; low power near unity; lag choice by AIC"", ""maxlag"": 41, ""n"": 12786, ""null"": ""unit root"", ""regression"": ""c"", ""test"": ""ADF""}"
sma_50,stationarity,adf_c_aic_pvalue,0.6201607113338286,OK,,"{""autolag"": ""AIC"", ""lag_selection"": ""AIC over lags 0..maxlag on the common trimmed sample, as statsmodels _autolag does, without retaining every fitted model; final fit adfuller(maxlag=best, autolag=None)"", ""limitation"": ""MacKinnon approximate p-value; low power near unity; lag choice by AIC"", ""maxlag"": 41, ""n"": 12786, ""null"": ""unit root"", ""regression"": ""c"", ""test"": ""ADF""}"
sma_50,stationarity,adf_c_aic_lags,39,OK,,"{""autolag"": ""AIC"", ""lag_selection"": ""AIC over lags 0..maxlag on the common trimmed sample, as statsmodels _autolag does, without retaining every fitted model; final fit adfuller(maxlag=best, autolag=None)"", ""limitation"": ""MacKinnon approximate p-value; low power near unity; lag choice by AIC"", ""maxlag"": 41, ""n"": 12786, ""null"": ""unit root"", ""regression"": ""c"", ""test"": ""ADF""}"
sma_50,stationarity,kpss_c_auto_statistic,9.234536477197963,OK_WITH_WARNING,,"{""limitation"": ""p-value interpolated from a table bounded to [0.01, 0.10]"", ""n"": 12786, ""nlags"": ""auto (Hobijn)"", ""null"": ""level stationarity"", ""regression"": ""c"", ""test"": ""KPSS"", ""warnings"": [""The test statistic is outside of the range of p-values available in the\nlook-up table. The actual p-value is smaller than the p-value returned.\n""]}"
sma_50,stationarity,kpss_c_auto_pvalue,0.01,OK_WITH_WARNING,P_VALUE_AT_TABLE_BOUND,"{""limitation"": ""p-value interpolated from a table bounded to [0.01, 0.10]"", ""n"": 12786, ""nlags"": ""auto (Hobijn)"", ""null"": ""level stationarity"", ""regression"": ""c"", ""test"": ""KPSS"", ""warnings"": [""The test statistic is outside of the range of p-values available in the\nlook-up table. The actual p-value is smaller than the p-value returned.\n""]}"
sma_50,stationarity,kpss_c_auto_lags,70,OK_WITH_WARNING,,"{""limitation"": ""p-value interpolated from a table bounded to [0.01, 0.10]"", ""n"": 12786, ""nlags"": ""auto (Hobijn)"", ""null"": ""level stationarity"", ""regression"": ""c"", ""test"": ""KPSS"", ""warnings"": [""The test statistic is outside of the range of p-values available in the\nlook-up table. The actual p-value is smaller than the p-value returned.\n""]}"
sma_50,stationarity,kpss_ct_auto_statistic,1.5246013343398803,OK_WITH_WARNING,,"{""limitation"": ""p-value interpolated from a table bounded to [0.01, 0.10]"", ""n"": 12786, ""nlags"": ""auto (Hobijn)"", ""null"": ""trend stationarity"", ""regression"": ""ct"", ""test"": ""KPSS"", ""warnings"": [""The test statistic is outside of the range of p-values available in the\nlook-up table. The actual p-value is smaller than the p-value returned.\n""]}"
sma_50,stationarity,kpss_ct_auto_pvalue,0.01,OK_WITH_WARNING,P_VALUE_AT_TABLE_BOUND,"{""limitation"": ""p-value interpolated from a table bounded to [0.01, 0.10]"", ""n"": 12786, ""nlags"": ""auto (Hobijn)"", ""null"": ""trend stationarity"", ""regression"": ""ct"", ""test"": ""KPSS"", ""warnings"": [""The test statistic is outside of the range of p-values available in the\nlook-up table. The actual p-value is smaller than the p-value returned.\n""]}"
sma_50,stationarity,kpss_ct_auto_lags,70,OK_WITH_WARNING,,"{""limitation"": ""p-value interpolated from a table bounded to [0.01, 0.10]"", ""n"": 12786, ""nlags"": ""auto (Hobijn)"", ""null"": ""trend stationarity"", ""regression"": ""ct"", ""test"": ""KPSS"", ""warnings"": [""The test statistic is outside of the range of p-values available in the\nlook-up table. The actual p-value is smaller than the p-value returned.\n""]}"
sma_50,stationarity,adf_kpss_joint_reading,ADF_DOES_NOT_REJECT_KPSS_REJECTS_LEVEL,OK,,"{""alpha"": 0.05, ""note"": ""descriptive, unadjusted for multiple testing; not an eligibility rule""}"
sma_50,seasonality,acf_at_daily_6,0.9994688200484333,OK,,"{""declared_period_rows"": 6}"
sma_50,seasonality,seasonal_diff_var_ratio_daily_6,0.0004254506211903245,OK,,"{""formula"": ""var(x_t - x_{t-s}) / var(x_t); 2 for white noise, <1 when season repeats""}"
sma_50,seasonality,acf_at_weekly_42,0.9900457539502268,OK,,"{""declared_period_rows"": 42}"
sma_50,seasonality,seasonal_diff_var_ratio_weekly_42,0.015852278181932692,OK,,"{""formula"": ""var(x_t - x_{t-s}) / var(x_t); 2 for white noise, <1 when season repeats""}"
sma_50,seasonality,stl_seasonal_strength_primary,0.0890513988108268,OK,,"{""formula"": ""max(0, 1 - var(R)/var(S+R)) and max(0, 1 - var(R)/var(T+R)) (Wang, Smith, Hyndman 2006)"", ""method"": ""statsmodels STL"", ""note"": ""optional diagnostic transform; not a model input"", ""period"": 6, ""robust"": false}"
sma_50,seasonality,stl_trend_strength_primary,0.9999992591818521,OK,,"{""formula"": ""max(0, 1 - var(R)/var(S+R)) and max(0, 1 - var(R)/var(T+R)) (Wang, Smith, Hyndman 2006)"", ""method"": ""statsmodels STL"", ""note"": ""optional diagnostic transform; not a model input"", ""period"": 6, ""robust"": false}"
ema_50,missingness,rows,12835,OK,,
ema_50,missingness,missing_count,49,OK,,"{""also"": ""NaN literals parsed by float()"", ""empty_or_token_cells"": 49, ""tokens"": ["""", ""n/a"", ""na"", ""nan"", ""none"", ""null""]}"
ema_50,missingness,missing_fraction,0.003817686014803272,OK,,
ema_50,missingness,nonnumeric_count,0,OK,,
ema_50,missingness,nonfinite_count,49,OK,,
ema_50,missingness,longest_finite_run,12786,OK,,
ema_50,missingness,constant_flag,False,OK,,
ema_50,missingness,unique_count,12781,OK,,
ema_50,distribution,mean,19939.54001822306,OK,,
ema_50,distribution,std,16081.914788406586,OK,,
ema_50,distribution,min,3365.4595,OK,,
ema_50,distribution,max,64495.574,OK,,
ema_50,distribution,median,11435.662,OK,,
ema_50,distribution,iqr,21818.88625,OK,,
ema_50,distribution,mad,6568.081,OK,,
ema_50,distribution,skewness,1.040848713866053,OK,,"{""bias"": false}"
ema_50,distribution,excess_kurtosis,-0.09171174661525283,OK,,"{""bias"": false}"
ema_50,distribution,upper_tail_ratio,2.812335990298679,OK,,"{""formula"": ""(q0.995-q0.5)/(q0.75-q0.5); Gaussian ~3.82""}"
ema_50,distribution,lower_tail_ratio,2.05815397820439,OK,,"{""formula"": ""(q0.5-q0.005)/(q0.5-q0.25); Gaussian ~3.82""}"
ema_50,distribution,robust_z_outlier_fraction_gt5,0.017284529954637886,OK,,"{""scale"": ""1.4826*MAD""}"
ema_50,distribution,zero_fraction,0.0,OK,,
ema_50,distribution,quantile_0.005,3476.5562275,OK,,"{""method"": ""numpy linear""}"
ema_50,distribution,quantile_0.01,3551.036275,OK,,"{""method"": ""numpy linear""}"
ema_50,distribution,quantile_0.05,3883.50645,OK,,"{""method"": ""numpy linear""}"
ema_50,distribution,quantile_0.25,7568.553,OK,,"{""method"": ""numpy linear""}"
ema_50,distribution,quantile_0.5,11435.662,OK,,"{""method"": ""numpy linear""}"
ema_50,distribution,quantile_0.75,29387.43925,OK,,"{""method"": ""numpy linear""}"
ema_50,distribution,quantile_0.95,54595.76775,OK,,"{""method"": ""numpy linear""}"
ema_50,distribution,quantile_0.99,61458.979699999996,OK,,"{""method"": ""numpy linear""}"
ema_50,distribution,quantile_0.995,61922.09125000005,OK,,"{""method"": ""numpy linear""}"
ema_50,volatility,diff_std,56.263076122714736,OK,,"{""rule"": ""longest contiguous finite run; no imputation"", ""segment_rows"": [49, 12835]}"
ema_50,volatility,diff_abs_mean,33.175351943684014,OK,,"{""rule"": ""longest contiguous finite run; no imputation"", ""segment_rows"": [49, 12835]}"
ema_50,volatility,diff_std_over_std,0.003498530918922332,OK,,"{""rule"": ""longest contiguous finite run; no imputation"", ""segment_rows"": [49, 12835]}"
ema_50,volatility,rolling_std_cv,1.3365595709014482,OK,,"{""rule"": ""non-overlapping primary-period blocks; std of block std / mean"", ""window_rows"": 6}"
ema_50,trend,slope_per_row,2.740302597618089,OK,,"{""rule"": ""longest contiguous finite run; no imputation"", ""segment_rows"": [49, 12835]}"
ema_50,trend,slope_per_day,,UNSUPPORTED,NO_VERIFIED_REGULAR_STEP,
ema_50,trend,linear_r2,0.39558849347374536,OK,,
ema_50,acf,acf_lag_1,0.9999415807176457,OK,,"{""estimator"": ""biased, mean-centered""}"
ema_50,acf,acf_lag_2,0.9998714957855663,OK,,"{""estimator"": ""biased, mean-centered""}"
ema_50,acf,acf_lag_3,0.9997901750058826,OK,,"{""estimator"": ""biased, mean-centered""}"
ema_50,acf,acf_lag_6,0.9994835221686819,OK,,"{""estimator"": ""biased, mean-centered""}"
ema_50,acf,acf_lag_12,0.9986242451823036,OK,,"{""estimator"": ""biased, mean-centered""}"
ema_50,acf,acf_lag_42,0.9911434704158861,OK,,"{""estimator"": ""biased, mean-centered""}"
ema_50,acf,decorrelation_lag_1_over_e,,NOT_RUN,ACF_ABOVE_1_OVER_E_THROUGH_LAG_64,
ema_50,spectral,peak1_period_rows,6392.999999999999,OK,,"{""method"": ""periodogram, linear detrend, rank by power""}"
ema_50,spectral,peak1_power_fraction,0.45719804431898564,OK,,
ema_50,spectral,peak2_period_rows,12785.999999999998,OK,,"{""method"": ""periodogram, linear detrend, rank by power""}"
ema_50,spectral,peak2_power_fraction,0.19701838565349136,OK,,
ema_50,spectral,peak3_period_rows,4262.0,OK,,"{""method"": ""periodogram, linear detrend, rank by power""}"
ema_50,spectral,peak3_power_fraction,0.172531397137172,OK,,
ema_50,spectral,peak1_period_hours,,UNSUPPORTED,NO_VERIFIED_REGULAR_STEP,
ema_50,spectral,entropy_normalized,0.20427675829808203,OK,,
ema_50,spectral,low_frequency_power_fraction,0.9999875872281373,OK,,"{""basis"": ""primary period"", ""cutoff_cycles_per_row"": 0.16666666666666666}"
ema_50,spectral,centroid_cycles_per_row,0.00031499400598081065,OK,,
ema_50,stationarity,adf_c_aic_statistic,-1.498362453311093,OK,,"{""autolag"": ""AIC"", ""lag_selection"": ""AIC over lags 0..maxlag on the common trimmed sample, as statsmodels _autolag does, without retaining every fitted model; final fit adfuller(maxlag=best, autolag=None)"", ""limitation"": ""MacKinnon approximate p-value; low power near unity; lag choice by AIC"", ""maxlag"": 41, ""n"": 12786, ""null"": ""unit root"", ""regression"": ""c"", ""test"": ""ADF""}"
ema_50,stationarity,adf_c_aic_pvalue,0.5343212537468784,OK,,"{""autolag"": ""AIC"", ""lag_selection"": ""AIC over lags 0..maxlag on the common trimmed sample, as statsmodels _autolag does, without retaining every fitted model; final fit adfuller(maxlag=best, autolag=None)"", ""limitation"": ""MacKinnon approximate p-value; low power near unity; lag choice by AIC"", ""maxlag"": 41, ""n"": 12786, ""null"": ""unit root"", ""regression"": ""c"", ""test"": ""ADF""}"
ema_50,stationarity,adf_c_aic_lags,39,OK,,"{""autolag"": ""AIC"", ""lag_selection"": ""AIC over lags 0..maxlag on the common trimmed sample, as statsmodels _autolag does, without retaining every fitted model; final fit adfuller(maxlag=best, autolag=None)"", ""limitation"": ""MacKinnon approximate p-value; low power near unity; lag choice by AIC"", ""maxlag"": 41, ""n"": 12786, ""null"": ""unit root"", ""regression"": ""c"", ""test"": ""ADF""}"
ema_50,stationarity,kpss_c_auto_statistic,9.255542092197905,OK_WITH_WARNING,,"{""limitation"": ""p-value interpolated from a table bounded to [0.01, 0.10]"", ""n"": 12786, ""nlags"": ""auto (Hobijn)"", ""null"": ""level stationarity"", ""regression"": ""c"", ""test"": ""KPSS"", ""warnings"": [""The test statistic is outside of the range of p-values available in the\nlook-up table. The actual p-value is smaller than the p-value returned.\n""]}"
ema_50,stationarity,kpss_c_auto_pvalue,0.01,OK_WITH_WARNING,P_VALUE_AT_TABLE_BOUND,"{""limitation"": ""p-value interpolated from a table bounded to [0.01, 0.10]"", ""n"": 12786, ""nlags"": ""auto (Hobijn)"", ""null"": ""level stationarity"", ""regression"": ""c"", ""test"": ""KPSS"", ""warnings"": [""The test statistic is outside of the range of p-values available in the\nlook-up table. The actual p-value is smaller than the p-value returned.\n""]}"
ema_50,stationarity,kpss_c_auto_lags,70,OK_WITH_WARNING,,"{""limitation"": ""p-value interpolated from a table bounded to [0.01, 0.10]"", ""n"": 12786, ""nlags"": ""auto (Hobijn)"", ""null"": ""level stationarity"", ""regression"": ""c"", ""test"": ""KPSS"", ""warnings"": [""The test statistic is outside of the range of p-values available in the\nlook-up table. The actual p-value is smaller than the p-value returned.\n""]}"
ema_50,stationarity,kpss_ct_auto_statistic,1.5291843511484389,OK_WITH_WARNING,,"{""limitation"": ""p-value interpolated from a table bounded to [0.01, 0.10]"", ""n"": 12786, ""nlags"": ""auto (Hobijn)"", ""null"": ""trend stationarity"", ""regression"": ""ct"", ""test"": ""KPSS"", ""warnings"": [""The test statistic is outside of the range of p-values available in the\nlook-up table. The actual p-value is smaller than the p-value returned.\n""]}"
ema_50,stationarity,kpss_ct_auto_pvalue,0.01,OK_WITH_WARNING,P_VALUE_AT_TABLE_BOUND,"{""limitation"": ""p-value interpolated from a table bounded to [0.01, 0.10]"", ""n"": 12786, ""nlags"": ""auto (Hobijn)"", ""null"": ""trend stationarity"", ""regression"": ""ct"", ""test"": ""KPSS"", ""warnings"": [""The test statistic is outside of the range of p-values available in the\nlook-up table. The actual p-value is smaller than the p-value returned.\n""]}"
ema_50,stationarity,kpss_ct_auto_lags,70,OK_WITH_WARNING,,"{""limitation"": ""p-value interpolated from a table bounded to [0.01, 0.10]"", ""n"": 12786, ""nlags"": ""auto (Hobijn)"", ""null"": ""trend stationarity"", ""regression"": ""ct"", ""test"": ""KPSS"", ""warnings"": [""The test statistic is outside of the range of p-values available in the\nlook-up table. The actual p-value is smaller than the p-value returned.\n""]}"
ema_50,stationarity,adf_kpss_joint_reading,ADF_DOES_NOT_REJECT_KPSS_REJECTS_LEVEL,OK,,"{""alpha"": 0.05, ""note"": ""descriptive, unadjusted for multiple testing; not an eligibility rule""}"
ema_50,seasonality,acf_at_daily_6,0.9994835221686811,OK,,"{""declared_period_rows"": 6}"
ema_50,seasonality,seasonal_diff_var_ratio_daily_6,0.00040743160956207246,OK,,"{""formula"": ""var(x_t - x_{t-s}) / var(x_t); 2 for white noise, <1 when season repeats""}"
ema_50,seasonality,acf_at_weekly_42,0.9911434704158864,OK,,"{""declared_period_rows"": 42}"
ema_50,seasonality,seasonal_diff_var_ratio_weekly_42,0.013602026370308721,OK,,"{""formula"": ""var(x_t - x_{t-s}) / var(x_t); 2 for white noise, <1 when season repeats""}"
ema_50,seasonality,stl_seasonal_strength_primary,0.09120264613286189,OK,,"{""formula"": ""max(0, 1 - var(R)/var(S+R)) and max(0, 1 - var(R)/var(T+R)) (Wang, Smith, Hyndman 2006)"", ""method"": ""statsmodels STL"", ""note"": ""optional diagnostic transform; not a model input"", ""period"": 6, ""robust"": false}"
ema_50,seasonality,stl_trend_strength_primary,0.9999987065657369,OK,,"{""formula"": ""max(0, 1 - var(R)/var(S+R)) and max(0, 1 - var(R)/var(T+R)) (Wang, Smith, Hyndman 2006)"", ""method"": ""statsmodels STL"", ""note"": ""optional diagnostic transform; not a model input"", ""period"": 6, ""robust"": false}"
close_sma_ratio_50,missingness,rows,12835,OK,,
close_sma_ratio_50,missingness,missing_count,49,OK,,"{""also"": ""NaN literals parsed by float()"", ""empty_or_token_cells"": 49, ""tokens"": ["""", ""n/a"", ""na"", ""nan"", ""none"", ""null""]}"
close_sma_ratio_50,missingness,missing_fraction,0.003817686014803272,OK,,
close_sma_ratio_50,missingness,nonnumeric_count,0,OK,,
close_sma_ratio_50,missingness,nonfinite_count,49,OK,,
close_sma_ratio_50,missingness,longest_finite_run,12786,OK,,
close_sma_ratio_50,missingness,constant_flag,False,OK,,
close_sma_ratio_50,missingness,unique_count,12782,OK,,
close_sma_ratio_50,distribution,mean,0.004920664650198326,OK,,
close_sma_ratio_50,distribution,std,0.0658845275505338,OK,,
close_sma_ratio_50,distribution,min,-0.41645572,OK,,
close_sma_ratio_50,distribution,max,0.44250047,OK,,
close_sma_ratio_50,distribution,median,0.0026137852,OK,,
close_sma_ratio_50,distribution,iqr,0.06593997875,OK,,
close_sma_ratio_50,distribution,mad,0.032779921499999996,OK,,
close_sma_ratio_50,distribution,skewness,-0.1046368672037346,OK,,"{""bias"": false}"
close_sma_ratio_50,distribution,excess_kurtosis,2.5658616923542343,OK,,"{""bias"": false}"
close_sma_ratio_50,distribution,upper_tail_ratio,5.556188365581506,OK,,"{""formula"": ""(q0.995-q0.5)/(q0.75-q0.5); Gaussian ~3.82""}"
close_sma_ratio_50,distribution,lower_tail_ratio,7.009357484955517,OK,,"{""formula"": ""(q0.5-q0.005)/(q0.5-q0.25); Gaussian ~3.82""}"
close_sma_ratio_50,distribution,robust_z_outlier_fraction_gt5,0.003988737681839512,OK,,"{""scale"": ""1.4826*MAD""}"
close_sma_ratio_50,distribution,zero_fraction,0.0,OK,,
close_sma_ratio_50,distribution,quantile_0.005,-0.2110553325,OK,,"{""method"": ""numpy linear""}"
close_sma_ratio_50,distribution,quantile_0.01,-0.179435607,OK,,"{""method"": ""numpy linear""}"
close_sma_ratio_50,distribution,quantile_0.05,-0.10198371549999999,OK,,"{""method"": ""numpy linear""}"
close_sma_ratio_50,distribution,quantile_0.25,-0.027869624750000002,OK,,"{""method"": ""numpy linear""}"
close_sma_ratio_50,distribution,quantile_0.5,0.0026137852,OK,,"{""method"": ""numpy linear""}"
close_sma_ratio_50,distribution,quantile_0.75,0.038070354,OK,,"{""method"": ""numpy linear""}"
close_sma_ratio_50,distribution,quantile_0.95,0.1169066325,OK,,"{""method"": ""numpy linear""}"
close_sma_ratio_50,distribution,quantile_0.99,0.17804732149999994,OK,,"{""method"": ""numpy linear""}"
close_sma_ratio_50,distribution,quantile_0.995,0.1996171602500002,OK,,"{""method"": ""numpy linear""}"
close_sma_ratio_50,volatility,diff_std,0.016122330844937124,OK,,"{""rule"": ""longest contiguous finite run; no imputation"", ""segment_rows"": [49, 12835]}"
close_sma_ratio_50,volatility,diff_abs_mean,0.010064129808782634,OK,,"{""rule"": ""longest contiguous finite run; no imputation"", ""segment_rows"": [49, 12835]}"
close_sma_ratio_50,volatility,diff_std_over_std,0.24470587320477039,OK,,"{""rule"": ""longest contiguous finite run; no imputation"", ""segment_rows"": [49, 12835]}"
close_sma_ratio_50,volatility,rolling_std_cv,0.8226676459737224,OK,,"{""rule"": ""non-overlapping primary-period blocks; std of block std / mean"", ""window_rows"": 6}"
close_sma_ratio_50,trend,slope_per_row,-5.458363947818474e-07,OK,,"{""rule"": ""longest contiguous finite run; no imputation"", ""segment_rows"": [49, 12835]}"
close_sma_ratio_50,trend,slope_per_day,,UNSUPPORTED,NO_VERIFIED_REGULAR_STEP,
close_sma_ratio_50,trend,linear_r2,0.000935147736028874,OK,,
close_sma_ratio_50,acf,acf_lag_1,0.970039463831725,OK,,"{""estimator"": ""biased, mean-centered""}"
close_sma_ratio_50,acf,acf_lag_2,0.9428720485912708,OK,,"{""estimator"": ""biased, mean-centered""}"
close_sma_ratio_50,acf,acf_lag_3,0.9154705095877546,OK,,"{""estimator"": ""biased, mean-centered""}"
close_sma_ratio_50,acf,acf_lag_6,0.8211352943558291,OK,,"{""estimator"": ""biased, mean-centered""}"
close_sma_ratio_50,acf,acf_lag_12,0.6607824923383714,OK,,"{""estimator"": ""biased, mean-centered""}"
close_sma_ratio_50,acf,acf_lag_42,0.07002888204053936,OK,,"{""estimator"": ""biased, mean-centered""}"
close_sma_ratio_50,acf,decorrelation_lag_1_over_e,25,OK,,
close_sma_ratio_50,spectral,peak1_period_rows,236.77777777777774,OK,,"{""method"": ""periodogram, linear detrend, rank by power""}"
close_sma_ratio_50,spectral,peak1_power_fraction,0.02015330803747362,OK,,
close_sma_ratio_50,spectral,peak2_period_rows,1826.5714285714284,OK,,"{""method"": ""periodogram, linear detrend, rank by power""}"
close_sma_ratio_50,spectral,peak2_power_fraction,0.017648185691066458,OK,,
close_sma_ratio_50,spectral,peak3_period_rows,124.13592233009707,OK,,"{""method"": ""periodogram, linear detrend, rank by power""}"
close_sma_ratio_50,spectral,peak3_power_fraction,0.017209789074333893,OK,,
close_sma_ratio_50,spectral,peak1_period_hours,,UNSUPPORTED,NO_VERIFIED_REGULAR_STEP,
close_sma_ratio_50,spectral,entropy_normalized,0.651050474121243,OK,,
close_sma_ratio_50,spectral,low_frequency_power_fraction,0.9826915968450313,OK,,"{""basis"": ""primary period"", ""cutoff_cycles_per_row"": 0.16666666666666666}"
close_sma_ratio_50,spectral,centroid_cycles_per_row,0.01683831342066675,OK,,
close_sma_ratio_50,stationarity,adf_c_aic_statistic,-13.999338159204886,OK,,"{""autolag"": ""AIC"", ""lag_selection"": ""AIC over lags 0..maxlag on the common trimmed sample, as statsmodels _autolag does, without retaining every fitted model; final fit adfuller(maxlag=best, autolag=None)"", ""limitation"": ""MacKinnon approximate p-value; low power near unity; lag choice by AIC"", ""maxlag"": 41, ""n"": 12786, ""null"": ""unit root"", ""regression"": ""c"", ""test"": ""ADF""}"
close_sma_ratio_50,stationarity,adf_c_aic_pvalue,3.8875073719310006e-26,OK,,"{""autolag"": ""AIC"", ""lag_selection"": ""AIC over lags 0..maxlag on the common trimmed sample, as statsmodels _autolag does, without retaining every fitted model; final fit adfuller(maxlag=best, autolag=None)"", ""limitation"": ""MacKinnon approximate p-value; low power near unity; lag choice by AIC"", ""maxlag"": 41, ""n"": 12786, ""null"": ""unit root"", ""regression"": ""c"", ""test"": ""ADF""}"
close_sma_ratio_50,stationarity,adf_c_aic_lags,35,OK,,"{""autolag"": ""AIC"", ""lag_selection"": ""AIC over lags 0..maxlag on the common trimmed sample, as statsmodels _autolag does, without retaining every fitted model; final fit adfuller(maxlag=best, autolag=None)"", ""limitation"": ""MacKinnon approximate p-value; low power near unity; lag choice by AIC"", ""maxlag"": 41, ""n"": 12786, ""null"": ""unit root"", ""regression"": ""c"", ""test"": ""ADF""}"
close_sma_ratio_50,stationarity,kpss_c_auto_statistic,0.13086966481507914,OK_WITH_WARNING,,"{""limitation"": ""p-value interpolated from a table bounded to [0.01, 0.10]"", ""n"": 12786, ""nlags"": ""auto (Hobijn)"", ""null"": ""level stationarity"", ""regression"": ""c"", ""test"": ""KPSS"", ""warnings"": [""The test statistic is outside of the range of p-values available in the\nlook-up table. The actual p-value is greater than the p-value returned.\n""]}"
close_sma_ratio_50,stationarity,kpss_c_auto_pvalue,0.1,OK_WITH_WARNING,P_VALUE_AT_TABLE_BOUND,"{""limitation"": ""p-value interpolated from a table bounded to [0.01, 0.10]"", ""n"": 12786, ""nlags"": ""auto (Hobijn)"", ""null"": ""level stationarity"", ""regression"": ""c"", ""test"": ""KPSS"", ""warnings"": [""The test statistic is outside of the range of p-values available in the\nlook-up table. The actual p-value is greater than the p-value returned.\n""]}"
close_sma_ratio_50,stationarity,kpss_c_auto_lags,67,OK_WITH_WARNING,,"{""limitation"": ""p-value interpolated from a table bounded to [0.01, 0.10]"", ""n"": 12786, ""nlags"": ""auto (Hobijn)"", ""null"": ""level stationarity"", ""regression"": ""c"", ""test"": ""KPSS"", ""warnings"": [""The test statistic is outside of the range of p-values available in the\nlook-up table. The actual p-value is greater than the p-value returned.\n""]}"
close_sma_ratio_50,stationarity,kpss_ct_auto_statistic,0.09933616423708544,OK_WITH_WARNING,,"{""limitation"": ""p-value interpolated from a table bounded to [0.01, 0.10]"", ""n"": 12786, ""nlags"": ""auto (Hobijn)"", ""null"": ""trend stationarity"", ""regression"": ""ct"", ""test"": ""KPSS"", ""warnings"": [""The test statistic is outside of the range of p-values available in the\nlook-up table. The actual p-value is greater than the p-value returned.\n""]}"
close_sma_ratio_50,stationarity,kpss_ct_auto_pvalue,0.1,OK_WITH_WARNING,P_VALUE_AT_TABLE_BOUND,"{""limitation"": ""p-value interpolated from a table bounded to [0.01, 0.10]"", ""n"": 12786, ""nlags"": ""auto (Hobijn)"", ""null"": ""trend stationarity"", ""regression"": ""ct"", ""test"": ""KPSS"", ""warnings"": [""The test statistic is outside of the range of p-values available in the\nlook-up table. The actual p-value is greater than the p-value returned.\n""]}"
close_sma_ratio_50,stationarity,kpss_ct_auto_lags,67,OK_WITH_WARNING,,"{""limitation"": ""p-value interpolated from a table bounded to [0.01, 0.10]"", ""n"": 12786, ""nlags"": ""auto (Hobijn)"", ""null"": ""trend stationarity"", ""regression"": ""ct"", ""test"": ""KPSS"", ""warnings"": [""The test statistic is outside of the range of p-values available in the\nlook-up table. The actual p-value is greater than the p-value returned.\n""]}"
close_sma_ratio_50,stationarity,adf_kpss_joint_reading,ADF_REJECTS_UNIT_ROOT_KPSS_DOES_NOT_REJECT_LEVEL,OK,,"{""alpha"": 0.05, ""note"": ""descriptive, unadjusted for multiple testing; not an eligibility rule""}"
close_sma_ratio_50,seasonality,acf_at_daily_6,0.8211352943558289,OK,,"{""declared_period_rows"": 6}"
close_sma_ratio_50,seasonality,seasonal_diff_var_ratio_daily_6,0.35769790757248016,OK,,"{""formula"": ""var(x_t - x_{t-s}) / var(x_t); 2 for white noise, <1 when season repeats""}"
close_sma_ratio_50,seasonality,acf_at_weekly_42,0.07002888204053935,OK,,"{""declared_period_rows"": 42}"
close_sma_ratio_50,seasonality,seasonal_diff_var_ratio_weekly_42,1.860154983059594,OK,,"{""formula"": ""var(x_t - x_{t-s}) / var(x_t); 2 for white noise, <1 when season repeats""}"
close_sma_ratio_50,seasonality,stl_seasonal_strength_primary,0.23327720959261478,OK,,"{""formula"": ""max(0, 1 - var(R)/var(S+R)) and max(0, 1 - var(R)/var(T+R)) (Wang, Smith, Hyndman 2006)"", ""method"": ""statsmodels STL"", ""note"": ""optional diagnostic transform; not a model input"", ""period"": 6, ""robust"": false}"
close_sma_ratio_50,seasonality,stl_trend_strength_primary,0.9750149199927063,OK,,"{""formula"": ""max(0, 1 - var(R)/var(S+R)) and max(0, 1 - var(R)/var(T+R)) (Wang, Smith, Hyndman 2006)"", ""method"": ""statsmodels STL"", ""note"": ""optional diagnostic transform; not a model input"", ""period"": 6, ""robust"": false}"
sma_100,missingness,rows,12835,OK,,
sma_100,missingness,missing_count,99,OK,,"{""also"": ""NaN literals parsed by float()"", ""empty_or_token_cells"": 99, ""tokens"": ["""", ""n/a"", ""na"", ""nan"", ""none"", ""null""]}"
sma_100,missingness,missing_fraction,0.007713283989092326,OK,,
sma_100,missingness,nonnumeric_count,0,OK,,
sma_100,missingness,nonfinite_count,99,OK,,
sma_100,missingness,longest_finite_run,12736,OK,,
sma_100,missingness,constant_flag,False,OK,,
sma_100,missingness,unique_count,12731,OK,,
sma_100,distribution,mean,19952.8503984375,OK,,
sma_100,distribution,std,16072.866603936562,OK,,
sma_100,distribution,min,3477.799,OK,,
sma_100,distribution,max,63467.367,OK,,
sma_100,distribution,median,11411.068,OK,,
sma_100,distribution,iqr,21501.373125,OK,,
sma_100,distribution,mad,6582.318000000001,OK,,
sma_100,distribution,skewness,1.036041356023094,OK,,"{""bias"": false}"
sma_100,distribution,excess_kurtosis,-0.11494681674509266,OK,,"{""bias"": false}"
sma_100,distribution,upper_tail_ratio,2.8883734956599842,OK,,"{""formula"": ""(q0.995-q0.5)/(q0.75-q0.5); Gaussian ~3.82""}"
sma_100,distribution,lower_tail_ratio,2.067959956362871,OK,,"{""formula"": ""(q0.5-q0.005)/(q0.5-q0.25); Gaussian ~3.82""}"
sma_100,distribution,robust_z_outlier_fraction_gt5,0.014996859296482413,OK,,"{""scale"": ""1.4826*MAD""}"
sma_100,distribution,zero_fraction,0.0,OK,,
sma_100,distribution,quantile_0.005,3508.0883825,OK,,"{""method"": ""numpy linear""}"
sma_100,distribution,quantile_0.01,3539.0342100000003,OK,,"{""method"": ""numpy linear""}"
sma_100,distribution,quantile_0.05,3893.360125,OK,,"{""method"": ""numpy linear""}"
sma_100,distribution,quantile_0.25,7589.437125,OK,,"{""method"": ""numpy linear""}"
sma_100,distribution,quantile_0.5,11411.068,OK,,"{""method"": ""numpy linear""}"
sma_100,distribution,quantile_0.75,29090.81025,OK,,"{""method"": ""numpy linear""}"
sma_100,distribution,quantile_0.95,54558.65125,OK,,"{""method"": ""numpy linear""}"
sma_100,distribution,quantile_0.99,61715.463299999996,OK,,"{""method"": ""numpy linear""}"
sma_100,distribution,quantile_0.995,62476.76692500001,OK,,"{""method"": ""numpy linear""}"
sma_100,volatility,diff_std,40.60522398316173,OK,,"{""rule"": ""longest contiguous finite run; no imputation"", ""segment_rows"": [99, 12835]}"
sma_100,volatility,diff_abs_mean,24.614110420102076,OK,,"{""rule"": ""longest contiguous finite run; no imputation"", ""segment_rows"": [99, 12835]}"
sma_100,volatility,diff_std_over_std,0.0025263212209586006,OK,,"{""rule"": ""longest contiguous finite run; no imputation"", ""segment_rows"": [99, 12835]}"
sma_100,volatility,rolling_std_cv,1.3068973483437007,OK,,"{""rule"": ""non-overlapping primary-period blocks; std of block std / mean"", ""window_rows"": 6}"
sma_100,trend,slope_per_row,2.749992385024842,OK,,"{""rule"": ""longest contiguous finite run; no imputation"", ""segment_rows"": [99, 12835]}"
sma_100,trend,slope_per_day,,UNSUPPORTED,NO_VERIFIED_REGULAR_STEP,
sma_100,trend,linear_r2,0.39572661028286027,OK,,
sma_100,acf,acf_lag_1,0.9999493978460459,OK,,"{""estimator"": ""biased, mean-centered""}"
sma_100,acf,acf_lag_2,0.9998925782260951,OK,,"{""estimator"": ""biased, mean-centered""}"
sma_100,acf,acf_lag_3,0.9998296039423599,OK,,"{""estimator"": ""biased, mean-centered""}"
sma_100,acf,acf_lag_6,0.9996044444051936,OK,,"{""estimator"": ""biased, mean-centered""}"
sma_100,acf,acf_lag_12,0.9989968010613344,OK,,"{""estimator"": ""biased, mean-centered""}"
sma_100,acf,acf_lag_42,0.9932354792729484,OK,,"{""estimator"": ""biased, mean-centered""}"
sma_100,acf,decorrelation_lag_1_over_e,,NOT_RUN,ACF_ABOVE_1_OVER_E_THROUGH_LAG_64,
sma_100,spectral,peak1_period_rows,6368.0,OK,,"{""method"": ""periodogram, linear detrend, rank by power""}"
sma_100,spectral,peak1_power_fraction,0.456589466914868,OK,,
sma_100,spectral,peak2_period_rows,12736.0,OK,,"{""method"": ""periodogram, linear detrend, rank by power""}"
sma_100,spectral,peak2_power_fraction,0.19928524574286202,OK,,
sma_100,spectral,peak3_period_rows,4245.333333333334,OK,,"{""method"": ""periodogram, linear detrend, rank by power""}"
sma_100,spectral,peak3_power_fraction,0.17323964733347572,OK,,
sma_100,spectral,peak1_period_hours,,UNSUPPORTED,NO_VERIFIED_REGULAR_STEP,
sma_100,spectral,entropy_normalized,0.20170645299141832,OK,,
sma_100,spectral,low_frequency_power_fraction,0.9999827094229932,OK,,"{""basis"": ""primary period"", ""cutoff_cycles_per_row"": 0.16666666666666666}"
sma_100,spectral,centroid_cycles_per_row,0.000299029353739094,OK,,
sma_100,stationarity,adf_c_aic_statistic,-1.6319417851157187,OK,,"{""autolag"": ""AIC"", ""lag_selection"": ""AIC over lags 0..maxlag on the common trimmed sample, as statsmodels _autolag does, without retaining every fitted model; final fit adfuller(maxlag=best, autolag=None)"", ""limitation"": ""MacKinnon approximate p-value; low power near unity; lag choice by AIC"", ""maxlag"": 41, ""n"": 12736, ""null"": ""unit root"", ""regression"": ""c"", ""test"": ""ADF""}"
sma_100,stationarity,adf_c_aic_pvalue,0.4664744694882168,OK,,"{""autolag"": ""AIC"", ""lag_selection"": ""AIC over lags 0..maxlag on the common trimmed sample, as statsmodels _autolag does, without retaining every fitted model; final fit adfuller(maxlag=best, autolag=None)"", ""limitation"": ""MacKinnon approximate p-value; low power near unity; lag choice by AIC"", ""maxlag"": 41, ""n"": 12736, ""null"": ""unit root"", ""regression"": ""c"", ""test"": ""ADF""}"
sma_100,stationarity,adf_c_aic_lags,38,OK,,"{""autolag"": ""AIC"", ""lag_selection"": ""AIC over lags 0..maxlag on the common trimmed sample, as statsmodels _autolag does, without retaining every fitted model; final fit adfuller(maxlag=best, autolag=None)"", ""limitation"": ""MacKinnon approximate p-value; low power near unity; lag choice by AIC"", ""maxlag"": 41, ""n"": 12736, ""null"": ""unit root"", ""regression"": ""c"", ""test"": ""ADF""}"
sma_100,stationarity,kpss_c_auto_statistic,9.360230612755807,OK_WITH_WARNING,,"{""limitation"": ""p-value interpolated from a table bounded to [0.01, 0.10]"", ""n"": 12736, ""nlags"": ""auto (Hobijn)"", ""null"": ""level stationarity"", ""regression"": ""c"", ""test"": ""KPSS"", ""warnings"": [""The test statistic is outside of the range of p-values available in the\nlook-up table. The actual p-value is smaller than the p-value returned.\n""]}"
sma_100,stationarity,kpss_c_auto_pvalue,0.01,OK_WITH_WARNING,P_VALUE_AT_TABLE_BOUND,"{""limitation"": ""p-value interpolated from a table bounded to [0.01, 0.10]"", ""n"": 12736, ""nlags"": ""auto (Hobijn)"", ""null"": ""level stationarity"", ""regression"": ""c"", ""test"": ""KPSS"", ""warnings"": [""The test statistic is outside of the range of p-values available in the\nlook-up table. The actual p-value is smaller than the p-value returned.\n""]}"
sma_100,stationarity,kpss_c_auto_lags,69,OK_WITH_WARNING,,"{""limitation"": ""p-value interpolated from a table bounded to [0.01, 0.10]"", ""n"": 12736, ""nlags"": ""auto (Hobijn)"", ""null"": ""level stationarity"", ""regression"": ""c"", ""test"": ""KPSS"", ""warnings"": [""The test statistic is outside of the range of p-values available in the\nlook-up table. The actual p-value is smaller than the p-value returned.\n""]}"
sma_100,stationarity,kpss_ct_auto_statistic,1.5531215550608877,OK_WITH_WARNING,,"{""limitation"": ""p-value interpolated from a table bounded to [0.01, 0.10]"", ""n"": 12736, ""nlags"": ""auto (Hobijn)"", ""null"": ""trend stationarity"", ""regression"": ""ct"", ""test"": ""KPSS"", ""warnings"": [""The test statistic is outside of the range of p-values available in the\nlook-up table. The actual p-value is smaller than the p-value returned.\n""]}"
sma_100,stationarity,kpss_ct_auto_pvalue,0.01,OK_WITH_WARNING,P_VALUE_AT_TABLE_BOUND,"{""limitation"": ""p-value interpolated from a table bounded to [0.01, 0.10]"", ""n"": 12736, ""nlags"": ""auto (Hobijn)"", ""null"": ""trend stationarity"", ""regression"": ""ct"", ""test"": ""KPSS"", ""warnings"": [""The test statistic is outside of the range of p-values available in the\nlook-up table. The actual p-value is smaller than the p-value returned.\n""]}"
sma_100,stationarity,kpss_ct_auto_lags,69,OK_WITH_WARNING,,"{""limitation"": ""p-value interpolated from a table bounded to [0.01, 0.10]"", ""n"": 12736, ""nlags"": ""auto (Hobijn)"", ""null"": ""trend stationarity"", ""regression"": ""ct"", ""test"": ""KPSS"", ""warnings"": [""The test statistic is outside of the range of p-values available in the\nlook-up table. The actual p-value is smaller than the p-value returned.\n""]}"
sma_100,stationarity,adf_kpss_joint_reading,ADF_DOES_NOT_REJECT_KPSS_REJECTS_LEVEL,OK,,"{""alpha"": 0.05, ""note"": ""descriptive, unadjusted for multiple testing; not an eligibility rule""}"
sma_100,seasonality,acf_at_daily_6,0.9996044444051938,OK,,"{""declared_period_rows"": 6}"
sma_100,seasonality,seasonal_diff_var_ratio_daily_6,0.00022532037980802226,OK,,"{""formula"": ""var(x_t - x_{t-s}) / var(x_t); 2 for white noise, <1 when season repeats""}"
sma_100,seasonality,acf_at_weekly_42,0.9932354792729482,OK,,"{""declared_period_rows"": 42}"
sma_100,seasonality,seasonal_diff_var_ratio_weekly_42,0.009748010259574055,OK,,"{""formula"": ""var(x_t - x_{t-s}) / var(x_t); 2 for white noise, <1 when season repeats""}"
sma_100,seasonality,stl_seasonal_strength_primary,0.08732615368163987,OK,,"{""formula"": ""max(0, 1 - var(R)/var(S+R)) and max(0, 1 - var(R)/var(T+R)) (Wang, Smith, Hyndman 2006)"", ""method"": ""statsmodels STL"", ""note"": ""optional diagnostic transform; not a model input"", ""period"": 6, ""robust"": false}"
sma_100,seasonality,stl_trend_strength_primary,0.9999998054410948,OK,,"{""formula"": ""max(0, 1 - var(R)/var(S+R)) and max(0, 1 - var(R)/var(T+R)) (Wang, Smith, Hyndman 2006)"", ""method"": ""statsmodels STL"", ""note"": ""optional diagnostic transform; not a model input"", ""period"": 6, ""robust"": false}"
ema_100,missingness,rows,12835,OK,,
ema_100,missingness,missing_count,99,OK,,"{""also"": ""NaN literals parsed by float()"", ""empty_or_token_cells"": 99, ""tokens"": ["""", ""n/a"", ""na"", ""nan"", ""none"", ""null""]}"
ema_100,missingness,missing_fraction,0.007713283989092326,OK,,
ema_100,missingness,nonnumeric_count,0,OK,,
ema_100,missingness,nonfinite_count,99,OK,,
ema_100,missingness,longest_finite_run,12736,OK,,
ema_100,missingness,constant_flag,False,OK,,
ema_100,missingness,unique_count,12735,OK,,
ema_100,distribution,mean,19954.591315467966,OK,,
ema_100,distribution,std,16029.21723180562,OK,,
ema_100,distribution,min,3479.7869,OK,,
ema_100,distribution,max,63600.69,OK,,
ema_100,distribution,median,11333.4405,OK,,
ema_100,distribution,iqr,21211.314625,OK,,
ema_100,distribution,mad,6497.871150000001,OK,,
ema_100,distribution,skewness,1.024510129646679,OK,,"{""bias"": false}"
ema_100,distribution,excess_kurtosis,-0.15495394093730663,OK,,"{""bias"": false}"
ema_100,distribution,upper_tail_ratio,2.884472974574722,OK,,"{""formula"": ""(q0.995-q0.5)/(q0.75-q0.5); Gaussian ~3.82""}"
ema_100,distribution,lower_tail_ratio,2.114437934906176,OK,,"{""formula"": ""(q0.5-q0.005)/(q0.5-q0.25); Gaussian ~3.82""}"
ema_100,distribution,robust_z_outlier_fraction_gt5,0.016331658291457288,OK,,"{""scale"": ""1.4826*MAD""}"
ema_100,distribution,zero_fraction,0.0,OK,,
ema_100,distribution,quantile_0.005,3534.882495,OK,,"{""method"": ""numpy linear""}"
ema_100,distribution,quantile_0.01,3595.15546,OK,,"{""method"": ""numpy linear""}"
ema_100,distribution,quantile_0.05,3931.9444750000002,OK,,"{""method"": ""numpy linear""}"
ema_100,distribution,quantile_0.25,7645.198875,OK,,"{""method"": ""numpy linear""}"
ema_100,distribution,quantile_0.5,11333.4405,OK,,"{""method"": ""numpy linear""}"
ema_100,distribution,quantile_0.75,28856.5135,OK,,"{""method"": ""numpy linear""}"
ema_100,distribution,quantile_0.95,54896.16775,OK,,"{""method"": ""numpy linear""}"
ema_100,distribution,quantile_0.99,60449.7918,OK,,"{""method"": ""numpy linear""}"
ema_100,distribution,quantile_0.995,61878.271,OK,,"{""method"": ""numpy linear""}"
ema_100,volatility,diff_std,40.42700910120808,OK,,"{""rule"": ""longest contiguous finite run; no imputation"", ""segment_rows"": [99, 12835]}"
ema_100,volatility,diff_abs_mean,24.549907420494698,OK,,"{""rule"": ""longest contiguous finite run; no imputation"", ""segment_rows"": [99, 12835]}"
ema_100,volatility,diff_std_over_std,0.00252208255191599,OK,,"{""rule"": ""longest contiguous finite run; no imputation"", ""segment_rows"": [99, 12835]}"
ema_100,volatility,rolling_std_cv,1.2908712651284486,OK,,"{""rule"": ""non-overlapping primary-period blocks; std of block std / mean"", ""window_rows"": 6}"
ema_100,trend,slope_per_row,2.750714004190277,OK,,"{""rule"": ""longest contiguous finite run; no imputation"", ""segment_rows"": [99, 12835]}"
ema_100,trend,slope_per_day,,UNSUPPORTED,NO_VERIFIED_REGULAR_STEP,
ema_100,trend,linear_r2,0.3980936048444078,OK,,
ema_100,acf,acf_lag_1,0.9999478413456503,OK,,"{""estimator"": ""biased, mean-centered""}"
ema_100,acf,acf_lag_2,0.9998895121340667,OK,,"{""estimator"": ""biased, mean-centered""}"
ema_100,acf,acf_lag_3,0.9998251395905657,OK,,"{""estimator"": ""biased, mean-centered""}"
ema_100,acf,acf_lag_6,0.9995970512224707,OK,,"{""estimator"": ""biased, mean-centered""}"
ema_100,acf,acf_lag_12,0.998993483173374,OK,,"{""estimator"": ""biased, mean-centered""}"
ema_100,acf,acf_lag_42,0.9936267278831933,OK,,"{""estimator"": ""biased, mean-centered""}"
ema_100,acf,decorrelation_lag_1_over_e,,NOT_RUN,ACF_ABOVE_1_OVER_E_THROUGH_LAG_64,
ema_100,spectral,peak1_period_rows,6368.0,OK,,"{""method"": ""periodogram, linear detrend, rank by power""}"
ema_100,spectral,peak1_power_fraction,0.4602167288886557,OK,,
ema_100,spectral,peak2_period_rows,12736.0,OK,,"{""method"": ""periodogram, linear detrend, rank by power""}"
ema_100,spectral,peak2_power_fraction,0.20084329451962096,OK,,
ema_100,spectral,peak3_period_rows,4245.333333333334,OK,,"{""method"": ""periodogram, linear detrend, rank by power""}"
ema_100,spectral,peak3_power_fraction,0.17445716174387121,OK,,
ema_100,spectral,peak1_period_hours,,UNSUPPORTED,NO_VERIFIED_REGULAR_STEP,
ema_100,spectral,entropy_normalized,0.19811586664913608,OK,,
ema_100,spectral,low_frequency_power_fraction,0.999984245483514,OK,,"{""basis"": ""primary period"", ""cutoff_cycles_per_row"": 0.16666666666666666}"
ema_100,spectral,centroid_cycles_per_row,0.0002880390755227331,OK,,
ema_100,stationarity,adf_c_aic_statistic,-1.5395753679011555,OK,,"{""autolag"": ""AIC"", ""lag_selection"": ""AIC over lags 0..maxlag on the common trimmed sample, as statsmodels _autolag does, without retaining every fitted model; final fit adfuller(maxlag=best, autolag=None)"", ""limitation"": ""MacKinnon approximate p-value; low power near unity; lag choice by AIC"", ""maxlag"": 41, ""n"": 12736, ""null"": ""unit root"", ""regression"": ""c"", ""test"": ""ADF""}"
ema_100,stationarity,adf_c_aic_pvalue,0.5138511124621914,OK,,"{""autolag"": ""AIC"", ""lag_selection"": ""AIC over lags 0..maxlag on the common trimmed sample, as statsmodels _autolag does, without retaining every fitted model; final fit adfuller(maxlag=best, autolag=None)"", ""limitation"": ""MacKinnon approximate p-value; low power near unity; lag choice by AIC"", ""maxlag"": 41, ""n"": 12736, ""null"": ""unit root"", ""regression"": ""c"", ""test"": ""ADF""}"
ema_100,stationarity,adf_c_aic_lags,36,OK,,"{""autolag"": ""AIC"", ""lag_selection"": ""AIC over lags 0..maxlag on the common trimmed sample, as statsmodels _autolag does, without retaining every fitted model; final fit adfuller(maxlag=best, autolag=None)"", ""limitation"": ""MacKinnon approximate p-value; low power near unity; lag choice by AIC"", ""maxlag"": 41, ""n"": 12736, ""null"": ""unit root"", ""regression"": ""c"", ""test"": ""ADF""}"
ema_100,stationarity,kpss_c_auto_statistic,9.411301822794808,OK_WITH_WARNING,,"{""limitation"": ""p-value interpolated from a table bounded to [0.01, 0.10]"", ""n"": 12736, ""nlags"": ""auto (Hobijn)"", ""null"": ""level stationarity"", ""regression"": ""c"", ""test"": ""KPSS"", ""warnings"": [""The test statistic is outside of the range of p-values available in the\nlook-up table. The actual p-value is smaller than the p-value returned.\n""]}"
ema_100,stationarity,kpss_c_auto_pvalue,0.01,OK_WITH_WARNING,P_VALUE_AT_TABLE_BOUND,"{""limitation"": ""p-value interpolated from a table bounded to [0.01, 0.10]"", ""n"": 12736, ""nlags"": ""auto (Hobijn)"", ""null"": ""level stationarity"", ""regression"": ""c"", ""test"": ""KPSS"", ""warnings"": [""The test statistic is outside of the range of p-values available in the\nlook-up table. The actual p-value is smaller than the p-value returned.\n""]}"
ema_100,stationarity,kpss_c_auto_lags,69,OK_WITH_WARNING,,"{""limitation"": ""p-value interpolated from a table bounded to [0.01, 0.10]"", ""n"": 12736, ""nlags"": ""auto (Hobijn)"", ""null"": ""level stationarity"", ""regression"": ""c"", ""test"": ""KPSS"", ""warnings"": [""The test statistic is outside of the range of p-values available in the\nlook-up table. The actual p-value is smaller than the p-value returned.\n""]}"
ema_100,stationarity,kpss_ct_auto_statistic,1.5643815333019546,OK_WITH_WARNING,,"{""limitation"": ""p-value interpolated from a table bounded to [0.01, 0.10]"", ""n"": 12736, ""nlags"": ""auto (Hobijn)"", ""null"": ""trend stationarity"", ""regression"": ""ct"", ""test"": ""KPSS"", ""warnings"": [""The test statistic is outside of the range of p-values available in the\nlook-up table. The actual p-value is smaller than the p-value returned.\n""]}"
ema_100,stationarity,kpss_ct_auto_pvalue,0.01,OK_WITH_WARNING,P_VALUE_AT_TABLE_BOUND,"{""limitation"": ""p-value interpolated from a table bounded to [0.01, 0.10]"", ""n"": 12736, ""nlags"": ""auto (Hobijn)"", ""null"": ""trend stationarity"", ""regression"": ""ct"", ""test"": ""KPSS"", ""warnings"": [""The test statistic is outside of the range of p-values available in the\nlook-up table. The actual p-value is smaller than the p-value returned.\n""]}"
ema_100,stationarity,kpss_ct_auto_lags,69,OK_WITH_WARNING,,"{""limitation"": ""p-value interpolated from a table bounded to [0.01, 0.10]"", ""n"": 12736, ""nlags"": ""auto (Hobijn)"", ""null"": ""trend stationarity"", ""regression"": ""ct"", ""test"": ""KPSS"", ""warnings"": [""The test statistic is outside of the range of p-values available in the\nlook-up table. The actual p-value is smaller than the p-value returned.\n""]}"
ema_100,stationarity,adf_kpss_joint_reading,ADF_DOES_NOT_REJECT_KPSS_REJECTS_LEVEL,OK,,"{""alpha"": 0.05, ""note"": ""descriptive, unadjusted for multiple testing; not an eligibility rule""}"
ema_100,seasonality,acf_at_daily_6,0.9995970512224709,OK,,"{""declared_period_rows"": 6}"
ema_100,seasonality,seasonal_diff_var_ratio_daily_6,0.0002204022743481128,OK,,"{""formula"": ""var(x_t - x_{t-s}) / var(x_t); 2 for white noise, <1 when season repeats""}"
ema_100,seasonality,acf_at_weekly_42,0.9936267278831933,OK,,"{""declared_period_rows"": 42}"
ema_100,seasonality,seasonal_diff_var_ratio_weekly_42,0.00882154291900006,OK,,"{""formula"": ""var(x_t - x_{t-s}) / var(x_t); 2 for white noise, <1 when season repeats""}"
ema_100,seasonality,stl_seasonal_strength_primary,0.08950802063633967,OK,,"{""formula"": ""max(0, 1 - var(R)/var(S+R)) and max(0, 1 - var(R)/var(T+R)) (Wang, Smith, Hyndman 2006)"", ""method"": ""statsmodels STL"", ""note"": ""optional diagnostic transform; not a model input"", ""period"": 6, ""robust"": false}"
ema_100,seasonality,stl_trend_strength_primary,0.9999996526723091,OK,,"{""formula"": ""max(0, 1 - var(R)/var(S+R)) and max(0, 1 - var(R)/var(T+R)) (Wang, Smith, Hyndman 2006)"", ""method"": ""statsmodels STL"", ""note"": ""optional diagnostic transform; not a model input"", ""period"": 6, ""robust"": false}"
close_sma_ratio_100,missingness,rows,12835,OK,,
close_sma_ratio_100,missingness,missing_count,99,OK,,"{""also"": ""NaN literals parsed by float()"", ""empty_or_token_cells"": 99, ""tokens"": ["""", ""n/a"", ""na"", ""nan"", ""none"", ""null""]}"
close_sma_ratio_100,missingness,missing_fraction,0.007713283989092326,OK,,
close_sma_ratio_100,missingness,nonnumeric_count,0,OK,,
close_sma_ratio_100,missingness,nonfinite_count,99,OK,,
close_sma_ratio_100,missingness,longest_finite_run,12736,OK,,
close_sma_ratio_100,missingness,constant_flag,False,OK,,
close_sma_ratio_100,missingness,unique_count,12736,OK,,
close_sma_ratio_100,distribution,mean,0.009715453885487241,OK,,
close_sma_ratio_100,distribution,std,0.09676302890453424,OK,,
close_sma_ratio_100,distribution,min,-0.43657988,OK,,
close_sma_ratio_100,distribution,max,0.62980366,OK,,
close_sma_ratio_100,distribution,median,0.00372356965,OK,,
close_sma_ratio_100,distribution,iqr,0.10334300199999999,OK,,
close_sma_ratio_100,distribution,mad,0.05159973185,OK,,
close_sma_ratio_100,distribution,skewness,0.27909568061138224,OK,,"{""bias"": false}"
close_sma_ratio_100,distribution,excess_kurtosis,1.9829330379069194,OK,,"{""bias"": false}"
close_sma_ratio_100,distribution,upper_tail_ratio,5.714487563052904,OK,,"{""formula"": ""(q0.995-q0.5)/(q0.75-q0.5); Gaussian ~3.82""}"
close_sma_ratio_100,distribution,lower_tail_ratio,6.174611232564673,OK,,"{""formula"": ""(q0.5-q0.005)/(q0.5-q0.25); Gaussian ~3.82""}"
close_sma_ratio_100,distribution,robust_z_outlier_fraction_gt5,0.0021199748743718594,OK,,"{""scale"": ""1.4826*MAD""}"
close_sma_ratio_100,distribution,zero_fraction,0.0,OK,,
close_sma_ratio_100,distribution,quantile_0.005,-0.284098901,OK,,"{""method"": ""numpy linear""}"
close_sma_ratio_100,distribution,quantile_0.01,-0.24387882549999998,OK,,"{""method"": ""numpy linear""}"
close_sma_ratio_100,distribution,quantile_0.05,-0.137590905,OK,,"{""method"": ""numpy linear""}"
close_sma_ratio_100,distribution,quantile_0.25,-0.0428902915,OK,,"{""method"": ""numpy linear""}"
close_sma_ratio_100,distribution,quantile_0.5,0.00372356965,OK,,"{""method"": ""numpy linear""}"
close_sma_ratio_100,distribution,quantile_0.75,0.0604527105,OK,,"{""method"": ""numpy linear""}"
close_sma_ratio_100,distribution,quantile_0.95,0.1762758525,OK,,"{""method"": ""numpy linear""}"
close_sma_ratio_100,distribution,quantile_0.99,0.2781192979999999,OK,,"{""method"": ""numpy linear""}"
close_sma_ratio_100,distribution,quantile_0.995,0.3279015395000014,OK,,"{""method"": ""numpy linear""}"
close_sma_ratio_100,volatility,diff_std,0.016370627391000904,OK,,"{""rule"": ""longest contiguous finite run; no imputation"", ""segment_rows"": [99, 12835]}"
close_sma_ratio_100,volatility,diff_abs_mean,0.010137369738718335,OK,,"{""rule"": ""longest contiguous finite run; no imputation"", ""segment_rows"": [99, 12835]}"
close_sma_ratio_100,volatility,diff_std_over_std,0.16918266797076037,OK,,"{""rule"": ""longest contiguous finite run; no imputation"", ""segment_rows"": [99, 12835]}"
close_sma_ratio_100,volatility,rolling_std_cv,0.8550949965209881,OK,,"{""rule"": ""non-overlapping primary-period blocks; std of block std / mean"", ""window_rows"": 6}"
close_sma_ratio_100,trend,slope_per_row,-1.096620374030813e-06,OK,,"{""rule"": ""longest contiguous finite run; no imputation"", ""segment_rows"": [99, 12835]}"
close_sma_ratio_100,trend,slope_per_day,,UNSUPPORTED,NO_VERIFIED_REGULAR_STEP,
close_sma_ratio_100,trend,linear_r2,0.0017362516250399862,OK,,
close_sma_ratio_100,acf,acf_lag_1,0.9856698205023307,OK,,"{""estimator"": ""biased, mean-centered""}"
close_sma_ratio_100,acf,acf_lag_2,0.9727987585727957,OK,,"{""estimator"": ""biased, mean-centered""}"
close_sma_ratio_100,acf,acf_lag_3,0.9596898072223069,OK,,"{""estimator"": ""biased, mean-centered""}"
close_sma_ratio_100,acf,acf_lag_6,0.9146649934940011,OK,,"{""estimator"": ""biased, mean-centered""}"
close_sma_ratio_100,acf,acf_lag_12,0.8360320210773833,OK,,"{""estimator"": ""biased, mean-centered""}"
close_sma_ratio_100,acf,acf_lag_42,0.45642839410080477,OK,,"{""estimator"": ""biased, mean-centered""}"
close_sma_ratio_100,acf,decorrelation_lag_1_over_e,50,OK,,
close_sma_ratio_100,spectral,peak1_period_rows,1819.4285714285716,OK,,"{""method"": ""periodogram, linear detrend, rank by power""}"
close_sma_ratio_100,spectral,peak1_power_fraction,0.0337511590874608,OK,,
close_sma_ratio_100,spectral,peak2_period_rows,4245.333333333334,OK,,"{""method"": ""periodogram, linear detrend, rank by power""}"
close_sma_ratio_100,spectral,peak2_power_fraction,0.03187836096613694,OK,,
close_sma_ratio_100,spectral,peak3_period_rows,1157.8181818181818,OK,,"{""method"": ""periodogram, linear detrend, rank by power""}"
close_sma_ratio_100,spectral,peak3_power_fraction,0.029238256288259587,OK,,
close_sma_ratio_100,spectral,peak1_period_hours,,UNSUPPORTED,NO_VERIFIED_REGULAR_STEP,
close_sma_ratio_100,spectral,entropy_normalized,0.5684276073384809,OK,,
close_sma_ratio_100,spectral,low_frequency_power_fraction,0.9917150358110937,OK,,"{""basis"": ""primary period"", ""cutoff_cycles_per_row"": 0.16666666666666666}"
close_sma_ratio_100,spectral,centroid_cycles_per_row,0.009048294253298027,OK,,
close_sma_ratio_100,stationarity,adf_c_aic_statistic,-10.15833956569084,OK,,"{""autolag"": ""AIC"", ""lag_selection"": ""AIC over lags 0..maxlag on the common trimmed sample, as statsmodels _autolag does, without retaining every fitted model; final fit adfuller(maxlag=best, autolag=None)"", ""limitation"": ""MacKinnon approximate p-value; low power near unity; lag choice by AIC"", ""maxlag"": 41, ""n"": 12736, ""null"": ""unit root"", ""regression"": ""c"", ""test"": ""ADF""}"
close_sma_ratio_100,stationarity,adf_c_aic_pvalue,7.624033607523517e-18,OK,,"{""autolag"": ""AIC"", ""lag_selection"": ""AIC over lags 0..maxlag on the common trimmed sample, as statsmodels _autolag does, without retaining every fitted model; final fit adfuller(maxlag=best, autolag=None)"", ""limitation"": ""MacKinnon approximate p-value; low power near unity; lag choice by AIC"", ""maxlag"": 41, ""n"": 12736, ""null"": ""unit root"", ""regression"": ""c"", ""test"": ""ADF""}"
close_sma_ratio_100,stationarity,adf_c_aic_lags,36,OK,,"{""autolag"": ""AIC"", ""lag_selection"": ""AIC over lags 0..maxlag on the common trimmed sample, as statsmodels _autolag does, without retaining every fitted model; final fit adfuller(maxlag=best, autolag=None)"", ""limitation"": ""MacKinnon approximate p-value; low power near unity; lag choice by AIC"", ""maxlag"": 41, ""n"": 12736, ""null"": ""unit root"", ""regression"": ""c"", ""test"": ""ADF""}"
close_sma_ratio_100,stationarity,kpss_c_auto_statistic,0.16452993069221283,OK_WITH_WARNING,,"{""limitation"": ""p-value interpolated from a table bounded to [0.01, 0.10]"", ""n"": 12736, ""nlags"": ""auto (Hobijn)"", ""null"": ""level stationarity"", ""regression"": ""c"", ""test"": ""KPSS"", ""warnings"": [""The test statistic is outside of the range of p-values available in the\nlook-up table. The actual p-value is greater than the p-value returned.\n""]}"
close_sma_ratio_100,stationarity,kpss_c_auto_pvalue,0.1,OK_WITH_WARNING,P_VALUE_AT_TABLE_BOUND,"{""limitation"": ""p-value interpolated from a table bounded to [0.01, 0.10]"", ""n"": 12736, ""nlags"": ""auto (Hobijn)"", ""null"": ""level stationarity"", ""regression"": ""c"", ""test"": ""KPSS"", ""warnings"": [""The test statistic is outside of the range of p-values available in the\nlook-up table. The actual p-value is greater than the p-value returned.\n""]}"
close_sma_ratio_100,stationarity,kpss_c_auto_lags,68,OK_WITH_WARNING,,"{""limitation"": ""p-value interpolated from a table bounded to [0.01, 0.10]"", ""n"": 12736, ""nlags"": ""auto (Hobijn)"", ""null"": ""level stationarity"", ""regression"": ""c"", ""test"": ""KPSS"", ""warnings"": [""The test statistic is outside of the range of p-values available in the\nlook-up table. The actual p-value is greater than the p-value returned.\n""]}"
close_sma_ratio_100,stationarity,kpss_ct_auto_statistic,0.1262798912921242,OK,,"{""limitation"": ""p-value interpolated from a table bounded to [0.01, 0.10]"", ""n"": 12736, ""nlags"": ""auto (Hobijn)"", ""null"": ""trend stationarity"", ""regression"": ""ct"", ""test"": ""KPSS""}"
close_sma_ratio_100,stationarity,kpss_ct_auto_pvalue,0.08651871982939964,OK,,"{""limitation"": ""p-value interpolated from a table bounded to [0.01, 0.10]"", ""n"": 12736, ""nlags"": ""auto (Hobijn)"", ""null"": ""trend stationarity"", ""regression"": ""ct"", ""test"": ""KPSS""}"
close_sma_ratio_100,stationarity,kpss_ct_auto_lags,68,OK,,"{""limitation"": ""p-value interpolated from a table bounded to [0.01, 0.10]"", ""n"": 12736, ""nlags"": ""auto (Hobijn)"", ""null"": ""trend stationarity"", ""regression"": ""ct"", ""test"": ""KPSS""}"
close_sma_ratio_100,stationarity,adf_kpss_joint_reading,ADF_REJECTS_UNIT_ROOT_KPSS_DOES_NOT_REJECT_LEVEL,OK,,"{""alpha"": 0.05, ""note"": ""descriptive, unadjusted for multiple testing; not an eligibility rule""}"
close_sma_ratio_100,seasonality,acf_at_daily_6,0.9146649934940013,OK,,"{""declared_period_rows"": 6}"
close_sma_ratio_100,seasonality,seasonal_diff_var_ratio_daily_6,0.17043100794732377,OK,,"{""formula"": ""var(x_t - x_{t-s}) / var(x_t); 2 for white noise, <1 when season repeats""}"
close_sma_ratio_100,seasonality,acf_at_weekly_42,0.4564283941008048,OK,,"{""declared_period_rows"": 42}"
close_sma_ratio_100,seasonality,seasonal_diff_var_ratio_weekly_42,1.0858863875255462,OK,,"{""formula"": ""var(x_t - x_{t-s}) / var(x_t); 2 for white noise, <1 when season repeats""}"
close_sma_ratio_100,seasonality,stl_seasonal_strength_primary,0.23381740052875777,OK,,"{""formula"": ""max(0, 1 - var(R)/var(S+R)) and max(0, 1 - var(R)/var(T+R)) (Wang, Smith, Hyndman 2006)"", ""method"": ""statsmodels STL"", ""note"": ""optional diagnostic transform; not a model input"", ""period"": 6, ""robust"": false}"
close_sma_ratio_100,seasonality,stl_trend_strength_primary,0.9881593683529896,OK,,"{""formula"": ""max(0, 1 - var(R)/var(S+R)) and max(0, 1 - var(R)/var(T+R)) (Wang, Smith, Hyndman 2006)"", ""method"": ""statsmodels STL"", ""note"": ""optional diagnostic transform; not a model input"", ""period"": 6, ""robust"": false}"
sma_200,missingness,rows,12835,OK,,
sma_200,missingness,missing_count,199,OK,,"{""also"": ""NaN literals parsed by float()"", ""empty_or_token_cells"": 199, ""tokens"": ["""", ""n/a"", ""na"", ""nan"", ""none"", ""null""]}"
sma_200,missingness,missing_fraction,0.015504479937670432,OK,,
sma_200,missingness,nonnumeric_count,0,OK,,
sma_200,missingness,nonfinite_count,199,OK,,
sma_200,missingness,longest_finite_run,12636,OK,,
sma_200,missingness,constant_flag,False,OK,,
sma_200,missingness,unique_count,12628,OK,,
sma_200,distribution,mean,19987.613069104144,OK,,
sma_200,distribution,std,16013.839633768064,OK,,
sma_200,distribution,min,3538.0874,OK,,
sma_200,distribution,max,62558.086,OK,,
sma_200,distribution,median,11215.5375,OK,,
sma_200,distribution,iqr,21036.067400000004,OK,,
sma_200,distribution,mad,6443.607750000001,OK,,
sma_200,distribution,skewness,1.0142662505853728,OK,,"{""bias"": false}"
sma_200,distribution,excess_kurtosis,-0.200341803857349,OK,,"{""bias"": false}"
sma_200,distribution,upper_tail_ratio,2.8760168509464688,OK,,"{""formula"": ""(q0.995-q0.5)/(q0.75-q0.5); Gaussian ~3.82""}"
sma_200,distribution,lower_tail_ratio,2.2053600513825375,OK,,"{""formula"": ""(q0.5-q0.005)/(q0.5-q0.25); Gaussian ~3.82""}"
sma_200,distribution,robust_z_outlier_fraction_gt5,0.015036403925292815,OK,,"{""scale"": ""1.4826*MAD""}"
sma_200,distribution,zero_fraction,0.0,OK,,
sma_200,distribution,quantile_0.005,3565.5737475,OK,,"{""method"": ""numpy linear""}"
sma_200,distribution,quantile_0.01,3621.154955,OK,,"{""method"": ""numpy linear""}"
sma_200,distribution,quantile_0.05,4010.3741499999996,OK,,"{""method"": ""numpy linear""}"
sma_200,distribution,quantile_0.25,7746.732599999999,OK,,"{""method"": ""numpy linear""}"
sma_200,distribution,quantile_0.5,11215.5375,OK,,"{""method"": ""numpy linear""}"
sma_200,distribution,quantile_0.75,28782.800000000003,OK,,"{""method"": ""numpy linear""}"
sma_200,distribution,quantile_0.95,53411.42175,OK,,"{""method"": ""numpy linear""}"
sma_200,distribution,quantile_0.99,60684.14674999999,OK,,"{""method"": ""numpy linear""}"
sma_200,distribution,quantile_0.995,61739.280475,OK,,"{""method"": ""numpy linear""}"
sma_200,volatility,diff_std,29.289478603836994,OK,,"{""rule"": ""longest contiguous finite run; no imputation"", ""segment_rows"": [199, 12835]}"
sma_200,volatility,diff_abs_mean,18.947372425801348,OK,,"{""rule"": ""longest contiguous finite run; no imputation"", ""segment_rows"": [199, 12835]}"
sma_200,volatility,diff_std_over_std,0.0018290103606429812,OK,,"{""rule"": ""longest contiguous finite run; no imputation"", ""segment_rows"": [199, 12835]}"
sma_200,volatility,rolling_std_cv,1.1782074898674002,OK,,"{""rule"": ""non-overlapping primary-period blocks; std of block std / mean"", ""window_rows"": 6}"
sma_200,trend,slope_per_row,2.773291554844388,OK,,"{""rule"": ""longest contiguous finite run; no imputation"", ""segment_rows"": [199, 12835]}"
sma_200,trend,slope_per_day,,UNSUPPORTED,NO_VERIFIED_REGULAR_STEP,
sma_200,trend,linear_r2,0.3990914878044475,OK,,
sma_200,acf,acf_lag_1,0.9999512357343376,OK,,"{""estimator"": ""biased, mean-centered""}"
sma_200,acf,acf_lag_2,0.9998991586930221,OK,,"{""estimator"": ""biased, mean-centered""}"
sma_200,acf,acf_lag_3,0.9998437829528539,OK,,"{""estimator"": ""biased, mean-centered""}"
sma_200,acf,acf_lag_6,0.9996580466746803,OK,,"{""estimator"": ""biased, mean-centered""}"
sma_200,acf,acf_lag_12,0.9991997714873474,OK,,"{""estimator"": ""biased, mean-centered""}"
sma_200,acf,acf_lag_42,0.995265665320834,OK,,"{""estimator"": ""biased, mean-centered""}"
sma_200,acf,decorrelation_lag_1_over_e,,NOT_RUN,ACF_ABOVE_1_OVER_E_THROUGH_LAG_64,
sma_200,spectral,peak1_period_rows,6318.0,OK,,"{""method"": ""periodogram, linear detrend, rank by power""}"
sma_200,spectral,peak1_power_fraction,0.4588857839260716,OK,,
sma_200,spectral,peak2_period_rows,12636.0,OK,,"{""method"": ""periodogram, linear detrend, rank by power""}"
sma_200,spectral,peak2_power_fraction,0.20491763371577,OK,,
sma_200,spectral,peak3_period_rows,4212.0,OK,,"{""method"": ""periodogram, linear detrend, rank by power""}"
sma_200,spectral,peak3_power_fraction,0.1761765843403986,OK,,
sma_200,spectral,peak1_period_hours,,UNSUPPORTED,NO_VERIFIED_REGULAR_STEP,
sma_200,spectral,entropy_normalized,0.19390815307336967,OK,,
sma_200,spectral,low_frequency_power_fraction,0.9999803835965547,OK,,"{""basis"": ""primary period"", ""cutoff_cycles_per_row"": 0.16666666666666666}"
sma_200,spectral,centroid_cycles_per_row,0.000271466379761175,OK,,
sma_200,stationarity,adf_c_aic_statistic,-2.085201497833972,OK,,"{""autolag"": ""AIC"", ""lag_selection"": ""AIC over lags 0..maxlag on the common trimmed sample, as statsmodels _autolag does, without retaining every fitted model; final fit adfuller(maxlag=best, autolag=None)"", ""limitation"": ""MacKinnon approximate p-value; low power near unity; lag choice by AIC"", ""maxlag"": 41, ""n"": 12636, ""null"": ""unit root"", ""regression"": ""c"", ""test"": ""ADF""}"
sma_200,stationarity,adf_c_aic_pvalue,0.2505066368802611,OK,,"{""autolag"": ""AIC"", ""lag_selection"": ""AIC over lags 0..maxlag on the common trimmed sample, as statsmodels _autolag does, without retaining every fitted model; final fit adfuller(maxlag=best, autolag=None)"", ""limitation"": ""MacKinnon approximate p-value; low power near unity; lag choice by AIC"", ""maxlag"": 41, ""n"": 12636, ""null"": ""unit root"", ""regression"": ""c"", ""test"": ""ADF""}"
sma_200,stationarity,adf_c_aic_lags,41,OK,,"{""autolag"": ""AIC"", ""lag_selection"": ""AIC over lags 0..maxlag on the common trimmed sample, as statsmodels _autolag does, without retaining every fitted model; final fit adfuller(maxlag=best, autolag=None)"", ""limitation"": ""MacKinnon approximate p-value; low power near unity; lag choice by AIC"", ""maxlag"": 41, ""n"": 12636, ""null"": ""unit root"", ""regression"": ""c"", ""test"": ""ADF""}"
sma_200,stationarity,kpss_c_auto_statistic,9.378795296041977,OK_WITH_WARNING,,"{""limitation"": ""p-value interpolated from a table bounded to [0.01, 0.10]"", ""n"": 12636, ""nlags"": ""auto (Hobijn)"", ""null"": ""level stationarity"", ""regression"": ""c"", ""test"": ""KPSS"", ""warnings"": [""The test statistic is outside of the range of p-values available in the\nlook-up table. The actual p-value is smaller than the p-value returned.\n""]}"
sma_200,stationarity,kpss_c_auto_pvalue,0.01,OK_WITH_WARNING,P_VALUE_AT_TABLE_BOUND,"{""limitation"": ""p-value interpolated from a table bounded to [0.01, 0.10]"", ""n"": 12636, ""nlags"": ""auto (Hobijn)"", ""null"": ""level stationarity"", ""regression"": ""c"", ""test"": ""KPSS"", ""warnings"": [""The test statistic is outside of the range of p-values available in the\nlook-up table. The actual p-value is smaller than the p-value returned.\n""]}"
sma_200,stationarity,kpss_c_auto_lags,69,OK_WITH_WARNING,,"{""limitation"": ""p-value interpolated from a table bounded to [0.01, 0.10]"", ""n"": 12636, ""nlags"": ""auto (Hobijn)"", ""null"": ""level stationarity"", ""regression"": ""c"", ""test"": ""KPSS"", ""warnings"": [""The test statistic is outside of the range of p-values available in the\nlook-up table. The actual p-value is smaller than the p-value returned.\n""]}"
sma_200,stationarity,kpss_ct_auto_statistic,1.5690515290870704,OK_WITH_WARNING,,"{""limitation"": ""p-value interpolated from a table bounded to [0.01, 0.10]"", ""n"": 12636, ""nlags"": ""auto (Hobijn)"", ""null"": ""trend stationarity"", ""regression"": ""ct"", ""test"": ""KPSS"", ""warnings"": [""The test statistic is outside of the range of p-values available in the\nlook-up table. The actual p-value is smaller than the p-value returned.\n""]}"
sma_200,stationarity,kpss_ct_auto_pvalue,0.01,OK_WITH_WARNING,P_VALUE_AT_TABLE_BOUND,"{""limitation"": ""p-value interpolated from a table bounded to [0.01, 0.10]"", ""n"": 12636, ""nlags"": ""auto (Hobijn)"", ""null"": ""trend stationarity"", ""regression"": ""ct"", ""test"": ""KPSS"", ""warnings"": [""The test statistic is outside of the range of p-values available in the\nlook-up table. The actual p-value is smaller than the p-value returned.\n""]}"
sma_200,stationarity,kpss_ct_auto_lags,69,OK_WITH_WARNING,,"{""limitation"": ""p-value interpolated from a table bounded to [0.01, 0.10]"", ""n"": 12636, ""nlags"": ""auto (Hobijn)"", ""null"": ""trend stationarity"", ""regression"": ""ct"", ""test"": ""KPSS"", ""warnings"": [""The test statistic is outside of the range of p-values available in the\nlook-up table. The actual p-value is smaller than the p-value returned.\n""]}"
sma_200,stationarity,adf_kpss_joint_reading,ADF_DOES_NOT_REJECT_KPSS_REJECTS_LEVEL,OK,,"{""alpha"": 0.05, ""note"": ""descriptive, unadjusted for multiple testing; not an eligibility rule""}"
sma_200,seasonality,acf_at_daily_6,0.9996580466746803,OK,,"{""declared_period_rows"": 6}"
sma_200,seasonality,seasonal_diff_var_ratio_daily_6,0.00011939240583814113,OK,,"{""formula"": ""var(x_t - x_{t-s}) / var(x_t); 2 for white noise, <1 when season repeats""}"
sma_200,seasonality,acf_at_weekly_42,0.9952656653208342,OK,,"{""declared_period_rows"": 42}"
sma_200,seasonality,seasonal_diff_var_ratio_weekly_42,0.005566063008314854,OK,,"{""formula"": ""var(x_t - x_{t-s}) / var(x_t); 2 for white noise, <1 when season repeats""}"
sma_200,seasonality,stl_seasonal_strength_primary,0.08656612288401577,OK,,"{""formula"": ""max(0, 1 - var(R)/var(S+R)) and max(0, 1 - var(R)/var(T+R)) (Wang, Smith, Hyndman 2006)"", ""method"": ""statsmodels STL"", ""note"": ""optional diagnostic transform; not a model input"", ""period"": 6, ""robust"": false}"
sma_200,seasonality,stl_trend_strength_primary,0.9999999548258833,OK,,"{""formula"": ""max(0, 1 - var(R)/var(S+R)) and max(0, 1 - var(R)/var(T+R)) (Wang, Smith, Hyndman 2006)"", ""method"": ""statsmodels STL"", ""note"": ""optional diagnostic transform; not a model input"", ""period"": 6, ""robust"": false}"
ema_200,missingness,rows,12835,OK,,
ema_200,missingness,missing_count,199,OK,,"{""also"": ""NaN literals parsed by float()"", ""empty_or_token_cells"": 199, ""tokens"": ["""", ""n/a"", ""na"", ""nan"", ""none"", ""null""]}"
ema_200,missingness,missing_fraction,0.015504479937670432,OK,,
ema_200,missingness,nonnumeric_count,0,OK,,
ema_200,missingness,nonfinite_count,199,OK,,
ema_200,missingness,longest_finite_run,12636,OK,,
ema_200,missingness,constant_flag,False,OK,,
ema_200,missingness,unique_count,12634,OK,,
ema_200,distribution,mean,19987.456846889836,OK,,
ema_200,distribution,std,15910.382094030469,OK,,
ema_200,distribution,min,3565.2502,OK,,
ema_200,distribution,max,61313.766,OK,,
ema_200,distribution,median,11135.4025,OK,,
ema_200,distribution,iqr,20658.9395,OK,,
ema_200,distribution,mad,6347.7570000000005,OK,,
ema_200,distribution,skewness,0.9881287990719747,OK,,"{""bias"": false}"
ema_200,distribution,excess_kurtosis,-0.28954483877641657,OK,,"{""bias"": false}"
ema_200,distribution,upper_tail_ratio,2.8521923780130605,OK,,"{""formula"": ""(q0.995-q0.5)/(q0.75-q0.5); Gaussian ~3.82""}"
ema_200,distribution,lower_tail_ratio,2.245882387995608,OK,,"{""formula"": ""(q0.5-q0.005)/(q0.5-q0.25); Gaussian ~3.82""}"
ema_200,distribution,robust_z_outlier_fraction_gt5,0.014482431149097816,OK,,"{""scale"": ""1.4826*MAD""}"
ema_200,distribution,zero_fraction,0.0,OK,,
ema_200,distribution,quantile_0.005,3588.5184325,OK,,"{""method"": ""numpy linear""}"
ema_200,distribution,quantile_0.01,3646.85727,OK,,"{""method"": ""numpy linear""}"
ema_200,distribution,quantile_0.05,4043.515625,OK,,"{""method"": ""numpy linear""}"
ema_200,distribution,quantile_0.25,7775.0822499999995,OK,,"{""method"": ""numpy linear""}"
ema_200,distribution,quantile_0.5,11135.4025,OK,,"{""method"": ""numpy linear""}"
ema_200,distribution,quantile_0.75,28434.02175,OK,,"{""method"": ""numpy linear""}"
ema_200,distribution,quantile_0.95,53527.5475,OK,,"{""method"": ""numpy linear""}"
ema_200,distribution,quantile_0.99,59022.228749999995,OK,,"{""method"": ""numpy linear""}"
ema_200,distribution,quantile_0.995,60474.39247500001,OK,,"{""method"": ""numpy linear""}"
ema_200,volatility,diff_std,29.56959798853292,OK,,"{""rule"": ""longest contiguous finite run; no imputation"", ""segment_rows"": [199, 12835]}"
ema_200,volatility,diff_abs_mean,18.4962991768896,OK,,"{""rule"": ""longest contiguous finite run; no imputation"", ""segment_rows"": [199, 12835]}"
ema_200,volatility,diff_std_over_std,0.0018585096079890722,OK,,"{""rule"": ""longest contiguous finite run; no imputation"", ""segment_rows"": [199, 12835]}"
ema_200,volatility,rolling_std_cv,1.240817390623123,OK,,"{""rule"": ""non-overlapping primary-period blocks; std of block std / mean"", ""window_rows"": 6}"
ema_200,trend,slope_per_row,2.772715467337119,OK,,"{""rule"": ""longest contiguous finite run; no imputation"", ""segment_rows"": [199, 12835]}"
ema_200,trend,slope_per_day,,UNSUPPORTED,NO_VERIFIED_REGULAR_STEP,
ema_200,trend,linear_r2,0.4041306113377494,OK,,
ema_200,acf,acf_lag_1,0.9999488534034057,OK,,"{""estimator"": ""biased, mean-centered""}"
ema_200,acf,acf_lag_2,0.9998943147976325,OK,,"{""estimator"": ""biased, mean-centered""}"
ema_200,acf,acf_lag_3,0.9998364116889799,OK,,"{""estimator"": ""biased, mean-centered""}"
ema_200,acf,acf_lag_6,0.9996428814418853,OK,,"{""estimator"": ""biased, mean-centered""}"
ema_200,acf,acf_lag_12,0.9991695340211455,OK,,"{""estimator"": ""biased, mean-centered""}"
ema_200,acf,acf_lag_42,0.9952521795533987,OK,,"{""estimator"": ""biased, mean-centered""}"
ema_200,acf,decorrelation_lag_1_over_e,,NOT_RUN,ACF_ABOVE_1_OVER_E_THROUGH_LAG_64,
ema_200,spectral,peak1_period_rows,6318.0,OK,,"{""method"": ""periodogram, linear detrend, rank by power""}"
ema_200,spectral,peak1_power_fraction,0.4661406776550599,OK,,
ema_200,spectral,peak2_period_rows,12636.0,OK,,"{""method"": ""periodogram, linear detrend, rank by power""}"
ema_200,spectral,peak2_power_fraction,0.20896457885512698,OK,,
ema_200,spectral,peak3_period_rows,4212.0,OK,,"{""method"": ""periodogram, linear detrend, rank by power""}"
ema_200,spectral,peak3_power_fraction,0.1775812174743308,OK,,
ema_200,spectral,peak1_period_hours,,UNSUPPORTED,NO_VERIFIED_REGULAR_STEP,
ema_200,spectral,entropy_normalized,0.18865115454540404,OK,,
ema_200,spectral,low_frequency_power_fraction,0.9999821129106197,OK,,"{""basis"": ""primary period"", ""cutoff_cycles_per_row"": 0.16666666666666666}"
ema_200,spectral,centroid_cycles_per_row,0.0002616266045748471,OK,,
ema_200,stationarity,adf_c_aic_statistic,-1.638005109381581,OK,,"{""autolag"": ""AIC"", ""lag_selection"": ""AIC over lags 0..maxlag on the common trimmed sample, as statsmodels _autolag does, without retaining every fitted model; final fit adfuller(maxlag=best, autolag=None)"", ""limitation"": ""MacKinnon approximate p-value; low power near unity; lag choice by AIC"", ""maxlag"": 41, ""n"": 12636, ""null"": ""unit root"", ""regression"": ""c"", ""test"": ""ADF""}"
ema_200,stationarity,adf_c_aic_pvalue,0.46330337028413887,OK,,"{""autolag"": ""AIC"", ""lag_selection"": ""AIC over lags 0..maxlag on the common trimmed sample, as statsmodels _autolag does, without retaining every fitted model; final fit adfuller(maxlag=best, autolag=None)"", ""limitation"": ""MacKinnon approximate p-value; low power near unity; lag choice by AIC"", ""maxlag"": 41, ""n"": 12636, ""null"": ""unit root"", ""regression"": ""c"", ""test"": ""ADF""}"
ema_200,stationarity,adf_c_aic_lags,36,OK,,"{""autolag"": ""AIC"", ""lag_selection"": ""AIC over lags 0..maxlag on the common trimmed sample, as statsmodels _autolag does, without retaining every fitted model; final fit adfuller(maxlag=best, autolag=None)"", ""limitation"": ""MacKinnon approximate p-value; low power near unity; lag choice by AIC"", ""maxlag"": 41, ""n"": 12636, ""null"": ""unit root"", ""regression"": ""c"", ""test"": ""ADF""}"
ema_200,stationarity,kpss_c_auto_statistic,9.493292579456991,OK_WITH_WARNING,,"{""limitation"": ""p-value interpolated from a table bounded to [0.01, 0.10]"", ""n"": 12636, ""nlags"": ""auto (Hobijn)"", ""null"": ""level stationarity"", ""regression"": ""c"", ""test"": ""KPSS"", ""warnings"": [""The test statistic is outside of the range of p-values available in the\nlook-up table. The actual p-value is smaller than the p-value returned.\n""]}"
ema_200,stationarity,kpss_c_auto_pvalue,0.01,OK_WITH_WARNING,P_VALUE_AT_TABLE_BOUND,"{""limitation"": ""p-value interpolated from a table bounded to [0.01, 0.10]"", ""n"": 12636, ""nlags"": ""auto (Hobijn)"", ""null"": ""level stationarity"", ""regression"": ""c"", ""test"": ""KPSS"", ""warnings"": [""The test statistic is outside of the range of p-values available in the\nlook-up table. The actual p-value is smaller than the p-value returned.\n""]}"
ema_200,stationarity,kpss_c_auto_lags,69,OK_WITH_WARNING,,"{""limitation"": ""p-value interpolated from a table bounded to [0.01, 0.10]"", ""n"": 12636, ""nlags"": ""auto (Hobijn)"", ""null"": ""level stationarity"", ""regression"": ""c"", ""test"": ""KPSS"", ""warnings"": [""The test statistic is outside of the range of p-values available in the\nlook-up table. The actual p-value is smaller than the p-value returned.\n""]}"
ema_200,stationarity,kpss_ct_auto_statistic,1.5959030356748272,OK_WITH_WARNING,,"{""limitation"": ""p-value interpolated from a table bounded to [0.01, 0.10]"", ""n"": 12636, ""nlags"": ""auto (Hobijn)"", ""null"": ""trend stationarity"", ""regression"": ""ct"", ""test"": ""KPSS"", ""warnings"": [""The test statistic is outside of the range of p-values available in the\nlook-up table. The actual p-value is smaller than the p-value returned.\n""]}"
ema_200,stationarity,kpss_ct_auto_pvalue,0.01,OK_WITH_WARNING,P_VALUE_AT_TABLE_BOUND,"{""limitation"": ""p-value interpolated from a table bounded to [0.01, 0.10]"", ""n"": 12636, ""nlags"": ""auto (Hobijn)"", ""null"": ""trend stationarity"", ""regression"": ""ct"", ""test"": ""KPSS"", ""warnings"": [""The test statistic is outside of the range of p-values available in the\nlook-up table. The actual p-value is smaller than the p-value returned.\n""]}"
ema_200,stationarity,kpss_ct_auto_lags,69,OK_WITH_WARNING,,"{""limitation"": ""p-value interpolated from a table bounded to [0.01, 0.10]"", ""n"": 12636, ""nlags"": ""auto (Hobijn)"", ""null"": ""trend stationarity"", ""regression"": ""ct"", ""test"": ""KPSS"", ""warnings"": [""The test statistic is outside of the range of p-values available in the\nlook-up table. The actual p-value is smaller than the p-value returned.\n""]}"
ema_200,stationarity,adf_kpss_joint_reading,ADF_DOES_NOT_REJECT_KPSS_REJECTS_LEVEL,OK,,"{""alpha"": 0.05, ""note"": ""descriptive, unadjusted for multiple testing; not an eligibility rule""}"
ema_200,seasonality,acf_at_daily_6,0.9996428814418856,OK,,"{""declared_period_rows"": 6}"
ema_200,seasonality,seasonal_diff_var_ratio_daily_6,0.00012213959170251894,OK,,"{""formula"": ""var(x_t - x_{t-s}) / var(x_t); 2 for white noise, <1 when season repeats""}"
ema_200,seasonality,acf_at_weekly_42,0.995252179553399,OK,,"{""declared_period_rows"": 42}"
ema_200,seasonality,seasonal_diff_var_ratio_weekly_42,0.005425391964382277,OK,,"{""formula"": ""var(x_t - x_{t-s}) / var(x_t); 2 for white noise, <1 when season repeats""}"
ema_200,seasonality,stl_seasonal_strength_primary,0.08939255909630939,OK,,"{""formula"": ""max(0, 1 - var(R)/var(S+R)) and max(0, 1 - var(R)/var(T+R)) (Wang, Smith, Hyndman 2006)"", ""method"": ""statsmodels STL"", ""note"": ""optional diagnostic transform; not a model input"", ""period"": 6, ""robust"": false}"
ema_200,seasonality,stl_trend_strength_primary,0.9999999071652869,OK,,"{""formula"": ""max(0, 1 - var(R)/var(S+R)) and max(0, 1 - var(R)/var(T+R)) (Wang, Smith, Hyndman 2006)"", ""method"": ""statsmodels STL"", ""note"": ""optional diagnostic transform; not a model input"", ""period"": 6, ""robust"": false}"
close_sma_ratio_200,missingness,rows,12835,OK,,
close_sma_ratio_200,missingness,missing_count,199,OK,,"{""also"": ""NaN literals parsed by float()"", ""empty_or_token_cells"": 199, ""tokens"": ["""", ""n/a"", ""na"", ""nan"", ""none"", ""null""]}"
close_sma_ratio_200,missingness,missing_fraction,0.015504479937670432,OK,,
close_sma_ratio_200,missingness,nonnumeric_count,0,OK,,
close_sma_ratio_200,missingness,nonfinite_count,199,OK,,
close_sma_ratio_200,missingness,longest_finite_run,12636,OK,,
close_sma_ratio_200,missingness,constant_flag,False,OK,,
close_sma_ratio_200,missingness,unique_count,12632,OK,,
close_sma_ratio_200,distribution,mean,0.020314091138956873,OK,,
close_sma_ratio_200,distribution,std,0.14486831854285545,OK,,
close_sma_ratio_200,distribution,min,-0.4977969,OK,,
close_sma_ratio_200,distribution,max,0.91322094,OK,,
close_sma_ratio_200,distribution,median,0.00381167225,OK,,
close_sma_ratio_200,distribution,iqr,0.1657851605,OK,,
close_sma_ratio_200,distribution,mad,0.08198559,OK,,
close_sma_ratio_200,distribution,skewness,0.6717942019587078,OK,,"{""bias"": false}"
close_sma_ratio_200,distribution,excess_kurtosis,2.3423642889187555,OK,,"{""bias"": false}"
close_sma_ratio_200,distribution,upper_tail_ratio,5.988533930815386,OK,,"{""formula"": ""(q0.995-q0.5)/(q0.75-q0.5); Gaussian ~3.82""}"
close_sma_ratio_200,distribution,lower_tail_ratio,5.17446699421067,OK,,"{""formula"": ""(q0.5-q0.005)/(q0.5-q0.25); Gaussian ~3.82""}"
close_sma_ratio_200,distribution,robust_z_outlier_fraction_gt5,0.003798670465337132,OK,,"{""scale"": ""1.4826*MAD""}"
close_sma_ratio_200,distribution,zero_fraction,0.0,OK,,
close_sma_ratio_200,distribution,quantile_0.005,-0.3501156595,OK,,"{""method"": ""numpy linear""}"
close_sma_ratio_200,distribution,quantile_0.01,-0.300476311,OK,,"{""method"": ""numpy linear""}"
close_sma_ratio_200,distribution,quantile_0.05,-0.20225355499999997,OK,,"{""method"": ""numpy linear""}"
close_sma_ratio_200,distribution,quantile_0.25,-0.06458712750000001,OK,,"{""method"": ""numpy linear""}"
close_sma_ratio_200,distribution,quantile_0.5,0.00381167225,OK,,"{""method"": ""numpy linear""}"
close_sma_ratio_200,distribution,quantile_0.75,0.10119803299999999,OK,,"{""method"": ""numpy linear""}"
close_sma_ratio_200,distribution,quantile_0.95,0.2583751475,OK,,"{""method"": ""numpy linear""}"
close_sma_ratio_200,distribution,quantile_0.99,0.4436503724999998,OK,,"{""method"": ""numpy linear""}"
close_sma_ratio_200,distribution,quantile_0.995,0.5870131980000027,OK,,"{""method"": ""numpy linear""}"
close_sma_ratio_200,volatility,diff_std,0.016765434357450603,OK,,"{""rule"": ""longest contiguous finite run; no imputation"", ""segment_rows"": [199, 12835]}"
close_sma_ratio_200,volatility,diff_abs_mean,0.010194094944713574,OK,,"{""rule"": ""longest contiguous finite run; no imputation"", ""segment_rows"": [199, 12835]}"
close_sma_ratio_200,volatility,diff_std_over_std,0.11572878408532776,OK,,"{""rule"": ""longest contiguous finite run; no imputation"", ""segment_rows"": [199, 12835]}"
close_sma_ratio_200,volatility,rolling_std_cv,0.8722491237605046,OK,,"{""rule"": ""non-overlapping primary-period blocks; std of block std / mean"", ""window_rows"": 6}"
close_sma_ratio_200,trend,slope_per_row,-2.8207064493975493e-06,OK,,"{""rule"": ""longest contiguous finite run; no imputation"", ""segment_rows"": [199, 12835]}"
close_sma_ratio_200,trend,slope_per_day,,UNSUPPORTED,NO_VERIFIED_REGULAR_STEP,
close_sma_ratio_200,trend,linear_r2,0.005044769189223808,OK,,
close_sma_ratio_200,acf,acf_lag_1,0.9932824854997628,OK,,"{""estimator"": ""biased, mean-centered""}"
close_sma_ratio_200,acf,acf_lag_2,0.987275262709568,OK,,"{""estimator"": ""biased, mean-centered""}"
close_sma_ratio_200,acf,acf_lag_3,0.9810673780458252,OK,,"{""estimator"": ""biased, mean-centered""}"
close_sma_ratio_200,acf,acf_lag_6,0.9598592572817533,OK,,"{""estimator"": ""biased, mean-centered""}"
close_sma_ratio_200,acf,acf_lag_12,0.9220726589355185,OK,,"{""estimator"": ""biased, mean-centered""}"
close_sma_ratio_200,acf,acf_lag_42,0.7258183902959433,OK,,"{""estimator"": ""biased, mean-centered""}"
close_sma_ratio_200,acf,decorrelation_lag_1_over_e,,NOT_RUN,ACF_ABOVE_1_OVER_E_THROUGH_LAG_64,
close_sma_ratio_200,spectral,peak1_period_rows,1805.1428571428573,OK,,"{""method"": ""periodogram, linear detrend, rank by power""}"
close_sma_ratio_200,spectral,peak1_power_fraction,0.07013607050315065,OK,,
close_sma_ratio_200,spectral,peak2_period_rows,4212.0,OK,,"{""method"": ""periodogram, linear detrend, rank by power""}"
close_sma_ratio_200,spectral,peak2_power_fraction,0.06429386433557421,OK,,
close_sma_ratio_200,spectral,peak3_period_rows,1404.0,OK,,"{""method"": ""periodogram, linear detrend, rank by power""}"
close_sma_ratio_200,spectral,peak3_power_fraction,0.04760975651982965,OK,,
close_sma_ratio_200,spectral,peak1_period_hours,,UNSUPPORTED,NO_VERIFIED_REGULAR_STEP,
close_sma_ratio_200,spectral,entropy_normalized,0.48573206332400015,OK,,
close_sma_ratio_200,spectral,low_frequency_power_fraction,0.9960795704924713,OK,,"{""basis"": ""primary period"", ""cutoff_cycles_per_row"": 0.16666666666666666}"
close_sma_ratio_200,spectral,centroid_cycles_per_row,0.004815033267215596,OK,,
close_sma_ratio_200,stationarity,adf_c_aic_statistic,-6.9772849776335475,OK,,"{""autolag"": ""AIC"", ""lag_selection"": ""AIC over lags 0..maxlag on the common trimmed sample, as statsmodels _autolag does, without retaining every fitted model; final fit adfuller(maxlag=best, autolag=None)"", ""limitation"": ""MacKinnon approximate p-value; low power near unity; lag choice by AIC"", ""maxlag"": 41, ""n"": 12636, ""null"": ""unit root"", ""regression"": ""c"", ""test"": ""ADF""}"
close_sma_ratio_200,stationarity,adf_c_aic_pvalue,8.365388794582121e-10,OK,,"{""autolag"": ""AIC"", ""lag_selection"": ""AIC over lags 0..maxlag on the common trimmed sample, as statsmodels _autolag does, without retaining every fitted model; final fit adfuller(maxlag=best, autolag=None)"", ""limitation"": ""MacKinnon approximate p-value; low power near unity; lag choice by AIC"", ""maxlag"": 41, ""n"": 12636, ""null"": ""unit root"", ""regression"": ""c"", ""test"": ""ADF""}"
close_sma_ratio_200,stationarity,adf_c_aic_lags,36,OK,,"{""autolag"": ""AIC"", ""lag_selection"": ""AIC over lags 0..maxlag on the common trimmed sample, as statsmodels _autolag does, without retaining every fitted model; final fit adfuller(maxlag=best, autolag=None)"", ""limitation"": ""MacKinnon approximate p-value; low power near unity; lag choice by AIC"", ""maxlag"": 41, ""n"": 12636, ""null"": ""unit root"", ""regression"": ""c"", ""test"": ""ADF""}"
close_sma_ratio_200,stationarity,kpss_c_auto_statistic,0.27810600659170615,OK_WITH_WARNING,,"{""limitation"": ""p-value interpolated from a table bounded to [0.01, 0.10]"", ""n"": 12636, ""nlags"": ""auto (Hobijn)"", ""null"": ""level stationarity"", ""regression"": ""c"", ""test"": ""KPSS"", ""warnings"": [""The test statistic is outside of the range of p-values available in the\nlook-up table. The actual p-value is greater than the p-value returned.\n""]}"
close_sma_ratio_200,stationarity,kpss_c_auto_pvalue,0.1,OK_WITH_WARNING,P_VALUE_AT_TABLE_BOUND,"{""limitation"": ""p-value interpolated from a table bounded to [0.01, 0.10]"", ""n"": 12636, ""nlags"": ""auto (Hobijn)"", ""null"": ""level stationarity"", ""regression"": ""c"", ""test"": ""KPSS"", ""warnings"": [""The test statistic is outside of the range of p-values available in the\nlook-up table. The actual p-value is greater than the p-value returned.\n""]}"
close_sma_ratio_200,stationarity,kpss_c_auto_lags,69,OK_WITH_WARNING,,"{""limitation"": ""p-value interpolated from a table bounded to [0.01, 0.10]"", ""n"": 12636, ""nlags"": ""auto (Hobijn)"", ""null"": ""level stationarity"", ""regression"": ""c"", ""test"": ""KPSS"", ""warnings"": [""The test statistic is outside of the range of p-values available in the\nlook-up table. The actual p-value is greater than the p-value returned.\n""]}"
close_sma_ratio_200,stationarity,kpss_ct_auto_statistic,0.19320031146511069,OK,,"{""limitation"": ""p-value interpolated from a table bounded to [0.01, 0.10]"", ""n"": 12636, ""nlags"": ""auto (Hobijn)"", ""null"": ""trend stationarity"", ""regression"": ""ct"", ""test"": ""KPSS""}"
close_sma_ratio_200,stationarity,kpss_ct_auto_pvalue,0.01854988320058349,OK,,"{""limitation"": ""p-value interpolated from a table bounded to [0.01, 0.10]"", ""n"": 12636, ""nlags"": ""auto (Hobijn)"", ""null"": ""trend stationarity"", ""regression"": ""ct"", ""test"": ""KPSS""}"
close_sma_ratio_200,stationarity,kpss_ct_auto_lags,69,OK,,"{""limitation"": ""p-value interpolated from a table bounded to [0.01, 0.10]"", ""n"": 12636, ""nlags"": ""auto (Hobijn)"", ""null"": ""trend stationarity"", ""regression"": ""ct"", ""test"": ""KPSS""}"
close_sma_ratio_200,stationarity,adf_kpss_joint_reading,ADF_REJECTS_UNIT_ROOT_KPSS_DOES_NOT_REJECT_LEVEL,OK,,"{""alpha"": 0.05, ""note"": ""descriptive, unadjusted for multiple testing; not an eligibility rule""}"
close_sma_ratio_200,seasonality,acf_at_daily_6,0.9598592572817526,OK,,"{""declared_period_rows"": 6}"
close_sma_ratio_200,seasonality,seasonal_diff_var_ratio_daily_6,0.07999176059528613,OK,,"{""formula"": ""var(x_t - x_{t-s}) / var(x_t); 2 for white noise, <1 when season repeats""}"
close_sma_ratio_200,seasonality,acf_at_weekly_42,0.7258183902959432,OK,,"{""declared_period_rows"": 42}"
close_sma_ratio_200,seasonality,seasonal_diff_var_ratio_weekly_42,0.5463163008466156,OK,,"{""formula"": ""var(x_t - x_{t-s}) / var(x_t); 2 for white noise, <1 when season repeats""}"
close_sma_ratio_200,seasonality,stl_seasonal_strength_primary,0.23454694356060546,OK,,"{""formula"": ""max(0, 1 - var(R)/var(S+R)) and max(0, 1 - var(R)/var(T+R)) (Wang, Smith, Hyndman 2006)"", ""method"": ""statsmodels STL"", ""note"": ""optional diagnostic transform; not a model input"", ""period"": 6, ""robust"": false}"
close_sma_ratio_200,seasonality,stl_trend_strength_primary,0.9944943356786107,OK,,"{""formula"": ""max(0, 1 - var(R)/var(S+R)) and max(0, 1 - var(R)/var(T+R)) (Wang, Smith, Hyndman 2006)"", ""method"": ""statsmodels STL"", ""note"": ""optional diagnostic transform; not a model input"", ""period"": 6, ""robust"": false}"
macd,missingness,rows,12835,OK,,
macd,missingness,missing_count,25,OK,,"{""also"": ""NaN literals parsed by float()"", ""empty_or_token_cells"": 25, ""tokens"": ["""", ""n/a"", ""na"", ""nan"", ""none"", ""null""]}"
macd,missingness,missing_fraction,0.0019477989871445266,OK,,
macd,missingness,nonnumeric_count,0,OK,,
macd,missingness,nonfinite_count,25,OK,,
macd,missingness,longest_finite_run,12810,OK,,
macd,missingness,constant_flag,False,OK,,
macd,missingness,unique_count,12809,OK,,
macd,distribution,mean,14.236760360782986,OK,,
macd,distribution,std,446.9440766238224,OK,,
macd,distribution,min,-2776.3545,OK,,
macd,distribution,max,2479.9683,OK,,
macd,distribution,median,6.4249196,OK,,
macd,distribution,iqr,249.36155175,OK,,
macd,distribution,mad,124.5070804,OK,,
macd,distribution,skewness,-0.21898431389716475,OK,,"{""bias"": false}"
macd,distribution,excess_kurtosis,5.661818841936203,OK,,"{""bias"": false}"
macd,distribution,upper_tail_ratio,12.065991735643442,OK,,"{""formula"": ""(q0.995-q0.5)/(q0.75-q0.5); Gaussian ~3.82""}"
macd,distribution,lower_tail_ratio,15.352073173520335,OK,,"{""formula"": ""(q0.5-q0.005)/(q0.5-q0.25); Gaussian ~3.82""}"
macd,distribution,robust_z_outlier_fraction_gt5,0.06768149882903982,OK,,"{""scale"": ""1.4826*MAD""}"
macd,distribution,zero_fraction,0.0,OK,,
macd,distribution,quantile_0.005,-1799.5975564999999,OK,,"{""method"": ""numpy linear""}"
macd,distribution,quantile_0.01,-1524.071715,OK,,"{""method"": ""numpy linear""}"
macd,distribution,quantile_0.05,-710.202552,OK,,"{""method"": ""numpy linear""}"
macd,distribution,quantile_0.25,-111.21537925,OK,,"{""method"": ""numpy linear""}"
macd,distribution,quantile_0.5,6.4249196,OK,,"{""method"": ""numpy linear""}"
macd,distribution,quantile_0.75,138.1461725,OK,,"{""method"": ""numpy linear""}"
macd,distribution,quantile_0.95,772.0127629999985,OK,,"{""method"": ""numpy linear""}"
macd,distribution,quantile_0.99,1405.8383299999998,OK,,"{""method"": ""numpy linear""}"
macd,distribution,quantile_0.995,1595.7724684999998,OK,,"{""method"": ""numpy linear""}"
macd,volatility,diff_std,51.26719423823819,OK,,"{""rule"": ""longest contiguous finite run; no imputation"", ""segment_rows"": [25, 12835]}"
macd,volatility,diff_abs_mean,28.486054652741043,OK,,"{""rule"": ""longest contiguous finite run; no imputation"", ""segment_rows"": [25, 12835]}"
macd,volatility,diff_std_over_std,0.11470606037673935,OK,,"{""rule"": ""longest contiguous finite run; no imputation"", ""segment_rows"": [25, 12835]}"
macd,volatility,rolling_std_cv,1.3460946516880818,OK,,"{""rule"": ""non-overlapping primary-period blocks; std of block std / mean"", ""window_rows"": 6}"
macd,trend,slope_per_row,-0.0013771429141804174,OK,,"{""rule"": ""longest contiguous finite run; no imputation"", ""segment_rows"": [25, 12835]}"
macd,trend,slope_per_day,,UNSUPPORTED,NO_VERIFIED_REGULAR_STEP,
macd,trend,linear_r2,0.0001298382241375906,OK,,
macd,acf,acf_lag_1,0.9934206314246664,OK,,"{""estimator"": ""biased, mean-centered""}"
macd,acf,acf_lag_2,0.9768036723818756,OK,,"{""estimator"": ""biased, mean-centered""}"
macd,acf,acf_lag_3,0.9524347123391654,OK,,"{""estimator"": ""biased, mean-centered""}"
macd,acf,acf_lag_6,0.8522416343316281,OK,,"{""estimator"": ""biased, mean-centered""}"
macd,acf,acf_lag_12,0.6324445591878948,OK,,"{""estimator"": ""biased, mean-centered""}"
macd,acf,acf_lag_42,0.09781508175064683,OK,,"{""estimator"": ""biased, mean-centered""}"
macd,acf,decorrelation_lag_1_over_e,22,OK,,
macd,spectral,peak1_period_rows,1164.5454545454545,OK,,"{""method"": ""periodogram, linear detrend, rank by power""}"
macd,spectral,peak1_power_fraction,0.02226143502171312,OK,,
macd,spectral,peak2_period_rows,237.22222222222223,OK,,"{""method"": ""periodogram, linear detrend, rank by power""}"
macd,spectral,peak2_power_fraction,0.021263603722314235,OK,,
macd,spectral,peak3_period_rows,142.33333333333334,OK,,"{""method"": ""periodogram, linear detrend, rank by power""}"
macd,spectral,peak3_power_fraction,0.01957152743613331,OK,,
macd,spectral,peak1_period_hours,,UNSUPPORTED,NO_VERIFIED_REGULAR_STEP,
macd,spectral,entropy_normalized,0.6344379175305338,OK,,
macd,spectral,low_frequency_power_fraction,0.9991125542675666,OK,,"{""basis"": ""primary period"", ""cutoff_cycles_per_row"": 0.16666666666666666}"
macd,spectral,centroid_cycles_per_row,0.011149578747697553,OK,,
macd,stationarity,adf_c_aic_statistic,-12.784674472475379,OK,,"{""autolag"": ""AIC"", ""lag_selection"": ""AIC over lags 0..maxlag on the common trimmed sample, as statsmodels _autolag does, without retaining every fitted model; final fit adfuller(maxlag=best, autolag=None)"", ""limitation"": ""MacKinnon approximate p-value; low power near unity; lag choice by AIC"", ""maxlag"": 41, ""n"": 12810, ""null"": ""unit root"", ""regression"": ""c"", ""test"": ""ADF""}"
macd,stationarity,adf_c_aic_pvalue,7.289728369048626e-24,OK,,"{""autolag"": ""AIC"", ""lag_selection"": ""AIC over lags 0..maxlag on the common trimmed sample, as statsmodels _autolag does, without retaining every fitted model; final fit adfuller(maxlag=best, autolag=None)"", ""limitation"": ""MacKinnon approximate p-value; low power near unity; lag choice by AIC"", ""maxlag"": 41, ""n"": 12810, ""null"": ""unit root"", ""regression"": ""c"", ""test"": ""ADF""}"
macd,stationarity,adf_c_aic_lags,39,OK,,"{""autolag"": ""AIC"", ""lag_selection"": ""AIC over lags 0..maxlag on the common trimmed sample, as statsmodels _autolag does, without retaining every fitted model; final fit adfuller(maxlag=best, autolag=None)"", ""limitation"": ""MacKinnon approximate p-value; low power near unity; lag choice by AIC"", ""maxlag"": 41, ""n"": 12810, ""null"": ""unit root"", ""regression"": ""c"", ""test"": ""ADF""}"
macd,stationarity,kpss_c_auto_statistic,0.10411173872441239,OK_WITH_WARNING,,"{""limitation"": ""p-value interpolated from a table bounded to [0.01, 0.10]"", ""n"": 12810, ""nlags"": ""auto (Hobijn)"", ""null"": ""level stationarity"", ""regression"": ""c"", ""test"": ""KPSS"", ""warnings"": [""The test statistic is outside of the range of p-values available in the\nlook-up table. The actual p-value is greater than the p-value returned.\n""]}"
macd,stationarity,kpss_c_auto_pvalue,0.1,OK_WITH_WARNING,P_VALUE_AT_TABLE_BOUND,"{""limitation"": ""p-value interpolated from a table bounded to [0.01, 0.10]"", ""n"": 12810, ""nlags"": ""auto (Hobijn)"", ""null"": ""level stationarity"", ""regression"": ""c"", ""test"": ""KPSS"", ""warnings"": [""The test statistic is outside of the range of p-values available in the\nlook-up table. The actual p-value is greater than the p-value returned.\n""]}"
macd,stationarity,kpss_c_auto_lags,67,OK_WITH_WARNING,,"{""limitation"": ""p-value interpolated from a table bounded to [0.01, 0.10]"", ""n"": 12810, ""nlags"": ""auto (Hobijn)"", ""null"": ""level stationarity"", ""regression"": ""c"", ""test"": ""KPSS"", ""warnings"": [""The test statistic is outside of the range of p-values available in the\nlook-up table. The actual p-value is greater than the p-value returned.\n""]}"
macd,stationarity,kpss_ct_auto_statistic,0.09735404145610166,OK_WITH_WARNING,,"{""limitation"": ""p-value interpolated from a table bounded to [0.01, 0.10]"", ""n"": 12810, ""nlags"": ""auto (Hobijn)"", ""null"": ""trend stationarity"", ""regression"": ""ct"", ""test"": ""KPSS"", ""warnings"": [""The test statistic is outside of the range of p-values available in the\nlook-up table. The actual p-value is greater than the p-value returned.\n""]}"
macd,stationarity,kpss_ct_auto_pvalue,0.1,OK_WITH_WARNING,P_VALUE_AT_TABLE_BOUND,"{""limitation"": ""p-value interpolated from a table bounded to [0.01, 0.10]"", ""n"": 12810, ""nlags"": ""auto (Hobijn)"", ""null"": ""trend stationarity"", ""regression"": ""ct"", ""test"": ""KPSS"", ""warnings"": [""The test statistic is outside of the range of p-values available in the\nlook-up table. The actual p-value is greater than the p-value returned.\n""]}"
macd,stationarity,kpss_ct_auto_lags,67,OK_WITH_WARNING,,"{""limitation"": ""p-value interpolated from a table bounded to [0.01, 0.10]"", ""n"": 12810, ""nlags"": ""auto (Hobijn)"", ""null"": ""trend stationarity"", ""regression"": ""ct"", ""test"": ""KPSS"", ""warnings"": [""The test statistic is outside of the range of p-values available in the\nlook-up table. The actual p-value is greater than the p-value returned.\n""]}"
macd,stationarity,adf_kpss_joint_reading,ADF_REJECTS_UNIT_ROOT_KPSS_DOES_NOT_REJECT_LEVEL,OK,,"{""alpha"": 0.05, ""note"": ""descriptive, unadjusted for multiple testing; not an eligibility rule""}"
macd,seasonality,acf_at_daily_6,0.852241634331628,OK,,"{""declared_period_rows"": 6}"
macd,seasonality,seasonal_diff_var_ratio_daily_6,0.29561494323487264,OK,,"{""formula"": ""var(x_t - x_{t-s}) / var(x_t); 2 for white noise, <1 when season repeats""}"
macd,seasonality,acf_at_weekly_42,0.09781508175064686,OK,,"{""declared_period_rows"": 42}"
macd,seasonality,seasonal_diff_var_ratio_weekly_42,1.8039942346916258,OK,,"{""formula"": ""var(x_t - x_{t-s}) / var(x_t); 2 for white noise, <1 when season repeats""}"
macd,seasonality,stl_seasonal_strength_primary,0.10823401400969801,OK,,"{""formula"": ""max(0, 1 - var(R)/var(S+R)) and max(0, 1 - var(R)/var(T+R)) (Wang, Smith, Hyndman 2006)"", ""method"": ""statsmodels STL"", ""note"": ""optional diagnostic transform; not a model input"", ""period"": 6, ""robust"": false}"
macd,seasonality,stl_trend_strength_primary,0.9939178822596121,OK,,"{""formula"": ""max(0, 1 - var(R)/var(S+R)) and max(0, 1 - var(R)/var(T+R)) (Wang, Smith, Hyndman 2006)"", ""method"": ""statsmodels STL"", ""note"": ""optional diagnostic transform; not a model input"", ""period"": 6, ""robust"": false}"
macd_signal,missingness,rows,12835,OK,,
macd_signal,missingness,missing_count,33,OK,,"{""also"": ""NaN literals parsed by float()"", ""empty_or_token_cells"": 33, ""tokens"": ["""", ""n/a"", ""na"", ""nan"", ""none"", ""null""]}"
macd_signal,missingness,missing_fraction,0.002571094663030775,OK,,
macd_signal,missingness,nonnumeric_count,0,OK,,
macd_signal,missingness,nonfinite_count,33,OK,,
macd_signal,missingness,longest_finite_run,12802,OK,,
macd_signal,missingness,constant_flag,False,OK,,
macd_signal,missingness,unique_count,12801,OK,,
macd_signal,distribution,mean,14.225778388225129,OK,,
macd_signal,distribution,std,422.15536067710286,OK,,
macd_signal,distribution,min,-2448.6565,OK,,
macd_signal,distribution,max,2160.899,OK,,
macd_signal,distribution,median,6.7168712500000005,OK,,
macd_signal,distribution,iqr,236.5269495,OK,,
macd_signal,distribution,mad,119.05961375,OK,,
macd_signal,distribution,skewness,-0.20565380933680644,OK,,"{""bias"": false}"
macd_signal,distribution,excess_kurtosis,5.476891377528229,OK,,"{""bias"": false}"
macd_signal,distribution,upper_tail_ratio,12.577739530770527,OK,,"{""formula"": ""(q0.995-q0.5)/(q0.75-q0.5); Gaussian ~3.82""}"
macd_signal,distribution,lower_tail_ratio,15.010355029302215,OK,,"{""formula"": ""(q0.5-q0.005)/(q0.5-q0.25); Gaussian ~3.82""}"
macd_signal,distribution,robust_z_outlier_fraction_gt5,0.06842680831120138,OK,,"{""scale"": ""1.4826*MAD""}"
macd_signal,distribution,zero_fraction,0.0,OK,,
macd_signal,distribution,quantile_0.005,-1696.302746,OK,,"{""method"": ""numpy linear""}"
macd_signal,distribution,quantile_0.01,-1448.853836,OK,,"{""method"": ""numpy linear""}"
macd_signal,distribution,quantile_0.05,-660.86773,OK,,"{""method"": ""numpy linear""}"
macd_signal,distribution,quantile_0.25,-106.739447,OK,,"{""method"": ""numpy linear""}"
macd_signal,distribution,quantile_0.5,6.7168712500000005,OK,,"{""method"": ""numpy linear""}"
macd_signal,distribution,quantile_0.75,129.78750250000002,OK,,"{""method"": ""numpy linear""}"
macd_signal,distribution,quantile_0.95,755.9148049999997,OK,,"{""method"": ""numpy linear""}"
macd_signal,distribution,quantile_0.99,1324.407170999999,OK,,"{""method"": ""numpy linear""}"
macd_signal,distribution,quantile_0.995,1554.6672150000077,OK,,"{""method"": ""numpy linear""}"
macd_signal,volatility,diff_std,32.91190023451813,OK,,"{""rule"": ""longest contiguous finite run; no imputation"", ""segment_rows"": [33, 12835]}"
macd_signal,volatility,diff_abs_mean,19.051422373975925,OK,,"{""rule"": ""longest contiguous finite run; no imputation"", ""segment_rows"": [33, 12835]}"
macd_signal,volatility,diff_std_over_std,0.07796158310468951,OK,,"{""rule"": ""longest contiguous finite run; no imputation"", ""segment_rows"": [33, 12835]}"
macd_signal,volatility,rolling_std_cv,1.346611584653903,OK,,"{""rule"": ""non-overlapping primary-period blocks; std of block std / mean"", ""window_rows"": 6}"
macd_signal,trend,slope_per_row,-0.0014089351963032539,OK,,"{""rule"": ""longest contiguous finite run; no imputation"", ""segment_rows"": [33, 12835]}"
macd_signal,trend,slope_per_day,,UNSUPPORTED,NO_VERIFIED_REGULAR_STEP,
macd_signal,trend,linear_r2,0.0001521408162399318,OK,,
macd_signal,acf,acf_lag_1,0.9969564375202193,OK,,"{""estimator"": ""biased, mean-centered""}"
macd_signal,acf,acf_lag_2,0.9880512829632122,OK,,"{""estimator"": ""biased, mean-centered""}"
macd_signal,acf,acf_lag_3,0.9737715755371266,OK,,"{""estimator"": ""biased, mean-centered""}"
macd_signal,acf,acf_lag_6,0.9055655313139227,OK,,"{""estimator"": ""biased, mean-centered""}"
macd_signal,acf,acf_lag_12,0.7157579800214401,OK,,"{""estimator"": ""biased, mean-centered""}"
macd_signal,acf,acf_lag_42,0.12475050508328163,OK,,"{""estimator"": ""biased, mean-centered""}"
macd_signal,acf,decorrelation_lag_1_over_e,26,OK,,
macd_signal,spectral,peak1_period_rows,1163.818181818182,OK,,"{""method"": ""periodogram, linear detrend, rank by power""}"
macd_signal,spectral,peak1_power_fraction,0.024914400743567457,OK,,
macd_signal,spectral,peak2_period_rows,237.0740740740741,OK,,"{""method"": ""periodogram, linear detrend, rank by power""}"
macd_signal,spectral,peak2_power_fraction,0.023335009018789463,OK,,
macd_signal,spectral,peak3_period_rows,142.24444444444447,OK,,"{""method"": ""periodogram, linear detrend, rank by power""}"
macd_signal,spectral,peak3_power_fraction,0.02203767990232398,OK,,
macd_signal,spectral,peak1_period_hours,,UNSUPPORTED,NO_VERIFIED_REGULAR_STEP,
macd_signal,spectral,entropy_normalized,0.607336213805429,OK,,
macd_signal,spectral,low_frequency_power_fraction,0.9999664768877916,OK,,"{""basis"": ""primary period"", ""cutoff_cycles_per_row"": 0.16666666666666666}"
macd_signal,spectral,centroid_cycles_per_row,0.008603530104078843,OK,,
macd_signal,stationarity,adf_c_aic_statistic,-11.569649973585213,OK,,"{""autolag"": ""AIC"", ""lag_selection"": ""AIC over lags 0..maxlag on the common trimmed sample, as statsmodels _autolag does, without retaining every fitted model; final fit adfuller(maxlag=best, autolag=None)"", ""limitation"": ""MacKinnon approximate p-value; low power near unity; lag choice by AIC"", ""maxlag"": 41, ""n"": 12802, ""null"": ""unit root"", ""regression"": ""c"", ""test"": ""ADF""}"
macd_signal,stationarity,adf_c_aic_pvalue,3.124589907416512e-21,OK,,"{""autolag"": ""AIC"", ""lag_selection"": ""AIC over lags 0..maxlag on the common trimmed sample, as statsmodels _autolag does, without retaining every fitted model; final fit adfuller(maxlag=best, autolag=None)"", ""limitation"": ""MacKinnon approximate p-value; low power near unity; lag choice by AIC"", ""maxlag"": 41, ""n"": 12802, ""null"": ""unit root"", ""regression"": ""c"", ""test"": ""ADF""}"
macd_signal,stationarity,adf_c_aic_lags,39,OK,,"{""autolag"": ""AIC"", ""lag_selection"": ""AIC over lags 0..maxlag on the common trimmed sample, as statsmodels _autolag does, without retaining every fitted model; final fit adfuller(maxlag=best, autolag=None)"", ""limitation"": ""MacKinnon approximate p-value; low power near unity; lag choice by AIC"", ""maxlag"": 41, ""n"": 12802, ""null"": ""unit root"", ""regression"": ""c"", ""test"": ""ADF""}"
macd_signal,stationarity,kpss_c_auto_statistic,0.10557214144230254,OK_WITH_WARNING,,"{""limitation"": ""p-value interpolated from a table bounded to [0.01, 0.10]"", ""n"": 12802, ""nlags"": ""auto (Hobijn)"", ""null"": ""level stationarity"", ""regression"": ""c"", ""test"": ""KPSS"", ""warnings"": [""The test statistic is outside of the range of p-values available in the\nlook-up table. The actual p-value is greater than the p-value returned.\n""]}"
macd_signal,stationarity,kpss_c_auto_pvalue,0.1,OK_WITH_WARNING,P_VALUE_AT_TABLE_BOUND,"{""limitation"": ""p-value interpolated from a table bounded to [0.01, 0.10]"", ""n"": 12802, ""nlags"": ""auto (Hobijn)"", ""null"": ""level stationarity"", ""regression"": ""c"", ""test"": ""KPSS"", ""warnings"": [""The test statistic is outside of the range of p-values available in the\nlook-up table. The actual p-value is greater than the p-value returned.\n""]}"
macd_signal,stationarity,kpss_c_auto_lags,68,OK_WITH_WARNING,,"{""limitation"": ""p-value interpolated from a table bounded to [0.01, 0.10]"", ""n"": 12802, ""nlags"": ""auto (Hobijn)"", ""null"": ""level stationarity"", ""regression"": ""c"", ""test"": ""KPSS"", ""warnings"": [""The test statistic is outside of the range of p-values available in the\nlook-up table. The actual p-value is greater than the p-value returned.\n""]}"
macd_signal,stationarity,kpss_ct_auto_statistic,0.09850808239368482,OK_WITH_WARNING,,"{""limitation"": ""p-value interpolated from a table bounded to [0.01, 0.10]"", ""n"": 12802, ""nlags"": ""auto (Hobijn)"", ""null"": ""trend stationarity"", ""regression"": ""ct"", ""test"": ""KPSS"", ""warnings"": [""The test statistic is outside of the range of p-values available in the\nlook-up table. The actual p-value is greater than the p-value returned.\n""]}"
macd_signal,stationarity,kpss_ct_auto_pvalue,0.1,OK_WITH_WARNING,P_VALUE_AT_TABLE_BOUND,"{""limitation"": ""p-value interpolated from a table bounded to [0.01, 0.10]"", ""n"": 12802, ""nlags"": ""auto (Hobijn)"", ""null"": ""trend stationarity"", ""regression"": ""ct"", ""test"": ""KPSS"", ""warnings"": [""The test statistic is outside of the range of p-values available in the\nlook-up table. The actual p-value is greater than the p-value returned.\n""]}"
macd_signal,stationarity,kpss_ct_auto_lags,68,OK_WITH_WARNING,,"{""limitation"": ""p-value interpolated from a table bounded to [0.01, 0.10]"", ""n"": 12802, ""nlags"": ""auto (Hobijn)"", ""null"": ""trend stationarity"", ""regression"": ""ct"", ""test"": ""KPSS"", ""warnings"": [""The test statistic is outside of the range of p-values available in the\nlook-up table. The actual p-value is greater than the p-value returned.\n""]}"
macd_signal,stationarity,adf_kpss_joint_reading,ADF_REJECTS_UNIT_ROOT_KPSS_DOES_NOT_REJECT_LEVEL,OK,,"{""alpha"": 0.05, ""note"": ""descriptive, unadjusted for multiple testing; not an eligibility rule""}"
macd_signal,seasonality,acf_at_daily_6,0.9055655313139225,OK,,"{""declared_period_rows"": 6}"
macd_signal,seasonality,seasonal_diff_var_ratio_daily_6,0.18886413962110815,OK,,"{""formula"": ""var(x_t - x_{t-s}) / var(x_t); 2 for white noise, <1 when season repeats""}"
macd_signal,seasonality,acf_at_weekly_42,0.12475050508328157,OK,,"{""declared_period_rows"": 42}"
macd_signal,seasonality,seasonal_diff_var_ratio_weekly_42,1.7488518535066566,OK,,"{""formula"": ""var(x_t - x_{t-s}) / var(x_t); 2 for white noise, <1 when season repeats""}"
macd_signal,seasonality,stl_seasonal_strength_primary,0.03860370271073954,OK,,"{""formula"": ""max(0, 1 - var(R)/var(S+R)) and max(0, 1 - var(R)/var(T+R)) (Wang, Smith, Hyndman 2006)"", ""method"": ""statsmodels STL"", ""note"": ""optional diagnostic transform; not a model input"", ""period"": 6, ""robust"": false}"
macd_signal,seasonality,stl_trend_strength_primary,0.9983726294267039,OK,,"{""formula"": ""max(0, 1 - var(R)/var(S+R)) and max(0, 1 - var(R)/var(T+R)) (Wang, Smith, Hyndman 2006)"", ""method"": ""statsmodels STL"", ""note"": ""optional diagnostic transform; not a model input"", ""period"": 6, ""robust"": false}"
macd_hist,missingness,rows,12835,OK,,
macd_hist,missingness,missing_count,33,OK,,"{""also"": ""NaN literals parsed by float()"", ""empty_or_token_cells"": 33, ""tokens"": ["""", ""n/a"", ""na"", ""nan"", ""none"", ""null""]}"
macd_hist,missingness,missing_fraction,0.002571094663030775,OK,,
macd_hist,missingness,nonnumeric_count,0,OK,,
macd_hist,missingness,nonfinite_count,33,OK,,
macd_hist,missingness,longest_finite_run,12802,OK,,
macd_hist,missingness,constant_flag,False,OK,,
macd_hist,missingness,unique_count,12802,OK,,
macd_hist,distribution,mean,0.06426720363636113,OK,,
macd_hist,distribution,std,131.64247279805613,OK,,
macd_hist,distribution,min,-1293.9155,OK,,
macd_hist,distribution,max,817.0417,OK,,
macd_hist,distribution,median,0.348079275,OK,,
macd_hist,distribution,iqr,72.03889825,OK,,
macd_hist,distribution,mad,36.0167815,OK,,
macd_hist,distribution,skewness,-0.6264047664269394,OK,,"{""bias"": false}"
macd_hist,distribution,excess_kurtosis,10.344124808598844,OK,,"{""bias"": false}"
macd_hist,distribution,upper_tail_ratio,13.527023515591257,OK,,"{""formula"": ""(q0.995-q0.5)/(q0.75-q0.5); Gaussian ~3.82""}"
macd_hist,distribution,lower_tail_ratio,14.826594296265483,OK,,"{""formula"": ""(q0.5-q0.005)/(q0.5-q0.25); Gaussian ~3.82""}"
macd_hist,distribution,robust_z_outlier_fraction_gt5,0.06186533354163412,OK,,"{""scale"": ""1.4826*MAD""}"
macd_hist,distribution,zero_fraction,0.0,OK,,
macd_hist,distribution,quantile_0.005,-533.8998907,OK,,"{""method"": ""numpy linear""}"
macd_hist,distribution,quantile_0.01,-408.6389825,OK,,"{""method"": ""numpy linear""}"
macd_hist,distribution,quantile_0.05,-193.58700199999996,OK,,"{""method"": ""numpy linear""}"
macd_hist,distribution,quantile_0.25,-35.68500825,OK,,"{""method"": ""numpy linear""}"
macd_hist,distribution,quantile_0.5,0.348079275,OK,,"{""method"": ""numpy linear""}"
macd_hist,distribution,quantile_0.75,36.35389,OK,,"{""method"": ""numpy linear""}"
macd_hist,distribution,quantile_0.95,209.11536199999978,OK,,"{""method"": ""numpy linear""}"
macd_hist,distribution,quantile_0.99,415.3406129999998,OK,,"{""method"": ""numpy linear""}"
macd_hist,distribution,quantile_0.995,487.39952765000277,OK,,"{""method"": ""numpy linear""}"
macd_hist,volatility,diff_std,35.17484022398387,OK,,"{""rule"": ""longest contiguous finite run; no imputation"", ""segment_rows"": [33, 12835]}"
macd_hist,volatility,diff_abs_mean,19.339013620004845,OK,,"{""rule"": ""longest contiguous finite run; no imputation"", ""segment_rows"": [33, 12835]}"
macd_hist,volatility,diff_std_over_std,0.26719978344635953,OK,,"{""rule"": ""longest contiguous finite run; no imputation"", ""segment_rows"": [33, 12835]}"
macd_hist,volatility,rolling_std_cv,1.2737661711026025,OK,,"{""rule"": ""non-overlapping primary-period blocks; std of block std / mean"", ""window_rows"": 6}"
macd_hist,trend,slope_per_row,4.220923998863135e-06,OK,,"{""rule"": ""longest contiguous finite run; no imputation"", ""segment_rows"": [33, 12835]}"
macd_hist,trend,slope_per_day,,UNSUPPORTED,NO_VERIFIED_REGULAR_STEP,
macd_hist,trend,linear_r2,1.4042075835440926e-08,OK,,
macd_hist,acf,acf_lag_1,0.9642869074361251,OK,,"{""estimator"": ""biased, mean-centered""}"
macd_hist,acf,acf_lag_2,0.8841824923696318,OK,,"{""estimator"": ""biased, mean-centered""}"
macd_hist,acf,acf_lag_3,0.776772585330663,OK,,"{""estimator"": ""biased, mean-centered""}"
macd_hist,acf,acf_lag_6,0.41333029250467135,OK,,"{""estimator"": ""biased, mean-centered""}"
macd_hist,acf,acf_lag_12,-0.05338077835291188,OK,,"{""estimator"": ""biased, mean-centered""}"
macd_hist,acf,acf_lag_42,-0.12478682272243731,OK,,"{""estimator"": ""biased, mean-centered""}"
macd_hist,acf,decorrelation_lag_1_over_e,7,OK,,
macd_hist,spectral,peak1_period_rows,68.09574468085107,OK,,"{""method"": ""periodogram, linear detrend, rank by power""}"
macd_hist,spectral,peak1_power_fraction,0.010637028625180478,OK,,
macd_hist,spectral,peak2_period_rows,55.660869565217396,OK,,"{""method"": ""periodogram, linear detrend, rank by power""}"
macd_hist,spectral,peak2_power_fraction,0.009924094858487683,OK,,
macd_hist,spectral,peak3_period_rows,79.51552795031056,OK,,"{""method"": ""periodogram, linear detrend, rank by power""}"
macd_hist,spectral,peak3_power_fraction,0.009042340817862732,OK,,
macd_hist,spectral,peak1_period_hours,,UNSUPPORTED,NO_VERIFIED_REGULAR_STEP,
macd_hist,spectral,entropy_normalized,0.7356431357784317,OK,,
macd_hist,spectral,low_frequency_power_fraction,0.992050731208184,OK,,"{""basis"": ""primary period"", ""cutoff_cycles_per_row"": 0.16666666666666666}"
macd_hist,spectral,centroid_cycles_per_row,0.03212636935323457,OK,,
macd_hist,stationarity,adf_c_aic_statistic,-22.290754810496733,OK,,"{""autolag"": ""AIC"", ""lag_selection"": ""AIC over lags 0..maxlag on the common trimmed sample, as statsmodels _autolag does, without retaining every fitted model; final fit adfuller(maxlag=best, autolag=None)"", ""limitation"": ""MacKinnon approximate p-value; low power near unity; lag choice by AIC"", ""maxlag"": 41, ""n"": 12802, ""null"": ""unit root"", ""regression"": ""c"", ""test"": ""ADF""}"
macd_hist,stationarity,adf_c_aic_pvalue,0.0,OK,,"{""autolag"": ""AIC"", ""lag_selection"": ""AIC over lags 0..maxlag on the common trimmed sample, as statsmodels _autolag does, without retaining every fitted model; final fit adfuller(maxlag=best, autolag=None)"", ""limitation"": ""MacKinnon approximate p-value; low power near unity; lag choice by AIC"", ""maxlag"": 41, ""n"": 12802, ""null"": ""unit root"", ""regression"": ""c"", ""test"": ""ADF""}"
macd_hist,stationarity,adf_c_aic_lags,41,OK,,"{""autolag"": ""AIC"", ""lag_selection"": ""AIC over lags 0..maxlag on the common trimmed sample, as statsmodels _autolag does, without retaining every fitted model; final fit adfuller(maxlag=best, autolag=None)"", ""limitation"": ""MacKinnon approximate p-value; low power near unity; lag choice by AIC"", ""maxlag"": 41, ""n"": 12802, ""null"": ""unit root"", ""regression"": ""c"", ""test"": ""ADF""}"
macd_hist,stationarity,kpss_c_auto_statistic,0.00246082445327341,OK_WITH_WARNING,,"{""limitation"": ""p-value interpolated from a table bounded to [0.01, 0.10]"", ""n"": 12802, ""nlags"": ""auto (Hobijn)"", ""null"": ""level stationarity"", ""regression"": ""c"", ""test"": ""KPSS"", ""warnings"": [""The test statistic is outside of the range of p-values available in the\nlook-up table. The actual p-value is greater than the p-value returned.\n""]}"
macd_hist,stationarity,kpss_c_auto_pvalue,0.1,OK_WITH_WARNING,P_VALUE_AT_TABLE_BOUND,"{""limitation"": ""p-value interpolated from a table bounded to [0.01, 0.10]"", ""n"": 12802, ""nlags"": ""auto (Hobijn)"", ""null"": ""level stationarity"", ""regression"": ""c"", ""test"": ""KPSS"", ""warnings"": [""The test statistic is outside of the range of p-values available in the\nlook-up table. The actual p-value is greater than the p-value returned.\n""]}"
macd_hist,stationarity,kpss_c_auto_lags,57,OK_WITH_WARNING,,"{""limitation"": ""p-value interpolated from a table bounded to [0.01, 0.10]"", ""n"": 12802, ""nlags"": ""auto (Hobijn)"", ""null"": ""level stationarity"", ""regression"": ""c"", ""test"": ""KPSS"", ""warnings"": [""The test statistic is outside of the range of p-values available in the\nlook-up table. The actual p-value is greater than the p-value returned.\n""]}"
macd_hist,stationarity,kpss_ct_auto_statistic,0.002460515204742808,OK_WITH_WARNING,,"{""limitation"": ""p-value interpolated from a table bounded to [0.01, 0.10]"", ""n"": 12802, ""nlags"": ""auto (Hobijn)"", ""null"": ""trend stationarity"", ""regression"": ""ct"", ""test"": ""KPSS"", ""warnings"": [""The test statistic is outside of the range of p-values available in the\nlook-up table. The actual p-value is greater than the p-value returned.\n""]}"
macd_hist,stationarity,kpss_ct_auto_pvalue,0.1,OK_WITH_WARNING,P_VALUE_AT_TABLE_BOUND,"{""limitation"": ""p-value interpolated from a table bounded to [0.01, 0.10]"", ""n"": 12802, ""nlags"": ""auto (Hobijn)"", ""null"": ""trend stationarity"", ""regression"": ""ct"", ""test"": ""KPSS"", ""warnings"": [""The test statistic is outside of the range of p-values available in the\nlook-up table. The actual p-value is greater than the p-value returned.\n""]}"
macd_hist,stationarity,kpss_ct_auto_lags,57,OK_WITH_WARNING,,"{""limitation"": ""p-value interpolated from a table bounded to [0.01, 0.10]"", ""n"": 12802, ""nlags"": ""auto (Hobijn)"", ""null"": ""trend stationarity"", ""regression"": ""ct"", ""test"": ""KPSS"", ""warnings"": [""The test statistic is outside of the range of p-values available in the\nlook-up table. The actual p-value is greater than the p-value returned.\n""]}"
macd_hist,stationarity,adf_kpss_joint_reading,ADF_REJECTS_UNIT_ROOT_KPSS_DOES_NOT_REJECT_LEVEL,OK,,"{""alpha"": 0.05, ""note"": ""descriptive, unadjusted for multiple testing; not an eligibility rule""}"
macd_hist,seasonality,acf_at_daily_6,0.41333029250467135,OK,,"{""declared_period_rows"": 6}"
macd_hist,seasonality,seasonal_diff_var_ratio_daily_6,1.1737271781704124,OK,,"{""formula"": ""var(x_t - x_{t-s}) / var(x_t); 2 for white noise, <1 when season repeats""}"
macd_hist,seasonality,acf_at_weekly_42,-0.12478682272243731,OK,,"{""declared_period_rows"": 42}"
macd_hist,seasonality,seasonal_diff_var_ratio_weekly_42,2.2544293047460475,OK,,"{""formula"": ""var(x_t - x_{t-s}) / var(x_t); 2 for white noise, <1 when season repeats""}"
macd_hist,seasonality,stl_seasonal_strength_primary,0.1280887759629743,OK,,"{""formula"": ""max(0, 1 - var(R)/var(S+R)) and max(0, 1 - var(R)/var(T+R)) (Wang, Smith, Hyndman 2006)"", ""method"": ""statsmodels STL"", ""note"": ""optional diagnostic transform; not a model input"", ""period"": 6, ""robust"": false}"
macd_hist,seasonality,stl_trend_strength_primary,0.9570128442840098,OK,,"{""formula"": ""max(0, 1 - var(R)/var(S+R)) and max(0, 1 - var(R)/var(T+R)) (Wang, Smith, Hyndman 2006)"", ""method"": ""statsmodels STL"", ""note"": ""optional diagnostic transform; not a model input"", ""period"": 6, ""robust"": false}"
rsi_7,missingness,rows,12835,OK,,
rsi_7,missingness,missing_count,7,OK,,"{""also"": ""NaN literals parsed by float()"", ""empty_or_token_cells"": 7, ""tokens"": ["""", ""n/a"", ""na"", ""nan"", ""none"", ""null""]}"
rsi_7,missingness,missing_fraction,0.0005453837164004675,OK,,
rsi_7,missingness,nonnumeric_count,0,OK,,
rsi_7,missingness,nonfinite_count,7,OK,,
rsi_7,missingness,longest_finite_run,12828,OK,,
rsi_7,missingness,constant_flag,False,OK,,
rsi_7,missingness,unique_count,12823,OK,,
rsi_7,distribution,mean,51.295113218366076,OK,,
rsi_7,distribution,std,17.803373236186797,OK,,
rsi_7,distribution,min,3.1595013,OK,,
rsi_7,distribution,max,98.014015,OK,,
rsi_7,distribution,median,51.4336265,OK,,
rsi_7,distribution,iqr,24.97364725,OK,,
rsi_7,distribution,mad,12.496215499999998,OK,,
rsi_7,distribution,skewness,-0.014066785673469546,OK,,"{""bias"": false}"
rsi_7,distribution,excess_kurtosis,-0.45614588242635445,OK,,"{""bias"": false}"
rsi_7,distribution,upper_tail_ratio,3.2812074102224074,OK,,"{""formula"": ""(q0.995-q0.5)/(q0.75-q0.5); Gaussian ~3.82""}"
rsi_7,distribution,lower_tail_ratio,3.34545223631456,OK,,"{""formula"": ""(q0.5-q0.005)/(q0.5-q0.25); Gaussian ~3.82""}"
rsi_7,distribution,robust_z_outlier_fraction_gt5,0.0,OK,,"{""scale"": ""1.4826*MAD""}"
rsi_7,distribution,zero_fraction,0.0,OK,,
rsi_7,distribution,quantile_0.005,9.531410695,OK,,"{""method"": ""numpy linear""}"
rsi_7,distribution,quantile_0.01,12.38427121,OK,,"{""method"": ""numpy linear""}"
rsi_7,distribution,quantile_0.05,21.497352499999998,OK,,"{""method"": ""numpy linear""}"
rsi_7,distribution,quantile_0.25,38.908499,OK,,"{""method"": ""numpy linear""}"
rsi_7,distribution,quantile_0.5,51.4336265,OK,,"{""method"": ""numpy linear""}"
rsi_7,distribution,quantile_0.75,63.88214625,OK,,"{""method"": ""numpy linear""}"
rsi_7,distribution,quantile_0.95,81.06366449999999,OK,,"{""method"": ""numpy linear""}"
rsi_7,distribution,quantile_0.99,89.78123028,OK,,"{""method"": ""numpy linear""}"
rsi_7,distribution,quantile_0.995,92.27980174999998,OK,,"{""method"": ""numpy linear""}"
rsi_7,volatility,diff_std,9.074847832862073,OK,,"{""rule"": ""longest contiguous finite run; no imputation"", ""segment_rows"": [7, 12835]}"
rsi_7,volatility,diff_abs_mean,6.645178550993998,OK,,"{""rule"": ""longest contiguous finite run; no imputation"", ""segment_rows"": [7, 12835]}"
rsi_7,volatility,diff_std_over_std,0.5097263149219784,OK,,"{""rule"": ""longest contiguous finite run; no imputation"", ""segment_rows"": [7, 12835]}"
rsi_7,volatility,rolling_std_cv,0.4883689609667186,OK,,"{""rule"": ""non-overlapping primary-period blocks; std of block std / mean"", ""window_rows"": 6}"
rsi_7,trend,slope_per_row,-0.00013849119512522175,OK,,"{""rule"": ""longest contiguous finite run; no imputation"", ""segment_rows"": [7, 12835]}"
rsi_7,trend,slope_per_day,,UNSUPPORTED,NO_VERIFIED_REGULAR_STEP,
rsi_7,trend,linear_r2,0.0008298703405035246,OK,,
rsi_7,acf,acf_lag_1,0.8699809168992225,OK,,"{""estimator"": ""biased, mean-centered""}"
rsi_7,acf,acf_lag_2,0.7606859567123522,OK,,"{""estimator"": ""biased, mean-centered""}"
rsi_7,acf,acf_lag_3,0.6658753557534792,OK,,"{""estimator"": ""biased, mean-centered""}"
rsi_7,acf,acf_lag_6,0.4158407191729121,OK,,"{""estimator"": ""biased, mean-centered""}"
rsi_7,acf,acf_lag_12,0.20034598972309456,OK,,"{""estimator"": ""biased, mean-centered""}"
rsi_7,acf,acf_lag_42,0.0193467156882972,OK,,"{""estimator"": ""biased, mean-centered""}"
rsi_7,acf,decorrelation_lag_1_over_e,7,OK,,
rsi_7,spectral,peak1_period_rows,1603.5,OK,,"{""method"": ""periodogram, linear detrend, rank by power""}"
rsi_7,spectral,peak1_power_fraction,0.010101364026014435,OK,,
rsi_7,spectral,peak2_period_rows,1832.5714285714287,OK,,"{""method"": ""periodogram, linear detrend, rank by power""}"
rsi_7,spectral,peak2_power_fraction,0.008722019522021273,OK,,
rsi_7,spectral,peak3_period_rows,72.88636363636364,OK,,"{""method"": ""periodogram, linear detrend, rank by power""}"
rsi_7,spectral,peak3_power_fraction,0.008076647970889259,OK,,
rsi_7,spectral,peak1_period_hours,,UNSUPPORTED,NO_VERIFIED_REGULAR_STEP,
rsi_7,spectral,entropy_normalized,0.7919971524963333,OK,,
rsi_7,spectral,low_frequency_power_fraction,0.9212083082274848,OK,,"{""basis"": ""primary period"", ""cutoff_cycles_per_row"": 0.16666666666666666}"
rsi_7,spectral,centroid_cycles_per_row,0.05155245369041978,OK,,
rsi_7,stationarity,adf_c_aic_statistic,-20.289289859761162,OK,,"{""autolag"": ""AIC"", ""lag_selection"": ""AIC over lags 0..maxlag on the common trimmed sample, as statsmodels _autolag does, without retaining every fitted model; final fit adfuller(maxlag=best, autolag=None)"", ""limitation"": ""MacKinnon approximate p-value; low power near unity; lag choice by AIC"", ""maxlag"": 41, ""n"": 12828, ""null"": ""unit root"", ""regression"": ""c"", ""test"": ""ADF""}"
rsi_7,stationarity,adf_c_aic_pvalue,0.0,OK,,"{""autolag"": ""AIC"", ""lag_selection"": ""AIC over lags 0..maxlag on the common trimmed sample, as statsmodels _autolag does, without retaining every fitted model; final fit adfuller(maxlag=best, autolag=None)"", ""limitation"": ""MacKinnon approximate p-value; low power near unity; lag choice by AIC"", ""maxlag"": 41, ""n"": 12828, ""null"": ""unit root"", ""regression"": ""c"", ""test"": ""ADF""}"
rsi_7,stationarity,adf_c_aic_lags,17,OK,,"{""autolag"": ""AIC"", ""lag_selection"": ""AIC over lags 0..maxlag on the common trimmed sample, as statsmodels _autolag does, without retaining every fitted model; final fit adfuller(maxlag=best, autolag=None)"", ""limitation"": ""MacKinnon approximate p-value; low power near unity; lag choice by AIC"", ""maxlag"": 41, ""n"": 12828, ""null"": ""unit root"", ""regression"": ""c"", ""test"": ""ADF""}"
rsi_7,stationarity,kpss_c_auto_statistic,0.21093108731019325,OK_WITH_WARNING,,"{""limitation"": ""p-value interpolated from a table bounded to [0.01, 0.10]"", ""n"": 12828, ""nlags"": ""auto (Hobijn)"", ""null"": ""level stationarity"", ""regression"": ""c"", ""test"": ""KPSS"", ""warnings"": [""The test statistic is outside of the range of p-values available in the\nlook-up table. The actual p-value is greater than the p-value returned.\n""]}"
rsi_7,stationarity,kpss_c_auto_pvalue,0.1,OK_WITH_WARNING,P_VALUE_AT_TABLE_BOUND,"{""limitation"": ""p-value interpolated from a table bounded to [0.01, 0.10]"", ""n"": 12828, ""nlags"": ""auto (Hobijn)"", ""null"": ""level stationarity"", ""regression"": ""c"", ""test"": ""KPSS"", ""warnings"": [""The test statistic is outside of the range of p-values available in the\nlook-up table. The actual p-value is greater than the p-value returned.\n""]}"
rsi_7,stationarity,kpss_c_auto_lags,60,OK_WITH_WARNING,,"{""limitation"": ""p-value interpolated from a table bounded to [0.01, 0.10]"", ""n"": 12828, ""nlags"": ""auto (Hobijn)"", ""null"": ""level stationarity"", ""regression"": ""c"", ""test"": ""KPSS"", ""warnings"": [""The test statistic is outside of the range of p-values available in the\nlook-up table. The actual p-value is greater than the p-value returned.\n""]}"
rsi_7,stationarity,kpss_ct_auto_statistic,0.14565004350279948,OK,,"{""limitation"": ""p-value interpolated from a table bounded to [0.01, 0.10]"", ""n"": 12828, ""nlags"": ""auto (Hobijn)"", ""null"": ""trend stationarity"", ""regression"": ""ct"", ""test"": ""KPSS""}"
rsi_7,stationarity,kpss_ct_auto_pvalue,0.05064806758740836,OK,,"{""limitation"": ""p-value interpolated from a table bounded to [0.01, 0.10]"", ""n"": 12828, ""nlags"": ""auto (Hobijn)"", ""null"": ""trend stationarity"", ""regression"": ""ct"", ""test"": ""KPSS""}"
rsi_7,stationarity,kpss_ct_auto_lags,60,OK,,"{""limitation"": ""p-value interpolated from a table bounded to [0.01, 0.10]"", ""n"": 12828, ""nlags"": ""auto (Hobijn)"", ""null"": ""trend stationarity"", ""regression"": ""ct"", ""test"": ""KPSS""}"
rsi_7,stationarity,adf_kpss_joint_reading,ADF_REJECTS_UNIT_ROOT_KPSS_DOES_NOT_REJECT_LEVEL,OK,,"{""alpha"": 0.05, ""note"": ""descriptive, unadjusted for multiple testing; not an eligibility rule""}"
rsi_7,seasonality,acf_at_daily_6,0.4158407191729121,OK,,"{""declared_period_rows"": 6}"
rsi_7,seasonality,seasonal_diff_var_ratio_daily_6,1.1683809079118312,OK,,"{""formula"": ""var(x_t - x_{t-s}) / var(x_t); 2 for white noise, <1 when season repeats""}"
rsi_7,seasonality,acf_at_weekly_42,0.019346715688297197,OK,,"{""declared_period_rows"": 42}"
rsi_7,seasonality,seasonal_diff_var_ratio_weekly_42,1.9629281461144847,OK,,"{""formula"": ""var(x_t - x_{t-s}) / var(x_t); 2 for white noise, <1 when season repeats""}"
rsi_7,seasonality,stl_seasonal_strength_primary,0.2533241398878655,OK,,"{""formula"": ""max(0, 1 - var(R)/var(S+R)) and max(0, 1 - var(R)/var(T+R)) (Wang, Smith, Hyndman 2006)"", ""method"": ""statsmodels STL"", ""note"": ""optional diagnostic transform; not a model input"", ""period"": 6, ""robust"": false}"
rsi_7,seasonality,stl_trend_strength_primary,0.8837275221499182,OK,,"{""formula"": ""max(0, 1 - var(R)/var(S+R)) and max(0, 1 - var(R)/var(T+R)) (Wang, Smith, Hyndman 2006)"", ""method"": ""statsmodels STL"", ""note"": ""optional diagnostic transform; not a model input"", ""period"": 6, ""robust"": false}"
rsi_14,missingness,rows,12835,OK,,
rsi_14,missingness,missing_count,14,OK,,"{""also"": ""NaN literals parsed by float()"", ""empty_or_token_cells"": 14, ""tokens"": ["""", ""n/a"", ""na"", ""nan"", ""none"", ""null""]}"
rsi_14,missingness,missing_fraction,0.001090767432800935,OK,,
rsi_14,missingness,nonnumeric_count,0,OK,,
rsi_14,missingness,nonfinite_count,14,OK,,
rsi_14,missingness,longest_finite_run,12821,OK,,
rsi_14,missingness,constant_flag,False,OK,,
rsi_14,missingness,unique_count,12811,OK,,
rsi_14,distribution,mean,51.231013969401765,OK,,
rsi_14,distribution,std,13.38641864105046,OK,,
rsi_14,distribution,min,7.7283382,OK,,
rsi_14,distribution,max,94.989815,OK,,
rsi_14,distribution,median,51.027176,OK,,
rsi_14,distribution,iqr,18.215995,OK,,
rsi_14,distribution,mad,9.102272,OK,,
rsi_14,distribution,skewness,0.042337122685566574,OK,,"{""bias"": false}"
rsi_14,distribution,excess_kurtosis,-0.16673591109235852,OK,,"{""bias"": false}"
rsi_14,distribution,upper_tail_ratio,3.6907065166999757,OK,,"{""formula"": ""(q0.995-q0.5)/(q0.75-q0.5); Gaussian ~3.82""}"
rsi_14,distribution,lower_tail_ratio,3.692113700918411,OK,,"{""formula"": ""(q0.5-q0.005)/(q0.5-q0.25); Gaussian ~3.82""}"
rsi_14,distribution,robust_z_outlier_fraction_gt5,0.0,OK,,"{""scale"": ""1.4826*MAD""}"
rsi_14,distribution,zero_fraction,0.0,OK,,
rsi_14,distribution,quantile_0.005,18.176007300000002,OK,,"{""method"": ""numpy linear""}"
rsi_14,distribution,quantile_0.01,21.2244602,OK,,"{""method"": ""numpy linear""}"
rsi_14,distribution,quantile_0.05,29.116789,OK,,"{""method"": ""numpy linear""}"
rsi_14,distribution,quantile_0.25,42.129517,OK,,"{""method"": ""numpy linear""}"
rsi_14,distribution,quantile_0.5,51.027176,OK,,"{""method"": ""numpy linear""}"
rsi_14,distribution,quantile_0.75,60.345512,OK,,"{""method"": ""numpy linear""}"
rsi_14,distribution,quantile_0.95,73.7008,OK,,"{""method"": ""numpy linear""}"
rsi_14,distribution,quantile_0.99,82.157912,OK,,"{""method"": ""numpy linear""}"
rsi_14,distribution,quantile_0.995,85.41841939999999,OK,,"{""method"": ""numpy linear""}"
rsi_14,volatility,diff_std,4.808518293630745,OK,,"{""rule"": ""longest contiguous finite run; no imputation"", ""segment_rows"": [14, 12835]}"
rsi_14,volatility,diff_abs_mean,3.3953730592511704,OK,,"{""rule"": ""longest contiguous finite run; no imputation"", ""segment_rows"": [14, 12835]}"
rsi_14,volatility,diff_std_over_std,0.35920871911812635,OK,,"{""rule"": ""longest contiguous finite run; no imputation"", ""segment_rows"": [14, 12835]}"
rsi_14,volatility,rolling_std_cv,0.5770453567032903,OK,,"{""rule"": ""non-overlapping primary-period blocks; std of block std / mean"", ""window_rows"": 6}"
rsi_14,trend,slope_per_row,-0.00010713517398736488,OK,,"{""rule"": ""longest contiguous finite run; no imputation"", ""segment_rows"": [14, 12835]}"
rsi_14,trend,slope_per_day,,UNSUPPORTED,NO_VERIFIED_REGULAR_STEP,
rsi_14,trend,linear_r2,0.0008774689944760494,OK,,
rsi_14,acf,acf_lag_1,0.9354765891526046,OK,,"{""estimator"": ""biased, mean-centered""}"
rsi_14,acf,acf_lag_2,0.8756228926734648,OK,,"{""estimator"": ""biased, mean-centered""}"
rsi_14,acf,acf_lag_3,0.8195231803835629,OK,,"{""estimator"": ""biased, mean-centered""}"
rsi_14,acf,acf_lag_6,0.6559654072373101,OK,,"{""estimator"": ""biased, mean-centered""}"
rsi_14,acf,acf_lag_12,0.4460574462716942,OK,,"{""estimator"": ""biased, mean-centered""}"
rsi_14,acf,acf_lag_42,0.07100957464775108,OK,,"{""estimator"": ""biased, mean-centered""}"
rsi_14,acf,decorrelation_lag_1_over_e,15,OK,,
rsi_14,spectral,peak1_period_rows,1602.625,OK,,"{""method"": ""periodogram, linear detrend, rank by power""}"
rsi_14,spectral,peak1_power_fraction,0.017113958549675977,OK,,
rsi_14,spectral,peak2_period_rows,1831.5714285714287,OK,,"{""method"": ""periodogram, linear detrend, rank by power""}"
rsi_14,spectral,peak2_power_fraction,0.014961164361629635,OK,,
rsi_14,spectral,peak3_period_rows,4273.666666666666,OK,,"{""method"": ""periodogram, linear detrend, rank by power""}"
rsi_14,spectral,peak3_power_fraction,0.013738817610859638,OK,,
rsi_14,spectral,peak1_period_hours,,UNSUPPORTED,NO_VERIFIED_REGULAR_STEP,
rsi_14,spectral,entropy_normalized,0.7201310710358927,OK,,
rsi_14,spectral,low_frequency_power_fraction,0.9621968997819595,OK,,"{""basis"": ""primary period"", ""cutoff_cycles_per_row"": 0.16666666666666666}"
rsi_14,spectral,centroid_cycles_per_row,0.029810987661122515,OK,,
rsi_14,stationarity,adf_c_aic_statistic,-13.864238938182254,OK,,"{""autolag"": ""AIC"", ""lag_selection"": ""AIC over lags 0..maxlag on the common trimmed sample, as statsmodels _autolag does, without retaining every fitted model; final fit adfuller(maxlag=best, autolag=None)"", ""limitation"": ""MacKinnon approximate p-value; low power near unity; lag choice by AIC"", ""maxlag"": 41, ""n"": 12821, ""null"": ""unit root"", ""regression"": ""c"", ""test"": ""ADF""}"
rsi_14,stationarity,adf_c_aic_pvalue,6.642779578156687e-26,OK,,"{""autolag"": ""AIC"", ""lag_selection"": ""AIC over lags 0..maxlag on the common trimmed sample, as statsmodels _autolag does, without retaining every fitted model; final fit adfuller(maxlag=best, autolag=None)"", ""limitation"": ""MacKinnon approximate p-value; low power near unity; lag choice by AIC"", ""maxlag"": 41, ""n"": 12821, ""null"": ""unit root"", ""regression"": ""c"", ""test"": ""ADF""}"
rsi_14,stationarity,adf_c_aic_lags,35,OK,,"{""autolag"": ""AIC"", ""lag_selection"": ""AIC over lags 0..maxlag on the common trimmed sample, as statsmodels _autolag does, without retaining every fitted model; final fit adfuller(maxlag=best, autolag=None)"", ""limitation"": ""MacKinnon approximate p-value; low power near unity; lag choice by AIC"", ""maxlag"": 41, ""n"": 12821, ""null"": ""unit root"", ""regression"": ""c"", ""test"": ""ADF""}"
rsi_14,stationarity,kpss_c_auto_statistic,0.17095836876032489,OK_WITH_WARNING,,"{""limitation"": ""p-value interpolated from a table bounded to [0.01, 0.10]"", ""n"": 12821, ""nlags"": ""auto (Hobijn)"", ""null"": ""level stationarity"", ""regression"": ""c"", ""test"": ""KPSS"", ""warnings"": [""The test statistic is outside of the range of p-values available in the\nlook-up table. The actual p-value is greater than the p-value returned.\n""]}"
rsi_14,stationarity,kpss_c_auto_pvalue,0.1,OK_WITH_WARNING,P_VALUE_AT_TABLE_BOUND,"{""limitation"": ""p-value interpolated from a table bounded to [0.01, 0.10]"", ""n"": 12821, ""nlags"": ""auto (Hobijn)"", ""null"": ""level stationarity"", ""regression"": ""c"", ""test"": ""KPSS"", ""warnings"": [""The test statistic is outside of the range of p-values available in the\nlook-up table. The actual p-value is greater than the p-value returned.\n""]}"
rsi_14,stationarity,kpss_c_auto_lags,65,OK_WITH_WARNING,,"{""limitation"": ""p-value interpolated from a table bounded to [0.01, 0.10]"", ""n"": 12821, ""nlags"": ""auto (Hobijn)"", ""null"": ""level stationarity"", ""regression"": ""c"", ""test"": ""KPSS"", ""warnings"": [""The test statistic is outside of the range of p-values available in the\nlook-up table. The actual p-value is greater than the p-value returned.\n""]}"
rsi_14,stationarity,kpss_ct_auto_statistic,0.13413680198056832,OK,,"{""limitation"": ""p-value interpolated from a table bounded to [0.01, 0.10]"", ""n"": 12821, ""nlags"": ""auto (Hobijn)"", ""null"": ""trend stationarity"", ""regression"": ""ct"", ""test"": ""KPSS""}"
rsi_14,stationarity,kpss_ct_auto_pvalue,0.07196888522116976,OK,,"{""limitation"": ""p-value interpolated from a table bounded to [0.01, 0.10]"", ""n"": 12821, ""nlags"": ""auto (Hobijn)"", ""null"": ""trend stationarity"", ""regression"": ""ct"", ""test"": ""KPSS""}"
rsi_14,stationarity,kpss_ct_auto_lags,65,OK,,"{""limitation"": ""p-value interpolated from a table bounded to [0.01, 0.10]"", ""n"": 12821, ""nlags"": ""auto (Hobijn)"", ""null"": ""trend stationarity"", ""regression"": ""ct"", ""test"": ""KPSS""}"
rsi_14,stationarity,adf_kpss_joint_reading,ADF_REJECTS_UNIT_ROOT_KPSS_DOES_NOT_REJECT_LEVEL,OK,,"{""alpha"": 0.05, ""note"": ""descriptive, unadjusted for multiple testing; not an eligibility rule""}"
rsi_14,seasonality,acf_at_daily_6,0.6559654072373102,OK,,"{""declared_period_rows"": 6}"
rsi_14,seasonality,seasonal_diff_var_ratio_daily_6,0.68809784391731,OK,,"{""formula"": ""var(x_t - x_{t-s}) / var(x_t); 2 for white noise, <1 when season repeats""}"
rsi_14,seasonality,acf_at_weekly_42,0.0710095746477511,OK,,"{""declared_period_rows"": 42}"
rsi_14,seasonality,seasonal_diff_var_ratio_weekly_42,1.857531254960292,OK,,"{""formula"": ""var(x_t - x_{t-s}) / var(x_t); 2 for white noise, <1 when season repeats""}"
rsi_14,seasonality,stl_seasonal_strength_primary,0.2489105511988179,OK,,"{""formula"": ""max(0, 1 - var(R)/var(S+R)) and max(0, 1 - var(R)/var(T+R)) (Wang, Smith, Hyndman 2006)"", ""method"": ""statsmodels STL"", ""note"": ""optional diagnostic transform; not a model input"", ""period"": 6, ""robust"": false}"
rsi_14,seasonality,stl_trend_strength_primary,0.943166760678766,OK,,"{""formula"": ""max(0, 1 - var(R)/var(S+R)) and max(0, 1 - var(R)/var(T+R)) (Wang, Smith, Hyndman 2006)"", ""method"": ""statsmodels STL"", ""note"": ""optional diagnostic transform; not a model input"", ""period"": 6, ""robust"": false}"
rsi_21,missingness,rows,12835,OK,,
rsi_21,missingness,missing_count,21,OK,,"{""also"": ""NaN literals parsed by float()"", ""empty_or_token_cells"": 21, ""tokens"": ["""", ""n/a"", ""na"", ""nan"", ""none"", ""null""]}"
rsi_21,missingness,missing_fraction,0.0016361511492014025,OK,,
rsi_21,missingness,nonnumeric_count,0,OK,,
rsi_21,missingness,nonfinite_count,21,OK,,
rsi_21,missingness,longest_finite_run,12814,OK,,
rsi_21,missingness,constant_flag,False,OK,,
rsi_21,missingness,unique_count,12804,OK,,
rsi_21,distribution,mean,51.18659223872328,OK,,
rsi_21,distribution,std,11.30816707021453,OK,,
rsi_21,distribution,min,11.776319,OK,,
rsi_21,distribution,max,92.05178,OK,,
rsi_21,distribution,median,50.7581025,OK,,
rsi_21,distribution,iqr,15.123314,OK,,
rsi_21,distribution,mad,7.500208500000003,OK,,
rsi_21,distribution,skewness,0.08665890280520398,OK,,"{""bias"": false}"
rsi_21,distribution,excess_kurtosis,-0.012751077432313185,OK,,"{""bias"": false}"
rsi_21,distribution,upper_tail_ratio,3.749793284146736,OK,,"{""formula"": ""(q0.995-q0.5)/(q0.75-q0.5); Gaussian ~3.82""}"
rsi_21,distribution,lower_tail_ratio,3.972768874123768,OK,,"{""formula"": ""(q0.5-q0.005)/(q0.5-q0.25); Gaussian ~3.82""}"
rsi_21,distribution,robust_z_outlier_fraction_gt5,0.0,OK,,"{""scale"": ""1.4826*MAD""}"
rsi_21,distribution,zero_fraction,0.0,OK,,
rsi_21,distribution,quantile_0.005,22.692292055,OK,,"{""method"": ""numpy linear""}"
rsi_21,distribution,quantile_0.01,25.5635632,OK,,"{""method"": ""numpy linear""}"
rsi_21,distribution,quantile_0.05,32.879145,OK,,"{""method"": ""numpy linear""}"
rsi_21,distribution,quantile_0.25,43.693556,OK,,"{""method"": ""numpy linear""}"
rsi_21,distribution,quantile_0.5,50.7581025,OK,,"{""method"": ""numpy linear""}"
rsi_21,distribution,quantile_0.75,58.81687,OK,,"{""method"": ""numpy linear""}"
rsi_21,distribution,quantile_0.95,70.0377585,OK,,"{""method"": ""numpy linear""}"
rsi_21,distribution,quantile_0.99,78.03872989999998,OK,,"{""method"": ""numpy linear""}"
rsi_21,distribution,quantile_0.995,80.97681474999999,OK,,"{""method"": ""numpy linear""}"
rsi_21,volatility,diff_std,3.3101346879879974,OK,,"{""rule"": ""longest contiguous finite run; no imputation"", ""segment_rows"": [21, 12835]}"
rsi_21,volatility,diff_abs_mean,2.289190072348396,OK,,"{""rule"": ""longest contiguous finite run; no imputation"", ""segment_rows"": [21, 12835]}"
rsi_21,volatility,diff_std_over_std,0.2927207095044449,OK,,"{""rule"": ""longest contiguous finite run; no imputation"", ""segment_rows"": [21, 12835]}"
rsi_21,volatility,rolling_std_cv,0.6271676214794066,OK,,"{""rule"": ""non-overlapping primary-period blocks; std of block std / mean"", ""window_rows"": 6}"
rsi_21,trend,slope_per_row,-9.479162402375644e-05,OK,,"{""rule"": ""longest contiguous finite run; no imputation"", ""segment_rows"": [21, 12835]}"
rsi_21,trend,slope_per_day,,UNSUPPORTED,NO_VERIFIED_REGULAR_STEP,
rsi_21,trend,linear_r2,0.0009615626361659801,OK,,
rsi_21,acf,acf_lag_1,0.9570517253818809,OK,,"{""estimator"": ""biased, mean-centered""}"
rsi_21,acf,acf_lag_2,0.9158834684174435,OK,,"{""estimator"": ""biased, mean-centered""}"
rsi_21,acf,acf_lag_3,0.8762935043398623,OK,,"{""estimator"": ""biased, mean-centered""}"
rsi_21,acf,acf_lag_6,0.7566470910215968,OK,,"{""estimator"": ""biased, mean-centered""}"
rsi_21,acf,acf_lag_12,0.5838180444082026,OK,,"{""estimator"": ""biased, mean-centered""}"
rsi_21,acf,acf_lag_42,0.1632187096107325,OK,,"{""estimator"": ""biased, mean-centered""}"
rsi_21,acf,decorrelation_lag_1_over_e,23,OK,,
rsi_21,spectral,peak1_period_rows,1601.7499999999998,OK,,"{""method"": ""periodogram, linear detrend, rank by power""}"
rsi_21,spectral,peak1_power_fraction,0.02346371120987564,OK,,
rsi_21,spectral,peak2_period_rows,4271.333333333333,OK,,"{""method"": ""periodogram, linear detrend, rank by power""}"
rsi_21,spectral,peak2_power_fraction,0.02036459222076905,OK,,
rsi_21,spectral,peak3_period_rows,1830.5714285714287,OK,,"{""method"": ""periodogram, linear detrend, rank by power""}"
rsi_21,spectral,peak3_power_fraction,0.02007636521720036,OK,,
rsi_21,spectral,peak1_period_hours,,UNSUPPORTED,NO_VERIFIED_REGULAR_STEP,
rsi_21,spectral,entropy_normalized,0.6779857922340137,OK,,
rsi_21,spectral,low_frequency_power_fraction,0.9751453784280898,OK,,"{""basis"": ""primary period"", ""cutoff_cycles_per_row"": 0.16666666666666666}"
rsi_21,spectral,centroid_cycles_per_row,0.02153069173826273,OK,,
rsi_21,stationarity,adf_c_aic_statistic,-12.187836298403635,OK,,"{""autolag"": ""AIC"", ""lag_selection"": ""AIC over lags 0..maxlag on the common trimmed sample, as statsmodels _autolag does, without retaining every fitted model; final fit adfuller(maxlag=best, autolag=None)"", ""limitation"": ""MacKinnon approximate p-value; low power near unity; lag choice by AIC"", ""maxlag"": 41, ""n"": 12814, ""null"": ""unit root"", ""regression"": ""c"", ""test"": ""ADF""}"
rsi_21,stationarity,adf_c_aic_pvalue,1.3063119825723824e-22,OK,,"{""autolag"": ""AIC"", ""lag_selection"": ""AIC over lags 0..maxlag on the common trimmed sample, as statsmodels _autolag does, without retaining every fitted model; final fit adfuller(maxlag=best, autolag=None)"", ""limitation"": ""MacKinnon approximate p-value; low power near unity; lag choice by AIC"", ""maxlag"": 41, ""n"": 12814, ""null"": ""unit root"", ""regression"": ""c"", ""test"": ""ADF""}"
rsi_21,stationarity,adf_c_aic_lags,37,OK,,"{""autolag"": ""AIC"", ""lag_selection"": ""AIC over lags 0..maxlag on the common trimmed sample, as statsmodels _autolag does, without retaining every fitted model; final fit adfuller(maxlag=best, autolag=None)"", ""limitation"": ""MacKinnon approximate p-value; low power near unity; lag choice by AIC"", ""maxlag"": 41, ""n"": 12814, ""null"": ""unit root"", ""regression"": ""c"", ""test"": ""ADF""}"
rsi_21,stationarity,kpss_c_auto_statistic,0.16764417674346796,OK_WITH_WARNING,,"{""limitation"": ""p-value interpolated from a table bounded to [0.01, 0.10]"", ""n"": 12814, ""nlags"": ""auto (Hobijn)"", ""null"": ""level stationarity"", ""regression"": ""c"", ""test"": ""KPSS"", ""warnings"": [""The test statistic is outside of the range of p-values available in the\nlook-up table. The actual p-value is greater than the p-value returned.\n""]}"
rsi_21,stationarity,kpss_c_auto_pvalue,0.1,OK_WITH_WARNING,P_VALUE_AT_TABLE_BOUND,"{""limitation"": ""p-value interpolated from a table bounded to [0.01, 0.10]"", ""n"": 12814, ""nlags"": ""auto (Hobijn)"", ""null"": ""level stationarity"", ""regression"": ""c"", ""test"": ""KPSS"", ""warnings"": [""The test statistic is outside of the range of p-values available in the\nlook-up table. The actual p-value is greater than the p-value returned.\n""]}"
rsi_21,stationarity,kpss_c_auto_lags,66,OK_WITH_WARNING,,"{""limitation"": ""p-value interpolated from a table bounded to [0.01, 0.10]"", ""n"": 12814, ""nlags"": ""auto (Hobijn)"", ""null"": ""level stationarity"", ""regression"": ""c"", ""test"": ""KPSS"", ""warnings"": [""The test statistic is outside of the range of p-values available in the\nlook-up table. The actual p-value is greater than the p-value returned.\n""]}"
rsi_21,stationarity,kpss_ct_auto_statistic,0.13727267923090003,OK,,"{""limitation"": ""p-value interpolated from a table bounded to [0.01, 0.10]"", ""n"": 12814, ""nlags"": ""auto (Hobijn)"", ""null"": ""trend stationarity"", ""regression"": ""ct"", ""test"": ""KPSS""}"
rsi_21,stationarity,kpss_ct_auto_pvalue,0.0661617051279629,OK,,"{""limitation"": ""p-value interpolated from a table bounded to [0.01, 0.10]"", ""n"": 12814, ""nlags"": ""auto (Hobijn)"", ""null"": ""trend stationarity"", ""regression"": ""ct"", ""test"": ""KPSS""}"
rsi_21,stationarity,kpss_ct_auto_lags,66,OK,,"{""limitation"": ""p-value interpolated from a table bounded to [0.01, 0.10]"", ""n"": 12814, ""nlags"": ""auto (Hobijn)"", ""null"": ""trend stationarity"", ""regression"": ""ct"", ""test"": ""KPSS""}"
rsi_21,stationarity,adf_kpss_joint_reading,ADF_REJECTS_UNIT_ROOT_KPSS_DOES_NOT_REJECT_LEVEL,OK,,"{""alpha"": 0.05, ""note"": ""descriptive, unadjusted for multiple testing; not an eligibility rule""}"
rsi_21,seasonality,acf_at_daily_6,0.7566470910215967,OK,,"{""declared_period_rows"": 6}"
rsi_21,seasonality,seasonal_diff_var_ratio_daily_6,0.4861525721841055,OK,,"{""formula"": ""var(x_t - x_{t-s}) / var(x_t); 2 for white noise, <1 when season repeats""}"
rsi_21,seasonality,acf_at_weekly_42,0.1632187096107325,OK,,"{""declared_period_rows"": 42}"
rsi_21,seasonality,seasonal_diff_var_ratio_weekly_42,1.6687263745033647,OK,,"{""formula"": ""var(x_t - x_{t-s}) / var(x_t); 2 for white noise, <1 when season repeats""}"
rsi_21,seasonality,stl_seasonal_strength_primary,0.2474127531354411,OK,,"{""formula"": ""max(0, 1 - var(R)/var(S+R)) and max(0, 1 - var(R)/var(T+R)) (Wang, Smith, Hyndman 2006)"", ""method"": ""statsmodels STL"", ""note"": ""optional diagnostic transform; not a model input"", ""period"": 6, ""robust"": false}"
rsi_21,seasonality,stl_trend_strength_primary,0.9625341992034732,OK,,"{""formula"": ""max(0, 1 - var(R)/var(S+R)) and max(0, 1 - var(R)/var(T+R)) (Wang, Smith, Hyndman 2006)"", ""method"": ""statsmodels STL"", ""note"": ""optional diagnostic transform; not a model input"", ""period"": 6, ""robust"": false}"
stoch_k,missingness,rows,12835,OK,,
stoch_k,missingness,missing_count,13,OK,,"{""also"": ""NaN literals parsed by float()"", ""empty_or_token_cells"": 13, ""tokens"": ["""", ""n/a"", ""na"", ""nan"", ""none"", ""null""]}"
stoch_k,missingness,missing_fraction,0.0010128554733151538,OK,,
stoch_k,missingness,nonnumeric_count,0,OK,,
stoch_k,missingness,nonfinite_count,13,OK,,
stoch_k,missingness,longest_finite_run,12822,OK,,
stoch_k,missingness,constant_flag,False,OK,,
stoch_k,missingness,unique_count,12801,OK,,
stoch_k,distribution,mean,53.51766149877086,OK,,
stoch_k,distribution,std,27.329172123635143,OK,,
stoch_k,distribution,min,0.0,OK,,
stoch_k,distribution,max,100.0,OK,,
stoch_k,distribution,median,54.594075000000004,OK,,
stoch_k,distribution,iqr,48.50367025,OK,,
stoch_k,distribution,mad,24.097611,OK,,
stoch_k,distribution,skewness,-0.10763326641235925,OK,,"{""bias"": false}"
stoch_k,distribution,excess_kurtosis,-1.2344310905456435,OK,,"{""bias"": false}"
stoch_k,distribution,upper_tail_ratio,1.8788821418944983,OK,,"{""formula"": ""(q0.995-q0.5)/(q0.75-q0.5); Gaussian ~3.82""}"
stoch_k,distribution,lower_tail_ratio,2.092772783023104,OK,,"{""formula"": ""(q0.5-q0.005)/(q0.5-q0.25); Gaussian ~3.82""}"
stoch_k,distribution,robust_z_outlier_fraction_gt5,0.0,OK,,"{""scale"": ""1.4826*MAD""}"
stoch_k,distribution,zero_fraction,0.00015598190609889253,OK,,
stoch_k,distribution,quantile_0.005,2.5528069715,OK,,"{""method"": ""numpy linear""}"
stoch_k,distribution,quantile_0.01,4.0370075860000005,OK,,"{""method"": ""numpy linear""}"
stoch_k,distribution,quantile_0.05,10.24542085,OK,,"{""method"": ""numpy linear""}"
stoch_k,distribution,quantile_0.25,29.72693775,OK,,"{""method"": ""numpy linear""}"
stoch_k,distribution,quantile_0.5,54.594075000000004,OK,,"{""method"": ""numpy linear""}"
stoch_k,distribution,quantile_0.75,78.230608,OK,,"{""method"": ""numpy linear""}"
stoch_k,distribution,quantile_0.95,93.3593183,OK,,"{""method"": ""numpy linear""}"
stoch_k,distribution,quantile_0.99,98.04913959999999,OK,,"{""method"": ""numpy linear""}"
stoch_k,distribution,quantile_0.995,99.00433475,OK,,"{""method"": ""numpy linear""}"
stoch_k,volatility,diff_std,15.090826519885411,OK,,"{""rule"": ""longest contiguous finite run; no imputation"", ""segment_rows"": [13, 12835]}"
stoch_k,volatility,diff_abs_mean,10.812852196905078,OK,,"{""rule"": ""longest contiguous finite run; no imputation"", ""segment_rows"": [13, 12835]}"
stoch_k,volatility,diff_std_over_std,0.5521874739423366,OK,,"{""rule"": ""longest contiguous finite run; no imputation"", ""segment_rows"": [13, 12835]}"
stoch_k,volatility,rolling_std_cv,0.5660186412108263,OK,,"{""rule"": ""non-overlapping primary-period blocks; std of block std / mean"", ""window_rows"": 6}"
stoch_k,trend,slope_per_row,-0.00041153603261223805,OK,,"{""rule"": ""longest contiguous finite run; no imputation"", ""segment_rows"": [13, 12835]}"
stoch_k,trend,slope_per_day,,UNSUPPORTED,NO_VERIFIED_REGULAR_STEP,
stoch_k,trend,linear_r2,0.003106897673575526,OK,,
stoch_k,acf,acf_lag_1,0.8474251600484091,OK,,"{""estimator"": ""biased, mean-centered""}"
stoch_k,acf,acf_lag_2,0.7297167060927097,OK,,"{""estimator"": ""biased, mean-centered""}"
stoch_k,acf,acf_lag_3,0.6267589473205822,OK,,"{""estimator"": ""biased, mean-centered""}"
stoch_k,acf,acf_lag_6,0.3579632262680638,OK,,"{""estimator"": ""biased, mean-centered""}"
stoch_k,acf,acf_lag_12,0.03566565009627751,OK,,"{""estimator"": ""biased, mean-centered""}"
stoch_k,acf,acf_lag_42,0.021666535208408253,OK,,"{""estimator"": ""biased, mean-centered""}"
stoch_k,acf,decorrelation_lag_1_over_e,6,OK,,
stoch_k,spectral,peak1_period_rows,6411.0,OK,,"{""method"": ""periodogram, linear detrend, rank by power""}"
stoch_k,spectral,peak1_power_fraction,0.010263101829263134,OK,,
stoch_k,spectral,peak2_period_rows,1831.7142857142856,OK,,"{""method"": ""periodogram, linear detrend, rank by power""}"
stoch_k,spectral,peak2_power_fraction,0.007594016998823723,OK,,
stoch_k,spectral,peak3_period_rows,4274.0,OK,,"{""method"": ""periodogram, linear detrend, rank by power""}"
stoch_k,spectral,peak3_power_fraction,0.006965646628367615,OK,,
stoch_k,spectral,peak1_period_hours,,UNSUPPORTED,NO_VERIFIED_REGULAR_STEP,
stoch_k,spectral,entropy_normalized,0.8058162340944318,OK,,
stoch_k,spectral,low_frequency_power_fraction,0.9063488629420371,OK,,"{""basis"": ""primary period"", ""cutoff_cycles_per_row"": 0.16666666666666666}"
stoch_k,spectral,centroid_cycles_per_row,0.05885015789418594,OK,,
stoch_k,stationarity,adf_c_aic_statistic,-22.074693455292564,OK,,"{""autolag"": ""AIC"", ""lag_selection"": ""AIC over lags 0..maxlag on the common trimmed sample, as statsmodels _autolag does, without retaining every fitted model; final fit adfuller(maxlag=best, autolag=None)"", ""limitation"": ""MacKinnon approximate p-value; low power near unity; lag choice by AIC"", ""maxlag"": 41, ""n"": 12822, ""null"": ""unit root"", ""regression"": ""c"", ""test"": ""ADF""}"
stoch_k,stationarity,adf_c_aic_pvalue,0.0,OK,,"{""autolag"": ""AIC"", ""lag_selection"": ""AIC over lags 0..maxlag on the common trimmed sample, as statsmodels _autolag does, without retaining every fitted model; final fit adfuller(maxlag=best, autolag=None)"", ""limitation"": ""MacKinnon approximate p-value; low power near unity; lag choice by AIC"", ""maxlag"": 41, ""n"": 12822, ""null"": ""unit root"", ""regression"": ""c"", ""test"": ""ADF""}"
stoch_k,stationarity,adf_c_aic_lags,17,OK,,"{""autolag"": ""AIC"", ""lag_selection"": ""AIC over lags 0..maxlag on the common trimmed sample, as statsmodels _autolag does, without retaining every fitted model; final fit adfuller(maxlag=best, autolag=None)"", ""limitation"": ""MacKinnon approximate p-value; low power near unity; lag choice by AIC"", ""maxlag"": 41, ""n"": 12822, ""null"": ""unit root"", ""regression"": ""c"", ""test"": ""ADF""}"
stoch_k,stationarity,kpss_c_auto_statistic,0.5878252983325026,OK,,"{""limitation"": ""p-value interpolated from a table bounded to [0.01, 0.10]"", ""n"": 12822, ""nlags"": ""auto (Hobijn)"", ""null"": ""level stationarity"", ""regression"": ""c"", ""test"": ""KPSS""}"
stoch_k,stationarity,kpss_c_auto_pvalue,0.023743154697045212,OK,,"{""limitation"": ""p-value interpolated from a table bounded to [0.01, 0.10]"", ""n"": 12822, ""nlags"": ""auto (Hobijn)"", ""null"": ""level stationarity"", ""regression"": ""c"", ""test"": ""KPSS""}"
stoch_k,stationarity,kpss_c_auto_lags,58,OK,,"{""limitation"": ""p-value interpolated from a table bounded to [0.01, 0.10]"", ""n"": 12822, ""nlags"": ""auto (Hobijn)"", ""null"": ""level stationarity"", ""regression"": ""c"", ""test"": ""KPSS""}"
stoch_k,stationarity,kpss_ct_auto_statistic,0.2621644612300897,OK_WITH_WARNING,,"{""limitation"": ""p-value interpolated from a table bounded to [0.01, 0.10]"", ""n"": 12822, ""nlags"": ""auto (Hobijn)"", ""null"": ""trend stationarity"", ""regression"": ""ct"", ""test"": ""KPSS"", ""warnings"": [""The test statistic is outside of the range of p-values available in the\nlook-up table. The actual p-value is smaller than the p-value returned.\n""]}"
stoch_k,stationarity,kpss_ct_auto_pvalue,0.01,OK_WITH_WARNING,P_VALUE_AT_TABLE_BOUND,"{""limitation"": ""p-value interpolated from a table bounded to [0.01, 0.10]"", ""n"": 12822, ""nlags"": ""auto (Hobijn)"", ""null"": ""trend stationarity"", ""regression"": ""ct"", ""test"": ""KPSS"", ""warnings"": [""The test statistic is outside of the range of p-values available in the\nlook-up table. The actual p-value is smaller than the p-value returned.\n""]}"
stoch_k,stationarity,kpss_ct_auto_lags,58,OK_WITH_WARNING,,"{""limitation"": ""p-value interpolated from a table bounded to [0.01, 0.10]"", ""n"": 12822, ""nlags"": ""auto (Hobijn)"", ""null"": ""trend stationarity"", ""regression"": ""ct"", ""test"": ""KPSS"", ""warnings"": [""The test statistic is outside of the range of p-values available in the\nlook-up table. The actual p-value is smaller than the p-value returned.\n""]}"
stoch_k,stationarity,adf_kpss_joint_reading,BOTH_REJECT_CONFLICT,OK,,"{""alpha"": 0.05, ""note"": ""descriptive, unadjusted for multiple testing; not an eligibility rule""}"
stoch_k,seasonality,acf_at_daily_6,0.35796322626806387,OK,,"{""declared_period_rows"": 6}"
stoch_k,seasonality,seasonal_diff_var_ratio_daily_6,1.2840058126105027,OK,,"{""formula"": ""var(x_t - x_{t-s}) / var(x_t); 2 for white noise, <1 when season repeats""}"
stoch_k,seasonality,acf_at_weekly_42,0.021666535208408232,OK,,"{""declared_period_rows"": 42}"
stoch_k,seasonality,seasonal_diff_var_ratio_weekly_42,1.958479178535295,OK,,"{""formula"": ""var(x_t - x_{t-s}) / var(x_t); 2 for white noise, <1 when season repeats""}"
stoch_k,seasonality,stl_seasonal_strength_primary,0.27122764751809003,OK,,"{""formula"": ""max(0, 1 - var(R)/var(S+R)) and max(0, 1 - var(R)/var(T+R)) (Wang, Smith, Hyndman 2006)"", ""method"": ""statsmodels STL"", ""note"": ""optional diagnostic transform; not a model input"", ""period"": 6, ""robust"": false}"
stoch_k,seasonality,stl_trend_strength_primary,0.8692346190163788,OK,,"{""formula"": ""max(0, 1 - var(R)/var(S+R)) and max(0, 1 - var(R)/var(T+R)) (Wang, Smith, Hyndman 2006)"", ""method"": ""statsmodels STL"", ""note"": ""optional diagnostic transform; not a model input"", ""period"": 6, ""robust"": false}"
stoch_d,missingness,rows,12835,OK,,
stoch_d,missingness,missing_count,15,OK,,"{""also"": ""NaN literals parsed by float()"", ""empty_or_token_cells"": 15, ""tokens"": ["""", ""n/a"", ""na"", ""nan"", ""none"", ""null""]}"
stoch_d,missingness,missing_fraction,0.001168679392286716,OK,,
stoch_d,missingness,nonnumeric_count,0,OK,,
stoch_d,missingness,nonfinite_count,15,OK,,
stoch_d,missingness,longest_finite_run,12820,OK,,
stoch_d,missingness,constant_flag,False,OK,,
stoch_d,missingness,unique_count,12813,OK,,
stoch_d,distribution,mean,53.523077923049925,OK,,
stoch_d,distribution,std,25.522039468983284,OK,,
stoch_d,distribution,min,3.5786045,OK,,
stoch_d,distribution,max,98.64186,OK,,
stoch_d,distribution,median,54.4373075,OK,,
stoch_d,distribution,iqr,46.072093,OK,,
stoch_d,distribution,mad,22.835960500000002,OK,,
stoch_d,distribution,skewness,-0.09760127219765936,OK,,"{""bias"": false}"
stoch_d,distribution,excess_kurtosis,-1.269376618200387,OK,,"{""bias"": false}"
stoch_d,distribution,upper_tail_ratio,1.8252160388759564,OK,,"{""formula"": ""(q0.995-q0.5)/(q0.75-q0.5); Gaussian ~3.82""}"
stoch_d,distribution,lower_tail_ratio,1.9951466786550613,OK,,"{""formula"": ""(q0.5-q0.005)/(q0.5-q0.25); Gaussian ~3.82""}"
stoch_d,distribution,robust_z_outlier_fraction_gt5,0.0,OK,,"{""scale"": ""1.4826*MAD""}"
stoch_d,distribution,zero_fraction,0.0,OK,,
stoch_d,distribution,quantile_0.005,7.213069965,OK,,"{""method"": ""numpy linear""}"
stoch_d,distribution,quantile_0.01,8.49427243,OK,,"{""method"": ""numpy linear""}"
stoch_d,distribution,quantile_0.05,13.388255449999999,OK,,"{""method"": ""numpy linear""}"
stoch_d,distribution,quantile_0.25,30.767750749999998,OK,,"{""method"": ""numpy linear""}"
stoch_d,distribution,quantile_0.5,54.4373075,OK,,"{""method"": ""numpy linear""}"
stoch_d,distribution,quantile_0.75,76.83984375,OK,,"{""method"": ""numpy linear""}"
stoch_d,distribution,quantile_0.95,90.44737975,OK,,"{""method"": ""numpy linear""}"
stoch_d,distribution,quantile_0.99,94.39347147999999,OK,,"{""method"": ""numpy linear""}"
stoch_d,distribution,quantile_0.995,95.32677597500002,OK,,"{""method"": ""numpy linear""}"
stoch_d,volatility,diff_std,7.86882745147155,OK,,"{""rule"": ""longest contiguous finite run; no imputation"", ""segment_rows"": [15, 12835]}"
stoch_d,volatility,diff_abs_mean,5.873915766378032,OK,,"{""rule"": ""longest contiguous finite run; no imputation"", ""segment_rows"": [15, 12835]}"
stoch_d,volatility,diff_std_over_std,0.3083149942242848,OK,,"{""rule"": ""longest contiguous finite run; no imputation"", ""segment_rows"": [15, 12835]}"
stoch_d,volatility,rolling_std_cv,0.6565669032484823,OK,,"{""rule"": ""non-overlapping primary-period blocks; std of block std / mean"", ""window_rows"": 6}"
stoch_d,trend,slope_per_row,-0.000411809404643282,OK,,"{""rule"": ""longest contiguous finite run; no imputation"", ""segment_rows"": [15, 12835]}"
stoch_d,trend,slope_per_day,,UNSUPPORTED,NO_VERIFIED_REGULAR_STEP,
stoch_d,trend,linear_r2,0.0035660748002708242,OK,,
stoch_d,acf,acf_lag_1,0.9523847761319768,OK,,"{""estimator"": ""biased, mean-centered""}"
stoch_d,acf,acf_lag_2,0.8497961836207194,OK,,"{""estimator"": ""biased, mean-centered""}"
stoch_d,acf,acf_lag_3,0.7255648831757615,OK,,"{""estimator"": ""biased, mean-centered""}"
stoch_d,acf,acf_lag_6,0.42269171364748404,OK,,"{""estimator"": ""biased, mean-centered""}"
stoch_d,acf,acf_lag_12,0.047830227115842346,OK,,"{""estimator"": ""biased, mean-centered""}"
stoch_d,acf,acf_lag_42,0.02590203201645384,OK,,"{""estimator"": ""biased, mean-centered""}"
stoch_d,acf,decorrelation_lag_1_over_e,7,OK,,
stoch_d,spectral,peak1_period_rows,6410.0,OK,,"{""method"": ""periodogram, linear detrend, rank by power""}"
stoch_d,spectral,peak1_power_fraction,0.011823852019039053,OK,,
stoch_d,spectral,peak2_period_rows,1831.4285714285713,OK,,"{""method"": ""periodogram, linear detrend, rank by power""}"
stoch_d,spectral,peak2_power_fraction,0.008766550331799542,OK,,
stoch_d,spectral,peak3_period_rows,4273.333333333334,OK,,"{""method"": ""periodogram, linear detrend, rank by power""}"
stoch_d,spectral,peak3_power_fraction,0.008037951137562992,OK,,
stoch_d,spectral,peak1_period_hours,,UNSUPPORTED,NO_VERIFIED_REGULAR_STEP,
stoch_d,spectral,entropy_normalized,0.7576813241019144,OK,,
stoch_d,spectral,low_frequency_power_fraction,0.9844207533231917,OK,,"{""basis"": ""primary period"", ""cutoff_cycles_per_row"": 0.16666666666666666}"
stoch_d,spectral,centroid_cycles_per_row,0.03440193117503944,OK,,
stoch_d,stationarity,adf_c_aic_statistic,-15.272167625532061,OK,,"{""autolag"": ""AIC"", ""lag_selection"": ""AIC over lags 0..maxlag on the common trimmed sample, as statsmodels _autolag does, without retaining every fitted model; final fit adfuller(maxlag=best, autolag=None)"", ""limitation"": ""MacKinnon approximate p-value; low power near unity; lag choice by AIC"", ""maxlag"": 41, ""n"": 12820, ""null"": ""unit root"", ""regression"": ""c"", ""test"": ""ADF""}"
stoch_d,stationarity,adf_c_aic_pvalue,4.700726516394463e-28,OK,,"{""autolag"": ""AIC"", ""lag_selection"": ""AIC over lags 0..maxlag on the common trimmed sample, as statsmodels _autolag does, without retaining every fitted model; final fit adfuller(maxlag=best, autolag=None)"", ""limitation"": ""MacKinnon approximate p-value; low power near unity; lag choice by AIC"", ""maxlag"": 41, ""n"": 12820, ""null"": ""unit root"", ""regression"": ""c"", ""test"": ""ADF""}"
stoch_d,stationarity,adf_c_aic_lags,41,OK,,"{""autolag"": ""AIC"", ""lag_selection"": ""AIC over lags 0..maxlag on the common trimmed sample, as statsmodels _autolag does, without retaining every fitted model; final fit adfuller(maxlag=best, autolag=None)"", ""limitation"": ""MacKinnon approximate p-value; low power near unity; lag choice by AIC"", ""maxlag"": 41, ""n"": 12820, ""null"": ""unit root"", ""regression"": ""c"", ""test"": ""ADF""}"
stoch_d,stationarity,kpss_c_auto_statistic,0.587123188190709,OK,,"{""limitation"": ""p-value interpolated from a table bounded to [0.01, 0.10]"", ""n"": 12820, ""nlags"": ""auto (Hobijn)"", ""null"": ""level stationarity"", ""regression"": ""c"", ""test"": ""KPSS""}"
stoch_d,stationarity,kpss_c_auto_pvalue,0.023806982891753727,OK,,"{""limitation"": ""p-value interpolated from a table bounded to [0.01, 0.10]"", ""n"": 12820, ""nlags"": ""auto (Hobijn)"", ""null"": ""level stationarity"", ""regression"": ""c"", ""test"": ""KPSS""}"
stoch_d,stationarity,kpss_c_auto_lags,59,OK,,"{""limitation"": ""p-value interpolated from a table bounded to [0.01, 0.10]"", ""n"": 12820, ""nlags"": ""auto (Hobijn)"", ""null"": ""level stationarity"", ""regression"": ""c"", ""test"": ""KPSS""}"
stoch_d,stationarity,kpss_ct_auto_statistic,0.26247276122520596,OK_WITH_WARNING,,"{""limitation"": ""p-value interpolated from a table bounded to [0.01, 0.10]"", ""n"": 12820, ""nlags"": ""auto (Hobijn)"", ""null"": ""trend stationarity"", ""regression"": ""ct"", ""test"": ""KPSS"", ""warnings"": [""The test statistic is outside of the range of p-values available in the\nlook-up table. The actual p-value is smaller than the p-value returned.\n""]}"
stoch_d,stationarity,kpss_ct_auto_pvalue,0.01,OK_WITH_WARNING,P_VALUE_AT_TABLE_BOUND,"{""limitation"": ""p-value interpolated from a table bounded to [0.01, 0.10]"", ""n"": 12820, ""nlags"": ""auto (Hobijn)"", ""null"": ""trend stationarity"", ""regression"": ""ct"", ""test"": ""KPSS"", ""warnings"": [""The test statistic is outside of the range of p-values available in the\nlook-up table. The actual p-value is smaller than the p-value returned.\n""]}"
stoch_d,stationarity,kpss_ct_auto_lags,58,OK_WITH_WARNING,,"{""limitation"": ""p-value interpolated from a table bounded to [0.01, 0.10]"", ""n"": 12820, ""nlags"": ""auto (Hobijn)"", ""null"": ""trend stationarity"", ""regression"": ""ct"", ""test"": ""KPSS"", ""warnings"": [""The test statistic is outside of the range of p-values available in the\nlook-up table. The actual p-value is smaller than the p-value returned.\n""]}"
stoch_d,stationarity,adf_kpss_joint_reading,BOTH_REJECT_CONFLICT,OK,,"{""alpha"": 0.05, ""note"": ""descriptive, unadjusted for multiple testing; not an eligibility rule""}"
stoch_d,seasonality,acf_at_daily_6,0.422691713647484,OK,,"{""declared_period_rows"": 6}"
stoch_d,seasonality,seasonal_diff_var_ratio_daily_6,1.1548011261014768,OK,,"{""formula"": ""var(x_t - x_{t-s}) / var(x_t); 2 for white noise, <1 when season repeats""}"
stoch_d,seasonality,acf_at_weekly_42,0.025902032016453812,OK,,"{""declared_period_rows"": 42}"
stoch_d,seasonality,seasonal_diff_var_ratio_weekly_42,1.950032900255667,OK,,"{""formula"": ""var(x_t - x_{t-s}) / var(x_t); 2 for white noise, <1 when season repeats""}"
stoch_d,seasonality,stl_seasonal_strength_primary,0.19367381618570112,OK,,"{""formula"": ""max(0, 1 - var(R)/var(S+R)) and max(0, 1 - var(R)/var(T+R)) (Wang, Smith, Hyndman 2006)"", ""method"": ""statsmodels STL"", ""note"": ""optional diagnostic transform; not a model input"", ""period"": 6, ""robust"": false}"
stoch_d,seasonality,stl_trend_strength_primary,0.9356378144112985,OK,,"{""formula"": ""max(0, 1 - var(R)/var(S+R)) and max(0, 1 - var(R)/var(T+R)) (Wang, Smith, Hyndman 2006)"", ""method"": ""statsmodels STL"", ""note"": ""optional diagnostic transform; not a model input"", ""period"": 6, ""robust"": false}"
williams_r_14,missingness,rows,12835,OK,,
williams_r_14,missingness,missing_count,13,OK,,"{""also"": ""NaN literals parsed by float()"", ""empty_or_token_cells"": 13, ""tokens"": ["""", ""n/a"", ""na"", ""nan"", ""none"", ""null""]}"
williams_r_14,missingness,missing_fraction,0.0010128554733151538,OK,,
williams_r_14,missingness,nonnumeric_count,0,OK,,
williams_r_14,missingness,nonfinite_count,13,OK,,
williams_r_14,missingness,longest_finite_run,12822,OK,,
williams_r_14,missingness,constant_flag,False,OK,,
williams_r_14,missingness,unique_count,12803,OK,,
williams_r_14,distribution,mean,-46.48233854723381,OK,,
williams_r_14,distribution,std,27.329172099159923,OK,,
williams_r_14,distribution,min,-100.0,OK,,
williams_r_14,distribution,max,-0.0,OK,,
williams_r_14,distribution,median,-45.405924999999996,OK,,
williams_r_14,distribution,iqr,48.50366649999999,OK,,
williams_r_14,distribution,mad,24.0976085,OK,,
williams_r_14,distribution,skewness,-0.10763326732704151,OK,,"{""bias"": false}"
williams_r_14,distribution,excess_kurtosis,-1.2344310914230496,OK,,"{""bias"": false}"
williams_r_14,distribution,upper_tail_ratio,1.8788820606487453,OK,,"{""formula"": ""(q0.995-q0.5)/(q0.75-q0.5); Gaussian ~3.82""}"
williams_r_14,distribution,lower_tail_ratio,2.0927729670662303,OK,,"{""formula"": ""(q0.5-q0.005)/(q0.5-q0.25); Gaussian ~3.82""}"
williams_r_14,distribution,robust_z_outlier_fraction_gt5,0.0,OK,,"{""scale"": ""1.4826*MAD""}"
williams_r_14,distribution,zero_fraction,0.0010138823896428013,OK,,
williams_r_14,distribution,quantile_0.005,-97.44719185,OK,,"{""method"": ""numpy linear""}"
williams_r_14,distribution,quantile_0.01,-95.9629891,OK,,"{""method"": ""numpy linear""}"
williams_r_14,distribution,quantile_0.05,-89.75458,OK,,"{""method"": ""numpy linear""}"
williams_r_14,distribution,quantile_0.25,-70.27305949999999,OK,,"{""method"": ""numpy linear""}"
williams_r_14,distribution,quantile_0.5,-45.405924999999996,OK,,"{""method"": ""numpy linear""}"
williams_r_14,distribution,quantile_0.75,-21.769393,OK,,"{""method"": ""numpy linear""}"
williams_r_14,distribution,quantile_0.95,-6.640684860000007,OK,,"{""method"": ""numpy linear""}"
williams_r_14,distribution,quantile_0.99,-1.9508602930000163,OK,,"{""method"": ""numpy linear""}"
williams_r_14,distribution,quantile_0.995,-0.9956690492499991,OK,,"{""method"": ""numpy linear""}"
williams_r_14,volatility,diff_std,15.090826499211271,OK,,"{""rule"": ""longest contiguous finite run; no imputation"", ""segment_rows"": [13, 12835]}"
williams_r_14,volatility,diff_abs_mean,10.812852213081001,OK,,"{""rule"": ""longest contiguous finite run; no imputation"", ""segment_rows"": [13, 12835]}"
williams_r_14,volatility,diff_std_over_std,0.5521874736803737,OK,,"{""rule"": ""longest contiguous finite run; no imputation"", ""segment_rows"": [13, 12835]}"
williams_r_14,volatility,rolling_std_cv,0.5660186392318127,OK,,"{""rule"": ""non-overlapping primary-period blocks; std of block std / mean"", ""window_rows"": 6}"
williams_r_14,trend,slope_per_row,-0.0004115360288336086,OK,,"{""rule"": ""longest contiguous finite run; no imputation"", ""segment_rows"": [13, 12835]}"
williams_r_14,trend,slope_per_day,,UNSUPPORTED,NO_VERIFIED_REGULAR_STEP,
williams_r_14,trend,linear_r2,0.0031068976220863798,OK,,
williams_r_14,acf,acf_lag_1,0.8474251601931558,OK,,"{""estimator"": ""biased, mean-centered""}"
williams_r_14,acf,acf_lag_2,0.7297167074151786,OK,,"{""estimator"": ""biased, mean-centered""}"
williams_r_14,acf,acf_lag_3,0.6267589493439162,OK,,"{""estimator"": ""biased, mean-centered""}"
williams_r_14,acf,acf_lag_6,0.3579632279583602,OK,,"{""estimator"": ""biased, mean-centered""}"
williams_r_14,acf,acf_lag_12,0.03566564892961162,OK,,"{""estimator"": ""biased, mean-centered""}"
williams_r_14,acf,acf_lag_42,0.021666535730755457,OK,,"{""estimator"": ""biased, mean-centered""}"
williams_r_14,acf,decorrelation_lag_1_over_e,6,OK,,
williams_r_14,spectral,peak1_period_rows,6411.0,OK,,"{""method"": ""periodogram, linear detrend, rank by power""}"
williams_r_14,spectral,peak1_power_fraction,0.01026310193633354,OK,,
williams_r_14,spectral,peak2_period_rows,1831.7142857142856,OK,,"{""method"": ""periodogram, linear detrend, rank by power""}"
williams_r_14,spectral,peak2_power_fraction,0.007594016913477398,OK,,
williams_r_14,spectral,peak3_period_rows,4274.0,OK,,"{""method"": ""periodogram, linear detrend, rank by power""}"
williams_r_14,spectral,peak3_power_fraction,0.0069656468607731505,OK,,
williams_r_14,spectral,peak1_period_hours,,UNSUPPORTED,NO_VERIFIED_REGULAR_STEP,
williams_r_14,spectral,entropy_normalized,0.8058162334864731,OK,,
williams_r_14,spectral,low_frequency_power_fraction,0.9063488629474611,OK,,"{""basis"": ""primary period"", ""cutoff_cycles_per_row"": 0.16666666666666666}"
williams_r_14,spectral,centroid_cycles_per_row,0.058850157798679914,OK,,
williams_r_14,stationarity,adf_c_aic_statistic,-22.074693475038647,OK,,"{""autolag"": ""AIC"", ""lag_selection"": ""AIC over lags 0..maxlag on the common trimmed sample, as statsmodels _autolag does, without retaining every fitted model; final fit adfuller(maxlag=best, autolag=None)"", ""limitation"": ""MacKinnon approximate p-value; low power near unity; lag choice by AIC"", ""maxlag"": 41, ""n"": 12822, ""null"": ""unit root"", ""regression"": ""c"", ""test"": ""ADF""}"
williams_r_14,stationarity,adf_c_aic_pvalue,0.0,OK,,"{""autolag"": ""AIC"", ""lag_selection"": ""AIC over lags 0..maxlag on the common trimmed sample, as statsmodels _autolag does, without retaining every fitted model; final fit adfuller(maxlag=best, autolag=None)"", ""limitation"": ""MacKinnon approximate p-value; low power near unity; lag choice by AIC"", ""maxlag"": 41, ""n"": 12822, ""null"": ""unit root"", ""regression"": ""c"", ""test"": ""ADF""}"
williams_r_14,stationarity,adf_c_aic_lags,17,OK,,"{""autolag"": ""AIC"", ""lag_selection"": ""AIC over lags 0..maxlag on the common trimmed sample, as statsmodels _autolag does, without retaining every fitted model; final fit adfuller(maxlag=best, autolag=None)"", ""limitation"": ""MacKinnon approximate p-value; low power near unity; lag choice by AIC"", ""maxlag"": 41, ""n"": 12822, ""null"": ""unit root"", ""regression"": ""c"", ""test"": ""ADF""}"
williams_r_14,stationarity,kpss_c_auto_statistic,0.5878252996047748,OK,,"{""limitation"": ""p-value interpolated from a table bounded to [0.01, 0.10]"", ""n"": 12822, ""nlags"": ""auto (Hobijn)"", ""null"": ""level stationarity"", ""regression"": ""c"", ""test"": ""KPSS""}"
williams_r_14,stationarity,kpss_c_auto_pvalue,0.023743154581384106,OK,,"{""limitation"": ""p-value interpolated from a table bounded to [0.01, 0.10]"", ""n"": 12822, ""nlags"": ""auto (Hobijn)"", ""null"": ""level stationarity"", ""regression"": ""c"", ""test"": ""KPSS""}"
williams_r_14,stationarity,kpss_c_auto_lags,58,OK,,"{""limitation"": ""p-value interpolated from a table bounded to [0.01, 0.10]"", ""n"": 12822, ""nlags"": ""auto (Hobijn)"", ""null"": ""level stationarity"", ""regression"": ""c"", ""test"": ""KPSS""}"
williams_r_14,stationarity,kpss_ct_auto_statistic,0.2621644690201772,OK_WITH_WARNING,,"{""limitation"": ""p-value interpolated from a table bounded to [0.01, 0.10]"", ""n"": 12822, ""nlags"": ""auto (Hobijn)"", ""null"": ""trend stationarity"", ""regression"": ""ct"", ""test"": ""KPSS"", ""warnings"": [""The test statistic is outside of the range of p-values available in the\nlook-up table. The actual p-value is smaller than the p-value returned.\n""]}"
williams_r_14,stationarity,kpss_ct_auto_pvalue,0.01,OK_WITH_WARNING,P_VALUE_AT_TABLE_BOUND,"{""limitation"": ""p-value interpolated from a table bounded to [0.01, 0.10]"", ""n"": 12822, ""nlags"": ""auto (Hobijn)"", ""null"": ""trend stationarity"", ""regression"": ""ct"", ""test"": ""KPSS"", ""warnings"": [""The test statistic is outside of the range of p-values available in the\nlook-up table. The actual p-value is smaller than the p-value returned.\n""]}"
williams_r_14,stationarity,kpss_ct_auto_lags,58,OK_WITH_WARNING,,"{""limitation"": ""p-value interpolated from a table bounded to [0.01, 0.10]"", ""n"": 12822, ""nlags"": ""auto (Hobijn)"", ""null"": ""trend stationarity"", ""regression"": ""ct"", ""test"": ""KPSS"", ""warnings"": [""The test statistic is outside of the range of p-values available in the\nlook-up table. The actual p-value is smaller than the p-value returned.\n""]}"
williams_r_14,stationarity,adf_kpss_joint_reading,BOTH_REJECT_CONFLICT,OK,,"{""alpha"": 0.05, ""note"": ""descriptive, unadjusted for multiple testing; not an eligibility rule""}"
williams_r_14,seasonality,acf_at_daily_6,0.35796322795836016,OK,,"{""declared_period_rows"": 6}"
williams_r_14,seasonality,seasonal_diff_var_ratio_daily_6,1.2840058092264914,OK,,"{""formula"": ""var(x_t - x_{t-s}) / var(x_t); 2 for white noise, <1 when season repeats""}"
williams_r_14,seasonality,acf_at_weekly_42,0.021666535730755446,OK,,"{""declared_period_rows"": 42}"
williams_r_14,seasonality,seasonal_diff_var_ratio_weekly_42,1.9584791776206194,OK,,"{""formula"": ""var(x_t - x_{t-s}) / var(x_t); 2 for white noise, <1 when season repeats""}"
williams_r_14,seasonality,stl_seasonal_strength_primary,0.2712276484387188,OK,,"{""formula"": ""max(0, 1 - var(R)/var(S+R)) and max(0, 1 - var(R)/var(T+R)) (Wang, Smith, Hyndman 2006)"", ""method"": ""statsmodels STL"", ""note"": ""optional diagnostic transform; not a model input"", ""period"": 6, ""robust"": false}"
williams_r_14,seasonality,stl_trend_strength_primary,0.8692346198574642,OK,,"{""formula"": ""max(0, 1 - var(R)/var(S+R)) and max(0, 1 - var(R)/var(T+R)) (Wang, Smith, Hyndman 2006)"", ""method"": ""statsmodels STL"", ""note"": ""optional diagnostic transform; not a model input"", ""period"": 6, ""robust"": false}"
cci_14,missingness,rows,12835,OK,,
cci_14,missingness,missing_count,26,OK,,"{""also"": ""NaN literals parsed by float()"", ""empty_or_token_cells"": 26, ""tokens"": ["""", ""n/a"", ""na"", ""nan"", ""none"", ""null""]}"
cci_14,missingness,missing_fraction,0.0020257109466303076,OK,,
cci_14,missingness,nonnumeric_count,0,OK,,
cci_14,missingness,nonfinite_count,26,OK,,
cci_14,missingness,longest_finite_run,12809,OK,,
cci_14,missingness,constant_flag,False,OK,,
cci_14,missingness,unique_count,12808,OK,,
cci_14,distribution,mean,4.146267539716059,OK,,
cci_14,distribution,std,94.56860479455611,OK,,
cci_14,distribution,min,-524.96686,OK,,
cci_14,distribution,max,575.6434,OK,,
cci_14,distribution,median,5.2660217,OK,,
cci_14,distribution,iqr,117.407438,OK,,
cci_14,distribution,mad,58.5947917,OK,,
cci_14,distribution,skewness,-0.08523649677880704,OK,,"{""bias"": false}"
cci_14,distribution,excess_kurtosis,1.0730294615239178,OK,,"{""bias"": false}"
cci_14,distribution,upper_tail_ratio,4.541893752261925,OK,,"{""formula"": ""(q0.995-q0.5)/(q0.75-q0.5); Gaussian ~3.82""}"
cci_14,distribution,lower_tail_ratio,4.717909413066578,OK,,"{""formula"": ""(q0.5-q0.005)/(q0.5-q0.25); Gaussian ~3.82""}"
cci_14,distribution,robust_z_outlier_fraction_gt5,0.0005464907486923258,OK,,"{""scale"": ""1.4826*MAD""}"
cci_14,distribution,zero_fraction,0.0,OK,,
cci_14,distribution,quantile_0.005,-275.0861664,OK,,"{""method"": ""numpy linear""}"
cci_14,distribution,quantile_0.01,-236.5899096,OK,,"{""method"": ""numpy linear""}"
cci_14,distribution,quantile_0.05,-150.41150799999997,OK,,"{""method"": ""numpy linear""}"
cci_14,distribution,quantile_0.25,-54.156948,OK,,"{""method"": ""numpy linear""}"
cci_14,distribution,quantile_0.5,5.2660217,OK,,"{""method"": ""numpy linear""}"
cci_14,distribution,quantile_0.75,63.25049,OK,,"{""method"": ""numpy linear""}"
cci_14,distribution,quantile_0.95,153.61080199999986,OK,,"{""method"": ""numpy linear""}"
cci_14,distribution,quantile_0.99,238.11515640000007,OK,,"{""method"": ""numpy linear""}"
cci_14,distribution,quantile_0.995,268.62531599999966,OK,,"{""method"": ""numpy linear""}"
cci_14,volatility,diff_std,46.17736764651798,OK,,"{""rule"": ""longest contiguous finite run; no imputation"", ""segment_rows"": [26, 12835]}"
cci_14,volatility,diff_abs_mean,30.59594186179263,OK,,"{""rule"": ""longest contiguous finite run; no imputation"", ""segment_rows"": [26, 12835]}"
cci_14,volatility,diff_std_over_std,0.4882949023815587,OK,,"{""rule"": ""longest contiguous finite run; no imputation"", ""segment_rows"": [26, 12835]}"
cci_14,volatility,rolling_std_cv,0.6912044616284668,OK,,"{""rule"": ""non-overlapping primary-period blocks; std of block std / mean"", ""window_rows"": 6}"
cci_14,trend,slope_per_row,-0.0006072626577768533,OK,,"{""rule"": ""longest contiguous finite run; no imputation"", ""segment_rows"": [26, 12835]}"
cci_14,trend,slope_per_day,,UNSUPPORTED,NO_VERIFIED_REGULAR_STEP,
cci_14,trend,linear_r2,0.0005638223635325845,OK,,
cci_14,acf,acf_lag_1,0.8807053569707305,OK,,"{""estimator"": ""biased, mean-centered""}"
cci_14,acf,acf_lag_2,0.7156407101141152,OK,,"{""estimator"": ""biased, mean-centered""}"
cci_14,acf,acf_lag_3,0.5786869385589353,OK,,"{""estimator"": ""biased, mean-centered""}"
cci_14,acf,acf_lag_6,0.2434868496022914,OK,,"{""estimator"": ""biased, mean-centered""}"
cci_14,acf,acf_lag_12,-0.01661925744520563,OK,,"{""estimator"": ""biased, mean-centered""}"
cci_14,acf,acf_lag_42,0.004589719036742626,OK,,"{""estimator"": ""biased, mean-centered""}"
cci_14,acf,decorrelation_lag_1_over_e,5,OK,,
cci_14,spectral,peak1_period_rows,85.96644295302012,OK,,"{""method"": ""periodogram, linear detrend, rank by power""}"
cci_14,spectral,peak1_power_fraction,0.0057227195408150215,OK,,
cci_14,spectral,peak2_period_rows,1601.125,OK,,"{""method"": ""periodogram, linear detrend, rank by power""}"
cci_14,spectral,peak2_power_fraction,0.004784711150332788,OK,,
cci_14,spectral,peak3_period_rows,106.74166666666667,OK,,"{""method"": ""periodogram, linear detrend, rank by power""}"
cci_14,spectral,peak3_power_fraction,0.004755483428294674,OK,,
cci_14,spectral,peak1_period_hours,,UNSUPPORTED,NO_VERIFIED_REGULAR_STEP,
cci_14,spectral,entropy_normalized,0.8122315077263321,OK,,
cci_14,spectral,low_frequency_power_fraction,0.93205472065336,OK,,"{""basis"": ""primary period"", ""cutoff_cycles_per_row"": 0.16666666666666666}"
cci_14,spectral,centroid_cycles_per_row,0.054855370555625574,OK,,
cci_14,stationarity,adf_c_aic_statistic,-16.31715289149301,OK,,"{""autolag"": ""AIC"", ""lag_selection"": ""AIC over lags 0..maxlag on the common trimmed sample, as statsmodels _autolag does, without retaining every fitted model; final fit adfuller(maxlag=best, autolag=None)"", ""limitation"": ""MacKinnon approximate p-value; low power near unity; lag choice by AIC"", ""maxlag"": 41, ""n"": 12809, ""null"": ""unit root"", ""regression"": ""c"", ""test"": ""ADF""}"
cci_14,stationarity,adf_c_aic_pvalue,3.153858865850418e-29,OK,,"{""autolag"": ""AIC"", ""lag_selection"": ""AIC over lags 0..maxlag on the common trimmed sample, as statsmodels _autolag does, without retaining every fitted model; final fit adfuller(maxlag=best, autolag=None)"", ""limitation"": ""MacKinnon approximate p-value; low power near unity; lag choice by AIC"", ""maxlag"": 41, ""n"": 12809, ""null"": ""unit root"", ""regression"": ""c"", ""test"": ""ADF""}"
cci_14,stationarity,adf_c_aic_lags,41,OK,,"{""autolag"": ""AIC"", ""lag_selection"": ""AIC over lags 0..maxlag on the common trimmed sample, as statsmodels _autolag does, without retaining every fitted model; final fit adfuller(maxlag=best, autolag=None)"", ""limitation"": ""MacKinnon approximate p-value; low power near unity; lag choice by AIC"", ""maxlag"": 41, ""n"": 12809, ""null"": ""unit root"", ""regression"": ""c"", ""test"": ""ADF""}"
cci_14,stationarity,kpss_c_auto_statistic,0.21776191486633853,OK_WITH_WARNING,,"{""limitation"": ""p-value interpolated from a table bounded to [0.01, 0.10]"", ""n"": 12809, ""nlags"": ""auto (Hobijn)"", ""null"": ""level stationarity"", ""regression"": ""c"", ""test"": ""KPSS"", ""warnings"": [""The test statistic is outside of the range of p-values available in the\nlook-up table. The actual p-value is greater than the p-value returned.\n""]}"
cci_14,stationarity,kpss_c_auto_pvalue,0.1,OK_WITH_WARNING,P_VALUE_AT_TABLE_BOUND,"{""limitation"": ""p-value interpolated from a table bounded to [0.01, 0.10]"", ""n"": 12809, ""nlags"": ""auto (Hobijn)"", ""null"": ""level stationarity"", ""regression"": ""c"", ""test"": ""KPSS"", ""warnings"": [""The test statistic is outside of the range of p-values available in the\nlook-up table. The actual p-value is greater than the p-value returned.\n""]}"
cci_14,stationarity,kpss_c_auto_lags,53,OK_WITH_WARNING,,"{""limitation"": ""p-value interpolated from a table bounded to [0.01, 0.10]"", ""n"": 12809, ""nlags"": ""auto (Hobijn)"", ""null"": ""level stationarity"", ""regression"": ""c"", ""test"": ""KPSS"", ""warnings"": [""The test statistic is outside of the range of p-values available in the\nlook-up table. The actual p-value is greater than the p-value returned.\n""]}"
cci_14,stationarity,kpss_ct_auto_statistic,0.1422933990724859,OK,,"{""limitation"": ""p-value interpolated from a table bounded to [0.01, 0.10]"", ""n"": 12809, ""nlags"": ""auto (Hobijn)"", ""null"": ""trend stationarity"", ""regression"": ""ct"", ""test"": ""KPSS""}"
cci_14,stationarity,kpss_ct_auto_pvalue,0.056864075791692774,OK,,"{""limitation"": ""p-value interpolated from a table bounded to [0.01, 0.10]"", ""n"": 12809, ""nlags"": ""auto (Hobijn)"", ""null"": ""trend stationarity"", ""regression"": ""ct"", ""test"": ""KPSS""}"
cci_14,stationarity,kpss_ct_auto_lags,52,OK,,"{""limitation"": ""p-value interpolated from a table bounded to [0.01, 0.10]"", ""n"": 12809, ""nlags"": ""auto (Hobijn)"", ""null"": ""trend stationarity"", ""regression"": ""ct"", ""test"": ""KPSS""}"
cci_14,stationarity,adf_kpss_joint_reading,ADF_REJECTS_UNIT_ROOT_KPSS_DOES_NOT_REJECT_LEVEL,OK,,"{""alpha"": 0.05, ""note"": ""descriptive, unadjusted for multiple testing; not an eligibility rule""}"
cci_14,seasonality,acf_at_daily_6,0.24348684960229133,OK,,"{""declared_period_rows"": 6}"
cci_14,seasonality,seasonal_diff_var_ratio_daily_6,1.5114110574764992,OK,,"{""formula"": ""var(x_t - x_{t-s}) / var(x_t); 2 for white noise, <1 when season repeats""}"
cci_14,seasonality,acf_at_weekly_42,0.0045897190367426306,OK,,"{""declared_period_rows"": 42}"
cci_14,seasonality,seasonal_diff_var_ratio_weekly_42,1.992721069558238,OK,,"{""formula"": ""var(x_t - x_{t-s}) / var(x_t); 2 for white noise, <1 when season repeats""}"
cci_14,seasonality,stl_seasonal_strength_primary,0.2540807527789791,OK,,"{""formula"": ""max(0, 1 - var(R)/var(S+R)) and max(0, 1 - var(R)/var(T+R)) (Wang, Smith, Hyndman 2006)"", ""method"": ""statsmodels STL"", ""note"": ""optional diagnostic transform; not a model input"", ""period"": 6, ""robust"": false}"
cci_14,seasonality,stl_trend_strength_primary,0.8706596568295023,OK,,"{""formula"": ""max(0, 1 - var(R)/var(S+R)) and max(0, 1 - var(R)/var(T+R)) (Wang, Smith, Hyndman 2006)"", ""method"": ""statsmodels STL"", ""note"": ""optional diagnostic transform; not a model input"", ""period"": 6, ""robust"": false}"
roc_10,missingness,rows,12835,OK,,
roc_10,missingness,missing_count,10,OK,,"{""also"": ""NaN literals parsed by float()"", ""empty_or_token_cells"": 10, ""tokens"": ["""", ""n/a"", ""na"", ""nan"", ""none"", ""null""]}"
roc_10,missingness,missing_fraction,0.0007791195948578107,OK,,
roc_10,missingness,nonnumeric_count,0,OK,,
roc_10,missingness,nonfinite_count,10,OK,,
roc_10,missingness,longest_finite_run,12825,OK,,
roc_10,missingness,constant_flag,False,OK,,
roc_10,missingness,unique_count,12824,OK,,
roc_10,distribution,mean,0.0028348748327693264,OK,,
roc_10,distribution,std,0.05108622113541805,OK,,
roc_10,distribution,min,-0.38938522,OK,,
roc_10,distribution,max,0.34410578,OK,,
roc_10,distribution,median,0.0014187678,OK,,
roc_10,distribution,iqr,0.047070871,OK,,
roc_10,distribution,mad,0.0235449952,OK,,
roc_10,distribution,skewness,0.08676263142628893,OK,,"{""bias"": false}"
roc_10,distribution,excess_kurtosis,4.213815801838252,OK,,"{""bias"": false}"
roc_10,distribution,upper_tail_ratio,7.257404691268347,OK,,"{""formula"": ""(q0.995-q0.5)/(q0.75-q0.5); Gaussian ~3.82""}"
roc_10,distribution,lower_tail_ratio,7.227243083968809,OK,,"{""formula"": ""(q0.5-q0.005)/(q0.5-q0.25); Gaussian ~3.82""}"
roc_10,distribution,robust_z_outlier_fraction_gt5,0.009746588693957114,OK,,"{""scale"": ""1.4826*MAD""}"
roc_10,distribution,zero_fraction,0.0,OK,,
roc_10,distribution,quantile_0.005,-0.1589308372,OK,,"{""method"": ""numpy linear""}"
roc_10,distribution,quantile_0.01,-0.13130879839999998,OK,,"{""method"": ""numpy linear""}"
roc_10,distribution,quantile_0.05,-0.078157858,OK,,"{""method"": ""numpy linear""}"
roc_10,distribution,quantile_0.25,-0.020768061,OK,,"{""method"": ""numpy linear""}"
roc_10,distribution,quantile_0.5,0.0014187678,OK,,"{""method"": ""numpy linear""}"
roc_10,distribution,quantile_0.75,0.02630281,OK,,"{""method"": ""numpy linear""}"
roc_10,distribution,quantile_0.95,0.08683119799999975,OK,,"{""method"": ""numpy linear""}"
roc_10,distribution,quantile_0.99,0.15020697160000004,OK,,"{""method"": ""numpy linear""}"
roc_10,distribution,quantile_0.995,0.1820123323999995,OK,,"{""method"": ""numpy linear""}"
roc_10,volatility,diff_std,0.023293319717356053,OK,,"{""rule"": ""longest contiguous finite run; no imputation"", ""segment_rows"": [10, 12835]}"
roc_10,volatility,diff_abs_mean,0.015123779217988976,OK,,"{""rule"": ""longest contiguous finite run; no imputation"", ""segment_rows"": [10, 12835]}"
roc_10,volatility,diff_std_over_std,0.4559609068678365,OK,,"{""rule"": ""longest contiguous finite run; no imputation"", ""segment_rows"": [10, 12835]}"
roc_10,volatility,rolling_std_cv,0.79933009620773,OK,,"{""rule"": ""non-overlapping primary-period blocks; std of block std / mean"", ""window_rows"": 6}"
roc_10,trend,slope_per_row,-2.834256203395565e-07,OK,,"{""rule"": ""longest contiguous finite run; no imputation"", ""segment_rows"": [10, 12835]}"
roc_10,trend,slope_per_day,,UNSUPPORTED,NO_VERIFIED_REGULAR_STEP,
roc_10,trend,linear_r2,0.0004219276794968918,OK,,
roc_10,acf,acf_lag_1,0.8960041622857495,OK,,"{""estimator"": ""biased, mean-centered""}"
roc_10,acf,acf_lag_2,0.8049953057983482,OK,,"{""estimator"": ""biased, mean-centered""}"
roc_10,acf,acf_lag_3,0.7146209964991526,OK,,"{""estimator"": ""biased, mean-centered""}"
roc_10,acf,acf_lag_6,0.37189915880114427,OK,,"{""estimator"": ""biased, mean-centered""}"
roc_10,acf,acf_lag_12,0.0021140655193645284,OK,,"{""estimator"": ""biased, mean-centered""}"
roc_10,acf,acf_lag_42,-0.005187157683302038,OK,,"{""estimator"": ""biased, mean-centered""}"
roc_10,acf,decorrelation_lag_1_over_e,7,OK,,
roc_10,spectral,peak1_period_rows,49.90272373540856,OK,,"{""method"": ""periodogram, linear detrend, rank by power""}"
roc_10,spectral,peak1_power_fraction,0.0061518420978337205,OK,,
roc_10,spectral,peak2_period_rows,31.745049504950494,OK,,"{""method"": ""periodogram, linear detrend, rank by power""}"
roc_10,spectral,peak2_power_fraction,0.00604052272094824,OK,,
roc_10,spectral,peak3_period_rows,237.5,OK,,"{""method"": ""periodogram, linear detrend, rank by power""}"
roc_10,spectral,peak3_power_fraction,0.0056849530037387614,OK,,
roc_10,spectral,peak1_period_hours,,UNSUPPORTED,NO_VERIFIED_REGULAR_STEP,
roc_10,spectral,entropy_normalized,0.776969755099356,OK,,
roc_10,spectral,low_frequency_power_fraction,0.9424484902517556,OK,,"{""basis"": ""primary period"", ""cutoff_cycles_per_row"": 0.16666666666666666}"
roc_10,spectral,centroid_cycles_per_row,0.04685808125678383,OK,,
roc_10,stationarity,adf_c_aic_statistic,-14.9819630209444,OK,,"{""autolag"": ""AIC"", ""lag_selection"": ""AIC over lags 0..maxlag on the common trimmed sample, as statsmodels _autolag does, without retaining every fitted model; final fit adfuller(maxlag=best, autolag=None)"", ""limitation"": ""MacKinnon approximate p-value; low power near unity; lag choice by AIC"", ""maxlag"": 41, ""n"": 12825, ""null"": ""unit root"", ""regression"": ""c"", ""test"": ""ADF""}"
roc_10,stationarity,adf_c_aic_pvalue,1.1585691250203667e-27,OK,,"{""autolag"": ""AIC"", ""lag_selection"": ""AIC over lags 0..maxlag on the common trimmed sample, as statsmodels _autolag does, without retaining every fitted model; final fit adfuller(maxlag=best, autolag=None)"", ""limitation"": ""MacKinnon approximate p-value; low power near unity; lag choice by AIC"", ""maxlag"": 41, ""n"": 12825, ""null"": ""unit root"", ""regression"": ""c"", ""test"": ""ADF""}"
roc_10,stationarity,adf_c_aic_lags,41,OK,,"{""autolag"": ""AIC"", ""lag_selection"": ""AIC over lags 0..maxlag on the common trimmed sample, as statsmodels _autolag does, without retaining every fitted model; final fit adfuller(maxlag=best, autolag=None)"", ""limitation"": ""MacKinnon approximate p-value; low power near unity; lag choice by AIC"", ""maxlag"": 41, ""n"": 12825, ""null"": ""unit root"", ""regression"": ""c"", ""test"": ""ADF""}"
roc_10,stationarity,kpss_c_auto_statistic,0.13613918252860863,OK_WITH_WARNING,,"{""limitation"": ""p-value interpolated from a table bounded to [0.01, 0.10]"", ""n"": 12825, ""nlags"": ""auto (Hobijn)"", ""null"": ""level stationarity"", ""regression"": ""c"", ""test"": ""KPSS"", ""warnings"": [""The test statistic is outside of the range of p-values available in the\nlook-up table. The actual p-value is greater than the p-value returned.\n""]}"
roc_10,stationarity,kpss_c_auto_pvalue,0.1,OK_WITH_WARNING,P_VALUE_AT_TABLE_BOUND,"{""limitation"": ""p-value interpolated from a table bounded to [0.01, 0.10]"", ""n"": 12825, ""nlags"": ""auto (Hobijn)"", ""null"": ""level stationarity"", ""regression"": ""c"", ""test"": ""KPSS"", ""warnings"": [""The test statistic is outside of the range of p-values available in the\nlook-up table. The actual p-value is greater than the p-value returned.\n""]}"
roc_10,stationarity,kpss_c_auto_lags,57,OK_WITH_WARNING,,"{""limitation"": ""p-value interpolated from a table bounded to [0.01, 0.10]"", ""n"": 12825, ""nlags"": ""auto (Hobijn)"", ""null"": ""level stationarity"", ""regression"": ""c"", ""test"": ""KPSS"", ""warnings"": [""The test statistic is outside of the range of p-values available in the\nlook-up table. The actual p-value is greater than the p-value returned.\n""]}"
roc_10,stationarity,kpss_ct_auto_statistic,0.09028050894591068,OK_WITH_WARNING,,"{""limitation"": ""p-value interpolated from a table bounded to [0.01, 0.10]"", ""n"": 12825, ""nlags"": ""auto (Hobijn)"", ""null"": ""trend stationarity"", ""regression"": ""ct"", ""test"": ""KPSS"", ""warnings"": [""The test statistic is outside of the range of p-values available in the\nlook-up table. The actual p-value is greater than the p-value returned.\n""]}"
roc_10,stationarity,kpss_ct_auto_pvalue,0.1,OK_WITH_WARNING,P_VALUE_AT_TABLE_BOUND,"{""limitation"": ""p-value interpolated from a table bounded to [0.01, 0.10]"", ""n"": 12825, ""nlags"": ""auto (Hobijn)"", ""null"": ""trend stationarity"", ""regression"": ""ct"", ""test"": ""KPSS"", ""warnings"": [""The test statistic is outside of the range of p-values available in the\nlook-up table. The actual p-value is greater than the p-value returned.\n""]}"
roc_10,stationarity,kpss_ct_auto_lags,57,OK_WITH_WARNING,,"{""limitation"": ""p-value interpolated from a table bounded to [0.01, 0.10]"", ""n"": 12825, ""nlags"": ""auto (Hobijn)"", ""null"": ""trend stationarity"", ""regression"": ""ct"", ""test"": ""KPSS"", ""warnings"": [""The test statistic is outside of the range of p-values available in the\nlook-up table. The actual p-value is greater than the p-value returned.\n""]}"
roc_10,stationarity,adf_kpss_joint_reading,ADF_REJECTS_UNIT_ROOT_KPSS_DOES_NOT_REJECT_LEVEL,OK,,"{""alpha"": 0.05, ""note"": ""descriptive, unadjusted for multiple testing; not an eligibility rule""}"
roc_10,seasonality,acf_at_daily_6,0.3718991588011442,OK,,"{""declared_period_rows"": 6}"
roc_10,seasonality,seasonal_diff_var_ratio_daily_6,1.2558751100372243,OK,,"{""formula"": ""var(x_t - x_{t-s}) / var(x_t); 2 for white noise, <1 when season repeats""}"
roc_10,seasonality,acf_at_weekly_42,-0.005187157683302042,OK,,"{""declared_period_rows"": 42}"
roc_10,seasonality,seasonal_diff_var_ratio_weekly_42,2.0125066975098216,OK,,"{""formula"": ""var(x_t - x_{t-s}) / var(x_t); 2 for white noise, <1 when season repeats""}"
roc_10,seasonality,stl_seasonal_strength_primary,0.2748759034879882,OK,,"{""formula"": ""max(0, 1 - var(R)/var(S+R)) and max(0, 1 - var(R)/var(T+R)) (Wang, Smith, Hyndman 2006)"", ""method"": ""statsmodels STL"", ""note"": ""optional diagnostic transform; not a model input"", ""period"": 6, ""robust"": false}"
roc_10,seasonality,stl_trend_strength_primary,0.9188045724427819,OK,,"{""formula"": ""max(0, 1 - var(R)/var(S+R)) and max(0, 1 - var(R)/var(T+R)) (Wang, Smith, Hyndman 2006)"", ""method"": ""statsmodels STL"", ""note"": ""optional diagnostic transform; not a model input"", ""period"": 6, ""robust"": false}"
roc_20,missingness,rows,12835,OK,,
roc_20,missingness,missing_count,20,OK,,"{""also"": ""NaN literals parsed by float()"", ""empty_or_token_cells"": 20, ""tokens"": ["""", ""n/a"", ""na"", ""nan"", ""none"", ""null""]}"
roc_20,missingness,missing_fraction,0.0015582391897156214,OK,,
roc_20,missingness,nonnumeric_count,0,OK,,
roc_20,missingness,nonfinite_count,20,OK,,
roc_20,missingness,longest_finite_run,12815,OK,,
roc_20,missingness,constant_flag,False,OK,,
roc_20,missingness,unique_count,12812,OK,,
roc_20,distribution,mean,0.0057222840091895434,OK,,
roc_20,distribution,std,0.07244596958001036,OK,,
roc_20,distribution,min,-0.38186708,OK,,
roc_20,distribution,max,0.47084782,OK,,
roc_20,distribution,median,0.003294216,OK,,
roc_20,distribution,iqr,0.0723888935,OK,,
roc_20,distribution,mad,0.036135443999999996,OK,,
roc_20,distribution,skewness,0.1419993970057265,OK,,"{""bias"": false}"
roc_20,distribution,excess_kurtosis,2.4110696079996465,OK,,"{""bias"": false}"
roc_20,distribution,upper_tail_ratio,5.917268751940366,OK,,"{""formula"": ""(q0.995-q0.5)/(q0.75-q0.5); Gaussian ~3.82""}"
roc_20,distribution,lower_tail_ratio,6.571109067648349,OK,,"{""formula"": ""(q0.5-q0.005)/(q0.5-q0.25); Gaussian ~3.82""}"
roc_20,distribution,robust_z_outlier_fraction_gt5,0.004525946156847444,OK,,"{""scale"": ""1.4826*MAD""}"
roc_20,distribution,zero_fraction,0.00023410066328521264,OK,,
roc_20,distribution,quantile_0.005,-0.2206238494,OK,,"{""method"": ""numpy linear""}"
roc_20,distribution,quantile_0.01,-0.1810602926,OK,,"{""method"": ""numpy linear""}"
roc_20,distribution,quantile_0.05,-0.11242327699999999,OK,,"{""method"": ""numpy linear""}"
roc_20,distribution,quantile_0.25,-0.030781929,OK,,"{""method"": ""numpy linear""}"
roc_20,distribution,quantile_0.5,0.003294216,OK,,"{""method"": ""numpy linear""}"
roc_20,distribution,quantile_0.75,0.041606964499999996,OK,,"{""method"": ""numpy linear""}"
roc_20,distribution,quantile_0.95,0.12961706499999998,OK,,"{""method"": ""numpy linear""}"
roc_20,distribution,quantile_0.99,0.20402427880000004,OK,,"{""method"": ""numpy linear""}"
roc_20,distribution,quantile_0.995,0.23000104550000008,OK,,"{""method"": ""numpy linear""}"
roc_20,volatility,diff_std,0.023504166986167984,OK,,"{""rule"": ""longest contiguous finite run; no imputation"", ""segment_rows"": [20, 12835]}"
roc_20,volatility,diff_abs_mean,0.015273643440658029,OK,,"{""rule"": ""longest contiguous finite run; no imputation"", ""segment_rows"": [20, 12835]}"
roc_20,volatility,diff_std_over_std,0.3244371926061345,OK,,"{""rule"": ""longest contiguous finite run; no imputation"", ""segment_rows"": [20, 12835]}"
roc_20,volatility,rolling_std_cv,0.7769595055649618,OK,,"{""rule"": ""non-overlapping primary-period blocks; std of block std / mean"", ""window_rows"": 6}"
roc_20,trend,slope_per_row,-5.826603939278889e-07,OK,,"{""rule"": ""longest contiguous finite run; no imputation"", ""segment_rows"": [20, 12835]}"
roc_20,trend,slope_per_day,,UNSUPPORTED,NO_VERIFIED_REGULAR_STEP,
roc_20,trend,linear_r2,0.0008853039483307512,OK,,
roc_20,acf,acf_lag_1,0.9473461226328533,OK,,"{""estimator"": ""biased, mean-centered""}"
roc_20,acf,acf_lag_2,0.8981274443002092,OK,,"{""estimator"": ""biased, mean-centered""}"
roc_20,acf,acf_lag_3,0.850038514932593,OK,,"{""estimator"": ""biased, mean-centered""}"
roc_20,acf,acf_lag_6,0.6850140024371056,OK,,"{""estimator"": ""biased, mean-centered""}"
roc_20,acf,acf_lag_12,0.4140653497799186,OK,,"{""estimator"": ""biased, mean-centered""}"
roc_20,acf,acf_lag_42,0.003435226680613742,OK,,"{""estimator"": ""biased, mean-centered""}"
roc_20,acf,decorrelation_lag_1_over_e,14,OK,,
roc_20,spectral,peak1_period_rows,237.3148148148148,OK,,"{""method"": ""periodogram, linear detrend, rank by power""}"
roc_20,spectral,peak1_power_fraction,0.011360446962947631,OK,,
roc_20,spectral,peak2_period_rows,1601.875,OK,,"{""method"": ""periodogram, linear detrend, rank by power""}"
roc_20,spectral,peak2_power_fraction,0.009426260411102791,OK,,
roc_20,spectral,peak3_period_rows,1830.7142857142858,OK,,"{""method"": ""periodogram, linear detrend, rank by power""}"
roc_20,spectral,peak3_power_fraction,0.009143000686071727,OK,,
roc_20,spectral,peak1_period_hours,,UNSUPPORTED,NO_VERIFIED_REGULAR_STEP,
roc_20,spectral,entropy_normalized,0.7072295176866774,OK,,
roc_20,spectral,low_frequency_power_fraction,0.9684069082143062,OK,,"{""basis"": ""primary period"", ""cutoff_cycles_per_row"": 0.16666666666666666}"
roc_20,spectral,centroid_cycles_per_row,0.027117326809536824,OK,,
roc_20,stationarity,adf_c_aic_statistic,-12.659966689624806,OK,,"{""autolag"": ""AIC"", ""lag_selection"": ""AIC over lags 0..maxlag on the common trimmed sample, as statsmodels _autolag does, without retaining every fitted model; final fit adfuller(maxlag=best, autolag=None)"", ""limitation"": ""MacKinnon approximate p-value; low power near unity; lag choice by AIC"", ""maxlag"": 41, ""n"": 12815, ""null"": ""unit root"", ""regression"": ""c"", ""test"": ""ADF""}"
roc_20,stationarity,adf_c_aic_pvalue,1.3114422926191488e-23,OK,,"{""autolag"": ""AIC"", ""lag_selection"": ""AIC over lags 0..maxlag on the common trimmed sample, as statsmodels _autolag does, without retaining every fitted model; final fit adfuller(maxlag=best, autolag=None)"", ""limitation"": ""MacKinnon approximate p-value; low power near unity; lag choice by AIC"", ""maxlag"": 41, ""n"": 12815, ""null"": ""unit root"", ""regression"": ""c"", ""test"": ""ADF""}"
roc_20,stationarity,adf_c_aic_lags,40,OK,,"{""autolag"": ""AIC"", ""lag_selection"": ""AIC over lags 0..maxlag on the common trimmed sample, as statsmodels _autolag does, without retaining every fitted model; final fit adfuller(maxlag=best, autolag=None)"", ""limitation"": ""MacKinnon approximate p-value; low power near unity; lag choice by AIC"", ""maxlag"": 41, ""n"": 12815, ""null"": ""unit root"", ""regression"": ""c"", ""test"": ""ADF""}"
roc_20,stationarity,kpss_c_auto_statistic,0.14231450057953965,OK_WITH_WARNING,,"{""limitation"": ""p-value interpolated from a table bounded to [0.01, 0.10]"", ""n"": 12815, ""nlags"": ""auto (Hobijn)"", ""null"": ""level stationarity"", ""regression"": ""c"", ""test"": ""KPSS"", ""warnings"": [""The test statistic is outside of the range of p-values available in the\nlook-up table. The actual p-value is greater than the p-value returned.\n""]}"
roc_20,stationarity,kpss_c_auto_pvalue,0.1,OK_WITH_WARNING,P_VALUE_AT_TABLE_BOUND,"{""limitation"": ""p-value interpolated from a table bounded to [0.01, 0.10]"", ""n"": 12815, ""nlags"": ""auto (Hobijn)"", ""null"": ""level stationarity"", ""regression"": ""c"", ""test"": ""KPSS"", ""warnings"": [""The test statistic is outside of the range of p-values available in the\nlook-up table. The actual p-value is greater than the p-value returned.\n""]}"
roc_20,stationarity,kpss_c_auto_lags,65,OK_WITH_WARNING,,"{""limitation"": ""p-value interpolated from a table bounded to [0.01, 0.10]"", ""n"": 12815, ""nlags"": ""auto (Hobijn)"", ""null"": ""level stationarity"", ""regression"": ""c"", ""test"": ""KPSS"", ""warnings"": [""The test statistic is outside of the range of p-values available in the\nlook-up table. The actual p-value is greater than the p-value returned.\n""]}"
roc_20,stationarity,kpss_ct_auto_statistic,0.0927633104847439,OK_WITH_WARNING,,"{""limitation"": ""p-value interpolated from a table bounded to [0.01, 0.10]"", ""n"": 12815, ""nlags"": ""auto (Hobijn)"", ""null"": ""trend stationarity"", ""regression"": ""ct"", ""test"": ""KPSS"", ""warnings"": [""The test statistic is outside of the range of p-values available in the\nlook-up table. The actual p-value is greater than the p-value returned.\n""]}"
roc_20,stationarity,kpss_ct_auto_pvalue,0.1,OK_WITH_WARNING,P_VALUE_AT_TABLE_BOUND,"{""limitation"": ""p-value interpolated from a table bounded to [0.01, 0.10]"", ""n"": 12815, ""nlags"": ""auto (Hobijn)"", ""null"": ""trend stationarity"", ""regression"": ""ct"", ""test"": ""KPSS"", ""warnings"": [""The test statistic is outside of the range of p-values available in the\nlook-up table. The actual p-value is greater than the p-value returned.\n""]}"
roc_20,stationarity,kpss_ct_auto_lags,65,OK_WITH_WARNING,,"{""limitation"": ""p-value interpolated from a table bounded to [0.01, 0.10]"", ""n"": 12815, ""nlags"": ""auto (Hobijn)"", ""null"": ""trend stationarity"", ""regression"": ""ct"", ""test"": ""KPSS"", ""warnings"": [""The test statistic is outside of the range of p-values available in the\nlook-up table. The actual p-value is greater than the p-value returned.\n""]}"
roc_20,stationarity,adf_kpss_joint_reading,ADF_REJECTS_UNIT_ROOT_KPSS_DOES_NOT_REJECT_LEVEL,OK,,"{""alpha"": 0.05, ""note"": ""descriptive, unadjusted for multiple testing; not an eligibility rule""}"
roc_20,seasonality,acf_at_daily_6,0.6850140024371059,OK,,"{""declared_period_rows"": 6}"
roc_20,seasonality,seasonal_diff_var_ratio_daily_6,0.6298723257937899,OK,,"{""formula"": ""var(x_t - x_{t-s}) / var(x_t); 2 for white noise, <1 when season repeats""}"
roc_20,seasonality,acf_at_weekly_42,0.0034352266806137303,OK,,"{""declared_period_rows"": 42}"
roc_20,seasonality,seasonal_diff_var_ratio_weekly_42,1.993869549684484,OK,,"{""formula"": ""var(x_t - x_{t-s}) / var(x_t); 2 for white noise, <1 when season repeats""}"
roc_20,seasonality,stl_seasonal_strength_primary,0.22478350948462256,OK,,"{""formula"": ""max(0, 1 - var(R)/var(S+R)) and max(0, 1 - var(R)/var(T+R)) (Wang, Smith, Hyndman 2006)"", ""method"": ""statsmodels STL"", ""note"": ""optional diagnostic transform; not a model input"", ""period"": 6, ""robust"": false}"
roc_20,seasonality,stl_trend_strength_primary,0.9546728800199017,OK,,"{""formula"": ""max(0, 1 - var(R)/var(S+R)) and max(0, 1 - var(R)/var(T+R)) (Wang, Smith, Hyndman 2006)"", ""method"": ""statsmodels STL"", ""note"": ""optional diagnostic transform; not a model input"", ""period"": 6, ""robust"": false}"
roc_60,missingness,rows,12835,OK,,
roc_60,missingness,missing_count,60,OK,,"{""also"": ""NaN literals parsed by float()"", ""empty_or_token_cells"": 60, ""tokens"": ["""", ""n/a"", ""na"", ""nan"", ""none"", ""null""]}"
roc_60,missingness,missing_fraction,0.004674717569146864,OK,,
roc_60,missingness,nonnumeric_count,0,OK,,
roc_60,missingness,nonfinite_count,60,OK,,
roc_60,missingness,longest_finite_run,12775,OK,,
roc_60,missingness,constant_flag,False,OK,,
roc_60,missingness,unique_count,12774,OK,,
roc_60,distribution,mean,0.017661492990099906,OK,,
roc_60,distribution,std,0.13130483468239282,OK,,
roc_60,distribution,min,-0.49982142,OK,,
roc_60,distribution,max,0.76783055,OK,,
roc_60,distribution,median,0.00857707,OK,,
roc_60,distribution,iqr,0.1391212455,OK,,
roc_60,distribution,mad,0.06962145,OK,,
roc_60,distribution,skewness,0.46827628434909446,OK,,"{""bias"": false}"
roc_60,distribution,excess_kurtosis,1.736092914465619,OK,,"{""bias"": false}"
roc_60,distribution,upper_tail_ratio,5.940440079435203,OK,,"{""formula"": ""(q0.995-q0.5)/(q0.75-q0.5); Gaussian ~3.82""}"
roc_60,distribution,lower_tail_ratio,5.476562089375729,OK,,"{""formula"": ""(q0.5-q0.005)/(q0.5-q0.25); Gaussian ~3.82""}"
roc_60,distribution,robust_z_outlier_fraction_gt5,0.00187866927592955,OK,,"{""scale"": ""1.4826*MAD""}"
roc_60,distribution,zero_fraction,7.827788649706458e-05,OK,,
roc_60,distribution,quantile_0.005,-0.3497653598,OK,,"{""method"": ""numpy linear""}"
roc_60,distribution,quantile_0.01,-0.307447556,OK,,"{""method"": ""numpy linear""}"
roc_60,distribution,quantile_0.05,-0.179436837,OK,,"{""method"": ""numpy linear""}"
roc_60,distribution,quantile_0.25,-0.056854933499999996,OK,,"{""method"": ""numpy linear""}"
roc_60,distribution,quantile_0.5,0.00857707,OK,,"{""method"": ""numpy linear""}"
roc_60,distribution,quantile_0.75,0.08226631200000001,OK,,"{""method"": ""numpy linear""}"
roc_60,distribution,quantile_0.95,0.2556906009999999,OK,,"{""method"": ""numpy linear""}"
roc_60,distribution,quantile_0.99,0.3930892238000001,OK,,"{""method"": ""numpy linear""}"
roc_60,distribution,quantile_0.995,0.4463235966,OK,,"{""method"": ""numpy linear""}"
roc_60,volatility,diff_std,0.024248016657890028,OK,,"{""rule"": ""longest contiguous finite run; no imputation"", ""segment_rows"": [60, 12835]}"
roc_60,volatility,diff_abs_mean,0.015609708446205104,OK,,"{""rule"": ""longest contiguous finite run; no imputation"", ""segment_rows"": [60, 12835]}"
roc_60,volatility,diff_std_over_std,0.18466964081362602,OK,,"{""rule"": ""longest contiguous finite run; no imputation"", ""segment_rows"": [60, 12835]}"
roc_60,volatility,rolling_std_cv,0.802867388254629,OK,,"{""rule"": ""non-overlapping primary-period blocks; std of block std / mean"", ""window_rows"": 6}"
roc_60,trend,slope_per_row,-1.887532060886389e-06,OK,,"{""rule"": ""longest contiguous finite run; no imputation"", ""segment_rows"": [60, 12835]}"
roc_60,trend,slope_per_day,,UNSUPPORTED,NO_VERIFIED_REGULAR_STEP,
roc_60,trend,linear_r2,0.0028106178860070052,OK,,
roc_60,acf,acf_lag_1,0.9829133232294526,OK,,"{""estimator"": ""biased, mean-centered""}"
roc_60,acf,acf_lag_2,0.9679515477396434,OK,,"{""estimator"": ""biased, mean-centered""}"
roc_60,acf,acf_lag_3,0.9533305597171129,OK,,"{""estimator"": ""biased, mean-centered""}"
roc_60,acf,acf_lag_6,0.9038106327517687,OK,,"{""estimator"": ""biased, mean-centered""}"
roc_60,acf,acf_lag_12,0.8166191445656026,OK,,"{""estimator"": ""biased, mean-centered""}"
roc_60,acf,acf_lag_42,0.35300053425699646,OK,,"{""estimator"": ""biased, mean-centered""}"
roc_60,acf,decorrelation_lag_1_over_e,42,OK,,
roc_60,spectral,peak1_period_rows,1825.0000000000002,OK,,"{""method"": ""periodogram, linear detrend, rank by power""}"
roc_60,spectral,peak1_power_fraction,0.026943551311946392,OK,,
roc_60,spectral,peak2_period_rows,4258.333333333333,OK,,"{""method"": ""periodogram, linear detrend, rank by power""}"
roc_60,spectral,peak2_power_fraction,0.02631563871455302,OK,,
roc_60,spectral,peak3_period_rows,1596.875,OK,,"{""method"": ""periodogram, linear detrend, rank by power""}"
roc_60,spectral,peak3_power_fraction,0.026255757488769297,OK,,
roc_60,spectral,peak1_period_hours,,UNSUPPORTED,NO_VERIFIED_REGULAR_STEP,
roc_60,spectral,entropy_normalized,0.5795661030137578,OK,,
roc_60,spectral,low_frequency_power_fraction,0.9898307713081316,OK,,"{""basis"": ""primary period"", ""cutoff_cycles_per_row"": 0.16666666666666666}"
roc_60,spectral,centroid_cycles_per_row,0.010375493166905423,OK,,
roc_60,stationarity,adf_c_aic_statistic,-12.678178907488915,OK,,"{""autolag"": ""AIC"", ""lag_selection"": ""AIC over lags 0..maxlag on the common trimmed sample, as statsmodels _autolag does, without retaining every fitted model; final fit adfuller(maxlag=best, autolag=None)"", ""limitation"": ""MacKinnon approximate p-value; low power near unity; lag choice by AIC"", ""maxlag"": 41, ""n"": 12775, ""null"": ""unit root"", ""regression"": ""c"", ""test"": ""ADF""}"
roc_60,stationarity,adf_c_aic_pvalue,1.2030142505268779e-23,OK,,"{""autolag"": ""AIC"", ""lag_selection"": ""AIC over lags 0..maxlag on the common trimmed sample, as statsmodels _autolag does, without retaining every fitted model; final fit adfuller(maxlag=best, autolag=None)"", ""limitation"": ""MacKinnon approximate p-value; low power near unity; lag choice by AIC"", ""maxlag"": 41, ""n"": 12775, ""null"": ""unit root"", ""regression"": ""c"", ""test"": ""ADF""}"
roc_60,stationarity,adf_c_aic_lags,41,OK,,"{""autolag"": ""AIC"", ""lag_selection"": ""AIC over lags 0..maxlag on the common trimmed sample, as statsmodels _autolag does, without retaining every fitted model; final fit adfuller(maxlag=best, autolag=None)"", ""limitation"": ""MacKinnon approximate p-value; low power near unity; lag choice by AIC"", ""maxlag"": 41, ""n"": 12775, ""null"": ""unit root"", ""regression"": ""c"", ""test"": ""ADF""}"
roc_60,stationarity,kpss_c_auto_statistic,0.17978007323642856,OK_WITH_WARNING,,"{""limitation"": ""p-value interpolated from a table bounded to [0.01, 0.10]"", ""n"": 12775, ""nlags"": ""auto (Hobijn)"", ""null"": ""level stationarity"", ""regression"": ""c"", ""test"": ""KPSS"", ""warnings"": [""The test statistic is outside of the range of p-values available in the\nlook-up table. The actual p-value is greater than the p-value returned.\n""]}"
roc_60,stationarity,kpss_c_auto_pvalue,0.1,OK_WITH_WARNING,P_VALUE_AT_TABLE_BOUND,"{""limitation"": ""p-value interpolated from a table bounded to [0.01, 0.10]"", ""n"": 12775, ""nlags"": ""auto (Hobijn)"", ""null"": ""level stationarity"", ""regression"": ""c"", ""test"": ""KPSS"", ""warnings"": [""The test statistic is outside of the range of p-values available in the\nlook-up table. The actual p-value is greater than the p-value returned.\n""]}"
roc_60,stationarity,kpss_c_auto_lags,68,OK_WITH_WARNING,,"{""limitation"": ""p-value interpolated from a table bounded to [0.01, 0.10]"", ""n"": 12775, ""nlags"": ""auto (Hobijn)"", ""null"": ""level stationarity"", ""regression"": ""c"", ""test"": ""KPSS"", ""warnings"": [""The test statistic is outside of the range of p-values available in the\nlook-up table. The actual p-value is greater than the p-value returned.\n""]}"
roc_60,stationarity,kpss_ct_auto_statistic,0.11303956405454028,OK_WITH_WARNING,,"{""limitation"": ""p-value interpolated from a table bounded to [0.01, 0.10]"", ""n"": 12775, ""nlags"": ""auto (Hobijn)"", ""null"": ""trend stationarity"", ""regression"": ""ct"", ""test"": ""KPSS"", ""warnings"": [""The test statistic is outside of the range of p-values available in the\nlook-up table. The actual p-value is greater than the p-value returned.\n""]}"
roc_60,stationarity,kpss_ct_auto_pvalue,0.1,OK_WITH_WARNING,P_VALUE_AT_TABLE_BOUND,"{""limitation"": ""p-value interpolated from a table bounded to [0.01, 0.10]"", ""n"": 12775, ""nlags"": ""auto (Hobijn)"", ""null"": ""trend stationarity"", ""regression"": ""ct"", ""test"": ""KPSS"", ""warnings"": [""The test statistic is outside of the range of p-values available in the\nlook-up table. The actual p-value is greater than the p-value returned.\n""]}"
roc_60,stationarity,kpss_ct_auto_lags,68,OK_WITH_WARNING,,"{""limitation"": ""p-value interpolated from a table bounded to [0.01, 0.10]"", ""n"": 12775, ""nlags"": ""auto (Hobijn)"", ""null"": ""trend stationarity"", ""regression"": ""ct"", ""test"": ""KPSS"", ""warnings"": [""The test statistic is outside of the range of p-values available in the\nlook-up table. The actual p-value is greater than the p-value returned.\n""]}"
roc_60,stationarity,adf_kpss_joint_reading,ADF_REJECTS_UNIT_ROOT_KPSS_DOES_NOT_REJECT_LEVEL,OK,,"{""alpha"": 0.05, ""note"": ""descriptive, unadjusted for multiple testing; not an eligibility rule""}"
roc_60,seasonality,acf_at_daily_6,0.9038106327517682,OK,,"{""declared_period_rows"": 6}"
roc_60,seasonality,seasonal_diff_var_ratio_daily_6,0.19203868822434603,OK,,"{""formula"": ""var(x_t - x_{t-s}) / var(x_t); 2 for white noise, <1 when season repeats""}"
roc_60,seasonality,acf_at_weekly_42,0.35300053425699623,OK,,"{""declared_period_rows"": 42}"
roc_60,seasonality,seasonal_diff_var_ratio_weekly_42,1.2911118260777137,OK,,"{""formula"": ""var(x_t - x_{t-s}) / var(x_t); 2 for white noise, <1 when season repeats""}"
roc_60,seasonality,stl_seasonal_strength_primary,0.24031953497613723,OK,,"{""formula"": ""max(0, 1 - var(R)/var(S+R)) and max(0, 1 - var(R)/var(T+R)) (Wang, Smith, Hyndman 2006)"", ""method"": ""statsmodels STL"", ""note"": ""optional diagnostic transform; not a model input"", ""period"": 6, ""robust"": false}"
roc_60,seasonality,stl_trend_strength_primary,0.9859634415539693,OK,,"{""formula"": ""max(0, 1 - var(R)/var(S+R)) and max(0, 1 - var(R)/var(T+R)) (Wang, Smith, Hyndman 2006)"", ""method"": ""statsmodels STL"", ""note"": ""optional diagnostic transform; not a model input"", ""period"": 6, ""robust"": false}"
mom_10,missingness,rows,12835,OK,,
mom_10,missingness,missing_count,10,OK,,"{""also"": ""NaN literals parsed by float()"", ""empty_or_token_cells"": 10, ""tokens"": ["""", ""n/a"", ""na"", ""nan"", ""none"", ""null""]}"
mom_10,missingness,missing_fraction,0.0007791195948578107,OK,,
mom_10,missingness,nonnumeric_count,0,OK,,
mom_10,missingness,nonfinite_count,10,OK,,
mom_10,missingness,longest_finite_run,12825,OK,,
mom_10,missingness,constant_flag,False,OK,,
mom_10,missingness,unique_count,12374,OK,,
mom_10,distribution,mean,20.355581286549704,OK,,
mom_10,distribution,std,1250.252037522597,OK,,
mom_10,distribution,min,-11703.33,OK,,
mom_10,distribution,max,9584.29,OK,,
mom_10,distribution,median,13.78,OK,,
mom_10,distribution,iqr,623.25,OK,,
mom_10,distribution,mad,311.73999999999995,OK,,
mom_10,distribution,skewness,-0.4067894687426713,OK,,"{""bias"": false}"
mom_10,distribution,excess_kurtosis,9.419421716891337,OK,,"{""bias"": false}"
mom_10,distribution,upper_tail_ratio,14.46122454087536,OK,,"{""formula"": ""(q0.995-q0.5)/(q0.75-q0.5); Gaussian ~3.82""}"
mom_10,distribution,lower_tail_ratio,17.013406231473553,OK,,"{""formula"": ""(q0.5-q0.005)/(q0.5-q0.25); Gaussian ~3.82""}"
mom_10,distribution,robust_z_outlier_fraction_gt5,0.07446393762183236,OK,,"{""scale"": ""1.4826*MAD""}"
mom_10,distribution,zero_fraction,0.0,OK,,
mom_10,distribution,quantile_0.005,-5151.8304,OK,,"{""method"": ""numpy linear""}"
mom_10,distribution,quantile_0.01,-4069.2632,OK,,"{""method"": ""numpy linear""}"
mom_10,distribution,quantile_0.05,-1858.7939999999999,OK,,"{""method"": ""numpy linear""}"
mom_10,distribution,quantile_0.25,-289.84,OK,,"{""method"": ""numpy linear""}"
mom_10,distribution,quantile_0.5,13.78,OK,,"{""method"": ""numpy linear""}"
mom_10,distribution,quantile_0.75,333.41,OK,,"{""method"": ""numpy linear""}"
mom_10,distribution,quantile_0.95,1969.7239999999997,OK,,"{""method"": ""numpy linear""}"
mom_10,distribution,quantile_0.99,3909.0420000000004,OK,,"{""method"": ""numpy linear""}"
mom_10,distribution,quantile_0.995,4636.021199999992,OK,,"{""method"": ""numpy linear""}"
mom_10,volatility,diff_std,579.0976129875672,OK,,"{""rule"": ""longest contiguous finite run; no imputation"", ""segment_rows"": [10, 12835]}"
mom_10,volatility,diff_abs_mean,308.6837063318777,OK,,"{""rule"": ""longest contiguous finite run; no imputation"", ""segment_rows"": [10, 12835]}"
mom_10,volatility,diff_std_over_std,0.46318469845093185,OK,,"{""rule"": ""longest contiguous finite run; no imputation"", ""segment_rows"": [10, 12835]}"
mom_10,volatility,rolling_std_cv,1.2018415598418475,OK,,"{""rule"": ""non-overlapping primary-period blocks; std of block std / mean"", ""window_rows"": 6}"
mom_10,trend,slope_per_row,-0.0018768457114910835,OK,,"{""rule"": ""longest contiguous finite run; no imputation"", ""segment_rows"": [10, 12835]}"
mom_10,trend,slope_per_day,,UNSUPPORTED,NO_VERIFIED_REGULAR_STEP,
mom_10,trend,linear_r2,3.089081496443491e-05,OK,,
mom_10,acf,acf_lag_1,0.8927334917515892,OK,,"{""estimator"": ""biased, mean-centered""}"
mom_10,acf,acf_lag_2,0.7966198031134453,OK,,"{""estimator"": ""biased, mean-centered""}"
mom_10,acf,acf_lag_3,0.6911748889911421,OK,,"{""estimator"": ""biased, mean-centered""}"
mom_10,acf,acf_lag_6,0.3609888331963105,OK,,"{""estimator"": ""biased, mean-centered""}"
mom_10,acf,acf_lag_12,-0.018364289924652482,OK,,"{""estimator"": ""biased, mean-centered""}"
mom_10,acf,acf_lag_42,-0.02748186482520359,OK,,"{""estimator"": ""biased, mean-centered""}"
mom_10,acf,decorrelation_lag_1_over_e,6,OK,,
mom_10,spectral,peak1_period_rows,237.5,OK,,"{""method"": ""periodogram, linear detrend, rank by power""}"
mom_10,spectral,peak1_power_fraction,0.006397237336944159,OK,,
mom_10,spectral,peak2_period_rows,32.14285714285714,OK,,"{""method"": ""periodogram, linear detrend, rank by power""}"
mom_10,spectral,peak2_power_fraction,0.00629991059376509,OK,,
mom_10,spectral,peak3_period_rows,142.5,OK,,"{""method"": ""periodogram, linear detrend, rank by power""}"
mom_10,spectral,peak3_power_fraction,0.0062943353505299305,OK,,
mom_10,spectral,peak1_period_hours,,UNSUPPORTED,NO_VERIFIED_REGULAR_STEP,
mom_10,spectral,entropy_normalized,0.7820301281648337,OK,,
mom_10,spectral,low_frequency_power_fraction,0.9450494732336486,OK,,"{""basis"": ""primary period"", ""cutoff_cycles_per_row"": 0.16666666666666666}"
mom_10,spectral,centroid_cycles_per_row,0.04837668857184748,OK,,
mom_10,stationarity,adf_c_aic_statistic,-14.986536170443534,OK,,"{""autolag"": ""AIC"", ""lag_selection"": ""AIC over lags 0..maxlag on the common trimmed sample, as statsmodels _autolag does, without retaining every fitted model; final fit adfuller(maxlag=best, autolag=None)"", ""limitation"": ""MacKinnon approximate p-value; low power near unity; lag choice by AIC"", ""maxlag"": 41, ""n"": 12825, ""null"": ""unit root"", ""regression"": ""c"", ""test"": ""ADF""}"
mom_10,stationarity,adf_c_aic_pvalue,1.1416522828131762e-27,OK,,"{""autolag"": ""AIC"", ""lag_selection"": ""AIC over lags 0..maxlag on the common trimmed sample, as statsmodels _autolag does, without retaining every fitted model; final fit adfuller(maxlag=best, autolag=None)"", ""limitation"": ""MacKinnon approximate p-value; low power near unity; lag choice by AIC"", ""maxlag"": 41, ""n"": 12825, ""null"": ""unit root"", ""regression"": ""c"", ""test"": ""ADF""}"
mom_10,stationarity,adf_c_aic_lags,41,OK,,"{""autolag"": ""AIC"", ""lag_selection"": ""AIC over lags 0..maxlag on the common trimmed sample, as statsmodels _autolag does, without retaining every fitted model; final fit adfuller(maxlag=best, autolag=None)"", ""limitation"": ""MacKinnon approximate p-value; low power near unity; lag choice by AIC"", ""maxlag"": 41, ""n"": 12825, ""null"": ""unit root"", ""regression"": ""c"", ""test"": ""ADF""}"
mom_10,stationarity,kpss_c_auto_statistic,0.08886055609961283,OK_WITH_WARNING,,"{""limitation"": ""p-value interpolated from a table bounded to [0.01, 0.10]"", ""n"": 12825, ""nlags"": ""auto (Hobijn)"", ""null"": ""level stationarity"", ""regression"": ""c"", ""test"": ""KPSS"", ""warnings"": [""The test statistic is outside of the range of p-values available in the\nlook-up table. The actual p-value is greater than the p-value returned.\n""]}"
mom_10,stationarity,kpss_c_auto_pvalue,0.1,OK_WITH_WARNING,P_VALUE_AT_TABLE_BOUND,"{""limitation"": ""p-value interpolated from a table bounded to [0.01, 0.10]"", ""n"": 12825, ""nlags"": ""auto (Hobijn)"", ""null"": ""level stationarity"", ""regression"": ""c"", ""test"": ""KPSS"", ""warnings"": [""The test statistic is outside of the range of p-values available in the\nlook-up table. The actual p-value is greater than the p-value returned.\n""]}"
mom_10,stationarity,kpss_c_auto_lags,56,OK_WITH_WARNING,,"{""limitation"": ""p-value interpolated from a table bounded to [0.01, 0.10]"", ""n"": 12825, ""nlags"": ""auto (Hobijn)"", ""null"": ""level stationarity"", ""regression"": ""c"", ""test"": ""KPSS"", ""warnings"": [""The test statistic is outside of the range of p-values available in the\nlook-up table. The actual p-value is greater than the p-value returned.\n""]}"
mom_10,stationarity,kpss_ct_auto_statistic,0.08345111627121701,OK_WITH_WARNING,,"{""limitation"": ""p-value interpolated from a table bounded to [0.01, 0.10]"", ""n"": 12825, ""nlags"": ""auto (Hobijn)"", ""null"": ""trend stationarity"", ""regression"": ""ct"", ""test"": ""KPSS"", ""warnings"": [""The test statistic is outside of the range of p-values available in the\nlook-up table. The actual p-value is greater than the p-value returned.\n""]}"
mom_10,stationarity,kpss_ct_auto_pvalue,0.1,OK_WITH_WARNING,P_VALUE_AT_TABLE_BOUND,"{""limitation"": ""p-value interpolated from a table bounded to [0.01, 0.10]"", ""n"": 12825, ""nlags"": ""auto (Hobijn)"", ""null"": ""trend stationarity"", ""regression"": ""ct"", ""test"": ""KPSS"", ""warnings"": [""The test statistic is outside of the range of p-values available in the\nlook-up table. The actual p-value is greater than the p-value returned.\n""]}"
mom_10,stationarity,kpss_ct_auto_lags,56,OK_WITH_WARNING,,"{""limitation"": ""p-value interpolated from a table bounded to [0.01, 0.10]"", ""n"": 12825, ""nlags"": ""auto (Hobijn)"", ""null"": ""trend stationarity"", ""regression"": ""ct"", ""test"": ""KPSS"", ""warnings"": [""The test statistic is outside of the range of p-values available in the\nlook-up table. The actual p-value is greater than the p-value returned.\n""]}"
mom_10,stationarity,adf_kpss_joint_reading,ADF_REJECTS_UNIT_ROOT_KPSS_DOES_NOT_REJECT_LEVEL,OK,,"{""alpha"": 0.05, ""note"": ""descriptive, unadjusted for multiple testing; not an eligibility rule""}"
mom_10,seasonality,acf_at_daily_6,0.3609888331963105,OK,,"{""declared_period_rows"": 6}"
mom_10,seasonality,seasonal_diff_var_ratio_daily_6,1.2785755331766893,OK,,"{""formula"": ""var(x_t - x_{t-s}) / var(x_t); 2 for white noise, <1 when season repeats""}"
mom_10,seasonality,acf_at_weekly_42,-0.027481864825203598,OK,,"{""declared_period_rows"": 42}"
mom_10,seasonality,seasonal_diff_var_ratio_weekly_42,2.0597528975340182,OK,,"{""formula"": ""var(x_t - x_{t-s}) / var(x_t); 2 for white noise, <1 when season repeats""}"
mom_10,seasonality,stl_seasonal_strength_primary,0.32191756473094946,OK,,"{""formula"": ""max(0, 1 - var(R)/var(S+R)) and max(0, 1 - var(R)/var(T+R)) (Wang, Smith, Hyndman 2006)"", ""method"": ""statsmodels STL"", ""note"": ""optional diagnostic transform; not a model input"", ""period"": 6, ""robust"": false}"
mom_10,seasonality,stl_trend_strength_primary,0.9169340357357321,OK,,"{""formula"": ""max(0, 1 - var(R)/var(S+R)) and max(0, 1 - var(R)/var(T+R)) (Wang, Smith, Hyndman 2006)"", ""method"": ""statsmodels STL"", ""note"": ""optional diagnostic transform; not a model input"", ""period"": 6, ""robust"": false}"
mom_20,missingness,rows,12835,OK,,
mom_20,missingness,missing_count,20,OK,,"{""also"": ""NaN literals parsed by float()"", ""empty_or_token_cells"": 20, ""tokens"": ["""", ""n/a"", ""na"", ""nan"", ""none"", ""null""]}"
mom_20,missingness,missing_fraction,0.0015582391897156214,OK,,
mom_20,missingness,nonnumeric_count,0,OK,,
mom_20,missingness,nonfinite_count,20,OK,,
mom_20,missingness,longest_finite_run,12815,OK,,
mom_20,missingness,constant_flag,False,OK,,
mom_20,missingness,unique_count,12529,OK,,
mom_20,distribution,mean,40.88236597737027,OK,,
mom_20,distribution,std,1748.262536733614,OK,,
mom_20,distribution,min,-12056.76,OK,,
mom_20,distribution,max,10086.67,OK,,
mom_20,distribution,median,33.11,OK,,
mom_20,distribution,iqr,958.38,OK,,
mom_20,distribution,mad,477.37,OK,,
mom_20,distribution,skewness,-0.39131234031068135,OK,,"{""bias"": false}"
mom_20,distribution,excess_kurtosis,5.964003824644385,OK,,"{""bias"": false}"
mom_20,distribution,upper_tail_ratio,12.243714001986097,OK,,"{""formula"": ""(q0.995-q0.5)/(q0.75-q0.5); Gaussian ~3.82""}"
mom_20,distribution,lower_tail_ratio,15.133574792988492,OK,,"{""formula"": ""(q0.5-q0.005)/(q0.5-q0.25); Gaussian ~3.82""}"
mom_20,distribution,robust_z_outlier_fraction_gt5,0.06773312524385486,OK,,"{""scale"": ""1.4826*MAD""}"
mom_20,distribution,zero_fraction,0.00023410066328521264,OK,,
mom_20,distribution,quantile_0.005,-7003.2456,OK,,"{""method"": ""numpy linear""}"
mom_20,distribution,quantile_0.01,-6098.5466,OK,,"{""method"": ""numpy linear""}"
mom_20,distribution,quantile_0.05,-2746.684,OK,,"{""method"": ""numpy linear""}"
mom_20,distribution,quantile_0.25,-431.84000000000003,OK,,"{""method"": ""numpy linear""}"
mom_20,distribution,quantile_0.5,33.11,OK,,"{""method"": ""numpy linear""}"
mom_20,distribution,quantile_0.75,526.54,OK,,"{""method"": ""numpy linear""}"
mom_20,distribution,quantile_0.95,2873.296,OK,,"{""method"": ""numpy linear""}"
mom_20,distribution,quantile_0.99,5499.437000000002,OK,,"{""method"": ""numpy linear""}"
mom_20,distribution,quantile_0.995,6074.525799999999,OK,,"{""method"": ""numpy linear""}"
mom_20,volatility,diff_std,579.465627727779,OK,,"{""rule"": ""longest contiguous finite run; no imputation"", ""segment_rows"": [20, 12835]}"
mom_20,volatility,diff_abs_mean,310.3623474324957,OK,,"{""rule"": ""longest contiguous finite run; no imputation"", ""segment_rows"": [20, 12835]}"
mom_20,volatility,diff_std_over_std,0.3314522936643315,OK,,"{""rule"": ""longest contiguous finite run; no imputation"", ""segment_rows"": [20, 12835]}"
mom_20,volatility,rolling_std_cv,1.168306682621227,OK,,"{""rule"": ""non-overlapping primary-period blocks; std of block std / mean"", ""window_rows"": 6}"
mom_20,trend,slope_per_row,-0.003862616478312232,OK,,"{""rule"": ""longest contiguous finite run; no imputation"", ""segment_rows"": [20, 12835]}"
mom_20,trend,slope_per_day,,UNSUPPORTED,NO_VERIFIED_REGULAR_STEP,
mom_20,trend,linear_r2,6.680973337291896e-05,OK,,
mom_20,acf,acf_lag_1,0.9450692300491227,OK,,"{""estimator"": ""biased, mean-centered""}"
mom_20,acf,acf_lag_2,0.8923783178871432,OK,,"{""estimator"": ""biased, mean-centered""}"
mom_20,acf,acf_lag_3,0.836980077673192,OK,,"{""estimator"": ""biased, mean-centered""}"
mom_20,acf,acf_lag_6,0.6702095466388029,OK,,"{""estimator"": ""biased, mean-centered""}"
mom_20,acf,acf_lag_12,0.40418602829143413,OK,,"{""estimator"": ""biased, mean-centered""}"
mom_20,acf,acf_lag_42,-0.0025680611904952163,OK,,"{""estimator"": ""biased, mean-centered""}"
mom_20,acf,decorrelation_lag_1_over_e,13,OK,,
mom_20,spectral,peak1_period_rows,142.38888888888889,OK,,"{""method"": ""periodogram, linear detrend, rank by power""}"
mom_20,spectral,peak1_power_fraction,0.013386443482150224,OK,,
mom_20,spectral,peak2_period_rows,237.3148148148148,OK,,"{""method"": ""periodogram, linear detrend, rank by power""}"
mom_20,spectral,peak2_power_fraction,0.012795976432974206,OK,,
mom_20,spectral,peak3_period_rows,1165.0,OK,,"{""method"": ""periodogram, linear detrend, rank by power""}"
mom_20,spectral,peak3_power_fraction,0.011905234986975826,OK,,
mom_20,spectral,peak1_period_hours,,UNSUPPORTED,NO_VERIFIED_REGULAR_STEP,
mom_20,spectral,entropy_normalized,0.7107815563636329,OK,,
mom_20,spectral,low_frequency_power_fraction,0.9689053524047385,OK,,"{""basis"": ""primary period"", ""cutoff_cycles_per_row"": 0.16666666666666666}"
mom_20,spectral,centroid_cycles_per_row,0.02813208937902265,OK,,
mom_20,stationarity,adf_c_aic_statistic,-12.53599480728291,OK,,"{""autolag"": ""AIC"", ""lag_selection"": ""AIC over lags 0..maxlag on the common trimmed sample, as statsmodels _autolag does, without retaining every fitted model; final fit adfuller(maxlag=best, autolag=None)"", ""limitation"": ""MacKinnon approximate p-value; low power near unity; lag choice by AIC"", ""maxlag"": 41, ""n"": 12815, ""null"": ""unit root"", ""regression"": ""c"", ""test"": ""ADF""}"
mom_20,stationarity,adf_c_aic_pvalue,2.371101597702276e-23,OK,,"{""autolag"": ""AIC"", ""lag_selection"": ""AIC over lags 0..maxlag on the common trimmed sample, as statsmodels _autolag does, without retaining every fitted model; final fit adfuller(maxlag=best, autolag=None)"", ""limitation"": ""MacKinnon approximate p-value; low power near unity; lag choice by AIC"", ""maxlag"": 41, ""n"": 12815, ""null"": ""unit root"", ""regression"": ""c"", ""test"": ""ADF""}"
mom_20,stationarity,adf_c_aic_lags,40,OK,,"{""autolag"": ""AIC"", ""lag_selection"": ""AIC over lags 0..maxlag on the common trimmed sample, as statsmodels _autolag does, without retaining every fitted model; final fit adfuller(maxlag=best, autolag=None)"", ""limitation"": ""MacKinnon approximate p-value; low power near unity; lag choice by AIC"", ""maxlag"": 41, ""n"": 12815, ""null"": ""unit root"", ""regression"": ""c"", ""test"": ""ADF""}"
mom_20,stationarity,kpss_c_auto_statistic,0.0917161203026042,OK_WITH_WARNING,,"{""limitation"": ""p-value interpolated from a table bounded to [0.01, 0.10]"", ""n"": 12815, ""nlags"": ""auto (Hobijn)"", ""null"": ""level stationarity"", ""regression"": ""c"", ""test"": ""KPSS"", ""warnings"": [""The test statistic is outside of the range of p-values available in the\nlook-up table. The actual p-value is greater than the p-value returned.\n""]}"
mom_20,stationarity,kpss_c_auto_pvalue,0.1,OK_WITH_WARNING,P_VALUE_AT_TABLE_BOUND,"{""limitation"": ""p-value interpolated from a table bounded to [0.01, 0.10]"", ""n"": 12815, ""nlags"": ""auto (Hobijn)"", ""null"": ""level stationarity"", ""regression"": ""c"", ""test"": ""KPSS"", ""warnings"": [""The test statistic is outside of the range of p-values available in the\nlook-up table. The actual p-value is greater than the p-value returned.\n""]}"
mom_20,stationarity,kpss_c_auto_lags,65,OK_WITH_WARNING,,"{""limitation"": ""p-value interpolated from a table bounded to [0.01, 0.10]"", ""n"": 12815, ""nlags"": ""auto (Hobijn)"", ""null"": ""level stationarity"", ""regression"": ""c"", ""test"": ""KPSS"", ""warnings"": [""The test statistic is outside of the range of p-values available in the\nlook-up table. The actual p-value is greater than the p-value returned.\n""]}"
mom_20,stationarity,kpss_ct_auto_statistic,0.08590665770437986,OK_WITH_WARNING,,"{""limitation"": ""p-value interpolated from a table bounded to [0.01, 0.10]"", ""n"": 12815, ""nlags"": ""auto (Hobijn)"", ""null"": ""trend stationarity"", ""regression"": ""ct"", ""test"": ""KPSS"", ""warnings"": [""The test statistic is outside of the range of p-values available in the\nlook-up table. The actual p-value is greater than the p-value returned.\n""]}"
mom_20,stationarity,kpss_ct_auto_pvalue,0.1,OK_WITH_WARNING,P_VALUE_AT_TABLE_BOUND,"{""limitation"": ""p-value interpolated from a table bounded to [0.01, 0.10]"", ""n"": 12815, ""nlags"": ""auto (Hobijn)"", ""null"": ""trend stationarity"", ""regression"": ""ct"", ""test"": ""KPSS"", ""warnings"": [""The test statistic is outside of the range of p-values available in the\nlook-up table. The actual p-value is greater than the p-value returned.\n""]}"
mom_20,stationarity,kpss_ct_auto_lags,65,OK_WITH_WARNING,,"{""limitation"": ""p-value interpolated from a table bounded to [0.01, 0.10]"", ""n"": 12815, ""nlags"": ""auto (Hobijn)"", ""null"": ""trend stationarity"", ""regression"": ""ct"", ""test"": ""KPSS"", ""warnings"": [""The test statistic is outside of the range of p-values available in the\nlook-up table. The actual p-value is greater than the p-value returned.\n""]}"
mom_20,stationarity,adf_kpss_joint_reading,ADF_REJECTS_UNIT_ROOT_KPSS_DOES_NOT_REJECT_LEVEL,OK,,"{""alpha"": 0.05, ""note"": ""descriptive, unadjusted for multiple testing; not an eligibility rule""}"
mom_20,seasonality,acf_at_daily_6,0.6702095466388028,OK,,"{""declared_period_rows"": 6}"
mom_20,seasonality,seasonal_diff_var_ratio_daily_6,0.6598441033634697,OK,,"{""formula"": ""var(x_t - x_{t-s}) / var(x_t); 2 for white noise, <1 when season repeats""}"
mom_20,seasonality,acf_at_weekly_42,-0.0025680611904952107,OK,,"{""declared_period_rows"": 42}"
mom_20,seasonality,seasonal_diff_var_ratio_weekly_42,2.0070522026593474,OK,,"{""formula"": ""var(x_t - x_{t-s}) / var(x_t); 2 for white noise, <1 when season repeats""}"
mom_20,seasonality,stl_seasonal_strength_primary,0.2358076628935759,OK,,"{""formula"": ""max(0, 1 - var(R)/var(S+R)) and max(0, 1 - var(R)/var(T+R)) (Wang, Smith, Hyndman 2006)"", ""method"": ""statsmodels STL"", ""note"": ""optional diagnostic transform; not a model input"", ""period"": 6, ""robust"": false}"
mom_20,seasonality,stl_trend_strength_primary,0.9514074571560631,OK,,"{""formula"": ""max(0, 1 - var(R)/var(S+R)) and max(0, 1 - var(R)/var(T+R)) (Wang, Smith, Hyndman 2006)"", ""method"": ""statsmodels STL"", ""note"": ""optional diagnostic transform; not a model input"", ""period"": 6, ""robust"": false}"
bb_upper,missingness,rows,12835,OK,,
bb_upper,missingness,missing_count,19,OK,,"{""also"": ""NaN literals parsed by float()"", ""empty_or_token_cells"": 19, ""tokens"": ["""", ""n/a"", ""na"", ""nan"", ""none"", ""null""]}"
bb_upper,missingness,missing_fraction,0.0014803272302298402,OK,,
bb_upper,missingness,nonnumeric_count,0,OK,,
bb_upper,missingness,nonfinite_count,19,OK,,
bb_upper,missingness,longest_finite_run,12816,OK,,
bb_upper,missingness,constant_flag,False,OK,,
bb_upper,missingness,unique_count,12806,OK,,
bb_upper,distribution,mean,20916.20251928839,OK,,
bb_upper,distribution,std,16947.23425257912,OK,,
bb_upper,distribution,min,3309.2715,OK,,
bb_upper,distribution,max,69985.67,OK,,
bb_upper,distribution,median,12017.627499999999,OK,,
bb_upper,distribution,iqr,22634.230375,OK,,
bb_upper,distribution,mad,7069.795749999999,OK,,
bb_upper,distribution,skewness,1.0512687226278534,OK,,"{""bias"": false}"
bb_upper,distribution,excess_kurtosis,-0.06373381635476871,OK,,"{""bias"": false}"
bb_upper,distribution,upper_tail_ratio,2.9113982260093683,OK,,"{""formula"": ""(q0.995-q0.5)/(q0.75-q0.5); Gaussian ~3.82""}"
bb_upper,distribution,lower_tail_ratio,2.1315951414435874,OK,,"{""formula"": ""(q0.5-q0.005)/(q0.5-q0.25); Gaussian ~3.82""}"
bb_upper,distribution,robust_z_outlier_fraction_gt5,0.009675405742821473,OK,,"{""scale"": ""1.4826*MAD""}"
bb_upper,distribution,zero_fraction,0.0,OK,,
bb_upper,distribution,quantile_0.005,3499.1772675,OK,,"{""method"": ""numpy linear""}"
bb_upper,distribution,quantile_0.01,3601.12045,OK,,"{""method"": ""numpy linear""}"
bb_upper,distribution,quantile_0.05,4100.678400000001,OK,,"{""method"": ""numpy linear""}"
bb_upper,distribution,quantile_0.25,8021.3478749999995,OK,,"{""method"": ""numpy linear""}"
bb_upper,distribution,quantile_0.5,12017.627499999999,OK,,"{""method"": ""numpy linear""}"
bb_upper,distribution,quantile_0.75,30655.57825,OK,,"{""method"": ""numpy linear""}"
bb_upper,distribution,quantile_0.95,58138.120500000005,OK,,"{""method"": ""numpy linear""}"
bb_upper,distribution,quantile_0.99,64391.128150000004,OK,,"{""method"": ""numpy linear""}"
bb_upper,distribution,quantile_0.995,66280.12424999998,OK,,"{""method"": ""numpy linear""}"
bb_upper,volatility,diff_std,154.95121031572248,OK,,"{""rule"": ""longest contiguous finite run; no imputation"", ""segment_rows"": [19, 12835]}"
bb_upper,volatility,diff_abs_mean,77.86773518532969,OK,,"{""rule"": ""longest contiguous finite run; no imputation"", ""segment_rows"": [19, 12835]}"
bb_upper,volatility,diff_std_over_std,0.009143156222800259,OK,,"{""rule"": ""longest contiguous finite run; no imputation"", ""segment_rows"": [19, 12835]}"
bb_upper,volatility,rolling_std_cv,1.5462470939854878,OK,,"{""rule"": ""non-overlapping primary-period blocks; std of block std / mean"", ""window_rows"": 6}"
bb_upper,trend,slope_per_row,2.8339756378288525,OK,,"{""rule"": ""longest contiguous finite run; no imputation"", ""segment_rows"": [19, 12835]}"
bb_upper,trend,slope_per_day,,UNSUPPORTED,NO_VERIFIED_REGULAR_STEP,
bb_upper,trend,linear_r2,0.38278260796288166,OK,,
bb_upper,acf,acf_lag_1,0.9999083305706217,OK,,"{""estimator"": ""biased, mean-centered""}"
bb_upper,acf,acf_lag_2,0.9997496365064378,OK,,"{""estimator"": ""biased, mean-centered""}"
bb_upper,acf,acf_lag_3,0.9995359297155167,OK,,"{""estimator"": ""biased, mean-centered""}"
bb_upper,acf,acf_lag_6,0.9986710583697382,OK,,"{""estimator"": ""biased, mean-centered""}"
bb_upper,acf,acf_lag_12,0.9965753301752883,OK,,"{""estimator"": ""biased, mean-centered""}"
bb_upper,acf,acf_lag_42,0.9861500112802046,OK,,"{""estimator"": ""biased, mean-centered""}"
bb_upper,acf,decorrelation_lag_1_over_e,,NOT_RUN,ACF_ABOVE_1_OVER_E_THROUGH_LAG_64,
bb_upper,spectral,peak1_period_rows,6408.0,OK,,"{""method"": ""periodogram, linear detrend, rank by power""}"
bb_upper,spectral,peak1_power_fraction,0.4539002129850057,OK,,
bb_upper,spectral,peak2_period_rows,12816.0,OK,,"{""method"": ""periodogram, linear detrend, rank by power""}"
bb_upper,spectral,peak2_power_fraction,0.19688270588239032,OK,,
bb_upper,spectral,peak3_period_rows,4272.0,OK,,"{""method"": ""periodogram, linear detrend, rank by power""}"
bb_upper,spectral,peak3_power_fraction,0.16961455755294716,OK,,
bb_upper,spectral,peak1_period_hours,,UNSUPPORTED,NO_VERIFIED_REGULAR_STEP,
bb_upper,spectral,entropy_normalized,0.21113878658379634,OK,,
bb_upper,spectral,low_frequency_power_fraction,0.9999799705847181,OK,,"{""basis"": ""primary period"", ""cutoff_cycles_per_row"": 0.16666666666666666}"
bb_upper,spectral,centroid_cycles_per_row,0.00040714521985991687,OK,,
bb_upper,stationarity,adf_c_aic_statistic,-1.5464459564219761,OK,,"{""autolag"": ""AIC"", ""lag_selection"": ""AIC over lags 0..maxlag on the common trimmed sample, as statsmodels _autolag does, without retaining every fitted model; final fit adfuller(maxlag=best, autolag=None)"", ""limitation"": ""MacKinnon approximate p-value; low power near unity; lag choice by AIC"", ""maxlag"": 41, ""n"": 12816, ""null"": ""unit root"", ""regression"": ""c"", ""test"": ""ADF""}"
bb_upper,stationarity,adf_c_aic_pvalue,0.5104229961537133,OK,,"{""autolag"": ""AIC"", ""lag_selection"": ""AIC over lags 0..maxlag on the common trimmed sample, as statsmodels _autolag does, without retaining every fitted model; final fit adfuller(maxlag=best, autolag=None)"", ""limitation"": ""MacKinnon approximate p-value; low power near unity; lag choice by AIC"", ""maxlag"": 41, ""n"": 12816, ""null"": ""unit root"", ""regression"": ""c"", ""test"": ""ADF""}"
bb_upper,stationarity,adf_c_aic_lags,41,OK,,"{""autolag"": ""AIC"", ""lag_selection"": ""AIC over lags 0..maxlag on the common trimmed sample, as statsmodels _autolag does, without retaining every fitted model; final fit adfuller(maxlag=best, autolag=None)"", ""limitation"": ""MacKinnon approximate p-value; low power near unity; lag choice by AIC"", ""maxlag"": 41, ""n"": 12816, ""null"": ""unit root"", ""regression"": ""c"", ""test"": ""ADF""}"
bb_upper,stationarity,kpss_c_auto_statistic,9.076862480152025,OK_WITH_WARNING,,"{""limitation"": ""p-value interpolated from a table bounded to [0.01, 0.10]"", ""n"": 12816, ""nlags"": ""auto (Hobijn)"", ""null"": ""level stationarity"", ""regression"": ""c"", ""test"": ""KPSS"", ""warnings"": [""The test statistic is outside of the range of p-values available in the\nlook-up table. The actual p-value is smaller than the p-value returned.\n""]}"
bb_upper,stationarity,kpss_c_auto_pvalue,0.01,OK_WITH_WARNING,P_VALUE_AT_TABLE_BOUND,"{""limitation"": ""p-value interpolated from a table bounded to [0.01, 0.10]"", ""n"": 12816, ""nlags"": ""auto (Hobijn)"", ""null"": ""level stationarity"", ""regression"": ""c"", ""test"": ""KPSS"", ""warnings"": [""The test statistic is outside of the range of p-values available in the\nlook-up table. The actual p-value is smaller than the p-value returned.\n""]}"
bb_upper,stationarity,kpss_c_auto_lags,70,OK_WITH_WARNING,,"{""limitation"": ""p-value interpolated from a table bounded to [0.01, 0.10]"", ""n"": 12816, ""nlags"": ""auto (Hobijn)"", ""null"": ""level stationarity"", ""regression"": ""c"", ""test"": ""KPSS"", ""warnings"": [""The test statistic is outside of the range of p-values available in the\nlook-up table. The actual p-value is smaller than the p-value returned.\n""]}"
bb_upper,stationarity,kpss_ct_auto_statistic,1.534423616522227,OK_WITH_WARNING,,"{""limitation"": ""p-value interpolated from a table bounded to [0.01, 0.10]"", ""n"": 12816, ""nlags"": ""auto (Hobijn)"", ""null"": ""trend stationarity"", ""regression"": ""ct"", ""test"": ""KPSS"", ""warnings"": [""The test statistic is outside of the range of p-values available in the\nlook-up table. The actual p-value is smaller than the p-value returned.\n""]}"
bb_upper,stationarity,kpss_ct_auto_pvalue,0.01,OK_WITH_WARNING,P_VALUE_AT_TABLE_BOUND,"{""limitation"": ""p-value interpolated from a table bounded to [0.01, 0.10]"", ""n"": 12816, ""nlags"": ""auto (Hobijn)"", ""null"": ""trend stationarity"", ""regression"": ""ct"", ""test"": ""KPSS"", ""warnings"": [""The test statistic is outside of the range of p-values available in the\nlook-up table. The actual p-value is smaller than the p-value returned.\n""]}"
bb_upper,stationarity,kpss_ct_auto_lags,70,OK_WITH_WARNING,,"{""limitation"": ""p-value interpolated from a table bounded to [0.01, 0.10]"", ""n"": 12816, ""nlags"": ""auto (Hobijn)"", ""null"": ""trend stationarity"", ""regression"": ""ct"", ""test"": ""KPSS"", ""warnings"": [""The test statistic is outside of the range of p-values available in the\nlook-up table. The actual p-value is smaller than the p-value returned.\n""]}"
bb_upper,stationarity,adf_kpss_joint_reading,ADF_DOES_NOT_REJECT_KPSS_REJECTS_LEVEL,OK,,"{""alpha"": 0.05, ""note"": ""descriptive, unadjusted for multiple testing; not an eligibility rule""}"
bb_upper,seasonality,acf_at_daily_6,0.998671058369738,OK,,"{""declared_period_rows"": 6}"
bb_upper,seasonality,seasonal_diff_var_ratio_daily_6,0.00205462207378556,OK,,"{""formula"": ""var(x_t - x_{t-s}) / var(x_t); 2 for white noise, <1 when season repeats""}"
bb_upper,seasonality,acf_at_weekly_42,0.9861500112802047,OK,,"{""declared_period_rows"": 42}"
bb_upper,seasonality,seasonal_diff_var_ratio_weekly_42,0.02342289764676466,OK,,"{""formula"": ""var(x_t - x_{t-s}) / var(x_t); 2 for white noise, <1 when season repeats""}"
bb_upper,seasonality,stl_seasonal_strength_primary,0.11959696732306602,OK,,"{""formula"": ""max(0, 1 - var(R)/var(S+R)) and max(0, 1 - var(R)/var(T+R)) (Wang, Smith, Hyndman 2006)"", ""method"": ""statsmodels STL"", ""note"": ""optional diagnostic transform; not a model input"", ""period"": 6, ""robust"": false}"
bb_upper,seasonality,stl_trend_strength_primary,0.999967587899736,OK,,"{""formula"": ""max(0, 1 - var(R)/var(S+R)) and max(0, 1 - var(R)/var(T+R)) (Wang, Smith, Hyndman 2006)"", ""method"": ""statsmodels STL"", ""note"": ""optional diagnostic transform; not a model input"", ""period"": 6, ""robust"": false}"
bb_middle,missingness,rows,12835,OK,,
bb_middle,missingness,missing_count,19,OK,,"{""also"": ""NaN literals parsed by float()"", ""empty_or_token_cells"": 19, ""tokens"": ["""", ""n/a"", ""na"", ""nan"", ""none"", ""null""]}"
bb_middle,missingness,missing_fraction,0.0014803272302298402,OK,,
bb_middle,missingness,nonnumeric_count,0,OK,,
bb_middle,missingness,nonfinite_count,19,OK,,
bb_middle,missingness,longest_finite_run,12816,OK,,
bb_middle,missingness,constant_flag,False,OK,,
bb_middle,missingness,unique_count,12810,OK,,
bb_middle,distribution,mean,19932.006069975032,OK,,
bb_middle,distribution,std,16120.677574389776,OK,,
bb_middle,distribution,min,3243.8416,OK,,
bb_middle,distribution,max,66537.445,OK,,
bb_middle,distribution,median,11502.48,OK,,
bb_middle,distribution,iqr,21882.887000000002,OK,,
bb_middle,distribution,mad,6746.612150000001,OK,,
bb_middle,distribution,skewness,1.052008405532151,OK,,"{""bias"": false}"
bb_middle,distribution,excess_kurtosis,-0.046962094370345486,OK,,"{""bias"": false}"
bb_middle,distribution,upper_tail_ratio,2.877337694528137,OK,,"{""formula"": ""(q0.995-q0.5)/(q0.75-q0.5); Gaussian ~3.82""}"
bb_middle,distribution,lower_tail_ratio,2.0500170249725462,OK,,"{""formula"": ""(q0.5-q0.005)/(q0.5-q0.25); Gaussian ~3.82""}"
bb_middle,distribution,robust_z_outlier_fraction_gt5,0.011548064918851436,OK,,"{""scale"": ""1.4826*MAD""}"
bb_middle,distribution,zero_fraction,0.0,OK,,
bb_middle,distribution,quantile_0.005,3444.485255,OK,,"{""method"": ""numpy linear""}"
bb_middle,distribution,quantile_0.01,3494.026775,OK,,"{""method"": ""numpy linear""}"
bb_middle,distribution,quantile_0.05,3929.567125,OK,,"{""method"": ""numpy linear""}"
bb_middle,distribution,quantile_0.25,7571.7835,OK,,"{""method"": ""numpy linear""}"
bb_middle,distribution,quantile_0.5,11502.48,OK,,"{""method"": ""numpy linear""}"
bb_middle,distribution,quantile_0.75,29454.6705,OK,,"{""method"": ""numpy linear""}"
bb_middle,distribution,quantile_0.95,54870.24875,OK,,"{""method"": ""numpy linear""}"
bb_middle,distribution,quantile_0.99,61760.0365,OK,,"{""method"": ""numpy linear""}"
bb_middle,distribution,quantile_0.995,63156.994424999924,OK,,"{""method"": ""numpy linear""}"
bb_middle,volatility,diff_std,87.41312884166499,OK,,"{""rule"": ""longest contiguous finite run; no imputation"", ""segment_rows"": [19, 12835]}"
bb_middle,volatility,diff_abs_mean,51.74552722590713,OK,,"{""rule"": ""longest contiguous finite run; no imputation"", ""segment_rows"": [19, 12835]}"
bb_middle,volatility,diff_std_over_std,0.005422422751047043,OK,,"{""rule"": ""longest contiguous finite run; no imputation"", ""segment_rows"": [19, 12835]}"
bb_middle,volatility,rolling_std_cv,1.3259129554817615,OK,,"{""rule"": ""non-overlapping primary-period blocks; std of block std / mean"", ""window_rows"": 6}"
bb_middle,trend,slope_per_row,2.7350630757005465,OK,,"{""rule"": ""longest contiguous finite run; no imputation"", ""segment_rows"": [19, 12835]}"
bb_middle,trend,slope_per_day,,UNSUPPORTED,NO_VERIFIED_REGULAR_STEP,
bb_middle,trend,linear_r2,0.39402678594492946,OK,,
bb_middle,acf,acf_lag_1,0.9999316829757612,OK,,"{""estimator"": ""biased, mean-centered""}"
bb_middle,acf,acf_lag_2,0.9998354315937718,OK,,"{""estimator"": ""biased, mean-centered""}"
bb_middle,acf,acf_lag_3,0.9997127690555727,OK,,"{""estimator"": ""biased, mean-centered""}"
bb_middle,acf,acf_lag_6,0.9992029860828183,OK,,"{""estimator"": ""biased, mean-centered""}"
bb_middle,acf,acf_lag_12,0.9976822623574779,OK,,"{""estimator"": ""biased, mean-centered""}"
bb_middle,acf,acf_lag_42,0.9870793751498738,OK,,"{""estimator"": ""biased, mean-centered""}"
bb_middle,acf,decorrelation_lag_1_over_e,,NOT_RUN,ACF_ABOVE_1_OVER_E_THROUGH_LAG_64,
bb_middle,spectral,peak1_period_rows,6408.0,OK,,"{""method"": ""periodogram, linear detrend, rank by power""}"
bb_middle,spectral,peak1_power_fraction,0.45473622355852134,OK,,
bb_middle,spectral,peak2_period_rows,12816.0,OK,,"{""method"": ""periodogram, linear detrend, rank by power""}"
bb_middle,spectral,peak2_power_fraction,0.19431180598899062,OK,,
bb_middle,spectral,peak3_period_rows,4272.0,OK,,"{""method"": ""periodogram, linear detrend, rank by power""}"
bb_middle,spectral,peak3_power_fraction,0.1711398073234174,OK,,
bb_middle,spectral,peak1_period_hours,,UNSUPPORTED,NO_VERIFIED_REGULAR_STEP,
bb_middle,spectral,entropy_normalized,0.21025823936849486,OK,,
bb_middle,spectral,low_frequency_power_fraction,0.9999884932255718,OK,,"{""basis"": ""primary period"", ""cutoff_cycles_per_row"": 0.16666666666666666}"
bb_middle,spectral,centroid_cycles_per_row,0.0003645648669625175,OK,,
bb_middle,stationarity,adf_c_aic_statistic,-1.7104452379901043,OK,,"{""autolag"": ""AIC"", ""lag_selection"": ""AIC over lags 0..maxlag on the common trimmed sample, as statsmodels _autolag does, without retaining every fitted model; final fit adfuller(maxlag=best, autolag=None)"", ""limitation"": ""MacKinnon approximate p-value; low power near unity; lag choice by AIC"", ""maxlag"": 41, ""n"": 12816, ""null"": ""unit root"", ""regression"": ""c"", ""test"": ""ADF""}"
bb_middle,stationarity,adf_c_aic_pvalue,0.4257389706362192,OK,,"{""autolag"": ""AIC"", ""lag_selection"": ""AIC over lags 0..maxlag on the common trimmed sample, as statsmodels _autolag does, without retaining every fitted model; final fit adfuller(maxlag=best, autolag=None)"", ""limitation"": ""MacKinnon approximate p-value; low power near unity; lag choice by AIC"", ""maxlag"": 41, ""n"": 12816, ""null"": ""unit root"", ""regression"": ""c"", ""test"": ""ADF""}"
bb_middle,stationarity,adf_c_aic_lags,41,OK,,"{""autolag"": ""AIC"", ""lag_selection"": ""AIC over lags 0..maxlag on the common trimmed sample, as statsmodels _autolag does, without retaining every fitted model; final fit adfuller(maxlag=best, autolag=None)"", ""limitation"": ""MacKinnon approximate p-value; low power near unity; lag choice by AIC"", ""maxlag"": 41, ""n"": 12816, ""null"": ""unit root"", ""regression"": ""c"", ""test"": ""ADF""}"
bb_middle,stationarity,kpss_c_auto_statistic,9.250296685247394,OK_WITH_WARNING,,"{""limitation"": ""p-value interpolated from a table bounded to [0.01, 0.10]"", ""n"": 12816, ""nlags"": ""auto (Hobijn)"", ""null"": ""level stationarity"", ""regression"": ""c"", ""test"": ""KPSS"", ""warnings"": [""The test statistic is outside of the range of p-values available in the\nlook-up table. The actual p-value is smaller than the p-value returned.\n""]}"
bb_middle,stationarity,kpss_c_auto_pvalue,0.01,OK_WITH_WARNING,P_VALUE_AT_TABLE_BOUND,"{""limitation"": ""p-value interpolated from a table bounded to [0.01, 0.10]"", ""n"": 12816, ""nlags"": ""auto (Hobijn)"", ""null"": ""level stationarity"", ""regression"": ""c"", ""test"": ""KPSS"", ""warnings"": [""The test statistic is outside of the range of p-values available in the\nlook-up table. The actual p-value is smaller than the p-value returned.\n""]}"
bb_middle,stationarity,kpss_c_auto_lags,70,OK_WITH_WARNING,,"{""limitation"": ""p-value interpolated from a table bounded to [0.01, 0.10]"", ""n"": 12816, ""nlags"": ""auto (Hobijn)"", ""null"": ""level stationarity"", ""regression"": ""c"", ""test"": ""KPSS"", ""warnings"": [""The test statistic is outside of the range of p-values available in the\nlook-up table. The actual p-value is smaller than the p-value returned.\n""]}"
bb_middle,stationarity,kpss_ct_auto_statistic,1.5217381789800053,OK_WITH_WARNING,,"{""limitation"": ""p-value interpolated from a table bounded to [0.01, 0.10]"", ""n"": 12816, ""nlags"": ""auto (Hobijn)"", ""null"": ""trend stationarity"", ""regression"": ""ct"", ""test"": ""KPSS"", ""warnings"": [""The test statistic is outside of the range of p-values available in the\nlook-up table. The actual p-value is smaller than the p-value returned.\n""]}"
bb_middle,stationarity,kpss_ct_auto_pvalue,0.01,OK_WITH_WARNING,P_VALUE_AT_TABLE_BOUND,"{""limitation"": ""p-value interpolated from a table bounded to [0.01, 0.10]"", ""n"": 12816, ""nlags"": ""auto (Hobijn)"", ""null"": ""trend stationarity"", ""regression"": ""ct"", ""test"": ""KPSS"", ""warnings"": [""The test statistic is outside of the range of p-values available in the\nlook-up table. The actual p-value is smaller than the p-value returned.\n""]}"
bb_middle,stationarity,kpss_ct_auto_lags,70,OK_WITH_WARNING,,"{""limitation"": ""p-value interpolated from a table bounded to [0.01, 0.10]"", ""n"": 12816, ""nlags"": ""auto (Hobijn)"", ""null"": ""trend stationarity"", ""regression"": ""ct"", ""test"": ""KPSS"", ""warnings"": [""The test statistic is outside of the range of p-values available in the\nlook-up table. The actual p-value is smaller than the p-value returned.\n""]}"
bb_middle,stationarity,adf_kpss_joint_reading,ADF_DOES_NOT_REJECT_KPSS_REJECTS_LEVEL,OK,,"{""alpha"": 0.05, ""note"": ""descriptive, unadjusted for multiple testing; not an eligibility rule""}"
bb_middle,seasonality,acf_at_daily_6,0.9992029860828183,OK,,"{""declared_period_rows"": 6}"
bb_middle,seasonality,seasonal_diff_var_ratio_daily_6,0.0009465767765396877,OK,,"{""formula"": ""var(x_t - x_{t-s}) / var(x_t); 2 for white noise, <1 when season repeats""}"
bb_middle,seasonality,acf_at_weekly_42,0.9870793751498743,OK,,"{""declared_period_rows"": 42}"
bb_middle,seasonality,seasonal_diff_var_ratio_weekly_42,0.021454174506927257,OK,,"{""formula"": ""var(x_t - x_{t-s}) / var(x_t); 2 for white noise, <1 when season repeats""}"
bb_middle,seasonality,stl_seasonal_strength_primary,0.0882347976196588,OK,,"{""formula"": ""max(0, 1 - var(R)/var(S+R)) and max(0, 1 - var(R)/var(T+R)) (Wang, Smith, Hyndman 2006)"", ""method"": ""statsmodels STL"", ""note"": ""optional diagnostic transform; not a model input"", ""period"": 6, ""robust"": false}"
bb_middle,seasonality,stl_trend_strength_primary,0.9999954380790961,OK,,"{""formula"": ""max(0, 1 - var(R)/var(S+R)) and max(0, 1 - var(R)/var(T+R)) (Wang, Smith, Hyndman 2006)"", ""method"": ""statsmodels STL"", ""note"": ""optional diagnostic transform; not a model input"", ""period"": 6, ""robust"": false}"
bb_lower,missingness,rows,12835,OK,,
bb_lower,missingness,missing_count,19,OK,,"{""also"": ""NaN literals parsed by float()"", ""empty_or_token_cells"": 19, ""tokens"": ["""", ""n/a"", ""na"", ""nan"", ""none"", ""null""]}"
bb_lower,missingness,missing_fraction,0.0014803272302298402,OK,,
bb_lower,missingness,nonnumeric_count,0,OK,,
bb_lower,missingness,nonfinite_count,19,OK,,
bb_lower,missingness,longest_finite_run,12816,OK,,
bb_lower,missingness,constant_flag,False,OK,,
bb_lower,missingness,unique_count,12808,OK,,
bb_lower,distribution,mean,18947.80964696473,OK,,
bb_lower,distribution,std,15330.292989289368,OK,,
bb_lower,distribution,min,2936.619,OK,,
bb_lower,distribution,max,64401.81,OK,,
bb_lower,distribution,median,10949.7055,OK,,
bb_lower,distribution,iqr,21087.72325,OK,,
bb_lower,distribution,mad,6461.222,OK,,
bb_lower,distribution,skewness,1.060558642469722,OK,,"{""bias"": false}"
bb_lower,distribution,excess_kurtosis,0.0014041529682180531,OK,,"{""bias"": false}"
bb_lower,distribution,upper_tail_ratio,2.850964055005541,OK,,"{""formula"": ""(q0.995-q0.5)/(q0.75-q0.5); Gaussian ~3.82""}"
bb_lower,distribution,lower_tail_ratio,2.0443499956807574,OK,,"{""formula"": ""(q0.5-q0.005)/(q0.5-q0.25); Gaussian ~3.82""}"
bb_lower,distribution,robust_z_outlier_fraction_gt5,0.012952559300873908,OK,,"{""scale"": ""1.4826*MAD""}"
bb_lower,distribution,zero_fraction,0.0,OK,,
bb_lower,distribution,quantile_0.005,3228.8012049999998,OK,,"{""method"": ""numpy linear""}"
bb_lower,distribution,quantile_0.01,3358.4647250000003,OK,,"{""method"": ""numpy linear""}"
bb_lower,distribution,quantile_0.05,3783.72585,OK,,"{""method"": ""numpy linear""}"
bb_lower,distribution,quantile_0.25,7173.00175,OK,,"{""method"": ""numpy linear""}"
bb_lower,distribution,quantile_0.5,10949.7055,OK,,"{""method"": ""numpy linear""}"
bb_lower,distribution,quantile_0.75,28260.725,OK,,"{""method"": ""numpy linear""}"
bb_lower,distribution,quantile_0.95,51944.53125,OK,,"{""method"": ""numpy linear""}"
bb_lower,distribution,quantile_0.99,59550.79475,OK,,"{""method"": ""numpy linear""}"
bb_lower,distribution,quantile_0.995,60302.79984999998,OK,,"{""method"": ""numpy linear""}"
bb_lower,volatility,diff_std,158.76905220284672,OK,,"{""rule"": ""longest contiguous finite run; no imputation"", ""segment_rows"": [19, 12835]}"
bb_lower,volatility,diff_abs_mean,78.44322177916503,OK,,"{""rule"": ""longest contiguous finite run; no imputation"", ""segment_rows"": [19, 12835]}"
bb_lower,volatility,diff_std_over_std,0.01035655693689429,OK,,"{""rule"": ""longest contiguous finite run; no imputation"", ""segment_rows"": [19, 12835]}"
bb_lower,volatility,rolling_std_cv,1.5779990773343204,OK,,"{""rule"": ""non-overlapping primary-period blocks; std of block std / mean"", ""window_rows"": 6}"
bb_lower,trend,slope_per_row,2.6361505206540383,OK,,"{""rule"": ""longest contiguous finite run; no imputation"", ""segment_rows"": [19, 12835]}"
bb_lower,trend,slope_per_day,,UNSUPPORTED,NO_VERIFIED_REGULAR_STEP,
bb_lower,trend,linear_r2,0.40475957886963565,OK,,
bb_lower,acf,acf_lag_1,0.9998884465581312,OK,,"{""estimator"": ""biased, mean-centered""}"
bb_lower,acf,acf_lag_2,0.9996916683582573,OK,,"{""estimator"": ""biased, mean-centered""}"
bb_lower,acf,acf_lag_3,0.9994247333894903,OK,,"{""estimator"": ""biased, mean-centered""}"
bb_lower,acf,acf_lag_6,0.998341551784644,OK,,"{""estimator"": ""biased, mean-centered""}"
bb_lower,acf,acf_lag_12,0.9957285156369886,OK,,"{""estimator"": ""biased, mean-centered""}"
bb_lower,acf,acf_lag_42,0.9845380371263873,OK,,"{""estimator"": ""biased, mean-centered""}"
bb_lower,acf,decorrelation_lag_1_over_e,,NOT_RUN,ACF_ABOVE_1_OVER_E_THROUGH_LAG_64,
bb_lower,spectral,peak1_period_rows,6408.0,OK,,"{""method"": ""periodogram, linear detrend, rank by power""}"
bb_lower,spectral,peak1_power_fraction,0.4523782918923631,OK,,
bb_lower,spectral,peak2_period_rows,12816.0,OK,,"{""method"": ""periodogram, linear detrend, rank by power""}"
bb_lower,spectral,peak2_power_fraction,0.19002800108453663,OK,,
bb_lower,spectral,peak3_period_rows,4272.0,OK,,"{""method"": ""periodogram, linear detrend, rank by power""}"
bb_lower,spectral,peak3_power_fraction,0.17163115039006274,OK,,
bb_lower,spectral,peak1_period_hours,,UNSUPPORTED,NO_VERIFIED_REGULAR_STEP,
bb_lower,spectral,entropy_normalized,0.21588978100122524,OK,,
bb_lower,spectral,low_frequency_power_fraction,0.9999806827433374,OK,,"{""basis"": ""primary period"", ""cutoff_cycles_per_row"": 0.16666666666666666}"
bb_lower,spectral,centroid_cycles_per_row,0.0004525203187409181,OK,,
bb_lower,stationarity,adf_c_aic_statistic,-1.5813314194871717,OK,,"{""autolag"": ""AIC"", ""lag_selection"": ""AIC over lags 0..maxlag on the common trimmed sample, as statsmodels _autolag does, without retaining every fitted model; final fit adfuller(maxlag=best, autolag=None)"", ""limitation"": ""MacKinnon approximate p-value; low power near unity; lag choice by AIC"", ""maxlag"": 41, ""n"": 12816, ""null"": ""unit root"", ""regression"": ""c"", ""test"": ""ADF""}"
bb_lower,stationarity,adf_c_aic_pvalue,0.49296420460238194,OK,,"{""autolag"": ""AIC"", ""lag_selection"": ""AIC over lags 0..maxlag on the common trimmed sample, as statsmodels _autolag does, without retaining every fitted model; final fit adfuller(maxlag=best, autolag=None)"", ""limitation"": ""MacKinnon approximate p-value; low power near unity; lag choice by AIC"", ""maxlag"": 41, ""n"": 12816, ""null"": ""unit root"", ""regression"": ""c"", ""test"": ""ADF""}"
bb_lower,stationarity,adf_c_aic_lags,37,OK,,"{""autolag"": ""AIC"", ""lag_selection"": ""AIC over lags 0..maxlag on the common trimmed sample, as statsmodels _autolag does, without retaining every fitted model; final fit adfuller(maxlag=best, autolag=None)"", ""limitation"": ""MacKinnon approximate p-value; low power near unity; lag choice by AIC"", ""maxlag"": 41, ""n"": 12816, ""null"": ""unit root"", ""regression"": ""c"", ""test"": ""ADF""}"
bb_lower,stationarity,kpss_c_auto_statistic,9.428446039277876,OK_WITH_WARNING,,"{""limitation"": ""p-value interpolated from a table bounded to [0.01, 0.10]"", ""n"": 12816, ""nlags"": ""auto (Hobijn)"", ""null"": ""level stationarity"", ""regression"": ""c"", ""test"": ""KPSS"", ""warnings"": [""The test statistic is outside of the range of p-values available in the\nlook-up table. The actual p-value is smaller than the p-value returned.\n""]}"
bb_lower,stationarity,kpss_c_auto_pvalue,0.01,OK_WITH_WARNING,P_VALUE_AT_TABLE_BOUND,"{""limitation"": ""p-value interpolated from a table bounded to [0.01, 0.10]"", ""n"": 12816, ""nlags"": ""auto (Hobijn)"", ""null"": ""level stationarity"", ""regression"": ""c"", ""test"": ""KPSS"", ""warnings"": [""The test statistic is outside of the range of p-values available in the\nlook-up table. The actual p-value is smaller than the p-value returned.\n""]}"
bb_lower,stationarity,kpss_c_auto_lags,70,OK_WITH_WARNING,,"{""limitation"": ""p-value interpolated from a table bounded to [0.01, 0.10]"", ""n"": 12816, ""nlags"": ""auto (Hobijn)"", ""null"": ""level stationarity"", ""regression"": ""c"", ""test"": ""KPSS"", ""warnings"": [""The test statistic is outside of the range of p-values available in the\nlook-up table. The actual p-value is smaller than the p-value returned.\n""]}"
bb_lower,stationarity,kpss_ct_auto_statistic,1.5039713387939468,OK_WITH_WARNING,,"{""limitation"": ""p-value interpolated from a table bounded to [0.01, 0.10]"", ""n"": 12816, ""nlags"": ""auto (Hobijn)"", ""null"": ""trend stationarity"", ""regression"": ""ct"", ""test"": ""KPSS"", ""warnings"": [""The test statistic is outside of the range of p-values available in the\nlook-up table. The actual p-value is smaller than the p-value returned.\n""]}"
bb_lower,stationarity,kpss_ct_auto_pvalue,0.01,OK_WITH_WARNING,P_VALUE_AT_TABLE_BOUND,"{""limitation"": ""p-value interpolated from a table bounded to [0.01, 0.10]"", ""n"": 12816, ""nlags"": ""auto (Hobijn)"", ""null"": ""trend stationarity"", ""regression"": ""ct"", ""test"": ""KPSS"", ""warnings"": [""The test statistic is outside of the range of p-values available in the\nlook-up table. The actual p-value is smaller than the p-value returned.\n""]}"
bb_lower,stationarity,kpss_ct_auto_lags,70,OK_WITH_WARNING,,"{""limitation"": ""p-value interpolated from a table bounded to [0.01, 0.10]"", ""n"": 12816, ""nlags"": ""auto (Hobijn)"", ""null"": ""trend stationarity"", ""regression"": ""ct"", ""test"": ""KPSS"", ""warnings"": [""The test statistic is outside of the range of p-values available in the\nlook-up table. The actual p-value is smaller than the p-value returned.\n""]}"
bb_lower,stationarity,adf_kpss_joint_reading,ADF_DOES_NOT_REJECT_KPSS_REJECTS_LEVEL,OK,,"{""alpha"": 0.05, ""note"": ""descriptive, unadjusted for multiple testing; not an eligibility rule""}"
bb_lower,seasonality,acf_at_daily_6,0.9983415517846446,OK,,"{""declared_period_rows"": 6}"
bb_lower,seasonality,seasonal_diff_var_ratio_daily_6,0.002619770941529181,OK,,"{""formula"": ""var(x_t - x_{t-s}) / var(x_t); 2 for white noise, <1 when season repeats""}"
bb_lower,seasonality,acf_at_weekly_42,0.9845380371263868,OK,,"{""declared_period_rows"": 42}"
bb_lower,seasonality,seasonal_diff_var_ratio_weekly_42,0.026430855960395714,OK,,"{""formula"": ""var(x_t - x_{t-s}) / var(x_t); 2 for white noise, <1 when season repeats""}"
bb_lower,seasonality,stl_seasonal_strength_primary,0.11648113743049482,OK,,"{""formula"": ""max(0, 1 - var(R)/var(S+R)) and max(0, 1 - var(R)/var(T+R)) (Wang, Smith, Hyndman 2006)"", ""method"": ""statsmodels STL"", ""note"": ""optional diagnostic transform; not a model input"", ""period"": 6, ""robust"": false}"
bb_lower,seasonality,stl_trend_strength_primary,0.9999580332365419,OK,,"{""formula"": ""max(0, 1 - var(R)/var(S+R)) and max(0, 1 - var(R)/var(T+R)) (Wang, Smith, Hyndman 2006)"", ""method"": ""statsmodels STL"", ""note"": ""optional diagnostic transform; not a model input"", ""period"": 6, ""robust"": false}"
bb_pct_b,missingness,rows,12835,OK,,
bb_pct_b,missingness,missing_count,19,OK,,"{""also"": ""NaN literals parsed by float()"", ""empty_or_token_cells"": 19, ""tokens"": ["""", ""n/a"", ""na"", ""nan"", ""none"", ""null""]}"
bb_pct_b,missingness,missing_fraction,0.0014803272302298402,OK,,
bb_pct_b,missingness,nonnumeric_count,0,OK,,
bb_pct_b,missingness,nonfinite_count,19,OK,,
bb_pct_b,missingness,longest_finite_run,12816,OK,,
bb_pct_b,missingness,constant_flag,False,OK,,
bb_pct_b,missingness,unique_count,12813,OK,,
bb_pct_b,distribution,mean,0.518986428546257,OK,,
bb_pct_b,distribution,std,0.33195953168180875,OK,,
bb_pct_b,distribution,min,-0.5037402,OK,,
bb_pct_b,distribution,max,1.5389434,OK,,
bb_pct_b,distribution,median,0.530896275,OK,,
bb_pct_b,distribution,iqr,0.502608465,OK,,
bb_pct_b,distribution,mad,0.24976014500000002,OK,,
bb_pct_b,distribution,skewness,-0.0809423295426716,OK,,"{""bias"": false}"
bb_pct_b,distribution,excess_kurtosis,-0.5715899434049092,OK,,"{""bias"": false}"
bb_pct_b,distribution,upper_tail_ratio,3.063188356071801,OK,,"{""formula"": ""(q0.995-q0.5)/(q0.75-q0.5); Gaussian ~3.82""}"
bb_pct_b,distribution,lower_tail_ratio,3.109971926551713,OK,,"{""formula"": ""(q0.5-q0.005)/(q0.5-q0.25); Gaussian ~3.82""}"
bb_pct_b,distribution,robust_z_outlier_fraction_gt5,0.0,OK,,"{""scale"": ""1.4826*MAD""}"
bb_pct_b,distribution,zero_fraction,0.0,OK,,
bb_pct_b,distribution,quantile_0.005,-0.2844045265,OK,,"{""method"": ""numpy linear""}"
bb_pct_b,distribution,quantile_0.01,-0.2174975615,OK,,"{""method"": ""numpy linear""}"
bb_pct_b,distribution,quantile_0.05,-0.022641278,OK,,"{""method"": ""numpy linear""}"
bb_pct_b,distribution,quantile_0.25,0.26873931,OK,,"{""method"": ""numpy linear""}"
bb_pct_b,distribution,quantile_0.5,0.530896275,OK,,"{""method"": ""numpy linear""}"
bb_pct_b,distribution,quantile_0.75,0.771347775,OK,,"{""method"": ""numpy linear""}"
bb_pct_b,distribution,quantile_0.95,1.0374595,OK,,"{""method"": ""numpy linear""}"
bb_pct_b,distribution,quantile_0.99,1.2089044950000003,OK,,"{""method"": ""numpy linear""}"
bb_pct_b,distribution,quantile_0.995,1.2674445099999985,OK,,"{""method"": ""numpy linear""}"
bb_pct_b,volatility,diff_std,0.16952628440244089,OK,,"{""rule"": ""longest contiguous finite run; no imputation"", ""segment_rows"": [19, 12835]}"
bb_pct_b,volatility,diff_abs_mean,0.11604530174808428,OK,,"{""rule"": ""longest contiguous finite run; no imputation"", ""segment_rows"": [19, 12835]}"
bb_pct_b,volatility,diff_std_over_std,0.5106835870733061,OK,,"{""rule"": ""longest contiguous finite run; no imputation"", ""segment_rows"": [19, 12835]}"
bb_pct_b,volatility,rolling_std_cv,0.6160390535573167,OK,,"{""rule"": ""non-overlapping primary-period blocks; std of block std / mean"", ""window_rows"": 6}"
bb_pct_b,trend,slope_per_row,-2.4253483708092305e-06,OK,,"{""rule"": ""longest contiguous finite run; no imputation"", ""segment_rows"": [19, 12835]}"
bb_pct_b,trend,slope_per_day,,UNSUPPORTED,NO_VERIFIED_REGULAR_STEP,
bb_pct_b,trend,linear_r2,0.0007306941111682175,OK,,
bb_pct_b,acf,acf_lag_1,0.8695246469729273,OK,,"{""estimator"": ""biased, mean-centered""}"
bb_pct_b,acf,acf_lag_2,0.7570697882519613,OK,,"{""estimator"": ""biased, mean-centered""}"
bb_pct_b,acf,acf_lag_3,0.660701716897927,OK,,"{""estimator"": ""biased, mean-centered""}"
bb_pct_b,acf,acf_lag_6,0.4057980650489405,OK,,"{""estimator"": ""biased, mean-centered""}"
bb_pct_b,acf,acf_lag_12,0.13696716417012655,OK,,"{""estimator"": ""biased, mean-centered""}"
bb_pct_b,acf,acf_lag_42,0.0025635735154441396,OK,,"{""estimator"": ""biased, mean-centered""}"
bb_pct_b,acf,decorrelation_lag_1_over_e,7,OK,,
bb_pct_b,spectral,peak1_period_rows,1602.0,OK,,"{""method"": ""periodogram, linear detrend, rank by power""}"
bb_pct_b,spectral,peak1_power_fraction,0.007388182751716112,OK,,
bb_pct_b,spectral,peak2_period_rows,86.01342281879194,OK,,"{""method"": ""periodogram, linear detrend, rank by power""}"
bb_pct_b,spectral,peak2_power_fraction,0.007071392976463652,OK,,
bb_pct_b,spectral,peak3_period_rows,1830.8571428571427,OK,,"{""method"": ""periodogram, linear detrend, rank by power""}"
bb_pct_b,spectral,peak3_power_fraction,0.006848107850251628,OK,,
bb_pct_b,spectral,peak1_period_hours,,UNSUPPORTED,NO_VERIFIED_REGULAR_STEP,
bb_pct_b,spectral,entropy_normalized,0.7958841157491915,OK,,
bb_pct_b,spectral,low_frequency_power_fraction,0.9209528563283851,OK,,"{""basis"": ""primary period"", ""cutoff_cycles_per_row"": 0.16666666666666666}"
bb_pct_b,spectral,centroid_cycles_per_row,0.05239428607491131,OK,,
bb_pct_b,stationarity,adf_c_aic_statistic,-15.832775000010669,OK,,"{""autolag"": ""AIC"", ""lag_selection"": ""AIC over lags 0..maxlag on the common trimmed sample, as statsmodels _autolag does, without retaining every fitted model; final fit adfuller(maxlag=best, autolag=None)"", ""limitation"": ""MacKinnon approximate p-value; low power near unity; lag choice by AIC"", ""maxlag"": 41, ""n"": 12816, ""null"": ""unit root"", ""regression"": ""c"", ""test"": ""ADF""}"
bb_pct_b,stationarity,adf_c_aic_pvalue,9.898646512092241e-29,OK,,"{""autolag"": ""AIC"", ""lag_selection"": ""AIC over lags 0..maxlag on the common trimmed sample, as statsmodels _autolag does, without retaining every fitted model; final fit adfuller(maxlag=best, autolag=None)"", ""limitation"": ""MacKinnon approximate p-value; low power near unity; lag choice by AIC"", ""maxlag"": 41, ""n"": 12816, ""null"": ""unit root"", ""regression"": ""c"", ""test"": ""ADF""}"
bb_pct_b,stationarity,adf_c_aic_lags,41,OK,,"{""autolag"": ""AIC"", ""lag_selection"": ""AIC over lags 0..maxlag on the common trimmed sample, as statsmodels _autolag does, without retaining every fitted model; final fit adfuller(maxlag=best, autolag=None)"", ""limitation"": ""MacKinnon approximate p-value; low power near unity; lag choice by AIC"", ""maxlag"": 41, ""n"": 12816, ""null"": ""unit root"", ""regression"": ""c"", ""test"": ""ADF""}"
bb_pct_b,stationarity,kpss_c_auto_statistic,0.21585455195268305,OK_WITH_WARNING,,"{""limitation"": ""p-value interpolated from a table bounded to [0.01, 0.10]"", ""n"": 12816, ""nlags"": ""auto (Hobijn)"", ""null"": ""level stationarity"", ""regression"": ""c"", ""test"": ""KPSS"", ""warnings"": [""The test statistic is outside of the range of p-values available in the\nlook-up table. The actual p-value is greater than the p-value returned.\n""]}"
bb_pct_b,stationarity,kpss_c_auto_pvalue,0.1,OK_WITH_WARNING,P_VALUE_AT_TABLE_BOUND,"{""limitation"": ""p-value interpolated from a table bounded to [0.01, 0.10]"", ""n"": 12816, ""nlags"": ""auto (Hobijn)"", ""null"": ""level stationarity"", ""regression"": ""c"", ""test"": ""KPSS"", ""warnings"": [""The test statistic is outside of the range of p-values available in the\nlook-up table. The actual p-value is greater than the p-value returned.\n""]}"
bb_pct_b,stationarity,kpss_c_auto_lags,59,OK_WITH_WARNING,,"{""limitation"": ""p-value interpolated from a table bounded to [0.01, 0.10]"", ""n"": 12816, ""nlags"": ""auto (Hobijn)"", ""null"": ""level stationarity"", ""regression"": ""c"", ""test"": ""KPSS"", ""warnings"": [""The test statistic is outside of the range of p-values available in the\nlook-up table. The actual p-value is greater than the p-value returned.\n""]}"
bb_pct_b,stationarity,kpss_ct_auto_statistic,0.14546878160816082,OK,,"{""limitation"": ""p-value interpolated from a table bounded to [0.01, 0.10]"", ""n"": 12816, ""nlags"": ""auto (Hobijn)"", ""null"": ""trend stationarity"", ""regression"": ""ct"", ""test"": ""KPSS""}"
bb_pct_b,stationarity,kpss_ct_auto_pvalue,0.050983737762665134,OK,,"{""limitation"": ""p-value interpolated from a table bounded to [0.01, 0.10]"", ""n"": 12816, ""nlags"": ""auto (Hobijn)"", ""null"": ""trend stationarity"", ""regression"": ""ct"", ""test"": ""KPSS""}"
bb_pct_b,stationarity,kpss_ct_auto_lags,59,OK,,"{""limitation"": ""p-value interpolated from a table bounded to [0.01, 0.10]"", ""n"": 12816, ""nlags"": ""auto (Hobijn)"", ""null"": ""trend stationarity"", ""regression"": ""ct"", ""test"": ""KPSS""}"
bb_pct_b,stationarity,adf_kpss_joint_reading,ADF_REJECTS_UNIT_ROOT_KPSS_DOES_NOT_REJECT_LEVEL,OK,,"{""alpha"": 0.05, ""note"": ""descriptive, unadjusted for multiple testing; not an eligibility rule""}"
bb_pct_b,seasonality,acf_at_daily_6,0.4057980650489404,OK,,"{""declared_period_rows"": 6}"
bb_pct_b,seasonality,seasonal_diff_var_ratio_daily_6,1.188346290031981,OK,,"{""formula"": ""var(x_t - x_{t-s}) / var(x_t); 2 for white noise, <1 when season repeats""}"
bb_pct_b,seasonality,acf_at_weekly_42,0.0025635735154441288,OK,,"{""declared_period_rows"": 42}"
bb_pct_b,seasonality,seasonal_diff_var_ratio_weekly_42,1.9972201598125756,OK,,"{""formula"": ""var(x_t - x_{t-s}) / var(x_t); 2 for white noise, <1 when season repeats""}"
bb_pct_b,seasonality,stl_seasonal_strength_primary,0.2683786323794598,OK,,"{""formula"": ""max(0, 1 - var(R)/var(S+R)) and max(0, 1 - var(R)/var(T+R)) (Wang, Smith, Hyndman 2006)"", ""method"": ""statsmodels STL"", ""note"": ""optional diagnostic transform; not a model input"", ""period"": 6, ""robust"": false}"
bb_pct_b,seasonality,stl_trend_strength_primary,0.8848274609485088,OK,,"{""formula"": ""max(0, 1 - var(R)/var(S+R)) and max(0, 1 - var(R)/var(T+R)) (Wang, Smith, Hyndman 2006)"", ""method"": ""statsmodels STL"", ""note"": ""optional diagnostic transform; not a model input"", ""period"": 6, ""robust"": false}"
bb_width,missingness,rows,12835,OK,,
bb_width,missingness,missing_count,19,OK,,"{""also"": ""NaN literals parsed by float()"", ""empty_or_token_cells"": 19, ""tokens"": ["""", ""n/a"", ""na"", ""nan"", ""none"", ""null""]}"
bb_width,missingness,missing_fraction,0.0014803272302298402,OK,,
bb_width,missingness,nonnumeric_count,0,OK,,
bb_width,missingness,nonfinite_count,19,OK,,
bb_width,missingness,longest_finite_run,12816,OK,,
bb_width,missingness,constant_flag,False,OK,,
bb_width,missingness,unique_count,12811,OK,,
bb_width,distribution,mean,0.0975937223312578,OK,,
bb_width,distribution,std,0.0720920241098048,OK,,
bb_width,distribution,min,0.005749727,OK,,
bb_width,distribution,max,0.733999,OK,,
bb_width,distribution,median,0.078729092,OK,,
bb_width,distribution,iqr,0.078298753,OK,,
bb_width,distribution,mad,0.035814539,OK,,
bb_width,distribution,skewness,2.0154435790100282,OK,,"{""bias"": false}"
bb_width,distribution,excess_kurtosis,7.403379318437224,OK,,"{""bias"": false}"
bb_width,distribution,upper_tail_ratio,6.786073588229627,OK,,"{""formula"": ""(q0.995-q0.5)/(q0.75-q0.5); Gaussian ~3.82""}"
bb_width,distribution,lower_tail_ratio,2.1820757210534647,OK,,"{""formula"": ""(q0.5-q0.005)/(q0.5-q0.25); Gaussian ~3.82""}"
bb_width,distribution,robust_z_outlier_fraction_gt5,0.010299625468164793,OK,,"{""scale"": ""1.4826*MAD""}"
bb_width,distribution,zero_fraction,0.0,OK,,
bb_width,distribution,quantile_0.005,0.01151664835,OK,,"{""method"": ""numpy linear""}"
bb_width,distribution,quantile_0.01,0.013467775425,OK,,"{""method"": ""numpy linear""}"
bb_width,distribution,quantile_0.05,0.022685748999999998,OK,,"{""method"": ""numpy linear""}"
bb_width,distribution,quantile_0.25,0.0479270245,OK,,"{""method"": ""numpy linear""}"
bb_width,distribution,quantile_0.5,0.078729092,OK,,"{""method"": ""numpy linear""}"
bb_width,distribution,quantile_0.75,0.1262257775,OK,,"{""method"": ""numpy linear""}"
bb_width,distribution,quantile_0.95,0.23428358,OK,,"{""method"": ""numpy linear""}"
bb_width,distribution,quantile_0.99,0.34506893950000006,OK,,"{""method"": ""numpy linear""}"
bb_width,distribution,quantile_0.995,0.4010450949999991,OK,,"{""method"": ""numpy linear""}"
bb_width,volatility,diff_std,0.01080108537793343,OK,,"{""rule"": ""longest contiguous finite run; no imputation"", ""segment_rows"": [19, 12835]}"
bb_width,volatility,diff_abs_mean,0.0065289450512524385,OK,,"{""rule"": ""longest contiguous finite run; no imputation"", ""segment_rows"": [19, 12835]}"
bb_width,volatility,diff_std_over_std,0.14982358327853415,OK,,"{""rule"": ""longest contiguous finite run; no imputation"", ""segment_rows"": [19, 12835]}"
bb_width,volatility,rolling_std_cv,1.1090199468800734,OK,,"{""rule"": ""non-overlapping primary-period blocks; std of block std / mean"", ""window_rows"": 6}"
bb_width,trend,slope_per_row,-4.230019694134094e-06,OK,,"{""rule"": ""longest contiguous finite run; no imputation"", ""segment_rows"": [19, 12835]}"
bb_width,trend,slope_per_day,,UNSUPPORTED,NO_VERIFIED_REGULAR_STEP,
bb_width,trend,linear_r2,0.04712680280694459,OK,,
bb_width,acf,acf_lag_1,0.988727473000428,OK,,"{""estimator"": ""biased, mean-centered""}"
bb_width,acf,acf_lag_2,0.9609417615031997,OK,,"{""estimator"": ""biased, mean-centered""}"
bb_width,acf,acf_lag_3,0.9206981710288571,OK,,"{""estimator"": ""biased, mean-centered""}"
bb_width,acf,acf_lag_6,0.7574702696860762,OK,,"{""estimator"": ""biased, mean-centered""}"
bb_width,acf,acf_lag_12,0.45216236444515917,OK,,"{""estimator"": ""biased, mean-centered""}"
bb_width,acf,acf_lag_42,0.30701900638512214,OK,,"{""estimator"": ""biased, mean-centered""}"
bb_width,acf,decorrelation_lag_1_over_e,16,OK,,
bb_width,spectral,peak1_period_rows,1602.0,OK,,"{""method"": ""periodogram, linear detrend, rank by power""}"
bb_width,spectral,peak1_power_fraction,0.047488747262514334,OK,,
bb_width,spectral,peak2_period_rows,3204.0,OK,,"{""method"": ""periodogram, linear detrend, rank by power""}"
bb_width,spectral,peak2_power_fraction,0.039816355535048205,OK,,
bb_width,spectral,peak3_period_rows,4272.0,OK,,"{""method"": ""periodogram, linear detrend, rank by power""}"
bb_width,spectral,peak3_power_fraction,0.03283360751481354,OK,,
bb_width,spectral,peak1_period_hours,,UNSUPPORTED,NO_VERIFIED_REGULAR_STEP,
bb_width,spectral,entropy_normalized,0.6484342032396688,OK,,
bb_width,spectral,low_frequency_power_fraction,0.9981820479556849,OK,,"{""basis"": ""primary period"", ""cutoff_cycles_per_row"": 0.16666666666666666}"
bb_width,spectral,centroid_cycles_per_row,0.01507069017705339,OK,,
bb_width,stationarity,adf_c_aic_statistic,-10.520315351772126,OK,,"{""autolag"": ""AIC"", ""lag_selection"": ""AIC over lags 0..maxlag on the common trimmed sample, as statsmodels _autolag does, without retaining every fitted model; final fit adfuller(maxlag=best, autolag=None)"", ""limitation"": ""MacKinnon approximate p-value; low power near unity; lag choice by AIC"", ""maxlag"": 41, ""n"": 12816, ""null"": ""unit root"", ""regression"": ""c"", ""test"": ""ADF""}"
bb_width,stationarity,adf_c_aic_pvalue,9.721118536416255e-19,OK,,"{""autolag"": ""AIC"", ""lag_selection"": ""AIC over lags 0..maxlag on the common trimmed sample, as statsmodels _autolag does, without retaining every fitted model; final fit adfuller(maxlag=best, autolag=None)"", ""limitation"": ""MacKinnon approximate p-value; low power near unity; lag choice by AIC"", ""maxlag"": 41, ""n"": 12816, ""null"": ""unit root"", ""regression"": ""c"", ""test"": ""ADF""}"
bb_width,stationarity,adf_c_aic_lags,30,OK,,"{""autolag"": ""AIC"", ""lag_selection"": ""AIC over lags 0..maxlag on the common trimmed sample, as statsmodels _autolag does, without retaining every fitted model; final fit adfuller(maxlag=best, autolag=None)"", ""limitation"": ""MacKinnon approximate p-value; low power near unity; lag choice by AIC"", ""maxlag"": 41, ""n"": 12816, ""null"": ""unit root"", ""regression"": ""c"", ""test"": ""ADF""}"
bb_width,stationarity,kpss_c_auto_statistic,1.8433142935873124,OK_WITH_WARNING,,"{""limitation"": ""p-value interpolated from a table bounded to [0.01, 0.10]"", ""n"": 12816, ""nlags"": ""auto (Hobijn)"", ""null"": ""level stationarity"", ""regression"": ""c"", ""test"": ""KPSS"", ""warnings"": [""The test statistic is outside of the range of p-values available in the\nlook-up table. The actual p-value is smaller than the p-value returned.\n""]}"
bb_width,stationarity,kpss_c_auto_pvalue,0.01,OK_WITH_WARNING,P_VALUE_AT_TABLE_BOUND,"{""limitation"": ""p-value interpolated from a table bounded to [0.01, 0.10]"", ""n"": 12816, ""nlags"": ""auto (Hobijn)"", ""null"": ""level stationarity"", ""regression"": ""c"", ""test"": ""KPSS"", ""warnings"": [""The test statistic is outside of the range of p-values available in the\nlook-up table. The actual p-value is smaller than the p-value returned.\n""]}"
bb_width,stationarity,kpss_c_auto_lags,66,OK_WITH_WARNING,,"{""limitation"": ""p-value interpolated from a table bounded to [0.01, 0.10]"", ""n"": 12816, ""nlags"": ""auto (Hobijn)"", ""null"": ""level stationarity"", ""regression"": ""c"", ""test"": ""KPSS"", ""warnings"": [""The test statistic is outside of the range of p-values available in the\nlook-up table. The actual p-value is smaller than the p-value returned.\n""]}"
bb_width,stationarity,kpss_ct_auto_statistic,0.4529750626647667,OK_WITH_WARNING,,"{""limitation"": ""p-value interpolated from a table bounded to [0.01, 0.10]"", ""n"": 12816, ""nlags"": ""auto (Hobijn)"", ""null"": ""trend stationarity"", ""regression"": ""ct"", ""test"": ""KPSS"", ""warnings"": [""The test statistic is outside of the range of p-values available in the\nlook-up table. The actual p-value is smaller than the p-value returned.\n""]}"
bb_width,stationarity,kpss_ct_auto_pvalue,0.01,OK_WITH_WARNING,P_VALUE_AT_TABLE_BOUND,"{""limitation"": ""p-value interpolated from a table bounded to [0.01, 0.10]"", ""n"": 12816, ""nlags"": ""auto (Hobijn)"", ""null"": ""trend stationarity"", ""regression"": ""ct"", ""test"": ""KPSS"", ""warnings"": [""The test statistic is outside of the range of p-values available in the\nlook-up table. The actual p-value is smaller than the p-value returned.\n""]}"
bb_width,stationarity,kpss_ct_auto_lags,65,OK_WITH_WARNING,,"{""limitation"": ""p-value interpolated from a table bounded to [0.01, 0.10]"", ""n"": 12816, ""nlags"": ""auto (Hobijn)"", ""null"": ""trend stationarity"", ""regression"": ""ct"", ""test"": ""KPSS"", ""warnings"": [""The test statistic is outside of the range of p-values available in the\nlook-up table. The actual p-value is smaller than the p-value returned.\n""]}"
bb_width,stationarity,adf_kpss_joint_reading,BOTH_REJECT_CONFLICT,OK,,"{""alpha"": 0.05, ""note"": ""descriptive, unadjusted for multiple testing; not an eligibility rule""}"
bb_width,seasonality,acf_at_daily_6,0.757470269686076,OK,,"{""declared_period_rows"": 6}"
bb_width,seasonality,seasonal_diff_var_ratio_daily_6,0.4847398084054016,OK,,"{""formula"": ""var(x_t - x_{t-s}) / var(x_t); 2 for white noise, <1 when season repeats""}"
bb_width,seasonality,acf_at_weekly_42,0.30701900638512225,OK,,"{""declared_period_rows"": 42}"
bb_width,seasonality,seasonal_diff_var_ratio_weekly_42,1.3870186137161953,OK,,"{""formula"": ""var(x_t - x_{t-s}) / var(x_t); 2 for white noise, <1 when season repeats""}"
bb_width,seasonality,stl_seasonal_strength_primary,0.11505665353353478,OK,,"{""formula"": ""max(0, 1 - var(R)/var(S+R)) and max(0, 1 - var(R)/var(T+R)) (Wang, Smith, Hyndman 2006)"", ""method"": ""statsmodels STL"", ""note"": ""optional diagnostic transform; not a model input"", ""period"": 6, ""robust"": false}"
bb_width,seasonality,stl_trend_strength_primary,0.9892494191440174,OK,,"{""formula"": ""max(0, 1 - var(R)/var(S+R)) and max(0, 1 - var(R)/var(T+R)) (Wang, Smith, Hyndman 2006)"", ""method"": ""statsmodels STL"", ""note"": ""optional diagnostic transform; not a model input"", ""period"": 6, ""robust"": false}"
atr_14,missingness,rows,12835,OK,,
atr_14,missingness,missing_count,13,OK,,"{""also"": ""NaN literals parsed by float()"", ""empty_or_token_cells"": 13, ""tokens"": ["""", ""n/a"", ""na"", ""nan"", ""none"", ""null""]}"
atr_14,missingness,missing_fraction,0.0010128554733151538,OK,,
atr_14,missingness,nonnumeric_count,0,OK,,
atr_14,missingness,nonfinite_count,13,OK,,
atr_14,missingness,longest_finite_run,12822,OK,,
atr_14,missingness,constant_flag,False,OK,,
atr_14,missingness,unique_count,12746,OK,,
atr_14,distribution,mean,459.78114603213226,OK,,
atr_14,distribution,std,472.3011838868473,OK,,
atr_14,distribution,min,23.045713,OK,,
atr_14,distribution,max,3499.2622,OK,,
atr_14,distribution,median,257.348215,OK,,
atr_14,distribution,iqr,532.6214425,OK,,
atr_14,distribution,mad,158.23321199999998,OK,,
atr_14,distribution,skewness,1.7847453331008838,OK,,"{""bias"": false}"
atr_14,distribution,excess_kurtosis,3.795295002865071,OK,,"{""bias"": false}"
atr_14,distribution,upper_tail_ratio,4.998544102140517,OK,,"{""formula"": ""(q0.995-q0.5)/(q0.75-q0.5); Gaussian ~3.82""}"
atr_14,distribution,lower_tail_ratio,1.8224806742602297,OK,,"{""formula"": ""(q0.5-q0.005)/(q0.5-q0.25); Gaussian ~3.82""}"
atr_14,distribution,robust_z_outlier_fraction_gt5,0.04858836374980502,OK,,"{""scale"": ""1.4826*MAD""}"
atr_14,distribution,zero_fraction,0.0,OK,,
atr_14,distribution,quantile_0.005,29.768228015000002,OK,,"{""method"": ""numpy linear""}"
atr_14,distribution,quantile_0.01,32.39758673,OK,,"{""method"": ""numpy linear""}"
atr_14,distribution,quantile_0.05,52.47096285000001,OK,,"{""method"": ""numpy linear""}"
atr_14,distribution,quantile_0.25,132.47447,OK,,"{""method"": ""numpy linear""}"
atr_14,distribution,quantile_0.5,257.348215,OK,,"{""method"": ""numpy linear""}"
atr_14,distribution,quantile_0.75,665.0959124999999,OK,,"{""method"": ""numpy linear""}"
atr_14,distribution,quantile_0.95,1419.2213349999997,OK,,"{""method"": ""numpy linear""}"
atr_14,distribution,quantile_0.99,2072.7855529999956,OK,,"{""method"": ""numpy linear""}"
atr_14,distribution,quantile_0.995,2295.4930635000005,OK,,"{""method"": ""numpy linear""}"
atr_14,volatility,diff_std,37.10728588241555,OK,,"{""rule"": ""longest contiguous finite run; no imputation"", ""segment_rows"": [13, 12835]}"
atr_14,volatility,diff_abs_mean,18.790367275875514,OK,,"{""rule"": ""longest contiguous finite run; no imputation"", ""segment_rows"": [13, 12835]}"
atr_14,volatility,diff_std_over_std,0.07856699739144762,OK,,"{""rule"": ""longest contiguous finite run; no imputation"", ""segment_rows"": [13, 12835]}"
atr_14,volatility,rolling_std_cv,1.3340466269594182,OK,,"{""rule"": ""non-overlapping primary-period blocks; std of block std / mean"", ""window_rows"": 6}"
atr_14,trend,slope_per_row,0.044392425904560995,OK,,"{""rule"": ""longest contiguous finite run; no imputation"", ""segment_rows"": [13, 12835]}"
atr_14,trend,slope_per_day,,UNSUPPORTED,NO_VERIFIED_REGULAR_STEP,
atr_14,trend,linear_r2,0.1210441645711694,OK,,
atr_14,acf,acf_lag_1,0.996896635061641,OK,,"{""estimator"": ""biased, mean-centered""}"
atr_14,acf,acf_lag_2,0.9921844133760096,OK,,"{""estimator"": ""biased, mean-centered""}"
atr_14,acf,acf_lag_3,0.9866805972897044,OK,,"{""estimator"": ""biased, mean-centered""}"
atr_14,acf,acf_lag_6,0.965669914123853,OK,,"{""estimator"": ""biased, mean-centered""}"
atr_14,acf,acf_lag_12,0.9164840673433899,OK,,"{""estimator"": ""biased, mean-centered""}"
atr_14,acf,acf_lag_42,0.8459145728707693,OK,,"{""estimator"": ""biased, mean-centered""}"
atr_14,acf,decorrelation_lag_1_over_e,,NOT_RUN,ACF_ABOVE_1_OVER_E_THROUGH_LAG_64,
atr_14,spectral,peak1_period_rows,6411.0,OK,,"{""method"": ""periodogram, linear detrend, rank by power""}"
atr_14,spectral,peak1_power_fraction,0.31078129432923196,OK,,
atr_14,spectral,peak2_period_rows,12822.0,OK,,"{""method"": ""periodogram, linear detrend, rank by power""}"
atr_14,spectral,peak2_power_fraction,0.17282837191624845,OK,,
atr_14,spectral,peak3_period_rows,4274.0,OK,,"{""method"": ""periodogram, linear detrend, rank by power""}"
atr_14,spectral,peak3_power_fraction,0.10061434311895108,OK,,
atr_14,spectral,peak1_period_hours,,UNSUPPORTED,NO_VERIFIED_REGULAR_STEP,
atr_14,spectral,entropy_normalized,0.3610387309419122,OK,,
atr_14,spectral,low_frequency_power_fraction,0.9981232665138753,OK,,"{""basis"": ""primary period"", ""cutoff_cycles_per_row"": 0.16666666666666666}"
atr_14,spectral,centroid_cycles_per_row,0.0033336057729717256,OK,,
atr_14,stationarity,adf_c_aic_statistic,-4.235000551341666,OK,,"{""autolag"": ""AIC"", ""lag_selection"": ""AIC over lags 0..maxlag on the common trimmed sample, as statsmodels _autolag does, without retaining every fitted model; final fit adfuller(maxlag=best, autolag=None)"", ""limitation"": ""MacKinnon approximate p-value; low power near unity; lag choice by AIC"", ""maxlag"": 41, ""n"": 12822, ""null"": ""unit root"", ""regression"": ""c"", ""test"": ""ADF""}"
atr_14,stationarity,adf_c_aic_pvalue,0.0005745555354474805,OK,,"{""autolag"": ""AIC"", ""lag_selection"": ""AIC over lags 0..maxlag on the common trimmed sample, as statsmodels _autolag does, without retaining every fitted model; final fit adfuller(maxlag=best, autolag=None)"", ""limitation"": ""MacKinnon approximate p-value; low power near unity; lag choice by AIC"", ""maxlag"": 41, ""n"": 12822, ""null"": ""unit root"", ""regression"": ""c"", ""test"": ""ADF""}"
atr_14,stationarity,adf_c_aic_lags,41,OK,,"{""autolag"": ""AIC"", ""lag_selection"": ""AIC over lags 0..maxlag on the common trimmed sample, as statsmodels _autolag does, without retaining every fitted model; final fit adfuller(maxlag=best, autolag=None)"", ""limitation"": ""MacKinnon approximate p-value; low power near unity; lag choice by AIC"", ""maxlag"": 41, ""n"": 12822, ""null"": ""unit root"", ""regression"": ""c"", ""test"": ""ADF""}"
atr_14,stationarity,kpss_c_auto_statistic,4.503890669794209,OK_WITH_WARNING,,"{""limitation"": ""p-value interpolated from a table bounded to [0.01, 0.10]"", ""n"": 12822, ""nlags"": ""auto (Hobijn)"", ""null"": ""level stationarity"", ""regression"": ""c"", ""test"": ""KPSS"", ""warnings"": [""The test statistic is outside of the range of p-values available in the\nlook-up table. The actual p-value is smaller than the p-value returned.\n""]}"
atr_14,stationarity,kpss_c_auto_pvalue,0.01,OK_WITH_WARNING,P_VALUE_AT_TABLE_BOUND,"{""limitation"": ""p-value interpolated from a table bounded to [0.01, 0.10]"", ""n"": 12822, ""nlags"": ""auto (Hobijn)"", ""null"": ""level stationarity"", ""regression"": ""c"", ""test"": ""KPSS"", ""warnings"": [""The test statistic is outside of the range of p-values available in the\nlook-up table. The actual p-value is smaller than the p-value returned.\n""]}"
atr_14,stationarity,kpss_c_auto_lags,69,OK_WITH_WARNING,,"{""limitation"": ""p-value interpolated from a table bounded to [0.01, 0.10]"", ""n"": 12822, ""nlags"": ""auto (Hobijn)"", ""null"": ""level stationarity"", ""regression"": ""c"", ""test"": ""KPSS"", ""warnings"": [""The test statistic is outside of the range of p-values available in the\nlook-up table. The actual p-value is smaller than the p-value returned.\n""]}"
atr_14,stationarity,kpss_ct_auto_statistic,1.4130037290370023,OK_WITH_WARNING,,"{""limitation"": ""p-value interpolated from a table bounded to [0.01, 0.10]"", ""n"": 12822, ""nlags"": ""auto (Hobijn)"", ""null"": ""trend stationarity"", ""regression"": ""ct"", ""test"": ""KPSS"", ""warnings"": [""The test statistic is outside of the range of p-values available in the\nlook-up table. The actual p-value is smaller than the p-value returned.\n""]}"
atr_14,stationarity,kpss_ct_auto_pvalue,0.01,OK_WITH_WARNING,P_VALUE_AT_TABLE_BOUND,"{""limitation"": ""p-value interpolated from a table bounded to [0.01, 0.10]"", ""n"": 12822, ""nlags"": ""auto (Hobijn)"", ""null"": ""trend stationarity"", ""regression"": ""ct"", ""test"": ""KPSS"", ""warnings"": [""The test statistic is outside of the range of p-values available in the\nlook-up table. The actual p-value is smaller than the p-value returned.\n""]}"
atr_14,stationarity,kpss_ct_auto_lags,69,OK_WITH_WARNING,,"{""limitation"": ""p-value interpolated from a table bounded to [0.01, 0.10]"", ""n"": 12822, ""nlags"": ""auto (Hobijn)"", ""null"": ""trend stationarity"", ""regression"": ""ct"", ""test"": ""KPSS"", ""warnings"": [""The test statistic is outside of the range of p-values available in the\nlook-up table. The actual p-value is smaller than the p-value returned.\n""]}"
atr_14,stationarity,adf_kpss_joint_reading,BOTH_REJECT_CONFLICT,OK,,"{""alpha"": 0.05, ""note"": ""descriptive, unadjusted for multiple testing; not an eligibility rule""}"
atr_14,seasonality,acf_at_daily_6,0.9656699141238527,OK,,"{""declared_period_rows"": 6}"
atr_14,seasonality,seasonal_diff_var_ratio_daily_6,0.06848630527786,OK,,"{""formula"": ""var(x_t - x_{t-s}) / var(x_t); 2 for white noise, <1 when season repeats""}"
atr_14,seasonality,acf_at_weekly_42,0.8459145728707694,OK,,"{""declared_period_rows"": 42}"
atr_14,seasonality,seasonal_diff_var_ratio_weekly_42,0.3075731177421566,OK,,"{""formula"": ""var(x_t - x_{t-s}) / var(x_t); 2 for white noise, <1 when season repeats""}"
atr_14,seasonality,stl_seasonal_strength_primary,0.3322420856684126,OK,,"{""formula"": ""max(0, 1 - var(R)/var(S+R)) and max(0, 1 - var(R)/var(T+R)) (Wang, Smith, Hyndman 2006)"", ""method"": ""statsmodels STL"", ""note"": ""optional diagnostic transform; not a model input"", ""period"": 6, ""robust"": false}"
atr_14,seasonality,stl_trend_strength_primary,0.997753558455224,OK,,"{""formula"": ""max(0, 1 - var(R)/var(S+R)) and max(0, 1 - var(R)/var(T+R)) (Wang, Smith, Hyndman 2006)"", ""method"": ""statsmodels STL"", ""note"": ""optional diagnostic transform; not a model input"", ""period"": 6, ""robust"": false}"
natr_14,missingness,rows,12835,OK,,
natr_14,missingness,missing_count,13,OK,,"{""also"": ""NaN literals parsed by float()"", ""empty_or_token_cells"": 13, ""tokens"": ["""", ""n/a"", ""na"", ""nan"", ""none"", ""null""]}"
natr_14,missingness,missing_fraction,0.0010128554733151538,OK,,
natr_14,missingness,nonnumeric_count,0,OK,,
natr_14,missingness,nonfinite_count,13,OK,,
natr_14,missingness,longest_finite_run,12822,OK,,
natr_14,missingness,constant_flag,False,OK,,
natr_14,missingness,unique_count,12819,OK,,
natr_14,distribution,mean,0.02273272452162689,OK,,
natr_14,distribution,std,0.014430445808647021,OK,,
natr_14,distribution,min,0.0035486596,OK,,
natr_14,distribution,max,0.14564066,OK,,
natr_14,distribution,median,0.019253218500000002,OK,,
natr_14,distribution,iqr,0.012803817249999997,OK,,
natr_14,distribution,mad,0.006120468000000002,OK,,
natr_14,distribution,skewness,2.5987277091188776,OK,,"{""bias"": false}"
natr_14,distribution,excess_kurtosis,10.926856503984354,OK,,"{""bias"": false}"
natr_14,distribution,upper_tail_ratio,9.945785474992215,OK,,"{""formula"": ""(q0.995-q0.5)/(q0.75-q0.5); Gaussian ~3.82""}"
natr_14,distribution,lower_tail_ratio,2.658507390548073,OK,,"{""formula"": ""(q0.5-q0.005)/(q0.5-q0.25); Gaussian ~3.82""}"
natr_14,distribution,robust_z_outlier_fraction_gt5,0.021135548276399938,OK,,"{""scale"": ""1.4826*MAD""}"
natr_14,distribution,zero_fraction,0.0,OK,,
natr_14,distribution,quantile_0.005,0.004968622959999999,OK,,"{""method"": ""numpy linear""}"
natr_14,distribution,quantile_0.01,0.005812651474,OK,,"{""method"": ""numpy linear""}"
natr_14,distribution,quantile_0.05,0.008162645175,OK,,"{""method"": ""numpy linear""}"
natr_14,distribution,quantile_0.25,0.01388005475,OK,,"{""method"": ""numpy linear""}"
natr_14,distribution,quantile_0.5,0.019253218500000002,OK,,"{""method"": ""numpy linear""}"
natr_14,distribution,quantile_0.75,0.026683871999999997,OK,,"{""method"": ""numpy linear""}"
natr_14,distribution,quantile_0.95,0.04863560594999998,OK,,"{""method"": ""numpy linear""}"
natr_14,distribution,quantile_0.99,0.0794027932399999,OK,,"{""method"": ""numpy linear""}"
natr_14,distribution,quantile_0.995,0.09315690415000003,OK,,"{""method"": ""numpy linear""}"
natr_14,volatility,diff_std,0.0018583353843749143,OK,,"{""rule"": ""longest contiguous finite run; no imputation"", ""segment_rows"": [13, 12835]}"
natr_14,volatility,diff_abs_mean,0.0010346728331487405,OK,,"{""rule"": ""longest contiguous finite run; no imputation"", ""segment_rows"": [13, 12835]}"
natr_14,volatility,diff_std_over_std,0.12877879235452042,OK,,"{""rule"": ""longest contiguous finite run; no imputation"", ""segment_rows"": [13, 12835]}"
natr_14,volatility,rolling_std_cv,1.159858326650279,OK,,"{""rule"": ""non-overlapping primary-period blocks; std of block std / mean"", ""window_rows"": 6}"
natr_14,trend,slope_per_row,-1.0725797230566472e-06,OK,,"{""rule"": ""longest contiguous finite run; no imputation"", ""segment_rows"": [13, 12835]}"
natr_14,trend,slope_per_day,,UNSUPPORTED,NO_VERIFIED_REGULAR_STEP,
natr_14,trend,linear_r2,0.07569441504904995,OK,,
natr_14,acf,acf_lag_1,0.991625663873972,OK,,"{""estimator"": ""biased, mean-centered""}"
natr_14,acf,acf_lag_2,0.9792660470537085,OK,,"{""estimator"": ""biased, mean-centered""}"
natr_14,acf,acf_lag_3,0.9643641847470029,OK,,"{""estimator"": ""biased, mean-centered""}"
natr_14,acf,acf_lag_6,0.90148415119809,OK,,"{""estimator"": ""biased, mean-centered""}"
natr_14,acf,acf_lag_12,0.7533494303146074,OK,,"{""estimator"": ""biased, mean-centered""}"
natr_14,acf,acf_lag_42,0.5243513731125669,OK,,"{""estimator"": ""biased, mean-centered""}"
natr_14,acf,decorrelation_lag_1_over_e,,NOT_RUN,ACF_ABOVE_1_OVER_E_THROUGH_LAG_64,
natr_14,spectral,peak1_period_rows,3205.5,OK,,"{""method"": ""periodogram, linear detrend, rank by power""}"
natr_14,spectral,peak1_power_fraction,0.06794945045563133,OK,,
natr_14,spectral,peak2_period_rows,1602.75,OK,,"{""method"": ""periodogram, linear detrend, rank by power""}"
natr_14,spectral,peak2_power_fraction,0.061100760863000245,OK,,
natr_14,spectral,peak3_period_rows,12822.0,OK,,"{""method"": ""periodogram, linear detrend, rank by power""}"
natr_14,spectral,peak3_power_fraction,0.05415915487037227,OK,,
natr_14,spectral,peak1_period_hours,,UNSUPPORTED,NO_VERIFIED_REGULAR_STEP,
natr_14,spectral,entropy_normalized,0.561336136303508,OK,,
natr_14,spectral,low_frequency_power_fraction,0.9955604358132382,OK,,"{""basis"": ""primary period"", ""cutoff_cycles_per_row"": 0.16666666666666666}"
natr_14,spectral,centroid_cycles_per_row,0.008634157015363988,OK,,
natr_14,stationarity,adf_c_aic_statistic,-8.10013076625749,OK,,"{""autolag"": ""AIC"", ""lag_selection"": ""AIC over lags 0..maxlag on the common trimmed sample, as statsmodels _autolag does, without retaining every fitted model; final fit adfuller(maxlag=best, autolag=None)"", ""limitation"": ""MacKinnon approximate p-value; low power near unity; lag choice by AIC"", ""maxlag"": 41, ""n"": 12822, ""null"": ""unit root"", ""regression"": ""c"", ""test"": ""ADF""}"
natr_14,stationarity,adf_c_aic_pvalue,1.3065897510048775e-12,OK,,"{""autolag"": ""AIC"", ""lag_selection"": ""AIC over lags 0..maxlag on the common trimmed sample, as statsmodels _autolag does, without retaining every fitted model; final fit adfuller(maxlag=best, autolag=None)"", ""limitation"": ""MacKinnon approximate p-value; low power near unity; lag choice by AIC"", ""maxlag"": 41, ""n"": 12822, ""null"": ""unit root"", ""regression"": ""c"", ""test"": ""ADF""}"
natr_14,stationarity,adf_c_aic_lags,40,OK,,"{""autolag"": ""AIC"", ""lag_selection"": ""AIC over lags 0..maxlag on the common trimmed sample, as statsmodels _autolag does, without retaining every fitted model; final fit adfuller(maxlag=best, autolag=None)"", ""limitation"": ""MacKinnon approximate p-value; low power near unity; lag choice by AIC"", ""maxlag"": 41, ""n"": 12822, ""null"": ""unit root"", ""regression"": ""c"", ""test"": ""ADF""}"
natr_14,stationarity,kpss_c_auto_statistic,2.0050479782034043,OK_WITH_WARNING,,"{""limitation"": ""p-value interpolated from a table bounded to [0.01, 0.10]"", ""n"": 12822, ""nlags"": ""auto (Hobijn)"", ""null"": ""level stationarity"", ""regression"": ""c"", ""test"": ""KPSS"", ""warnings"": [""The test statistic is outside of the range of p-values available in the\nlook-up table. The actual p-value is smaller than the p-value returned.\n""]}"
natr_14,stationarity,kpss_c_auto_pvalue,0.01,OK_WITH_WARNING,P_VALUE_AT_TABLE_BOUND,"{""limitation"": ""p-value interpolated from a table bounded to [0.01, 0.10]"", ""n"": 12822, ""nlags"": ""auto (Hobijn)"", ""null"": ""level stationarity"", ""regression"": ""c"", ""test"": ""KPSS"", ""warnings"": [""The test statistic is outside of the range of p-values available in the\nlook-up table. The actual p-value is smaller than the p-value returned.\n""]}"
natr_14,stationarity,kpss_c_auto_lags,68,OK_WITH_WARNING,,"{""limitation"": ""p-value interpolated from a table bounded to [0.01, 0.10]"", ""n"": 12822, ""nlags"": ""auto (Hobijn)"", ""null"": ""level stationarity"", ""regression"": ""c"", ""test"": ""KPSS"", ""warnings"": [""The test statistic is outside of the range of p-values available in the\nlook-up table. The actual p-value is smaller than the p-value returned.\n""]}"
natr_14,stationarity,kpss_ct_auto_statistic,0.5556182205494375,OK_WITH_WARNING,,"{""limitation"": ""p-value interpolated from a table bounded to [0.01, 0.10]"", ""n"": 12822, ""nlags"": ""auto (Hobijn)"", ""null"": ""trend stationarity"", ""regression"": ""ct"", ""test"": ""KPSS"", ""warnings"": [""The test statistic is outside of the range of p-values available in the\nlook-up table. The actual p-value is smaller than the p-value returned.\n""]}"
natr_14,stationarity,kpss_ct_auto_pvalue,0.01,OK_WITH_WARNING,P_VALUE_AT_TABLE_BOUND,"{""limitation"": ""p-value interpolated from a table bounded to [0.01, 0.10]"", ""n"": 12822, ""nlags"": ""auto (Hobijn)"", ""null"": ""trend stationarity"", ""regression"": ""ct"", ""test"": ""KPSS"", ""warnings"": [""The test statistic is outside of the range of p-values available in the\nlook-up table. The actual p-value is smaller than the p-value returned.\n""]}"
natr_14,stationarity,kpss_ct_auto_lags,68,OK_WITH_WARNING,,"{""limitation"": ""p-value interpolated from a table bounded to [0.01, 0.10]"", ""n"": 12822, ""nlags"": ""auto (Hobijn)"", ""null"": ""trend stationarity"", ""regression"": ""ct"", ""test"": ""KPSS"", ""warnings"": [""The test statistic is outside of the range of p-values available in the\nlook-up table. The actual p-value is smaller than the p-value returned.\n""]}"
natr_14,stationarity,adf_kpss_joint_reading,BOTH_REJECT_CONFLICT,OK,,"{""alpha"": 0.05, ""note"": ""descriptive, unadjusted for multiple testing; not an eligibility rule""}"
natr_14,seasonality,acf_at_daily_6,0.9014841511980894,OK,,"{""declared_period_rows"": 6}"
natr_14,seasonality,seasonal_diff_var_ratio_daily_6,0.1961799526576931,OK,,"{""formula"": ""var(x_t - x_{t-s}) / var(x_t); 2 for white noise, <1 when season repeats""}"
natr_14,seasonality,acf_at_weekly_42,0.5243513731125664,OK,,"{""declared_period_rows"": 42}"
natr_14,seasonality,seasonal_diff_var_ratio_weekly_42,0.9499817725952078,OK,,"{""formula"": ""var(x_t - x_{t-s}) / var(x_t); 2 for white noise, <1 when season repeats""}"
natr_14,seasonality,stl_seasonal_strength_primary,0.2700696511142021,OK,,"{""formula"": ""max(0, 1 - var(R)/var(S+R)) and max(0, 1 - var(R)/var(T+R)) (Wang, Smith, Hyndman 2006)"", ""method"": ""statsmodels STL"", ""note"": ""optional diagnostic transform; not a model input"", ""period"": 6, ""robust"": false}"
natr_14,seasonality,stl_trend_strength_primary,0.9939290449726835,OK,,"{""formula"": ""max(0, 1 - var(R)/var(S+R)) and max(0, 1 - var(R)/var(T+R)) (Wang, Smith, Hyndman 2006)"", ""method"": ""statsmodels STL"", ""note"": ""optional diagnostic transform; not a model input"", ""period"": 6, ""robust"": false}"
hist_vol_10,missingness,rows,12835,OK,,
hist_vol_10,missingness,missing_count,10,OK,,"{""also"": ""NaN literals parsed by float()"", ""empty_or_token_cells"": 10, ""tokens"": ["""", ""n/a"", ""na"", ""nan"", ""none"", ""null""]}"
hist_vol_10,missingness,missing_fraction,0.0007791195948578107,OK,,
hist_vol_10,missingness,nonnumeric_count,0,OK,,
hist_vol_10,missingness,nonfinite_count,10,OK,,
hist_vol_10,missingness,longest_finite_run,12825,OK,,
hist_vol_10,missingness,constant_flag,False,OK,,
hist_vol_10,missingness,unique_count,12822,OK,,
hist_vol_10,distribution,mean,0.0429347391163041,OK,,
hist_vol_10,distribution,std,0.030646175735221107,OK,,
hist_vol_10,distribution,min,0.0024973615,OK,,
hist_vol_10,distribution,max,0.3413579,OK,,
hist_vol_10,distribution,median,0.03569548,OK,,
hist_vol_10,distribution,iqr,0.030864793999999997,OK,,
hist_vol_10,distribution,mad,0.014402910000000001,OK,,
hist_vol_10,distribution,skewness,2.7084630321369545,OK,,"{""bias"": false}"
hist_vol_10,distribution,excess_kurtosis,13.790627516264685,OK,,"{""bias"": false}"
hist_vol_10,distribution,upper_tail_ratio,8.39859225302683,OK,,"{""formula"": ""(q0.995-q0.5)/(q0.75-q0.5); Gaussian ~3.82""}"
hist_vol_10,distribution,lower_tail_ratio,2.346930285206027,OK,,"{""formula"": ""(q0.5-q0.005)/(q0.5-q0.25); Gaussian ~3.82""}"
hist_vol_10,distribution,robust_z_outlier_fraction_gt5,0.013099415204678362,OK,,"{""scale"": ""1.4826*MAD""}"
hist_vol_10,distribution,zero_fraction,0.0,OK,,
hist_vol_10,distribution,quantile_0.005,0.00605845844,OK,,"{""method"": ""numpy linear""}"
hist_vol_10,distribution,quantile_0.01,0.0073121171199999994,OK,,"{""method"": ""numpy linear""}"
hist_vol_10,distribution,quantile_0.05,0.0116758275,OK,,"{""method"": ""numpy linear""}"
hist_vol_10,distribution,quantile_0.25,0.023067486,OK,,"{""method"": ""numpy linear""}"
hist_vol_10,distribution,quantile_0.5,0.03569548,OK,,"{""method"": ""numpy linear""}"
hist_vol_10,distribution,quantile_0.75,0.05393228,OK,,"{""method"": ""numpy linear""}"
hist_vol_10,distribution,quantile_0.95,0.09608807599999997,OK,,"{""method"": ""numpy linear""}"
hist_vol_10,distribution,quantile_0.99,0.1592615904000001,OK,,"{""method"": ""numpy linear""}"
hist_vol_10,distribution,quantile_0.995,0.18885892719999967,OK,,"{""method"": ""numpy linear""}"
hist_vol_10,volatility,diff_std,0.008618846831662674,OK,,"{""rule"": ""longest contiguous finite run; no imputation"", ""segment_rows"": [10, 12835]}"
hist_vol_10,volatility,diff_abs_mean,0.0038816271493917654,OK,,"{""rule"": ""longest contiguous finite run; no imputation"", ""segment_rows"": [10, 12835]}"
hist_vol_10,volatility,diff_std_over_std,0.2812372710425068,OK,,"{""rule"": ""longest contiguous finite run; no imputation"", ""segment_rows"": [10, 12835]}"
hist_vol_10,volatility,rolling_std_cv,1.1467672059725174,OK,,"{""rule"": ""non-overlapping primary-period blocks; std of block std / mean"", ""window_rows"": 6}"
hist_vol_10,trend,slope_per_row,-1.8868943761896511e-06,OK,,"{""rule"": ""longest contiguous finite run; no imputation"", ""segment_rows"": [10, 12835]}"
hist_vol_10,trend,slope_per_day,,UNSUPPORTED,NO_VERIFIED_REGULAR_STEP,
hist_vol_10,trend,linear_r2,0.05196488472365035,OK,,
hist_vol_10,acf,acf_lag_1,0.9604383596743845,OK,,"{""estimator"": ""biased, mean-centered""}"
hist_vol_10,acf,acf_lag_2,0.91776514893621,OK,,"{""estimator"": ""biased, mean-centered""}"
hist_vol_10,acf,acf_lag_3,0.8727355903667692,OK,,"{""estimator"": ""biased, mean-centered""}"
hist_vol_10,acf,acf_lag_6,0.7218768115719313,OK,,"{""estimator"": ""biased, mean-centered""}"
hist_vol_10,acf,acf_lag_12,0.4940029376711491,OK,,"{""estimator"": ""biased, mean-centered""}"
hist_vol_10,acf,acf_lag_42,0.37662099809143307,OK,,"{""estimator"": ""biased, mean-centered""}"
hist_vol_10,acf,decorrelation_lag_1_over_e,46,OK,,
hist_vol_10,spectral,peak1_period_rows,3206.25,OK,,"{""method"": ""periodogram, linear detrend, rank by power""}"
hist_vol_10,spectral,peak1_power_fraction,0.0480936990943565,OK,,
hist_vol_10,spectral,peak2_period_rows,1603.125,OK,,"{""method"": ""periodogram, linear detrend, rank by power""}"
hist_vol_10,spectral,peak2_power_fraction,0.04267157917381661,OK,,
hist_vol_10,spectral,peak3_period_rows,4275.0,OK,,"{""method"": ""periodogram, linear detrend, rank by power""}"
hist_vol_10,spectral,peak3_power_fraction,0.04204476849112952,OK,,
hist_vol_10,spectral,peak1_period_hours,,UNSUPPORTED,NO_VERIFIED_REGULAR_STEP,
hist_vol_10,spectral,entropy_normalized,0.6564530428094012,OK,,
hist_vol_10,spectral,low_frequency_power_fraction,0.9792285402021733,OK,,"{""basis"": ""primary period"", ""cutoff_cycles_per_row"": 0.16666666666666666}"
hist_vol_10,spectral,centroid_cycles_per_row,0.02217865327381852,OK,,
hist_vol_10,stationarity,adf_c_aic_statistic,-8.337039993054338,OK,,"{""autolag"": ""AIC"", ""lag_selection"": ""AIC over lags 0..maxlag on the common trimmed sample, as statsmodels _autolag does, without retaining every fitted model; final fit adfuller(maxlag=best, autolag=None)"", ""limitation"": ""MacKinnon approximate p-value; low power near unity; lag choice by AIC"", ""maxlag"": 41, ""n"": 12825, ""null"": ""unit root"", ""regression"": ""c"", ""test"": ""ADF""}"
hist_vol_10,stationarity,adf_c_aic_pvalue,3.251262932900723e-13,OK,,"{""autolag"": ""AIC"", ""lag_selection"": ""AIC over lags 0..maxlag on the common trimmed sample, as statsmodels _autolag does, without retaining every fitted model; final fit adfuller(maxlag=best, autolag=None)"", ""limitation"": ""MacKinnon approximate p-value; low power near unity; lag choice by AIC"", ""maxlag"": 41, ""n"": 12825, ""null"": ""unit root"", ""regression"": ""c"", ""test"": ""ADF""}"
hist_vol_10,stationarity,adf_c_aic_lags,40,OK,,"{""autolag"": ""AIC"", ""lag_selection"": ""AIC over lags 0..maxlag on the common trimmed sample, as statsmodels _autolag does, without retaining every fitted model; final fit adfuller(maxlag=best, autolag=None)"", ""limitation"": ""MacKinnon approximate p-value; low power near unity; lag choice by AIC"", ""maxlag"": 41, ""n"": 12825, ""null"": ""unit root"", ""regression"": ""c"", ""test"": ""ADF""}"
hist_vol_10,stationarity,kpss_c_auto_statistic,1.8932162596155229,OK_WITH_WARNING,,"{""limitation"": ""p-value interpolated from a table bounded to [0.01, 0.10]"", ""n"": 12825, ""nlags"": ""auto (Hobijn)"", ""null"": ""level stationarity"", ""regression"": ""c"", ""test"": ""KPSS"", ""warnings"": [""The test statistic is outside of the range of p-values available in the\nlook-up table. The actual p-value is smaller than the p-value returned.\n""]}"
hist_vol_10,stationarity,kpss_c_auto_pvalue,0.01,OK_WITH_WARNING,P_VALUE_AT_TABLE_BOUND,"{""limitation"": ""p-value interpolated from a table bounded to [0.01, 0.10]"", ""n"": 12825, ""nlags"": ""auto (Hobijn)"", ""null"": ""level stationarity"", ""regression"": ""c"", ""test"": ""KPSS"", ""warnings"": [""The test statistic is outside of the range of p-values available in the\nlook-up table. The actual p-value is smaller than the p-value returned.\n""]}"
hist_vol_10,stationarity,kpss_c_auto_lags,66,OK_WITH_WARNING,,"{""limitation"": ""p-value interpolated from a table bounded to [0.01, 0.10]"", ""n"": 12825, ""nlags"": ""auto (Hobijn)"", ""null"": ""level stationarity"", ""regression"": ""c"", ""test"": ""KPSS"", ""warnings"": [""The test statistic is outside of the range of p-values available in the\nlook-up table. The actual p-value is smaller than the p-value returned.\n""]}"
hist_vol_10,stationarity,kpss_ct_auto_statistic,0.5666414992365895,OK_WITH_WARNING,,"{""limitation"": ""p-value interpolated from a table bounded to [0.01, 0.10]"", ""n"": 12825, ""nlags"": ""auto (Hobijn)"", ""null"": ""trend stationarity"", ""regression"": ""ct"", ""test"": ""KPSS"", ""warnings"": [""The test statistic is outside of the range of p-values available in the\nlook-up table. The actual p-value is smaller than the p-value returned.\n""]}"
hist_vol_10,stationarity,kpss_ct_auto_pvalue,0.01,OK_WITH_WARNING,P_VALUE_AT_TABLE_BOUND,"{""limitation"": ""p-value interpolated from a table bounded to [0.01, 0.10]"", ""n"": 12825, ""nlags"": ""auto (Hobijn)"", ""null"": ""trend stationarity"", ""regression"": ""ct"", ""test"": ""KPSS"", ""warnings"": [""The test statistic is outside of the range of p-values available in the\nlook-up table. The actual p-value is smaller than the p-value returned.\n""]}"
hist_vol_10,stationarity,kpss_ct_auto_lags,65,OK_WITH_WARNING,,"{""limitation"": ""p-value interpolated from a table bounded to [0.01, 0.10]"", ""n"": 12825, ""nlags"": ""auto (Hobijn)"", ""null"": ""trend stationarity"", ""regression"": ""ct"", ""test"": ""KPSS"", ""warnings"": [""The test statistic is outside of the range of p-values available in the\nlook-up table. The actual p-value is smaller than the p-value returned.\n""]}"
hist_vol_10,stationarity,adf_kpss_joint_reading,BOTH_REJECT_CONFLICT,OK,,"{""alpha"": 0.05, ""note"": ""descriptive, unadjusted for multiple testing; not an eligibility rule""}"
hist_vol_10,seasonality,acf_at_daily_6,0.7218768115719312,OK,,"{""declared_period_rows"": 6}"
hist_vol_10,seasonality,seasonal_diff_var_ratio_daily_6,0.55624262299132,OK,,"{""formula"": ""var(x_t - x_{t-s}) / var(x_t); 2 for white noise, <1 when season repeats""}"
hist_vol_10,seasonality,acf_at_weekly_42,0.376620998091433,OK,,"{""declared_period_rows"": 42}"
hist_vol_10,seasonality,seasonal_diff_var_ratio_weekly_42,1.2488207004317577,OK,,"{""formula"": ""var(x_t - x_{t-s}) / var(x_t); 2 for white noise, <1 when season repeats""}"
hist_vol_10,seasonality,stl_seasonal_strength_primary,0.36469111490018447,OK,,"{""formula"": ""max(0, 1 - var(R)/var(S+R)) and max(0, 1 - var(R)/var(T+R)) (Wang, Smith, Hyndman 2006)"", ""method"": ""statsmodels STL"", ""note"": ""optional diagnostic transform; not a model input"", ""period"": 6, ""robust"": false}"
hist_vol_10,seasonality,stl_trend_strength_primary,0.9713547276284803,OK,,"{""formula"": ""max(0, 1 - var(R)/var(S+R)) and max(0, 1 - var(R)/var(T+R)) (Wang, Smith, Hyndman 2006)"", ""method"": ""statsmodels STL"", ""note"": ""optional diagnostic transform; not a model input"", ""period"": 6, ""robust"": false}"
hist_vol_20,missingness,rows,12835,OK,,
hist_vol_20,missingness,missing_count,20,OK,,"{""also"": ""NaN literals parsed by float()"", ""empty_or_token_cells"": 20, ""tokens"": ["""", ""n/a"", ""na"", ""nan"", ""none"", ""null""]}"
hist_vol_20,missingness,missing_fraction,0.0015582391897156214,OK,,
hist_vol_20,missingness,nonnumeric_count,0,OK,,
hist_vol_20,missingness,nonfinite_count,20,OK,,
hist_vol_20,missingness,longest_finite_run,12815,OK,,
hist_vol_20,missingness,constant_flag,False,OK,,
hist_vol_20,missingness,unique_count,12809,OK,,
hist_vol_20,distribution,mean,0.06301367124522045,OK,,
hist_vol_20,distribution,std,0.03974857240650139,OK,,
hist_vol_20,distribution,min,0.007310012,OK,,
hist_vol_20,distribution,max,0.34477833,OK,,
hist_vol_20,distribution,median,0.054559864,OK,,
hist_vol_20,distribution,iqr,0.03957392999999999,OK,,
hist_vol_20,distribution,mad,0.019032378000000003,OK,,
hist_vol_20,distribution,skewness,2.290677676362848,OK,,"{""bias"": false}"
hist_vol_20,distribution,excess_kurtosis,8.804818253075924,OK,,"{""bias"": false}"
hist_vol_20,distribution,upper_tail_ratio,9.133365047429397,OK,,"{""formula"": ""(q0.995-q0.5)/(q0.75-q0.5); Gaussian ~3.82""}"
hist_vol_20,distribution,lower_tail_ratio,2.475711051152423,OK,,"{""formula"": ""(q0.5-q0.005)/(q0.5-q0.25); Gaussian ~3.82""}"
hist_vol_20,distribution,robust_z_outlier_fraction_gt5,0.012641435817401483,OK,,"{""scale"": ""1.4826*MAD""}"
hist_vol_20,distribution,zero_fraction,0.0,OK,,
hist_vol_20,distribution,quantile_0.005,0.01186296146,OK,,"{""method"": ""numpy linear""}"
hist_vol_20,distribution,quantile_0.01,0.01324968095,OK,,"{""method"": ""numpy linear""}"
hist_vol_20,distribution,quantile_0.05,0.020906607200000003,OK,,"{""method"": ""numpy linear""}"
hist_vol_20,distribution,quantile_0.25,0.037313545000000004,OK,,"{""method"": ""numpy linear""}"
hist_vol_20,distribution,quantile_0.5,0.054559864,OK,,"{""method"": ""numpy linear""}"
hist_vol_20,distribution,quantile_0.75,0.076887475,OK,,"{""method"": ""numpy linear""}"
hist_vol_20,distribution,quantile_0.95,0.134979138,OK,,"{""method"": ""numpy linear""}"
hist_vol_20,distribution,quantile_0.99,0.21862774960000098,OK,,"{""method"": ""numpy linear""}"
hist_vol_20,distribution,quantile_0.995,0.2584860859000001,OK,,"{""method"": ""numpy linear""}"
hist_vol_20,volatility,diff_std,0.006750597686658425,OK,,"{""rule"": ""longest contiguous finite run; no imputation"", ""segment_rows"": [20, 12835]}"
hist_vol_20,volatility,diff_abs_mean,0.00273041068198845,OK,,"{""rule"": ""longest contiguous finite run; no imputation"", ""segment_rows"": [20, 12835]}"
hist_vol_20,volatility,diff_std_over_std,0.1698324563111675,OK,,"{""rule"": ""longest contiguous finite run; no imputation"", ""segment_rows"": [20, 12835]}"
hist_vol_20,volatility,rolling_std_cv,1.2841966639256395,OK,,"{""rule"": ""non-overlapping primary-period blocks; std of block std / mean"", ""window_rows"": 6}"
hist_vol_20,trend,slope_per_row,-2.7617327167263433e-06,OK,,"{""rule"": ""longest contiguous finite run; no imputation"", ""segment_rows"": [20, 12835]}"
hist_vol_20,trend,slope_per_day,,UNSUPPORTED,NO_VERIFIED_REGULAR_STEP,
hist_vol_20,trend,linear_r2,0.06607087862539707,OK,,
hist_vol_20,acf,acf_lag_1,0.9855429175523583,OK,,"{""estimator"": ""biased, mean-centered""}"
hist_vol_20,acf,acf_lag_2,0.9697498145624733,OK,,"{""estimator"": ""biased, mean-centered""}"
hist_vol_20,acf,acf_lag_3,0.9527119557985763,OK,,"{""estimator"": ""biased, mean-centered""}"
hist_vol_20,acf,acf_lag_6,0.8932268260063747,OK,,"{""estimator"": ""biased, mean-centered""}"
hist_vol_20,acf,acf_lag_12,0.7596025167086143,OK,,"{""estimator"": ""biased, mean-centered""}"
hist_vol_20,acf,acf_lag_42,0.45954003788749653,OK,,"{""estimator"": ""biased, mean-centered""}"
hist_vol_20,acf,decorrelation_lag_1_over_e,,NOT_RUN,ACF_ABOVE_1_OVER_E_THROUGH_LAG_64,
hist_vol_20,spectral,peak1_period_rows,3203.75,OK,,"{""method"": ""periodogram, linear detrend, rank by power""}"
hist_vol_20,spectral,peak1_power_fraction,0.05753144676312777,OK,,
hist_vol_20,spectral,peak2_period_rows,1601.875,OK,,"{""method"": ""periodogram, linear detrend, rank by power""}"
hist_vol_20,spectral,peak2_power_fraction,0.05524296048715066,OK,,
hist_vol_20,spectral,peak3_period_rows,4271.666666666666,OK,,"{""method"": ""periodogram, linear detrend, rank by power""}"
hist_vol_20,spectral,peak3_power_fraction,0.05281854569538412,OK,,
hist_vol_20,spectral,peak1_period_hours,,UNSUPPORTED,NO_VERIFIED_REGULAR_STEP,
hist_vol_20,spectral,entropy_normalized,0.5786025281512589,OK,,
hist_vol_20,spectral,low_frequency_power_fraction,0.9914451282088903,OK,,"{""basis"": ""primary period"", ""cutoff_cycles_per_row"": 0.16666666666666666}"
hist_vol_20,spectral,centroid_cycles_per_row,0.010617498434013183,OK,,
hist_vol_20,stationarity,adf_c_aic_statistic,-7.22621513907338,OK,,"{""autolag"": ""AIC"", ""lag_selection"": ""AIC over lags 0..maxlag on the common trimmed sample, as statsmodels _autolag does, without retaining every fitted model; final fit adfuller(maxlag=best, autolag=None)"", ""limitation"": ""MacKinnon approximate p-value; low power near unity; lag choice by AIC"", ""maxlag"": 41, ""n"": 12815, ""null"": ""unit root"", ""regression"": ""c"", ""test"": ""ADF""}"
hist_vol_20,stationarity,adf_c_aic_pvalue,2.0498532514012346e-10,OK,,"{""autolag"": ""AIC"", ""lag_selection"": ""AIC over lags 0..maxlag on the common trimmed sample, as statsmodels _autolag does, without retaining every fitted model; final fit adfuller(maxlag=best, autolag=None)"", ""limitation"": ""MacKinnon approximate p-value; low power near unity; lag choice by AIC"", ""maxlag"": 41, ""n"": 12815, ""null"": ""unit root"", ""regression"": ""c"", ""test"": ""ADF""}"
hist_vol_20,stationarity,adf_c_aic_lags,41,OK,,"{""autolag"": ""AIC"", ""lag_selection"": ""AIC over lags 0..maxlag on the common trimmed sample, as statsmodels _autolag does, without retaining every fitted model; final fit adfuller(maxlag=best, autolag=None)"", ""limitation"": ""MacKinnon approximate p-value; low power near unity; lag choice by AIC"", ""maxlag"": 41, ""n"": 12815, ""null"": ""unit root"", ""regression"": ""c"", ""test"": ""ADF""}"
hist_vol_20,stationarity,kpss_c_auto_statistic,1.8570430392439634,OK_WITH_WARNING,,"{""limitation"": ""p-value interpolated from a table bounded to [0.01, 0.10]"", ""n"": 12815, ""nlags"": ""auto (Hobijn)"", ""null"": ""level stationarity"", ""regression"": ""c"", ""test"": ""KPSS"", ""warnings"": [""The test statistic is outside of the range of p-values available in the\nlook-up table. The actual p-value is smaller than the p-value returned.\n""]}"
hist_vol_20,stationarity,kpss_c_auto_pvalue,0.01,OK_WITH_WARNING,P_VALUE_AT_TABLE_BOUND,"{""limitation"": ""p-value interpolated from a table bounded to [0.01, 0.10]"", ""n"": 12815, ""nlags"": ""auto (Hobijn)"", ""null"": ""level stationarity"", ""regression"": ""c"", ""test"": ""KPSS"", ""warnings"": [""The test statistic is outside of the range of p-values available in the\nlook-up table. The actual p-value is smaller than the p-value returned.\n""]}"
hist_vol_20,stationarity,kpss_c_auto_lags,68,OK_WITH_WARNING,,"{""limitation"": ""p-value interpolated from a table bounded to [0.01, 0.10]"", ""n"": 12815, ""nlags"": ""auto (Hobijn)"", ""null"": ""level stationarity"", ""regression"": ""c"", ""test"": ""KPSS"", ""warnings"": [""The test statistic is outside of the range of p-values available in the\nlook-up table. The actual p-value is smaller than the p-value returned.\n""]}"
hist_vol_20,stationarity,kpss_ct_auto_statistic,0.5230660711270667,OK_WITH_WARNING,,"{""limitation"": ""p-value interpolated from a table bounded to [0.01, 0.10]"", ""n"": 12815, ""nlags"": ""auto (Hobijn)"", ""null"": ""trend stationarity"", ""regression"": ""ct"", ""test"": ""KPSS"", ""warnings"": [""The test statistic is outside of the range of p-values available in the\nlook-up table. The actual p-value is smaller than the p-value returned.\n""]}"
hist_vol_20,stationarity,kpss_ct_auto_pvalue,0.01,OK_WITH_WARNING,P_VALUE_AT_TABLE_BOUND,"{""limitation"": ""p-value interpolated from a table bounded to [0.01, 0.10]"", ""n"": 12815, ""nlags"": ""auto (Hobijn)"", ""null"": ""trend stationarity"", ""regression"": ""ct"", ""test"": ""KPSS"", ""warnings"": [""The test statistic is outside of the range of p-values available in the\nlook-up table. The actual p-value is smaller than the p-value returned.\n""]}"
hist_vol_20,stationarity,kpss_ct_auto_lags,68,OK_WITH_WARNING,,"{""limitation"": ""p-value interpolated from a table bounded to [0.01, 0.10]"", ""n"": 12815, ""nlags"": ""auto (Hobijn)"", ""null"": ""trend stationarity"", ""regression"": ""ct"", ""test"": ""KPSS"", ""warnings"": [""The test statistic is outside of the range of p-values available in the\nlook-up table. The actual p-value is smaller than the p-value returned.\n""]}"
hist_vol_20,stationarity,adf_kpss_joint_reading,BOTH_REJECT_CONFLICT,OK,,"{""alpha"": 0.05, ""note"": ""descriptive, unadjusted for multiple testing; not an eligibility rule""}"
hist_vol_20,seasonality,acf_at_daily_6,0.8932268260063745,OK,,"{""declared_period_rows"": 6}"
hist_vol_20,seasonality,seasonal_diff_var_ratio_daily_6,0.21318046113915337,OK,,"{""formula"": ""var(x_t - x_{t-s}) / var(x_t); 2 for white noise, <1 when season repeats""}"
hist_vol_20,seasonality,acf_at_weekly_42,0.45954003788749637,OK,,"{""declared_period_rows"": 42}"
hist_vol_20,seasonality,seasonal_diff_var_ratio_weekly_42,1.0828457725293057,OK,,"{""formula"": ""var(x_t - x_{t-s}) / var(x_t); 2 for white noise, <1 when season repeats""}"
hist_vol_20,seasonality,stl_seasonal_strength_primary,0.285078707323857,OK,,"{""formula"": ""max(0, 1 - var(R)/var(S+R)) and max(0, 1 - var(R)/var(T+R)) (Wang, Smith, Hyndman 2006)"", ""method"": ""statsmodels STL"", ""note"": ""optional diagnostic transform; not a model input"", ""period"": 6, ""robust"": false}"
hist_vol_20,seasonality,stl_trend_strength_primary,0.988628215005978,OK,,"{""formula"": ""max(0, 1 - var(R)/var(S+R)) and max(0, 1 - var(R)/var(T+R)) (Wang, Smith, Hyndman 2006)"", ""method"": ""statsmodels STL"", ""note"": ""optional diagnostic transform; not a model input"", ""period"": 6, ""robust"": false}"
hist_vol_60,missingness,rows,12835,OK,,
hist_vol_60,missingness,missing_count,60,OK,,"{""also"": ""NaN literals parsed by float()"", ""empty_or_token_cells"": 60, ""tokens"": ["""", ""n/a"", ""na"", ""nan"", ""none"", ""null""]}"
hist_vol_60,missingness,missing_fraction,0.004674717569146864,OK,,
hist_vol_60,missingness,nonnumeric_count,0,OK,,
hist_vol_60,missingness,nonfinite_count,60,OK,,
hist_vol_60,missingness,longest_finite_run,12775,OK,,
hist_vol_60,missingness,constant_flag,False,OK,,
hist_vol_60,missingness,unique_count,12767,OK,,
hist_vol_60,distribution,mean,0.11367465227005871,OK,,
hist_vol_60,distribution,std,0.06088753890704375,OK,,
hist_vol_60,distribution,min,0.019190134,OK,,
hist_vol_60,distribution,max,0.40507466,OK,,
hist_vol_60,distribution,median,0.10038726,OK,,
hist_vol_60,distribution,iqr,0.061513425,OK,,
hist_vol_60,distribution,mad,0.028732480000000005,OK,,
hist_vol_60,distribution,skewness,1.739394773452984,OK,,"{""bias"": false}"
hist_vol_60,distribution,excess_kurtosis,4.031076126754263,OK,,"{""bias"": false}"
hist_vol_60,distribution,upper_tail_ratio,7.403692724586905,OK,,"{""formula"": ""(q0.995-q0.5)/(q0.75-q0.5); Gaussian ~3.82""}"
hist_vol_60,distribution,lower_tail_ratio,2.9979054047825406,OK,,"{""formula"": ""(q0.5-q0.005)/(q0.5-q0.25); Gaussian ~3.82""}"
hist_vol_60,distribution,robust_z_outlier_fraction_gt5,0.022544031311154598,OK,,"{""scale"": ""1.4826*MAD""}"
hist_vol_60,distribution,zero_fraction,0.0,OK,,
hist_vol_60,distribution,quantile_0.005,0.0239631115,OK,,"{""method"": ""numpy linear""}"
hist_vol_60,distribution,quantile_0.01,0.02574692996,OK,,"{""method"": ""numpy linear""}"
hist_vol_60,distribution,quantile_0.05,0.04580688,OK,,"{""method"": ""numpy linear""}"
hist_vol_60,distribution,quantile_0.25,0.074894745,OK,,"{""method"": ""numpy linear""}"
hist_vol_60,distribution,quantile_0.5,0.10038726,OK,,"{""method"": ""numpy linear""}"
hist_vol_60,distribution,quantile_0.75,0.13640817,OK,,"{""method"": ""numpy linear""}"
hist_vol_60,distribution,quantile_0.95,0.23777489299999996,OK,,"{""method"": ""numpy linear""}"
hist_vol_60,distribution,quantile_0.99,0.34238285900000004,OK,,"{""method"": ""numpy linear""}"
hist_vol_60,distribution,quantile_0.995,0.3670750092999996,OK,,"{""method"": ""numpy linear""}"
hist_vol_60,volatility,diff_std,0.004644938243488127,OK,,"{""rule"": ""longest contiguous finite run; no imputation"", ""segment_rows"": [60, 12835]}"
hist_vol_60,volatility,diff_abs_mean,0.0016192224521684672,OK,,"{""rule"": ""longest contiguous finite run; no imputation"", ""segment_rows"": [60, 12835]}"
hist_vol_60,volatility,diff_std_over_std,0.07628717348190894,OK,,"{""rule"": ""longest contiguous finite run; no imputation"", ""segment_rows"": [60, 12835]}"
hist_vol_60,volatility,rolling_std_cv,1.6018965069288036,OK,,"{""rule"": ""non-overlapping primary-period blocks; std of block std / mean"", ""window_rows"": 6}"
hist_vol_60,trend,slope_per_row,-5.1179880478220034e-06,OK,,"{""rule"": ""longest contiguous finite run; no imputation"", ""segment_rows"": [60, 12835]}"
hist_vol_60,trend,slope_per_day,,UNSUPPORTED,NO_VERIFIED_REGULAR_STEP,
hist_vol_60,trend,linear_r2,0.09609842289503157,OK,,
hist_vol_60,acf,acf_lag_1,0.997072983982155,OK,,"{""estimator"": ""biased, mean-centered""}"
hist_vol_60,acf,acf_lag_2,0.9937860509287545,OK,,"{""estimator"": ""biased, mean-centered""}"
hist_vol_60,acf,acf_lag_3,0.9901017730600756,OK,,"{""estimator"": ""biased, mean-centered""}"
hist_vol_60,acf,acf_lag_6,0.9758882060916414,OK,,"{""estimator"": ""biased, mean-centered""}"
hist_vol_60,acf,acf_lag_12,0.9416558917312579,OK,,"{""estimator"": ""biased, mean-centered""}"
hist_vol_60,acf,acf_lag_42,0.719351192966107,OK,,"{""estimator"": ""biased, mean-centered""}"
hist_vol_60,acf,decorrelation_lag_1_over_e,,NOT_RUN,ACF_ABOVE_1_OVER_E_THROUGH_LAG_64,
hist_vol_60,spectral,peak1_period_rows,4258.333333333333,OK,,"{""method"": ""periodogram, linear detrend, rank by power""}"
hist_vol_60,spectral,peak1_power_fraction,0.0762140922792266,OK,,
hist_vol_60,spectral,peak2_period_rows,3193.75,OK,,"{""method"": ""periodogram, linear detrend, rank by power""}"
hist_vol_60,spectral,peak2_power_fraction,0.0750954278229337,OK,,
hist_vol_60,spectral,peak3_period_rows,1596.875,OK,,"{""method"": ""periodogram, linear detrend, rank by power""}"
hist_vol_60,spectral,peak3_power_fraction,0.07410713797496231,OK,,
hist_vol_60,spectral,peak1_period_hours,,UNSUPPORTED,NO_VERIFIED_REGULAR_STEP,
hist_vol_60,spectral,entropy_normalized,0.4724180261966778,OK,,
hist_vol_60,spectral,low_frequency_power_fraction,0.9983387515825662,OK,,"{""basis"": ""primary period"", ""cutoff_cycles_per_row"": 0.16666666666666666}"
hist_vol_60,spectral,centroid_cycles_per_row,0.003594830329470051,OK,,
hist_vol_60,stationarity,adf_c_aic_statistic,-7.5815443516680645,OK,,"{""autolag"": ""AIC"", ""lag_selection"": ""AIC over lags 0..maxlag on the common trimmed sample, as statsmodels _autolag does, without retaining every fitted model; final fit adfuller(maxlag=best, autolag=None)"", ""limitation"": ""MacKinnon approximate p-value; low power near unity; lag choice by AIC"", ""maxlag"": 41, ""n"": 12775, ""null"": ""unit root"", ""regression"": ""c"", ""test"": ""ADF""}"
hist_vol_60,stationarity,adf_c_aic_pvalue,2.6737203968698055e-11,OK,,"{""autolag"": ""AIC"", ""lag_selection"": ""AIC over lags 0..maxlag on the common trimmed sample, as statsmodels _autolag does, without retaining every fitted model; final fit adfuller(maxlag=best, autolag=None)"", ""limitation"": ""MacKinnon approximate p-value; low power near unity; lag choice by AIC"", ""maxlag"": 41, ""n"": 12775, ""null"": ""unit root"", ""regression"": ""c"", ""test"": ""ADF""}"
hist_vol_60,stationarity,adf_c_aic_lags,25,OK,,"{""autolag"": ""AIC"", ""lag_selection"": ""AIC over lags 0..maxlag on the common trimmed sample, as statsmodels _autolag does, without retaining every fitted model; final fit adfuller(maxlag=best, autolag=None)"", ""limitation"": ""MacKinnon approximate p-value; low power near unity; lag choice by AIC"", ""maxlag"": 41, ""n"": 12775, ""null"": ""unit root"", ""regression"": ""c"", ""test"": ""ADF""}"
hist_vol_60,stationarity,kpss_c_auto_statistic,1.9940434939154463,OK_WITH_WARNING,,"{""limitation"": ""p-value interpolated from a table bounded to [0.01, 0.10]"", ""n"": 12775, ""nlags"": ""auto (Hobijn)"", ""null"": ""level stationarity"", ""regression"": ""c"", ""test"": ""KPSS"", ""warnings"": [""The test statistic is outside of the range of p-values available in the\nlook-up table. The actual p-value is smaller than the p-value returned.\n""]}"
hist_vol_60,stationarity,kpss_c_auto_pvalue,0.01,OK_WITH_WARNING,P_VALUE_AT_TABLE_BOUND,"{""limitation"": ""p-value interpolated from a table bounded to [0.01, 0.10]"", ""n"": 12775, ""nlags"": ""auto (Hobijn)"", ""null"": ""level stationarity"", ""regression"": ""c"", ""test"": ""KPSS"", ""warnings"": [""The test statistic is outside of the range of p-values available in the\nlook-up table. The actual p-value is smaller than the p-value returned.\n""]}"
hist_vol_60,stationarity,kpss_c_auto_lags,69,OK_WITH_WARNING,,"{""limitation"": ""p-value interpolated from a table bounded to [0.01, 0.10]"", ""n"": 12775, ""nlags"": ""auto (Hobijn)"", ""null"": ""level stationarity"", ""regression"": ""c"", ""test"": ""KPSS"", ""warnings"": [""The test statistic is outside of the range of p-values available in the\nlook-up table. The actual p-value is smaller than the p-value returned.\n""]}"
hist_vol_60,stationarity,kpss_ct_auto_statistic,0.525241920163922,OK_WITH_WARNING,,"{""limitation"": ""p-value interpolated from a table bounded to [0.01, 0.10]"", ""n"": 12775, ""nlags"": ""auto (Hobijn)"", ""null"": ""trend stationarity"", ""regression"": ""ct"", ""test"": ""KPSS"", ""warnings"": [""The test statistic is outside of the range of p-values available in the\nlook-up table. The actual p-value is smaller than the p-value returned.\n""]}"
hist_vol_60,stationarity,kpss_ct_auto_pvalue,0.01,OK_WITH_WARNING,P_VALUE_AT_TABLE_BOUND,"{""limitation"": ""p-value interpolated from a table bounded to [0.01, 0.10]"", ""n"": 12775, ""nlags"": ""auto (Hobijn)"", ""null"": ""trend stationarity"", ""regression"": ""ct"", ""test"": ""KPSS"", ""warnings"": [""The test statistic is outside of the range of p-values available in the\nlook-up table. The actual p-value is smaller than the p-value returned.\n""]}"
hist_vol_60,stationarity,kpss_ct_auto_lags,69,OK_WITH_WARNING,,"{""limitation"": ""p-value interpolated from a table bounded to [0.01, 0.10]"", ""n"": 12775, ""nlags"": ""auto (Hobijn)"", ""null"": ""trend stationarity"", ""regression"": ""ct"", ""test"": ""KPSS"", ""warnings"": [""The test statistic is outside of the range of p-values available in the\nlook-up table. The actual p-value is smaller than the p-value returned.\n""]}"
hist_vol_60,stationarity,adf_kpss_joint_reading,BOTH_REJECT_CONFLICT,OK,,"{""alpha"": 0.05, ""note"": ""descriptive, unadjusted for multiple testing; not an eligibility rule""}"
hist_vol_60,seasonality,acf_at_daily_6,0.9758882060916414,OK,,"{""declared_period_rows"": 6}"
hist_vol_60,seasonality,seasonal_diff_var_ratio_daily_6,0.048039152722171435,OK,,"{""formula"": ""var(x_t - x_{t-s}) / var(x_t); 2 for white noise, <1 when season repeats""}"
hist_vol_60,seasonality,acf_at_weekly_42,0.719351192966107,OK,,"{""declared_period_rows"": 42}"
hist_vol_60,seasonality,seasonal_diff_var_ratio_weekly_42,0.5616692334421736,OK,,"{""formula"": ""var(x_t - x_{t-s}) / var(x_t); 2 for white noise, <1 when season repeats""}"
hist_vol_60,seasonality,stl_seasonal_strength_primary,0.292299382868204,OK,,"{""formula"": ""max(0, 1 - var(R)/var(S+R)) and max(0, 1 - var(R)/var(T+R)) (Wang, Smith, Hyndman 2006)"", ""method"": ""statsmodels STL"", ""note"": ""optional diagnostic transform; not a model input"", ""period"": 6, ""robust"": false}"
hist_vol_60,seasonality,stl_trend_strength_primary,0.9978500141787466,OK,,"{""formula"": ""max(0, 1 - var(R)/var(S+R)) and max(0, 1 - var(R)/var(T+R)) (Wang, Smith, Hyndman 2006)"", ""method"": ""statsmodels STL"", ""note"": ""optional diagnostic transform; not a model input"", ""period"": 6, ""robust"": false}"
ema_cross_10_50,missingness,rows,12835,OK,,
ema_cross_10_50,missingness,missing_count,49,OK,,"{""also"": ""NaN literals parsed by float()"", ""empty_or_token_cells"": 49, ""tokens"": ["""", ""n/a"", ""na"", ""nan"", ""none"", ""null""]}"
ema_cross_10_50,missingness,missing_fraction,0.003817686014803272,OK,,
ema_cross_10_50,missingness,nonnumeric_count,0,OK,,
ema_cross_10_50,missingness,nonfinite_count,49,OK,,
ema_cross_10_50,missingness,longest_finite_run,12786,OK,,
ema_cross_10_50,missingness,constant_flag,False,OK,,
ema_cross_10_50,missingness,unique_count,12786,OK,,
ema_cross_10_50,distribution,mean,0.000279381999104677,OK,,
ema_cross_10_50,distribution,std,0.044109372296305974,OK,,
ema_cross_10_50,distribution,min,-0.3163589,OK,,
ema_cross_10_50,distribution,max,0.17303725,OK,,
ema_cross_10_50,distribution,median,0.00160894435,OK,,
ema_cross_10_50,distribution,iqr,0.04384952475,OK,,
ema_cross_10_50,distribution,mad,0.0218014105,OK,,
ema_cross_10_50,distribution,skewness,-1.0204941776996448,OK,,"{""bias"": false}"
ema_cross_10_50,distribution,excess_kurtosis,4.648695928059396,OK,,"{""bias"": false}"
ema_cross_10_50,distribution,upper_tail_ratio,4.671307782240697,OK,,"{""formula"": ""(q0.995-q0.5)/(q0.75-q0.5); Gaussian ~3.82""}"
ema_cross_10_50,distribution,lower_tail_ratio,8.079769486586725,OK,,"{""formula"": ""(q0.5-q0.005)/(q0.5-q0.25); Gaussian ~3.82""}"
ema_cross_10_50,distribution,robust_z_outlier_fraction_gt5,0.006726106679180353,OK,,"{""scale"": ""1.4826*MAD""}"
ema_cross_10_50,distribution,zero_fraction,0.0,OK,,
ema_cross_10_50,distribution,quantile_0.005,-0.16733947475,OK,,"{""method"": ""numpy linear""}"
ema_cross_10_50,distribution,quantile_0.01,-0.1428584005,OK,,"{""method"": ""numpy linear""}"
ema_cross_10_50,distribution,quantile_0.05,-0.0712204,OK,,"{""method"": ""numpy linear""}"
ema_cross_10_50,distribution,quantile_0.25,-0.01930111,OK,,"{""method"": ""numpy linear""}"
ema_cross_10_50,distribution,quantile_0.5,0.00160894435,OK,,"{""method"": ""numpy linear""}"
ema_cross_10_50,distribution,quantile_0.75,0.02454841475,OK,,"{""method"": ""numpy linear""}"
ema_cross_10_50,distribution,quantile_0.95,0.0671751015,OK,,"{""method"": ""numpy linear""}"
ema_cross_10_50,distribution,quantile_0.99,0.09576532774999998,OK,,"{""method"": ""numpy linear""}"
ema_cross_10_50,distribution,quantile_0.995,0.10876627095000012,OK,,"{""method"": ""numpy linear""}"
ema_cross_10_50,volatility,diff_std,0.004224958028531341,OK,,"{""rule"": ""longest contiguous finite run; no imputation"", ""segment_rows"": [49, 12835]}"
ema_cross_10_50,volatility,diff_abs_mean,0.002603570777549566,OK,,"{""rule"": ""longest contiguous finite run; no imputation"", ""segment_rows"": [49, 12835]}"
ema_cross_10_50,volatility,diff_std_over_std,0.09578368062347531,OK,,"{""rule"": ""longest contiguous finite run; no imputation"", ""segment_rows"": [49, 12835]}"
ema_cross_10_50,volatility,rolling_std_cv,1.0651181653769937,OK,,"{""rule"": ""non-overlapping primary-period blocks; std of block std / mean"", ""window_rows"": 6}"
ema_cross_10_50,trend,slope_per_row,-1.5464227999551475e-07,OK,,"{""rule"": ""longest contiguous finite run; no imputation"", ""segment_rows"": [49, 12835]}"
ema_cross_10_50,trend,slope_per_day,,UNSUPPORTED,NO_VERIFIED_REGULAR_STEP,
ema_cross_10_50,trend,linear_r2,0.000167462223176984,OK,,
ema_cross_10_50,acf,acf_lag_1,0.9954003111743961,OK,,"{""estimator"": ""biased, mean-centered""}"
ema_cross_10_50,acf,acf_lag_2,0.9851189399858606,OK,,"{""estimator"": ""biased, mean-centered""}"
ema_cross_10_50,acf,acf_lag_3,0.9703957017584158,OK,,"{""estimator"": ""biased, mean-centered""}"
ema_cross_10_50,acf,acf_lag_6,0.908067058666457,OK,,"{""estimator"": ""biased, mean-centered""}"
ema_cross_10_50,acf,acf_lag_12,0.7639967956881224,OK,,"{""estimator"": ""biased, mean-centered""}"
ema_cross_10_50,acf,acf_lag_42,0.25372868483861494,OK,,"{""estimator"": ""biased, mean-centered""}"
ema_cross_10_50,acf,decorrelation_lag_1_over_e,33,OK,,
ema_cross_10_50,spectral,peak1_period_rows,1826.5714285714284,OK,,"{""method"": ""periodogram, linear detrend, rank by power""}"
ema_cross_10_50,spectral,peak1_power_fraction,0.02568304215597941,OK,,
ema_cross_10_50,spectral,peak2_period_rows,4262.0,OK,,"{""method"": ""periodogram, linear detrend, rank by power""}"
ema_cross_10_50,spectral,peak2_power_fraction,0.02484220943407552,OK,,
ema_cross_10_50,spectral,peak3_period_rows,236.77777777777774,OK,,"{""method"": ""periodogram, linear detrend, rank by power""}"
ema_cross_10_50,spectral,peak3_power_fraction,0.0245721352792196,OK,,
ema_cross_10_50,spectral,peak1_period_hours,,UNSUPPORTED,NO_VERIFIED_REGULAR_STEP,
ema_cross_10_50,spectral,entropy_normalized,0.5979122761815535,OK,,
ema_cross_10_50,spectral,low_frequency_power_fraction,0.9989965021377685,OK,,"{""basis"": ""primary period"", ""cutoff_cycles_per_row"": 0.16666666666666666}"
ema_cross_10_50,spectral,centroid_cycles_per_row,0.008091776994585333,OK,,
ema_cross_10_50,stationarity,adf_c_aic_statistic,-10.957704323206553,OK,,"{""autolag"": ""AIC"", ""lag_selection"": ""AIC over lags 0..maxlag on the common trimmed sample, as statsmodels _autolag does, without retaining every fitted model; final fit adfuller(maxlag=best, autolag=None)"", ""limitation"": ""MacKinnon approximate p-value; low power near unity; lag choice by AIC"", ""maxlag"": 41, ""n"": 12786, ""null"": ""unit root"", ""regression"": ""c"", ""test"": ""ADF""}"
ema_cross_10_50,stationarity,adf_c_aic_pvalue,8.479464403909242e-20,OK,,"{""autolag"": ""AIC"", ""lag_selection"": ""AIC over lags 0..maxlag on the common trimmed sample, as statsmodels _autolag does, without retaining every fitted model; final fit adfuller(maxlag=best, autolag=None)"", ""limitation"": ""MacKinnon approximate p-value; low power near unity; lag choice by AIC"", ""maxlag"": 41, ""n"": 12786, ""null"": ""unit root"", ""regression"": ""c"", ""test"": ""ADF""}"
ema_cross_10_50,stationarity,adf_c_aic_lags,41,OK,,"{""autolag"": ""AIC"", ""lag_selection"": ""AIC over lags 0..maxlag on the common trimmed sample, as statsmodels _autolag does, without retaining every fitted model; final fit adfuller(maxlag=best, autolag=None)"", ""limitation"": ""MacKinnon approximate p-value; low power near unity; lag choice by AIC"", ""maxlag"": 41, ""n"": 12786, ""null"": ""unit root"", ""regression"": ""c"", ""test"": ""ADF""}"
ema_cross_10_50,stationarity,kpss_c_auto_statistic,0.1181622737249227,OK_WITH_WARNING,,"{""limitation"": ""p-value interpolated from a table bounded to [0.01, 0.10]"", ""n"": 12786, ""nlags"": ""auto (Hobijn)"", ""null"": ""level stationarity"", ""regression"": ""c"", ""test"": ""KPSS"", ""warnings"": [""The test statistic is outside of the range of p-values available in the\nlook-up table. The actual p-value is greater than the p-value returned.\n""]}"
ema_cross_10_50,stationarity,kpss_c_auto_pvalue,0.1,OK_WITH_WARNING,P_VALUE_AT_TABLE_BOUND,"{""limitation"": ""p-value interpolated from a table bounded to [0.01, 0.10]"", ""n"": 12786, ""nlags"": ""auto (Hobijn)"", ""null"": ""level stationarity"", ""regression"": ""c"", ""test"": ""KPSS"", ""warnings"": [""The test statistic is outside of the range of p-values available in the\nlook-up table. The actual p-value is greater than the p-value returned.\n""]}"
ema_cross_10_50,stationarity,kpss_c_auto_lags,68,OK_WITH_WARNING,,"{""limitation"": ""p-value interpolated from a table bounded to [0.01, 0.10]"", ""n"": 12786, ""nlags"": ""auto (Hobijn)"", ""null"": ""level stationarity"", ""regression"": ""c"", ""test"": ""KPSS"", ""warnings"": [""The test statistic is outside of the range of p-values available in the\nlook-up table. The actual p-value is greater than the p-value returned.\n""]}"
ema_cross_10_50,stationarity,kpss_ct_auto_statistic,0.1137557676009511,OK_WITH_WARNING,,"{""limitation"": ""p-value interpolated from a table bounded to [0.01, 0.10]"", ""n"": 12786, ""nlags"": ""auto (Hobijn)"", ""null"": ""trend stationarity"", ""regression"": ""ct"", ""test"": ""KPSS"", ""warnings"": [""The test statistic is outside of the range of p-values available in the\nlook-up table. The actual p-value is greater than the p-value returned.\n""]}"
ema_cross_10_50,stationarity,kpss_ct_auto_pvalue,0.1,OK_WITH_WARNING,P_VALUE_AT_TABLE_BOUND,"{""limitation"": ""p-value interpolated from a table bounded to [0.01, 0.10]"", ""n"": 12786, ""nlags"": ""auto (Hobijn)"", ""null"": ""trend stationarity"", ""regression"": ""ct"", ""test"": ""KPSS"", ""warnings"": [""The test statistic is outside of the range of p-values available in the\nlook-up table. The actual p-value is greater than the p-value returned.\n""]}"
ema_cross_10_50,stationarity,kpss_ct_auto_lags,68,OK_WITH_WARNING,,"{""limitation"": ""p-value interpolated from a table bounded to [0.01, 0.10]"", ""n"": 12786, ""nlags"": ""auto (Hobijn)"", ""null"": ""trend stationarity"", ""regression"": ""ct"", ""test"": ""KPSS"", ""warnings"": [""The test statistic is outside of the range of p-values available in the\nlook-up table. The actual p-value is greater than the p-value returned.\n""]}"
ema_cross_10_50,stationarity,adf_kpss_joint_reading,ADF_REJECTS_UNIT_ROOT_KPSS_DOES_NOT_REJECT_LEVEL,OK,,"{""alpha"": 0.05, ""note"": ""descriptive, unadjusted for multiple testing; not an eligibility rule""}"
ema_cross_10_50,seasonality,acf_at_daily_6,0.908067058666457,OK,,"{""declared_period_rows"": 6}"
ema_cross_10_50,seasonality,seasonal_diff_var_ratio_daily_6,0.18372446635658596,OK,,"{""formula"": ""var(x_t - x_{t-s}) / var(x_t); 2 for white noise, <1 when season repeats""}"
ema_cross_10_50,seasonality,acf_at_weekly_42,0.2537286848386149,OK,,"{""declared_period_rows"": 42}"
ema_cross_10_50,seasonality,seasonal_diff_var_ratio_weekly_42,1.4920927652398186,OK,,"{""formula"": ""var(x_t - x_{t-s}) / var(x_t); 2 for white noise, <1 when season repeats""}"
ema_cross_10_50,seasonality,stl_seasonal_strength_primary,0.11440524990276646,OK,,"{""formula"": ""max(0, 1 - var(R)/var(S+R)) and max(0, 1 - var(R)/var(T+R)) (Wang, Smith, Hyndman 2006)"", ""method"": ""statsmodels STL"", ""note"": ""optional diagnostic transform; not a model input"", ""period"": 6, ""robust"": false}"
ema_cross_10_50,seasonality,stl_trend_strength_primary,0.996013311951763,OK,,"{""formula"": ""max(0, 1 - var(R)/var(S+R)) and max(0, 1 - var(R)/var(T+R)) (Wang, Smith, Hyndman 2006)"", ""method"": ""statsmodels STL"", ""note"": ""optional diagnostic transform; not a model input"", ""period"": 6, ""robust"": false}"
ema_cross_20_100,missingness,rows,12835,OK,,
ema_cross_20_100,missingness,missing_count,99,OK,,"{""also"": ""NaN literals parsed by float()"", ""empty_or_token_cells"": 99, ""tokens"": ["""", ""n/a"", ""na"", ""nan"", ""none"", ""null""]}"
ema_cross_20_100,missingness,missing_fraction,0.007713283989092326,OK,,
ema_cross_20_100,missingness,nonnumeric_count,0,OK,,
ema_cross_20_100,missingness,nonfinite_count,99,OK,,
ema_cross_20_100,missingness,longest_finite_run,12736,OK,,
ema_cross_20_100,missingness,constant_flag,False,OK,,
ema_cross_20_100,missingness,unique_count,12736,OK,,
ema_cross_20_100,distribution,mean,1.9217200120939825e-05,OK,,
ema_cross_20_100,distribution,std,0.0636743291690587,OK,,
ema_cross_20_100,distribution,min,-0.41475117,OK,,
ema_cross_20_100,distribution,max,0.21398905,OK,,
ema_cross_20_100,distribution,median,0.00217274705,OK,,
ema_cross_20_100,distribution,iqr,0.069320799,OK,,
ema_cross_20_100,distribution,mad,0.034567193499999996,OK,,
ema_cross_20_100,distribution,skewness,-0.8618741143220054,OK,,"{""bias"": false}"
ema_cross_20_100,distribution,excess_kurtosis,3.2881141495401813,OK,,"{""bias"": false}"
ema_cross_20_100,distribution,upper_tail_ratio,4.31517131438925,OK,,"{""formula"": ""(q0.995-q0.5)/(q0.75-q0.5); Gaussian ~3.82""}"
ema_cross_20_100,distribution,lower_tail_ratio,7.660373014529166,OK,,"{""formula"": ""(q0.5-q0.005)/(q0.5-q0.25); Gaussian ~3.82""}"
ema_cross_20_100,distribution,robust_z_outlier_fraction_gt5,0.004082914572864322,OK,,"{""scale"": ""1.4826*MAD""}"
ema_cross_20_100,distribution,zero_fraction,0.0,OK,,
ema_cross_20_100,distribution,quantile_0.005,-0.24658729375,OK,,"{""method"": ""numpy linear""}"
ema_cross_20_100,distribution,quantile_0.01,-0.204682167,OK,,"{""method"": ""numpy linear""}"
ema_cross_20_100,distribution,quantile_0.05,-0.1068805725,OK,,"{""method"": ""numpy linear""}"
ema_cross_20_100,distribution,quantile_0.25,-0.03030087275,OK,,"{""method"": ""numpy linear""}"
ema_cross_20_100,distribution,quantile_0.5,0.00217274705,OK,,"{""method"": ""numpy linear""}"
ema_cross_20_100,distribution,quantile_0.75,0.03901992625,OK,,"{""method"": ""numpy linear""}"
ema_cross_20_100,distribution,quantile_0.95,0.093538178,OK,,"{""method"": ""numpy linear""}"
ema_cross_20_100,distribution,quantile_0.99,0.14106872299999995,OK,,"{""method"": ""numpy linear""}"
ema_cross_20_100,distribution,quantile_0.995,0.16117463775000027,OK,,"{""method"": ""numpy linear""}"
ema_cross_20_100,volatility,diff_std,0.003369634138657653,OK,,"{""rule"": ""longest contiguous finite run; no imputation"", ""segment_rows"": [99, 12835]}"
ema_cross_20_100,volatility,diff_abs_mean,0.002000322529529329,OK,,"{""rule"": ""longest contiguous finite run; no imputation"", ""segment_rows"": [99, 12835]}"
ema_cross_20_100,volatility,diff_std_over_std,0.05291982157693561,OK,,"{""rule"": ""longest contiguous finite run; no imputation"", ""segment_rows"": [99, 12835]}"
ema_cross_20_100,volatility,rolling_std_cv,1.077479541932326,OK,,"{""rule"": ""non-overlapping primary-period blocks; std of block std / mean"", ""window_rows"": 6}"
ema_cross_20_100,trend,slope_per_row,-2.6827372103240314e-07,OK,,"{""rule"": ""longest contiguous finite run; no imputation"", ""segment_rows"": [99, 12835]}"
ema_cross_20_100,trend,slope_per_day,,UNSUPPORTED,NO_VERIFIED_REGULAR_STEP,
ema_cross_20_100,trend,linear_r2,0.00023996420457628176,OK,,
ema_cross_20_100,acf,acf_lag_1,0.9985526181335969,OK,,"{""estimator"": ""biased, mean-centered""}"
ema_cross_20_100,acf,acf_lag_2,0.9955593258553967,OK,,"{""estimator"": ""biased, mean-centered""}"
ema_cross_20_100,acf,acf_lag_3,0.9912258242778841,OK,,"{""estimator"": ""biased, mean-centered""}"
ema_cross_20_100,acf,acf_lag_6,0.9710531002775209,OK,,"{""estimator"": ""biased, mean-centered""}"
ema_cross_20_100,acf,acf_lag_12,0.9123935038422081,OK,,"{""estimator"": ""biased, mean-centered""}"
ema_cross_20_100,acf,acf_lag_42,0.5557990510363563,OK,,"{""estimator"": ""biased, mean-centered""}"
ema_cross_20_100,acf,decorrelation_lag_1_over_e,,NOT_RUN,ACF_ABOVE_1_OVER_E_THROUGH_LAG_64,
ema_cross_20_100,spectral,peak1_period_rows,1819.4285714285716,OK,,"{""method"": ""periodogram, linear detrend, rank by power""}"
ema_cross_20_100,spectral,peak1_power_fraction,0.04745175230965481,OK,,
ema_cross_20_100,spectral,peak2_period_rows,4245.333333333334,OK,,"{""method"": ""periodogram, linear detrend, rank by power""}"
ema_cross_20_100,spectral,peak2_power_fraction,0.04516099947017677,OK,,
ema_cross_20_100,spectral,peak3_period_rows,1157.8181818181818,OK,,"{""method"": ""periodogram, linear detrend, rank by power""}"
ema_cross_20_100,spectral,peak3_power_fraction,0.036770544331860645,OK,,
ema_cross_20_100,spectral,peak1_period_hours,,UNSUPPORTED,NO_VERIFIED_REGULAR_STEP,
ema_cross_20_100,spectral,entropy_normalized,0.5186062185809509,OK,,
ema_cross_20_100,spectral,low_frequency_power_fraction,0.9996380006753871,OK,,"{""basis"": ""primary period"", ""cutoff_cycles_per_row"": 0.16666666666666666}"
ema_cross_20_100,spectral,centroid_cycles_per_row,0.0040117257000781715,OK,,
ema_cross_20_100,stationarity,adf_c_aic_statistic,-8.28178889450684,OK,,"{""autolag"": ""AIC"", ""lag_selection"": ""AIC over lags 0..maxlag on the common trimmed sample, as statsmodels _autolag does, without retaining every fitted model; final fit adfuller(maxlag=best, autolag=None)"", ""limitation"": ""MacKinnon approximate p-value; low power near unity; lag choice by AIC"", ""maxlag"": 41, ""n"": 12736, ""null"": ""unit root"", ""regression"": ""c"", ""test"": ""ADF""}"
ema_cross_20_100,stationarity,adf_c_aic_pvalue,4.4991741340922496e-13,OK,,"{""autolag"": ""AIC"", ""lag_selection"": ""AIC over lags 0..maxlag on the common trimmed sample, as statsmodels _autolag does, without retaining every fitted model; final fit adfuller(maxlag=best, autolag=None)"", ""limitation"": ""MacKinnon approximate p-value; low power near unity; lag choice by AIC"", ""maxlag"": 41, ""n"": 12736, ""null"": ""unit root"", ""regression"": ""c"", ""test"": ""ADF""}"
ema_cross_20_100,stationarity,adf_c_aic_lags,41,OK,,"{""autolag"": ""AIC"", ""lag_selection"": ""AIC over lags 0..maxlag on the common trimmed sample, as statsmodels _autolag does, without retaining every fitted model; final fit adfuller(maxlag=best, autolag=None)"", ""limitation"": ""MacKinnon approximate p-value; low power near unity; lag choice by AIC"", ""maxlag"": 41, ""n"": 12736, ""null"": ""unit root"", ""regression"": ""c"", ""test"": ""ADF""}"
ema_cross_20_100,stationarity,kpss_c_auto_statistic,0.1641682430674445,OK_WITH_WARNING,,"{""limitation"": ""p-value interpolated from a table bounded to [0.01, 0.10]"", ""n"": 12736, ""nlags"": ""auto (Hobijn)"", ""null"": ""level stationarity"", ""regression"": ""c"", ""test"": ""KPSS"", ""warnings"": [""The test statistic is outside of the range of p-values available in the\nlook-up table. The actual p-value is greater than the p-value returned.\n""]}"
ema_cross_20_100,stationarity,kpss_c_auto_pvalue,0.1,OK_WITH_WARNING,P_VALUE_AT_TABLE_BOUND,"{""limitation"": ""p-value interpolated from a table bounded to [0.01, 0.10]"", ""n"": 12736, ""nlags"": ""auto (Hobijn)"", ""null"": ""level stationarity"", ""regression"": ""c"", ""test"": ""KPSS"", ""warnings"": [""The test statistic is outside of the range of p-values available in the\nlook-up table. The actual p-value is greater than the p-value returned.\n""]}"
ema_cross_20_100,stationarity,kpss_c_auto_lags,69,OK_WITH_WARNING,,"{""limitation"": ""p-value interpolated from a table bounded to [0.01, 0.10]"", ""n"": 12736, ""nlags"": ""auto (Hobijn)"", ""null"": ""level stationarity"", ""regression"": ""c"", ""test"": ""KPSS"", ""warnings"": [""The test statistic is outside of the range of p-values available in the\nlook-up table. The actual p-value is greater than the p-value returned.\n""]}"
ema_cross_20_100,stationarity,kpss_ct_auto_statistic,0.15948792019010133,OK,,"{""limitation"": ""p-value interpolated from a table bounded to [0.01, 0.10]"", ""n"": 12736, ""nlags"": ""auto (Hobijn)"", ""null"": ""trend stationarity"", ""regression"": ""ct"", ""test"": ""KPSS""}"
ema_cross_20_100,stationarity,kpss_ct_auto_pvalue,0.03876006650824888,OK,,"{""limitation"": ""p-value interpolated from a table bounded to [0.01, 0.10]"", ""n"": 12736, ""nlags"": ""auto (Hobijn)"", ""null"": ""trend stationarity"", ""regression"": ""ct"", ""test"": ""KPSS""}"
ema_cross_20_100,stationarity,kpss_ct_auto_lags,69,OK,,"{""limitation"": ""p-value interpolated from a table bounded to [0.01, 0.10]"", ""n"": 12736, ""nlags"": ""auto (Hobijn)"", ""null"": ""trend stationarity"", ""regression"": ""ct"", ""test"": ""KPSS""}"
ema_cross_20_100,stationarity,adf_kpss_joint_reading,ADF_REJECTS_UNIT_ROOT_KPSS_DOES_NOT_REJECT_LEVEL,OK,,"{""alpha"": 0.05, ""note"": ""descriptive, unadjusted for multiple testing; not an eligibility rule""}"
ema_cross_20_100,seasonality,acf_at_daily_6,0.9710531002775211,OK,,"{""declared_period_rows"": 6}"
ema_cross_20_100,seasonality,seasonal_diff_var_ratio_daily_6,0.05737411575975703,OK,,"{""formula"": ""var(x_t - x_{t-s}) / var(x_t); 2 for white noise, <1 when season repeats""}"
ema_cross_20_100,seasonality,acf_at_weekly_42,0.5557990510363565,OK,,"{""declared_period_rows"": 42}"
ema_cross_20_100,seasonality,seasonal_diff_var_ratio_weekly_42,0.8876249680966548,OK,,"{""formula"": ""var(x_t - x_{t-s}) / var(x_t); 2 for white noise, <1 when season repeats""}"
ema_cross_20_100,seasonality,stl_seasonal_strength_primary,0.15157863518480164,OK,,"{""formula"": ""max(0, 1 - var(R)/var(S+R)) and max(0, 1 - var(R)/var(T+R)) (Wang, Smith, Hyndman 2006)"", ""method"": ""statsmodels STL"", ""note"": ""optional diagnostic transform; not a model input"", ""period"": 6, ""robust"": false}"
ema_cross_20_100,seasonality,stl_trend_strength_primary,0.9990808314760036,OK,,"{""formula"": ""max(0, 1 - var(R)/var(S+R)) and max(0, 1 - var(R)/var(T+R)) (Wang, Smith, Hyndman 2006)"", ""method"": ""statsmodels STL"", ""note"": ""optional diagnostic transform; not a model input"", ""period"": 6, ""robust"": false}"
trend_slope_50,missingness,rows,12835,OK,,
trend_slope_50,missingness,missing_count,50,OK,,"{""also"": ""NaN literals parsed by float()"", ""empty_or_token_cells"": 50, ""tokens"": ["""", ""n/a"", ""na"", ""nan"", ""none"", ""null""]}"
trend_slope_50,missingness,missing_fraction,0.0038955979742890533,OK,,
trend_slope_50,missingness,nonnumeric_count,0,OK,,
trend_slope_50,missingness,nonfinite_count,50,OK,,
trend_slope_50,missingness,longest_finite_run,12785,OK,,
trend_slope_50,missingness,constant_flag,False,OK,,
trend_slope_50,missingness,unique_count,12783,OK,,
trend_slope_50,distribution,mean,0.0001554953005442151,OK,,
trend_slope_50,distribution,std,0.002360066380121588,OK,,
trend_slope_50,distribution,min,-0.013519031,OK,,
trend_slope_50,distribution,max,0.011401212,OK,,
trend_slope_50,distribution,median,0.00014131906,OK,,
trend_slope_50,distribution,iqr,0.0024066590000000002,OK,,
trend_slope_50,distribution,mad,0.00120190296,OK,,
trend_slope_50,distribution,skewness,-0.3016299141156714,OK,,"{""bias"": false}"
trend_slope_50,distribution,excess_kurtosis,2.1642808097382726,OK,,"{""bias"": false}"
trend_slope_50,distribution,upper_tail_ratio,5.1509821086814,OK,,"{""formula"": ""(q0.995-q0.5)/(q0.75-q0.5); Gaussian ~3.82""}"
trend_slope_50,distribution,lower_tail_ratio,6.9635939577864825,OK,,"{""formula"": ""(q0.5-q0.005)/(q0.5-q0.25); Gaussian ~3.82""}"
trend_slope_50,distribution,robust_z_outlier_fraction_gt5,0.003832616347281971,OK,,"{""scale"": ""1.4826*MAD""}"
trend_slope_50,distribution,zero_fraction,0.0,OK,,
trend_slope_50,distribution,quantile_0.005,-0.00784624256,OK,,"{""method"": ""numpy linear""}"
trend_slope_50,distribution,quantile_0.01,-0.006848366728,OK,,"{""method"": ""numpy linear""}"
trend_slope_50,distribution,quantile_0.05,-0.00364055028,OK,,"{""method"": ""numpy linear""}"
trend_slope_50,distribution,quantile_0.25,-0.0010057268,OK,,"{""method"": ""numpy linear""}"
trend_slope_50,distribution,quantile_0.5,0.00014131906,OK,,"{""method"": ""numpy linear""}"
trend_slope_50,distribution,quantile_0.75,0.0014009322,OK,,"{""method"": ""numpy linear""}"
trend_slope_50,distribution,quantile_0.95,0.004146386659999996,OK,,"{""method"": ""numpy linear""}"
trend_slope_50,distribution,quantile_0.99,0.006125546079999999,OK,,"{""method"": ""numpy linear""}"
trend_slope_50,distribution,quantile_0.995,0.006629563807999999,OK,,"{""method"": ""numpy linear""}"
trend_slope_50,volatility,diff_std,0.0004752146653189431,OK,,"{""rule"": ""longest contiguous finite run; no imputation"", ""segment_rows"": [50, 12835]}"
trend_slope_50,volatility,diff_abs_mean,0.00031084183652105134,OK,,"{""rule"": ""longest contiguous finite run; no imputation"", ""segment_rows"": [50, 12835]}"
trend_slope_50,volatility,diff_std_over_std,0.20135648273353252,OK,,"{""rule"": ""longest contiguous finite run; no imputation"", ""segment_rows"": [50, 12835]}"
trend_slope_50,volatility,rolling_std_cv,0.7667648152739335,OK,,"{""rule"": ""non-overlapping primary-period blocks; std of block std / mean"", ""window_rows"": 6}"
trend_slope_50,trend,slope_per_row,-1.867703229074763e-08,OK,,"{""rule"": ""longest contiguous finite run; no imputation"", ""segment_rows"": [50, 12835]}"
trend_slope_50,trend,slope_per_day,,UNSUPPORTED,NO_VERIFIED_REGULAR_STEP,
trend_slope_50,trend,linear_r2,0.0008531423269487748,OK,,
trend_slope_50,acf,acf_lag_1,0.9797026493580404,OK,,"{""estimator"": ""biased, mean-centered""}"
trend_slope_50,acf,acf_lag_2,0.9612701012662991,OK,,"{""estimator"": ""biased, mean-centered""}"
trend_slope_50,acf,acf_lag_3,0.9428877965772,OK,,"{""estimator"": ""biased, mean-centered""}"
trend_slope_50,acf,acf_lag_6,0.8786546145228559,OK,,"{""estimator"": ""biased, mean-centered""}"
trend_slope_50,acf,acf_lag_12,0.7654531407957427,OK,,"{""estimator"": ""biased, mean-centered""}"
trend_slope_50,acf,acf_lag_42,0.1970797548764491,OK,,"{""estimator"": ""biased, mean-centered""}"
trend_slope_50,acf,decorrelation_lag_1_over_e,34,OK,,
trend_slope_50,spectral,peak1_period_rows,236.7592592592593,OK,,"{""method"": ""periodogram, linear detrend, rank by power""}"
trend_slope_50,spectral,peak1_power_fraction,0.02530399639112982,OK,,
trend_slope_50,spectral,peak2_period_rows,1826.4285714285716,OK,,"{""method"": ""periodogram, linear detrend, rank by power""}"
trend_slope_50,spectral,peak2_power_fraction,0.022650337599308363,OK,,
trend_slope_50,spectral,peak3_period_rows,4261.666666666667,OK,,"{""method"": ""periodogram, linear detrend, rank by power""}"
trend_slope_50,spectral,peak3_power_fraction,0.021585010423535146,OK,,
trend_slope_50,spectral,peak1_period_hours,,UNSUPPORTED,NO_VERIFIED_REGULAR_STEP,
trend_slope_50,spectral,entropy_normalized,0.6048505980550025,OK,,
trend_slope_50,spectral,low_frequency_power_fraction,0.9880675410552711,OK,,"{""basis"": ""primary period"", ""cutoff_cycles_per_row"": 0.16666666666666666}"
trend_slope_50,spectral,centroid_cycles_per_row,0.012316654588341937,OK,,
trend_slope_50,stationarity,adf_c_aic_statistic,-14.474398531763041,OK,,"{""autolag"": ""AIC"", ""lag_selection"": ""AIC over lags 0..maxlag on the common trimmed sample, as statsmodels _autolag does, without retaining every fitted model; final fit adfuller(maxlag=best, autolag=None)"", ""limitation"": ""MacKinnon approximate p-value; low power near unity; lag choice by AIC"", ""maxlag"": 41, ""n"": 12785, ""null"": ""unit root"", ""regression"": ""c"", ""test"": ""ADF""}"
trend_slope_50,stationarity,adf_c_aic_pvalue,6.525598273646971e-27,OK,,"{""autolag"": ""AIC"", ""lag_selection"": ""AIC over lags 0..maxlag on the common trimmed sample, as statsmodels _autolag does, without retaining every fitted model; final fit adfuller(maxlag=best, autolag=None)"", ""limitation"": ""MacKinnon approximate p-value; low power near unity; lag choice by AIC"", ""maxlag"": 41, ""n"": 12785, ""null"": ""unit root"", ""regression"": ""c"", ""test"": ""ADF""}"
trend_slope_50,stationarity,adf_c_aic_lags,39,OK,,"{""autolag"": ""AIC"", ""lag_selection"": ""AIC over lags 0..maxlag on the common trimmed sample, as statsmodels _autolag does, without retaining every fitted model; final fit adfuller(maxlag=best, autolag=None)"", ""limitation"": ""MacKinnon approximate p-value; low power near unity; lag choice by AIC"", ""maxlag"": 41, ""n"": 12785, ""null"": ""unit root"", ""regression"": ""c"", ""test"": ""ADF""}"
trend_slope_50,stationarity,kpss_c_auto_statistic,0.12649055959080988,OK_WITH_WARNING,,"{""limitation"": ""p-value interpolated from a table bounded to [0.01, 0.10]"", ""n"": 12785, ""nlags"": ""auto (Hobijn)"", ""null"": ""level stationarity"", ""regression"": ""c"", ""test"": ""KPSS"", ""warnings"": [""The test statistic is outside of the range of p-values available in the\nlook-up table. The actual p-value is greater than the p-value returned.\n""]}"
trend_slope_50,stationarity,kpss_c_auto_pvalue,0.1,OK_WITH_WARNING,P_VALUE_AT_TABLE_BOUND,"{""limitation"": ""p-value interpolated from a table bounded to [0.01, 0.10]"", ""n"": 12785, ""nlags"": ""auto (Hobijn)"", ""null"": ""level stationarity"", ""regression"": ""c"", ""test"": ""KPSS"", ""warnings"": [""The test statistic is outside of the range of p-values available in the\nlook-up table. The actual p-value is greater than the p-value returned.\n""]}"
trend_slope_50,stationarity,kpss_c_auto_lags,68,OK_WITH_WARNING,,"{""limitation"": ""p-value interpolated from a table bounded to [0.01, 0.10]"", ""n"": 12785, ""nlags"": ""auto (Hobijn)"", ""null"": ""level stationarity"", ""regression"": ""c"", ""test"": ""KPSS"", ""warnings"": [""The test statistic is outside of the range of p-values available in the\nlook-up table. The actual p-value is greater than the p-value returned.\n""]}"
trend_slope_50,stationarity,kpss_ct_auto_statistic,0.10321078843995904,OK_WITH_WARNING,,"{""limitation"": ""p-value interpolated from a table bounded to [0.01, 0.10]"", ""n"": 12785, ""nlags"": ""auto (Hobijn)"", ""null"": ""trend stationarity"", ""regression"": ""ct"", ""test"": ""KPSS"", ""warnings"": [""The test statistic is outside of the range of p-values available in the\nlook-up table. The actual p-value is greater than the p-value returned.\n""]}"
trend_slope_50,stationarity,kpss_ct_auto_pvalue,0.1,OK_WITH_WARNING,P_VALUE_AT_TABLE_BOUND,"{""limitation"": ""p-value interpolated from a table bounded to [0.01, 0.10]"", ""n"": 12785, ""nlags"": ""auto (Hobijn)"", ""null"": ""trend stationarity"", ""regression"": ""ct"", ""test"": ""KPSS"", ""warnings"": [""The test statistic is outside of the range of p-values available in the\nlook-up table. The actual p-value is greater than the p-value returned.\n""]}"
trend_slope_50,stationarity,kpss_ct_auto_lags,68,OK_WITH_WARNING,,"{""limitation"": ""p-value interpolated from a table bounded to [0.01, 0.10]"", ""n"": 12785, ""nlags"": ""auto (Hobijn)"", ""null"": ""trend stationarity"", ""regression"": ""ct"", ""test"": ""KPSS"", ""warnings"": [""The test statistic is outside of the range of p-values available in the\nlook-up table. The actual p-value is greater than the p-value returned.\n""]}"
trend_slope_50,stationarity,adf_kpss_joint_reading,ADF_REJECTS_UNIT_ROOT_KPSS_DOES_NOT_REJECT_LEVEL,OK,,"{""alpha"": 0.05, ""note"": ""descriptive, unadjusted for multiple testing; not an eligibility rule""}"
trend_slope_50,seasonality,acf_at_daily_6,0.8786546145228561,OK,,"{""declared_period_rows"": 6}"
trend_slope_50,seasonality,seasonal_diff_var_ratio_daily_6,0.2423758946976613,OK,,"{""formula"": ""var(x_t - x_{t-s}) / var(x_t); 2 for white noise, <1 when season repeats""}"
trend_slope_50,seasonality,acf_at_weekly_42,0.19707975487644908,OK,,"{""declared_period_rows"": 42}"
trend_slope_50,seasonality,seasonal_diff_var_ratio_weekly_42,1.604124355279576,OK,,"{""formula"": ""var(x_t - x_{t-s}) / var(x_t); 2 for white noise, <1 when season repeats""}"
trend_slope_50,seasonality,stl_seasonal_strength_primary,0.2325022257058995,OK,,"{""formula"": ""max(0, 1 - var(R)/var(S+R)) and max(0, 1 - var(R)/var(T+R)) (Wang, Smith, Hyndman 2006)"", ""method"": ""statsmodels STL"", ""note"": ""optional diagnostic transform; not a model input"", ""period"": 6, ""robust"": false}"
trend_slope_50,seasonality,stl_trend_strength_primary,0.9831697965599574,OK,,"{""formula"": ""max(0, 1 - var(R)/var(S+R)) and max(0, 1 - var(R)/var(T+R)) (Wang, Smith, Hyndman 2006)"", ""method"": ""statsmodels STL"", ""note"": ""optional diagnostic transform; not a model input"", ""period"": 6, ""robust"": false}"
trend_strength_50,missingness,rows,12835,OK,,
trend_strength_50,missingness,missing_count,50,OK,,"{""also"": ""NaN literals parsed by float()"", ""empty_or_token_cells"": 50, ""tokens"": ["""", ""n/a"", ""na"", ""nan"", ""none"", ""null""]}"
trend_strength_50,missingness,missing_fraction,0.0038955979742890533,OK,,
trend_strength_50,missingness,nonnumeric_count,0,OK,,
trend_strength_50,missingness,nonfinite_count,50,OK,,
trend_strength_50,missingness,longest_finite_run,12785,OK,,
trend_strength_50,missingness,constant_flag,False,OK,,
trend_strength_50,missingness,unique_count,12781,OK,,
trend_strength_50,distribution,mean,0.0017137996130054056,OK,,
trend_strength_50,distribution,std,0.001629955562593824,OK,,
trend_strength_50,distribution,min,3.225792e-07,OK,,
trend_strength_50,distribution,max,0.013519031,OK,,
trend_strength_50,distribution,median,0.0012082618,OK,,
trend_strength_50,distribution,iqr,0.001926301,OK,,
trend_strength_50,distribution,mad,0.0008315118,OK,,
trend_strength_50,distribution,skewness,1.745707139579543,OK,,"{""bias"": false}"
trend_strength_50,distribution,excess_kurtosis,4.262902155830329,OK,,"{""bias"": false}"
trend_strength_50,distribution,upper_tail_ratio,5.713262481856449,OK,,"{""formula"": ""(q0.995-q0.5)/(q0.75-q0.5); Gaussian ~3.82""}"
trend_strength_50,distribution,lower_tail_ratio,1.7386111844881882,OK,,"{""formula"": ""(q0.5-q0.005)/(q0.5-q0.25); Gaussian ~3.82""}"
trend_strength_50,distribution,robust_z_outlier_fraction_gt5,0.009307782557684786,OK,,"{""scale"": ""1.4826*MAD""}"
trend_strength_50,distribution,zero_fraction,0.0,OK,,
trend_strength_50,distribution,quantile_0.005,9.493213239999999e-06,OK,,"{""method"": ""numpy linear""}"
trend_strength_50,distribution,quantile_0.01,1.9073424720000003e-05,OK,,"{""method"": ""numpy linear""}"
trend_strength_50,distribution,quantile_0.05,0.00010560544300000001,OK,,"{""method"": ""numpy linear""}"
trend_strength_50,distribution,quantile_0.25,0.000518764,OK,,"{""method"": ""numpy linear""}"
trend_strength_50,distribution,quantile_0.5,0.0012082618,OK,,"{""method"": ""numpy linear""}"
trend_strength_50,distribution,quantile_0.75,0.002445065,OK,,"{""method"": ""numpy linear""}"
trend_strength_50,distribution,quantile_0.95,0.004889813199999995,OK,,"{""method"": ""numpy linear""}"
trend_strength_50,distribution,quantile_0.99,0.007266747119999995,OK,,"{""method"": ""numpy linear""}"
trend_strength_50,distribution,quantile_0.995,0.008274443119999999,OK,,"{""method"": ""numpy linear""}"
trend_strength_50,volatility,diff_std,0.0004448991709056099,OK,,"{""rule"": ""longest contiguous finite run; no imputation"", ""segment_rows"": [50, 12835]}"
trend_strength_50,volatility,diff_abs_mean,0.0002916559877757963,OK,,"{""rule"": ""longest contiguous finite run; no imputation"", ""segment_rows"": [50, 12835]}"
trend_strength_50,volatility,diff_std_over_std,0.27295171789691075,OK,,"{""rule"": ""longest contiguous finite run; no imputation"", ""segment_rows"": [50, 12835]}"
trend_strength_50,volatility,rolling_std_cv,0.7755014172448612,OK,,"{""rule"": ""non-overlapping primary-period blocks; std of block std / mean"", ""window_rows"": 6}"
trend_strength_50,trend,slope_per_row,-7.737029703284296e-08,OK,,"{""rule"": ""longest contiguous finite run; no imputation"", ""segment_rows"": [50, 12835]}"
trend_strength_50,trend,slope_per_day,,UNSUPPORTED,NO_VERIFIED_REGULAR_STEP,
trend_strength_50,trend,linear_r2,0.030693837243858102,OK,,
trend_strength_50,acf,acf_lag_1,0.9627157269261862,OK,,"{""estimator"": ""biased, mean-centered""}"
trend_strength_50,acf,acf_lag_2,0.9305550111636722,OK,,"{""estimator"": ""biased, mean-centered""}"
trend_strength_50,acf,acf_lag_3,0.9004575726991184,OK,,"{""estimator"": ""biased, mean-centered""}"
trend_strength_50,acf,acf_lag_6,0.8053592376311818,OK,,"{""estimator"": ""biased, mean-centered""}"
trend_strength_50,acf,acf_lag_12,0.647635850923965,OK,,"{""estimator"": ""biased, mean-centered""}"
trend_strength_50,acf,acf_lag_42,0.1586474341369036,OK,,"{""estimator"": ""biased, mean-centered""}"
trend_strength_50,acf,decorrelation_lag_1_over_e,26,OK,,
trend_strength_50,spectral,peak1_period_rows,1598.125,OK,,"{""method"": ""periodogram, linear detrend, rank by power""}"
trend_strength_50,spectral,peak1_power_fraction,0.04146670414801277,OK,,
trend_strength_50,spectral,peak2_period_rows,3196.25,OK,,"{""method"": ""periodogram, linear detrend, rank by power""}"
trend_strength_50,spectral,peak2_power_fraction,0.023868598024177668,OK,,
trend_strength_50,spectral,peak3_period_rows,412.41935483870975,OK,,"{""method"": ""periodogram, linear detrend, rank by power""}"
trend_strength_50,spectral,peak3_power_fraction,0.02161923244678893,OK,,
trend_strength_50,spectral,peak1_period_hours,,UNSUPPORTED,NO_VERIFIED_REGULAR_STEP,
trend_strength_50,spectral,entropy_normalized,0.6555046372524136,OK,,
trend_strength_50,spectral,low_frequency_power_fraction,0.9772877900764034,OK,,"{""basis"": ""primary period"", ""cutoff_cycles_per_row"": 0.16666666666666666}"
trend_strength_50,spectral,centroid_cycles_per_row,0.019330011280095774,OK,,
trend_strength_50,stationarity,adf_c_aic_statistic,-13.226465601806224,OK,,"{""autolag"": ""AIC"", ""lag_selection"": ""AIC over lags 0..maxlag on the common trimmed sample, as statsmodels _autolag does, without retaining every fitted model; final fit adfuller(maxlag=best, autolag=None)"", ""limitation"": ""MacKinnon approximate p-value; low power near unity; lag choice by AIC"", ""maxlag"": 41, ""n"": 12785, ""null"": ""unit root"", ""regression"": ""c"", ""test"": ""ADF""}"
trend_strength_50,stationarity,adf_c_aic_pvalue,9.779124972724792e-25,OK,,"{""autolag"": ""AIC"", ""lag_selection"": ""AIC over lags 0..maxlag on the common trimmed sample, as statsmodels _autolag does, without retaining every fitted model; final fit adfuller(maxlag=best, autolag=None)"", ""limitation"": ""MacKinnon approximate p-value; low power near unity; lag choice by AIC"", ""maxlag"": 41, ""n"": 12785, ""null"": ""unit root"", ""regression"": ""c"", ""test"": ""ADF""}"
trend_strength_50,stationarity,adf_c_aic_lags,25,OK,,"{""autolag"": ""AIC"", ""lag_selection"": ""AIC over lags 0..maxlag on the common trimmed sample, as statsmodels _autolag does, without retaining every fitted model; final fit adfuller(maxlag=best, autolag=None)"", ""limitation"": ""MacKinnon approximate p-value; low power near unity; lag choice by AIC"", ""maxlag"": 41, ""n"": 12785, ""null"": ""unit root"", ""regression"": ""c"", ""test"": ""ADF""}"
trend_strength_50,stationarity,kpss_c_auto_statistic,1.1426044471631793,OK_WITH_WARNING,,"{""limitation"": ""p-value interpolated from a table bounded to [0.01, 0.10]"", ""n"": 12785, ""nlags"": ""auto (Hobijn)"", ""null"": ""level stationarity"", ""regression"": ""c"", ""test"": ""KPSS"", ""warnings"": [""The test statistic is outside of the range of p-values available in the\nlook-up table. The actual p-value is smaller than the p-value returned.\n""]}"
trend_strength_50,stationarity,kpss_c_auto_pvalue,0.01,OK_WITH_WARNING,P_VALUE_AT_TABLE_BOUND,"{""limitation"": ""p-value interpolated from a table bounded to [0.01, 0.10]"", ""n"": 12785, ""nlags"": ""auto (Hobijn)"", ""null"": ""level stationarity"", ""regression"": ""c"", ""test"": ""KPSS"", ""warnings"": [""The test statistic is outside of the range of p-values available in the\nlook-up table. The actual p-value is smaller than the p-value returned.\n""]}"
trend_strength_50,stationarity,kpss_c_auto_lags,67,OK_WITH_WARNING,,"{""limitation"": ""p-value interpolated from a table bounded to [0.01, 0.10]"", ""n"": 12785, ""nlags"": ""auto (Hobijn)"", ""null"": ""level stationarity"", ""regression"": ""c"", ""test"": ""KPSS"", ""warnings"": [""The test statistic is outside of the range of p-values available in the\nlook-up table. The actual p-value is smaller than the p-value returned.\n""]}"
trend_strength_50,stationarity,kpss_ct_auto_statistic,0.19454501992878573,OK,,"{""limitation"": ""p-value interpolated from a table bounded to [0.01, 0.10]"", ""n"": 12785, ""nlags"": ""auto (Hobijn)"", ""null"": ""trend stationarity"", ""regression"": ""ct"", ""test"": ""KPSS""}"
trend_strength_50,stationarity,kpss_ct_auto_pvalue,0.01804561752670535,OK,,"{""limitation"": ""p-value interpolated from a table bounded to [0.01, 0.10]"", ""n"": 12785, ""nlags"": ""auto (Hobijn)"", ""null"": ""trend stationarity"", ""regression"": ""ct"", ""test"": ""KPSS""}"
trend_strength_50,stationarity,kpss_ct_auto_lags,67,OK,,"{""limitation"": ""p-value interpolated from a table bounded to [0.01, 0.10]"", ""n"": 12785, ""nlags"": ""auto (Hobijn)"", ""null"": ""trend stationarity"", ""regression"": ""ct"", ""test"": ""KPSS""}"
trend_strength_50,stationarity,adf_kpss_joint_reading,BOTH_REJECT_CONFLICT,OK,,"{""alpha"": 0.05, ""note"": ""descriptive, unadjusted for multiple testing; not an eligibility rule""}"
trend_strength_50,seasonality,acf_at_daily_6,0.8053592376311819,OK,,"{""declared_period_rows"": 6}"
trend_strength_50,seasonality,seasonal_diff_var_ratio_daily_6,0.3889886585585534,OK,,"{""formula"": ""var(x_t - x_{t-s}) / var(x_t); 2 for white noise, <1 when season repeats""}"
trend_strength_50,seasonality,acf_at_weekly_42,0.15864743413690352,OK,,"{""declared_period_rows"": 42}"
trend_strength_50,seasonality,seasonal_diff_var_ratio_weekly_42,1.6843171742512313,OK,,"{""formula"": ""var(x_t - x_{t-s}) / var(x_t); 2 for white noise, <1 when season repeats""}"
trend_strength_50,seasonality,stl_seasonal_strength_primary,0.2685505305397552,OK,,"{""formula"": ""max(0, 1 - var(R)/var(S+R)) and max(0, 1 - var(R)/var(T+R)) (Wang, Smith, Hyndman 2006)"", ""method"": ""statsmodels STL"", ""note"": ""optional diagnostic transform; not a model input"", ""period"": 6, ""robust"": false}"
trend_strength_50,seasonality,stl_trend_strength_primary,0.9696835216778028,OK,,"{""formula"": ""max(0, 1 - var(R)/var(S+R)) and max(0, 1 - var(R)/var(T+R)) (Wang, Smith, Hyndman 2006)"", ""method"": ""statsmodels STL"", ""note"": ""optional diagnostic transform; not a model input"", ""period"": 6, ""robust"": false}"
obv,missingness,rows,12835,OK,,
obv,missingness,missing_count,0,OK,,"{""also"": ""NaN literals parsed by float()"", ""empty_or_token_cells"": 0, ""tokens"": ["""", ""n/a"", ""na"", ""nan"", ""none"", ""null""]}"
obv,missingness,missing_fraction,0.0,OK,,
obv,missingness,nonnumeric_count,0,OK,,
obv,missingness,nonfinite_count,0,OK,,
obv,missingness,longest_finite_run,12835,OK,,
obv,missingness,constant_flag,False,OK,,
obv,missingness,unique_count,12828,OK,,
obv,distribution,mean,652529.1864693104,OK,,
obv,distribution,std,991595.8336106348,OK,,
obv,distribution,min,-958022.4,OK,,
obv,distribution,max,2880098.2,OK,,
obv,distribution,median,459439.34,OK,,
obv,distribution,iqr,1813212.5999999999,OK,,
obv,distribution,mad,790467.0599999998,OK,,
obv,distribution,skewness,0.4565004603069343,OK,,"{""bias"": false}"
obv,distribution,excess_kurtosis,-1.0556545950941012,OK,,"{""bias"": false}"
obv,distribution,upper_tail_ratio,1.9903083282153315,OK,,"{""formula"": ""(q0.995-q0.5)/(q0.75-q0.5); Gaussian ~3.82""}"
obv,distribution,lower_tail_ratio,2.0082785823903326,OK,,"{""formula"": ""(q0.5-q0.005)/(q0.5-q0.25); Gaussian ~3.82""}"
obv,distribution,robust_z_outlier_fraction_gt5,0.0,OK,,"{""scale"": ""1.4826*MAD""}"
obv,distribution,zero_fraction,7.791195948578106e-05,OK,,
obv,distribution,quantile_0.005,-786686.7559999999,OK,,"{""method"": ""numpy linear""}"
obv,distribution,quantile_0.01,-731584.374,OK,,"{""method"": ""numpy linear""}"
obv,distribution,quantile_0.05,-559771.433,OK,,"{""method"": ""numpy linear""}"
obv,distribution,quantile_0.25,-161055.3,OK,,"{""method"": ""numpy linear""}"
obv,distribution,quantile_0.5,459439.34,OK,,"{""method"": ""numpy linear""}"
obv,distribution,quantile_0.75,1652157.2999999998,OK,,"{""method"": ""numpy linear""}"
obv,distribution,quantile_0.95,2242967.55,OK,,"{""method"": ""numpy linear""}"
obv,distribution,quantile_0.99,2811069.4299999997,OK,,"{""method"": ""numpy linear""}"
obv,distribution,quantile_0.995,2833315.829,OK,,"{""method"": ""numpy linear""}"
obv,volatility,diff_std,20735.824794184784,OK,,"{""rule"": ""longest contiguous finite run; no imputation"", ""segment_rows"": [0, 12835]}"
obv,volatility,diff_abs_mean,12797.544987552285,OK,,"{""rule"": ""longest contiguous finite run; no imputation"", ""segment_rows"": [0, 12835]}"
obv,volatility,diff_std_over_std,0.020911569100366977,OK,,"{""rule"": ""longest contiguous finite run; no imputation"", ""segment_rows"": [0, 12835]}"
obv,volatility,rolling_std_cv,1.3260799185272492,OK,,"{""rule"": ""non-overlapping primary-period blocks; std of block std / mean"", ""window_rows"": 6}"
obv,trend,slope_per_row,193.90169885259505,OK,,"{""rule"": ""longest contiguous finite run; no imputation"", ""segment_rows"": [0, 12835]}"
obv,trend,slope_per_day,,UNSUPPORTED,NO_VERIFIED_REGULAR_STEP,
obv,trend,linear_r2,0.5249744618034946,OK,,
obv,acf,acf_lag_1,0.9995763124891065,OK,,"{""estimator"": ""biased, mean-centered""}"
obv,acf,acf_lag_2,0.9991454988543733,OK,,"{""estimator"": ""biased, mean-centered""}"
obv,acf,acf_lag_3,0.9987068191748065,OK,,"{""estimator"": ""biased, mean-centered""}"
obv,acf,acf_lag_6,0.9973014814692025,OK,,"{""estimator"": ""biased, mean-centered""}"
obv,acf,acf_lag_12,0.994541945466841,OK,,"{""estimator"": ""biased, mean-centered""}"
obv,acf,acf_lag_42,0.9798505904088121,OK,,"{""estimator"": ""biased, mean-centered""}"
obv,acf,decorrelation_lag_1_over_e,,NOT_RUN,ACF_ABOVE_1_OVER_E_THROUGH_LAG_64,
obv,spectral,peak1_period_rows,6417.5,OK,,"{""method"": ""periodogram, linear detrend, rank by power""}"
obv,spectral,peak1_power_fraction,0.3425989191602576,OK,,
obv,spectral,peak2_period_rows,4278.333333333334,OK,,"{""method"": ""periodogram, linear detrend, rank by power""}"
obv,spectral,peak2_power_fraction,0.15365118187697524,OK,,
obv,spectral,peak3_period_rows,12835.0,OK,,"{""method"": ""periodogram, linear detrend, rank by power""}"
obv,spectral,peak3_power_fraction,0.11111706895127853,OK,,
obv,spectral,peak1_period_hours,,UNSUPPORTED,NO_VERIFIED_REGULAR_STEP,
obv,spectral,entropy_normalized,0.2626283127676813,OK,,
obv,spectral,low_frequency_power_fraction,0.9997426972540346,OK,,"{""basis"": ""primary period"", ""cutoff_cycles_per_row"": 0.16666666666666666}"
obv,spectral,centroid_cycles_per_row,0.0006144543546233955,OK,,
obv,stationarity,adf_c_aic_statistic,-0.6749507049594828,OK,,"{""autolag"": ""AIC"", ""lag_selection"": ""AIC over lags 0..maxlag on the common trimmed sample, as statsmodels _autolag does, without retaining every fitted model; final fit adfuller(maxlag=best, autolag=None)"", ""limitation"": ""MacKinnon approximate p-value; low power near unity; lag choice by AIC"", ""maxlag"": 41, ""n"": 12835, ""null"": ""unit root"", ""regression"": ""c"", ""test"": ""ADF""}"
obv,stationarity,adf_c_aic_pvalue,0.8531316254840278,OK,,"{""autolag"": ""AIC"", ""lag_selection"": ""AIC over lags 0..maxlag on the common trimmed sample, as statsmodels _autolag does, without retaining every fitted model; final fit adfuller(maxlag=best, autolag=None)"", ""limitation"": ""MacKinnon approximate p-value; low power near unity; lag choice by AIC"", ""maxlag"": 41, ""n"": 12835, ""null"": ""unit root"", ""regression"": ""c"", ""test"": ""ADF""}"
obv,stationarity,adf_c_aic_lags,41,OK,,"{""autolag"": ""AIC"", ""lag_selection"": ""AIC over lags 0..maxlag on the common trimmed sample, as statsmodels _autolag does, without retaining every fitted model; final fit adfuller(maxlag=best, autolag=None)"", ""limitation"": ""MacKinnon approximate p-value; low power near unity; lag choice by AIC"", ""maxlag"": 41, ""n"": 12835, ""null"": ""unit root"", ""regression"": ""c"", ""test"": ""ADF""}"
obv,stationarity,kpss_c_auto_statistic,10.893455139950685,OK_WITH_WARNING,,"{""limitation"": ""p-value interpolated from a table bounded to [0.01, 0.10]"", ""n"": 12835, ""nlags"": ""auto (Hobijn)"", ""null"": ""level stationarity"", ""regression"": ""c"", ""test"": ""KPSS"", ""warnings"": [""The test statistic is outside of the range of p-values available in the\nlook-up table. The actual p-value is smaller than the p-value returned.\n""]}"
obv,stationarity,kpss_c_auto_pvalue,0.01,OK_WITH_WARNING,P_VALUE_AT_TABLE_BOUND,"{""limitation"": ""p-value interpolated from a table bounded to [0.01, 0.10]"", ""n"": 12835, ""nlags"": ""auto (Hobijn)"", ""null"": ""level stationarity"", ""regression"": ""c"", ""test"": ""KPSS"", ""warnings"": [""The test statistic is outside of the range of p-values available in the\nlook-up table. The actual p-value is smaller than the p-value returned.\n""]}"
obv,stationarity,kpss_c_auto_lags,70,OK_WITH_WARNING,,"{""limitation"": ""p-value interpolated from a table bounded to [0.01, 0.10]"", ""n"": 12835, ""nlags"": ""auto (Hobijn)"", ""null"": ""level stationarity"", ""regression"": ""c"", ""test"": ""KPSS"", ""warnings"": [""The test statistic is outside of the range of p-values available in the\nlook-up table. The actual p-value is smaller than the p-value returned.\n""]}"
obv,stationarity,kpss_ct_auto_statistic,1.0473113350209708,OK_WITH_WARNING,,"{""limitation"": ""p-value interpolated from a table bounded to [0.01, 0.10]"", ""n"": 12835, ""nlags"": ""auto (Hobijn)"", ""null"": ""trend stationarity"", ""regression"": ""ct"", ""test"": ""KPSS"", ""warnings"": [""The test statistic is outside of the range of p-values available in the\nlook-up table. The actual p-value is smaller than the p-value returned.\n""]}"
obv,stationarity,kpss_ct_auto_pvalue,0.01,OK_WITH_WARNING,P_VALUE_AT_TABLE_BOUND,"{""limitation"": ""p-value interpolated from a table bounded to [0.01, 0.10]"", ""n"": 12835, ""nlags"": ""auto (Hobijn)"", ""null"": ""trend stationarity"", ""regression"": ""ct"", ""test"": ""KPSS"", ""warnings"": [""The test statistic is outside of the range of p-values available in the\nlook-up table. The actual p-value is smaller than the p-value returned.\n""]}"
obv,stationarity,kpss_ct_auto_lags,70,OK_WITH_WARNING,,"{""limitation"": ""p-value interpolated from a table bounded to [0.01, 0.10]"", ""n"": 12835, ""nlags"": ""auto (Hobijn)"", ""null"": ""trend stationarity"", ""regression"": ""ct"", ""test"": ""KPSS"", ""warnings"": [""The test statistic is outside of the range of p-values available in the\nlook-up table. The actual p-value is smaller than the p-value returned.\n""]}"
obv,stationarity,adf_kpss_joint_reading,ADF_DOES_NOT_REJECT_KPSS_REJECTS_LEVEL,OK,,"{""alpha"": 0.05, ""note"": ""descriptive, unadjusted for multiple testing; not an eligibility rule""}"
obv,seasonality,acf_at_daily_6,0.997301481469202,OK,,"{""declared_period_rows"": 6}"
obv,seasonality,seasonal_diff_var_ratio_daily_6,0.0029284464503218643,OK,,"{""formula"": ""var(x_t - x_{t-s}) / var(x_t); 2 for white noise, <1 when season repeats""}"
obv,seasonality,acf_at_weekly_42,0.9798505904088121,OK,,"{""declared_period_rows"": 42}"
obv,seasonality,seasonal_diff_var_ratio_weekly_42,0.02289535139456441,OK,,"{""formula"": ""var(x_t - x_{t-s}) / var(x_t); 2 for white noise, <1 when season repeats""}"
obv,seasonality,stl_seasonal_strength_primary,0.2556735388662088,OK,,"{""formula"": ""max(0, 1 - var(R)/var(S+R)) and max(0, 1 - var(R)/var(T+R)) (Wang, Smith, Hyndman 2006)"", ""method"": ""statsmodels STL"", ""note"": ""optional diagnostic transform; not a model input"", ""period"": 6, ""robust"": false}"
obv,seasonality,stl_trend_strength_primary,0.9998191492210475,OK,,"{""formula"": ""max(0, 1 - var(R)/var(S+R)) and max(0, 1 - var(R)/var(T+R)) (Wang, Smith, Hyndman 2006)"", ""method"": ""statsmodels STL"", ""note"": ""optional diagnostic transform; not a model input"", ""period"": 6, ""robust"": false}"
obv_delta_20,missingness,rows,12835,OK,,
obv_delta_20,missingness,missing_count,20,OK,,"{""also"": ""NaN literals parsed by float()"", ""empty_or_token_cells"": 20, ""tokens"": ["""", ""n/a"", ""na"", ""nan"", ""none"", ""null""]}"
obv_delta_20,missingness,missing_fraction,0.0015582391897156214,OK,,
obv_delta_20,missingness,nonnumeric_count,0,OK,,
obv_delta_20,missingness,nonfinite_count,20,OK,,
obv_delta_20,missingness,longest_finite_run,12815,OK,,
obv_delta_20,missingness,constant_flag,False,OK,,
obv_delta_20,missingness,unique_count,12814,OK,,
obv_delta_20,distribution,mean,4420.77253936465,OK,,
obv_delta_20,distribution,std,100802.43436707101,OK,,
obv_delta_20,distribution,min,-1249619.0,OK,,
obv_delta_20,distribution,max,1064323.2,OK,,
obv_delta_20,distribution,median,533.99536,OK,,
obv_delta_20,distribution,iqr,52855.801999999996,OK,,
obv_delta_20,distribution,mad,26428.56936,OK,,
obv_delta_20,distribution,skewness,-0.40214980828622215,OK,,"{""bias"": false}"
obv_delta_20,distribution,excess_kurtosis,27.567263949812943,OK,,"{""bias"": false}"
obv_delta_20,distribution,upper_tail_ratio,16.770542353636667,OK,,"{""formula"": ""(q0.995-q0.5)/(q0.75-q0.5); Gaussian ~3.82""}"
obv_delta_20,distribution,lower_tail_ratio,14.965952002955587,OK,,"{""formula"": ""(q0.5-q0.005)/(q0.5-q0.25); Gaussian ~3.82""}"
obv_delta_20,distribution,robust_z_outlier_fraction_gt5,0.04845883730003902,OK,,"{""scale"": ""1.4826*MAD""}"
obv_delta_20,distribution,zero_fraction,0.0,OK,,
obv_delta_20,distribution,quantile_0.005,-368103.45609999995,OK,,"{""method"": ""numpy linear""}"
obv_delta_20,distribution,quantile_0.01,-269541.1374,OK,,"{""method"": ""numpy linear""}"
obv_delta_20,distribution,quantile_0.05,-105774.90149999998,OK,,"{""method"": ""numpy linear""}"
obv_delta_20,distribution,quantile_0.25,-24097.745499999997,OK,,"{""method"": ""numpy linear""}"
obv_delta_20,distribution,quantile_0.5,533.99536,OK,,"{""method"": ""numpy linear""}"
obv_delta_20,distribution,quantile_0.75,28758.0565,OK,,"{""method"": ""numpy linear""}"
obv_delta_20,distribution,quantile_0.95,131439.1989999999,OK,,"{""method"": ""numpy linear""}"
obv_delta_20,distribution,quantile_0.99,370731.1404,OK,,"{""method"": ""numpy linear""}"
obv_delta_20,distribution,quantile_0.995,473866.8081000008,OK,,"{""method"": ""numpy linear""}"
obv_delta_20,volatility,diff_std,28968.468212480635,OK,,"{""rule"": ""longest contiguous finite run; no imputation"", ""segment_rows"": [20, 12835]}"
obv_delta_20,volatility,diff_abs_mean,16252.830279745276,OK,,"{""rule"": ""longest contiguous finite run; no imputation"", ""segment_rows"": [20, 12835]}"
obv_delta_20,volatility,diff_std_over_std,0.2873786570172726,OK,,"{""rule"": ""longest contiguous finite run; no imputation"", ""segment_rows"": [20, 12835]}"
obv_delta_20,volatility,rolling_std_cv,1.2689953236615796,OK,,"{""rule"": ""non-overlapping primary-period blocks; std of block std / mean"", ""window_rows"": 6}"
obv_delta_20,trend,slope_per_row,1.1175777277794008,OK,,"{""rule"": ""longest contiguous finite run; no imputation"", ""segment_rows"": [20, 12835]}"
obv_delta_20,trend,slope_per_day,,UNSUPPORTED,NO_VERIFIED_REGULAR_STEP,
obv_delta_20,trend,linear_r2,0.0016822994335045083,OK,,
obv_delta_20,acf,acf_lag_1,0.958709750396943,OK,,"{""estimator"": ""biased, mean-centered""}"
obv_delta_20,acf,acf_lag_2,0.9163147584350826,OK,,"{""estimator"": ""biased, mean-centered""}"
obv_delta_20,acf,acf_lag_3,0.8716777833283461,OK,,"{""estimator"": ""biased, mean-centered""}"
obv_delta_20,acf,acf_lag_6,0.7225993085838383,OK,,"{""estimator"": ""biased, mean-centered""}"
obv_delta_20,acf,acf_lag_12,0.4365434377854445,OK,,"{""estimator"": ""biased, mean-centered""}"
obv_delta_20,acf,acf_lag_42,0.07611265302337908,OK,,"{""estimator"": ""biased, mean-centered""}"
obv_delta_20,acf,decorrelation_lag_1_over_e,14,OK,,
obv_delta_20,spectral,peak1_period_rows,1067.9166666666665,OK,,"{""method"": ""periodogram, linear detrend, rank by power""}"
obv_delta_20,spectral,peak1_power_fraction,0.014321978230630897,OK,,
obv_delta_20,spectral,peak2_period_rows,1601.875,OK,,"{""method"": ""periodogram, linear detrend, rank by power""}"
obv_delta_20,spectral,peak2_power_fraction,0.013754269989190205,OK,,
obv_delta_20,spectral,peak3_period_rows,228.83928571428572,OK,,"{""method"": ""periodogram, linear detrend, rank by power""}"
obv_delta_20,spectral,peak3_power_fraction,0.010318254807590622,OK,,
obv_delta_20,spectral,peak1_period_hours,,UNSUPPORTED,NO_VERIFIED_REGULAR_STEP,
obv_delta_20,spectral,entropy_normalized,0.7007335131942942,OK,,
obv_delta_20,spectral,low_frequency_power_fraction,0.9764978243713818,OK,,"{""basis"": ""primary period"", ""cutoff_cycles_per_row"": 0.16666666666666666}"
obv_delta_20,spectral,centroid_cycles_per_row,0.023702793132591986,OK,,
obv_delta_20,stationarity,adf_c_aic_statistic,-11.701311612791873,OK,,"{""autolag"": ""AIC"", ""lag_selection"": ""AIC over lags 0..maxlag on the common trimmed sample, as statsmodels _autolag does, without retaining every fitted model; final fit adfuller(maxlag=best, autolag=None)"", ""limitation"": ""MacKinnon approximate p-value; low power near unity; lag choice by AIC"", ""maxlag"": 41, ""n"": 12815, ""null"": ""unit root"", ""regression"": ""c"", ""test"": ""ADF""}"
obv_delta_20,stationarity,adf_c_aic_pvalue,1.566264117733712e-21,OK,,"{""autolag"": ""AIC"", ""lag_selection"": ""AIC over lags 0..maxlag on the common trimmed sample, as statsmodels _autolag does, without retaining every fitted model; final fit adfuller(maxlag=best, autolag=None)"", ""limitation"": ""MacKinnon approximate p-value; low power near unity; lag choice by AIC"", ""maxlag"": 41, ""n"": 12815, ""null"": ""unit root"", ""regression"": ""c"", ""test"": ""ADF""}"
obv_delta_20,stationarity,adf_c_aic_lags,40,OK,,"{""autolag"": ""AIC"", ""lag_selection"": ""AIC over lags 0..maxlag on the common trimmed sample, as statsmodels _autolag does, without retaining every fitted model; final fit adfuller(maxlag=best, autolag=None)"", ""limitation"": ""MacKinnon approximate p-value; low power near unity; lag choice by AIC"", ""maxlag"": 41, ""n"": 12815, ""null"": ""unit root"", ""regression"": ""c"", ""test"": ""ADF""}"
obv_delta_20,stationarity,kpss_c_auto_statistic,0.15677348812680608,OK_WITH_WARNING,,"{""limitation"": ""p-value interpolated from a table bounded to [0.01, 0.10]"", ""n"": 12815, ""nlags"": ""auto (Hobijn)"", ""null"": ""level stationarity"", ""regression"": ""c"", ""test"": ""KPSS"", ""warnings"": [""The test statistic is outside of the range of p-values available in the\nlook-up table. The actual p-value is greater than the p-value returned.\n""]}"
obv_delta_20,stationarity,kpss_c_auto_pvalue,0.1,OK_WITH_WARNING,P_VALUE_AT_TABLE_BOUND,"{""limitation"": ""p-value interpolated from a table bounded to [0.01, 0.10]"", ""n"": 12815, ""nlags"": ""auto (Hobijn)"", ""null"": ""level stationarity"", ""regression"": ""c"", ""test"": ""KPSS"", ""warnings"": [""The test statistic is outside of the range of p-values available in the\nlook-up table. The actual p-value is greater than the p-value returned.\n""]}"
obv_delta_20,stationarity,kpss_c_auto_lags,66,OK_WITH_WARNING,,"{""limitation"": ""p-value interpolated from a table bounded to [0.01, 0.10]"", ""n"": 12815, ""nlags"": ""auto (Hobijn)"", ""null"": ""level stationarity"", ""regression"": ""c"", ""test"": ""KPSS"", ""warnings"": [""The test statistic is outside of the range of p-values available in the\nlook-up table. The actual p-value is greater than the p-value returned.\n""]}"
obv_delta_20,stationarity,kpss_ct_auto_statistic,0.09166488242077679,OK_WITH_WARNING,,"{""limitation"": ""p-value interpolated from a table bounded to [0.01, 0.10]"", ""n"": 12815, ""nlags"": ""auto (Hobijn)"", ""null"": ""trend stationarity"", ""regression"": ""ct"", ""test"": ""KPSS"", ""warnings"": [""The test statistic is outside of the range of p-values available in the\nlook-up table. The actual p-value is greater than the p-value returned.\n""]}"
obv_delta_20,stationarity,kpss_ct_auto_pvalue,0.1,OK_WITH_WARNING,P_VALUE_AT_TABLE_BOUND,"{""limitation"": ""p-value interpolated from a table bounded to [0.01, 0.10]"", ""n"": 12815, ""nlags"": ""auto (Hobijn)"", ""null"": ""trend stationarity"", ""regression"": ""ct"", ""test"": ""KPSS"", ""warnings"": [""The test statistic is outside of the range of p-values available in the\nlook-up table. The actual p-value is greater than the p-value returned.\n""]}"
obv_delta_20,stationarity,kpss_ct_auto_lags,66,OK_WITH_WARNING,,"{""limitation"": ""p-value interpolated from a table bounded to [0.01, 0.10]"", ""n"": 12815, ""nlags"": ""auto (Hobijn)"", ""null"": ""trend stationarity"", ""regression"": ""ct"", ""test"": ""KPSS"", ""warnings"": [""The test statistic is outside of the range of p-values available in the\nlook-up table. The actual p-value is greater than the p-value returned.\n""]}"
obv_delta_20,stationarity,adf_kpss_joint_reading,ADF_REJECTS_UNIT_ROOT_KPSS_DOES_NOT_REJECT_LEVEL,OK,,"{""alpha"": 0.05, ""note"": ""descriptive, unadjusted for multiple testing; not an eligibility rule""}"
obv_delta_20,seasonality,acf_at_daily_6,0.7225993085838383,OK,,"{""declared_period_rows"": 6}"
obv_delta_20,seasonality,seasonal_diff_var_ratio_daily_6,0.555048594548372,OK,,"{""formula"": ""var(x_t - x_{t-s}) / var(x_t); 2 for white noise, <1 when season repeats""}"
obv_delta_20,seasonality,acf_at_weekly_42,0.07611265302337908,OK,,"{""declared_period_rows"": 42}"
obv_delta_20,seasonality,seasonal_diff_var_ratio_weekly_42,1.8516655630206489,OK,,"{""formula"": ""var(x_t - x_{t-s}) / var(x_t); 2 for white noise, <1 when season repeats""}"
obv_delta_20,seasonality,stl_seasonal_strength_primary,0.2386090922044184,OK,,"{""formula"": ""max(0, 1 - var(R)/var(S+R)) and max(0, 1 - var(R)/var(T+R)) (Wang, Smith, Hyndman 2006)"", ""method"": ""statsmodels STL"", ""note"": ""optional diagnostic transform; not a model input"", ""period"": 6, ""robust"": false}"
obv_delta_20,seasonality,stl_trend_strength_primary,0.964522269739643,OK,,"{""formula"": ""max(0, 1 - var(R)/var(S+R)) and max(0, 1 - var(R)/var(T+R)) (Wang, Smith, Hyndman 2006)"", ""method"": ""statsmodels STL"", ""note"": ""optional diagnostic transform; not a model input"", ""period"": 6, ""robust"": false}"
volume_sma_10,missingness,rows,12835,OK,,
volume_sma_10,missingness,missing_count,9,OK,,"{""also"": ""NaN literals parsed by float()"", ""empty_or_token_cells"": 9, ""tokens"": ["""", ""n/a"", ""na"", ""nan"", ""none"", ""null""]}"
volume_sma_10,missingness,missing_fraction,0.0007012076353720296,OK,,
volume_sma_10,missingness,nonnumeric_count,0,OK,,
volume_sma_10,missingness,nonfinite_count,9,OK,,
volume_sma_10,missingness,longest_finite_run,12826,OK,,
volume_sma_10,missingness,constant_flag,False,OK,,
volume_sma_10,missingness,unique_count,12825,OK,,
volume_sma_10,distribution,mean,12804.807600625838,OK,,
volume_sma_10,distribution,std,14233.623223188757,OK,,
volume_sma_10,distribution,min,43.09256,OK,,
volume_sma_10,distribution,max,132192.56,OK,,
volume_sma_10,distribution,median,8219.768,OK,,
volume_sma_10,distribution,iqr,7973.11345,OK,,
volume_sma_10,distribution,mad,3449.9297999999994,OK,,
volume_sma_10,distribution,skewness,2.9704122826380894,OK,,"{""bias"": false}"
volume_sma_10,distribution,excess_kurtosis,11.453526843999148,OK,,"{""bias"": false}"
volume_sma_10,distribution,upper_tail_ratio,14.899998701204995,OK,,"{""formula"": ""(q0.995-q0.5)/(q0.75-q0.5); Gaussian ~3.82""}"
volume_sma_10,distribution,lower_tail_ratio,2.92533455065348,OK,,"{""formula"": ""(q0.5-q0.005)/(q0.5-q0.25); Gaussian ~3.82""}"
volume_sma_10,distribution,robust_z_outlier_fraction_gt5,0.08319039451114923,OK,,"{""scale"": ""1.4826*MAD""}"
volume_sma_10,distribution,zero_fraction,0.0,OK,,
volume_sma_10,distribution,quantile_0.005,99.07307499999999,OK,,"{""method"": ""numpy linear""}"
volume_sma_10,distribution,quantile_0.01,120.48587625,OK,,"{""method"": ""numpy linear""}"
volume_sma_10,distribution,quantile_0.05,959.936555,OK,,"{""method"": ""numpy linear""}"
volume_sma_10,distribution,quantile_0.25,5443.77955,OK,,"{""method"": ""numpy linear""}"
volume_sma_10,distribution,quantile_0.5,8219.768,OK,,"{""method"": ""numpy linear""}"
volume_sma_10,distribution,quantile_0.75,13416.893,OK,,"{""method"": ""numpy linear""}"
volume_sma_10,distribution,quantile_0.95,44136.70675,OK,,"{""method"": ""numpy linear""}"
volume_sma_10,distribution,quantile_0.99,68882.2525,OK,,"{""method"": ""numpy linear""}"
volume_sma_10,distribution,quantile_0.995,85656.92375,OK,,"{""method"": ""numpy linear""}"
volume_sma_10,volatility,diff_std,1398.8439935941858,OK,,"{""rule"": ""longest contiguous finite run; no imputation"", ""segment_rows"": [9, 12835]}"
volume_sma_10,volatility,diff_abs_mean,706.9557880784406,OK,,"{""rule"": ""longest contiguous finite run; no imputation"", ""segment_rows"": [9, 12835]}"
volume_sma_10,volatility,diff_std_over_std,0.09827743587558607,OK,,"{""rule"": ""longest contiguous finite run; no imputation"", ""segment_rows"": [9, 12835]}"
volume_sma_10,volatility,rolling_std_cv,1.3253045503920082,OK,,"{""rule"": ""non-overlapping primary-period blocks; std of block std / mean"", ""window_rows"": 6}"
volume_sma_10,trend,slope_per_row,2.082407681384316,OK,,"{""rule"": ""longest contiguous finite run; no imputation"", ""segment_rows"": [9, 12835]}"
volume_sma_10,trend,slope_per_day,,UNSUPPORTED,NO_VERIFIED_REGULAR_STEP,
volume_sma_10,trend,linear_r2,0.2934510497885525,OK,,
volume_sma_10,acf,acf_lag_1,0.9951349224815498,OK,,"{""estimator"": ""biased, mean-centered""}"
volume_sma_10,acf,acf_lag_2,0.9860409417075398,OK,,"{""estimator"": ""biased, mean-centered""}"
volume_sma_10,acf,acf_lag_3,0.9756304375677092,OK,,"{""estimator"": ""biased, mean-centered""}"
volume_sma_10,acf,acf_lag_6,0.9395712038061522,OK,,"{""estimator"": ""biased, mean-centered""}"
volume_sma_10,acf,acf_lag_12,0.8616699763318421,OK,,"{""estimator"": ""biased, mean-centered""}"
volume_sma_10,acf,acf_lag_42,0.8081953638913288,OK,,"{""estimator"": ""biased, mean-centered""}"
volume_sma_10,acf,decorrelation_lag_1_over_e,,NOT_RUN,ACF_ABOVE_1_OVER_E_THROUGH_LAG_64,
volume_sma_10,spectral,peak1_period_rows,3206.5,OK,,"{""method"": ""periodogram, linear detrend, rank by power""}"
volume_sma_10,spectral,peak1_power_fraction,0.129869512963128,OK,,
volume_sma_10,spectral,peak2_period_rows,4275.333333333333,OK,,"{""method"": ""periodogram, linear detrend, rank by power""}"
volume_sma_10,spectral,peak2_power_fraction,0.10600914435700519,OK,,
volume_sma_10,spectral,peak3_period_rows,6413.0,OK,,"{""method"": ""periodogram, linear detrend, rank by power""}"
volume_sma_10,spectral,peak3_power_fraction,0.06840706469133431,OK,,
volume_sma_10,spectral,peak1_period_hours,,UNSUPPORTED,NO_VERIFIED_REGULAR_STEP,
volume_sma_10,spectral,entropy_normalized,0.48215771406626484,OK,,
volume_sma_10,spectral,low_frequency_power_fraction,0.9970045541782909,OK,,"{""basis"": ""primary period"", ""cutoff_cycles_per_row"": 0.16666666666666666}"
volume_sma_10,spectral,centroid_cycles_per_row,0.006583995059824742,OK,,
volume_sma_10,stationarity,adf_c_aic_statistic,-4.929628051601952,OK,,"{""autolag"": ""AIC"", ""lag_selection"": ""AIC over lags 0..maxlag on the common trimmed sample, as statsmodels _autolag does, without retaining every fitted model; final fit adfuller(maxlag=best, autolag=None)"", ""limitation"": ""MacKinnon approximate p-value; low power near unity; lag choice by AIC"", ""maxlag"": 41, ""n"": 12826, ""null"": ""unit root"", ""regression"": ""c"", ""test"": ""ADF""}"
volume_sma_10,stationarity,adf_c_aic_pvalue,3.052746701758805e-05,OK,,"{""autolag"": ""AIC"", ""lag_selection"": ""AIC over lags 0..maxlag on the common trimmed sample, as statsmodels _autolag does, without retaining every fitted model; final fit adfuller(maxlag=best, autolag=None)"", ""limitation"": ""MacKinnon approximate p-value; low power near unity; lag choice by AIC"", ""maxlag"": 41, ""n"": 12826, ""null"": ""unit root"", ""regression"": ""c"", ""test"": ""ADF""}"
volume_sma_10,stationarity,adf_c_aic_lags,41,OK,,"{""autolag"": ""AIC"", ""lag_selection"": ""AIC over lags 0..maxlag on the common trimmed sample, as statsmodels _autolag does, without retaining every fitted model; final fit adfuller(maxlag=best, autolag=None)"", ""limitation"": ""MacKinnon approximate p-value; low power near unity; lag choice by AIC"", ""maxlag"": 41, ""n"": 12826, ""null"": ""unit root"", ""regression"": ""c"", ""test"": ""ADF""}"
volume_sma_10,stationarity,kpss_c_auto_statistic,6.526785409786723,OK_WITH_WARNING,,"{""limitation"": ""p-value interpolated from a table bounded to [0.01, 0.10]"", ""n"": 12826, ""nlags"": ""auto (Hobijn)"", ""null"": ""level stationarity"", ""regression"": ""c"", ""test"": ""KPSS"", ""warnings"": [""The test statistic is outside of the range of p-values available in the\nlook-up table. The actual p-value is smaller than the p-value returned.\n""]}"
volume_sma_10,stationarity,kpss_c_auto_pvalue,0.01,OK_WITH_WARNING,P_VALUE_AT_TABLE_BOUND,"{""limitation"": ""p-value interpolated from a table bounded to [0.01, 0.10]"", ""n"": 12826, ""nlags"": ""auto (Hobijn)"", ""null"": ""level stationarity"", ""regression"": ""c"", ""test"": ""KPSS"", ""warnings"": [""The test statistic is outside of the range of p-values available in the\nlook-up table. The actual p-value is smaller than the p-value returned.\n""]}"
volume_sma_10,stationarity,kpss_c_auto_lags,69,OK_WITH_WARNING,,"{""limitation"": ""p-value interpolated from a table bounded to [0.01, 0.10]"", ""n"": 12826, ""nlags"": ""auto (Hobijn)"", ""null"": ""level stationarity"", ""regression"": ""c"", ""test"": ""KPSS"", ""warnings"": [""The test statistic is outside of the range of p-values available in the\nlook-up table. The actual p-value is smaller than the p-value returned.\n""]}"
volume_sma_10,stationarity,kpss_ct_auto_statistic,0.5884431643281247,OK_WITH_WARNING,,"{""limitation"": ""p-value interpolated from a table bounded to [0.01, 0.10]"", ""n"": 12826, ""nlags"": ""auto (Hobijn)"", ""null"": ""trend stationarity"", ""regression"": ""ct"", ""test"": ""KPSS"", ""warnings"": [""The test statistic is outside of the range of p-values available in the\nlook-up table. The actual p-value is smaller than the p-value returned.\n""]}"
volume_sma_10,stationarity,kpss_ct_auto_pvalue,0.01,OK_WITH_WARNING,P_VALUE_AT_TABLE_BOUND,"{""limitation"": ""p-value interpolated from a table bounded to [0.01, 0.10]"", ""n"": 12826, ""nlags"": ""auto (Hobijn)"", ""null"": ""trend stationarity"", ""regression"": ""ct"", ""test"": ""KPSS"", ""warnings"": [""The test statistic is outside of the range of p-values available in the\nlook-up table. The actual p-value is smaller than the p-value returned.\n""]}"
volume_sma_10,stationarity,kpss_ct_auto_lags,68,OK_WITH_WARNING,,"{""limitation"": ""p-value interpolated from a table bounded to [0.01, 0.10]"", ""n"": 12826, ""nlags"": ""auto (Hobijn)"", ""null"": ""trend stationarity"", ""regression"": ""ct"", ""test"": ""KPSS"", ""warnings"": [""The test statistic is outside of the range of p-values available in the\nlook-up table. The actual p-value is smaller than the p-value returned.\n""]}"
volume_sma_10,stationarity,adf_kpss_joint_reading,BOTH_REJECT_CONFLICT,OK,,"{""alpha"": 0.05, ""note"": ""descriptive, unadjusted for multiple testing; not an eligibility rule""}"
volume_sma_10,seasonality,acf_at_daily_6,0.9395712038061518,OK,,"{""declared_period_rows"": 6}"
volume_sma_10,seasonality,seasonal_diff_var_ratio_daily_6,0.12046828245124472,OK,,"{""formula"": ""var(x_t - x_{t-s}) / var(x_t); 2 for white noise, <1 when season repeats""}"
volume_sma_10,seasonality,acf_at_weekly_42,0.8081953638913287,OK,,"{""declared_period_rows"": 42}"
volume_sma_10,seasonality,seasonal_diff_var_ratio_weekly_42,0.3818339249044184,OK,,"{""formula"": ""var(x_t - x_{t-s}) / var(x_t); 2 for white noise, <1 when season repeats""}"
volume_sma_10,seasonality,stl_seasonal_strength_primary,0.5171391058110862,OK,,"{""formula"": ""max(0, 1 - var(R)/var(S+R)) and max(0, 1 - var(R)/var(T+R)) (Wang, Smith, Hyndman 2006)"", ""method"": ""statsmodels STL"", ""note"": ""optional diagnostic transform; not a model input"", ""period"": 6, ""robust"": false}"
volume_sma_10,seasonality,stl_trend_strength_primary,0.9971459253076114,OK,,"{""formula"": ""max(0, 1 - var(R)/var(S+R)) and max(0, 1 - var(R)/var(T+R)) (Wang, Smith, Hyndman 2006)"", ""method"": ""statsmodels STL"", ""note"": ""optional diagnostic transform; not a model input"", ""period"": 6, ""robust"": false}"
volume_sma_20,missingness,rows,12835,OK,,
volume_sma_20,missingness,missing_count,19,OK,,"{""also"": ""NaN literals parsed by float()"", ""empty_or_token_cells"": 19, ""tokens"": ["""", ""n/a"", ""na"", ""nan"", ""none"", ""null""]}"
volume_sma_20,missingness,missing_fraction,0.0014803272302298402,OK,,
volume_sma_20,missingness,nonnumeric_count,0,OK,,
volume_sma_20,missingness,nonfinite_count,19,OK,,
volume_sma_20,missingness,longest_finite_run,12816,OK,,
volume_sma_20,missingness,constant_flag,False,OK,,
volume_sma_20,missingness,unique_count,12813,OK,,
volume_sma_20,distribution,mean,12811.966538836066,OK,,
volume_sma_20,distribution,std,13798.137083639485,OK,,
volume_sma_20,distribution,min,63.75006,OK,,
volume_sma_20,distribution,max,111861.08,OK,,
volume_sma_20,distribution,median,8133.883250000001,OK,,
volume_sma_20,distribution,iqr,7517.536975000002,OK,,
volume_sma_20,distribution,mad,3147.6175,OK,,
volume_sma_20,distribution,skewness,2.8093645909323266,OK,,"{""bias"": false}"
volume_sma_20,distribution,excess_kurtosis,9.783037917580968,OK,,"{""bias"": false}"
volume_sma_20,distribution,upper_tail_ratio,14.458406551239921,OK,,"{""formula"": ""(q0.995-q0.5)/(q0.75-q0.5); Gaussian ~3.82""}"
volume_sma_20,distribution,lower_tail_ratio,3.326629517824525,OK,,"{""formula"": ""(q0.5-q0.005)/(q0.5-q0.25); Gaussian ~3.82""}"
volume_sma_20,distribution,robust_z_outlier_fraction_gt5,0.09488139825218476,OK,,"{""scale"": ""1.4826*MAD""}"
volume_sma_20,distribution,zero_fraction,0.0,OK,,
volume_sma_20,distribution,quantile_0.005,107.21033125,OK,,"{""method"": ""numpy linear""}"
volume_sma_20,distribution,quantile_0.01,125.6942999,OK,,"{""method"": ""numpy linear""}"
volume_sma_20,distribution,quantile_0.05,1226.353275,OK,,"{""method"": ""numpy linear""}"
volume_sma_20,distribution,quantile_0.25,5721.028775,OK,,"{""method"": ""numpy linear""}"
volume_sma_20,distribution,quantile_0.5,8133.883250000001,OK,,"{""method"": ""numpy linear""}"
volume_sma_20,distribution,quantile_0.75,13238.565750000002,OK,,"{""method"": ""numpy linear""}"
volume_sma_20,distribution,quantile_0.95,43564.778999999995,OK,,"{""method"": ""numpy linear""}"
volume_sma_20,distribution,quantile_0.99,66838.39100000013,OK,,"{""method"": ""numpy linear""}"
volume_sma_20,distribution,quantile_0.995,81939.45814999979,OK,,"{""method"": ""numpy linear""}"
volume_sma_20,volatility,diff_std,735.480506673157,OK,,"{""rule"": ""longest contiguous finite run; no imputation"", ""segment_rows"": [19, 12835]}"
volume_sma_20,volatility,diff_abs_mean,369.90919829106514,OK,,"{""rule"": ""longest contiguous finite run; no imputation"", ""segment_rows"": [19, 12835]}"
volume_sma_20,volatility,diff_std_over_std,0.05330288445570088,OK,,"{""rule"": ""longest contiguous finite run; no imputation"", ""segment_rows"": [19, 12835]}"
volume_sma_20,volatility,rolling_std_cv,1.3868271953492728,OK,,"{""rule"": ""non-overlapping primary-period blocks; std of block std / mean"", ""window_rows"": 6}"
volume_sma_20,trend,slope_per_row,2.0860134273992763,OK,,"{""rule"": ""longest contiguous finite run; no imputation"", ""segment_rows"": [19, 12835]}"
volume_sma_20,trend,slope_per_day,,UNSUPPORTED,NO_VERIFIED_REGULAR_STEP,
volume_sma_20,trend,linear_r2,0.31286063725009106,OK,,
volume_sma_20,acf,acf_lag_1,0.9985391969331752,OK,,"{""estimator"": ""biased, mean-centered""}"
volume_sma_20,acf,acf_lag_2,0.9956631308313099,OK,,"{""estimator"": ""biased, mean-centered""}"
volume_sma_20,acf,acf_lag_3,0.992173435592875,OK,,"{""estimator"": ""biased, mean-centered""}"
volume_sma_20,acf,acf_lag_6,0.9783850252913364,OK,,"{""estimator"": ""biased, mean-centered""}"
volume_sma_20,acf,acf_lag_12,0.9370656087391246,OK,,"{""estimator"": ""biased, mean-centered""}"
volume_sma_20,acf,acf_lag_42,0.8376722992064912,OK,,"{""estimator"": ""biased, mean-centered""}"
volume_sma_20,acf,decorrelation_lag_1_over_e,,NOT_RUN,ACF_ABOVE_1_OVER_E_THROUGH_LAG_64,
volume_sma_20,spectral,peak1_period_rows,3204.0,OK,,"{""method"": ""periodogram, linear detrend, rank by power""}"
volume_sma_20,spectral,peak1_power_fraction,0.1413794872808025,OK,,
volume_sma_20,spectral,peak2_period_rows,4272.0,OK,,"{""method"": ""periodogram, linear detrend, rank by power""}"
volume_sma_20,spectral,peak2_power_fraction,0.11542633249145223,OK,,
volume_sma_20,spectral,peak3_period_rows,6408.0,OK,,"{""method"": ""periodogram, linear detrend, rank by power""}"
volume_sma_20,spectral,peak3_power_fraction,0.07532716841825822,OK,,
volume_sma_20,spectral,peak1_period_hours,,UNSUPPORTED,NO_VERIFIED_REGULAR_STEP,
volume_sma_20,spectral,entropy_normalized,0.43995001537445916,OK,,
volume_sma_20,spectral,low_frequency_power_fraction,0.998942260932623,OK,,"{""basis"": ""primary period"", ""cutoff_cycles_per_row"": 0.16666666666666666}"
volume_sma_20,spectral,centroid_cycles_per_row,0.0034246378023238037,OK,,
volume_sma_20,stationarity,adf_c_aic_statistic,-4.860183538316457,OK,,"{""autolag"": ""AIC"", ""lag_selection"": ""AIC over lags 0..maxlag on the common trimmed sample, as statsmodels _autolag does, without retaining every fitted model; final fit adfuller(maxlag=best, autolag=None)"", ""limitation"": ""MacKinnon approximate p-value; low power near unity; lag choice by AIC"", ""maxlag"": 41, ""n"": 12816, ""null"": ""unit root"", ""regression"": ""c"", ""test"": ""ADF""}"
volume_sma_20,stationarity,adf_c_aic_pvalue,4.166251941925023e-05,OK,,"{""autolag"": ""AIC"", ""lag_selection"": ""AIC over lags 0..maxlag on the common trimmed sample, as statsmodels _autolag does, without retaining every fitted model; final fit adfuller(maxlag=best, autolag=None)"", ""limitation"": ""MacKinnon approximate p-value; low power near unity; lag choice by AIC"", ""maxlag"": 41, ""n"": 12816, ""null"": ""unit root"", ""regression"": ""c"", ""test"": ""ADF""}"
volume_sma_20,stationarity,adf_c_aic_lags,41,OK,,"{""autolag"": ""AIC"", ""lag_selection"": ""AIC over lags 0..maxlag on the common trimmed sample, as statsmodels _autolag does, without retaining every fitted model; final fit adfuller(maxlag=best, autolag=None)"", ""limitation"": ""MacKinnon approximate p-value; low power near unity; lag choice by AIC"", ""maxlag"": 41, ""n"": 12816, ""null"": ""unit root"", ""regression"": ""c"", ""test"": ""ADF""}"
volume_sma_20,stationarity,kpss_c_auto_statistic,6.551667449344581,OK_WITH_WARNING,,"{""limitation"": ""p-value interpolated from a table bounded to [0.01, 0.10]"", ""n"": 12816, ""nlags"": ""auto (Hobijn)"", ""null"": ""level stationarity"", ""regression"": ""c"", ""test"": ""KPSS"", ""warnings"": [""The test statistic is outside of the range of p-values available in the\nlook-up table. The actual p-value is smaller than the p-value returned.\n""]}"
volume_sma_20,stationarity,kpss_c_auto_pvalue,0.01,OK_WITH_WARNING,P_VALUE_AT_TABLE_BOUND,"{""limitation"": ""p-value interpolated from a table bounded to [0.01, 0.10]"", ""n"": 12816, ""nlags"": ""auto (Hobijn)"", ""null"": ""level stationarity"", ""regression"": ""c"", ""test"": ""KPSS"", ""warnings"": [""The test statistic is outside of the range of p-values available in the\nlook-up table. The actual p-value is smaller than the p-value returned.\n""]}"
volume_sma_20,stationarity,kpss_c_auto_lags,69,OK_WITH_WARNING,,"{""limitation"": ""p-value interpolated from a table bounded to [0.01, 0.10]"", ""n"": 12816, ""nlags"": ""auto (Hobijn)"", ""null"": ""level stationarity"", ""regression"": ""c"", ""test"": ""KPSS"", ""warnings"": [""The test statistic is outside of the range of p-values available in the\nlook-up table. The actual p-value is smaller than the p-value returned.\n""]}"
volume_sma_20,stationarity,kpss_ct_auto_statistic,0.5882573795576383,OK_WITH_WARNING,,"{""limitation"": ""p-value interpolated from a table bounded to [0.01, 0.10]"", ""n"": 12816, ""nlags"": ""auto (Hobijn)"", ""null"": ""trend stationarity"", ""regression"": ""ct"", ""test"": ""KPSS"", ""warnings"": [""The test statistic is outside of the range of p-values available in the\nlook-up table. The actual p-value is smaller than the p-value returned.\n""]}"
volume_sma_20,stationarity,kpss_ct_auto_pvalue,0.01,OK_WITH_WARNING,P_VALUE_AT_TABLE_BOUND,"{""limitation"": ""p-value interpolated from a table bounded to [0.01, 0.10]"", ""n"": 12816, ""nlags"": ""auto (Hobijn)"", ""null"": ""trend stationarity"", ""regression"": ""ct"", ""test"": ""KPSS"", ""warnings"": [""The test statistic is outside of the range of p-values available in the\nlook-up table. The actual p-value is smaller than the p-value returned.\n""]}"
volume_sma_20,stationarity,kpss_ct_auto_lags,69,OK_WITH_WARNING,,"{""limitation"": ""p-value interpolated from a table bounded to [0.01, 0.10]"", ""n"": 12816, ""nlags"": ""auto (Hobijn)"", ""null"": ""trend stationarity"", ""regression"": ""ct"", ""test"": ""KPSS"", ""warnings"": [""The test statistic is outside of the range of p-values available in the\nlook-up table. The actual p-value is smaller than the p-value returned.\n""]}"
volume_sma_20,stationarity,adf_kpss_joint_reading,BOTH_REJECT_CONFLICT,OK,,"{""alpha"": 0.05, ""note"": ""descriptive, unadjusted for multiple testing; not an eligibility rule""}"
volume_sma_20,seasonality,acf_at_daily_6,0.9783850252913366,OK,,"{""declared_period_rows"": 6}"
volume_sma_20,seasonality,seasonal_diff_var_ratio_daily_6,0.04276008459778579,OK,,"{""formula"": ""var(x_t - x_{t-s}) / var(x_t); 2 for white noise, <1 when season repeats""}"
volume_sma_20,seasonality,acf_at_weekly_42,0.8376722992064911,OK,,"{""declared_period_rows"": 42}"
volume_sma_20,seasonality,seasonal_diff_var_ratio_weekly_42,0.32260583819105415,OK,,"{""formula"": ""var(x_t - x_{t-s}) / var(x_t); 2 for white noise, <1 when season repeats""}"
volume_sma_20,seasonality,stl_seasonal_strength_primary,0.4674658110864165,OK,,"{""formula"": ""max(0, 1 - var(R)/var(S+R)) and max(0, 1 - var(R)/var(T+R)) (Wang, Smith, Hyndman 2006)"", ""method"": ""statsmodels STL"", ""note"": ""optional diagnostic transform; not a model input"", ""period"": 6, ""robust"": false}"
volume_sma_20,seasonality,stl_trend_strength_primary,0.9991918444970702,OK,,"{""formula"": ""max(0, 1 - var(R)/var(S+R)) and max(0, 1 - var(R)/var(T+R)) (Wang, Smith, Hyndman 2006)"", ""method"": ""statsmodels STL"", ""note"": ""optional diagnostic transform; not a model input"", ""period"": 6, ""robust"": false}"
volume_ratio_20,missingness,rows,12835,OK,,
volume_ratio_20,missingness,missing_count,19,OK,,"{""also"": ""NaN literals parsed by float()"", ""empty_or_token_cells"": 19, ""tokens"": ["""", ""n/a"", ""na"", ""nan"", ""none"", ""null""]}"
volume_ratio_20,missingness,missing_fraction,0.0014803272302298402,OK,,
volume_ratio_20,missingness,nonnumeric_count,0,OK,,
volume_ratio_20,missingness,nonfinite_count,19,OK,,
volume_ratio_20,missingness,longest_finite_run,12816,OK,,
volume_ratio_20,missingness,constant_flag,False,OK,,
volume_ratio_20,missingness,unique_count,12815,OK,,
volume_ratio_20,distribution,mean,1.018760427615398,OK,,
volume_ratio_20,distribution,std,0.5499837329680787,OK,,
volume_ratio_20,distribution,min,0.0,OK,,
volume_ratio_20,distribution,max,8.688489,OK,,
volume_ratio_20,distribution,median,0.8878048000000001,OK,,
volume_ratio_20,distribution,iqr,0.5425423,OK,,
volume_ratio_20,distribution,mad,0.25375064500000005,OK,,
volume_ratio_20,distribution,skewness,2.6262908945779504,OK,,"{""bias"": false}"
volume_ratio_20,distribution,excess_kurtosis,15.6403594706597,OK,,"{""bias"": false}"
volume_ratio_20,distribution,upper_tail_ratio,7.9789805133820035,OK,,"{""formula"": ""(q0.995-q0.5)/(q0.75-q0.5); Gaussian ~3.82""}"
volume_ratio_20,distribution,lower_tail_ratio,2.799225617385236,OK,,"{""formula"": ""(q0.5-q0.005)/(q0.5-q0.25); Gaussian ~3.82""}"
volume_ratio_20,distribution,robust_z_outlier_fraction_gt5,0.0149812734082397,OK,,"{""scale"": ""1.4826*MAD""}"
volume_ratio_20,distribution,zero_fraction,7.802746566791511e-05,OK,,
volume_ratio_20,distribution,quantile_0.005,0.27898757425000004,OK,,"{""method"": ""numpy linear""}"
volume_ratio_20,distribution,quantile_0.01,0.315680073,OK,,"{""method"": ""numpy linear""}"
volume_ratio_20,distribution,quantile_0.05,0.4427296925,OK,,"{""method"": ""numpy linear""}"
volume_ratio_20,distribution,quantile_0.25,0.670309925,OK,,"{""method"": ""numpy linear""}"
volume_ratio_20,distribution,quantile_0.5,0.8878048000000001,OK,,"{""method"": ""numpy linear""}"
volume_ratio_20,distribution,quantile_0.75,1.212852225,OK,,"{""method"": ""numpy linear""}"
volume_ratio_20,distribution,quantile_0.95,2.047282375,OK,,"{""method"": ""numpy linear""}"
volume_ratio_20,distribution,quantile_0.99,3.0078311800000015,OK,,"{""method"": ""numpy linear""}"
volume_ratio_20,distribution,quantile_0.995,3.481351869999998,OK,,"{""method"": ""numpy linear""}"
volume_ratio_20,volatility,diff_std,0.5936511164816528,OK,,"{""rule"": ""longest contiguous finite run; no imputation"", ""segment_rows"": [19, 12835]}"
volume_ratio_20,volatility,diff_abs_mean,0.38726652026782055,OK,,"{""rule"": ""longest contiguous finite run; no imputation"", ""segment_rows"": [19, 12835]}"
volume_ratio_20,volatility,diff_std_over_std,1.0793975910485858,OK,,"{""rule"": ""longest contiguous finite run; no imputation"", ""segment_rows"": [19, 12835]}"
volume_ratio_20,volatility,rolling_std_cv,0.6976694593419248,OK,,"{""rule"": ""non-overlapping primary-period blocks; std of block std / mean"", ""window_rows"": 6}"
volume_ratio_20,trend,slope_per_row,-1.3944633830454376e-06,OK,,"{""rule"": ""longest contiguous finite run; no imputation"", ""segment_rows"": [19, 12835]}"
volume_ratio_20,trend,slope_per_day,,UNSUPPORTED,NO_VERIFIED_REGULAR_STEP,
volume_ratio_20,trend,linear_r2,8.799787352975486e-05,OK,,
volume_ratio_20,acf,acf_lag_1,0.4174031405582709,OK,,"{""estimator"": ""biased, mean-centered""}"
volume_ratio_20,acf,acf_lag_2,0.1876000848073662,OK,,"{""estimator"": ""biased, mean-centered""}"
volume_ratio_20,acf,acf_lag_3,0.14547152925967366,OK,,"{""estimator"": ""biased, mean-centered""}"
volume_ratio_20,acf,acf_lag_6,0.17282556517846467,OK,,"{""estimator"": ""biased, mean-centered""}"
volume_ratio_20,acf,acf_lag_12,-0.008947261060898127,OK,,"{""estimator"": ""biased, mean-centered""}"
volume_ratio_20,acf,acf_lag_42,0.17239999466561876,OK,,"{""estimator"": ""biased, mean-centered""}"
volume_ratio_20,acf,decorrelation_lag_1_over_e,2,OK,,
volume_ratio_20,spectral,peak1_period_rows,42.019672131147544,OK,,"{""method"": ""periodogram, linear detrend, rank by power""}"
volume_ratio_20,spectral,peak1_power_fraction,0.033685561220734614,OK,,
volume_ratio_20,spectral,peak2_period_rows,6.0,OK,,"{""method"": ""periodogram, linear detrend, rank by power""}"
volume_ratio_20,spectral,peak2_power_fraction,0.023257826670713754,OK,,
volume_ratio_20,spectral,peak3_period_rows,41.88235294117647,OK,,"{""method"": ""periodogram, linear detrend, rank by power""}"
volume_ratio_20,spectral,peak3_power_fraction,0.013156125652643479,OK,,
volume_ratio_20,spectral,peak1_period_hours,,UNSUPPORTED,NO_VERIFIED_REGULAR_STEP,
volume_ratio_20,spectral,entropy_normalized,0.8792515413623361,OK,,
volume_ratio_20,spectral,low_frequency_power_fraction,0.5635789425285126,OK,,"{""basis"": ""primary period"", ""cutoff_cycles_per_row"": 0.16666666666666666}"
volume_ratio_20,spectral,centroid_cycles_per_row,0.16136305273617418,OK,,
volume_ratio_20,stationarity,adf_c_aic_statistic,-18.799784600611474,OK,,"{""autolag"": ""AIC"", ""lag_selection"": ""AIC over lags 0..maxlag on the common trimmed sample, as statsmodels _autolag does, without retaining every fitted model; final fit adfuller(maxlag=best, autolag=None)"", ""limitation"": ""MacKinnon approximate p-value; low power near unity; lag choice by AIC"", ""maxlag"": 41, ""n"": 12816, ""null"": ""unit root"", ""regression"": ""c"", ""test"": ""ADF""}"
volume_ratio_20,stationarity,adf_c_aic_pvalue,2.0229282007217373e-30,OK,,"{""autolag"": ""AIC"", ""lag_selection"": ""AIC over lags 0..maxlag on the common trimmed sample, as statsmodels _autolag does, without retaining every fitted model; final fit adfuller(maxlag=best, autolag=None)"", ""limitation"": ""MacKinnon approximate p-value; low power near unity; lag choice by AIC"", ""maxlag"": 41, ""n"": 12816, ""null"": ""unit root"", ""regression"": ""c"", ""test"": ""ADF""}"
volume_ratio_20,stationarity,adf_c_aic_lags,41,OK,,"{""autolag"": ""AIC"", ""lag_selection"": ""AIC over lags 0..maxlag on the common trimmed sample, as statsmodels _autolag does, without retaining every fitted model; final fit adfuller(maxlag=best, autolag=None)"", ""limitation"": ""MacKinnon approximate p-value; low power near unity; lag choice by AIC"", ""maxlag"": 41, ""n"": 12816, ""null"": ""unit root"", ""regression"": ""c"", ""test"": ""ADF""}"
volume_ratio_20,stationarity,kpss_c_auto_statistic,0.09852140805006285,OK_WITH_WARNING,,"{""limitation"": ""p-value interpolated from a table bounded to [0.01, 0.10]"", ""n"": 12816, ""nlags"": ""auto (Hobijn)"", ""null"": ""level stationarity"", ""regression"": ""c"", ""test"": ""KPSS"", ""warnings"": [""The test statistic is outside of the range of p-values available in the\nlook-up table. The actual p-value is greater than the p-value returned.\n""]}"
volume_ratio_20,stationarity,kpss_c_auto_pvalue,0.1,OK_WITH_WARNING,P_VALUE_AT_TABLE_BOUND,"{""limitation"": ""p-value interpolated from a table bounded to [0.01, 0.10]"", ""n"": 12816, ""nlags"": ""auto (Hobijn)"", ""null"": ""level stationarity"", ""regression"": ""c"", ""test"": ""KPSS"", ""warnings"": [""The test statistic is outside of the range of p-values available in the\nlook-up table. The actual p-value is greater than the p-value returned.\n""]}"
volume_ratio_20,stationarity,kpss_c_auto_lags,42,OK_WITH_WARNING,,"{""limitation"": ""p-value interpolated from a table bounded to [0.01, 0.10]"", ""n"": 12816, ""nlags"": ""auto (Hobijn)"", ""null"": ""level stationarity"", ""regression"": ""c"", ""test"": ""KPSS"", ""warnings"": [""The test statistic is outside of the range of p-values available in the\nlook-up table. The actual p-value is greater than the p-value returned.\n""]}"
volume_ratio_20,stationarity,kpss_ct_auto_statistic,0.03737792402006694,OK_WITH_WARNING,,"{""limitation"": ""p-value interpolated from a table bounded to [0.01, 0.10]"", ""n"": 12816, ""nlags"": ""auto (Hobijn)"", ""null"": ""trend stationarity"", ""regression"": ""ct"", ""test"": ""KPSS"", ""warnings"": [""The test statistic is outside of the range of p-values available in the\nlook-up table. The actual p-value is greater than the p-value returned.\n""]}"
volume_ratio_20,stationarity,kpss_ct_auto_pvalue,0.1,OK_WITH_WARNING,P_VALUE_AT_TABLE_BOUND,"{""limitation"": ""p-value interpolated from a table bounded to [0.01, 0.10]"", ""n"": 12816, ""nlags"": ""auto (Hobijn)"", ""null"": ""trend stationarity"", ""regression"": ""ct"", ""test"": ""KPSS"", ""warnings"": [""The test statistic is outside of the range of p-values available in the\nlook-up table. The actual p-value is greater than the p-value returned.\n""]}"
volume_ratio_20,stationarity,kpss_ct_auto_lags,42,OK_WITH_WARNING,,"{""limitation"": ""p-value interpolated from a table bounded to [0.01, 0.10]"", ""n"": 12816, ""nlags"": ""auto (Hobijn)"", ""null"": ""trend stationarity"", ""regression"": ""ct"", ""test"": ""KPSS"", ""warnings"": [""The test statistic is outside of the range of p-values available in the\nlook-up table. The actual p-value is greater than the p-value returned.\n""]}"
volume_ratio_20,stationarity,adf_kpss_joint_reading,ADF_REJECTS_UNIT_ROOT_KPSS_DOES_NOT_REJECT_LEVEL,OK,,"{""alpha"": 0.05, ""note"": ""descriptive, unadjusted for multiple testing; not an eligibility rule""}"
volume_ratio_20,seasonality,acf_at_daily_6,0.17282556517846467,OK,,"{""declared_period_rows"": 6}"
volume_ratio_20,seasonality,seasonal_diff_var_ratio_daily_6,1.6542152275256274,OK,,"{""formula"": ""var(x_t - x_{t-s}) / var(x_t); 2 for white noise, <1 when season repeats""}"
volume_ratio_20,seasonality,acf_at_weekly_42,0.1723999946656187,OK,,"{""declared_period_rows"": 42}"
volume_ratio_20,seasonality,seasonal_diff_var_ratio_weekly_42,1.6547906229565121,OK,,"{""formula"": ""var(x_t - x_{t-s}) / var(x_t); 2 for white noise, <1 when season repeats""}"
volume_ratio_20,seasonality,stl_seasonal_strength_primary,0.4627164596194867,OK,,"{""formula"": ""max(0, 1 - var(R)/var(S+R)) and max(0, 1 - var(R)/var(T+R)) (Wang, Smith, Hyndman 2006)"", ""method"": ""statsmodels STL"", ""note"": ""optional diagnostic transform; not a model input"", ""period"": 6, ""robust"": false}"
volume_ratio_20,seasonality,stl_trend_strength_primary,0.5744398153004018,OK,,"{""formula"": ""max(0, 1 - var(R)/var(S+R)) and max(0, 1 - var(R)/var(T+R)) (Wang, Smith, Hyndman 2006)"", ""method"": ""statsmodels STL"", ""note"": ""optional diagnostic transform; not a model input"", ""period"": 6, ""robust"": false}"
vwap_60,missingness,rows,12835,OK,,
vwap_60,missingness,missing_count,59,OK,,"{""also"": ""NaN literals parsed by float()"", ""empty_or_token_cells"": 59, ""tokens"": ["""", ""n/a"", ""na"", ""nan"", ""none"", ""null""]}"
vwap_60,missingness,missing_fraction,0.004596805609661083,OK,,
vwap_60,missingness,nonnumeric_count,0,OK,,
vwap_60,missingness,nonfinite_count,59,OK,,
vwap_60,missingness,longest_finite_run,12776,OK,,
vwap_60,missingness,constant_flag,False,OK,,
vwap_60,missingness,unique_count,12774,OK,,
vwap_60,distribution,mean,19890.77863611459,OK,,
vwap_60,distribution,std,16037.138691134121,OK,,
vwap_60,distribution,min,3378.6223,OK,,
vwap_60,distribution,max,64933.418,OK,,
vwap_60,distribution,median,11508.963,OK,,
vwap_60,distribution,iqr,21828.856249999997,OK,,
vwap_60,distribution,mad,6608.177899999999,OK,,
vwap_60,distribution,skewness,1.0444948613537808,OK,,"{""bias"": false}"
vwap_60,distribution,excess_kurtosis,-0.0723129527793529,OK,,"{""bias"": false}"
vwap_60,distribution,upper_tail_ratio,2.8561282589151933,OK,,"{""formula"": ""(q0.995-q0.5)/(q0.75-q0.5); Gaussian ~3.82""}"
vwap_60,distribution,lower_tail_ratio,2.0296482925777384,OK,,"{""formula"": ""(q0.5-q0.005)/(q0.5-q0.25); Gaussian ~3.82""}"
vwap_60,distribution,robust_z_outlier_fraction_gt5,0.015654351909830933,OK,,"{""scale"": ""1.4826*MAD""}"
vwap_60,distribution,zero_fraction,0.0,OK,,
vwap_60,distribution,quantile_0.005,3473.1363499999998,OK,,"{""method"": ""numpy linear""}"
vwap_60,distribution,quantile_0.01,3535.148525,OK,,"{""method"": ""numpy linear""}"
vwap_60,distribution,quantile_0.05,3886.06225,OK,,"{""method"": ""numpy linear""}"
vwap_60,distribution,quantile_0.25,7549.741749999999,OK,,"{""method"": ""numpy linear""}"
vwap_60,distribution,quantile_0.5,11508.963,OK,,"{""method"": ""numpy linear""}"
vwap_60,distribution,quantile_0.75,29378.597999999998,OK,,"{""method"": ""numpy linear""}"
vwap_60,distribution,quantile_0.95,54127.0755,OK,,"{""method"": ""numpy linear""}"
vwap_60,distribution,quantile_0.99,61495.395749999996,OK,,"{""method"": ""numpy linear""}"
vwap_60,distribution,quantile_0.995,62546.932499999995,OK,,"{""method"": ""numpy linear""}"
vwap_60,volatility,diff_std,59.70556169009196,OK,,"{""rule"": ""longest contiguous finite run; no imputation"", ""segment_rows"": [59, 12835]}"
vwap_60,volatility,diff_abs_mean,32.42397008219177,OK,,"{""rule"": ""longest contiguous finite run; no imputation"", ""segment_rows"": [59, 12835]}"
vwap_60,volatility,diff_std_over_std,0.0037229559985721915,OK,,"{""rule"": ""longest contiguous finite run; no imputation"", ""segment_rows"": [59, 12835]}"
vwap_60,volatility,rolling_std_cv,1.4198307105706154,OK,,"{""rule"": ""non-overlapping primary-period blocks; std of block std / mean"", ""window_rows"": 6}"
vwap_60,trend,slope_per_row,2.739163341460361,OK,,"{""rule"": ""longest contiguous finite run; no imputation"", ""segment_rows"": [59, 12835]}"
vwap_60,trend,slope_per_day,,UNSUPPORTED,NO_VERIFIED_REGULAR_STEP,
vwap_60,trend,linear_r2,0.39684840890662143,OK,,
vwap_60,acf,acf_lag_1,0.9999409903205508,OK,,"{""estimator"": ""biased, mean-centered""}"
vwap_60,acf,acf_lag_2,0.9998702907311322,OK,,"{""estimator"": ""biased, mean-centered""}"
vwap_60,acf,acf_lag_3,0.9997887768317244,OK,,"{""estimator"": ""biased, mean-centered""}"
vwap_60,acf,acf_lag_6,0.9994840248096105,OK,,"{""estimator"": ""biased, mean-centered""}"
vwap_60,acf,acf_lag_12,0.9986303608275774,OK,,"{""estimator"": ""biased, mean-centered""}"
vwap_60,acf,acf_lag_42,0.9907224473717897,OK,,"{""estimator"": ""biased, mean-centered""}"
vwap_60,acf,decorrelation_lag_1_over_e,,NOT_RUN,ACF_ABOVE_1_OVER_E_THROUGH_LAG_64,
vwap_60,spectral,peak1_period_rows,6388.0,OK,,"{""method"": ""periodogram, linear detrend, rank by power""}"
vwap_60,spectral,peak1_power_fraction,0.4555168894588954,OK,,
vwap_60,spectral,peak2_period_rows,12776.0,OK,,"{""method"": ""periodogram, linear detrend, rank by power""}"
vwap_60,spectral,peak2_power_fraction,0.19646619146479785,OK,,
vwap_60,spectral,peak3_period_rows,4258.666666666667,OK,,"{""method"": ""periodogram, linear detrend, rank by power""}"
vwap_60,spectral,peak3_power_fraction,0.17175634665692743,OK,,
vwap_60,spectral,peak1_period_hours,,UNSUPPORTED,NO_VERIFIED_REGULAR_STEP,
vwap_60,spectral,entropy_normalized,0.20606857431001774,OK,,
vwap_60,spectral,low_frequency_power_fraction,0.9999863680408072,OK,,"{""basis"": ""primary period"", ""cutoff_cycles_per_row"": 0.16666666666666666}"
vwap_60,spectral,centroid_cycles_per_row,0.00032178547398870527,OK,,
vwap_60,stationarity,adf_c_aic_statistic,-1.544271571515377,OK,,"{""autolag"": ""AIC"", ""lag_selection"": ""AIC over lags 0..maxlag on the common trimmed sample, as statsmodels _autolag does, without retaining every fitted model; final fit adfuller(maxlag=best, autolag=None)"", ""limitation"": ""MacKinnon approximate p-value; low power near unity; lag choice by AIC"", ""maxlag"": 41, ""n"": 12776, ""null"": ""unit root"", ""regression"": ""c"", ""test"": ""ADF""}"
vwap_60,stationarity,adf_c_aic_pvalue,0.5115083357631506,OK,,"{""autolag"": ""AIC"", ""lag_selection"": ""AIC over lags 0..maxlag on the common trimmed sample, as statsmodels _autolag does, without retaining every fitted model; final fit adfuller(maxlag=best, autolag=None)"", ""limitation"": ""MacKinnon approximate p-value; low power near unity; lag choice by AIC"", ""maxlag"": 41, ""n"": 12776, ""null"": ""unit root"", ""regression"": ""c"", ""test"": ""ADF""}"
vwap_60,stationarity,adf_c_aic_lags,41,OK,,"{""autolag"": ""AIC"", ""lag_selection"": ""AIC over lags 0..maxlag on the common trimmed sample, as statsmodels _autolag does, without retaining every fitted model; final fit adfuller(maxlag=best, autolag=None)"", ""limitation"": ""MacKinnon approximate p-value; low power near unity; lag choice by AIC"", ""maxlag"": 41, ""n"": 12776, ""null"": ""unit root"", ""regression"": ""c"", ""test"": ""ADF""}"
vwap_60,stationarity,kpss_c_auto_statistic,9.266972991775475,OK_WITH_WARNING,,"{""limitation"": ""p-value interpolated from a table bounded to [0.01, 0.10]"", ""n"": 12776, ""nlags"": ""auto (Hobijn)"", ""null"": ""level stationarity"", ""regression"": ""c"", ""test"": ""KPSS"", ""warnings"": [""The test statistic is outside of the range of p-values available in the\nlook-up table. The actual p-value is smaller than the p-value returned.\n""]}"
vwap_60,stationarity,kpss_c_auto_pvalue,0.01,OK_WITH_WARNING,P_VALUE_AT_TABLE_BOUND,"{""limitation"": ""p-value interpolated from a table bounded to [0.01, 0.10]"", ""n"": 12776, ""nlags"": ""auto (Hobijn)"", ""null"": ""level stationarity"", ""regression"": ""c"", ""test"": ""KPSS"", ""warnings"": [""The test statistic is outside of the range of p-values available in the\nlook-up table. The actual p-value is smaller than the p-value returned.\n""]}"
vwap_60,stationarity,kpss_c_auto_lags,70,OK_WITH_WARNING,,"{""limitation"": ""p-value interpolated from a table bounded to [0.01, 0.10]"", ""n"": 12776, ""nlags"": ""auto (Hobijn)"", ""null"": ""level stationarity"", ""regression"": ""c"", ""test"": ""KPSS"", ""warnings"": [""The test statistic is outside of the range of p-values available in the\nlook-up table. The actual p-value is smaller than the p-value returned.\n""]}"
vwap_60,stationarity,kpss_ct_auto_statistic,1.5237075247867689,OK_WITH_WARNING,,"{""limitation"": ""p-value interpolated from a table bounded to [0.01, 0.10]"", ""n"": 12776, ""nlags"": ""auto (Hobijn)"", ""null"": ""trend stationarity"", ""regression"": ""ct"", ""test"": ""KPSS"", ""warnings"": [""The test statistic is outside of the range of p-values available in the\nlook-up table. The actual p-value is smaller than the p-value returned.\n""]}"
vwap_60,stationarity,kpss_ct_auto_pvalue,0.01,OK_WITH_WARNING,P_VALUE_AT_TABLE_BOUND,"{""limitation"": ""p-value interpolated from a table bounded to [0.01, 0.10]"", ""n"": 12776, ""nlags"": ""auto (Hobijn)"", ""null"": ""trend stationarity"", ""regression"": ""ct"", ""test"": ""KPSS"", ""warnings"": [""The test statistic is outside of the range of p-values available in the\nlook-up table. The actual p-value is smaller than the p-value returned.\n""]}"
vwap_60,stationarity,kpss_ct_auto_lags,70,OK_WITH_WARNING,,"{""limitation"": ""p-value interpolated from a table bounded to [0.01, 0.10]"", ""n"": 12776, ""nlags"": ""auto (Hobijn)"", ""null"": ""trend stationarity"", ""regression"": ""ct"", ""test"": ""KPSS"", ""warnings"": [""The test statistic is outside of the range of p-values available in the\nlook-up table. The actual p-value is smaller than the p-value returned.\n""]}"
vwap_60,stationarity,adf_kpss_joint_reading,ADF_DOES_NOT_REJECT_KPSS_REJECTS_LEVEL,OK,,"{""alpha"": 0.05, ""note"": ""descriptive, unadjusted for multiple testing; not an eligibility rule""}"
vwap_60,seasonality,acf_at_daily_6,0.9994840248096101,OK,,"{""declared_period_rows"": 6}"
vwap_60,seasonality,seasonal_diff_var_ratio_daily_6,0.0004092685942853363,OK,,"{""formula"": ""var(x_t - x_{t-s}) / var(x_t); 2 for white noise, <1 when season repeats""}"
vwap_60,seasonality,acf_at_weekly_42,0.9907224473717899,OK,,"{""declared_period_rows"": 42}"
vwap_60,seasonality,seasonal_diff_var_ratio_weekly_42,0.014493318245808842,OK,,"{""formula"": ""var(x_t - x_{t-s}) / var(x_t); 2 for white noise, <1 when season repeats""}"
vwap_60,seasonality,stl_seasonal_strength_primary,0.2285304109690599,OK,,"{""formula"": ""max(0, 1 - var(R)/var(S+R)) and max(0, 1 - var(R)/var(T+R)) (Wang, Smith, Hyndman 2006)"", ""method"": ""statsmodels STL"", ""note"": ""optional diagnostic transform; not a model input"", ""period"": 6, ""robust"": false}"
vwap_60,seasonality,stl_trend_strength_primary,0.9999979094165855,OK,,"{""formula"": ""max(0, 1 - var(R)/var(S+R)) and max(0, 1 - var(R)/var(T+R)) (Wang, Smith, Hyndman 2006)"", ""method"": ""statsmodels STL"", ""note"": ""optional diagnostic transform; not a model input"", ""period"": 6, ""robust"": false}"
mfi_14,missingness,rows,12835,OK,,
mfi_14,missingness,missing_count,13,OK,,"{""also"": ""NaN literals parsed by float()"", ""empty_or_token_cells"": 13, ""tokens"": ["""", ""n/a"", ""na"", ""nan"", ""none"", ""null""]}"
mfi_14,missingness,missing_fraction,0.0010128554733151538,OK,,
mfi_14,missingness,nonnumeric_count,0,OK,,
mfi_14,missingness,nonfinite_count,13,OK,,
mfi_14,missingness,longest_finite_run,12822,OK,,
mfi_14,missingness,constant_flag,False,OK,,
mfi_14,missingness,unique_count,12817,OK,,
mfi_14,distribution,mean,50.87775885877399,OK,,
mfi_14,distribution,std,16.956398512613156,OK,,
mfi_14,distribution,min,2.3059864,OK,,
mfi_14,distribution,max,97.110695,OK,,
mfi_14,distribution,median,50.809229,OK,,
mfi_14,distribution,iqr,24.40975675,OK,,
mfi_14,distribution,mad,12.160517499999997,OK,,
mfi_14,distribution,skewness,-0.01830520622413328,OK,,"{""bias"": false}"
mfi_14,distribution,excess_kurtosis,-0.5199406880663053,OK,,"{""bias"": false}"
mfi_14,distribution,upper_tail_ratio,3.154272853568195,OK,,"{""formula"": ""(q0.995-q0.5)/(q0.75-q0.5); Gaussian ~3.82""}"
mfi_14,distribution,lower_tail_ratio,3.3216351758672853,OK,,"{""formula"": ""(q0.5-q0.005)/(q0.5-q0.25); Gaussian ~3.82""}"
mfi_14,distribution,robust_z_outlier_fraction_gt5,0.0,OK,,"{""scale"": ""1.4826*MAD""}"
mfi_14,distribution,zero_fraction,0.0,OK,,
mfi_14,distribution,quantile_0.005,10.9131295225,OK,,"{""method"": ""numpy linear""}"
mfi_14,distribution,quantile_0.01,14.47919624,OK,,"{""method"": ""numpy linear""}"
mfi_14,distribution,quantile_0.05,22.758802550000002,OK,,"{""method"": ""numpy linear""}"
mfi_14,distribution,quantile_0.25,38.79824725,OK,,"{""method"": ""numpy linear""}"
mfi_14,distribution,quantile_0.5,50.809229,OK,,"{""method"": ""numpy linear""}"
mfi_14,distribution,quantile_0.75,63.208004,OK,,"{""method"": ""numpy linear""}"
mfi_14,distribution,quantile_0.95,78.7827115,OK,,"{""method"": ""numpy linear""}"
mfi_14,distribution,quantile_0.99,87.23985705999992,OK,,"{""method"": ""numpy linear""}"
mfi_14,distribution,quantile_0.995,89.9183484,OK,,"{""method"": ""numpy linear""}"
mfi_14,volatility,diff_std,5.655557521998867,OK,,"{""rule"": ""longest contiguous finite run; no imputation"", ""segment_rows"": [13, 12835]}"
mfi_14,volatility,diff_abs_mean,4.469388173169019,OK,,"{""rule"": ""longest contiguous finite run; no imputation"", ""segment_rows"": [13, 12835]}"
mfi_14,volatility,diff_std_over_std,0.33353530337187665,OK,,"{""rule"": ""longest contiguous finite run; no imputation"", ""segment_rows"": [13, 12835]}"
mfi_14,volatility,rolling_std_cv,0.46118888865787516,OK,,"{""rule"": ""non-overlapping primary-period blocks; std of block std / mean"", ""window_rows"": 6}"
mfi_14,trend,slope_per_row,-0.00017488791193144156,OK,,"{""rule"": ""longest contiguous finite run; no imputation"", ""segment_rows"": [13, 12835]}"
mfi_14,trend,slope_per_day,,UNSUPPORTED,NO_VERIFIED_REGULAR_STEP,
mfi_14,trend,linear_r2,0.001457526716267199,OK,,
mfi_14,acf,acf_lag_1,0.9443614893973424,OK,,"{""estimator"": ""biased, mean-centered""}"
mfi_14,acf,acf_lag_2,0.8683177518949305,OK,,"{""estimator"": ""biased, mean-centered""}"
mfi_14,acf,acf_lag_3,0.7948795366877871,OK,,"{""estimator"": ""biased, mean-centered""}"
mfi_14,acf,acf_lag_6,0.5734502209360308,OK,,"{""estimator"": ""biased, mean-centered""}"
mfi_14,acf,acf_lag_12,0.1712780741062237,OK,,"{""estimator"": ""biased, mean-centered""}"
mfi_14,acf,acf_lag_42,0.0033224940524111245,OK,,"{""estimator"": ""biased, mean-centered""}"
mfi_14,acf,decorrelation_lag_1_over_e,10,OK,,
mfi_14,spectral,peak1_period_rows,6411.0,OK,,"{""method"": ""periodogram, linear detrend, rank by power""}"
mfi_14,spectral,peak1_power_fraction,0.009188366233003993,OK,,
mfi_14,spectral,peak2_period_rows,81.6687898089172,OK,,"{""method"": ""periodogram, linear detrend, rank by power""}"
mfi_14,spectral,peak2_power_fraction,0.009039622450128317,OK,,
mfi_14,spectral,peak3_period_rows,55.74782608695652,OK,,"{""method"": ""periodogram, linear detrend, rank by power""}"
mfi_14,spectral,peak3_power_fraction,0.007878987585987603,OK,,
mfi_14,spectral,peak1_period_hours,,UNSUPPORTED,NO_VERIFIED_REGULAR_STEP,
mfi_14,spectral,entropy_normalized,0.7368893259667609,OK,,
mfi_14,spectral,low_frequency_power_fraction,0.9682953571779128,OK,,"{""basis"": ""primary period"", ""cutoff_cycles_per_row"": 0.16666666666666666}"
mfi_14,spectral,centroid_cycles_per_row,0.03187210806271133,OK,,
mfi_14,stationarity,adf_c_aic_statistic,-16.72616693922074,OK,,"{""autolag"": ""AIC"", ""lag_selection"": ""AIC over lags 0..maxlag on the common trimmed sample, as statsmodels _autolag does, without retaining every fitted model; final fit adfuller(maxlag=best, autolag=None)"", ""limitation"": ""MacKinnon approximate p-value; low power near unity; lag choice by AIC"", ""maxlag"": 41, ""n"": 12822, ""null"": ""unit root"", ""regression"": ""c"", ""test"": ""ADF""}"
mfi_14,stationarity,adf_c_aic_pvalue,1.3953763375790735e-29,OK,,"{""autolag"": ""AIC"", ""lag_selection"": ""AIC over lags 0..maxlag on the common trimmed sample, as statsmodels _autolag does, without retaining every fitted model; final fit adfuller(maxlag=best, autolag=None)"", ""limitation"": ""MacKinnon approximate p-value; low power near unity; lag choice by AIC"", ""maxlag"": 41, ""n"": 12822, ""null"": ""unit root"", ""regression"": ""c"", ""test"": ""ADF""}"
mfi_14,stationarity,adf_c_aic_lags,40,OK,,"{""autolag"": ""AIC"", ""lag_selection"": ""AIC over lags 0..maxlag on the common trimmed sample, as statsmodels _autolag does, without retaining every fitted model; final fit adfuller(maxlag=best, autolag=None)"", ""limitation"": ""MacKinnon approximate p-value; low power near unity; lag choice by AIC"", ""maxlag"": 41, ""n"": 12822, ""null"": ""unit root"", ""regression"": ""c"", ""test"": ""ADF""}"
mfi_14,stationarity,kpss_c_auto_statistic,0.2645563451732276,OK_WITH_WARNING,,"{""limitation"": ""p-value interpolated from a table bounded to [0.01, 0.10]"", ""n"": 12822, ""nlags"": ""auto (Hobijn)"", ""null"": ""level stationarity"", ""regression"": ""c"", ""test"": ""KPSS"", ""warnings"": [""The test statistic is outside of the range of p-values available in the\nlook-up table. The actual p-value is greater than the p-value returned.\n""]}"
mfi_14,stationarity,kpss_c_auto_pvalue,0.1,OK_WITH_WARNING,P_VALUE_AT_TABLE_BOUND,"{""limitation"": ""p-value interpolated from a table bounded to [0.01, 0.10]"", ""n"": 12822, ""nlags"": ""auto (Hobijn)"", ""null"": ""level stationarity"", ""regression"": ""c"", ""test"": ""KPSS"", ""warnings"": [""The test statistic is outside of the range of p-values available in the\nlook-up table. The actual p-value is greater than the p-value returned.\n""]}"
mfi_14,stationarity,kpss_c_auto_lags,63,OK_WITH_WARNING,,"{""limitation"": ""p-value interpolated from a table bounded to [0.01, 0.10]"", ""n"": 12822, ""nlags"": ""auto (Hobijn)"", ""null"": ""level stationarity"", ""regression"": ""c"", ""test"": ""KPSS"", ""warnings"": [""The test statistic is outside of the range of p-values available in the\nlook-up table. The actual p-value is greater than the p-value returned.\n""]}"
mfi_14,stationarity,kpss_ct_auto_statistic,0.13243054521894135,OK,,"{""limitation"": ""p-value interpolated from a table bounded to [0.01, 0.10]"", ""n"": 12822, ""nlags"": ""auto (Hobijn)"", ""null"": ""trend stationarity"", ""regression"": ""ct"", ""test"": ""KPSS""}"
mfi_14,stationarity,kpss_ct_auto_pvalue,0.07512861996492343,OK,,"{""limitation"": ""p-value interpolated from a table bounded to [0.01, 0.10]"", ""n"": 12822, ""nlags"": ""auto (Hobijn)"", ""null"": ""trend stationarity"", ""regression"": ""ct"", ""test"": ""KPSS""}"
mfi_14,stationarity,kpss_ct_auto_lags,63,OK,,"{""limitation"": ""p-value interpolated from a table bounded to [0.01, 0.10]"", ""n"": 12822, ""nlags"": ""auto (Hobijn)"", ""null"": ""trend stationarity"", ""regression"": ""ct"", ""test"": ""KPSS""}"
mfi_14,stationarity,adf_kpss_joint_reading,ADF_REJECTS_UNIT_ROOT_KPSS_DOES_NOT_REJECT_LEVEL,OK,,"{""alpha"": 0.05, ""note"": ""descriptive, unadjusted for multiple testing; not an eligibility rule""}"
mfi_14,seasonality,acf_at_daily_6,0.5734502209360306,OK,,"{""declared_period_rows"": 6}"
mfi_14,seasonality,seasonal_diff_var_ratio_daily_6,0.853232962482006,OK,,"{""formula"": ""var(x_t - x_{t-s}) / var(x_t); 2 for white noise, <1 when season repeats""}"
mfi_14,seasonality,acf_at_weekly_42,0.003322494052411123,OK,,"{""declared_period_rows"": 42}"
mfi_14,seasonality,seasonal_diff_var_ratio_weekly_42,1.992955528214986,OK,,"{""formula"": ""var(x_t - x_{t-s}) / var(x_t); 2 for white noise, <1 when season repeats""}"
mfi_14,seasonality,stl_seasonal_strength_primary,0.22422769993693004,OK,,"{""formula"": ""max(0, 1 - var(R)/var(S+R)) and max(0, 1 - var(R)/var(T+R)) (Wang, Smith, Hyndman 2006)"", ""method"": ""statsmodels STL"", ""note"": ""optional diagnostic transform; not a model input"", ""period"": 6, ""robust"": false}"
mfi_14,seasonality,stl_trend_strength_primary,0.9440986302067284,OK,,"{""formula"": ""max(0, 1 - var(R)/var(S+R)) and max(0, 1 - var(R)/var(T+R)) (Wang, Smith, Hyndman 2006)"", ""method"": ""statsmodels STL"", ""note"": ""optional diagnostic transform; not a model input"", ""period"": 6, ""robust"": false}"
statistical__log_return_1,missingness,rows,12835,OK,,
statistical__log_return_1,missingness,missing_count,1,OK,,"{""also"": ""NaN literals parsed by float()"", ""empty_or_token_cells"": 1, ""tokens"": ["""", ""n/a"", ""na"", ""nan"", ""none"", ""null""]}"
statistical__log_return_1,missingness,missing_fraction,7.791195948578106e-05,OK,,
statistical__log_return_1,missingness,nonnumeric_count,0,OK,,
statistical__log_return_1,missingness,nonfinite_count,1,OK,,
statistical__log_return_1,missingness,longest_finite_run,12834,OK,,
statistical__log_return_1,missingness,constant_flag,False,OK,,
statistical__log_return_1,missingness,unique_count,12831,OK,,
statistical__log_return_1,distribution,mean,0.00015066237399075894,OK,,
statistical__log_return_1,distribution,std,0.01663181490105813,OK,,
statistical__log_return_1,distribution,min,-0.22936583,OK,,
statistical__log_return_1,distribution,max,0.2716237,OK,,
statistical__log_return_1,distribution,median,0.00023530097499999998,OK,,
statistical__log_return_1,distribution,iqr,0.011400824274999999,OK,,
statistical__log_return_1,distribution,mad,0.005695944,OK,,
statistical__log_return_1,distribution,skewness,-0.19636999126176446,OK,,"{""bias"": false}"
statistical__log_return_1,distribution,excess_kurtosis,18.12325402619198,OK,,"{""bias"": false}"
statistical__log_return_1,distribution,upper_tail_ratio,10.174629674358528,OK,,"{""formula"": ""(q0.995-q0.5)/(q0.75-q0.5); Gaussian ~3.82""}"
statistical__log_return_1,distribution,lower_tail_ratio,11.617372678903747,OK,,"{""formula"": ""(q0.5-q0.005)/(q0.5-q0.25); Gaussian ~3.82""}"
statistical__log_return_1,distribution,robust_z_outlier_fraction_gt5,0.031323048153342685,OK,,"{""scale"": ""1.4826*MAD""}"
statistical__log_return_1,distribution,zero_fraction,0.0003116721209287829,OK,,
statistical__log_return_1,distribution,quantile_0.005,-0.06542966291,OK,,"{""method"": ""numpy linear""}"
statistical__log_return_1,distribution,quantile_0.01,-0.04997333883999999,OK,,"{""method"": ""numpy linear""}"
statistical__log_return_1,distribution,quantile_0.05,-0.0247526024,OK,,"{""method"": ""numpy linear""}"
statistical__log_return_1,distribution,quantile_0.25,-0.005417006625,OK,,"{""method"": ""numpy linear""}"
statistical__log_return_1,distribution,quantile_0.5,0.00023530097499999998,OK,,"{""method"": ""numpy linear""}"
statistical__log_return_1,distribution,quantile_0.75,0.00598381765,OK,,"{""method"": ""numpy linear""}"
statistical__log_return_1,distribution,quantile_0.95,0.024396366049999993,OK,,"{""method"": ""numpy linear""}"
statistical__log_return_1,distribution,quantile_0.99,0.047159246070000015,OK,,"{""method"": ""numpy linear""}"
statistical__log_return_1,distribution,quantile_0.995,0.05872432931999981,OK,,"{""method"": ""numpy linear""}"
statistical__log_return_1,volatility,diff_std,0.024109714010977078,OK,,"{""rule"": ""longest contiguous finite run; no imputation"", ""segment_rows"": [1, 12835]}"
statistical__log_return_1,volatility,diff_abs_mean,0.015483646493405313,OK,,"{""rule"": ""longest contiguous finite run; no imputation"", ""segment_rows"": [1, 12835]}"
statistical__log_return_1,volatility,diff_std_over_std,1.4496141373869667,OK,,"{""rule"": ""longest contiguous finite run; no imputation"", ""segment_rows"": [1, 12835]}"
statistical__log_return_1,volatility,rolling_std_cv,0.78697819475724,OK,,"{""rule"": ""non-overlapping primary-period blocks; std of block std / mean"", ""window_rows"": 6}"
statistical__log_return_1,trend,slope_per_row,-1.676201608871464e-08,OK,,"{""rule"": ""longest contiguous finite run; no imputation"", ""segment_rows"": [1, 12835]}"
statistical__log_return_1,trend,slope_per_day,,UNSUPPORTED,NO_VERIFIED_REGULAR_STEP,
statistical__log_return_1,trend,linear_r2,1.3942796292187865e-05,OK,,
statistical__log_return_1,acf,acf_lag_1,-0.050651784681955025,OK,,"{""estimator"": ""biased, mean-centered""}"
statistical__log_return_1,acf,acf_lag_2,-0.0016694748722069343,OK,,"{""estimator"": ""biased, mean-centered""}"
statistical__log_return_1,acf,acf_lag_3,0.04235043268674822,OK,,"{""estimator"": ""biased, mean-centered""}"
statistical__log_return_1,acf,acf_lag_6,-0.07766728901144049,OK,,"{""estimator"": ""biased, mean-centered""}"
statistical__log_return_1,acf,acf_lag_12,0.001418504449240841,OK,,"{""estimator"": ""biased, mean-centered""}"
statistical__log_return_1,acf,acf_lag_42,-0.016466101122920462,OK,,"{""estimator"": ""biased, mean-centered""}"
statistical__log_return_1,acf,decorrelation_lag_1_over_e,1,OK,,
statistical__log_return_1,spectral,peak1_period_rows,2.6621032980709396,OK,,"{""method"": ""periodogram, linear detrend, rank by power""}"
statistical__log_return_1,spectral,peak1_power_fraction,0.001502406704871274,OK,,
statistical__log_return_1,spectral,peak2_period_rows,14.836994219653178,OK,,"{""method"": ""periodogram, linear detrend, rank by power""}"
statistical__log_return_1,spectral,peak2_power_fraction,0.0012692042996089272,OK,,
statistical__log_return_1,spectral,peak3_period_rows,13.095918367346938,OK,,"{""method"": ""periodogram, linear detrend, rank by power""}"
statistical__log_return_1,spectral,peak3_power_fraction,0.0012547463590979033,OK,,
statistical__log_return_1,spectral,peak1_period_hours,,UNSUPPORTED,NO_VERIFIED_REGULAR_STEP,
statistical__log_return_1,spectral,entropy_normalized,0.950284462081141,OK,,
statistical__log_return_1,spectral,low_frequency_power_fraction,0.29052024696089224,OK,,"{""basis"": ""primary period"", ""cutoff_cycles_per_row"": 0.16666666666666666}"
statistical__log_return_1,spectral,centroid_cycles_per_row,0.2593591977426735,OK,,
statistical__log_return_1,stationarity,adf_c_aic_statistic,-18.301009429595826,OK,,"{""autolag"": ""AIC"", ""lag_selection"": ""AIC over lags 0..maxlag on the common trimmed sample, as statsmodels _autolag does, without retaining every fitted model; final fit adfuller(maxlag=best, autolag=None)"", ""limitation"": ""MacKinnon approximate p-value; low power near unity; lag choice by AIC"", ""maxlag"": 41, ""n"": 12834, ""null"": ""unit root"", ""regression"": ""c"", ""test"": ""ADF""}"
statistical__log_return_1,stationarity,adf_c_aic_pvalue,2.2865967488882357e-30,OK,,"{""autolag"": ""AIC"", ""lag_selection"": ""AIC over lags 0..maxlag on the common trimmed sample, as statsmodels _autolag does, without retaining every fitted model; final fit adfuller(maxlag=best, autolag=None)"", ""limitation"": ""MacKinnon approximate p-value; low power near unity; lag choice by AIC"", ""maxlag"": 41, ""n"": 12834, ""null"": ""unit root"", ""regression"": ""c"", ""test"": ""ADF""}"
statistical__log_return_1,stationarity,adf_c_aic_lags,34,OK,,"{""autolag"": ""AIC"", ""lag_selection"": ""AIC over lags 0..maxlag on the common trimmed sample, as statsmodels _autolag does, without retaining every fitted model; final fit adfuller(maxlag=best, autolag=None)"", ""limitation"": ""MacKinnon approximate p-value; low power near unity; lag choice by AIC"", ""maxlag"": 41, ""n"": 12834, ""null"": ""unit root"", ""regression"": ""c"", ""test"": ""ADF""}"
statistical__log_return_1,stationarity,kpss_c_auto_statistic,0.10201457881366,OK_WITH_WARNING,,"{""limitation"": ""p-value interpolated from a table bounded to [0.01, 0.10]"", ""n"": 12834, ""nlags"": ""auto (Hobijn)"", ""null"": ""level stationarity"", ""regression"": ""c"", ""test"": ""KPSS"", ""warnings"": [""The test statistic is outside of the range of p-values available in the\nlook-up table. The actual p-value is greater than the p-value returned.\n""]}"
statistical__log_return_1,stationarity,kpss_c_auto_pvalue,0.1,OK_WITH_WARNING,P_VALUE_AT_TABLE_BOUND,"{""limitation"": ""p-value interpolated from a table bounded to [0.01, 0.10]"", ""n"": 12834, ""nlags"": ""auto (Hobijn)"", ""null"": ""level stationarity"", ""regression"": ""c"", ""test"": ""KPSS"", ""warnings"": [""The test statistic is outside of the range of p-values available in the\nlook-up table. The actual p-value is greater than the p-value returned.\n""]}"
statistical__log_return_1,stationarity,kpss_c_auto_lags,23,OK_WITH_WARNING,,"{""limitation"": ""p-value interpolated from a table bounded to [0.01, 0.10]"", ""n"": 12834, ""nlags"": ""auto (Hobijn)"", ""null"": ""level stationarity"", ""regression"": ""c"", ""test"": ""KPSS"", ""warnings"": [""The test statistic is outside of the range of p-values available in the\nlook-up table. The actual p-value is greater than the p-value returned.\n""]}"
statistical__log_return_1,stationarity,kpss_ct_auto_statistic,0.08574531803967003,OK_WITH_WARNING,,"{""limitation"": ""p-value interpolated from a table bounded to [0.01, 0.10]"", ""n"": 12834, ""nlags"": ""auto (Hobijn)"", ""null"": ""trend stationarity"", ""regression"": ""ct"", ""test"": ""KPSS"", ""warnings"": [""The test statistic is outside of the range of p-values available in the\nlook-up table. The actual p-value is greater than the p-value returned.\n""]}"
statistical__log_return_1,stationarity,kpss_ct_auto_pvalue,0.1,OK_WITH_WARNING,P_VALUE_AT_TABLE_BOUND,"{""limitation"": ""p-value interpolated from a table bounded to [0.01, 0.10]"", ""n"": 12834, ""nlags"": ""auto (Hobijn)"", ""null"": ""trend stationarity"", ""regression"": ""ct"", ""test"": ""KPSS"", ""warnings"": [""The test statistic is outside of the range of p-values available in the\nlook-up table. The actual p-value is greater than the p-value returned.\n""]}"
statistical__log_return_1,stationarity,kpss_ct_auto_lags,23,OK_WITH_WARNING,,"{""limitation"": ""p-value interpolated from a table bounded to [0.01, 0.10]"", ""n"": 12834, ""nlags"": ""auto (Hobijn)"", ""null"": ""trend stationarity"", ""regression"": ""ct"", ""test"": ""KPSS"", ""warnings"": [""The test statistic is outside of the range of p-values available in the\nlook-up table. The actual p-value is greater than the p-value returned.\n""]}"
statistical__log_return_1,stationarity,adf_kpss_joint_reading,ADF_REJECTS_UNIT_ROOT_KPSS_DOES_NOT_REJECT_LEVEL,OK,,"{""alpha"": 0.05, ""note"": ""descriptive, unadjusted for multiple testing; not an eligibility rule""}"
statistical__log_return_1,seasonality,acf_at_daily_6,-0.07766728901144046,OK,,"{""declared_period_rows"": 6}"
statistical__log_return_1,seasonality,seasonal_diff_var_ratio_daily_6,2.1560560591171187,OK,,"{""formula"": ""var(x_t - x_{t-s}) / var(x_t); 2 for white noise, <1 when season repeats""}"
statistical__log_return_1,seasonality,acf_at_weekly_42,-0.016466101122920476,OK,,"{""declared_period_rows"": 42}"
statistical__log_return_1,seasonality,seasonal_diff_var_ratio_weekly_42,2.035740709741242,OK,,"{""formula"": ""var(x_t - x_{t-s}) / var(x_t); 2 for white noise, <1 when season repeats""}"
statistical__log_return_1,seasonality,stl_seasonal_strength_primary,0.2944990181446595,OK,,"{""formula"": ""max(0, 1 - var(R)/var(S+R)) and max(0, 1 - var(R)/var(T+R)) (Wang, Smith, Hyndman 2006)"", ""method"": ""statsmodels STL"", ""note"": ""optional diagnostic transform; not a model input"", ""period"": 6, ""robust"": false}"
statistical__log_return_1,seasonality,stl_trend_strength_primary,0.23794626274335573,OK,,"{""formula"": ""max(0, 1 - var(R)/var(S+R)) and max(0, 1 - var(R)/var(T+R)) (Wang, Smith, Hyndman 2006)"", ""method"": ""statsmodels STL"", ""note"": ""optional diagnostic transform; not a model input"", ""period"": 6, ""robust"": false}"
roll_mean_ret_20,missingness,rows,12835,OK,,
roll_mean_ret_20,missingness,missing_count,20,OK,,"{""also"": ""NaN literals parsed by float()"", ""empty_or_token_cells"": 20, ""tokens"": ["""", ""n/a"", ""na"", ""nan"", ""none"", ""null""]}"
roll_mean_ret_20,missingness,missing_fraction,0.0015582391897156214,OK,,
roll_mean_ret_20,missingness,nonnumeric_count,0,OK,,
roll_mean_ret_20,missingness,nonfinite_count,20,OK,,
roll_mean_ret_20,missingness,longest_finite_run,12815,OK,,
roll_mean_ret_20,missingness,constant_flag,False,OK,,
roll_mean_ret_20,missingness,unique_count,12814,OK,,
roll_mean_ret_20,distribution,mean,0.0001546195015831112,OK,,
roll_mean_ret_20,distribution,std,0.003628284434329826,OK,,
roll_mean_ret_20,distribution,min,-0.024052588,OK,,
roll_mean_ret_20,distribution,max,0.019291949,OK,,
roll_mean_ret_20,distribution,median,0.00016444009,OK,,
roll_mean_ret_20,distribution,iqr,0.0036015161000000004,OK,,
roll_mean_ret_20,distribution,mad,0.00180364359,OK,,
roll_mean_ret_20,distribution,skewness,-0.3503190168796052,OK,,"{""bias"": false}"
roll_mean_ret_20,distribution,excess_kurtosis,2.8581091404574224,OK,,"{""bias"": false}"
roll_mean_ret_20,distribution,upper_tail_ratio,5.4361963710404195,OK,,"{""formula"": ""(q0.995-q0.5)/(q0.75-q0.5); Gaussian ~3.82""}"
roll_mean_ret_20,distribution,lower_tail_ratio,7.308765577134505,OK,,"{""formula"": ""(q0.5-q0.005)/(q0.5-q0.25); Gaussian ~3.82""}"
roll_mean_ret_20,distribution,robust_z_outlier_fraction_gt5,0.004916113928989466,OK,,"{""scale"": ""1.4826*MAD""}"
roll_mean_ret_20,distribution,zero_fraction,0.0,OK,,
roll_mean_ret_20,distribution,quantile_0.005,-0.012463077109999998,OK,,"{""method"": ""numpy linear""}"
roll_mean_ret_20,distribution,quantile_0.01,-0.009987241119999999,OK,,"{""method"": ""numpy linear""}"
roll_mean_ret_20,distribution,quantile_0.05,-0.00596301582,OK,,"{""method"": ""numpy linear""}"
roll_mean_ret_20,distribution,quantile_0.25,-0.0015632822,OK,,"{""method"": ""numpy linear""}"
roll_mean_ret_20,distribution,quantile_0.5,0.00016444009,OK,,"{""method"": ""numpy linear""}"
roll_mean_ret_20,distribution,quantile_0.75,0.0020382339000000003,OK,,"{""method"": ""numpy linear""}"
roll_mean_ret_20,distribution,quantile_0.95,0.00609393478,OK,,"{""method"": ""numpy linear""}"
roll_mean_ret_20,distribution,quantile_0.99,0.009283476470000003,OK,,"{""method"": ""numpy linear""}"
roll_mean_ret_20,distribution,quantile_0.995,0.010350751200000004,OK,,"{""method"": ""numpy linear""}"
roll_mean_ret_20,volatility,diff_std,0.0011691330957286333,OK,,"{""rule"": ""longest contiguous finite run; no imputation"", ""segment_rows"": [20, 12835]}"
roll_mean_ret_20,volatility,diff_abs_mean,0.0007605685892812142,OK,,"{""rule"": ""longest contiguous finite run; no imputation"", ""segment_rows"": [20, 12835]}"
roll_mean_ret_20,volatility,diff_std_over_std,0.3222275201653483,OK,,"{""rule"": ""longest contiguous finite run; no imputation"", ""segment_rows"": [20, 12835]}"
roll_mean_ret_20,volatility,rolling_std_cv,0.7742490683273973,OK,,"{""rule"": ""non-overlapping primary-period blocks; std of block std / mean"", ""window_rows"": 6}"
roll_mean_ret_20,trend,slope_per_row,-1.783883703058796e-08,OK,,"{""rule"": ""longest contiguous finite run; no imputation"", ""segment_rows"": [20, 12835]}"
roll_mean_ret_20,trend,slope_per_day,,UNSUPPORTED,NO_VERIFIED_REGULAR_STEP,
roll_mean_ret_20,trend,linear_r2,0.0003308417335950997,OK,,
roll_mean_ret_20,acf,acf_lag_1,0.9480624443871613,OK,,"{""estimator"": ""biased, mean-centered""}"
roll_mean_ret_20,acf,acf_lag_2,0.8999398502548627,OK,,"{""estimator"": ""biased, mean-centered""}"
roll_mean_ret_20,acf,acf_lag_3,0.8523102413337795,OK,,"{""estimator"": ""biased, mean-centered""}"
roll_mean_ret_20,acf,acf_lag_6,0.6887362215971605,OK,,"{""estimator"": ""biased, mean-centered""}"
roll_mean_ret_20,acf,acf_lag_12,0.4203432829141183,OK,,"{""estimator"": ""biased, mean-centered""}"
roll_mean_ret_20,acf,acf_lag_42,-0.0016943206287735142,OK,,"{""estimator"": ""biased, mean-centered""}"
roll_mean_ret_20,acf,decorrelation_lag_1_over_e,14,OK,,
roll_mean_ret_20,spectral,peak1_period_rows,237.3148148148148,OK,,"{""method"": ""periodogram, linear detrend, rank by power""}"
roll_mean_ret_20,spectral,peak1_power_fraction,0.011561624705721385,OK,,
roll_mean_ret_20,spectral,peak2_period_rows,1830.7142857142858,OK,,"{""method"": ""periodogram, linear detrend, rank by power""}"
roll_mean_ret_20,spectral,peak2_power_fraction,0.009219972050678591,OK,,
roll_mean_ret_20,spectral,peak3_period_rows,4271.666666666666,OK,,"{""method"": ""periodogram, linear detrend, rank by power""}"
roll_mean_ret_20,spectral,peak3_power_fraction,0.008907243555284881,OK,,
roll_mean_ret_20,spectral,peak1_period_hours,,UNSUPPORTED,NO_VERIFIED_REGULAR_STEP,
roll_mean_ret_20,spectral,entropy_normalized,0.7063903370507287,OK,,
roll_mean_ret_20,spectral,low_frequency_power_fraction,0.9690360230610751,OK,,"{""basis"": ""primary period"", ""cutoff_cycles_per_row"": 0.16666666666666666}"
roll_mean_ret_20,spectral,centroid_cycles_per_row,0.026833637409876897,OK,,
roll_mean_ret_20,stationarity,adf_c_aic_statistic,-12.655502906410932,OK,,"{""autolag"": ""AIC"", ""lag_selection"": ""AIC over lags 0..maxlag on the common trimmed sample, as statsmodels _autolag does, without retaining every fitted model; final fit adfuller(maxlag=best, autolag=None)"", ""limitation"": ""MacKinnon approximate p-value; low power near unity; lag choice by AIC"", ""maxlag"": 41, ""n"": 12815, ""null"": ""unit root"", ""regression"": ""c"", ""test"": ""ADF""}"
roll_mean_ret_20,stationarity,adf_c_aic_pvalue,1.3395136195979876e-23,OK,,"{""autolag"": ""AIC"", ""lag_selection"": ""AIC over lags 0..maxlag on the common trimmed sample, as statsmodels _autolag does, without retaining every fitted model; final fit adfuller(maxlag=best, autolag=None)"", ""limitation"": ""MacKinnon approximate p-value; low power near unity; lag choice by AIC"", ""maxlag"": 41, ""n"": 12815, ""null"": ""unit root"", ""regression"": ""c"", ""test"": ""ADF""}"
roll_mean_ret_20,stationarity,adf_c_aic_lags,40,OK,,"{""autolag"": ""AIC"", ""lag_selection"": ""AIC over lags 0..maxlag on the common trimmed sample, as statsmodels _autolag does, without retaining every fitted model; final fit adfuller(maxlag=best, autolag=None)"", ""limitation"": ""MacKinnon approximate p-value; low power near unity; lag choice by AIC"", ""maxlag"": 41, ""n"": 12815, ""null"": ""unit root"", ""regression"": ""c"", ""test"": ""ADF""}"
roll_mean_ret_20,stationarity,kpss_c_auto_statistic,0.10750483469560854,OK_WITH_WARNING,,"{""limitation"": ""p-value interpolated from a table bounded to [0.01, 0.10]"", ""n"": 12815, ""nlags"": ""auto (Hobijn)"", ""null"": ""level stationarity"", ""regression"": ""c"", ""test"": ""KPSS"", ""warnings"": [""The test statistic is outside of the range of p-values available in the\nlook-up table. The actual p-value is greater than the p-value returned.\n""]}"
roll_mean_ret_20,stationarity,kpss_c_auto_pvalue,0.1,OK_WITH_WARNING,P_VALUE_AT_TABLE_BOUND,"{""limitation"": ""p-value interpolated from a table bounded to [0.01, 0.10]"", ""n"": 12815, ""nlags"": ""auto (Hobijn)"", ""null"": ""level stationarity"", ""regression"": ""c"", ""test"": ""KPSS"", ""warnings"": [""The test statistic is outside of the range of p-values available in the\nlook-up table. The actual p-value is greater than the p-value returned.\n""]}"
roll_mean_ret_20,stationarity,kpss_c_auto_lags,65,OK_WITH_WARNING,,"{""limitation"": ""p-value interpolated from a table bounded to [0.01, 0.10]"", ""n"": 12815, ""nlags"": ""auto (Hobijn)"", ""null"": ""level stationarity"", ""regression"": ""c"", ""test"": ""KPSS"", ""warnings"": [""The test statistic is outside of the range of p-values available in the\nlook-up table. The actual p-value is greater than the p-value returned.\n""]}"
roll_mean_ret_20,stationarity,kpss_ct_auto_statistic,0.08882412234775844,OK_WITH_WARNING,,"{""limitation"": ""p-value interpolated from a table bounded to [0.01, 0.10]"", ""n"": 12815, ""nlags"": ""auto (Hobijn)"", ""null"": ""trend stationarity"", ""regression"": ""ct"", ""test"": ""KPSS"", ""warnings"": [""The test statistic is outside of the range of p-values available in the\nlook-up table. The actual p-value is greater than the p-value returned.\n""]}"
roll_mean_ret_20,stationarity,kpss_ct_auto_pvalue,0.1,OK_WITH_WARNING,P_VALUE_AT_TABLE_BOUND,"{""limitation"": ""p-value interpolated from a table bounded to [0.01, 0.10]"", ""n"": 12815, ""nlags"": ""auto (Hobijn)"", ""null"": ""trend stationarity"", ""regression"": ""ct"", ""test"": ""KPSS"", ""warnings"": [""The test statistic is outside of the range of p-values available in the\nlook-up table. The actual p-value is greater than the p-value returned.\n""]}"
roll_mean_ret_20,stationarity,kpss_ct_auto_lags,65,OK_WITH_WARNING,,"{""limitation"": ""p-value interpolated from a table bounded to [0.01, 0.10]"", ""n"": 12815, ""nlags"": ""auto (Hobijn)"", ""null"": ""trend stationarity"", ""regression"": ""ct"", ""test"": ""KPSS"", ""warnings"": [""The test statistic is outside of the range of p-values available in the\nlook-up table. The actual p-value is greater than the p-value returned.\n""]}"
roll_mean_ret_20,stationarity,adf_kpss_joint_reading,ADF_REJECTS_UNIT_ROOT_KPSS_DOES_NOT_REJECT_LEVEL,OK,,"{""alpha"": 0.05, ""note"": ""descriptive, unadjusted for multiple testing; not an eligibility rule""}"
roll_mean_ret_20,seasonality,acf_at_daily_6,0.6887362215971605,OK,,"{""declared_period_rows"": 6}"
roll_mean_ret_20,seasonality,seasonal_diff_var_ratio_daily_6,0.6224432818158722,OK,,"{""formula"": ""var(x_t - x_{t-s}) / var(x_t); 2 for white noise, <1 when season repeats""}"
roll_mean_ret_20,seasonality,acf_at_weekly_42,-0.0016943206287735229,OK,,"{""declared_period_rows"": 42}"
roll_mean_ret_20,seasonality,seasonal_diff_var_ratio_weekly_42,2.0045285282298715,OK,,"{""formula"": ""var(x_t - x_{t-s}) / var(x_t); 2 for white noise, <1 when season repeats""}"
roll_mean_ret_20,seasonality,stl_seasonal_strength_primary,0.22489250731825317,OK,,"{""formula"": ""max(0, 1 - var(R)/var(S+R)) and max(0, 1 - var(R)/var(T+R)) (Wang, Smith, Hyndman 2006)"", ""method"": ""statsmodels STL"", ""note"": ""optional diagnostic transform; not a model input"", ""period"": 6, ""robust"": false}"
roll_mean_ret_20,seasonality,stl_trend_strength_primary,0.9554744466930625,OK,,"{""formula"": ""max(0, 1 - var(R)/var(S+R)) and max(0, 1 - var(R)/var(T+R)) (Wang, Smith, Hyndman 2006)"", ""method"": ""statsmodels STL"", ""note"": ""optional diagnostic transform; not a model input"", ""period"": 6, ""robust"": false}"
roll_std_ret_20,missingness,rows,12835,OK,,
roll_std_ret_20,missingness,missing_count,20,OK,,"{""also"": ""NaN literals parsed by float()"", ""empty_or_token_cells"": 20, ""tokens"": ["""", ""n/a"", ""na"", ""nan"", ""none"", ""null""]}"
roll_std_ret_20,missingness,missing_fraction,0.0015582391897156214,OK,,
roll_std_ret_20,missingness,nonnumeric_count,0,OK,,
roll_std_ret_20,missingness,nonfinite_count,20,OK,,
roll_std_ret_20,missingness,longest_finite_run,12815,OK,,
roll_std_ret_20,missingness,constant_flag,False,OK,,
roll_std_ret_20,missingness,unique_count,12809,OK,,
roll_std_ret_20,distribution,mean,0.014090285232844323,OK,,
roll_std_ret_20,distribution,std,0.008888050969411794,OK,,
roll_std_ret_20,distribution,min,0.0016345683,OK,,
roll_std_ret_20,distribution,max,0.07709478,OK,,
roll_std_ret_20,distribution,median,0.012199957,OK,,
roll_std_ret_20,distribution,iqr,0.008849000000000003,OK,,
roll_std_ret_20,distribution,mad,0.004255770000000001,OK,,
roll_std_ret_20,distribution,skewness,2.2906776681408436,OK,,"{""bias"": false}"
roll_std_ret_20,distribution,excess_kurtosis,8.804818190939427,OK,,"{""bias"": false}"
roll_std_ret_20,distribution,upper_tail_ratio,9.13336650506099,OK,,"{""formula"": ""(q0.995-q0.5)/(q0.75-q0.5); Gaussian ~3.82""}"
roll_std_ret_20,distribution,lower_tail_ratio,2.4757106162620777,OK,,"{""formula"": ""(q0.5-q0.005)/(q0.5-q0.25); Gaussian ~3.82""}"
roll_std_ret_20,distribution,robust_z_outlier_fraction_gt5,0.012641435817401483,OK,,"{""scale"": ""1.4826*MAD""}"
roll_std_ret_20,distribution,zero_fraction,0.0,OK,,
roll_std_ret_20,distribution,quantile_0.005,0.002652638958,OK,,"{""method"": ""numpy linear""}"
roll_std_ret_20,distribution,quantile_0.01,0.002962718756,OK,,"{""method"": ""numpy linear""}"
roll_std_ret_20,distribution,quantile_0.05,0.0046748594,OK,,"{""method"": ""numpy linear""}"
roll_std_ret_20,distribution,quantile_0.25,0.008343561999999999,OK,,"{""method"": ""numpy linear""}"
roll_std_ret_20,distribution,quantile_0.5,0.012199957,OK,,"{""method"": ""numpy linear""}"
roll_std_ret_20,distribution,quantile_0.75,0.017192562,OK,,"{""method"": ""numpy linear""}"
roll_std_ret_20,distribution,quantile_0.95,0.0301822538,OK,,"{""method"": ""numpy linear""}"
roll_std_ret_20,distribution,quantile_0.99,0.048886650800000216,OK,,"{""method"": ""numpy linear""}"
roll_std_ret_20,distribution,quantile_0.995,0.05779924828000003,OK,,"{""method"": ""numpy linear""}"
roll_std_ret_20,volatility,diff_std,0.0015094795691592679,OK,,"{""rule"": ""longest contiguous finite run; no imputation"", ""segment_rows"": [20, 12835]}"
roll_std_ret_20,volatility,diff_abs_mean,0.0006105384060714843,OK,,"{""rule"": ""longest contiguous finite run; no imputation"", ""segment_rows"": [20, 12835]}"
roll_std_ret_20,volatility,diff_std_over_std,0.1698324609471906,OK,,"{""rule"": ""longest contiguous finite run; no imputation"", ""segment_rows"": [20, 12835]}"
roll_std_ret_20,volatility,rolling_std_cv,1.2841966689145112,OK,,"{""rule"": ""non-overlapping primary-period blocks; std of block std / mean"", ""window_rows"": 6}"
roll_std_ret_20,trend,slope_per_row,-6.175422071334486e-07,OK,,"{""rule"": ""longest contiguous finite run; no imputation"", ""segment_rows"": [20, 12835]}"
roll_std_ret_20,trend,slope_per_day,,UNSUPPORTED,NO_VERIFIED_REGULAR_STEP,
roll_std_ret_20,trend,linear_r2,0.0660708785401184,OK,,
roll_std_ret_20,acf,acf_lag_1,0.9855429167665267,OK,,"{""estimator"": ""biased, mean-centered""}"
roll_std_ret_20,acf,acf_lag_2,0.9697498141182684,OK,,"{""estimator"": ""biased, mean-centered""}"
roll_std_ret_20,acf,acf_lag_3,0.9527119557781397,OK,,"{""estimator"": ""biased, mean-centered""}"
roll_std_ret_20,acf,acf_lag_6,0.8932268259040699,OK,,"{""estimator"": ""biased, mean-centered""}"
roll_std_ret_20,acf,acf_lag_12,0.7596025174311141,OK,,"{""estimator"": ""biased, mean-centered""}"
roll_std_ret_20,acf,acf_lag_42,0.45954003949241984,OK,,"{""estimator"": ""biased, mean-centered""}"
roll_std_ret_20,acf,decorrelation_lag_1_over_e,,NOT_RUN,ACF_ABOVE_1_OVER_E_THROUGH_LAG_64,
roll_std_ret_20,spectral,peak1_period_rows,3203.75,OK,,"{""method"": ""periodogram, linear detrend, rank by power""}"
roll_std_ret_20,spectral,peak1_power_fraction,0.05753144625899977,OK,,
roll_std_ret_20,spectral,peak2_period_rows,1601.875,OK,,"{""method"": ""periodogram, linear detrend, rank by power""}"
roll_std_ret_20,spectral,peak2_power_fraction,0.055242960573144935,OK,,
roll_std_ret_20,spectral,peak3_period_rows,4271.666666666666,OK,,"{""method"": ""periodogram, linear detrend, rank by power""}"
roll_std_ret_20,spectral,peak3_power_fraction,0.05281854605314264,OK,,
roll_std_ret_20,spectral,peak1_period_hours,,UNSUPPORTED,NO_VERIFIED_REGULAR_STEP,
roll_std_ret_20,spectral,entropy_normalized,0.578602528128451,OK,,
roll_std_ret_20,spectral,low_frequency_power_fraction,0.9914451276307676,OK,,"{""basis"": ""primary period"", ""cutoff_cycles_per_row"": 0.16666666666666666}"
roll_std_ret_20,spectral,centroid_cycles_per_row,0.010617498600958338,OK,,
roll_std_ret_20,stationarity,adf_c_aic_statistic,-7.226214975560468,OK,,"{""autolag"": ""AIC"", ""lag_selection"": ""AIC over lags 0..maxlag on the common trimmed sample, as statsmodels _autolag does, without retaining every fitted model; final fit adfuller(maxlag=best, autolag=None)"", ""limitation"": ""MacKinnon approximate p-value; low power near unity; lag choice by AIC"", ""maxlag"": 41, ""n"": 12815, ""null"": ""unit root"", ""regression"": ""c"", ""test"": ""ADF""}"
roll_std_ret_20,stationarity,adf_c_aic_pvalue,2.049855157395899e-10,OK,,"{""autolag"": ""AIC"", ""lag_selection"": ""AIC over lags 0..maxlag on the common trimmed sample, as statsmodels _autolag does, without retaining every fitted model; final fit adfuller(maxlag=best, autolag=None)"", ""limitation"": ""MacKinnon approximate p-value; low power near unity; lag choice by AIC"", ""maxlag"": 41, ""n"": 12815, ""null"": ""unit root"", ""regression"": ""c"", ""test"": ""ADF""}"
roll_std_ret_20,stationarity,adf_c_aic_lags,41,OK,,"{""autolag"": ""AIC"", ""lag_selection"": ""AIC over lags 0..maxlag on the common trimmed sample, as statsmodels _autolag does, without retaining every fitted model; final fit adfuller(maxlag=best, autolag=None)"", ""limitation"": ""MacKinnon approximate p-value; low power near unity; lag choice by AIC"", ""maxlag"": 41, ""n"": 12815, ""null"": ""unit root"", ""regression"": ""c"", ""test"": ""ADF""}"
roll_std_ret_20,stationarity,kpss_c_auto_statistic,1.8570430352616534,OK_WITH_WARNING,,"{""limitation"": ""p-value interpolated from a table bounded to [0.01, 0.10]"", ""n"": 12815, ""nlags"": ""auto (Hobijn)"", ""null"": ""level stationarity"", ""regression"": ""c"", ""test"": ""KPSS"", ""warnings"": [""The test statistic is outside of the range of p-values available in the\nlook-up table. The actual p-value is smaller than the p-value returned.\n""]}"
roll_std_ret_20,stationarity,kpss_c_auto_pvalue,0.01,OK_WITH_WARNING,P_VALUE_AT_TABLE_BOUND,"{""limitation"": ""p-value interpolated from a table bounded to [0.01, 0.10]"", ""n"": 12815, ""nlags"": ""auto (Hobijn)"", ""null"": ""level stationarity"", ""regression"": ""c"", ""test"": ""KPSS"", ""warnings"": [""The test statistic is outside of the range of p-values available in the\nlook-up table. The actual p-value is smaller than the p-value returned.\n""]}"
roll_std_ret_20,stationarity,kpss_c_auto_lags,68,OK_WITH_WARNING,,"{""limitation"": ""p-value interpolated from a table bounded to [0.01, 0.10]"", ""n"": 12815, ""nlags"": ""auto (Hobijn)"", ""null"": ""level stationarity"", ""regression"": ""c"", ""test"": ""KPSS"", ""warnings"": [""The test statistic is outside of the range of p-values available in the\nlook-up table. The actual p-value is smaller than the p-value returned.\n""]}"
roll_std_ret_20,stationarity,kpss_ct_auto_statistic,0.523066073245017,OK_WITH_WARNING,,"{""limitation"": ""p-value interpolated from a table bounded to [0.01, 0.10]"", ""n"": 12815, ""nlags"": ""auto (Hobijn)"", ""null"": ""trend stationarity"", ""regression"": ""ct"", ""test"": ""KPSS"", ""warnings"": [""The test statistic is outside of the range of p-values available in the\nlook-up table. The actual p-value is smaller than the p-value returned.\n""]}"
roll_std_ret_20,stationarity,kpss_ct_auto_pvalue,0.01,OK_WITH_WARNING,P_VALUE_AT_TABLE_BOUND,"{""limitation"": ""p-value interpolated from a table bounded to [0.01, 0.10]"", ""n"": 12815, ""nlags"": ""auto (Hobijn)"", ""null"": ""trend stationarity"", ""regression"": ""ct"", ""test"": ""KPSS"", ""warnings"": [""The test statistic is outside of the range of p-values available in the\nlook-up table. The actual p-value is smaller than the p-value returned.\n""]}"
roll_std_ret_20,stationarity,kpss_ct_auto_lags,68,OK_WITH_WARNING,,"{""limitation"": ""p-value interpolated from a table bounded to [0.01, 0.10]"", ""n"": 12815, ""nlags"": ""auto (Hobijn)"", ""null"": ""trend stationarity"", ""regression"": ""ct"", ""test"": ""KPSS"", ""warnings"": [""The test statistic is outside of the range of p-values available in the\nlook-up table. The actual p-value is smaller than the p-value returned.\n""]}"
roll_std_ret_20,stationarity,adf_kpss_joint_reading,BOTH_REJECT_CONFLICT,OK,,"{""alpha"": 0.05, ""note"": ""descriptive, unadjusted for multiple testing; not an eligibility rule""}"
roll_std_ret_20,seasonality,acf_at_daily_6,0.8932268259040693,OK,,"{""declared_period_rows"": 6}"
roll_std_ret_20,seasonality,seasonal_diff_var_ratio_daily_6,0.21318046133423424,OK,,"{""formula"": ""var(x_t - x_{t-s}) / var(x_t); 2 for white noise, <1 when season repeats""}"
roll_std_ret_20,seasonality,acf_at_weekly_42,0.45954003949241984,OK,,"{""declared_period_rows"": 42}"
roll_std_ret_20,seasonality,seasonal_diff_var_ratio_weekly_42,1.0828457692846618,OK,,"{""formula"": ""var(x_t - x_{t-s}) / var(x_t); 2 for white noise, <1 when season repeats""}"
roll_std_ret_20,seasonality,stl_seasonal_strength_primary,0.2850787200304544,OK,,"{""formula"": ""max(0, 1 - var(R)/var(S+R)) and max(0, 1 - var(R)/var(T+R)) (Wang, Smith, Hyndman 2006)"", ""method"": ""statsmodels STL"", ""note"": ""optional diagnostic transform; not a model input"", ""period"": 6, ""robust"": false}"
roll_std_ret_20,seasonality,stl_trend_strength_primary,0.9886282149454165,OK,,"{""formula"": ""max(0, 1 - var(R)/var(S+R)) and max(0, 1 - var(R)/var(T+R)) (Wang, Smith, Hyndman 2006)"", ""method"": ""statsmodels STL"", ""note"": ""optional diagnostic transform; not a model input"", ""period"": 6, ""robust"": false}"
roll_skew_ret_20,missingness,rows,12835,OK,,
roll_skew_ret_20,missingness,missing_count,20,OK,,"{""also"": ""NaN literals parsed by float()"", ""empty_or_token_cells"": 20, ""tokens"": ["""", ""n/a"", ""na"", ""nan"", ""none"", ""null""]}"
roll_skew_ret_20,missingness,missing_fraction,0.0015582391897156214,OK,,
roll_skew_ret_20,missingness,nonnumeric_count,0,OK,,
roll_skew_ret_20,missingness,nonfinite_count,20,OK,,
roll_skew_ret_20,missingness,longest_finite_run,12815,OK,,
roll_skew_ret_20,missingness,constant_flag,False,OK,,
roll_skew_ret_20,missingness,unique_count,12815,OK,,
roll_skew_ret_20,distribution,mean,-0.036078420122373785,OK,,
roll_skew_ret_20,distribution,std,1.158929592402035,OK,,
roll_skew_ret_20,distribution,min,-4.3185797,OK,,
roll_skew_ret_20,distribution,max,4.3083396,OK,,
roll_skew_ret_20,distribution,median,-0.039469857,OK,,
roll_skew_ret_20,distribution,iqr,1.33661927,OK,,
roll_skew_ret_20,distribution,mad,0.6682856429999999,OK,,
roll_skew_ret_20,distribution,skewness,-0.01760923421853347,OK,,"{""bias"": false}"
roll_skew_ret_20,distribution,excess_kurtosis,0.607361674867045,OK,,"{""bias"": false}"
roll_skew_ret_20,distribution,upper_tail_ratio,4.741530059292361,OK,,"{""formula"": ""(q0.995-q0.5)/(q0.75-q0.5); Gaussian ~3.82""}"
roll_skew_ret_20,distribution,lower_tail_ratio,5.042690998474957,OK,,"{""formula"": ""(q0.5-q0.005)/(q0.5-q0.25); Gaussian ~3.82""}"
roll_skew_ret_20,distribution,robust_z_outlier_fraction_gt5,0.0,OK,,"{""scale"": ""1.4826*MAD""}"
roll_skew_ret_20,distribution,zero_fraction,0.0,OK,,
roll_skew_ret_20,distribution,quantile_0.005,-3.346100227,OK,,"{""method"": ""numpy linear""}"
roll_skew_ret_20,distribution,quantile_0.01,-3.049785456,OK,,"{""method"": ""numpy linear""}"
roll_skew_ret_20,distribution,quantile_0.05,-1.9614785799999999,OK,,"{""method"": ""numpy linear""}"
roll_skew_ret_20,distribution,quantile_0.25,-0.6951972,OK,,"{""method"": ""numpy linear""}"
roll_skew_ret_20,distribution,quantile_0.5,-0.039469857,OK,,"{""method"": ""numpy linear""}"
roll_skew_ret_20,distribution,quantile_0.75,0.64142207,OK,,"{""method"": ""numpy linear""}"
roll_skew_ret_20,distribution,quantile_0.95,1.9254090899999987,OK,,"{""method"": ""numpy linear""}"
roll_skew_ret_20,distribution,quantile_0.99,2.900966612000003,OK,,"{""method"": ""numpy linear""}"
roll_skew_ret_20,distribution,quantile_0.995,3.1889996820000004,OK,,"{""method"": ""numpy linear""}"
roll_skew_ret_20,volatility,diff_std,0.44805925152302206,OK,,"{""rule"": ""longest contiguous finite run; no imputation"", ""segment_rows"": [20, 12835]}"
roll_skew_ret_20,volatility,diff_abs_mean,0.19357455436187293,OK,,"{""rule"": ""longest contiguous finite run; no imputation"", ""segment_rows"": [20, 12835]}"
roll_skew_ret_20,volatility,diff_std_over_std,0.3866147300582427,OK,,"{""rule"": ""longest contiguous finite run; no imputation"", ""segment_rows"": [20, 12835]}"
roll_skew_ret_20,volatility,rolling_std_cv,1.1464277095027917,OK,,"{""rule"": ""non-overlapping primary-period blocks; std of block std / mean"", ""window_rows"": 6}"
roll_skew_ret_20,trend,slope_per_row,1.6128041439615814e-06,OK,,"{""rule"": ""longest contiguous finite run; no imputation"", ""segment_rows"": [20, 12835]}"
roll_skew_ret_20,trend,slope_per_day,,UNSUPPORTED,NO_VERIFIED_REGULAR_STEP,
roll_skew_ret_20,trend,linear_r2,2.6505684226241222e-05,OK,,
roll_skew_ret_20,acf,acf_lag_1,0.9252698483020123,OK,,"{""estimator"": ""biased, mean-centered""}"
roll_skew_ret_20,acf,acf_lag_2,0.8505510245828779,OK,,"{""estimator"": ""biased, mean-centered""}"
roll_skew_ret_20,acf,acf_lag_3,0.780052663169824,OK,,"{""estimator"": ""biased, mean-centered""}"
roll_skew_ret_20,acf,acf_lag_6,0.5844794781932371,OK,,"{""estimator"": ""biased, mean-centered""}"
roll_skew_ret_20,acf,acf_lag_12,0.27913234387706454,OK,,"{""estimator"": ""biased, mean-centered""}"
roll_skew_ret_20,acf,acf_lag_42,0.014256420815195608,OK,,"{""estimator"": ""biased, mean-centered""}"
roll_skew_ret_20,acf,decorrelation_lag_1_over_e,11,OK,,
roll_skew_ret_20,spectral,peak1_period_rows,557.1739130434783,OK,,"{""method"": ""periodogram, linear detrend, rank by power""}"
roll_skew_ret_20,spectral,peak1_power_fraction,0.013766745613192317,OK,,
roll_skew_ret_20,spectral,peak2_period_rows,67.8042328042328,OK,,"{""method"": ""periodogram, linear detrend, rank by power""}"
roll_skew_ret_20,spectral,peak2_power_fraction,0.013187754504281302,OK,,
roll_skew_ret_20,spectral,peak3_period_rows,355.9722222222222,OK,,"{""method"": ""periodogram, linear detrend, rank by power""}"
roll_skew_ret_20,spectral,peak3_power_fraction,0.010726247649706405,OK,,
roll_skew_ret_20,spectral,peak1_period_hours,,UNSUPPORTED,NO_VERIFIED_REGULAR_STEP,
roll_skew_ret_20,spectral,entropy_normalized,0.7417242413038507,OK,,
roll_skew_ret_20,spectral,low_frequency_power_fraction,0.9564621075679163,OK,,"{""basis"": ""primary period"", ""cutoff_cycles_per_row"": 0.16666666666666666}"
roll_skew_ret_20,spectral,centroid_cycles_per_row,0.03550702290331941,OK,,
roll_skew_ret_20,stationarity,adf_c_aic_statistic,-14.852746425224112,OK,,"{""autolag"": ""AIC"", ""lag_selection"": ""AIC over lags 0..maxlag on the common trimmed sample, as statsmodels _autolag does, without retaining every fitted model; final fit adfuller(maxlag=best, autolag=None)"", ""limitation"": ""MacKinnon approximate p-value; low power near unity; lag choice by AIC"", ""maxlag"": 41, ""n"": 12815, ""null"": ""unit root"", ""regression"": ""c"", ""test"": ""ADF""}"
roll_skew_ret_20,stationarity,adf_c_aic_pvalue,1.7669611490577237e-27,OK,,"{""autolag"": ""AIC"", ""lag_selection"": ""AIC over lags 0..maxlag on the common trimmed sample, as statsmodels _autolag does, without retaining every fitted model; final fit adfuller(maxlag=best, autolag=None)"", ""limitation"": ""MacKinnon approximate p-value; low power near unity; lag choice by AIC"", ""maxlag"": 41, ""n"": 12815, ""null"": ""unit root"", ""regression"": ""c"", ""test"": ""ADF""}"
roll_skew_ret_20,stationarity,adf_c_aic_lags,40,OK,,"{""autolag"": ""AIC"", ""lag_selection"": ""AIC over lags 0..maxlag on the common trimmed sample, as statsmodels _autolag does, without retaining every fitted model; final fit adfuller(maxlag=best, autolag=None)"", ""limitation"": ""MacKinnon approximate p-value; low power near unity; lag choice by AIC"", ""maxlag"": 41, ""n"": 12815, ""null"": ""unit root"", ""regression"": ""c"", ""test"": ""ADF""}"
roll_skew_ret_20,stationarity,kpss_c_auto_statistic,0.050604758045813325,OK_WITH_WARNING,,"{""limitation"": ""p-value interpolated from a table bounded to [0.01, 0.10]"", ""n"": 12815, ""nlags"": ""auto (Hobijn)"", ""null"": ""level stationarity"", ""regression"": ""c"", ""test"": ""KPSS"", ""warnings"": [""The test statistic is outside of the range of p-values available in the\nlook-up table. The actual p-value is greater than the p-value returned.\n""]}"
roll_skew_ret_20,stationarity,kpss_c_auto_pvalue,0.1,OK_WITH_WARNING,P_VALUE_AT_TABLE_BOUND,"{""limitation"": ""p-value interpolated from a table bounded to [0.01, 0.10]"", ""n"": 12815, ""nlags"": ""auto (Hobijn)"", ""null"": ""level stationarity"", ""regression"": ""c"", ""test"": ""KPSS"", ""warnings"": [""The test statistic is outside of the range of p-values available in the\nlook-up table. The actual p-value is greater than the p-value returned.\n""]}"
roll_skew_ret_20,stationarity,kpss_c_auto_lags,63,OK_WITH_WARNING,,"{""limitation"": ""p-value interpolated from a table bounded to [0.01, 0.10]"", ""n"": 12815, ""nlags"": ""auto (Hobijn)"", ""null"": ""level stationarity"", ""regression"": ""c"", ""test"": ""KPSS"", ""warnings"": [""The test statistic is outside of the range of p-values available in the\nlook-up table. The actual p-value is greater than the p-value returned.\n""]}"
roll_skew_ret_20,stationarity,kpss_ct_auto_statistic,0.04403372234454567,OK_WITH_WARNING,,"{""limitation"": ""p-value interpolated from a table bounded to [0.01, 0.10]"", ""n"": 12815, ""nlags"": ""auto (Hobijn)"", ""null"": ""trend stationarity"", ""regression"": ""ct"", ""test"": ""KPSS"", ""warnings"": [""The test statistic is outside of the range of p-values available in the\nlook-up table. The actual p-value is greater than the p-value returned.\n""]}"
roll_skew_ret_20,stationarity,kpss_ct_auto_pvalue,0.1,OK_WITH_WARNING,P_VALUE_AT_TABLE_BOUND,"{""limitation"": ""p-value interpolated from a table bounded to [0.01, 0.10]"", ""n"": 12815, ""nlags"": ""auto (Hobijn)"", ""null"": ""trend stationarity"", ""regression"": ""ct"", ""test"": ""KPSS"", ""warnings"": [""The test statistic is outside of the range of p-values available in the\nlook-up table. The actual p-value is greater than the p-value returned.\n""]}"
roll_skew_ret_20,stationarity,kpss_ct_auto_lags,63,OK_WITH_WARNING,,"{""limitation"": ""p-value interpolated from a table bounded to [0.01, 0.10]"", ""n"": 12815, ""nlags"": ""auto (Hobijn)"", ""null"": ""trend stationarity"", ""regression"": ""ct"", ""test"": ""KPSS"", ""warnings"": [""The test statistic is outside of the range of p-values available in the\nlook-up table. The actual p-value is greater than the p-value returned.\n""]}"
roll_skew_ret_20,stationarity,adf_kpss_joint_reading,ADF_REJECTS_UNIT_ROOT_KPSS_DOES_NOT_REJECT_LEVEL,OK,,"{""alpha"": 0.05, ""note"": ""descriptive, unadjusted for multiple testing; not an eligibility rule""}"
roll_skew_ret_20,seasonality,acf_at_daily_6,0.5844794781932371,OK,,"{""declared_period_rows"": 6}"
roll_skew_ret_20,seasonality,seasonal_diff_var_ratio_daily_6,0.8314156610016228,OK,,"{""formula"": ""var(x_t - x_{t-s}) / var(x_t); 2 for white noise, <1 when season repeats""}"
roll_skew_ret_20,seasonality,acf_at_weekly_42,0.014256420815195613,OK,,"{""declared_period_rows"": 42}"
roll_skew_ret_20,seasonality,seasonal_diff_var_ratio_weekly_42,1.9726426752943036,OK,,"{""formula"": ""var(x_t - x_{t-s}) / var(x_t); 2 for white noise, <1 when season repeats""}"
roll_skew_ret_20,seasonality,stl_seasonal_strength_primary,0.28217534581359904,OK,,"{""formula"": ""max(0, 1 - var(R)/var(S+R)) and max(0, 1 - var(R)/var(T+R)) (Wang, Smith, Hyndman 2006)"", ""method"": ""statsmodels STL"", ""note"": ""optional diagnostic transform; not a model input"", ""period"": 6, ""robust"": false}"
roll_skew_ret_20,seasonality,stl_trend_strength_primary,0.934843351249134,OK,,"{""formula"": ""max(0, 1 - var(R)/var(S+R)) and max(0, 1 - var(R)/var(T+R)) (Wang, Smith, Hyndman 2006)"", ""method"": ""statsmodels STL"", ""note"": ""optional diagnostic transform; not a model input"", ""period"": 6, ""robust"": false}"
roll_kurt_ret_20,missingness,rows,12835,OK,,
roll_kurt_ret_20,missingness,missing_count,20,OK,,"{""also"": ""NaN literals parsed by float()"", ""empty_or_token_cells"": 20, ""tokens"": ["""", ""n/a"", ""na"", ""nan"", ""none"", ""null""]}"
roll_kurt_ret_20,missingness,missing_fraction,0.0015582391897156214,OK,,
roll_kurt_ret_20,missingness,nonnumeric_count,0,OK,,
roll_kurt_ret_20,missingness,nonfinite_count,20,OK,,
roll_kurt_ret_20,missingness,longest_finite_run,12815,OK,,
roll_kurt_ret_20,missingness,constant_flag,False,OK,,
roll_kurt_ret_20,missingness,unique_count,12815,OK,,
roll_kurt_ret_20,distribution,mean,2.215575546557602,OK,,
roll_kurt_ret_20,distribution,std,2.9774823713367162,OK,,
roll_kurt_ret_20,distribution,min,-1.5633016,OK,,
roll_kurt_ret_20,distribution,max,19.055565,OK,,
roll_kurt_ret_20,distribution,median,1.2666456,OK,,
roll_kurt_ret_20,distribution,iqr,3.1050687200000002,OK,,
roll_kurt_ret_20,distribution,mad,1.3406027000000003,OK,,
roll_kurt_ret_20,distribution,skewness,1.7097553661889142,OK,,"{""bias"": false}"
roll_kurt_ret_20,distribution,excess_kurtosis,3.326742047320783,OK,,"{""bias"": false}"
roll_kurt_ret_20,distribution,upper_tail_ratio,6.228015903932757,OK,,"{""formula"": ""(q0.995-q0.5)/(q0.75-q0.5); Gaussian ~3.82""}"
roll_kurt_ret_20,distribution,lower_tail_ratio,2.3081830806044144,OK,,"{""formula"": ""(q0.5-q0.005)/(q0.5-q0.25); Gaussian ~3.82""}"
roll_kurt_ret_20,distribution,robust_z_outlier_fraction_gt5,0.01958642216152946,OK,,"{""scale"": ""1.4826*MAD""}"
roll_kurt_ret_20,distribution,zero_fraction,0.0,OK,,
roll_kurt_ret_20,distribution,quantile_0.005,-1.257128174,OK,,"{""method"": ""numpy linear""}"
roll_kurt_ret_20,distribution,quantile_0.01,-1.155273694,OK,,"{""method"": ""numpy linear""}"
roll_kurt_ret_20,distribution,quantile_0.05,-0.76859354,OK,,"{""method"": ""numpy linear""}"
roll_kurt_ret_20,distribution,quantile_0.25,0.17324283000000001,OK,,"{""method"": ""numpy linear""}"
roll_kurt_ret_20,distribution,quantile_0.5,1.2666456,OK,,"{""method"": ""numpy linear""}"
roll_kurt_ret_20,distribution,quantile_0.75,3.27831155,OK,,"{""method"": ""numpy linear""}"
roll_kurt_ret_20,distribution,quantile_0.95,8.475302,OK,,"{""method"": ""numpy linear""}"
roll_kurt_ret_20,distribution,quantile_0.99,12.759896500000021,OK,,"{""method"": ""numpy linear""}"
roll_kurt_ret_20,distribution,quantile_0.995,13.795333130000001,OK,,"{""method"": ""numpy linear""}"
roll_kurt_ret_20,volatility,diff_std,1.2150639839850892,OK,,"{""rule"": ""longest contiguous finite run; no imputation"", ""segment_rows"": [20, 12835]}"
roll_kurt_ret_20,volatility,diff_abs_mean,0.5049785940654128,OK,,"{""rule"": ""longest contiguous finite run; no imputation"", ""segment_rows"": [20, 12835]}"
roll_kurt_ret_20,volatility,diff_std_over_std,0.40808435867903936,OK,,"{""rule"": ""longest contiguous finite run; no imputation"", ""segment_rows"": [20, 12835]}"
roll_kurt_ret_20,volatility,rolling_std_cv,1.2313357800139897,OK,,"{""rule"": ""non-overlapping primary-period blocks; std of block std / mean"", ""window_rows"": 6}"
roll_kurt_ret_20,trend,slope_per_row,3.653253949243625e-06,OK,,"{""rule"": ""longest contiguous finite run; no imputation"", ""segment_rows"": [20, 12835]}"
roll_kurt_ret_20,trend,slope_per_day,,UNSUPPORTED,NO_VERIFIED_REGULAR_STEP,
roll_kurt_ret_20,trend,linear_r2,2.0603983357014855e-05,OK,,
roll_kurt_ret_20,acf,acf_lag_1,0.9166572947893138,OK,,"{""estimator"": ""biased, mean-centered""}"
roll_kurt_ret_20,acf,acf_lag_2,0.8412785611792569,OK,,"{""estimator"": ""biased, mean-centered""}"
roll_kurt_ret_20,acf,acf_lag_3,0.7730800084149201,OK,,"{""estimator"": ""biased, mean-centered""}"
roll_kurt_ret_20,acf,acf_lag_6,0.6033037707592416,OK,,"{""estimator"": ""biased, mean-centered""}"
roll_kurt_ret_20,acf,acf_lag_12,0.34053287660013776,OK,,"{""estimator"": ""biased, mean-centered""}"
roll_kurt_ret_20,acf,acf_lag_42,0.0711871638512622,OK,,"{""estimator"": ""biased, mean-centered""}"
roll_kurt_ret_20,acf,decorrelation_lag_1_over_e,12,OK,,
roll_kurt_ret_20,spectral,peak1_period_rows,6407.5,OK,,"{""method"": ""periodogram, linear detrend, rank by power""}"
roll_kurt_ret_20,spectral,peak1_power_fraction,0.019074936014371997,OK,,
roll_kurt_ret_20,spectral,peak2_period_rows,12815.0,OK,,"{""method"": ""periodogram, linear detrend, rank by power""}"
roll_kurt_ret_20,spectral,peak2_power_fraction,0.01609919246384911,OK,,
roll_kurt_ret_20,spectral,peak3_period_rows,3203.75,OK,,"{""method"": ""periodogram, linear detrend, rank by power""}"
roll_kurt_ret_20,spectral,peak3_power_fraction,0.013672095430337998,OK,,
roll_kurt_ret_20,spectral,peak1_period_hours,,UNSUPPORTED,NO_VERIFIED_REGULAR_STEP,
roll_kurt_ret_20,spectral,entropy_normalized,0.7397639314626214,OK,,
roll_kurt_ret_20,spectral,low_frequency_power_fraction,0.9507880938285631,OK,,"{""basis"": ""primary period"", ""cutoff_cycles_per_row"": 0.16666666666666666}"
roll_kurt_ret_20,spectral,centroid_cycles_per_row,0.03639064162996767,OK,,
roll_kurt_ret_20,stationarity,adf_c_aic_statistic,-17.626017405718578,OK,,"{""autolag"": ""AIC"", ""lag_selection"": ""AIC over lags 0..maxlag on the common trimmed sample, as statsmodels _autolag does, without retaining every fitted model; final fit adfuller(maxlag=best, autolag=None)"", ""limitation"": ""MacKinnon approximate p-value; low power near unity; lag choice by AIC"", ""maxlag"": 41, ""n"": 12815, ""null"": ""unit root"", ""regression"": ""c"", ""test"": ""ADF""}"
roll_kurt_ret_20,stationarity,adf_c_aic_pvalue,3.818395219107636e-30,OK,,"{""autolag"": ""AIC"", ""lag_selection"": ""AIC over lags 0..maxlag on the common trimmed sample, as statsmodels _autolag does, without retaining every fitted model; final fit adfuller(maxlag=best, autolag=None)"", ""limitation"": ""MacKinnon approximate p-value; low power near unity; lag choice by AIC"", ""maxlag"": 41, ""n"": 12815, ""null"": ""unit root"", ""regression"": ""c"", ""test"": ""ADF""}"
roll_kurt_ret_20,stationarity,adf_c_aic_lags,20,OK,,"{""autolag"": ""AIC"", ""lag_selection"": ""AIC over lags 0..maxlag on the common trimmed sample, as statsmodels _autolag does, without retaining every fitted model; final fit adfuller(maxlag=best, autolag=None)"", ""limitation"": ""MacKinnon approximate p-value; low power near unity; lag choice by AIC"", ""maxlag"": 41, ""n"": 12815, ""null"": ""unit root"", ""regression"": ""c"", ""test"": ""ADF""}"
roll_kurt_ret_20,stationarity,kpss_c_auto_statistic,0.3965340438651529,OK,,"{""limitation"": ""p-value interpolated from a table bounded to [0.01, 0.10]"", ""n"": 12815, ""nlags"": ""auto (Hobijn)"", ""null"": ""level stationarity"", ""regression"": ""c"", ""test"": ""KPSS""}"
roll_kurt_ret_20,stationarity,kpss_c_auto_pvalue,0.078649119023641,OK,,"{""limitation"": ""p-value interpolated from a table bounded to [0.01, 0.10]"", ""n"": 12815, ""nlags"": ""auto (Hobijn)"", ""null"": ""level stationarity"", ""regression"": ""c"", ""test"": ""KPSS""}"
roll_kurt_ret_20,stationarity,kpss_c_auto_lags,64,OK,,"{""limitation"": ""p-value interpolated from a table bounded to [0.01, 0.10]"", ""n"": 12815, ""nlags"": ""auto (Hobijn)"", ""null"": ""level stationarity"", ""regression"": ""c"", ""test"": ""KPSS""}"
roll_kurt_ret_20,stationarity,kpss_ct_auto_statistic,0.40884639999805067,OK_WITH_WARNING,,"{""limitation"": ""p-value interpolated from a table bounded to [0.01, 0.10]"", ""n"": 12815, ""nlags"": ""auto (Hobijn)"", ""null"": ""trend stationarity"", ""regression"": ""ct"", ""test"": ""KPSS"", ""warnings"": [""The test statistic is outside of the range of p-values available in the\nlook-up table. The actual p-value is smaller than the p-value returned.\n""]}"
roll_kurt_ret_20,stationarity,kpss_ct_auto_pvalue,0.01,OK_WITH_WARNING,P_VALUE_AT_TABLE_BOUND,"{""limitation"": ""p-value interpolated from a table bounded to [0.01, 0.10]"", ""n"": 12815, ""nlags"": ""auto (Hobijn)"", ""null"": ""trend stationarity"", ""regression"": ""ct"", ""test"": ""KPSS"", ""warnings"": [""The test statistic is outside of the range of p-values available in the\nlook-up table. The actual p-value is smaller than the p-value returned.\n""]}"
roll_kurt_ret_20,stationarity,kpss_ct_auto_lags,64,OK_WITH_WARNING,,"{""limitation"": ""p-value interpolated from a table bounded to [0.01, 0.10]"", ""n"": 12815, ""nlags"": ""auto (Hobijn)"", ""null"": ""trend stationarity"", ""regression"": ""ct"", ""test"": ""KPSS"", ""warnings"": [""The test statistic is outside of the range of p-values available in the\nlook-up table. The actual p-value is smaller than the p-value returned.\n""]}"
roll_kurt_ret_20,stationarity,adf_kpss_joint_reading,ADF_REJECTS_UNIT_ROOT_KPSS_DOES_NOT_REJECT_LEVEL,OK,,"{""alpha"": 0.05, ""note"": ""descriptive, unadjusted for multiple testing; not an eligibility rule""}"
roll_kurt_ret_20,seasonality,acf_at_daily_6,0.6033037707592415,OK,,"{""declared_period_rows"": 6}"
roll_kurt_ret_20,seasonality,seasonal_diff_var_ratio_daily_6,0.7928325436988239,OK,,"{""formula"": ""var(x_t - x_{t-s}) / var(x_t); 2 for white noise, <1 when season repeats""}"
roll_kurt_ret_20,seasonality,acf_at_weekly_42,0.07118716385126218,OK,,"{""declared_period_rows"": 42}"
roll_kurt_ret_20,seasonality,seasonal_diff_var_ratio_weekly_42,1.859076206075075,OK,,"{""formula"": ""var(x_t - x_{t-s}) / var(x_t); 2 for white noise, <1 when season repeats""}"
roll_kurt_ret_20,seasonality,stl_seasonal_strength_primary,0.29755195575658355,OK,,"{""formula"": ""max(0, 1 - var(R)/var(S+R)) and max(0, 1 - var(R)/var(T+R)) (Wang, Smith, Hyndman 2006)"", ""method"": ""statsmodels STL"", ""note"": ""optional diagnostic transform; not a model input"", ""period"": 6, ""robust"": false}"
roll_kurt_ret_20,seasonality,stl_trend_strength_primary,0.9290765862533575,OK,,"{""formula"": ""max(0, 1 - var(R)/var(S+R)) and max(0, 1 - var(R)/var(T+R)) (Wang, Smith, Hyndman 2006)"", ""method"": ""statsmodels STL"", ""note"": ""optional diagnostic transform; not a model input"", ""period"": 6, ""robust"": false}"
roll_mean_ret_60,missingness,rows,12835,OK,,
roll_mean_ret_60,missingness,missing_count,60,OK,,"{""also"": ""NaN literals parsed by float()"", ""empty_or_token_cells"": 60, ""tokens"": ["""", ""n/a"", ""na"", ""nan"", ""none"", ""null""]}"
roll_mean_ret_60,missingness,missing_fraction,0.004674717569146864,OK,,
roll_mean_ret_60,missingness,nonnumeric_count,0,OK,,
roll_mean_ret_60,missingness,nonfinite_count,60,OK,,
roll_mean_ret_60,missingness,longest_finite_run,12775,OK,,
roll_mean_ret_60,missingness,constant_flag,False,OK,,
roll_mean_ret_60,missingness,unique_count,12775,OK,,
roll_mean_ret_60,distribution,mean,0.0001534687464710607,OK,,
roll_mean_ret_60,distribution,std,0.0021549630060198935,OK,,
roll_mean_ret_60,distribution,min,-0.011546502,OK,,
roll_mean_ret_60,distribution,max,0.009495885,OK,,
roll_mean_ret_60,distribution,median,0.00014234161,OK,,
roll_mean_ret_60,distribution,iqr,0.0022932075,OK,,
roll_mean_ret_60,distribution,mad,0.00114637879,OK,,
roll_mean_ret_60,distribution,skewness,-0.21928990016023295,OK,,"{""bias"": false}"
roll_mean_ret_60,distribution,excess_kurtosis,1.7780565813411844,OK,,"{""bias"": false}"
roll_mean_ret_60,distribution,upper_tail_ratio,5.112036812275724,OK,,"{""formula"": ""(q0.995-q0.5)/(q0.75-q0.5); Gaussian ~3.82""}"
roll_mean_ret_60,distribution,lower_tail_ratio,6.544288168303105,OK,,"{""formula"": ""(q0.5-q0.005)/(q0.5-q0.25); Gaussian ~3.82""}"
roll_mean_ret_60,distribution,robust_z_outlier_fraction_gt5,0.002974559686888454,OK,,"{""scale"": ""1.4826*MAD""}"
roll_mean_ret_60,distribution,zero_fraction,0.0,OK,,
roll_mean_ret_60,distribution,quantile_0.005,-0.00717370013,OK,,"{""method"": ""numpy linear""}"
roll_mean_ret_60,distribution,quantile_0.01,-0.006122855778,OK,,"{""method"": ""numpy linear""}"
roll_mean_ret_60,distribution,quantile_0.05,-0.0032960732899999998,OK,,"{""method"": ""numpy linear""}"
roll_mean_ret_60,distribution,quantile_0.25,-0.0009755861999999999,OK,,"{""method"": ""numpy linear""}"
roll_mean_ret_60,distribution,quantile_0.5,0.00014234161,OK,,"{""method"": ""numpy linear""}"
roll_mean_ret_60,distribution,quantile_0.75,0.0013176212999999998,OK,,"{""method"": ""numpy linear""}"
roll_mean_ret_60,distribution,quantile_0.95,0.0037947617399999986,OK,,"{""method"": ""numpy linear""}"
roll_mean_ret_60,distribution,quantile_0.99,0.005525395638000001,OK,,"{""method"": ""numpy linear""}"
roll_mean_ret_60,distribution,quantile_0.995,0.00615041465,OK,,"{""method"": ""numpy linear""}"
roll_mean_ret_60,volatility,diff_std,0.0003918338957469709,OK,,"{""rule"": ""longest contiguous finite run; no imputation"", ""segment_rows"": [60, 12835]}"
roll_mean_ret_60,volatility,diff_abs_mean,0.0002561277948399577,OK,,"{""rule"": ""longest contiguous finite run; no imputation"", ""segment_rows"": [60, 12835]}"
roll_mean_ret_60,volatility,diff_std_over_std,0.18182859503962812,OK,,"{""rule"": ""longest contiguous finite run; no imputation"", ""segment_rows"": [60, 12835]}"
roll_mean_ret_60,volatility,rolling_std_cv,0.7747826476964335,OK,,"{""rule"": ""non-overlapping primary-period blocks; std of block std / mean"", ""window_rows"": 6}"
roll_mean_ret_60,trend,slope_per_row,-1.9221492606966666e-08,OK,,"{""rule"": ""longest contiguous finite run; no imputation"", ""segment_rows"": [60, 12835]}"
roll_mean_ret_60,trend,slope_per_day,,UNSUPPORTED,NO_VERIFIED_REGULAR_STEP,
roll_mean_ret_60,trend,linear_r2,0.0010821043566913158,OK,,
roll_mean_ret_60,acf,acf_lag_1,0.9834340519660829,OK,,"{""estimator"": ""biased, mean-centered""}"
roll_mean_ret_60,acf,acf_lag_2,0.9689610290176394,OK,,"{""estimator"": ""biased, mean-centered""}"
roll_mean_ret_60,acf,acf_lag_3,0.954772328915381,OK,,"{""estimator"": ""biased, mean-centered""}"
roll_mean_ret_60,acf,acf_lag_6,0.9055476371493597,OK,,"{""estimator"": ""biased, mean-centered""}"
roll_mean_ret_60,acf,acf_lag_12,0.8184873056443426,OK,,"{""estimator"": ""biased, mean-centered""}"
roll_mean_ret_60,acf,acf_lag_42,0.33506678847405685,OK,,"{""estimator"": ""biased, mean-centered""}"
roll_mean_ret_60,acf,decorrelation_lag_1_over_e,41,OK,,
roll_mean_ret_60,spectral,peak1_period_rows,236.57407407407408,OK,,"{""method"": ""periodogram, linear detrend, rank by power""}"
roll_mean_ret_60,spectral,peak1_power_fraction,0.02814616543142518,OK,,
roll_mean_ret_60,spectral,peak2_period_rows,1825.0000000000002,OK,,"{""method"": ""periodogram, linear detrend, rank by power""}"
roll_mean_ret_60,spectral,peak2_power_fraction,0.02702624156234038,OK,,
roll_mean_ret_60,spectral,peak3_period_rows,4258.333333333333,OK,,"{""method"": ""periodogram, linear detrend, rank by power""}"
roll_mean_ret_60,spectral,peak3_power_fraction,0.025786088208432374,OK,,
roll_mean_ret_60,spectral,peak1_period_hours,,UNSUPPORTED,NO_VERIFIED_REGULAR_STEP,
roll_mean_ret_60,spectral,entropy_normalized,0.5796174721603654,OK,,
roll_mean_ret_60,spectral,low_frequency_power_fraction,0.9902909929473519,OK,,"{""basis"": ""primary period"", ""cutoff_cycles_per_row"": 0.16666666666666666}"
roll_mean_ret_60,spectral,centroid_cycles_per_row,0.010236726221340359,OK,,
roll_mean_ret_60,stationarity,adf_c_aic_statistic,-12.986165555764495,OK,,"{""autolag"": ""AIC"", ""lag_selection"": ""AIC over lags 0..maxlag on the common trimmed sample, as statsmodels _autolag does, without retaining every fitted model; final fit adfuller(maxlag=best, autolag=None)"", ""limitation"": ""MacKinnon approximate p-value; low power near unity; lag choice by AIC"", ""maxlag"": 41, ""n"": 12775, ""null"": ""unit root"", ""regression"": ""c"", ""test"": ""ADF""}"
roll_mean_ret_60,stationarity,adf_c_aic_pvalue,2.8753586730549324e-24,OK,,"{""autolag"": ""AIC"", ""lag_selection"": ""AIC over lags 0..maxlag on the common trimmed sample, as statsmodels _autolag does, without retaining every fitted model; final fit adfuller(maxlag=best, autolag=None)"", ""limitation"": ""MacKinnon approximate p-value; low power near unity; lag choice by AIC"", ""maxlag"": 41, ""n"": 12775, ""null"": ""unit root"", ""regression"": ""c"", ""test"": ""ADF""}"
roll_mean_ret_60,stationarity,adf_c_aic_lags,41,OK,,"{""autolag"": ""AIC"", ""lag_selection"": ""AIC over lags 0..maxlag on the common trimmed sample, as statsmodels _autolag does, without retaining every fitted model; final fit adfuller(maxlag=best, autolag=None)"", ""limitation"": ""MacKinnon approximate p-value; low power near unity; lag choice by AIC"", ""maxlag"": 41, ""n"": 12775, ""null"": ""unit root"", ""regression"": ""c"", ""test"": ""ADF""}"
roll_mean_ret_60,stationarity,kpss_c_auto_statistic,0.13605719603457597,OK_WITH_WARNING,,"{""limitation"": ""p-value interpolated from a table bounded to [0.01, 0.10]"", ""n"": 12775, ""nlags"": ""auto (Hobijn)"", ""null"": ""level stationarity"", ""regression"": ""c"", ""test"": ""KPSS"", ""warnings"": [""The test statistic is outside of the range of p-values available in the\nlook-up table. The actual p-value is greater than the p-value returned.\n""]}"
roll_mean_ret_60,stationarity,kpss_c_auto_pvalue,0.1,OK_WITH_WARNING,P_VALUE_AT_TABLE_BOUND,"{""limitation"": ""p-value interpolated from a table bounded to [0.01, 0.10]"", ""n"": 12775, ""nlags"": ""auto (Hobijn)"", ""null"": ""level stationarity"", ""regression"": ""c"", ""test"": ""KPSS"", ""warnings"": [""The test statistic is outside of the range of p-values available in the\nlook-up table. The actual p-value is greater than the p-value returned.\n""]}"
roll_mean_ret_60,stationarity,kpss_c_auto_lags,68,OK_WITH_WARNING,,"{""limitation"": ""p-value interpolated from a table bounded to [0.01, 0.10]"", ""n"": 12775, ""nlags"": ""auto (Hobijn)"", ""null"": ""level stationarity"", ""regression"": ""c"", ""test"": ""KPSS"", ""warnings"": [""The test statistic is outside of the range of p-values available in the\nlook-up table. The actual p-value is greater than the p-value returned.\n""]}"
roll_mean_ret_60,stationarity,kpss_ct_auto_statistic,0.11009586169000325,OK_WITH_WARNING,,"{""limitation"": ""p-value interpolated from a table bounded to [0.01, 0.10]"", ""n"": 12775, ""nlags"": ""auto (Hobijn)"", ""null"": ""trend stationarity"", ""regression"": ""ct"", ""test"": ""KPSS"", ""warnings"": [""The test statistic is outside of the range of p-values available in the\nlook-up table. The actual p-value is greater than the p-value returned.\n""]}"
roll_mean_ret_60,stationarity,kpss_ct_auto_pvalue,0.1,OK_WITH_WARNING,P_VALUE_AT_TABLE_BOUND,"{""limitation"": ""p-value interpolated from a table bounded to [0.01, 0.10]"", ""n"": 12775, ""nlags"": ""auto (Hobijn)"", ""null"": ""trend stationarity"", ""regression"": ""ct"", ""test"": ""KPSS"", ""warnings"": [""The test statistic is outside of the range of p-values available in the\nlook-up table. The actual p-value is greater than the p-value returned.\n""]}"
roll_mean_ret_60,stationarity,kpss_ct_auto_lags,68,OK_WITH_WARNING,,"{""limitation"": ""p-value interpolated from a table bounded to [0.01, 0.10]"", ""n"": 12775, ""nlags"": ""auto (Hobijn)"", ""null"": ""trend stationarity"", ""regression"": ""ct"", ""test"": ""KPSS"", ""warnings"": [""The test statistic is outside of the range of p-values available in the\nlook-up table. The actual p-value is greater than the p-value returned.\n""]}"
roll_mean_ret_60,stationarity,adf_kpss_joint_reading,ADF_REJECTS_UNIT_ROOT_KPSS_DOES_NOT_REJECT_LEVEL,OK,,"{""alpha"": 0.05, ""note"": ""descriptive, unadjusted for multiple testing; not an eligibility rule""}"
roll_mean_ret_60,seasonality,acf_at_daily_6,0.9055476371493598,OK,,"{""declared_period_rows"": 6}"
roll_mean_ret_60,seasonality,seasonal_diff_var_ratio_daily_6,0.18856289861425204,OK,,"{""formula"": ""var(x_t - x_{t-s}) / var(x_t); 2 for white noise, <1 when season repeats""}"
roll_mean_ret_60,seasonality,acf_at_weekly_42,0.3350667884740567,OK,,"{""declared_period_rows"": 42}"
roll_mean_ret_60,seasonality,seasonal_diff_var_ratio_weekly_42,1.3273693203624621,OK,,"{""formula"": ""var(x_t - x_{t-s}) / var(x_t); 2 for white noise, <1 when season repeats""}"
roll_mean_ret_60,seasonality,stl_seasonal_strength_primary,0.2390407018422248,OK,,"{""formula"": ""max(0, 1 - var(R)/var(S+R)) and max(0, 1 - var(R)/var(T+R)) (Wang, Smith, Hyndman 2006)"", ""method"": ""statsmodels STL"", ""note"": ""optional diagnostic transform; not a model input"", ""period"": 6, ""robust"": false}"
roll_mean_ret_60,seasonality,stl_trend_strength_primary,0.9864560755811815,OK,,"{""formula"": ""max(0, 1 - var(R)/var(S+R)) and max(0, 1 - var(R)/var(T+R)) (Wang, Smith, Hyndman 2006)"", ""method"": ""statsmodels STL"", ""note"": ""optional diagnostic transform; not a model input"", ""period"": 6, ""robust"": false}"
roll_std_ret_60,missingness,rows,12835,OK,,
roll_std_ret_60,missingness,missing_count,60,OK,,"{""also"": ""NaN literals parsed by float()"", ""empty_or_token_cells"": 60, ""tokens"": ["""", ""n/a"", ""na"", ""nan"", ""none"", ""null""]}"
roll_std_ret_60,missingness,missing_fraction,0.004674717569146864,OK,,
roll_std_ret_60,missingness,nonnumeric_count,0,OK,,
roll_std_ret_60,missingness,nonfinite_count,60,OK,,
roll_std_ret_60,missingness,longest_finite_run,12775,OK,,
roll_std_ret_60,missingness,constant_flag,False,OK,,
roll_std_ret_60,missingness,unique_count,12768,OK,,
roll_std_ret_60,distribution,mean,0.014675334502998042,OK,,
roll_std_ret_60,distribution,std,0.007860547465862273,OK,,
roll_std_ret_60,distribution,min,0.0024774359,OK,,
roll_std_ret_60,distribution,max,0.052294914,OK,,
roll_std_ret_60,distribution,median,0.012959939,OK,,
roll_std_ret_60,distribution,iqr,0.00794135,OK,,
roll_std_ret_60,distribution,mad,0.003709347,OK,,
roll_std_ret_60,distribution,skewness,1.7393947688876539,OK,,"{""bias"": false}"
roll_std_ret_60,distribution,excess_kurtosis,4.031076105279191,OK,,"{""bias"": false}"
roll_std_ret_60,distribution,upper_tail_ratio,7.403690796319612,OK,,"{""formula"": ""(q0.995-q0.5)/(q0.75-q0.5); Gaussian ~3.82""}"
roll_std_ret_60,distribution,lower_tail_ratio,2.9979057306303813,OK,,"{""formula"": ""(q0.5-q0.005)/(q0.5-q0.25); Gaussian ~3.82""}"
roll_std_ret_60,distribution,robust_z_outlier_fraction_gt5,0.022544031311154598,OK,,"{""scale"": ""1.4826*MAD""}"
roll_std_ret_60,distribution,zero_fraction,0.0,OK,,
roll_std_ret_60,distribution,quantile_0.005,0.003093624385,OK,,"{""method"": ""numpy linear""}"
roll_std_ret_60,distribution,quantile_0.01,0.003323914342,OK,,"{""method"": ""numpy linear""}"
roll_std_ret_60,distribution,quantile_0.05,0.0059136422,OK,,"{""method"": ""numpy linear""}"
roll_std_ret_60,distribution,quantile_0.25,0.00966887,OK,,"{""method"": ""numpy linear""}"
roll_std_ret_60,distribution,quantile_0.5,0.012959939,OK,,"{""method"": ""numpy linear""}"
roll_std_ret_60,distribution,quantile_0.75,0.01761022,OK,,"{""method"": ""numpy linear""}"
roll_std_ret_60,distribution,quantile_0.95,0.030696606799999995,OK,,"{""method"": ""numpy linear""}"
roll_std_ret_60,distribution,quantile_0.99,0.04420143682,OK,,"{""method"": ""numpy linear""}"
roll_std_ret_60,distribution,quantile_0.995,0.04738918163999995,OK,,"{""method"": ""numpy linear""}"
roll_std_ret_60,volatility,diff_std,0.0005996589617292005,OK,,"{""rule"": ""longest contiguous finite run; no imputation"", ""segment_rows"": [60, 12835]}"
roll_std_ret_60,volatility,diff_abs_mean,0.00020904073728667607,OK,,"{""rule"": ""longest contiguous finite run; no imputation"", ""segment_rows"": [60, 12835]}"
roll_std_ret_60,volatility,diff_std_over_std,0.07628717520420444,OK,,"{""rule"": ""longest contiguous finite run; no imputation"", ""segment_rows"": [60, 12835]}"
roll_std_ret_60,volatility,rolling_std_cv,1.60189643454072,OK,,"{""rule"": ""non-overlapping primary-period blocks; std of block std / mean"", ""window_rows"": 6}"
roll_std_ret_60,trend,slope_per_row,-6.607294152563491e-07,OK,,"{""rule"": ""longest contiguous finite run; no imputation"", ""segment_rows"": [60, 12835]}"
roll_std_ret_60,trend,slope_per_day,,UNSUPPORTED,NO_VERIFIED_REGULAR_STEP,
roll_std_ret_60,trend,linear_r2,0.09609842288943327,OK,,
roll_std_ret_60,acf,acf_lag_1,0.9970729838479173,OK,,"{""estimator"": ""biased, mean-centered""}"
roll_std_ret_60,acf,acf_lag_2,0.9937860508452208,OK,,"{""estimator"": ""biased, mean-centered""}"
roll_std_ret_60,acf,acf_lag_3,0.9901017728347008,OK,,"{""estimator"": ""biased, mean-centered""}"
roll_std_ret_60,acf,acf_lag_6,0.9758882057724101,OK,,"{""estimator"": ""biased, mean-centered""}"
roll_std_ret_60,acf,acf_lag_12,0.9416558906852458,OK,,"{""estimator"": ""biased, mean-centered""}"
roll_std_ret_60,acf,acf_lag_42,0.7193511938034998,OK,,"{""estimator"": ""biased, mean-centered""}"
roll_std_ret_60,acf,decorrelation_lag_1_over_e,,NOT_RUN,ACF_ABOVE_1_OVER_E_THROUGH_LAG_64,
roll_std_ret_60,spectral,peak1_period_rows,4258.333333333333,OK,,"{""method"": ""periodogram, linear detrend, rank by power""}"
roll_std_ret_60,spectral,peak1_power_fraction,0.0762140921740698,OK,,
roll_std_ret_60,spectral,peak2_period_rows,3193.75,OK,,"{""method"": ""periodogram, linear detrend, rank by power""}"
roll_std_ret_60,spectral,peak2_power_fraction,0.0750954273815077,OK,,
roll_std_ret_60,spectral,peak3_period_rows,1596.875,OK,,"{""method"": ""periodogram, linear detrend, rank by power""}"
roll_std_ret_60,spectral,peak3_power_fraction,0.0741071377598186,OK,,
roll_std_ret_60,spectral,peak1_period_hours,,UNSUPPORTED,NO_VERIFIED_REGULAR_STEP,
roll_std_ret_60,spectral,entropy_normalized,0.4724180268653004,OK,,
roll_std_ret_60,spectral,low_frequency_power_fraction,0.9983387514960381,OK,,"{""basis"": ""primary period"", ""cutoff_cycles_per_row"": 0.16666666666666666}"
roll_std_ret_60,spectral,centroid_cycles_per_row,0.0035948303766586325,OK,,
roll_std_ret_60,stationarity,adf_c_aic_statistic,-7.581544561234516,OK,,"{""autolag"": ""AIC"", ""lag_selection"": ""AIC over lags 0..maxlag on the common trimmed sample, as statsmodels _autolag does, without retaining every fitted model; final fit adfuller(maxlag=best, autolag=None)"", ""limitation"": ""MacKinnon approximate p-value; low power near unity; lag choice by AIC"", ""maxlag"": 41, ""n"": 12775, ""null"": ""unit root"", ""regression"": ""c"", ""test"": ""ADF""}"
roll_std_ret_60,stationarity,adf_c_aic_pvalue,2.6737171614662705e-11,OK,,"{""autolag"": ""AIC"", ""lag_selection"": ""AIC over lags 0..maxlag on the common trimmed sample, as statsmodels _autolag does, without retaining every fitted model; final fit adfuller(maxlag=best, autolag=None)"", ""limitation"": ""MacKinnon approximate p-value; low power near unity; lag choice by AIC"", ""maxlag"": 41, ""n"": 12775, ""null"": ""unit root"", ""regression"": ""c"", ""test"": ""ADF""}"
roll_std_ret_60,stationarity,adf_c_aic_lags,25,OK,,"{""autolag"": ""AIC"", ""lag_selection"": ""AIC over lags 0..maxlag on the common trimmed sample, as statsmodels _autolag does, without retaining every fitted model; final fit adfuller(maxlag=best, autolag=None)"", ""limitation"": ""MacKinnon approximate p-value; low power near unity; lag choice by AIC"", ""maxlag"": 41, ""n"": 12775, ""null"": ""unit root"", ""regression"": ""c"", ""test"": ""ADF""}"
roll_std_ret_60,stationarity,kpss_c_auto_statistic,1.9940434931377673,OK_WITH_WARNING,,"{""limitation"": ""p-value interpolated from a table bounded to [0.01, 0.10]"", ""n"": 12775, ""nlags"": ""auto (Hobijn)"", ""null"": ""level stationarity"", ""regression"": ""c"", ""test"": ""KPSS"", ""warnings"": [""The test statistic is outside of the range of p-values available in the\nlook-up table. The actual p-value is smaller than the p-value returned.\n""]}"
roll_std_ret_60,stationarity,kpss_c_auto_pvalue,0.01,OK_WITH_WARNING,P_VALUE_AT_TABLE_BOUND,"{""limitation"": ""p-value interpolated from a table bounded to [0.01, 0.10]"", ""n"": 12775, ""nlags"": ""auto (Hobijn)"", ""null"": ""level stationarity"", ""regression"": ""c"", ""test"": ""KPSS"", ""warnings"": [""The test statistic is outside of the range of p-values available in the\nlook-up table. The actual p-value is smaller than the p-value returned.\n""]}"
roll_std_ret_60,stationarity,kpss_c_auto_lags,69,OK_WITH_WARNING,,"{""limitation"": ""p-value interpolated from a table bounded to [0.01, 0.10]"", ""n"": 12775, ""nlags"": ""auto (Hobijn)"", ""null"": ""level stationarity"", ""regression"": ""c"", ""test"": ""KPSS"", ""warnings"": [""The test statistic is outside of the range of p-values available in the\nlook-up table. The actual p-value is smaller than the p-value returned.\n""]}"
roll_std_ret_60,stationarity,kpss_ct_auto_statistic,0.5252419187224759,OK_WITH_WARNING,,"{""limitation"": ""p-value interpolated from a table bounded to [0.01, 0.10]"", ""n"": 12775, ""nlags"": ""auto (Hobijn)"", ""null"": ""trend stationarity"", ""regression"": ""ct"", ""test"": ""KPSS"", ""warnings"": [""The test statistic is outside of the range of p-values available in the\nlook-up table. The actual p-value is smaller than the p-value returned.\n""]}"
roll_std_ret_60,stationarity,kpss_ct_auto_pvalue,0.01,OK_WITH_WARNING,P_VALUE_AT_TABLE_BOUND,"{""limitation"": ""p-value interpolated from a table bounded to [0.01, 0.10]"", ""n"": 12775, ""nlags"": ""auto (Hobijn)"", ""null"": ""trend stationarity"", ""regression"": ""ct"", ""test"": ""KPSS"", ""warnings"": [""The test statistic is outside of the range of p-values available in the\nlook-up table. The actual p-value is smaller than the p-value returned.\n""]}"
roll_std_ret_60,stationarity,kpss_ct_auto_lags,69,OK_WITH_WARNING,,"{""limitation"": ""p-value interpolated from a table bounded to [0.01, 0.10]"", ""n"": 12775, ""nlags"": ""auto (Hobijn)"", ""null"": ""trend stationarity"", ""regression"": ""ct"", ""test"": ""KPSS"", ""warnings"": [""The test statistic is outside of the range of p-values available in the\nlook-up table. The actual p-value is smaller than the p-value returned.\n""]}"
roll_std_ret_60,stationarity,adf_kpss_joint_reading,BOTH_REJECT_CONFLICT,OK,,"{""alpha"": 0.05, ""note"": ""descriptive, unadjusted for multiple testing; not an eligibility rule""}"
roll_std_ret_60,seasonality,acf_at_daily_6,0.9758882057724101,OK,,"{""declared_period_rows"": 6}"
roll_std_ret_60,seasonality,seasonal_diff_var_ratio_daily_6,0.04803915335915422,OK,,"{""formula"": ""var(x_t - x_{t-s}) / var(x_t); 2 for white noise, <1 when season repeats""}"
roll_std_ret_60,seasonality,acf_at_weekly_42,0.7193511938034998,OK,,"{""declared_period_rows"": 42}"
roll_std_ret_60,seasonality,seasonal_diff_var_ratio_weekly_42,0.5616692318055895,OK,,"{""formula"": ""var(x_t - x_{t-s}) / var(x_t); 2 for white noise, <1 when season repeats""}"
roll_std_ret_60,seasonality,stl_seasonal_strength_primary,0.29229939360082047,OK,,"{""formula"": ""max(0, 1 - var(R)/var(S+R)) and max(0, 1 - var(R)/var(T+R)) (Wang, Smith, Hyndman 2006)"", ""method"": ""statsmodels STL"", ""note"": ""optional diagnostic transform; not a model input"", ""period"": 6, ""robust"": false}"
roll_std_ret_60,seasonality,stl_trend_strength_primary,0.9978500141518258,OK,,"{""formula"": ""max(0, 1 - var(R)/var(S+R)) and max(0, 1 - var(R)/var(T+R)) (Wang, Smith, Hyndman 2006)"", ""method"": ""statsmodels STL"", ""note"": ""optional diagnostic transform; not a model input"", ""period"": 6, ""robust"": false}"
roll_skew_ret_60,missingness,rows,12835,OK,,
roll_skew_ret_60,missingness,missing_count,60,OK,,"{""also"": ""NaN literals parsed by float()"", ""empty_or_token_cells"": 60, ""tokens"": ["""", ""n/a"", ""na"", ""nan"", ""none"", ""null""]}"
roll_skew_ret_60,missingness,missing_fraction,0.004674717569146864,OK,,
roll_skew_ret_60,missingness,nonnumeric_count,0,OK,,
roll_skew_ret_60,missingness,nonfinite_count,60,OK,,
roll_skew_ret_60,missingness,longest_finite_run,12775,OK,,
roll_skew_ret_60,missingness,constant_flag,False,OK,,
roll_skew_ret_60,missingness,unique_count,12773,OK,,
roll_skew_ret_60,distribution,mean,-0.059604016924060664,OK,,
roll_skew_ret_60,distribution,std,1.2188584257067714,OK,,
roll_skew_ret_60,distribution,min,-5.777626,OK,,
roll_skew_ret_60,distribution,max,6.6166406,OK,,
roll_skew_ret_60,distribution,median,-0.050950445,OK,,
roll_skew_ret_60,distribution,iqr,1.09641359,OK,,
roll_skew_ret_60,distribution,mad,0.548493425,OK,,
roll_skew_ret_60,distribution,skewness,-0.16182071992953267,OK,,"{""bias"": false}"
roll_skew_ret_60,distribution,excess_kurtosis,2.463659255930841,OK,,"{""bias"": false}"
roll_skew_ret_60,distribution,upper_tail_ratio,6.434254817475465,OK,,"{""formula"": ""(q0.995-q0.5)/(q0.75-q0.5); Gaussian ~3.82""}"
roll_skew_ret_60,distribution,lower_tail_ratio,7.816257803804835,OK,,"{""formula"": ""(q0.5-q0.005)/(q0.5-q0.25); Gaussian ~3.82""}"
roll_skew_ret_60,distribution,robust_z_outlier_fraction_gt5,0.010019569471624266,OK,,"{""scale"": ""1.4826*MAD""}"
roll_skew_ret_60,distribution,zero_fraction,0.0,OK,,
roll_skew_ret_60,distribution,quantile_0.005,-4.351896521,OK,,"{""method"": ""numpy linear""}"
roll_skew_ret_60,distribution,quantile_0.01,-3.800328402,OK,,"{""method"": ""numpy linear""}"
roll_skew_ret_60,distribution,quantile_0.05,-2.0597686299999998,OK,,"{""method"": ""numpy linear""}"
roll_skew_ret_60,distribution,quantile_0.25,-0.60120687,OK,,"{""method"": ""numpy linear""}"
roll_skew_ret_60,distribution,quantile_0.5,-0.050950445,OK,,"{""method"": ""numpy linear""}"
roll_skew_ret_60,distribution,quantile_0.75,0.49520672,OK,,"{""method"": ""numpy linear""}"
roll_skew_ret_60,distribution,quantile_0.95,1.925097319999999,OK,,"{""method"": ""numpy linear""}"
roll_skew_ret_60,distribution,quantile_0.99,3.1389018400000004,OK,,"{""method"": ""numpy linear""}"
roll_skew_ret_60,distribution,quantile_0.995,3.463163924999993,OK,,"{""method"": ""numpy linear""}"
roll_skew_ret_60,volatility,diff_std,0.27348259060083147,OK,,"{""rule"": ""longest contiguous finite run; no imputation"", ""segment_rows"": [60, 12835]}"
roll_skew_ret_60,volatility,diff_abs_mean,0.0770441704899311,OK,,"{""rule"": ""longest contiguous finite run; no imputation"", ""segment_rows"": [60, 12835]}"
roll_skew_ret_60,volatility,diff_std_over_std,0.22437601023453477,OK,,"{""rule"": ""longest contiguous finite run; no imputation"", ""segment_rows"": [60, 12835]}"
roll_skew_ret_60,volatility,rolling_std_cv,1.9600672647554531,OK,,"{""rule"": ""non-overlapping primary-period blocks; std of block std / mean"", ""window_rows"": 6}"
roll_skew_ret_60,trend,slope_per_row,-8.76047163832033e-08,OK,,"{""rule"": ""longest contiguous finite run; no imputation"", ""segment_rows"": [60, 12835]}"
roll_skew_ret_60,trend,slope_per_day,,UNSUPPORTED,NO_VERIFIED_REGULAR_STEP,
roll_skew_ret_60,trend,linear_r2,7.026240533836159e-08,OK,,
roll_skew_ret_60,acf,acf_lag_1,0.9747484381088928,OK,,"{""estimator"": ""biased, mean-centered""}"
roll_skew_ret_60,acf,acf_lag_2,0.949418333720873,OK,,"{""estimator"": ""biased, mean-centered""}"
roll_skew_ret_60,acf,acf_lag_3,0.9248961270488453,OK,,"{""estimator"": ""biased, mean-centered""}"
roll_skew_ret_60,acf,acf_lag_6,0.8561954063633573,OK,,"{""estimator"": ""biased, mean-centered""}"
roll_skew_ret_60,acf,acf_lag_12,0.7325417527059301,OK,,"{""estimator"": ""biased, mean-centered""}"
roll_skew_ret_60,acf,acf_lag_42,0.22700532219333439,OK,,"{""estimator"": ""biased, mean-centered""}"
roll_skew_ret_60,acf,decorrelation_lag_1_over_e,34,OK,,
roll_skew_ret_60,spectral,peak1_period_rows,555.4347826086956,OK,,"{""method"": ""periodogram, linear detrend, rank by power""}"
roll_skew_ret_60,spectral,peak1_power_fraction,0.04861120101961691,OK,,
roll_skew_ret_60,spectral,peak2_period_rows,311.5853658536585,OK,,"{""method"": ""periodogram, linear detrend, rank by power""}"
roll_skew_ret_60,spectral,peak2_power_fraction,0.035224478401249926,OK,,
roll_skew_ret_60,spectral,peak3_period_rows,141.94444444444443,OK,,"{""method"": ""periodogram, linear detrend, rank by power""}"
roll_skew_ret_60,spectral,peak3_power_fraction,0.031084804455682142,OK,,
roll_skew_ret_60,spectral,peak1_period_hours,,UNSUPPORTED,NO_VERIFIED_REGULAR_STEP,
roll_skew_ret_60,spectral,entropy_normalized,0.6086767673678533,OK,,
roll_skew_ret_60,spectral,low_frequency_power_fraction,0.9859494425234007,OK,,"{""basis"": ""primary period"", ""cutoff_cycles_per_row"": 0.16666666666666666}"
roll_skew_ret_60,spectral,centroid_cycles_per_row,0.01437890099357917,OK,,
roll_skew_ret_60,stationarity,adf_c_aic_statistic,-12.70205019899552,OK,,"{""autolag"": ""AIC"", ""lag_selection"": ""AIC over lags 0..maxlag on the common trimmed sample, as statsmodels _autolag does, without retaining every fitted model; final fit adfuller(maxlag=best, autolag=None)"", ""limitation"": ""MacKinnon approximate p-value; low power near unity; lag choice by AIC"", ""maxlag"": 41, ""n"": 12775, ""null"": ""unit root"", ""regression"": ""c"", ""test"": ""ADF""}"
roll_skew_ret_60,stationarity,adf_c_aic_pvalue,1.0746491639019975e-23,OK,,"{""autolag"": ""AIC"", ""lag_selection"": ""AIC over lags 0..maxlag on the common trimmed sample, as statsmodels _autolag does, without retaining every fitted model; final fit adfuller(maxlag=best, autolag=None)"", ""limitation"": ""MacKinnon approximate p-value; low power near unity; lag choice by AIC"", ""maxlag"": 41, ""n"": 12775, ""null"": ""unit root"", ""regression"": ""c"", ""test"": ""ADF""}"
roll_skew_ret_60,stationarity,adf_c_aic_lags,35,OK,,"{""autolag"": ""AIC"", ""lag_selection"": ""AIC over lags 0..maxlag on the common trimmed sample, as statsmodels _autolag does, without retaining every fitted model; final fit adfuller(maxlag=best, autolag=None)"", ""limitation"": ""MacKinnon approximate p-value; low power near unity; lag choice by AIC"", ""maxlag"": 41, ""n"": 12775, ""null"": ""unit root"", ""regression"": ""c"", ""test"": ""ADF""}"
roll_skew_ret_60,stationarity,kpss_c_auto_statistic,0.041196307844545824,OK_WITH_WARNING,,"{""limitation"": ""p-value interpolated from a table bounded to [0.01, 0.10]"", ""n"": 12775, ""nlags"": ""auto (Hobijn)"", ""null"": ""level stationarity"", ""regression"": ""c"", ""test"": ""KPSS"", ""warnings"": [""The test statistic is outside of the range of p-values available in the\nlook-up table. The actual p-value is greater than the p-value returned.\n""]}"
roll_skew_ret_60,stationarity,kpss_c_auto_pvalue,0.1,OK_WITH_WARNING,P_VALUE_AT_TABLE_BOUND,"{""limitation"": ""p-value interpolated from a table bounded to [0.01, 0.10]"", ""n"": 12775, ""nlags"": ""auto (Hobijn)"", ""null"": ""level stationarity"", ""regression"": ""c"", ""test"": ""KPSS"", ""warnings"": [""The test statistic is outside of the range of p-values available in the\nlook-up table. The actual p-value is greater than the p-value returned.\n""]}"
roll_skew_ret_60,stationarity,kpss_c_auto_lags,68,OK_WITH_WARNING,,"{""limitation"": ""p-value interpolated from a table bounded to [0.01, 0.10]"", ""n"": 12775, ""nlags"": ""auto (Hobijn)"", ""null"": ""level stationarity"", ""regression"": ""c"", ""test"": ""KPSS"", ""warnings"": [""The test statistic is outside of the range of p-values available in the\nlook-up table. The actual p-value is greater than the p-value returned.\n""]}"
roll_skew_ret_60,stationarity,kpss_ct_auto_statistic,0.04127304861130438,OK_WITH_WARNING,,"{""limitation"": ""p-value interpolated from a table bounded to [0.01, 0.10]"", ""n"": 12775, ""nlags"": ""auto (Hobijn)"", ""null"": ""trend stationarity"", ""regression"": ""ct"", ""test"": ""KPSS"", ""warnings"": [""The test statistic is outside of the range of p-values available in the\nlook-up table. The actual p-value is greater than the p-value returned.\n""]}"
roll_skew_ret_60,stationarity,kpss_ct_auto_pvalue,0.1,OK_WITH_WARNING,P_VALUE_AT_TABLE_BOUND,"{""limitation"": ""p-value interpolated from a table bounded to [0.01, 0.10]"", ""n"": 12775, ""nlags"": ""auto (Hobijn)"", ""null"": ""trend stationarity"", ""regression"": ""ct"", ""test"": ""KPSS"", ""warnings"": [""The test statistic is outside of the range of p-values available in the\nlook-up table. The actual p-value is greater than the p-value returned.\n""]}"
roll_skew_ret_60,stationarity,kpss_ct_auto_lags,68,OK_WITH_WARNING,,"{""limitation"": ""p-value interpolated from a table bounded to [0.01, 0.10]"", ""n"": 12775, ""nlags"": ""auto (Hobijn)"", ""null"": ""trend stationarity"", ""regression"": ""ct"", ""test"": ""KPSS"", ""warnings"": [""The test statistic is outside of the range of p-values available in the\nlook-up table. The actual p-value is greater than the p-value returned.\n""]}"
roll_skew_ret_60,stationarity,adf_kpss_joint_reading,ADF_REJECTS_UNIT_ROOT_KPSS_DOES_NOT_REJECT_LEVEL,OK,,"{""alpha"": 0.05, ""note"": ""descriptive, unadjusted for multiple testing; not an eligibility rule""}"
roll_skew_ret_60,seasonality,acf_at_daily_6,0.856195406363357,OK,,"{""declared_period_rows"": 6}"
roll_skew_ret_60,seasonality,seasonal_diff_var_ratio_daily_6,0.2867978940419177,OK,,"{""formula"": ""var(x_t - x_{t-s}) / var(x_t); 2 for white noise, <1 when season repeats""}"
roll_skew_ret_60,seasonality,acf_at_weekly_42,0.22700532219333427,OK,,"{""declared_period_rows"": 42}"
roll_skew_ret_60,seasonality,seasonal_diff_var_ratio_weekly_42,1.5460481149938823,OK,,"{""formula"": ""var(x_t - x_{t-s}) / var(x_t); 2 for white noise, <1 when season repeats""}"
roll_skew_ret_60,seasonality,stl_seasonal_strength_primary,0.29489388101576974,OK,,"{""formula"": ""max(0, 1 - var(R)/var(S+R)) and max(0, 1 - var(R)/var(T+R)) (Wang, Smith, Hyndman 2006)"", ""method"": ""statsmodels STL"", ""note"": ""optional diagnostic transform; not a model input"", ""period"": 6, ""robust"": false}"
roll_skew_ret_60,seasonality,stl_trend_strength_primary,0.9789177132459422,OK,,"{""formula"": ""max(0, 1 - var(R)/var(S+R)) and max(0, 1 - var(R)/var(T+R)) (Wang, Smith, Hyndman 2006)"", ""method"": ""statsmodels STL"", ""note"": ""optional diagnostic transform; not a model input"", ""period"": 6, ""robust"": false}"
roll_kurt_ret_60,missingness,rows,12835,OK,,
roll_kurt_ret_60,missingness,missing_count,60,OK,,"{""also"": ""NaN literals parsed by float()"", ""empty_or_token_cells"": 60, ""tokens"": ["""", ""n/a"", ""na"", ""nan"", ""none"", ""null""]}"
roll_kurt_ret_60,missingness,missing_fraction,0.004674717569146864,OK,,
roll_kurt_ret_60,missingness,nonnumeric_count,0,OK,,
roll_kurt_ret_60,missingness,nonfinite_count,60,OK,,
roll_kurt_ret_60,missingness,longest_finite_run,12775,OK,,
roll_kurt_ret_60,missingness,constant_flag,False,OK,,
roll_kurt_ret_60,missingness,unique_count,12774,OK,,
roll_kurt_ret_60,distribution,mean,4.3517215181383655,OK,,
roll_kurt_ret_60,distribution,std,4.963893007526421,OK,,
roll_kurt_ret_60,distribution,min,-0.9040547,OK,,
roll_kurt_ret_60,distribution,max,48.281998,OK,,
roll_kurt_ret_60,distribution,median,2.7701116,OK,,
roll_kurt_ret_60,distribution,iqr,4.4413606,OK,,
roll_kurt_ret_60,distribution,mad,1.8219919599999999,OK,,
roll_kurt_ret_60,distribution,skewness,2.790374838833498,OK,,"{""bias"": false}"
roll_kurt_ret_60,distribution,excess_kurtosis,11.016735246546068,OK,,"{""bias"": false}"
roll_kurt_ret_60,distribution,upper_tail_ratio,9.328903600145365,OK,,"{""formula"": ""(q0.995-q0.5)/(q0.75-q0.5); Gaussian ~3.82""}"
roll_kurt_ret_60,distribution,lower_tail_ratio,2.266030893200741,OK,,"{""formula"": ""(q0.5-q0.005)/(q0.5-q0.25); Gaussian ~3.82""}"
roll_kurt_ret_60,distribution,robust_z_outlier_fraction_gt5,0.03420743639921722,OK,,"{""scale"": ""1.4826*MAD""}"
roll_kurt_ret_60,distribution,zero_fraction,0.0,OK,,
roll_kurt_ret_60,distribution,quantile_0.005,-0.6247243411,OK,,"{""method"": ""numpy linear""}"
roll_kurt_ret_60,distribution,quantile_0.01,-0.4833537124,OK,,"{""method"": ""numpy linear""}"
roll_kurt_ret_60,distribution,quantile_0.05,0.147846723,OK,,"{""method"": ""numpy linear""}"
roll_kurt_ret_60,distribution,quantile_0.25,1.27196965,OK,,"{""method"": ""numpy linear""}"
roll_kurt_ret_60,distribution,quantile_0.5,2.7701116,OK,,"{""method"": ""numpy linear""}"
roll_kurt_ret_60,distribution,quantile_0.75,5.71333025,OK,,"{""method"": ""numpy linear""}"
roll_kurt_ret_60,distribution,quantile_0.95,13.983729899999997,OK,,"{""method"": ""numpy linear""}"
roll_kurt_ret_60,distribution,quantile_0.99,25.95210412,OK,,"{""method"": ""numpy linear""}"
roll_kurt_ret_60,distribution,quantile_0.995,30.227114659999984,OK,,"{""method"": ""numpy linear""}"
roll_kurt_ret_60,volatility,diff_std,1.191866353806499,OK,,"{""rule"": ""longest contiguous finite run; no imputation"", ""segment_rows"": [60, 12835]}"
roll_kurt_ret_60,volatility,diff_abs_mean,0.2808317235143072,OK,,"{""rule"": ""longest contiguous finite run; no imputation"", ""segment_rows"": [60, 12835]}"
roll_kurt_ret_60,volatility,diff_std_over_std,0.24010718039235562,OK,,"{""rule"": ""longest contiguous finite run; no imputation"", ""segment_rows"": [60, 12835]}"
roll_kurt_ret_60,volatility,rolling_std_cv,2.392409111614667,OK,,"{""rule"": ""non-overlapping primary-period blocks; std of block std / mean"", ""window_rows"": 6}"
roll_kurt_ret_60,trend,slope_per_row,-0.0001025399258368394,OK,,"{""rule"": ""longest contiguous finite run; no imputation"", ""segment_rows"": [60, 12835]}"
roll_kurt_ret_60,trend,slope_per_day,,UNSUPPORTED,NO_VERIFIED_REGULAR_STEP,
roll_kurt_ret_60,trend,linear_r2,0.005803844121405222,OK,,
roll_kurt_ret_60,acf,acf_lag_1,0.9711545505464443,OK,,"{""estimator"": ""biased, mean-centered""}"
roll_kurt_ret_60,acf,acf_lag_2,0.9431125990880066,OK,,"{""estimator"": ""biased, mean-centered""}"
roll_kurt_ret_60,acf,acf_lag_3,0.9166675390750058,OK,,"{""estimator"": ""biased, mean-centered""}"
roll_kurt_ret_60,acf,acf_lag_6,0.8479099264919159,OK,,"{""estimator"": ""biased, mean-centered""}"
roll_kurt_ret_60,acf,acf_lag_12,0.725578521746,OK,,"{""estimator"": ""biased, mean-centered""}"
roll_kurt_ret_60,acf,acf_lag_42,0.2624671241130598,OK,,"{""estimator"": ""biased, mean-centered""}"
roll_kurt_ret_60,acf,decorrelation_lag_1_over_e,34,OK,,
roll_kurt_ret_60,spectral,peak1_period_rows,6387.5,OK,,"{""method"": ""periodogram, linear detrend, rank by power""}"
roll_kurt_ret_60,spectral,peak1_power_fraction,0.03658303672468995,OK,,
roll_kurt_ret_60,spectral,peak2_period_rows,3193.75,OK,,"{""method"": ""periodogram, linear detrend, rank by power""}"
roll_kurt_ret_60,spectral,peak2_power_fraction,0.033293364017419454,OK,,
roll_kurt_ret_60,spectral,peak3_period_rows,12775.0,OK,,"{""method"": ""periodogram, linear detrend, rank by power""}"
roll_kurt_ret_60,spectral,peak3_power_fraction,0.028938280616282126,OK,,
roll_kurt_ret_60,spectral,peak1_period_hours,,UNSUPPORTED,NO_VERIFIED_REGULAR_STEP,
roll_kurt_ret_60,spectral,entropy_normalized,0.6190654564534886,OK,,
roll_kurt_ret_60,spectral,low_frequency_power_fraction,0.9837694019615568,OK,,"{""basis"": ""primary period"", ""cutoff_cycles_per_row"": 0.16666666666666666}"
roll_kurt_ret_60,spectral,centroid_cycles_per_row,0.015326573235916888,OK,,
roll_kurt_ret_60,stationarity,adf_c_aic_statistic,-12.344845760120277,OK,,"{""autolag"": ""AIC"", ""lag_selection"": ""AIC over lags 0..maxlag on the common trimmed sample, as statsmodels _autolag does, without retaining every fitted model; final fit adfuller(maxlag=best, autolag=None)"", ""limitation"": ""MacKinnon approximate p-value; low power near unity; lag choice by AIC"", ""maxlag"": 41, ""n"": 12775, ""null"": ""unit root"", ""regression"": ""c"", ""test"": ""ADF""}"
roll_kurt_ret_60,stationarity,adf_c_aic_pvalue,6.00454920036723e-23,OK,,"{""autolag"": ""AIC"", ""lag_selection"": ""AIC over lags 0..maxlag on the common trimmed sample, as statsmodels _autolag does, without retaining every fitted model; final fit adfuller(maxlag=best, autolag=None)"", ""limitation"": ""MacKinnon approximate p-value; low power near unity; lag choice by AIC"", ""maxlag"": 41, ""n"": 12775, ""null"": ""unit root"", ""regression"": ""c"", ""test"": ""ADF""}"
roll_kurt_ret_60,stationarity,adf_c_aic_lags,5,OK,,"{""autolag"": ""AIC"", ""lag_selection"": ""AIC over lags 0..maxlag on the common trimmed sample, as statsmodels _autolag does, without retaining every fitted model; final fit adfuller(maxlag=best, autolag=None)"", ""limitation"": ""MacKinnon approximate p-value; low power near unity; lag choice by AIC"", ""maxlag"": 41, ""n"": 12775, ""null"": ""unit root"", ""regression"": ""c"", ""test"": ""ADF""}"
roll_kurt_ret_60,stationarity,kpss_c_auto_statistic,0.684662931289132,OK,,"{""limitation"": ""p-value interpolated from a table bounded to [0.01, 0.10]"", ""n"": 12775, ""nlags"": ""auto (Hobijn)"", ""null"": ""level stationarity"", ""regression"": ""c"", ""test"": ""KPSS""}"
roll_kurt_ret_60,stationarity,kpss_c_auto_pvalue,0.014939733519169815,OK,,"{""limitation"": ""p-value interpolated from a table bounded to [0.01, 0.10]"", ""n"": 12775, ""nlags"": ""auto (Hobijn)"", ""null"": ""level stationarity"", ""regression"": ""c"", ""test"": ""KPSS""}"
roll_kurt_ret_60,stationarity,kpss_c_auto_lags,68,OK,,"{""limitation"": ""p-value interpolated from a table bounded to [0.01, 0.10]"", ""n"": 12775, ""nlags"": ""auto (Hobijn)"", ""null"": ""level stationarity"", ""regression"": ""c"", ""test"": ""KPSS""}"
roll_kurt_ret_60,stationarity,kpss_ct_auto_statistic,0.3581092137624172,OK_WITH_WARNING,,"{""limitation"": ""p-value interpolated from a table bounded to [0.01, 0.10]"", ""n"": 12775, ""nlags"": ""auto (Hobijn)"", ""null"": ""trend stationarity"", ""regression"": ""ct"", ""test"": ""KPSS"", ""warnings"": [""The test statistic is outside of the range of p-values available in the\nlook-up table. The actual p-value is smaller than the p-value returned.\n""]}"
roll_kurt_ret_60,stationarity,kpss_ct_auto_pvalue,0.01,OK_WITH_WARNING,P_VALUE_AT_TABLE_BOUND,"{""limitation"": ""p-value interpolated from a table bounded to [0.01, 0.10]"", ""n"": 12775, ""nlags"": ""auto (Hobijn)"", ""null"": ""trend stationarity"", ""regression"": ""ct"", ""test"": ""KPSS"", ""warnings"": [""The test statistic is outside of the range of p-values available in the\nlook-up table. The actual p-value is smaller than the p-value returned.\n""]}"
roll_kurt_ret_60,stationarity,kpss_ct_auto_lags,68,OK_WITH_WARNING,,"{""limitation"": ""p-value interpolated from a table bounded to [0.01, 0.10]"", ""n"": 12775, ""nlags"": ""auto (Hobijn)"", ""null"": ""trend stationarity"", ""regression"": ""ct"", ""test"": ""KPSS"", ""warnings"": [""The test statistic is outside of the range of p-values available in the\nlook-up table. The actual p-value is smaller than the p-value returned.\n""]}"
roll_kurt_ret_60,stationarity,adf_kpss_joint_reading,BOTH_REJECT_CONFLICT,OK,,"{""alpha"": 0.05, ""note"": ""descriptive, unadjusted for multiple testing; not an eligibility rule""}"
roll_kurt_ret_60,seasonality,acf_at_daily_6,0.8479099264919158,OK,,"{""declared_period_rows"": 6}"
roll_kurt_ret_60,seasonality,seasonal_diff_var_ratio_daily_6,0.3040820410045311,OK,,"{""formula"": ""var(x_t - x_{t-s}) / var(x_t); 2 for white noise, <1 when season repeats""}"
roll_kurt_ret_60,seasonality,acf_at_weekly_42,0.2624671241130598,OK,,"{""declared_period_rows"": 42}"
roll_kurt_ret_60,seasonality,seasonal_diff_var_ratio_weekly_42,1.478983986066663,OK,,"{""formula"": ""var(x_t - x_{t-s}) / var(x_t); 2 for white noise, <1 when season repeats""}"
roll_kurt_ret_60,seasonality,stl_seasonal_strength_primary,0.3149931520785194,OK,,"{""formula"": ""max(0, 1 - var(R)/var(S+R)) and max(0, 1 - var(R)/var(T+R)) (Wang, Smith, Hyndman 2006)"", ""method"": ""statsmodels STL"", ""note"": ""optional diagnostic transform; not a model input"", ""period"": 6, ""robust"": false}"
roll_kurt_ret_60,seasonality,stl_trend_strength_primary,0.9763022508215505,OK,,"{""formula"": ""max(0, 1 - var(R)/var(S+R)) and max(0, 1 - var(R)/var(T+R)) (Wang, Smith, Hyndman 2006)"", ""method"": ""statsmodels STL"", ""note"": ""optional diagnostic transform; not a model input"", ""period"": 6, ""robust"": false}"
roll_mean_ret_252,missingness,rows,12835,OK,,
roll_mean_ret_252,missingness,missing_count,252,OK,,"{""also"": ""NaN literals parsed by float()"", ""empty_or_token_cells"": 252, ""tokens"": ["""", ""n/a"", ""na"", ""nan"", ""none"", ""null""]}"
roll_mean_ret_252,missingness,missing_fraction,0.01963381379041683,OK,,
roll_mean_ret_252,missingness,nonnumeric_count,0,OK,,
roll_mean_ret_252,missingness,nonfinite_count,252,OK,,
roll_mean_ret_252,missingness,longest_finite_run,12583,OK,,
roll_mean_ret_252,missingness,constant_flag,False,OK,,
roll_mean_ret_252,missingness,unique_count,12581,OK,,
roll_mean_ret_252,distribution,mean,0.00015040527152139474,OK,,
roll_mean_ret_252,distribution,std,0.0011342613574776622,OK,,
roll_mean_ret_252,distribution,min,-0.0036243736,OK,,
roll_mean_ret_252,distribution,max,0.0041305195,OK,,
roll_mean_ret_252,distribution,median,7.2933064e-05,OK,,
roll_mean_ret_252,distribution,iqr,0.001517952215,OK,,
roll_mean_ret_252,distribution,mad,0.000762181614,OK,,
roll_mean_ret_252,distribution,skewness,0.18832399104161412,OK,,"{""bias"": false}"
roll_mean_ret_252,distribution,excess_kurtosis,0.04105087855155887,OK,,"{""bias"": false}"
roll_mean_ret_252,distribution,upper_tail_ratio,3.9073346356678664,OK,,"{""formula"": ""(q0.995-q0.5)/(q0.75-q0.5); Gaussian ~3.82""}"
roll_mean_ret_252,distribution,lower_tail_ratio,3.9954096576586045,OK,,"{""formula"": ""(q0.5-q0.005)/(q0.5-q0.25); Gaussian ~3.82""}"
roll_mean_ret_252,distribution,robust_z_outlier_fraction_gt5,0.0,OK,,"{""scale"": ""1.4826*MAD""}"
roll_mean_ret_252,distribution,zero_fraction,0.0,OK,,
roll_mean_ret_252,distribution,quantile_0.005,-0.002497959603,OK,,"{""method"": ""numpy linear""}"
roll_mean_ret_252,distribution,quantile_0.01,-0.002301950344,OK,,"{""method"": ""numpy linear""}"
roll_mean_ret_252,distribution,quantile_0.05,-0.00172505471,OK,,"{""method"": ""numpy linear""}"
roll_mean_ret_252,distribution,quantile_0.25,-0.00057052853,OK,,"{""method"": ""numpy linear""}"
roll_mean_ret_252,distribution,quantile_0.5,7.2933064e-05,OK,,"{""method"": ""numpy linear""}"
roll_mean_ret_252,distribution,quantile_0.75,0.000947423685,OK,,"{""method"": ""numpy linear""}"
roll_mean_ret_252,distribution,quantile_0.95,0.00200093053,OK,,"{""method"": ""numpy linear""}"
roll_mean_ret_252,distribution,quantile_0.99,0.003107585522,OK,,"{""method"": ""numpy linear""}"
roll_mean_ret_252,distribution,quantile_0.995,0.0034898605560000013,OK,,"{""method"": ""numpy linear""}"
roll_mean_ret_252,volatility,diff_std,9.375325716716866e-05,OK,,"{""rule"": ""longest contiguous finite run; no imputation"", ""segment_rows"": [252, 12835]}"
roll_mean_ret_252,volatility,diff_abs_mean,6.146338524190907e-05,OK,,"{""rule"": ""longest contiguous finite run; no imputation"", ""segment_rows"": [252, 12835]}"
roll_mean_ret_252,volatility,diff_std_over_std,0.08265577994797818,OK,,"{""rule"": ""longest contiguous finite run; no imputation"", ""segment_rows"": [252, 12835]}"
roll_mean_ret_252,volatility,rolling_std_cv,0.764528495515139,OK,,"{""rule"": ""non-overlapping primary-period blocks; std of block std / mean"", ""window_rows"": 6}"
roll_mean_ret_252,trend,slope_per_row,-2.366686827251408e-08,OK,,"{""rule"": ""longest contiguous finite run; no imputation"", ""segment_rows"": [252, 12835]}"
roll_mean_ret_252,trend,slope_per_day,,UNSUPPORTED,NO_VERIFIED_REGULAR_STEP,
roll_mean_ret_252,trend,linear_r2,0.005744827254177243,OK,,
roll_mean_ret_252,acf,acf_lag_1,0.9965809283059504,OK,,"{""estimator"": ""biased, mean-centered""}"
roll_mean_ret_252,acf,acf_lag_2,0.9935602078901686,OK,,"{""estimator"": ""biased, mean-centered""}"
roll_mean_ret_252,acf,acf_lag_3,0.9905559818437044,OK,,"{""estimator"": ""biased, mean-centered""}"
roll_mean_ret_252,acf,acf_lag_6,0.9802516030882571,OK,,"{""estimator"": ""biased, mean-centered""}"
roll_mean_ret_252,acf,acf_lag_12,0.9625210239271078,OK,,"{""estimator"": ""biased, mean-centered""}"
roll_mean_ret_252,acf,acf_lag_42,0.8695187227955382,OK,,"{""estimator"": ""biased, mean-centered""}"
roll_mean_ret_252,acf,decorrelation_lag_1_over_e,,NOT_RUN,ACF_ABOVE_1_OVER_E_THROUGH_LAG_64,
roll_mean_ret_252,spectral,peak1_period_rows,1797.5714285714287,OK,,"{""method"": ""periodogram, linear detrend, rank by power""}"
roll_mean_ret_252,spectral,peak1_power_fraction,0.11047733120726562,OK,,
roll_mean_ret_252,spectral,peak2_period_rows,4194.333333333333,OK,,"{""method"": ""periodogram, linear detrend, rank by power""}"
roll_mean_ret_252,spectral,peak2_power_fraction,0.10245773186169786,OK,,
roll_mean_ret_252,spectral,peak3_period_rows,1398.111111111111,OK,,"{""method"": ""periodogram, linear detrend, rank by power""}"
roll_mean_ret_252,spectral,peak3_power_fraction,0.07112492803854312,OK,,
roll_mean_ret_252,spectral,peak1_period_hours,,UNSUPPORTED,NO_VERIFIED_REGULAR_STEP,
roll_mean_ret_252,spectral,entropy_normalized,0.4030981069571713,OK,,
roll_mean_ret_252,spectral,low_frequency_power_fraction,0.9979903063685129,OK,,"{""basis"": ""primary period"", ""cutoff_cycles_per_row"": 0.16666666666666666}"
roll_mean_ret_252,spectral,centroid_cycles_per_row,0.0026456455981514874,OK,,
roll_mean_ret_252,stationarity,adf_c_aic_statistic,-4.888059468155304,OK,,"{""autolag"": ""AIC"", ""lag_selection"": ""AIC over lags 0..maxlag on the common trimmed sample, as statsmodels _autolag does, without retaining every fitted model; final fit adfuller(maxlag=best, autolag=None)"", ""limitation"": ""MacKinnon approximate p-value; low power near unity; lag choice by AIC"", ""maxlag"": 41, ""n"": 12583, ""null"": ""unit root"", ""regression"": ""c"", ""test"": ""ADF""}"
roll_mean_ret_252,stationarity,adf_c_aic_pvalue,3.678957578695773e-05,OK,,"{""autolag"": ""AIC"", ""lag_selection"": ""AIC over lags 0..maxlag on the common trimmed sample, as statsmodels _autolag does, without retaining every fitted model; final fit adfuller(maxlag=best, autolag=None)"", ""limitation"": ""MacKinnon approximate p-value; low power near unity; lag choice by AIC"", ""maxlag"": 41, ""n"": 12583, ""null"": ""unit root"", ""regression"": ""c"", ""test"": ""ADF""}"
roll_mean_ret_252,stationarity,adf_c_aic_lags,40,OK,,"{""autolag"": ""AIC"", ""lag_selection"": ""AIC over lags 0..maxlag on the common trimmed sample, as statsmodels _autolag does, without retaining every fitted model; final fit adfuller(maxlag=best, autolag=None)"", ""limitation"": ""MacKinnon approximate p-value; low power near unity; lag choice by AIC"", ""maxlag"": 41, ""n"": 12583, ""null"": ""unit root"", ""regression"": ""c"", ""test"": ""ADF""}"
roll_mean_ret_252,stationarity,kpss_c_auto_statistic,0.36259900612048684,OK,,"{""limitation"": ""p-value interpolated from a table bounded to [0.01, 0.10]"", ""n"": 12583, ""nlags"": ""auto (Hobijn)"", ""null"": ""level stationarity"", ""regression"": ""c"", ""test"": ""KPSS""}"
roll_mean_ret_252,stationarity,kpss_c_auto_pvalue,0.09327629046530739,OK,,"{""limitation"": ""p-value interpolated from a table bounded to [0.01, 0.10]"", ""n"": 12583, ""nlags"": ""auto (Hobijn)"", ""null"": ""level stationarity"", ""regression"": ""c"", ""test"": ""KPSS""}"
roll_mean_ret_252,stationarity,kpss_c_auto_lags,69,OK,,"{""limitation"": ""p-value interpolated from a table bounded to [0.01, 0.10]"", ""n"": 12583, ""nlags"": ""auto (Hobijn)"", ""null"": ""level stationarity"", ""regression"": ""c"", ""test"": ""KPSS""}"
roll_mean_ret_252,stationarity,kpss_ct_auto_statistic,0.2761663783368663,OK_WITH_WARNING,,"{""limitation"": ""p-value interpolated from a table bounded to [0.01, 0.10]"", ""n"": 12583, ""nlags"": ""auto (Hobijn)"", ""null"": ""trend stationarity"", ""regression"": ""ct"", ""test"": ""KPSS"", ""warnings"": [""The test statistic is outside of the range of p-values available in the\nlook-up table. The actual p-value is smaller than the p-value returned.\n""]}"
roll_mean_ret_252,stationarity,kpss_ct_auto_pvalue,0.01,OK_WITH_WARNING,P_VALUE_AT_TABLE_BOUND,"{""limitation"": ""p-value interpolated from a table bounded to [0.01, 0.10]"", ""n"": 12583, ""nlags"": ""auto (Hobijn)"", ""null"": ""trend stationarity"", ""regression"": ""ct"", ""test"": ""KPSS"", ""warnings"": [""The test statistic is outside of the range of p-values available in the\nlook-up table. The actual p-value is smaller than the p-value returned.\n""]}"
roll_mean_ret_252,stationarity,kpss_ct_auto_lags,69,OK_WITH_WARNING,,"{""limitation"": ""p-value interpolated from a table bounded to [0.01, 0.10]"", ""n"": 12583, ""nlags"": ""auto (Hobijn)"", ""null"": ""trend stationarity"", ""regression"": ""ct"", ""test"": ""KPSS"", ""warnings"": [""The test statistic is outside of the range of p-values available in the\nlook-up table. The actual p-value is smaller than the p-value returned.\n""]}"
roll_mean_ret_252,stationarity,adf_kpss_joint_reading,ADF_REJECTS_UNIT_ROOT_KPSS_DOES_NOT_REJECT_LEVEL,OK,,"{""alpha"": 0.05, ""note"": ""descriptive, unadjusted for multiple testing; not an eligibility rule""}"
roll_mean_ret_252,seasonality,acf_at_daily_6,0.9802516030882573,OK,,"{""declared_period_rows"": 6}"
roll_mean_ret_252,seasonality,seasonal_diff_var_ratio_daily_6,0.039442428892019106,OK,,"{""formula"": ""var(x_t - x_{t-s}) / var(x_t); 2 for white noise, <1 when season repeats""}"
roll_mean_ret_252,seasonality,acf_at_weekly_42,0.8695187227955384,OK,,"{""declared_period_rows"": 42}"
roll_mean_ret_252,seasonality,seasonal_diff_var_ratio_weekly_42,0.26143849857459744,OK,,"{""formula"": ""var(x_t - x_{t-s}) / var(x_t); 2 for white noise, <1 when season repeats""}"
roll_mean_ret_252,seasonality,stl_seasonal_strength_primary,0.23522599871645455,OK,,"{""formula"": ""max(0, 1 - var(R)/var(S+R)) and max(0, 1 - var(R)/var(T+R)) (Wang, Smith, Hyndman 2006)"", ""method"": ""statsmodels STL"", ""note"": ""optional diagnostic transform; not a model input"", ""period"": 6, ""robust"": false}"
roll_mean_ret_252,seasonality,stl_trend_strength_primary,0.9971838041300871,OK,,"{""formula"": ""max(0, 1 - var(R)/var(S+R)) and max(0, 1 - var(R)/var(T+R)) (Wang, Smith, Hyndman 2006)"", ""method"": ""statsmodels STL"", ""note"": ""optional diagnostic transform; not a model input"", ""period"": 6, ""robust"": false}"
roll_std_ret_252,missingness,rows,12835,OK,,
roll_std_ret_252,missingness,missing_count,252,OK,,"{""also"": ""NaN literals parsed by float()"", ""empty_or_token_cells"": 252, ""tokens"": ["""", ""n/a"", ""na"", ""nan"", ""none"", ""null""]}"
roll_std_ret_252,missingness,missing_fraction,0.01963381379041683,OK,,
roll_std_ret_252,missingness,nonnumeric_count,0,OK,,
roll_std_ret_252,missingness,nonfinite_count,252,OK,,
roll_std_ret_252,missingness,longest_finite_run,12583,OK,,
roll_std_ret_252,missingness,constant_flag,False,OK,,
roll_std_ret_252,missingness,unique_count,12571,OK,,
roll_std_ret_252,distribution,mean,0.01529264618900898,OK,,
roll_std_ret_252,distribution,std,0.006431173324315061,OK,,
roll_std_ret_252,distribution,min,0.0049053603,OK,,
roll_std_ret_252,distribution,max,0.039435863,OK,,
roll_std_ret_252,distribution,median,0.013724114,OK,,
roll_std_ret_252,distribution,iqr,0.006285806000000001,OK,,
roll_std_ret_252,distribution,mad,0.0029993220000000004,OK,,
roll_std_ret_252,distribution,skewness,1.423541802274484,OK,,"{""bias"": false}"
roll_std_ret_252,distribution,excess_kurtosis,1.9816825442968726,OK,,"{""bias"": false}"
roll_std_ret_252,distribution,upper_tail_ratio,6.707995770505829,OK,,"{""formula"": ""(q0.995-q0.5)/(q0.75-q0.5); Gaussian ~3.82""}"
roll_std_ret_252,distribution,lower_tail_ratio,2.8964931238366827,OK,,"{""formula"": ""(q0.5-q0.005)/(q0.5-q0.25); Gaussian ~3.82""}"
roll_std_ret_252,distribution,robust_z_outlier_fraction_gt5,0.016609711515536835,OK,,"{""scale"": ""1.4826*MAD""}"
roll_std_ret_252,distribution,zero_fraction,0.0,OK,,
roll_std_ret_252,distribution,quantile_0.005,0.00579390975,OK,,"{""method"": ""numpy linear""}"
roll_std_ret_252,distribution,quantile_0.01,0.006267902396,OK,,"{""method"": ""numpy linear""}"
roll_std_ret_252,distribution,quantile_0.05,0.008045147050000001,OK,,"{""method"": ""numpy linear""}"
roll_std_ret_252,distribution,quantile_0.25,0.01098625,OK,,"{""method"": ""numpy linear""}"
roll_std_ret_252,distribution,quantile_0.5,0.013724114,OK,,"{""method"": ""numpy linear""}"
roll_std_ret_252,distribution,quantile_0.75,0.017272056,OK,,"{""method"": ""numpy linear""}"
roll_std_ret_252,distribution,quantile_0.95,0.0286115215,OK,,"{""method"": ""numpy linear""}"
roll_std_ret_252,distribution,quantile_0.99,0.03694511534,OK,,"{""method"": ""numpy linear""}"
roll_std_ret_252,distribution,quantile_0.995,0.03752369393,OK,,"{""method"": ""numpy linear""}"
roll_std_ret_252,volatility,diff_std,0.0001688545471114583,OK,,"{""rule"": ""longest contiguous finite run; no imputation"", ""segment_rows"": [252, 12835]}"
roll_std_ret_252,volatility,diff_abs_mean,5.072333294388809e-05,OK,,"{""rule"": ""longest contiguous finite run; no imputation"", ""segment_rows"": [252, 12835]}"
roll_std_ret_252,volatility,diff_std_over_std,0.02625563619519488,OK,,"{""rule"": ""longest contiguous finite run; no imputation"", ""segment_rows"": [252, 12835]}"
roll_std_ret_252,volatility,rolling_std_cv,1.8921242030034804,OK,,"{""rule"": ""non-overlapping primary-period blocks; std of block std / mean"", ""window_rows"": 6}"
roll_std_ret_252,trend,slope_per_row,-6.825766108808433e-07,OK,,"{""rule"": ""longest contiguous finite run; no imputation"", ""segment_rows"": [252, 12835]}"
roll_std_ret_252,trend,slope_per_day,,UNSUPPORTED,NO_VERIFIED_REGULAR_STEP,
roll_std_ret_252,trend,linear_r2,0.14864285457876492,OK,,
roll_std_ret_252,acf,acf_lag_1,0.9994539160632052,OK,,"{""estimator"": ""biased, mean-centered""}"
roll_std_ret_252,acf,acf_lag_2,0.9988487397607535,OK,,"{""estimator"": ""biased, mean-centered""}"
roll_std_ret_252,acf,acf_lag_3,0.9981881430929811,OK,,"{""estimator"": ""biased, mean-centered""}"
roll_std_ret_252,acf,acf_lag_6,0.995662788218102,OK,,"{""estimator"": ""biased, mean-centered""}"
roll_std_ret_252,acf,acf_lag_12,0.9897438778173158,OK,,"{""estimator"": ""biased, mean-centered""}"
roll_std_ret_252,acf,acf_lag_42,0.9483581066070863,OK,,"{""estimator"": ""biased, mean-centered""}"
roll_std_ret_252,acf,decorrelation_lag_1_over_e,,NOT_RUN,ACF_ABOVE_1_OVER_E_THROUGH_LAG_64,
roll_std_ret_252,spectral,peak1_period_rows,4194.333333333333,OK,,"{""method"": ""periodogram, linear detrend, rank by power""}"
roll_std_ret_252,spectral,peak1_power_fraction,0.13200860036002288,OK,,
roll_std_ret_252,spectral,peak2_period_rows,2516.6,OK,,"{""method"": ""periodogram, linear detrend, rank by power""}"
roll_std_ret_252,spectral,peak2_power_fraction,0.12663383123696784,OK,,
roll_std_ret_252,spectral,peak3_period_rows,1572.875,OK,,"{""method"": ""periodogram, linear detrend, rank by power""}"
roll_std_ret_252,spectral,peak3_power_fraction,0.10435714825537137,OK,,
roll_std_ret_252,spectral,peak1_period_hours,,UNSUPPORTED,NO_VERIFIED_REGULAR_STEP,
roll_std_ret_252,spectral,entropy_normalized,0.349891247146499,OK,,
roll_std_ret_252,spectral,low_frequency_power_fraction,0.9997215276045957,OK,,"{""basis"": ""primary period"", ""cutoff_cycles_per_row"": 0.16666666666666666}"
roll_std_ret_252,spectral,centroid_cycles_per_row,0.001044320510084053,OK,,
roll_std_ret_252,stationarity,adf_c_aic_statistic,-3.3262659982582057,OK,,"{""autolag"": ""AIC"", ""lag_selection"": ""AIC over lags 0..maxlag on the common trimmed sample, as statsmodels _autolag does, without retaining every fitted model; final fit adfuller(maxlag=best, autolag=None)"", ""limitation"": ""MacKinnon approximate p-value; low power near unity; lag choice by AIC"", ""maxlag"": 41, ""n"": 12583, ""null"": ""unit root"", ""regression"": ""c"", ""test"": ""ADF""}"
roll_std_ret_252,stationarity,adf_c_aic_pvalue,0.013744438410133111,OK,,"{""autolag"": ""AIC"", ""lag_selection"": ""AIC over lags 0..maxlag on the common trimmed sample, as statsmodels _autolag does, without retaining every fitted model; final fit adfuller(maxlag=best, autolag=None)"", ""limitation"": ""MacKinnon approximate p-value; low power near unity; lag choice by AIC"", ""maxlag"": 41, ""n"": 12583, ""null"": ""unit root"", ""regression"": ""c"", ""test"": ""ADF""}"
roll_std_ret_252,stationarity,adf_c_aic_lags,25,OK,,"{""autolag"": ""AIC"", ""lag_selection"": ""AIC over lags 0..maxlag on the common trimmed sample, as statsmodels _autolag does, without retaining every fitted model; final fit adfuller(maxlag=best, autolag=None)"", ""limitation"": ""MacKinnon approximate p-value; low power near unity; lag choice by AIC"", ""maxlag"": 41, ""n"": 12583, ""null"": ""unit root"", ""regression"": ""c"", ""test"": ""ADF""}"
roll_std_ret_252,stationarity,kpss_c_auto_statistic,2.627991266762712,OK_WITH_WARNING,,"{""limitation"": ""p-value interpolated from a table bounded to [0.01, 0.10]"", ""n"": 12583, ""nlags"": ""auto (Hobijn)"", ""null"": ""level stationarity"", ""regression"": ""c"", ""test"": ""KPSS"", ""warnings"": [""The test statistic is outside of the range of p-values available in the\nlook-up table. The actual p-value is smaller than the p-value returned.\n""]}"
roll_std_ret_252,stationarity,kpss_c_auto_pvalue,0.01,OK_WITH_WARNING,P_VALUE_AT_TABLE_BOUND,"{""limitation"": ""p-value interpolated from a table bounded to [0.01, 0.10]"", ""n"": 12583, ""nlags"": ""auto (Hobijn)"", ""null"": ""level stationarity"", ""regression"": ""c"", ""test"": ""KPSS"", ""warnings"": [""The test statistic is outside of the range of p-values available in the\nlook-up table. The actual p-value is smaller than the p-value returned.\n""]}"
roll_std_ret_252,stationarity,kpss_c_auto_lags,69,OK_WITH_WARNING,,"{""limitation"": ""p-value interpolated from a table bounded to [0.01, 0.10]"", ""n"": 12583, ""nlags"": ""auto (Hobijn)"", ""null"": ""level stationarity"", ""regression"": ""c"", ""test"": ""KPSS"", ""warnings"": [""The test statistic is outside of the range of p-values available in the\nlook-up table. The actual p-value is smaller than the p-value returned.\n""]}"
roll_std_ret_252,stationarity,kpss_ct_auto_statistic,0.6738834095956525,OK_WITH_WARNING,,"{""limitation"": ""p-value interpolated from a table bounded to [0.01, 0.10]"", ""n"": 12583, ""nlags"": ""auto (Hobijn)"", ""null"": ""trend stationarity"", ""regression"": ""ct"", ""test"": ""KPSS"", ""warnings"": [""The test statistic is outside of the range of p-values available in the\nlook-up table. The actual p-value is smaller than the p-value returned.\n""]}"
roll_std_ret_252,stationarity,kpss_ct_auto_pvalue,0.01,OK_WITH_WARNING,P_VALUE_AT_TABLE_BOUND,"{""limitation"": ""p-value interpolated from a table bounded to [0.01, 0.10]"", ""n"": 12583, ""nlags"": ""auto (Hobijn)"", ""null"": ""trend stationarity"", ""regression"": ""ct"", ""test"": ""KPSS"", ""warnings"": [""The test statistic is outside of the range of p-values available in the\nlook-up table. The actual p-value is smaller than the p-value returned.\n""]}"
roll_std_ret_252,stationarity,kpss_ct_auto_lags,69,OK_WITH_WARNING,,"{""limitation"": ""p-value interpolated from a table bounded to [0.01, 0.10]"", ""n"": 12583, ""nlags"": ""auto (Hobijn)"", ""null"": ""trend stationarity"", ""regression"": ""ct"", ""test"": ""KPSS"", ""warnings"": [""The test statistic is outside of the range of p-values available in the\nlook-up table. The actual p-value is smaller than the p-value returned.\n""]}"
roll_std_ret_252,stationarity,adf_kpss_joint_reading,BOTH_REJECT_CONFLICT,OK,,"{""alpha"": 0.05, ""note"": ""descriptive, unadjusted for multiple testing; not an eligibility rule""}"
roll_std_ret_252,seasonality,acf_at_daily_6,0.9956627882181013,OK,,"{""declared_period_rows"": 6}"
roll_std_ret_252,seasonality,seasonal_diff_var_ratio_daily_6,0.0062698629597690665,OK,,"{""formula"": ""var(x_t - x_{t-s}) / var(x_t); 2 for white noise, <1 when season repeats""}"
roll_std_ret_252,seasonality,acf_at_weekly_42,0.9483581066070861,OK,,"{""declared_period_rows"": 42}"
roll_std_ret_252,seasonality,seasonal_diff_var_ratio_weekly_42,0.08670878893419752,OK,,"{""formula"": ""var(x_t - x_{t-s}) / var(x_t); 2 for white noise, <1 when season repeats""}"
roll_std_ret_252,seasonality,stl_seasonal_strength_primary,0.27175719772094586,OK,,"{""formula"": ""max(0, 1 - var(R)/var(S+R)) and max(0, 1 - var(R)/var(T+R)) (Wang, Smith, Hyndman 2006)"", ""method"": ""statsmodels STL"", ""note"": ""optional diagnostic transform; not a model input"", ""period"": 6, ""robust"": false}"
roll_std_ret_252,seasonality,stl_trend_strength_primary,0.9997476014386373,OK,,"{""formula"": ""max(0, 1 - var(R)/var(S+R)) and max(0, 1 - var(R)/var(T+R)) (Wang, Smith, Hyndman 2006)"", ""method"": ""statsmodels STL"", ""note"": ""optional diagnostic transform; not a model input"", ""period"": 6, ""robust"": false}"
roll_skew_ret_252,missingness,rows,12835,OK,,
roll_skew_ret_252,missingness,missing_count,252,OK,,"{""also"": ""NaN literals parsed by float()"", ""empty_or_token_cells"": 252, ""tokens"": ["""", ""n/a"", ""na"", ""nan"", ""none"", ""null""]}"
roll_skew_ret_252,missingness,missing_fraction,0.01963381379041683,OK,,
roll_skew_ret_252,missingness,nonnumeric_count,0,OK,,
roll_skew_ret_252,missingness,nonfinite_count,252,OK,,
roll_skew_ret_252,missingness,longest_finite_run,12583,OK,,
roll_skew_ret_252,missingness,constant_flag,False,OK,,
roll_skew_ret_252,missingness,unique_count,12582,OK,,
roll_skew_ret_252,distribution,mean,-0.13808220946160932,OK,,
roll_skew_ret_252,distribution,std,1.3000322054801539,OK,,
roll_skew_ret_252,distribution,min,-7.4287505,OK,,
roll_skew_ret_252,distribution,max,5.3886147,OK,,
roll_skew_ret_252,distribution,median,-0.11501579,OK,,
roll_skew_ret_252,distribution,iqr,1.01571129,OK,,
roll_skew_ret_252,distribution,mad,0.50501643,OK,,
roll_skew_ret_252,distribution,skewness,-0.4332938476868661,OK,,"{""bias"": false}"
roll_skew_ret_252,distribution,excess_kurtosis,3.406124896823373,OK,,"{""bias"": false}"
roll_skew_ret_252,distribution,upper_tail_ratio,7.186574494992219,OK,,"{""formula"": ""(q0.995-q0.5)/(q0.75-q0.5); Gaussian ~3.82""}"
roll_skew_ret_252,distribution,lower_tail_ratio,8.79120498291558,OK,,"{""formula"": ""(q0.5-q0.005)/(q0.5-q0.25); Gaussian ~3.82""}"
roll_skew_ret_252,distribution,robust_z_outlier_fraction_gt5,0.023285385043312404,OK,,"{""scale"": ""1.4826*MAD""}"
roll_skew_ret_252,distribution,zero_fraction,0.0,OK,,
roll_skew_ret_252,distribution,quantile_0.005,-4.682017416000001,OK,,"{""method"": ""numpy linear""}"
roll_skew_ret_252,distribution,quantile_0.01,-4.233572114,OK,,"{""method"": ""numpy linear""}"
roll_skew_ret_252,distribution,quantile_0.05,-2.9409366500000003,OK,,"{""method"": ""numpy linear""}"
roll_skew_ret_252,distribution,quantile_0.25,-0.63451245,OK,,"{""method"": ""numpy linear""}"
roll_skew_ret_252,distribution,quantile_0.5,-0.11501579,OK,,"{""method"": ""numpy linear""}"
roll_skew_ret_252,distribution,quantile_0.75,0.38119884000000004,OK,,"{""method"": ""numpy linear""}"
roll_skew_ret_252,distribution,quantile_0.95,2.328397409999999,OK,,"{""method"": ""numpy linear""}"
roll_skew_ret_252,distribution,quantile_0.99,3.3748109320000004,OK,,"{""method"": ""numpy linear""}"
roll_skew_ret_252,distribution,quantile_0.995,3.451067614000001,OK,,"{""method"": ""numpy linear""}"
roll_skew_ret_252,volatility,diff_std,0.1507384742154036,OK,,"{""rule"": ""longest contiguous finite run; no imputation"", ""segment_rows"": [252, 12835]}"
roll_skew_ret_252,volatility,diff_abs_mean,0.023726160457048163,OK,,"{""rule"": ""longest contiguous finite run; no imputation"", ""segment_rows"": [252, 12835]}"
roll_skew_ret_252,volatility,diff_std_over_std,0.11594979999724687,OK,,"{""rule"": ""longest contiguous finite run; no imputation"", ""segment_rows"": [252, 12835]}"
roll_skew_ret_252,volatility,rolling_std_cv,3.5205261070469573,OK,,"{""rule"": ""non-overlapping primary-period blocks; std of block std / mean"", ""window_rows"": 6}"
roll_skew_ret_252,trend,slope_per_row,-2.3872292538519492e-05,OK,,"{""rule"": ""longest contiguous finite run; no imputation"", ""segment_rows"": [252, 12835]}"
roll_skew_ret_252,trend,slope_per_day,,UNSUPPORTED,NO_VERIFIED_REGULAR_STEP,
roll_skew_ret_252,trend,linear_r2,0.004449402489758447,OK,,
roll_skew_ret_252,acf,acf_lag_1,0.992987998235987,OK,,"{""estimator"": ""biased, mean-centered""}"
roll_skew_ret_252,acf,acf_lag_2,0.986069161446325,OK,,"{""estimator"": ""biased, mean-centered""}"
roll_skew_ret_252,acf,acf_lag_3,0.9792696264998774,OK,,"{""estimator"": ""biased, mean-centered""}"
roll_skew_ret_252,acf,acf_lag_6,0.9588863928995545,OK,,"{""estimator"": ""biased, mean-centered""}"
roll_skew_ret_252,acf,acf_lag_12,0.9199534451108783,OK,,"{""estimator"": ""biased, mean-centered""}"
roll_skew_ret_252,acf,acf_lag_42,0.7357735965557484,OK,,"{""estimator"": ""biased, mean-centered""}"
roll_skew_ret_252,acf,decorrelation_lag_1_over_e,,NOT_RUN,ACF_ABOVE_1_OVER_E_THROUGH_LAG_64,
roll_skew_ret_252,spectral,peak1_period_rows,1143.909090909091,OK,,"{""method"": ""periodogram, linear detrend, rank by power""}"
roll_skew_ret_252,spectral,peak1_power_fraction,0.11805125898667683,OK,,
roll_skew_ret_252,spectral,peak2_period_rows,547.0869565217391,OK,,"{""method"": ""periodogram, linear detrend, rank by power""}"
roll_skew_ret_252,spectral,peak2_power_fraction,0.10510259168717605,OK,,
roll_skew_ret_252,spectral,peak3_period_rows,1258.3,OK,,"{""method"": ""periodogram, linear detrend, rank by power""}"
roll_skew_ret_252,spectral,peak3_power_fraction,0.07592103132821029,OK,,
roll_skew_ret_252,spectral,peak1_period_hours,,UNSUPPORTED,NO_VERIFIED_REGULAR_STEP,
roll_skew_ret_252,spectral,entropy_normalized,0.4455985120949331,OK,,
roll_skew_ret_252,spectral,low_frequency_power_fraction,0.9962454732404362,OK,,"{""basis"": ""primary period"", ""cutoff_cycles_per_row"": 0.16666666666666666}"
roll_skew_ret_252,spectral,centroid_cycles_per_row,0.004894024396432422,OK,,
roll_skew_ret_252,stationarity,adf_c_aic_statistic,-6.8419402170889585,OK,,"{""autolag"": ""AIC"", ""lag_selection"": ""AIC over lags 0..maxlag on the common trimmed sample, as statsmodels _autolag does, without retaining every fitted model; final fit adfuller(maxlag=best, autolag=None)"", ""limitation"": ""MacKinnon approximate p-value; low power near unity; lag choice by AIC"", ""maxlag"": 41, ""n"": 12583, ""null"": ""unit root"", ""regression"": ""c"", ""test"": ""ADF""}"
roll_skew_ret_252,stationarity,adf_c_aic_pvalue,1.7820452892396378e-09,OK,,"{""autolag"": ""AIC"", ""lag_selection"": ""AIC over lags 0..maxlag on the common trimmed sample, as statsmodels _autolag does, without retaining every fitted model; final fit adfuller(maxlag=best, autolag=None)"", ""limitation"": ""MacKinnon approximate p-value; low power near unity; lag choice by AIC"", ""maxlag"": 41, ""n"": 12583, ""null"": ""unit root"", ""regression"": ""c"", ""test"": ""ADF""}"
roll_skew_ret_252,stationarity,adf_c_aic_lags,35,OK,,"{""autolag"": ""AIC"", ""lag_selection"": ""AIC over lags 0..maxlag on the common trimmed sample, as statsmodels _autolag does, without retaining every fitted model; final fit adfuller(maxlag=best, autolag=None)"", ""limitation"": ""MacKinnon approximate p-value; low power near unity; lag choice by AIC"", ""maxlag"": 41, ""n"": 12583, ""null"": ""unit root"", ""regression"": ""c"", ""test"": ""ADF""}"
roll_skew_ret_252,stationarity,kpss_c_auto_statistic,0.32249650415172976,OK_WITH_WARNING,,"{""limitation"": ""p-value interpolated from a table bounded to [0.01, 0.10]"", ""n"": 12583, ""nlags"": ""auto (Hobijn)"", ""null"": ""level stationarity"", ""regression"": ""c"", ""test"": ""KPSS"", ""warnings"": [""The test statistic is outside of the range of p-values available in the\nlook-up table. The actual p-value is greater than the p-value returned.\n""]}"
roll_skew_ret_252,stationarity,kpss_c_auto_pvalue,0.1,OK_WITH_WARNING,P_VALUE_AT_TABLE_BOUND,"{""limitation"": ""p-value interpolated from a table bounded to [0.01, 0.10]"", ""n"": 12583, ""nlags"": ""auto (Hobijn)"", ""null"": ""level stationarity"", ""regression"": ""c"", ""test"": ""KPSS"", ""warnings"": [""The test statistic is outside of the range of p-values available in the\nlook-up table. The actual p-value is greater than the p-value returned.\n""]}"
roll_skew_ret_252,stationarity,kpss_c_auto_lags,69,OK_WITH_WARNING,,"{""limitation"": ""p-value interpolated from a table bounded to [0.01, 0.10]"", ""n"": 12583, ""nlags"": ""auto (Hobijn)"", ""null"": ""level stationarity"", ""regression"": ""c"", ""test"": ""KPSS"", ""warnings"": [""The test statistic is outside of the range of p-values available in the\nlook-up table. The actual p-value is greater than the p-value returned.\n""]}"
roll_skew_ret_252,stationarity,kpss_ct_auto_statistic,0.2535577422190823,OK_WITH_WARNING,,"{""limitation"": ""p-value interpolated from a table bounded to [0.01, 0.10]"", ""n"": 12583, ""nlags"": ""auto (Hobijn)"", ""null"": ""trend stationarity"", ""regression"": ""ct"", ""test"": ""KPSS"", ""warnings"": [""The test statistic is outside of the range of p-values available in the\nlook-up table. The actual p-value is smaller than the p-value returned.\n""]}"
roll_skew_ret_252,stationarity,kpss_ct_auto_pvalue,0.01,OK_WITH_WARNING,P_VALUE_AT_TABLE_BOUND,"{""limitation"": ""p-value interpolated from a table bounded to [0.01, 0.10]"", ""n"": 12583, ""nlags"": ""auto (Hobijn)"", ""null"": ""trend stationarity"", ""regression"": ""ct"", ""test"": ""KPSS"", ""warnings"": [""The test statistic is outside of the range of p-values available in the\nlook-up table. The actual p-value is smaller than the p-value returned.\n""]}"
roll_skew_ret_252,stationarity,kpss_ct_auto_lags,69,OK_WITH_WARNING,,"{""limitation"": ""p-value interpolated from a table bounded to [0.01, 0.10]"", ""n"": 12583, ""nlags"": ""auto (Hobijn)"", ""null"": ""trend stationarity"", ""regression"": ""ct"", ""test"": ""KPSS"", ""warnings"": [""The test statistic is outside of the range of p-values available in the\nlook-up table. The actual p-value is smaller than the p-value returned.\n""]}"
roll_skew_ret_252,stationarity,adf_kpss_joint_reading,ADF_REJECTS_UNIT_ROOT_KPSS_DOES_NOT_REJECT_LEVEL,OK,,"{""alpha"": 0.05, ""note"": ""descriptive, unadjusted for multiple testing; not an eligibility rule""}"
roll_skew_ret_252,seasonality,acf_at_daily_6,0.9588863928995546,OK,,"{""declared_period_rows"": 6}"
roll_skew_ret_252,seasonality,seasonal_diff_var_ratio_daily_6,0.07876117824668062,OK,,"{""formula"": ""var(x_t - x_{t-s}) / var(x_t); 2 for white noise, <1 when season repeats""}"
roll_skew_ret_252,seasonality,acf_at_weekly_42,0.7357735965557485,OK,,"{""declared_period_rows"": 42}"
roll_skew_ret_252,seasonality,seasonal_diff_var_ratio_weekly_42,0.5058069818920727,OK,,"{""formula"": ""var(x_t - x_{t-s}) / var(x_t); 2 for white noise, <1 when season repeats""}"
roll_skew_ret_252,seasonality,stl_seasonal_strength_primary,0.29750480803725476,OK,,"{""formula"": ""max(0, 1 - var(R)/var(S+R)) and max(0, 1 - var(R)/var(T+R)) (Wang, Smith, Hyndman 2006)"", ""method"": ""statsmodels STL"", ""note"": ""optional diagnostic transform; not a model input"", ""period"": 6, ""robust"": false}"
roll_skew_ret_252,seasonality,stl_trend_strength_primary,0.9945558137951717,OK,,"{""formula"": ""max(0, 1 - var(R)/var(S+R)) and max(0, 1 - var(R)/var(T+R)) (Wang, Smith, Hyndman 2006)"", ""method"": ""statsmodels STL"", ""note"": ""optional diagnostic transform; not a model input"", ""period"": 6, ""robust"": false}"
roll_kurt_ret_252,missingness,rows,12835,OK,,
roll_kurt_ret_252,missingness,missing_count,252,OK,,"{""also"": ""NaN literals parsed by float()"", ""empty_or_token_cells"": 252, ""tokens"": ["""", ""n/a"", ""na"", ""nan"", ""none"", ""null""]}"
roll_kurt_ret_252,missingness,missing_fraction,0.01963381379041683,OK,,
roll_kurt_ret_252,missingness,nonnumeric_count,0,OK,,
roll_kurt_ret_252,missingness,nonfinite_count,252,OK,,
roll_kurt_ret_252,missingness,longest_finite_run,12583,OK,,
roll_kurt_ret_252,missingness,constant_flag,False,OK,,
roll_kurt_ret_252,missingness,unique_count,12580,OK,,
roll_kurt_ret_252,distribution,mean,9.252705530890884,OK,,
roll_kurt_ret_252,distribution,std,10.742514403542833,OK,,
roll_kurt_ret_252,distribution,min,0.11638742,OK,,
roll_kurt_ret_252,distribution,max,80.605446,OK,,
roll_kurt_ret_252,distribution,median,5.457095,OK,,
roll_kurt_ret_252,distribution,iqr,6.456501050000001,OK,,
roll_kurt_ret_252,distribution,mad,2.9853364,OK,,
roll_kurt_ret_252,distribution,skewness,2.488177912155504,OK,,"{""bias"": false}"
roll_kurt_ret_252,distribution,excess_kurtosis,6.320833973078539,OK,,"{""bias"": false}"
roll_kurt_ret_252,distribution,upper_tail_ratio,12.550317117680768,OK,,"{""formula"": ""(q0.995-q0.5)/(q0.75-q0.5); Gaussian ~3.82""}"
roll_kurt_ret_252,distribution,lower_tail_ratio,2.073554673709952,OK,,"{""formula"": ""(q0.5-q0.005)/(q0.5-q0.25); Gaussian ~3.82""}"
roll_kurt_ret_252,distribution,robust_z_outlier_fraction_gt5,0.07939283159818804,OK,,"{""scale"": ""1.4826*MAD""}"
roll_kurt_ret_252,distribution,zero_fraction,0.0,OK,,
roll_kurt_ret_252,distribution,quantile_0.005,0.7126359185,OK,,"{""method"": ""numpy linear""}"
roll_kurt_ret_252,distribution,quantile_0.01,0.8505771648,OK,,"{""method"": ""numpy linear""}"
roll_kurt_ret_252,distribution,quantile_0.05,1.50347278,OK,,"{""method"": ""numpy linear""}"
roll_kurt_ret_252,distribution,quantile_0.25,3.16901495,OK,,"{""method"": ""numpy linear""}"
roll_kurt_ret_252,distribution,quantile_0.5,5.457095,OK,,"{""method"": ""numpy linear""}"
roll_kurt_ret_252,distribution,quantile_0.75,9.625516000000001,OK,,"{""method"": ""numpy linear""}"
roll_kurt_ret_252,distribution,quantile_0.95,37.026573299999995,OK,,"{""method"": ""numpy linear""}"
roll_kurt_ret_252,distribution,quantile_0.99,52.99071020000001,OK,,"{""method"": ""numpy linear""}"
roll_kurt_ret_252,distribution,quantile_0.995,57.77210043,OK,,"{""method"": ""numpy linear""}"
roll_kurt_ret_252,volatility,diff_std,1.0763095240207161,OK,,"{""rule"": ""longest contiguous finite run; no imputation"", ""segment_rows"": [252, 12835]}"
roll_kurt_ret_252,volatility,diff_abs_mean,0.13331379756636463,OK,,"{""rule"": ""longest contiguous finite run; no imputation"", ""segment_rows"": [252, 12835]}"
roll_kurt_ret_252,volatility,diff_std_over_std,0.10019158304928631,OK,,"{""rule"": ""longest contiguous finite run; no imputation"", ""segment_rows"": [252, 12835]}"
roll_kurt_ret_252,volatility,rolling_std_cv,5.231637029392939,OK,,"{""rule"": ""non-overlapping primary-period blocks; std of block std / mean"", ""window_rows"": 6}"
roll_kurt_ret_252,trend,slope_per_row,-0.000595271366065057,OK,,"{""rule"": ""longest contiguous finite run; no imputation"", ""segment_rows"": [252, 12835]}"
roll_kurt_ret_252,trend,slope_per_day,,UNSUPPORTED,NO_VERIFIED_REGULAR_STEP,
roll_kurt_ret_252,trend,linear_r2,0.04051723084727066,OK,,
roll_kurt_ret_252,acf,acf_lag_1,0.9947337326537695,OK,,"{""estimator"": ""biased, mean-centered""}"
roll_kurt_ret_252,acf,acf_lag_2,0.9895024368009139,OK,,"{""estimator"": ""biased, mean-centered""}"
roll_kurt_ret_252,acf,acf_lag_3,0.9843232576705627,OK,,"{""estimator"": ""biased, mean-centered""}"
roll_kurt_ret_252,acf,acf_lag_6,0.971092524578601,OK,,"{""estimator"": ""biased, mean-centered""}"
roll_kurt_ret_252,acf,acf_lag_12,0.9463767357618451,OK,,"{""estimator"": ""biased, mean-centered""}"
roll_kurt_ret_252,acf,acf_lag_42,0.8324352571749143,OK,,"{""estimator"": ""biased, mean-centered""}"
roll_kurt_ret_252,acf,decorrelation_lag_1_over_e,,NOT_RUN,ACF_ABOVE_1_OVER_E_THROUGH_LAG_64,
roll_kurt_ret_252,spectral,peak1_period_rows,1048.5833333333333,OK,,"{""method"": ""periodogram, linear detrend, rank by power""}"
roll_kurt_ret_252,spectral,peak1_power_fraction,0.09968793939825886,OK,,
roll_kurt_ret_252,spectral,peak2_period_rows,1143.909090909091,OK,,"{""method"": ""periodogram, linear detrend, rank by power""}"
roll_kurt_ret_252,spectral,peak2_power_fraction,0.09923718537577418,OK,,
roll_kurt_ret_252,spectral,peak3_period_rows,6291.5,OK,,"{""method"": ""periodogram, linear detrend, rank by power""}"
roll_kurt_ret_252,spectral,peak3_power_fraction,0.08940672920001548,OK,,
roll_kurt_ret_252,spectral,peak1_period_hours,,UNSUPPORTED,NO_VERIFIED_REGULAR_STEP,
roll_kurt_ret_252,spectral,entropy_normalized,0.4316164228429067,OK,,
roll_kurt_ret_252,spectral,low_frequency_power_fraction,0.9969649815222151,OK,,"{""basis"": ""primary period"", ""cutoff_cycles_per_row"": 0.16666666666666666}"
roll_kurt_ret_252,spectral,centroid_cycles_per_row,0.0036268936211873476,OK,,
roll_kurt_ret_252,stationarity,adf_c_aic_statistic,-5.309382064565766,OK,,"{""autolag"": ""AIC"", ""lag_selection"": ""AIC over lags 0..maxlag on the common trimmed sample, as statsmodels _autolag does, without retaining every fitted model; final fit adfuller(maxlag=best, autolag=None)"", ""limitation"": ""MacKinnon approximate p-value; low power near unity; lag choice by AIC"", ""maxlag"": 41, ""n"": 12583, ""null"": ""unit root"", ""regression"": ""c"", ""test"": ""ADF""}"
roll_kurt_ret_252,stationarity,adf_c_aic_pvalue,5.235870995356953e-06,OK,,"{""autolag"": ""AIC"", ""lag_selection"": ""AIC over lags 0..maxlag on the common trimmed sample, as statsmodels _autolag does, without retaining every fitted model; final fit adfuller(maxlag=best, autolag=None)"", ""limitation"": ""MacKinnon approximate p-value; low power near unity; lag choice by AIC"", ""maxlag"": 41, ""n"": 12583, ""null"": ""unit root"", ""regression"": ""c"", ""test"": ""ADF""}"
roll_kurt_ret_252,stationarity,adf_c_aic_lags,7,OK,,"{""autolag"": ""AIC"", ""lag_selection"": ""AIC over lags 0..maxlag on the common trimmed sample, as statsmodels _autolag does, without retaining every fitted model; final fit adfuller(maxlag=best, autolag=None)"", ""limitation"": ""MacKinnon approximate p-value; low power near unity; lag choice by AIC"", ""maxlag"": 41, ""n"": 12583, ""null"": ""unit root"", ""regression"": ""c"", ""test"": ""ADF""}"
roll_kurt_ret_252,stationarity,kpss_c_auto_statistic,1.470977695561253,OK_WITH_WARNING,,"{""limitation"": ""p-value interpolated from a table bounded to [0.01, 0.10]"", ""n"": 12583, ""nlags"": ""auto (Hobijn)"", ""null"": ""level stationarity"", ""regression"": ""c"", ""test"": ""KPSS"", ""warnings"": [""The test statistic is outside of the range of p-values available in the\nlook-up table. The actual p-value is smaller than the p-value returned.\n""]}"
roll_kurt_ret_252,stationarity,kpss_c_auto_pvalue,0.01,OK_WITH_WARNING,P_VALUE_AT_TABLE_BOUND,"{""limitation"": ""p-value interpolated from a table bounded to [0.01, 0.10]"", ""n"": 12583, ""nlags"": ""auto (Hobijn)"", ""null"": ""level stationarity"", ""regression"": ""c"", ""test"": ""KPSS"", ""warnings"": [""The test statistic is outside of the range of p-values available in the\nlook-up table. The actual p-value is smaller than the p-value returned.\n""]}"
roll_kurt_ret_252,stationarity,kpss_c_auto_lags,69,OK_WITH_WARNING,,"{""limitation"": ""p-value interpolated from a table bounded to [0.01, 0.10]"", ""n"": 12583, ""nlags"": ""auto (Hobijn)"", ""null"": ""level stationarity"", ""regression"": ""c"", ""test"": ""KPSS"", ""warnings"": [""The test statistic is outside of the range of p-values available in the\nlook-up table. The actual p-value is smaller than the p-value returned.\n""]}"
roll_kurt_ret_252,stationarity,kpss_ct_auto_statistic,0.4211586918558042,OK_WITH_WARNING,,"{""limitation"": ""p-value interpolated from a table bounded to [0.01, 0.10]"", ""n"": 12583, ""nlags"": ""auto (Hobijn)"", ""null"": ""trend stationarity"", ""regression"": ""ct"", ""test"": ""KPSS"", ""warnings"": [""The test statistic is outside of the range of p-values available in the\nlook-up table. The actual p-value is smaller than the p-value returned.\n""]}"
roll_kurt_ret_252,stationarity,kpss_ct_auto_pvalue,0.01,OK_WITH_WARNING,P_VALUE_AT_TABLE_BOUND,"{""limitation"": ""p-value interpolated from a table bounded to [0.01, 0.10]"", ""n"": 12583, ""nlags"": ""auto (Hobijn)"", ""null"": ""trend stationarity"", ""regression"": ""ct"", ""test"": ""KPSS"", ""warnings"": [""The test statistic is outside of the range of p-values available in the\nlook-up table. The actual p-value is smaller than the p-value returned.\n""]}"
roll_kurt_ret_252,stationarity,kpss_ct_auto_lags,69,OK_WITH_WARNING,,"{""limitation"": ""p-value interpolated from a table bounded to [0.01, 0.10]"", ""n"": 12583, ""nlags"": ""auto (Hobijn)"", ""null"": ""trend stationarity"", ""regression"": ""ct"", ""test"": ""KPSS"", ""warnings"": [""The test statistic is outside of the range of p-values available in the\nlook-up table. The actual p-value is smaller than the p-value returned.\n""]}"
roll_kurt_ret_252,stationarity,adf_kpss_joint_reading,BOTH_REJECT_CONFLICT,OK,,"{""alpha"": 0.05, ""note"": ""descriptive, unadjusted for multiple testing; not an eligibility rule""}"
roll_kurt_ret_252,seasonality,acf_at_daily_6,0.9710925245786013,OK,,"{""declared_period_rows"": 6}"
roll_kurt_ret_252,seasonality,seasonal_diff_var_ratio_daily_6,0.05484976116326188,OK,,"{""formula"": ""var(x_t - x_{t-s}) / var(x_t); 2 for white noise, <1 when season repeats""}"
roll_kurt_ret_252,seasonality,acf_at_weekly_42,0.8324352571749148,OK,,"{""declared_period_rows"": 42}"
roll_kurt_ret_252,seasonality,seasonal_diff_var_ratio_weekly_42,0.31483089295614675,OK,,"{""formula"": ""var(x_t - x_{t-s}) / var(x_t); 2 for white noise, <1 when season repeats""}"
roll_kurt_ret_252,seasonality,stl_seasonal_strength_primary,0.3181649031500413,OK,,"{""formula"": ""max(0, 1 - var(R)/var(S+R)) and max(0, 1 - var(R)/var(T+R)) (Wang, Smith, Hyndman 2006)"", ""method"": ""statsmodels STL"", ""note"": ""optional diagnostic transform; not a model input"", ""period"": 6, ""robust"": false}"
roll_kurt_ret_252,seasonality,stl_trend_strength_primary,0.9959071516304436,OK,,"{""formula"": ""max(0, 1 - var(R)/var(S+R)) and max(0, 1 - var(R)/var(T+R)) (Wang, Smith, Hyndman 2006)"", ""method"": ""statsmodels STL"", ""note"": ""optional diagnostic transform; not a model input"", ""period"": 6, ""robust"": false}"
realized_var_12,missingness,rows,12835,OK,,
realized_var_12,missingness,missing_count,12,OK,,"{""also"": ""NaN literals parsed by float()"", ""empty_or_token_cells"": 12, ""tokens"": ["""", ""n/a"", ""na"", ""nan"", ""none"", ""null""]}"
realized_var_12,missingness,missing_fraction,0.0009349435138293729,OK,,
realized_var_12,missingness,nonnumeric_count,0,OK,,
realized_var_12,missingness,nonfinite_count,12,OK,,
realized_var_12,missingness,longest_finite_run,12823,OK,,
realized_var_12,missingness,constant_flag,False,OK,,
realized_var_12,missingness,unique_count,12822,OK,,
realized_var_12,distribution,mean,0.0033211179750339236,OK,,
realized_var_12,distribution,std,0.006425648501111125,OK,,
realized_var_12,distribution,min,1.3907789e-05,OK,,
realized_var_12,distribution,max,0.106378116,OK,,
realized_var_12,distribution,median,0.0016415422,OK,,
realized_var_12,distribution,iqr,0.00278440197,OK,,
realized_var_12,distribution,mad,0.0011517925000000002,OK,,
realized_var_12,distribution,skewness,8.059359641252186,OK,,"{""bias"": false}"
realized_var_12,distribution,excess_kurtosis,97.24108870646718,OK,,"{""bias"": false}"
realized_var_12,distribution,upper_tail_ratio,22.608066132481124,OK,,"{""formula"": ""(q0.995-q0.5)/(q0.75-q0.5); Gaussian ~3.82""}"
realized_var_12,distribution,lower_tail_ratio,1.6791045566114324,OK,,"{""formula"": ""(q0.5-q0.005)/(q0.5-q0.25); Gaussian ~3.82""}"
realized_var_12,distribution,robust_z_outlier_fraction_gt5,0.05794275910473368,OK,,"{""scale"": ""1.4826*MAD""}"
realized_var_12,distribution,zero_fraction,0.0,OK,,
realized_var_12,distribution,quantile_0.005,5.3472782000000005e-05,OK,,"{""method"": ""numpy linear""}"
realized_var_12,distribution,quantile_0.01,7.53813746e-05,OK,,"{""method"": ""numpy linear""}"
realized_var_12,distribution,quantile_0.05,0.00017499934300000002,OK,,"{""method"": ""numpy linear""}"
realized_var_12,distribution,quantile_0.25,0.00069575868,OK,,"{""method"": ""numpy linear""}"
realized_var_12,distribution,quantile_0.5,0.0016415422,OK,,"{""method"": ""numpy linear""}"
realized_var_12,distribution,quantile_0.75,0.0034801606500000004,OK,,"{""method"": ""numpy linear""}"
realized_var_12,distribution,quantile_0.95,0.011326963999999998,OK,,"{""method"": ""numpy linear""}"
realized_var_12,distribution,quantile_0.99,0.02968549540000008,OK,,"{""method"": ""numpy linear""}"
realized_var_12,distribution,quantile_0.995,0.04320914970999994,OK,,"{""method"": ""numpy linear""}"
realized_var_12,volatility,diff_std,0.001710108210796631,OK,,"{""rule"": ""longest contiguous finite run; no imputation"", ""segment_rows"": [12, 12835]}"
realized_var_12,volatility,diff_abs_mean,0.0004221468262657932,OK,,"{""rule"": ""longest contiguous finite run; no imputation"", ""segment_rows"": [12, 12835]}"
realized_var_12,volatility,diff_std_over_std,0.2661378397061275,OK,,"{""rule"": ""longest contiguous finite run; no imputation"", ""segment_rows"": [12, 12835]}"
realized_var_12,volatility,rolling_std_cv,2.5419444061502268,OK,,"{""rule"": ""non-overlapping primary-period blocks; std of block std / mean"", ""window_rows"": 6}"
realized_var_12,trend,slope_per_row,-3.4839268318616085e-07,OK,,"{""rule"": ""longest contiguous finite run; no imputation"", ""segment_rows"": [12, 12835]}"
realized_var_12,trend,slope_per_day,,UNSUPPORTED,NO_VERIFIED_REGULAR_STEP,
realized_var_12,trend,linear_r2,0.04028431904822405,OK,,
realized_var_12,acf,acf_lag_1,0.9645801284541461,OK,,"{""estimator"": ""biased, mean-centered""}"
realized_var_12,acf,acf_lag_2,0.9245406995757103,OK,,"{""estimator"": ""biased, mean-centered""}"
realized_var_12,acf,acf_lag_3,0.8796970842914041,OK,,"{""estimator"": ""biased, mean-centered""}"
realized_var_12,acf,acf_lag_6,0.7007379894770068,OK,,"{""estimator"": ""biased, mean-centered""}"
realized_var_12,acf,acf_lag_12,0.35367233462311537,OK,,"{""estimator"": ""biased, mean-centered""}"
realized_var_12,acf,acf_lag_42,0.21719906849267678,OK,,"{""estimator"": ""biased, mean-centered""}"
realized_var_12,acf,decorrelation_lag_1_over_e,12,OK,,
realized_var_12,spectral,peak1_period_rows,1602.875,OK,,"{""method"": ""periodogram, linear detrend, rank by power""}"
realized_var_12,spectral,peak1_power_fraction,0.024201822519593724,OK,,
realized_var_12,spectral,peak2_period_rows,4274.333333333334,OK,,"{""method"": ""periodogram, linear detrend, rank by power""}"
realized_var_12,spectral,peak2_power_fraction,0.021958892216751923,OK,,
realized_var_12,spectral,peak3_period_rows,2564.6,OK,,"{""method"": ""periodogram, linear detrend, rank by power""}"
realized_var_12,spectral,peak3_power_fraction,0.02170116548539168,OK,,
realized_var_12,spectral,peak1_period_hours,,UNSUPPORTED,NO_VERIFIED_REGULAR_STEP,
realized_var_12,spectral,entropy_normalized,0.6904975193871049,OK,,
realized_var_12,spectral,low_frequency_power_fraction,0.9817662934919074,OK,,"{""basis"": ""primary period"", ""cutoff_cycles_per_row"": 0.16666666666666666}"
realized_var_12,spectral,centroid_cycles_per_row,0.022684933394615286,OK,,
realized_var_12,stationarity,adf_c_aic_statistic,-11.050896551371093,OK,,"{""autolag"": ""AIC"", ""lag_selection"": ""AIC over lags 0..maxlag on the common trimmed sample, as statsmodels _autolag does, without retaining every fitted model; final fit adfuller(maxlag=best, autolag=None)"", ""limitation"": ""MacKinnon approximate p-value; low power near unity; lag choice by AIC"", ""maxlag"": 41, ""n"": 12823, ""null"": ""unit root"", ""regression"": ""c"", ""test"": ""ADF""}"
realized_var_12,stationarity,adf_c_aic_pvalue,5.0833015104397496e-20,OK,,"{""autolag"": ""AIC"", ""lag_selection"": ""AIC over lags 0..maxlag on the common trimmed sample, as statsmodels _autolag does, without retaining every fitted model; final fit adfuller(maxlag=best, autolag=None)"", ""limitation"": ""MacKinnon approximate p-value; low power near unity; lag choice by AIC"", ""maxlag"": 41, ""n"": 12823, ""null"": ""unit root"", ""regression"": ""c"", ""test"": ""ADF""}"
realized_var_12,stationarity,adf_c_aic_lags,41,OK,,"{""autolag"": ""AIC"", ""lag_selection"": ""AIC over lags 0..maxlag on the common trimmed sample, as statsmodels _autolag does, without retaining every fitted model; final fit adfuller(maxlag=best, autolag=None)"", ""limitation"": ""MacKinnon approximate p-value; low power near unity; lag choice by AIC"", ""maxlag"": 41, ""n"": 12823, ""null"": ""unit root"", ""regression"": ""c"", ""test"": ""ADF""}"
realized_var_12,stationarity,kpss_c_auto_statistic,1.8744959957421283,OK_WITH_WARNING,,"{""limitation"": ""p-value interpolated from a table bounded to [0.01, 0.10]"", ""n"": 12823, ""nlags"": ""auto (Hobijn)"", ""null"": ""level stationarity"", ""regression"": ""c"", ""test"": ""KPSS"", ""warnings"": [""The test statistic is outside of the range of p-values available in the\nlook-up table. The actual p-value is smaller than the p-value returned.\n""]}"
realized_var_12,stationarity,kpss_c_auto_pvalue,0.01,OK_WITH_WARNING,P_VALUE_AT_TABLE_BOUND,"{""limitation"": ""p-value interpolated from a table bounded to [0.01, 0.10]"", ""n"": 12823, ""nlags"": ""auto (Hobijn)"", ""null"": ""level stationarity"", ""regression"": ""c"", ""test"": ""KPSS"", ""warnings"": [""The test statistic is outside of the range of p-values available in the\nlook-up table. The actual p-value is smaller than the p-value returned.\n""]}"
realized_var_12,stationarity,kpss_c_auto_lags,65,OK_WITH_WARNING,,"{""limitation"": ""p-value interpolated from a table bounded to [0.01, 0.10]"", ""n"": 12823, ""nlags"": ""auto (Hobijn)"", ""null"": ""level stationarity"", ""regression"": ""c"", ""test"": ""KPSS"", ""warnings"": [""The test statistic is outside of the range of p-values available in the\nlook-up table. The actual p-value is smaller than the p-value returned.\n""]}"
realized_var_12,stationarity,kpss_ct_auto_statistic,0.3941323451436633,OK_WITH_WARNING,,"{""limitation"": ""p-value interpolated from a table bounded to [0.01, 0.10]"", ""n"": 12823, ""nlags"": ""auto (Hobijn)"", ""null"": ""trend stationarity"", ""regression"": ""ct"", ""test"": ""KPSS"", ""warnings"": [""The test statistic is outside of the range of p-values available in the\nlook-up table. The actual p-value is smaller than the p-value returned.\n""]}"
realized_var_12,stationarity,kpss_ct_auto_pvalue,0.01,OK_WITH_WARNING,P_VALUE_AT_TABLE_BOUND,"{""limitation"": ""p-value interpolated from a table bounded to [0.01, 0.10]"", ""n"": 12823, ""nlags"": ""auto (Hobijn)"", ""null"": ""trend stationarity"", ""regression"": ""ct"", ""test"": ""KPSS"", ""warnings"": [""The test statistic is outside of the range of p-values available in the\nlook-up table. The actual p-value is smaller than the p-value returned.\n""]}"
realized_var_12,stationarity,kpss_ct_auto_lags,65,OK_WITH_WARNING,,"{""limitation"": ""p-value interpolated from a table bounded to [0.01, 0.10]"", ""n"": 12823, ""nlags"": ""auto (Hobijn)"", ""null"": ""trend stationarity"", ""regression"": ""ct"", ""test"": ""KPSS"", ""warnings"": [""The test statistic is outside of the range of p-values available in the\nlook-up table. The actual p-value is smaller than the p-value returned.\n""]}"
realized_var_12,stationarity,adf_kpss_joint_reading,BOTH_REJECT_CONFLICT,OK,,"{""alpha"": 0.05, ""note"": ""descriptive, unadjusted for multiple testing; not an eligibility rule""}"
realized_var_12,seasonality,acf_at_daily_6,0.7007379894770067,OK,,"{""declared_period_rows"": 6}"
realized_var_12,seasonality,seasonal_diff_var_ratio_daily_6,0.5987058647415944,OK,,"{""formula"": ""var(x_t - x_{t-s}) / var(x_t); 2 for white noise, <1 when season repeats""}"
realized_var_12,seasonality,acf_at_weekly_42,0.21719906849267676,OK,,"{""declared_period_rows"": 42}"
realized_var_12,seasonality,seasonal_diff_var_ratio_weekly_42,1.5701966443469306,OK,,"{""formula"": ""var(x_t - x_{t-s}) / var(x_t); 2 for white noise, <1 when season repeats""}"
realized_var_12,seasonality,stl_seasonal_strength_primary,0.22074686752624884,OK,,"{""formula"": ""max(0, 1 - var(R)/var(S+R)) and max(0, 1 - var(R)/var(T+R)) (Wang, Smith, Hyndman 2006)"", ""method"": ""statsmodels STL"", ""note"": ""optional diagnostic transform; not a model input"", ""period"": 6, ""robust"": false}"
realized_var_12,seasonality,stl_trend_strength_primary,0.970709834721571,OK,,"{""formula"": ""max(0, 1 - var(R)/var(S+R)) and max(0, 1 - var(R)/var(T+R)) (Wang, Smith, Hyndman 2006)"", ""method"": ""statsmodels STL"", ""note"": ""optional diagnostic transform; not a model input"", ""period"": 6, ""robust"": false}"
realized_var_48,missingness,rows,12835,OK,,
realized_var_48,missingness,missing_count,48,OK,,"{""also"": ""NaN literals parsed by float()"", ""empty_or_token_cells"": 48, ""tokens"": ["""", ""n/a"", ""na"", ""nan"", ""none"", ""null""]}"
realized_var_48,missingness,missing_fraction,0.0037397740553174914,OK,,
realized_var_48,missingness,nonnumeric_count,0,OK,,
realized_var_48,missingness,nonfinite_count,48,OK,,
realized_var_48,missingness,longest_finite_run,12787,OK,,
realized_var_48,missingness,constant_flag,False,OK,,
realized_var_48,missingness,unique_count,12785,OK,,
realized_var_48,distribution,mean,0.013300817317012593,OK,,
realized_var_48,distribution,std,0.01788322125302906,OK,,
realized_var_48,distribution,min,0.00030712847,OK,,
realized_var_48,distribution,max,0.15342107,OK,,
realized_var_48,distribution,median,0.007883545,OK,,
realized_var_48,distribution,iqr,0.00994304835,OK,,
realized_var_48,distribution,mad,0.004387931999999999,OK,,
realized_var_48,distribution,skewness,3.8175283567637246,OK,,"{""bias"": false}"
realized_var_48,distribution,excess_kurtosis,18.163380984460233,OK,,"{""bias"": false}"
realized_var_48,distribution,upper_tail_ratio,17.924174680615668,OK,,"{""formula"": ""(q0.995-q0.5)/(q0.75-q0.5); Gaussian ~3.82""}"
realized_var_48,distribution,lower_tail_ratio,2.095140232848404,OK,,"{""formula"": ""(q0.5-q0.005)/(q0.5-q0.25); Gaussian ~3.82""}"
realized_var_48,distribution,robust_z_outlier_fraction_gt5,0.05458668960663174,OK,,"{""scale"": ""1.4826*MAD""}"
realized_var_48,distribution,zero_fraction,0.0,OK,,
realized_var_48,distribution,quantile_0.005,0.0004104430438,OK,,"{""method"": ""numpy linear""}"
realized_var_48,distribution,quantile_0.01,0.0005364784956,OK,,"{""method"": ""numpy linear""}"
realized_var_48,distribution,quantile_0.05,0.0014935779900000002,OK,,"{""method"": ""numpy linear""}"
realized_var_48,distribution,quantile_0.25,0.00431667065,OK,,"{""method"": ""numpy linear""}"
realized_var_48,distribution,quantile_0.5,0.007883545,OK,,"{""method"": ""numpy linear""}"
realized_var_48,distribution,quantile_0.75,0.014259719,OK,,"{""method"": ""numpy linear""}"
realized_var_48,distribution,quantile_0.95,0.04303040069999997,OK,,"{""method"": ""numpy linear""}"
realized_var_48,distribution,quantile_0.99,0.10553259179999996,OK,,"{""method"": ""numpy linear""}"
realized_var_48,distribution,quantile_0.995,0.12217120156999993,OK,,"{""method"": ""numpy linear""}"
realized_var_48,volatility,diff_std,0.0017240026203826167,OK,,"{""rule"": ""longest contiguous finite run; no imputation"", ""segment_rows"": [48, 12835]}"
realized_var_48,volatility,diff_abs_mean,0.000433626917663069,OK,,"{""rule"": ""longest contiguous finite run; no imputation"", ""segment_rows"": [48, 12835]}"
realized_var_48,volatility,diff_std_over_std,0.09640336022183951,OK,,"{""rule"": ""longest contiguous finite run; no imputation"", ""segment_rows"": [48, 12835]}"
realized_var_48,volatility,rolling_std_cv,2.47073133119138,OK,,"{""rule"": ""non-overlapping primary-period blocks; std of block std / mean"", ""window_rows"": 6}"
realized_var_48,trend,slope_per_row,-1.3990811876855981e-06,OK,,"{""rule"": ""longest contiguous finite run; no imputation"", ""segment_rows"": [48, 12835]}"
realized_var_48,trend,slope_per_day,,UNSUPPORTED,NO_VERIFIED_REGULAR_STEP,
realized_var_48,trend,linear_r2,0.08340352022140274,OK,,
realized_var_48,acf,acf_lag_1,0.9953429371731992,OK,,"{""estimator"": ""biased, mean-centered""}"
realized_var_48,acf,acf_lag_2,0.9899464388291853,OK,,"{""estimator"": ""biased, mean-centered""}"
realized_var_48,acf,acf_lag_3,0.9837346236721128,OK,,"{""estimator"": ""biased, mean-centered""}"
realized_var_48,acf,acf_lag_6,0.9580099316520326,OK,,"{""estimator"": ""biased, mean-centered""}"
realized_var_48,acf,acf_lag_12,0.8965220307201185,OK,,"{""estimator"": ""biased, mean-centered""}"
realized_var_48,acf,acf_lag_42,0.5288525671630151,OK,,"{""estimator"": ""biased, mean-centered""}"
realized_var_48,acf,decorrelation_lag_1_over_e,,NOT_RUN,ACF_ABOVE_1_OVER_E_THROUGH_LAG_64,
realized_var_48,spectral,peak1_period_rows,1598.375,OK,,"{""method"": ""periodogram, linear detrend, rank by power""}"
realized_var_48,spectral,peak1_power_fraction,0.05101164812505531,OK,,
realized_var_48,spectral,peak2_period_rows,2557.3999999999996,OK,,"{""method"": ""periodogram, linear detrend, rank by power""}"
realized_var_48,spectral,peak2_power_fraction,0.04881330878298403,OK,,
realized_var_48,spectral,peak3_period_rows,4262.333333333333,OK,,"{""method"": ""periodogram, linear detrend, rank by power""}"
realized_var_48,spectral,peak3_power_fraction,0.04868764716914937,OK,,
realized_var_48,spectral,peak1_period_hours,,UNSUPPORTED,NO_VERIFIED_REGULAR_STEP,
realized_var_48,spectral,entropy_normalized,0.5258320809024741,OK,,
realized_var_48,spectral,low_frequency_power_fraction,0.9975050893913803,OK,,"{""basis"": ""primary period"", ""cutoff_cycles_per_row"": 0.16666666666666666}"
realized_var_48,spectral,centroid_cycles_per_row,0.0054100925737294485,OK,,
realized_var_48,stationarity,adf_c_aic_statistic,-10.105100145739813,OK,,"{""autolag"": ""AIC"", ""lag_selection"": ""AIC over lags 0..maxlag on the common trimmed sample, as statsmodels _autolag does, without retaining every fitted model; final fit adfuller(maxlag=best, autolag=None)"", ""limitation"": ""MacKinnon approximate p-value; low power near unity; lag choice by AIC"", ""maxlag"": 41, ""n"": 12787, ""null"": ""unit root"", ""regression"": ""c"", ""test"": ""ADF""}"
realized_var_48,stationarity,adf_c_aic_pvalue,1.0349111027809722e-17,OK,,"{""autolag"": ""AIC"", ""lag_selection"": ""AIC over lags 0..maxlag on the common trimmed sample, as statsmodels _autolag does, without retaining every fitted model; final fit adfuller(maxlag=best, autolag=None)"", ""limitation"": ""MacKinnon approximate p-value; low power near unity; lag choice by AIC"", ""maxlag"": 41, ""n"": 12787, ""null"": ""unit root"", ""regression"": ""c"", ""test"": ""ADF""}"
realized_var_48,stationarity,adf_c_aic_lags,25,OK,,"{""autolag"": ""AIC"", ""lag_selection"": ""AIC over lags 0..maxlag on the common trimmed sample, as statsmodels _autolag does, without retaining every fitted model; final fit adfuller(maxlag=best, autolag=None)"", ""limitation"": ""MacKinnon approximate p-value; low power near unity; lag choice by AIC"", ""maxlag"": 41, ""n"": 12787, ""null"": ""unit root"", ""regression"": ""c"", ""test"": ""ADF""}"
realized_var_48,stationarity,kpss_c_auto_statistic,1.9570994264078898,OK_WITH_WARNING,,"{""limitation"": ""p-value interpolated from a table bounded to [0.01, 0.10]"", ""n"": 12787, ""nlags"": ""auto (Hobijn)"", ""null"": ""level stationarity"", ""regression"": ""c"", ""test"": ""KPSS"", ""warnings"": [""The test statistic is outside of the range of p-values available in the\nlook-up table. The actual p-value is smaller than the p-value returned.\n""]}"
realized_var_48,stationarity,kpss_c_auto_pvalue,0.01,OK_WITH_WARNING,P_VALUE_AT_TABLE_BOUND,"{""limitation"": ""p-value interpolated from a table bounded to [0.01, 0.10]"", ""n"": 12787, ""nlags"": ""auto (Hobijn)"", ""null"": ""level stationarity"", ""regression"": ""c"", ""test"": ""KPSS"", ""warnings"": [""The test statistic is outside of the range of p-values available in the\nlook-up table. The actual p-value is smaller than the p-value returned.\n""]}"
realized_var_48,stationarity,kpss_c_auto_lags,69,OK_WITH_WARNING,,"{""limitation"": ""p-value interpolated from a table bounded to [0.01, 0.10]"", ""n"": 12787, ""nlags"": ""auto (Hobijn)"", ""null"": ""level stationarity"", ""regression"": ""c"", ""test"": ""KPSS"", ""warnings"": [""The test statistic is outside of the range of p-values available in the\nlook-up table. The actual p-value is smaller than the p-value returned.\n""]}"
realized_var_48,stationarity,kpss_ct_auto_statistic,0.4235591599987546,OK_WITH_WARNING,,"{""limitation"": ""p-value interpolated from a table bounded to [0.01, 0.10]"", ""n"": 12787, ""nlags"": ""auto (Hobijn)"", ""null"": ""trend stationarity"", ""regression"": ""ct"", ""test"": ""KPSS"", ""warnings"": [""The test statistic is outside of the range of p-values available in the\nlook-up table. The actual p-value is smaller than the p-value returned.\n""]}"
realized_var_48,stationarity,kpss_ct_auto_pvalue,0.01,OK_WITH_WARNING,P_VALUE_AT_TABLE_BOUND,"{""limitation"": ""p-value interpolated from a table bounded to [0.01, 0.10]"", ""n"": 12787, ""nlags"": ""auto (Hobijn)"", ""null"": ""trend stationarity"", ""regression"": ""ct"", ""test"": ""KPSS"", ""warnings"": [""The test statistic is outside of the range of p-values available in the\nlook-up table. The actual p-value is smaller than the p-value returned.\n""]}"
realized_var_48,stationarity,kpss_ct_auto_lags,69,OK_WITH_WARNING,,"{""limitation"": ""p-value interpolated from a table bounded to [0.01, 0.10]"", ""n"": 12787, ""nlags"": ""auto (Hobijn)"", ""null"": ""trend stationarity"", ""regression"": ""ct"", ""test"": ""KPSS"", ""warnings"": [""The test statistic is outside of the range of p-values available in the\nlook-up table. The actual p-value is smaller than the p-value returned.\n""]}"
realized_var_48,stationarity,adf_kpss_joint_reading,BOTH_REJECT_CONFLICT,OK,,"{""alpha"": 0.05, ""note"": ""descriptive, unadjusted for multiple testing; not an eligibility rule""}"
realized_var_48,seasonality,acf_at_daily_6,0.9580099316520324,OK,,"{""declared_period_rows"": 6}"
realized_var_48,seasonality,seasonal_diff_var_ratio_daily_6,0.08391030371646782,OK,,"{""formula"": ""var(x_t - x_{t-s}) / var(x_t); 2 for white noise, <1 when season repeats""}"
realized_var_48,seasonality,acf_at_weekly_42,0.5288525671630153,OK,,"{""declared_period_rows"": 42}"
realized_var_48,seasonality,seasonal_diff_var_ratio_weekly_42,0.9445083629696477,OK,,"{""formula"": ""var(x_t - x_{t-s}) / var(x_t); 2 for white noise, <1 when season repeats""}"
realized_var_48,seasonality,stl_seasonal_strength_primary,0.2725172186370056,OK,,"{""formula"": ""max(0, 1 - var(R)/var(S+R)) and max(0, 1 - var(R)/var(T+R)) (Wang, Smith, Hyndman 2006)"", ""method"": ""statsmodels STL"", ""note"": ""optional diagnostic transform; not a model input"", ""period"": 6, ""robust"": false}"
realized_var_48,seasonality,stl_trend_strength_primary,0.9965949125094571,OK,,"{""formula"": ""max(0, 1 - var(R)/var(S+R)) and max(0, 1 - var(R)/var(T+R)) (Wang, Smith, Hyndman 2006)"", ""method"": ""statsmodels STL"", ""note"": ""optional diagnostic transform; not a model input"", ""period"": 6, ""robust"": false}"
autocorr_lag1_100,missingness,rows,12835,OK,,
autocorr_lag1_100,missingness,missing_count,101,OK,,"{""also"": ""NaN literals parsed by float()"", ""empty_or_token_cells"": 101, ""tokens"": ["""", ""n/a"", ""na"", ""nan"", ""none"", ""null""]}"
autocorr_lag1_100,missingness,missing_fraction,0.007869107908063888,OK,,
autocorr_lag1_100,missingness,nonnumeric_count,0,OK,,
autocorr_lag1_100,missingness,nonfinite_count,101,OK,,
autocorr_lag1_100,missingness,longest_finite_run,12734,OK,,
autocorr_lag1_100,missingness,constant_flag,False,OK,,
autocorr_lag1_100,missingness,unique_count,12733,OK,,
autocorr_lag1_100,distribution,mean,-0.022424202599675903,OK,,
autocorr_lag1_100,distribution,std,0.10201609234720499,OK,,
autocorr_lag1_100,distribution,min,-0.34482032,OK,,
autocorr_lag1_100,distribution,max,0.49048525,OK,,
autocorr_lag1_100,distribution,median,-0.016546884999999997,OK,,
autocorr_lag1_100,distribution,iqr,0.1336769065,OK,,
autocorr_lag1_100,distribution,mad,0.066887695,OK,,
autocorr_lag1_100,distribution,skewness,-0.17705342576810235,OK,,"{""bias"": false}"
autocorr_lag1_100,distribution,excess_kurtosis,-0.114660635859829,OK,,"{""bias"": false}"
autocorr_lag1_100,distribution,upper_tail_ratio,3.7164409033223222,OK,,"{""formula"": ""(q0.995-q0.5)/(q0.75-q0.5); Gaussian ~3.82""}"
autocorr_lag1_100,distribution,lower_tail_ratio,3.793992502880948,OK,,"{""formula"": ""(q0.5-q0.005)/(q0.5-q0.25); Gaussian ~3.82""}"
autocorr_lag1_100,distribution,robust_z_outlier_fraction_gt5,7.852991989948171e-05,OK,,"{""scale"": ""1.4826*MAD""}"
autocorr_lag1_100,distribution,zero_fraction,0.0,OK,,
autocorr_lag1_100,distribution,quantile_0.005,-0.28805569705,OK,,"{""method"": ""numpy linear""}"
autocorr_lag1_100,distribution,quantile_0.01,-0.2619852279,OK,,"{""method"": ""numpy linear""}"
autocorr_lag1_100,distribution,quantile_0.05,-0.1996037345,OK,,"{""method"": ""numpy linear""}"
autocorr_lag1_100,distribution,quantile_0.25,-0.0881097075,OK,,"{""method"": ""numpy linear""}"
autocorr_lag1_100,distribution,quantile_0.5,-0.016546884999999997,OK,,"{""method"": ""numpy linear""}"
autocorr_lag1_100,distribution,quantile_0.75,0.045567199,OK,,"{""method"": ""numpy linear""}"
autocorr_lag1_100,distribution,quantile_0.95,0.13953535099999997,OK,,"{""method"": ""numpy linear""}"
autocorr_lag1_100,distribution,quantile_0.99,0.1960851924,OK,,"{""method"": ""numpy linear""}"
autocorr_lag1_100,distribution,quantile_0.995,0.2142964374499986,OK,,"{""method"": ""numpy linear""}"
autocorr_lag1_100,volatility,diff_std,0.020387276658288322,OK,,"{""rule"": ""longest contiguous finite run; no imputation"", ""segment_rows"": [101, 12835]}"
autocorr_lag1_100,volatility,diff_abs_mean,0.009925253174059687,OK,,"{""rule"": ""longest contiguous finite run; no imputation"", ""segment_rows"": [101, 12835]}"
autocorr_lag1_100,volatility,diff_std_over_std,0.1998437323878431,OK,,"{""rule"": ""longest contiguous finite run; no imputation"", ""segment_rows"": [101, 12835]}"
autocorr_lag1_100,volatility,rolling_std_cv,1.2288869355533063,OK,,"{""rule"": ""non-overlapping primary-period blocks; std of block std / mean"", ""window_rows"": 6}"
autocorr_lag1_100,trend,slope_per_row,3.7379078040362032e-06,OK,,"{""rule"": ""longest contiguous finite run; no imputation"", ""segment_rows"": [101, 12835]}"
autocorr_lag1_100,trend,slope_per_day,,UNSUPPORTED,NO_VERIFIED_REGULAR_STEP,
autocorr_lag1_100,trend,linear_r2,0.01814271803016343,OK,,
autocorr_lag1_100,acf,acf_lag_1,0.9799709257640941,OK,,"{""estimator"": ""biased, mean-centered""}"
autocorr_lag1_100,acf,acf_lag_2,0.9611395429540852,OK,,"{""estimator"": ""biased, mean-centered""}"
autocorr_lag1_100,acf,acf_lag_3,0.9435028238063413,OK,,"{""estimator"": ""biased, mean-centered""}"
autocorr_lag1_100,acf,acf_lag_6,0.8974129262667653,OK,,"{""estimator"": ""biased, mean-centered""}"
autocorr_lag1_100,acf,acf_lag_12,0.8260897029309824,OK,,"{""estimator"": ""biased, mean-centered""}"
autocorr_lag1_100,acf,acf_lag_42,0.5578243684503649,OK,,"{""estimator"": ""biased, mean-centered""}"
autocorr_lag1_100,acf,decorrelation_lag_1_over_e,,NOT_RUN,ACF_ABOVE_1_OVER_E_THROUGH_LAG_64,
autocorr_lag1_100,spectral,peak1_period_rows,6366.999999999999,OK,,"{""method"": ""periodogram, linear detrend, rank by power""}"
autocorr_lag1_100,spectral,peak1_power_fraction,0.060846363516812565,OK,,
autocorr_lag1_100,spectral,peak2_period_rows,670.2105263157894,OK,,"{""method"": ""periodogram, linear detrend, rank by power""}"
autocorr_lag1_100,spectral,peak2_power_fraction,0.052736157463925945,OK,,
autocorr_lag1_100,spectral,peak3_period_rows,489.7692307692308,OK,,"{""method"": ""periodogram, linear detrend, rank by power""}"
autocorr_lag1_100,spectral,peak3_power_fraction,0.04539587006933821,OK,,
autocorr_lag1_100,spectral,peak1_period_hours,,UNSUPPORTED,NO_VERIFIED_REGULAR_STEP,
autocorr_lag1_100,spectral,entropy_normalized,0.5464377494501343,OK,,
autocorr_lag1_100,spectral,low_frequency_power_fraction,0.9886453943922855,OK,,"{""basis"": ""primary period"", ""cutoff_cycles_per_row"": 0.16666666666666666}"
autocorr_lag1_100,spectral,centroid_cycles_per_row,0.010669610075857313,OK,,
autocorr_lag1_100,stationarity,adf_c_aic_statistic,-9.225324814843598,OK,,"{""autolag"": ""AIC"", ""lag_selection"": ""AIC over lags 0..maxlag on the common trimmed sample, as statsmodels _autolag does, without retaining every fitted model; final fit adfuller(maxlag=best, autolag=None)"", ""limitation"": ""MacKinnon approximate p-value; low power near unity; lag choice by AIC"", ""maxlag"": 41, ""n"": 12734, ""null"": ""unit root"", ""regression"": ""c"", ""test"": ""ADF""}"
autocorr_lag1_100,stationarity,adf_c_aic_pvalue,1.735438719294737e-15,OK,,"{""autolag"": ""AIC"", ""lag_selection"": ""AIC over lags 0..maxlag on the common trimmed sample, as statsmodels _autolag does, without retaining every fitted model; final fit adfuller(maxlag=best, autolag=None)"", ""limitation"": ""MacKinnon approximate p-value; low power near unity; lag choice by AIC"", ""maxlag"": 41, ""n"": 12734, ""null"": ""unit root"", ""regression"": ""c"", ""test"": ""ADF""}"
autocorr_lag1_100,stationarity,adf_c_aic_lags,8,OK,,"{""autolag"": ""AIC"", ""lag_selection"": ""AIC over lags 0..maxlag on the common trimmed sample, as statsmodels _autolag does, without retaining every fitted model; final fit adfuller(maxlag=best, autolag=None)"", ""limitation"": ""MacKinnon approximate p-value; low power near unity; lag choice by AIC"", ""maxlag"": 41, ""n"": 12734, ""null"": ""unit root"", ""regression"": ""c"", ""test"": ""ADF""}"
autocorr_lag1_100,stationarity,kpss_c_auto_statistic,0.6035369429951472,OK,,"{""limitation"": ""p-value interpolated from a table bounded to [0.01, 0.10]"", ""n"": 12734, ""nlags"": ""auto (Hobijn)"", ""null"": ""level stationarity"", ""regression"": ""c"", ""test"": ""KPSS""}"
autocorr_lag1_100,stationarity,kpss_c_auto_pvalue,0.02231482336407753,OK,,"{""limitation"": ""p-value interpolated from a table bounded to [0.01, 0.10]"", ""n"": 12734, ""nlags"": ""auto (Hobijn)"", ""null"": ""level stationarity"", ""regression"": ""c"", ""test"": ""KPSS""}"
autocorr_lag1_100,stationarity,kpss_c_auto_lags,68,OK,,"{""limitation"": ""p-value interpolated from a table bounded to [0.01, 0.10]"", ""n"": 12734, ""nlags"": ""auto (Hobijn)"", ""null"": ""level stationarity"", ""regression"": ""c"", ""test"": ""KPSS""}"
autocorr_lag1_100,stationarity,kpss_ct_auto_statistic,0.3433730595993791,OK_WITH_WARNING,,"{""limitation"": ""p-value interpolated from a table bounded to [0.01, 0.10]"", ""n"": 12734, ""nlags"": ""auto (Hobijn)"", ""null"": ""trend stationarity"", ""regression"": ""ct"", ""test"": ""KPSS"", ""warnings"": [""The test statistic is outside of the range of p-values available in the\nlook-up table. The actual p-value is smaller than the p-value returned.\n""]}"
autocorr_lag1_100,stationarity,kpss_ct_auto_pvalue,0.01,OK_WITH_WARNING,P_VALUE_AT_TABLE_BOUND,"{""limitation"": ""p-value interpolated from a table bounded to [0.01, 0.10]"", ""n"": 12734, ""nlags"": ""auto (Hobijn)"", ""null"": ""trend stationarity"", ""regression"": ""ct"", ""test"": ""KPSS"", ""warnings"": [""The test statistic is outside of the range of p-values available in the\nlook-up table. The actual p-value is smaller than the p-value returned.\n""]}"
autocorr_lag1_100,stationarity,kpss_ct_auto_lags,68,OK_WITH_WARNING,,"{""limitation"": ""p-value interpolated from a table bounded to [0.01, 0.10]"", ""n"": 12734, ""nlags"": ""auto (Hobijn)"", ""null"": ""trend stationarity"", ""regression"": ""ct"", ""test"": ""KPSS"", ""warnings"": [""The test statistic is outside of the range of p-values available in the\nlook-up table. The actual p-value is smaller than the p-value returned.\n""]}"
autocorr_lag1_100,stationarity,adf_kpss_joint_reading,BOTH_REJECT_CONFLICT,OK,,"{""alpha"": 0.05, ""note"": ""descriptive, unadjusted for multiple testing; not an eligibility rule""}"
autocorr_lag1_100,seasonality,acf_at_daily_6,0.8974129262667649,OK,,"{""declared_period_rows"": 6}"
autocorr_lag1_100,seasonality,seasonal_diff_var_ratio_daily_6,0.20446495016442517,OK,,"{""formula"": ""var(x_t - x_{t-s}) / var(x_t); 2 for white noise, <1 when season repeats""}"
autocorr_lag1_100,seasonality,acf_at_weekly_42,0.5578243684503645,OK,,"{""declared_period_rows"": 42}"
autocorr_lag1_100,seasonality,seasonal_diff_var_ratio_weekly_42,0.881693870123519,OK,,"{""formula"": ""var(x_t - x_{t-s}) / var(x_t); 2 for white noise, <1 when season repeats""}"
autocorr_lag1_100,seasonality,stl_seasonal_strength_primary,0.2988373877751125,OK,,"{""formula"": ""max(0, 1 - var(R)/var(S+R)) and max(0, 1 - var(R)/var(T+R)) (Wang, Smith, Hyndman 2006)"", ""method"": ""statsmodels STL"", ""note"": ""optional diagnostic transform; not a model input"", ""period"": 6, ""robust"": false}"
autocorr_lag1_100,seasonality,stl_trend_strength_primary,0.9833796632252514,OK,,"{""formula"": ""max(0, 1 - var(R)/var(S+R)) and max(0, 1 - var(R)/var(T+R)) (Wang, Smith, Hyndman 2006)"", ""method"": ""statsmodels STL"", ""note"": ""optional diagnostic transform; not a model input"", ""period"": 6, ""robust"": false}"
autocorr_lag5_100,missingness,rows,12835,OK,,
autocorr_lag5_100,missingness,missing_count,105,OK,,"{""also"": ""NaN literals parsed by float()"", ""empty_or_token_cells"": 105, ""tokens"": ["""", ""n/a"", ""na"", ""nan"", ""none"", ""null""]}"
autocorr_lag5_100,missingness,missing_fraction,0.008180755746007013,OK,,
autocorr_lag5_100,missingness,nonnumeric_count,0,OK,,
autocorr_lag5_100,missingness,nonfinite_count,105,OK,,
autocorr_lag5_100,missingness,longest_finite_run,12730,OK,,
autocorr_lag5_100,missingness,constant_flag,False,OK,,
autocorr_lag5_100,missingness,unique_count,12730,OK,,
autocorr_lag5_100,distribution,mean,0.00260049061178821,OK,,
autocorr_lag5_100,distribution,std,0.11725337078984335,OK,,
autocorr_lag5_100,distribution,min,-0.32292205,OK,,
autocorr_lag5_100,distribution,max,0.37180433,OK,,
autocorr_lag5_100,distribution,median,-0.000995212,OK,,
autocorr_lag5_100,distribution,iqr,0.1620631625,OK,,
autocorr_lag5_100,distribution,mad,0.081056338,OK,,
autocorr_lag5_100,distribution,skewness,0.13976225317788565,OK,,"{""bias"": false}"
autocorr_lag5_100,distribution,excess_kurtosis,-0.3069882505562376,OK,,"{""bias"": false}"
autocorr_lag5_100,distribution,upper_tail_ratio,3.5919786436025283,OK,,"{""formula"": ""(q0.995-q0.5)/(q0.75-q0.5); Gaussian ~3.82""}"
autocorr_lag5_100,distribution,lower_tail_ratio,3.4030506922576818,OK,,"{""formula"": ""(q0.5-q0.005)/(q0.5-q0.25); Gaussian ~3.82""}"
autocorr_lag5_100,distribution,robust_z_outlier_fraction_gt5,0.0,OK,,"{""scale"": ""1.4826*MAD""}"
autocorr_lag5_100,distribution,zero_fraction,0.0,OK,,
autocorr_lag5_100,distribution,quantile_0.005,-0.27626675910000004,OK,,"{""method"": ""numpy linear""}"
autocorr_lag5_100,distribution,quantile_0.01,-0.2542500668,OK,,"{""method"": ""numpy linear""}"
autocorr_lag5_100,distribution,quantile_0.05,-0.1790157405,OK,,"{""method"": ""numpy linear""}"
autocorr_lag5_100,distribution,quantile_0.25,-0.0818848525,OK,,"{""method"": ""numpy linear""}"
autocorr_lag5_100,distribution,quantile_0.5,-0.000995212,OK,,"{""method"": ""numpy linear""}"
autocorr_lag5_100,distribution,quantile_0.75,0.08017831,OK,,"{""method"": ""numpy linear""}"
autocorr_lag5_100,distribution,quantile_0.95,0.2005531165,OK,,"{""method"": ""numpy linear""}"
autocorr_lag5_100,distribution,quantile_0.99,0.2719571087999997,OK,,"{""method"": ""numpy linear""}"
autocorr_lag5_100,distribution,quantile_0.995,0.29057834544999994,OK,,"{""method"": ""numpy linear""}"
autocorr_lag5_100,volatility,diff_std,0.0196309721642362,OK,,"{""rule"": ""longest contiguous finite run; no imputation"", ""segment_rows"": [105, 12835]}"
autocorr_lag5_100,volatility,diff_abs_mean,0.009560365991634534,OK,,"{""rule"": ""longest contiguous finite run; no imputation"", ""segment_rows"": [105, 12835]}"
autocorr_lag5_100,volatility,diff_std_over_std,0.167423520807955,OK,,"{""rule"": ""longest contiguous finite run; no imputation"", ""segment_rows"": [105, 12835]}"
autocorr_lag5_100,volatility,rolling_std_cv,1.0501014073990527,OK,,"{""rule"": ""non-overlapping primary-period blocks; std of block std / mean"", ""window_rows"": 6}"
autocorr_lag5_100,trend,slope_per_row,-1.6907856549460719e-06,OK,,"{""rule"": ""longest contiguous finite run; no imputation"", ""segment_rows"": [105, 12835]}"
autocorr_lag5_100,trend,slope_per_day,,UNSUPPORTED,NO_VERIFIED_REGULAR_STEP,
autocorr_lag5_100,trend,linear_r2,0.0028082522240837626,OK,,
autocorr_lag5_100,acf,acf_lag_1,0.9859509157962817,OK,,"{""estimator"": ""biased, mean-centered""}"
autocorr_lag5_100,acf,acf_lag_2,0.9734907516548714,OK,,"{""estimator"": ""biased, mean-centered""}"
autocorr_lag5_100,acf,acf_lag_3,0.9612924230555183,OK,,"{""estimator"": ""biased, mean-centered""}"
autocorr_lag5_100,acf,acf_lag_6,0.9265816514173425,OK,,"{""estimator"": ""biased, mean-centered""}"
autocorr_lag5_100,acf,acf_lag_12,0.8622679989169286,OK,,"{""estimator"": ""biased, mean-centered""}"
autocorr_lag5_100,acf,acf_lag_42,0.6127101226816408,OK,,"{""estimator"": ""biased, mean-centered""}"
autocorr_lag5_100,acf,decorrelation_lag_1_over_e,,NOT_RUN,ACF_ABOVE_1_OVER_E_THROUGH_LAG_64,
autocorr_lag5_100,spectral,peak1_period_rows,489.61538461538464,OK,,"{""method"": ""periodogram, linear detrend, rank by power""}"
autocorr_lag5_100,spectral,peak1_power_fraction,0.05825658237291972,OK,,
autocorr_lag5_100,spectral,peak2_period_rows,909.2857142857143,OK,,"{""method"": ""periodogram, linear detrend, rank by power""}"
autocorr_lag5_100,spectral,peak2_power_fraction,0.051562854391322493,OK,,
autocorr_lag5_100,spectral,peak3_period_rows,3182.5,OK,,"{""method"": ""periodogram, linear detrend, rank by power""}"
autocorr_lag5_100,spectral,peak3_power_fraction,0.04615684940894885,OK,,
autocorr_lag5_100,spectral,peak1_period_hours,,UNSUPPORTED,NO_VERIFIED_REGULAR_STEP,
autocorr_lag5_100,spectral,entropy_normalized,0.5281846681400441,OK,,
autocorr_lag5_100,spectral,low_frequency_power_fraction,0.9919384963816859,OK,,"{""basis"": ""primary period"", ""cutoff_cycles_per_row"": 0.16666666666666666}"
autocorr_lag5_100,spectral,centroid_cycles_per_row,0.008113557164365404,OK,,
autocorr_lag5_100,stationarity,adf_c_aic_statistic,-8.977068811458054,OK,,"{""autolag"": ""AIC"", ""lag_selection"": ""AIC over lags 0..maxlag on the common trimmed sample, as statsmodels _autolag does, without retaining every fitted model; final fit adfuller(maxlag=best, autolag=None)"", ""limitation"": ""MacKinnon approximate p-value; low power near unity; lag choice by AIC"", ""maxlag"": 41, ""n"": 12730, ""null"": ""unit root"", ""regression"": ""c"", ""test"": ""ADF""}"
autocorr_lag5_100,stationarity,adf_c_aic_pvalue,7.482081607658335e-15,OK,,"{""autolag"": ""AIC"", ""lag_selection"": ""AIC over lags 0..maxlag on the common trimmed sample, as statsmodels _autolag does, without retaining every fitted model; final fit adfuller(maxlag=best, autolag=None)"", ""limitation"": ""MacKinnon approximate p-value; low power near unity; lag choice by AIC"", ""maxlag"": 41, ""n"": 12730, ""null"": ""unit root"", ""regression"": ""c"", ""test"": ""ADF""}"
autocorr_lag5_100,stationarity,adf_c_aic_lags,1,OK,,"{""autolag"": ""AIC"", ""lag_selection"": ""AIC over lags 0..maxlag on the common trimmed sample, as statsmodels _autolag does, without retaining every fitted model; final fit adfuller(maxlag=best, autolag=None)"", ""limitation"": ""MacKinnon approximate p-value; low power near unity; lag choice by AIC"", ""maxlag"": 41, ""n"": 12730, ""null"": ""unit root"", ""regression"": ""c"", ""test"": ""ADF""}"
autocorr_lag5_100,stationarity,kpss_c_auto_statistic,0.24269597455685507,OK_WITH_WARNING,,"{""limitation"": ""p-value interpolated from a table bounded to [0.01, 0.10]"", ""n"": 12730, ""nlags"": ""auto (Hobijn)"", ""null"": ""level stationarity"", ""regression"": ""c"", ""test"": ""KPSS"", ""warnings"": [""The test statistic is outside of the range of p-values available in the\nlook-up table. The actual p-value is greater than the p-value returned.\n""]}"
autocorr_lag5_100,stationarity,kpss_c_auto_pvalue,0.1,OK_WITH_WARNING,P_VALUE_AT_TABLE_BOUND,"{""limitation"": ""p-value interpolated from a table bounded to [0.01, 0.10]"", ""n"": 12730, ""nlags"": ""auto (Hobijn)"", ""null"": ""level stationarity"", ""regression"": ""c"", ""test"": ""KPSS"", ""warnings"": [""The test statistic is outside of the range of p-values available in the\nlook-up table. The actual p-value is greater than the p-value returned.\n""]}"
autocorr_lag5_100,stationarity,kpss_c_auto_lags,69,OK_WITH_WARNING,,"{""limitation"": ""p-value interpolated from a table bounded to [0.01, 0.10]"", ""n"": 12730, ""nlags"": ""auto (Hobijn)"", ""null"": ""level stationarity"", ""regression"": ""c"", ""test"": ""KPSS"", ""warnings"": [""The test statistic is outside of the range of p-values available in the\nlook-up table. The actual p-value is greater than the p-value returned.\n""]}"
autocorr_lag5_100,stationarity,kpss_ct_auto_statistic,0.17166075022879165,OK,,"{""limitation"": ""p-value interpolated from a table bounded to [0.01, 0.10]"", ""n"": 12730, ""nlags"": ""auto (Hobijn)"", ""null"": ""trend stationarity"", ""regression"": ""ct"", ""test"": ""KPSS""}"
autocorr_lag5_100,stationarity,kpss_ct_auto_pvalue,0.02861604147600695,OK,,"{""limitation"": ""p-value interpolated from a table bounded to [0.01, 0.10]"", ""n"": 12730, ""nlags"": ""auto (Hobijn)"", ""null"": ""trend stationarity"", ""regression"": ""ct"", ""test"": ""KPSS""}"
autocorr_lag5_100,stationarity,kpss_ct_auto_lags,69,OK,,"{""limitation"": ""p-value interpolated from a table bounded to [0.01, 0.10]"", ""n"": 12730, ""nlags"": ""auto (Hobijn)"", ""null"": ""trend stationarity"", ""regression"": ""ct"", ""test"": ""KPSS""}"
autocorr_lag5_100,stationarity,adf_kpss_joint_reading,ADF_REJECTS_UNIT_ROOT_KPSS_DOES_NOT_REJECT_LEVEL,OK,,"{""alpha"": 0.05, ""note"": ""descriptive, unadjusted for multiple testing; not an eligibility rule""}"
autocorr_lag5_100,seasonality,acf_at_daily_6,0.9265816514173428,OK,,"{""declared_period_rows"": 6}"
autocorr_lag5_100,seasonality,seasonal_diff_var_ratio_daily_6,0.1464605175918001,OK,,"{""formula"": ""var(x_t - x_{t-s}) / var(x_t); 2 for white noise, <1 when season repeats""}"
autocorr_lag5_100,seasonality,acf_at_weekly_42,0.6127101226816407,OK,,"{""declared_period_rows"": 42}"
autocorr_lag5_100,seasonality,seasonal_diff_var_ratio_weekly_42,0.7741267030942206,OK,,"{""formula"": ""var(x_t - x_{t-s}) / var(x_t); 2 for white noise, <1 when season repeats""}"
autocorr_lag5_100,seasonality,stl_seasonal_strength_primary,0.31500611906312015,OK,,"{""formula"": ""max(0, 1 - var(R)/var(S+R)) and max(0, 1 - var(R)/var(T+R)) (Wang, Smith, Hyndman 2006)"", ""method"": ""statsmodels STL"", ""note"": ""optional diagnostic transform; not a model input"", ""period"": 6, ""robust"": false}"
autocorr_lag5_100,seasonality,stl_trend_strength_primary,0.9891375532008978,OK,,"{""formula"": ""max(0, 1 - var(R)/var(S+R)) and max(0, 1 - var(R)/var(T+R)) (Wang, Smith, Hyndman 2006)"", ""method"": ""statsmodels STL"", ""note"": ""optional diagnostic transform; not a model input"", ""period"": 6, ""robust"": false}"
sqret_autocorr_lag1_100,missingness,rows,12835,OK,,
sqret_autocorr_lag1_100,missingness,missing_count,101,OK,,"{""also"": ""NaN literals parsed by float()"", ""empty_or_token_cells"": 101, ""tokens"": ["""", ""n/a"", ""na"", ""nan"", ""none"", ""null""]}"
sqret_autocorr_lag1_100,missingness,missing_fraction,0.007869107908063888,OK,,
sqret_autocorr_lag1_100,missingness,nonnumeric_count,0,OK,,
sqret_autocorr_lag1_100,missingness,nonfinite_count,101,OK,,
sqret_autocorr_lag1_100,missingness,longest_finite_run,12734,OK,,
sqret_autocorr_lag1_100,missingness,constant_flag,False,OK,,
sqret_autocorr_lag1_100,missingness,unique_count,12733,OK,,
sqret_autocorr_lag1_100,distribution,mean,0.04209974964219671,OK,,
sqret_autocorr_lag1_100,distribution,std,0.10455691330290166,OK,,
sqret_autocorr_lag1_100,distribution,min,-0.18891789,OK,,
sqret_autocorr_lag1_100,distribution,max,0.8840332,OK,,
sqret_autocorr_lag1_100,distribution,median,0.024845758000000003,OK,,
sqret_autocorr_lag1_100,distribution,iqr,0.11192315875,OK,,
sqret_autocorr_lag1_100,distribution,mad,0.055232502,OK,,
sqret_autocorr_lag1_100,distribution,skewness,1.6207878859571445,OK,,"{""bias"": false}"
sqret_autocorr_lag1_100,distribution,excess_kurtosis,5.098279188109398,OK,,"{""bias"": false}"
sqret_autocorr_lag1_100,distribution,upper_tail_ratio,8.95930486893462,OK,,"{""formula"": ""(q0.995-q0.5)/(q0.75-q0.5); Gaussian ~3.82""}"
sqret_autocorr_lag1_100,distribution,lower_tail_ratio,3.440072126170045,OK,,"{""formula"": ""(q0.5-q0.005)/(q0.5-q0.25); Gaussian ~3.82""}"
sqret_autocorr_lag1_100,distribution,robust_z_outlier_fraction_gt5,0.008638291188942987,OK,,"{""scale"": ""1.4826*MAD""}"
sqret_autocorr_lag1_100,distribution,zero_fraction,0.0,OK,,
sqret_autocorr_lag1_100,distribution,quantile_0.005,-0.15094587255,OK,,"{""method"": ""numpy linear""}"
sqret_autocorr_lag1_100,distribution,quantile_0.01,-0.1297584074,OK,,"{""method"": ""numpy linear""}"
sqret_autocorr_lag1_100,distribution,quantile_0.05,-0.0846345871,OK,,"{""method"": ""numpy linear""}"
sqret_autocorr_lag1_100,distribution,quantile_0.25,-0.02625538875,OK,,"{""method"": ""numpy linear""}"
sqret_autocorr_lag1_100,distribution,quantile_0.5,0.024845758000000003,OK,,"{""method"": ""numpy linear""}"
sqret_autocorr_lag1_100,distribution,quantile_0.75,0.08566777,OK,,"{""method"": ""numpy linear""}"
sqret_autocorr_lag1_100,distribution,quantile_0.95,0.22021481499999976,OK,,"{""method"": ""numpy linear""}"
sqret_autocorr_lag1_100,distribution,quantile_0.99,0.38352160690000003,OK,,"{""method"": ""numpy linear""}"
sqret_autocorr_lag1_100,distribution,quantile_0.995,0.5697687062499999,OK,,"{""method"": ""numpy linear""}"
sqret_autocorr_lag1_100,volatility,diff_std,0.023904459615602718,OK,,"{""rule"": ""longest contiguous finite run; no imputation"", ""segment_rows"": [101, 12835]}"
sqret_autocorr_lag1_100,volatility,diff_abs_mean,0.006445156169139873,OK,,"{""rule"": ""longest contiguous finite run; no imputation"", ""segment_rows"": [101, 12835]}"
sqret_autocorr_lag1_100,volatility,diff_std_over_std,0.22862629414423732,OK,,"{""rule"": ""longest contiguous finite run; no imputation"", ""segment_rows"": [101, 12835]}"
sqret_autocorr_lag1_100,volatility,rolling_std_cv,2.0629504710980715,OK,,"{""rule"": ""non-overlapping primary-period blocks; std of block std / mean"", ""window_rows"": 6}"
sqret_autocorr_lag1_100,trend,slope_per_row,2.1868182969585997e-06,OK,,"{""rule"": ""longest contiguous finite run; no imputation"", ""segment_rows"": [101, 12835]}"
sqret_autocorr_lag1_100,trend,slope_per_day,,UNSUPPORTED,NO_VERIFIED_REGULAR_STEP,
sqret_autocorr_lag1_100,trend,linear_r2,0.005911564594084373,OK,,
sqret_autocorr_lag1_100,acf,acf_lag_1,0.9738384547283077,OK,,"{""estimator"": ""biased, mean-centered""}"
sqret_autocorr_lag1_100,acf,acf_lag_2,0.9546050638516165,OK,,"{""estimator"": ""biased, mean-centered""}"
sqret_autocorr_lag1_100,acf,acf_lag_3,0.9380201410334799,OK,,"{""estimator"": ""biased, mean-centered""}"
sqret_autocorr_lag1_100,acf,acf_lag_6,0.8921277616161795,OK,,"{""estimator"": ""biased, mean-centered""}"
sqret_autocorr_lag1_100,acf,acf_lag_12,0.8217087226336174,OK,,"{""estimator"": ""biased, mean-centered""}"
sqret_autocorr_lag1_100,acf,acf_lag_42,0.4883923450972244,OK,,"{""estimator"": ""biased, mean-centered""}"
sqret_autocorr_lag1_100,acf,decorrelation_lag_1_over_e,57,OK,,
sqret_autocorr_lag1_100,spectral,peak1_period_rows,979.5384615384615,OK,,"{""method"": ""periodogram, linear detrend, rank by power""}"
sqret_autocorr_lag1_100,spectral,peak1_power_fraction,0.05238807070788683,OK,,
sqret_autocorr_lag1_100,spectral,peak2_period_rows,1414.8888888888887,OK,,"{""method"": ""periodogram, linear detrend, rank by power""}"
sqret_autocorr_lag1_100,spectral,peak2_power_fraction,0.04148936866160708,OK,,
sqret_autocorr_lag1_100,spectral,peak3_period_rows,509.36,OK,,"{""method"": ""periodogram, linear detrend, rank by power""}"
sqret_autocorr_lag1_100,spectral,peak3_power_fraction,0.0383546885693447,OK,,
sqret_autocorr_lag1_100,spectral,peak1_period_hours,,UNSUPPORTED,NO_VERIFIED_REGULAR_STEP,
sqret_autocorr_lag1_100,spectral,entropy_normalized,0.5686048140729539,OK,,
sqret_autocorr_lag1_100,spectral,low_frequency_power_fraction,0.9841098973482084,OK,,"{""basis"": ""primary period"", ""cutoff_cycles_per_row"": 0.16666666666666666}"
sqret_autocorr_lag1_100,spectral,centroid_cycles_per_row,0.012312589193057262,OK,,
sqret_autocorr_lag1_100,stationarity,adf_c_aic_statistic,-9.203761856329912,OK,,"{""autolag"": ""AIC"", ""lag_selection"": ""AIC over lags 0..maxlag on the common trimmed sample, as statsmodels _autolag does, without retaining every fitted model; final fit adfuller(maxlag=best, autolag=None)"", ""limitation"": ""MacKinnon approximate p-value; low power near unity; lag choice by AIC"", ""maxlag"": 41, ""n"": 12734, ""null"": ""unit root"", ""regression"": ""c"", ""test"": ""ADF""}"
sqret_autocorr_lag1_100,stationarity,adf_c_aic_pvalue,1.969979621160336e-15,OK,,"{""autolag"": ""AIC"", ""lag_selection"": ""AIC over lags 0..maxlag on the common trimmed sample, as statsmodels _autolag does, without retaining every fitted model; final fit adfuller(maxlag=best, autolag=None)"", ""limitation"": ""MacKinnon approximate p-value; low power near unity; lag choice by AIC"", ""maxlag"": 41, ""n"": 12734, ""null"": ""unit root"", ""regression"": ""c"", ""test"": ""ADF""}"
sqret_autocorr_lag1_100,stationarity,adf_c_aic_lags,16,OK,,"{""autolag"": ""AIC"", ""lag_selection"": ""AIC over lags 0..maxlag on the common trimmed sample, as statsmodels _autolag does, without retaining every fitted model; final fit adfuller(maxlag=best, autolag=None)"", ""limitation"": ""MacKinnon approximate p-value; low power near unity; lag choice by AIC"", ""maxlag"": 41, ""n"": 12734, ""null"": ""unit root"", ""regression"": ""c"", ""test"": ""ADF""}"
sqret_autocorr_lag1_100,stationarity,kpss_c_auto_statistic,0.20788862894658042,OK_WITH_WARNING,,"{""limitation"": ""p-value interpolated from a table bounded to [0.01, 0.10]"", ""n"": 12734, ""nlags"": ""auto (Hobijn)"", ""null"": ""level stationarity"", ""regression"": ""c"", ""test"": ""KPSS"", ""warnings"": [""The test statistic is outside of the range of p-values available in the\nlook-up table. The actual p-value is greater than the p-value returned.\n""]}"
sqret_autocorr_lag1_100,stationarity,kpss_c_auto_pvalue,0.1,OK_WITH_WARNING,P_VALUE_AT_TABLE_BOUND,"{""limitation"": ""p-value interpolated from a table bounded to [0.01, 0.10]"", ""n"": 12734, ""nlags"": ""auto (Hobijn)"", ""null"": ""level stationarity"", ""regression"": ""c"", ""test"": ""KPSS"", ""warnings"": [""The test statistic is outside of the range of p-values available in the\nlook-up table. The actual p-value is greater than the p-value returned.\n""]}"
sqret_autocorr_lag1_100,stationarity,kpss_c_auto_lags,68,OK_WITH_WARNING,,"{""limitation"": ""p-value interpolated from a table bounded to [0.01, 0.10]"", ""n"": 12734, ""nlags"": ""auto (Hobijn)"", ""null"": ""level stationarity"", ""regression"": ""c"", ""test"": ""KPSS"", ""warnings"": [""The test statistic is outside of the range of p-values available in the\nlook-up table. The actual p-value is greater than the p-value returned.\n""]}"
sqret_autocorr_lag1_100,stationarity,kpss_ct_auto_statistic,0.05154323163420013,OK_WITH_WARNING,,"{""limitation"": ""p-value interpolated from a table bounded to [0.01, 0.10]"", ""n"": 12734, ""nlags"": ""auto (Hobijn)"", ""null"": ""trend stationarity"", ""regression"": ""ct"", ""test"": ""KPSS"", ""warnings"": [""The test statistic is outside of the range of p-values available in the\nlook-up table. The actual p-value is greater than the p-value returned.\n""]}"
sqret_autocorr_lag1_100,stationarity,kpss_ct_auto_pvalue,0.1,OK_WITH_WARNING,P_VALUE_AT_TABLE_BOUND,"{""limitation"": ""p-value interpolated from a table bounded to [0.01, 0.10]"", ""n"": 12734, ""nlags"": ""auto (Hobijn)"", ""null"": ""trend stationarity"", ""regression"": ""ct"", ""test"": ""KPSS"", ""warnings"": [""The test statistic is outside of the range of p-values available in the\nlook-up table. The actual p-value is greater than the p-value returned.\n""]}"
sqret_autocorr_lag1_100,stationarity,kpss_ct_auto_lags,68,OK_WITH_WARNING,,"{""limitation"": ""p-value interpolated from a table bounded to [0.01, 0.10]"", ""n"": 12734, ""nlags"": ""auto (Hobijn)"", ""null"": ""trend stationarity"", ""regression"": ""ct"", ""test"": ""KPSS"", ""warnings"": [""The test statistic is outside of the range of p-values available in the\nlook-up table. The actual p-value is greater than the p-value returned.\n""]}"
sqret_autocorr_lag1_100,stationarity,adf_kpss_joint_reading,ADF_REJECTS_UNIT_ROOT_KPSS_DOES_NOT_REJECT_LEVEL,OK,,"{""alpha"": 0.05, ""note"": ""descriptive, unadjusted for multiple testing; not an eligibility rule""}"
sqret_autocorr_lag1_100,seasonality,acf_at_daily_6,0.8921277616161793,OK,,"{""declared_period_rows"": 6}"
sqret_autocorr_lag1_100,seasonality,seasonal_diff_var_ratio_daily_6,0.21556433250015916,OK,,"{""formula"": ""var(x_t - x_{t-s}) / var(x_t); 2 for white noise, <1 when season repeats""}"
sqret_autocorr_lag1_100,seasonality,acf_at_weekly_42,0.4883923450972245,OK,,"{""declared_period_rows"": 42}"
sqret_autocorr_lag1_100,seasonality,seasonal_diff_var_ratio_weekly_42,1.0240720631287092,OK,,"{""formula"": ""var(x_t - x_{t-s}) / var(x_t); 2 for white noise, <1 when season repeats""}"
sqret_autocorr_lag1_100,seasonality,stl_seasonal_strength_primary,0.2959198667632159,OK,,"{""formula"": ""max(0, 1 - var(R)/var(S+R)) and max(0, 1 - var(R)/var(T+R)) (Wang, Smith, Hyndman 2006)"", ""method"": ""statsmodels STL"", ""note"": ""optional diagnostic transform; not a model input"", ""period"": 6, ""robust"": false}"
sqret_autocorr_lag1_100,seasonality,stl_trend_strength_primary,0.9796913985182596,OK,,"{""formula"": ""max(0, 1 - var(R)/var(S+R)) and max(0, 1 - var(R)/var(T+R)) (Wang, Smith, Hyndman 2006)"", ""method"": ""statsmodels STL"", ""note"": ""optional diagnostic transform; not a model input"", ""period"": 6, ""robust"": false}"
vol_regime_high,missingness,rows,12835,OK,,
vol_regime_high,missingness,missing_count,0,OK,,"{""also"": ""NaN literals parsed by float()"", ""empty_or_token_cells"": 0, ""tokens"": ["""", ""n/a"", ""na"", ""nan"", ""none"", ""null""]}"
vol_regime_high,missingness,missing_fraction,0.0,OK,,
vol_regime_high,missingness,nonnumeric_count,0,OK,,
vol_regime_high,missingness,nonfinite_count,0,OK,,
vol_regime_high,missingness,longest_finite_run,12835,OK,,
vol_regime_high,missingness,constant_flag,False,OK,,
vol_regime_high,missingness,unique_count,2,OK,,
vol_regime_high,distribution,mean,0.2659135177249708,OK,,
vol_regime_high,distribution,std,0.44183563537788917,OK,,
vol_regime_high,distribution,min,0.0,OK,,
vol_regime_high,distribution,max,1.0,OK,,
vol_regime_high,distribution,median,0.0,OK,,
vol_regime_high,distribution,iqr,1.0,OK,,
vol_regime_high,distribution,mad,0.0,OK,,
vol_regime_high,distribution,skewness,1.059774022222534,OK,,"{""bias"": false}"
vol_regime_high,distribution,excess_kurtosis,-0.8770157061312465,OK,,"{""bias"": false}"
vol_regime_high,distribution,upper_tail_ratio,1.0,OK,,"{""formula"": ""(q0.995-q0.5)/(q0.75-q0.5); Gaussian ~3.82""}"
vol_regime_high,distribution,lower_tail_ratio,,NOT_RUN,ZERO_LOWER_QUARTILE_SPREAD,"{""formula"": ""(q0.5-q0.005)/(q0.5-q0.25); Gaussian ~3.82""}"
vol_regime_high,distribution,robust_z_outlier_fraction_gt5,,NOT_RUN,ZERO_MAD,
vol_regime_high,distribution,zero_fraction,0.7340864822750293,OK,,
vol_regime_high,distribution,quantile_0.005,0.0,OK,,"{""method"": ""numpy linear""}"
vol_regime_high,distribution,quantile_0.01,0.0,OK,,"{""method"": ""numpy linear""}"
vol_regime_high,distribution,quantile_0.05,0.0,OK,,"{""method"": ""numpy linear""}"
vol_regime_high,distribution,quantile_0.25,0.0,OK,,"{""method"": ""numpy linear""}"
vol_regime_high,distribution,quantile_0.5,0.0,OK,,"{""method"": ""numpy linear""}"
vol_regime_high,distribution,quantile_0.75,1.0,OK,,"{""method"": ""numpy linear""}"
vol_regime_high,distribution,quantile_0.95,1.0,OK,,"{""method"": ""numpy linear""}"
vol_regime_high,distribution,quantile_0.99,1.0,OK,,"{""method"": ""numpy linear""}"
vol_regime_high,distribution,quantile_0.995,1.0,OK,,"{""method"": ""numpy linear""}"
vol_regime_high,volatility,diff_std,0.16795393683016355,OK,,"{""rule"": ""longest contiguous finite run; no imputation"", ""segment_rows"": [0, 12835]}"
vol_regime_high,volatility,diff_abs_mean,0.028206326944054855,OK,,"{""rule"": ""longest contiguous finite run; no imputation"", ""segment_rows"": [0, 12835]}"
vol_regime_high,volatility,diff_std_over_std,0.38012763883682094,OK,,"{""rule"": ""longest contiguous finite run; no imputation"", ""segment_rows"": [0, 12835]}"
vol_regime_high,volatility,rolling_std_cv,2.7620753038925905,OK,,"{""rule"": ""non-overlapping primary-period blocks; std of block std / mean"", ""window_rows"": 6}"
vol_regime_high,trend,slope_per_row,4.673019954624387e-06,OK,,"{""rule"": ""longest contiguous finite run; no imputation"", ""segment_rows"": [0, 12835]}"
vol_regime_high,trend,slope_per_day,,UNSUPPORTED,NO_VERIFIED_REGULAR_STEP,
vol_regime_high,trend,linear_r2,0.0015357415211507686,OK,,
vol_regime_high,acf,acf_lag_1,0.927728895938662,OK,,"{""estimator"": ""biased, mean-centered""}"
vol_regime_high,acf,acf_lag_2,0.8750152570191344,OK,,"{""estimator"": ""biased, mean-centered""}"
vol_regime_high,acf,acf_lag_3,0.8258938055746318,OK,,"{""estimator"": ""biased, mean-centered""}"
vol_regime_high,acf,acf_lag_6,0.7080652149246632,OK,,"{""estimator"": ""biased, mean-centered""}"
vol_regime_high,acf,acf_lag_12,0.5211021305083998,OK,,"{""estimator"": ""biased, mean-centered""}"
vol_regime_high,acf,acf_lag_42,0.2627001968041748,OK,,"{""estimator"": ""biased, mean-centered""}"
vol_regime_high,acf,decorrelation_lag_1_over_e,18,OK,,
vol_regime_high,spectral,peak1_period_rows,1604.375,OK,,"{""method"": ""periodogram, linear detrend, rank by power""}"
vol_regime_high,spectral,peak1_power_fraction,0.04060068511552172,OK,,
vol_regime_high,spectral,peak2_period_rows,916.7857142857143,OK,,"{""method"": ""periodogram, linear detrend, rank by power""}"
vol_regime_high,spectral,peak2_power_fraction,0.02796008516007357,OK,,
vol_regime_high,spectral,peak3_period_rows,1069.5833333333335,OK,,"{""method"": ""periodogram, linear detrend, rank by power""}"
vol_regime_high,spectral,peak3_power_fraction,0.02121165399662271,OK,,
vol_regime_high,spectral,peak1_period_hours,,UNSUPPORTED,NO_VERIFIED_REGULAR_STEP,
vol_regime_high,spectral,entropy_normalized,0.6928872972250146,OK,,
vol_regime_high,spectral,low_frequency_power_fraction,0.9572849312078899,OK,,"{""basis"": ""primary period"", ""cutoff_cycles_per_row"": 0.16666666666666666}"
vol_regime_high,spectral,centroid_cycles_per_row,0.029681456664792962,OK,,
vol_regime_high,stationarity,adf_c_aic_statistic,-11.300756612169597,OK,,"{""autolag"": ""AIC"", ""lag_selection"": ""AIC over lags 0..maxlag on the common trimmed sample, as statsmodels _autolag does, without retaining every fitted model; final fit adfuller(maxlag=best, autolag=None)"", ""limitation"": ""MacKinnon approximate p-value; low power near unity; lag choice by AIC"", ""maxlag"": 41, ""n"": 12835, ""null"": ""unit root"", ""regression"": ""c"", ""test"": ""ADF""}"
vol_regime_high,stationarity,adf_c_aic_pvalue,1.3093152867344196e-20,OK,,"{""autolag"": ""AIC"", ""lag_selection"": ""AIC over lags 0..maxlag on the common trimmed sample, as statsmodels _autolag does, without retaining every fitted model; final fit adfuller(maxlag=best, autolag=None)"", ""limitation"": ""MacKinnon approximate p-value; low power near unity; lag choice by AIC"", ""maxlag"": 41, ""n"": 12835, ""null"": ""unit root"", ""regression"": ""c"", ""test"": ""ADF""}"
vol_regime_high,stationarity,adf_c_aic_lags,29,OK,,"{""autolag"": ""AIC"", ""lag_selection"": ""AIC over lags 0..maxlag on the common trimmed sample, as statsmodels _autolag does, without retaining every fitted model; final fit adfuller(maxlag=best, autolag=None)"", ""limitation"": ""MacKinnon approximate p-value; low power near unity; lag choice by AIC"", ""maxlag"": 41, ""n"": 12835, ""null"": ""unit root"", ""regression"": ""c"", ""test"": ""ADF""}"
vol_regime_high,stationarity,kpss_c_auto_statistic,0.15399270617730318,OK_WITH_WARNING,,"{""limitation"": ""p-value interpolated from a table bounded to [0.01, 0.10]"", ""n"": 12835, ""nlags"": ""auto (Hobijn)"", ""null"": ""level stationarity"", ""regression"": ""c"", ""test"": ""KPSS"", ""warnings"": [""The test statistic is outside of the range of p-values available in the\nlook-up table. The actual p-value is greater than the p-value returned.\n""]}"
vol_regime_high,stationarity,kpss_c_auto_pvalue,0.1,OK_WITH_WARNING,P_VALUE_AT_TABLE_BOUND,"{""limitation"": ""p-value interpolated from a table bounded to [0.01, 0.10]"", ""n"": 12835, ""nlags"": ""auto (Hobijn)"", ""null"": ""level stationarity"", ""regression"": ""c"", ""test"": ""KPSS"", ""warnings"": [""The test statistic is outside of the range of p-values available in the\nlook-up table. The actual p-value is greater than the p-value returned.\n""]}"
vol_regime_high,stationarity,kpss_c_auto_lags,66,OK_WITH_WARNING,,"{""limitation"": ""p-value interpolated from a table bounded to [0.01, 0.10]"", ""n"": 12835, ""nlags"": ""auto (Hobijn)"", ""null"": ""level stationarity"", ""regression"": ""c"", ""test"": ""KPSS"", ""warnings"": [""The test statistic is outside of the range of p-values available in the\nlook-up table. The actual p-value is greater than the p-value returned.\n""]}"
vol_regime_high,stationarity,kpss_ct_auto_statistic,0.09290142468870208,OK_WITH_WARNING,,"{""limitation"": ""p-value interpolated from a table bounded to [0.01, 0.10]"", ""n"": 12835, ""nlags"": ""auto (Hobijn)"", ""null"": ""trend stationarity"", ""regression"": ""ct"", ""test"": ""KPSS"", ""warnings"": [""The test statistic is outside of the range of p-values available in the\nlook-up table. The actual p-value is greater than the p-value returned.\n""]}"
vol_regime_high,stationarity,kpss_ct_auto_pvalue,0.1,OK_WITH_WARNING,P_VALUE_AT_TABLE_BOUND,"{""limitation"": ""p-value interpolated from a table bounded to [0.01, 0.10]"", ""n"": 12835, ""nlags"": ""auto (Hobijn)"", ""null"": ""trend stationarity"", ""regression"": ""ct"", ""test"": ""KPSS"", ""warnings"": [""The test statistic is outside of the range of p-values available in the\nlook-up table. The actual p-value is greater than the p-value returned.\n""]}"
vol_regime_high,stationarity,kpss_ct_auto_lags,66,OK_WITH_WARNING,,"{""limitation"": ""p-value interpolated from a table bounded to [0.01, 0.10]"", ""n"": 12835, ""nlags"": ""auto (Hobijn)"", ""null"": ""trend stationarity"", ""regression"": ""ct"", ""test"": ""KPSS"", ""warnings"": [""The test statistic is outside of the range of p-values available in the\nlook-up table. The actual p-value is greater than the p-value returned.\n""]}"
vol_regime_high,stationarity,adf_kpss_joint_reading,ADF_REJECTS_UNIT_ROOT_KPSS_DOES_NOT_REJECT_LEVEL,OK,,"{""alpha"": 0.05, ""note"": ""descriptive, unadjusted for multiple testing; not an eligibility rule""}"
vol_regime_high,seasonality,acf_at_daily_6,0.7080652149246628,OK,,"{""declared_period_rows"": 6}"
vol_regime_high,seasonality,seasonal_diff_var_ratio_daily_6,0.5838038105137383,OK,,"{""formula"": ""var(x_t - x_{t-s}) / var(x_t); 2 for white noise, <1 when season repeats""}"
vol_regime_high,seasonality,acf_at_weekly_42,0.2627001968041729,OK,,"{""declared_period_rows"": 42}"
vol_regime_high,seasonality,seasonal_diff_var_ratio_weekly_42,1.4715991643981665,OK,,"{""formula"": ""var(x_t - x_{t-s}) / var(x_t); 2 for white noise, <1 when season repeats""}"
vol_regime_high,seasonality,stl_seasonal_strength_primary,0.30744010815123257,OK,,"{""formula"": ""max(0, 1 - var(R)/var(S+R)) and max(0, 1 - var(R)/var(T+R)) (Wang, Smith, Hyndman 2006)"", ""method"": ""statsmodels STL"", ""note"": ""optional diagnostic transform; not a model input"", ""period"": 6, ""robust"": false}"
vol_regime_high,seasonality,stl_trend_strength_primary,0.9429452835614934,OK,,"{""formula"": ""max(0, 1 - var(R)/var(S+R)) and max(0, 1 - var(R)/var(T+R)) (Wang, Smith, Hyndman 2006)"", ""method"": ""statsmodels STL"", ""note"": ""optional diagnostic transform; not a model input"", ""period"": 6, ""robust"": false}"
vol_regime_low,missingness,rows,12835,OK,,
vol_regime_low,missingness,missing_count,0,OK,,"{""also"": ""NaN literals parsed by float()"", ""empty_or_token_cells"": 0, ""tokens"": ["""", ""n/a"", ""na"", ""nan"", ""none"", ""null""]}"
vol_regime_low,missingness,missing_fraction,0.0,OK,,
vol_regime_low,missingness,nonnumeric_count,0,OK,,
vol_regime_low,missingness,nonfinite_count,0,OK,,
vol_regime_low,missingness,longest_finite_run,12835,OK,,
vol_regime_low,missingness,constant_flag,False,OK,,
vol_regime_low,missingness,unique_count,2,OK,,
vol_regime_low,distribution,mean,0.5706271912738605,OK,,
vol_regime_low,distribution,std,0.49500595015574683,OK,,
vol_regime_low,distribution,min,0.0,OK,,
vol_regime_low,distribution,max,1.0,OK,,
vol_regime_low,distribution,median,1.0,OK,,
vol_regime_low,distribution,iqr,1.0,OK,,
vol_regime_low,distribution,mad,0.0,OK,,
vol_regime_low,distribution,skewness,-0.28540343150436137,OK,,"{""bias"": false}"
vol_regime_low,distribution,excess_kurtosis,-1.91884390734969,OK,,"{""bias"": false}"
vol_regime_low,distribution,upper_tail_ratio,,NOT_RUN,ZERO_UPPER_QUARTILE_SPREAD,"{""formula"": ""(q0.995-q0.5)/(q0.75-q0.5); Gaussian ~3.82""}"
vol_regime_low,distribution,lower_tail_ratio,1.0,OK,,"{""formula"": ""(q0.5-q0.005)/(q0.5-q0.25); Gaussian ~3.82""}"
vol_regime_low,distribution,robust_z_outlier_fraction_gt5,,NOT_RUN,ZERO_MAD,
vol_regime_low,distribution,zero_fraction,0.4293728087261395,OK,,
vol_regime_low,distribution,quantile_0.005,0.0,OK,,"{""method"": ""numpy linear""}"
vol_regime_low,distribution,quantile_0.01,0.0,OK,,"{""method"": ""numpy linear""}"
vol_regime_low,distribution,quantile_0.05,0.0,OK,,"{""method"": ""numpy linear""}"
vol_regime_low,distribution,quantile_0.25,0.0,OK,,"{""method"": ""numpy linear""}"
vol_regime_low,distribution,quantile_0.5,1.0,OK,,"{""method"": ""numpy linear""}"
vol_regime_low,distribution,quantile_0.75,1.0,OK,,"{""method"": ""numpy linear""}"
vol_regime_low,distribution,quantile_0.95,1.0,OK,,"{""method"": ""numpy linear""}"
vol_regime_low,distribution,quantile_0.99,1.0,OK,,"{""method"": ""numpy linear""}"
vol_regime_low,distribution,quantile_0.995,1.0,OK,,"{""method"": ""numpy linear""}"
vol_regime_low,volatility,diff_std,0.18411132030802177,OK,,"{""rule"": ""longest contiguous finite run; no imputation"", ""segment_rows"": [0, 12835]}"
vol_regime_low,volatility,diff_abs_mean,0.03389434315100514,OK,,"{""rule"": ""longest contiguous finite run; no imputation"", ""segment_rows"": [0, 12835]}"
vol_regime_low,volatility,diff_std_over_std,0.37193759034632545,OK,,"{""rule"": ""longest contiguous finite run; no imputation"", ""segment_rows"": [0, 12835]}"
vol_regime_low,volatility,rolling_std_cv,2.611022675982737,OK,,"{""rule"": ""non-overlapping primary-period blocks; std of block std / mean"", ""window_rows"": 6}"
vol_regime_low,trend,slope_per_row,1.2381904981356615e-05,OK,,"{""rule"": ""longest contiguous finite run; no imputation"", ""segment_rows"": [0, 12835]}"
vol_regime_low,trend,slope_per_day,,UNSUPPORTED,NO_VERIFIED_REGULAR_STEP,
vol_regime_low,trend,linear_r2,0.008590104171636637,OK,,
vol_regime_low,acf,acf_lag_1,0.9307555071687669,OK,,"{""estimator"": ""biased, mean-centered""}"
vol_regime_low,acf,acf_lag_2,0.8844064874794102,OK,,"{""estimator"": ""biased, mean-centered""}"
vol_regime_low,acf,acf_lag_3,0.8450533068056321,OK,,"{""estimator"": ""biased, mean-centered""}"
vol_regime_low,acf,acf_lag_6,0.7470273037834569,OK,,"{""estimator"": ""biased, mean-centered""}"
vol_regime_low,acf,acf_lag_12,0.59644825134037,OK,,"{""estimator"": ""biased, mean-centered""}"
vol_regime_low,acf,acf_lag_42,0.3823762660604742,OK,,"{""estimator"": ""biased, mean-centered""}"
vol_regime_low,acf,decorrelation_lag_1_over_e,45,OK,,
vol_regime_low,spectral,peak1_period_rows,1604.375,OK,,"{""method"": ""periodogram, linear detrend, rank by power""}"
vol_regime_low,spectral,peak1_power_fraction,0.04865352829558875,OK,,
vol_regime_low,spectral,peak2_period_rows,916.7857142857143,OK,,"{""method"": ""periodogram, linear detrend, rank by power""}"
vol_regime_low,spectral,peak2_power_fraction,0.04854682249231573,OK,,
vol_regime_low,spectral,peak3_period_rows,802.1875,OK,,"{""method"": ""periodogram, linear detrend, rank by power""}"
vol_regime_low,spectral,peak3_power_fraction,0.030014117748317574,OK,,
vol_regime_low,spectral,peak1_period_hours,,UNSUPPORTED,NO_VERIFIED_REGULAR_STEP,
vol_regime_low,spectral,entropy_normalized,0.6623751859824851,OK,,
vol_regime_low,spectral,low_frequency_power_fraction,0.9576444902004877,OK,,"{""basis"": ""primary period"", ""cutoff_cycles_per_row"": 0.16666666666666666}"
vol_regime_low,spectral,centroid_cycles_per_row,0.027268352544825403,OK,,
vol_regime_low,stationarity,adf_c_aic_statistic,-10.2060811569661,OK,,"{""autolag"": ""AIC"", ""lag_selection"": ""AIC over lags 0..maxlag on the common trimmed sample, as statsmodels _autolag does, without retaining every fitted model; final fit adfuller(maxlag=best, autolag=None)"", ""limitation"": ""MacKinnon approximate p-value; low power near unity; lag choice by AIC"", ""maxlag"": 41, ""n"": 12835, ""null"": ""unit root"", ""regression"": ""c"", ""test"": ""ADF""}"
vol_regime_low,stationarity,adf_c_aic_pvalue,5.799740180877675e-18,OK,,"{""autolag"": ""AIC"", ""lag_selection"": ""AIC over lags 0..maxlag on the common trimmed sample, as statsmodels _autolag does, without retaining every fitted model; final fit adfuller(maxlag=best, autolag=None)"", ""limitation"": ""MacKinnon approximate p-value; low power near unity; lag choice by AIC"", ""maxlag"": 41, ""n"": 12835, ""null"": ""unit root"", ""regression"": ""c"", ""test"": ""ADF""}"
vol_regime_low,stationarity,adf_c_aic_lags,28,OK,,"{""autolag"": ""AIC"", ""lag_selection"": ""AIC over lags 0..maxlag on the common trimmed sample, as statsmodels _autolag does, without retaining every fitted model; final fit adfuller(maxlag=best, autolag=None)"", ""limitation"": ""MacKinnon approximate p-value; low power near unity; lag choice by AIC"", ""maxlag"": 41, ""n"": 12835, ""null"": ""unit root"", ""regression"": ""c"", ""test"": ""ADF""}"
vol_regime_low,stationarity,kpss_c_auto_statistic,0.3630043996816012,OK,,"{""limitation"": ""p-value interpolated from a table bounded to [0.01, 0.10]"", ""n"": 12835, ""nlags"": ""auto (Hobijn)"", ""null"": ""level stationarity"", ""regression"": ""c"", ""test"": ""KPSS""}"
vol_regime_low,stationarity,kpss_c_auto_pvalue,0.09310155186137879,OK,,"{""limitation"": ""p-value interpolated from a table bounded to [0.01, 0.10]"", ""n"": 12835, ""nlags"": ""auto (Hobijn)"", ""null"": ""level stationarity"", ""regression"": ""c"", ""test"": ""KPSS""}"
vol_regime_low,stationarity,kpss_c_auto_lags,67,OK,,"{""limitation"": ""p-value interpolated from a table bounded to [0.01, 0.10]"", ""n"": 12835, ""nlags"": ""auto (Hobijn)"", ""null"": ""level stationarity"", ""regression"": ""c"", ""test"": ""KPSS""}"
vol_regime_low,stationarity,kpss_ct_auto_statistic,0.1879959106212929,OK,,"{""limitation"": ""p-value interpolated from a table bounded to [0.01, 0.10]"", ""n"": 12835, ""nlags"": ""auto (Hobijn)"", ""null"": ""trend stationarity"", ""regression"": ""ct"", ""test"": ""KPSS""}"
vol_regime_low,stationarity,kpss_ct_auto_pvalue,0.020501533517015162,OK,,"{""limitation"": ""p-value interpolated from a table bounded to [0.01, 0.10]"", ""n"": 12835, ""nlags"": ""auto (Hobijn)"", ""null"": ""trend stationarity"", ""regression"": ""ct"", ""test"": ""KPSS""}"
vol_regime_low,stationarity,kpss_ct_auto_lags,67,OK,,"{""limitation"": ""p-value interpolated from a table bounded to [0.01, 0.10]"", ""n"": 12835, ""nlags"": ""auto (Hobijn)"", ""null"": ""trend stationarity"", ""regression"": ""ct"", ""test"": ""KPSS""}"
vol_regime_low,stationarity,adf_kpss_joint_reading,ADF_REJECTS_UNIT_ROOT_KPSS_DOES_NOT_REJECT_LEVEL,OK,,"{""alpha"": 0.05, ""note"": ""descriptive, unadjusted for multiple testing; not an eligibility rule""}"
vol_regime_low,seasonality,acf_at_daily_6,0.7470273037834478,OK,,"{""declared_period_rows"": 6}"
vol_regime_low,seasonality,seasonal_diff_var_ratio_daily_6,0.5052076578304698,OK,,"{""formula"": ""var(x_t - x_{t-s}) / var(x_t); 2 for white noise, <1 when season repeats""}"
vol_regime_low,seasonality,acf_at_weekly_42,0.3823762660604717,OK,,"{""declared_period_rows"": 42}"
vol_regime_low,seasonality,seasonal_diff_var_ratio_weekly_42,1.23115828315426,OK,,"{""formula"": ""var(x_t - x_{t-s}) / var(x_t); 2 for white noise, <1 when season repeats""}"
vol_regime_low,seasonality,stl_seasonal_strength_primary,0.32312251897370614,OK,,"{""formula"": ""max(0, 1 - var(R)/var(S+R)) and max(0, 1 - var(R)/var(T+R)) (Wang, Smith, Hyndman 2006)"", ""method"": ""statsmodels STL"", ""note"": ""optional diagnostic transform; not a model input"", ""period"": 6, ""robust"": false}"
vol_regime_low,seasonality,stl_trend_strength_primary,0.9476972480492879,OK,,"{""formula"": ""max(0, 1 - var(R)/var(S+R)) and max(0, 1 - var(R)/var(T+R)) (Wang, Smith, Hyndman 2006)"", ""method"": ""statsmodels STL"", ""note"": ""optional diagnostic transform; not a model input"", ""period"": 6, ""robust"": false}"
hurst_proxy_200,missingness,rows,12835,OK,,
hurst_proxy_200,missingness,missing_count,201,OK,,"{""also"": ""NaN literals parsed by float()"", ""empty_or_token_cells"": 201, ""tokens"": ["""", ""n/a"", ""na"", ""nan"", ""none"", ""null""]}"
hurst_proxy_200,missingness,missing_fraction,0.015660303856641994,OK,,
hurst_proxy_200,missingness,nonnumeric_count,0,OK,,
hurst_proxy_200,missingness,nonfinite_count,201,OK,,
hurst_proxy_200,missingness,longest_finite_run,12634,OK,,
hurst_proxy_200,missingness,constant_flag,False,OK,,
hurst_proxy_200,missingness,unique_count,12613,OK,,
hurst_proxy_200,distribution,mean,0.4914117708675004,OK,,
hurst_proxy_200,distribution,std,0.04157715234022446,OK,,
hurst_proxy_200,distribution,min,0.36648348,OK,,
hurst_proxy_200,distribution,max,0.6472697,OK,,
hurst_proxy_200,distribution,median,0.490397175,OK,,
hurst_proxy_200,distribution,iqr,0.05749531249999995,OK,,
hurst_proxy_200,distribution,mad,0.02843155,OK,,
hurst_proxy_200,distribution,skewness,-0.17392457290858834,OK,,"{""bias"": false}"
hurst_proxy_200,distribution,excess_kurtosis,-0.2736362507956498,OK,,"{""bias"": false}"
hurst_proxy_200,distribution,upper_tail_ratio,3.0478515132267185,OK,,"{""formula"": ""(q0.995-q0.5)/(q0.75-q0.5); Gaussian ~3.82""}"
hurst_proxy_200,distribution,lower_tail_ratio,4.117712174741366,OK,,"{""formula"": ""(q0.5-q0.005)/(q0.5-q0.25); Gaussian ~3.82""}"
hurst_proxy_200,distribution,robust_z_outlier_fraction_gt5,0.0,OK,,"{""scale"": ""1.4826*MAD""}"
hurst_proxy_200,distribution,zero_fraction,0.0,OK,,
hurst_proxy_200,distribution,quantile_0.005,0.38443655085,OK,,"{""method"": ""numpy linear""}"
hurst_proxy_200,distribution,quantile_0.01,0.3930644708,OK,,"{""method"": ""numpy linear""}"
hurst_proxy_200,distribution,quantile_0.05,0.41803114950000003,OK,,"{""method"": ""numpy linear""}"
hurst_proxy_200,distribution,quantile_0.25,0.4646642875,OK,,"{""method"": ""numpy linear""}"
hurst_proxy_200,distribution,quantile_0.5,0.490397175,OK,,"{""method"": ""numpy linear""}"
hurst_proxy_200,distribution,quantile_0.75,0.5221596,OK,,"{""method"": ""numpy linear""}"
hurst_proxy_200,distribution,quantile_0.95,0.5569273339999999,OK,,"{""method"": ""numpy linear""}"
hurst_proxy_200,distribution,quantile_0.99,0.5771118878,OK,,"{""method"": ""numpy linear""}"
hurst_proxy_200,distribution,quantile_0.995,0.5872043301,OK,,"{""method"": ""numpy linear""}"
hurst_proxy_200,volatility,diff_std,0.005327671581636889,OK,,"{""rule"": ""longest contiguous finite run; no imputation"", ""segment_rows"": [201, 12835]}"
hurst_proxy_200,volatility,diff_abs_mean,0.0024147114557112317,OK,,"{""rule"": ""longest contiguous finite run; no imputation"", ""segment_rows"": [201, 12835]}"
hurst_proxy_200,volatility,diff_std_over_std,0.1281394054609784,OK,,"{""rule"": ""longest contiguous finite run; no imputation"", ""segment_rows"": [201, 12835]}"
hurst_proxy_200,volatility,rolling_std_cv,1.3347456514826257,OK,,"{""rule"": ""non-overlapping primary-period blocks; std of block std / mean"", ""window_rows"": 6}"
hurst_proxy_200,trend,slope_per_row,1.7951265514016715e-06,OK,,"{""rule"": ""longest contiguous finite run; no imputation"", ""segment_rows"": [201, 12835]}"
hurst_proxy_200,trend,slope_per_day,,UNSUPPORTED,NO_VERIFIED_REGULAR_STEP,
hurst_proxy_200,trend,linear_r2,0.024797935857913123,OK,,
hurst_proxy_200,acf,acf_lag_1,0.991526511681923,OK,,"{""estimator"": ""biased, mean-centered""}"
hurst_proxy_200,acf,acf_lag_2,0.9833841698605528,OK,,"{""estimator"": ""biased, mean-centered""}"
hurst_proxy_200,acf,acf_lag_3,0.9758602074131565,OK,,"{""estimator"": ""biased, mean-centered""}"
hurst_proxy_200,acf,acf_lag_6,0.9548121918454896,OK,,"{""estimator"": ""biased, mean-centered""}"
hurst_proxy_200,acf,acf_lag_12,0.9221931914585549,OK,,"{""estimator"": ""biased, mean-centered""}"
hurst_proxy_200,acf,acf_lag_42,0.7911198656439965,OK,,"{""estimator"": ""biased, mean-centered""}"
hurst_proxy_200,acf,decorrelation_lag_1_over_e,,NOT_RUN,ACF_ABOVE_1_OVER_E_THROUGH_LAG_64,
hurst_proxy_200,spectral,peak1_period_rows,6317.0,OK,,"{""method"": ""periodogram, linear detrend, rank by power""}"
hurst_proxy_200,spectral,peak1_power_fraction,0.14385588928808127,OK,,
hurst_proxy_200,spectral,peak2_period_rows,789.625,OK,,"{""method"": ""periodogram, linear detrend, rank by power""}"
hurst_proxy_200,spectral,peak2_power_fraction,0.07837757140106054,OK,,
hurst_proxy_200,spectral,peak3_period_rows,485.92307692307696,OK,,"{""method"": ""periodogram, linear detrend, rank by power""}"
hurst_proxy_200,spectral,peak3_power_fraction,0.0683051878381594,OK,,
hurst_proxy_200,spectral,peak1_period_hours,,UNSUPPORTED,NO_VERIFIED_REGULAR_STEP,
hurst_proxy_200,spectral,entropy_normalized,0.44197026704066217,OK,,
hurst_proxy_200,spectral,low_frequency_power_fraction,0.9950698459514223,OK,,"{""basis"": ""primary period"", ""cutoff_cycles_per_row"": 0.16666666666666666}"
hurst_proxy_200,spectral,centroid_cycles_per_row,0.005072269628023164,OK,,
hurst_proxy_200,stationarity,adf_c_aic_statistic,-5.241433566730408,OK,,"{""autolag"": ""AIC"", ""lag_selection"": ""AIC over lags 0..maxlag on the common trimmed sample, as statsmodels _autolag does, without retaining every fitted model; final fit adfuller(maxlag=best, autolag=None)"", ""limitation"": ""MacKinnon approximate p-value; low power near unity; lag choice by AIC"", ""maxlag"": 41, ""n"": 12634, ""null"": ""unit root"", ""regression"": ""c"", ""test"": ""ADF""}"
hurst_proxy_200,stationarity,adf_c_aic_pvalue,7.231754929347327e-06,OK,,"{""autolag"": ""AIC"", ""lag_selection"": ""AIC over lags 0..maxlag on the common trimmed sample, as statsmodels _autolag does, without retaining every fitted model; final fit adfuller(maxlag=best, autolag=None)"", ""limitation"": ""MacKinnon approximate p-value; low power near unity; lag choice by AIC"", ""maxlag"": 41, ""n"": 12634, ""null"": ""unit root"", ""regression"": ""c"", ""test"": ""ADF""}"
hurst_proxy_200,stationarity,adf_c_aic_lags,37,OK,,"{""autolag"": ""AIC"", ""lag_selection"": ""AIC over lags 0..maxlag on the common trimmed sample, as statsmodels _autolag does, without retaining every fitted model; final fit adfuller(maxlag=best, autolag=None)"", ""limitation"": ""MacKinnon approximate p-value; low power near unity; lag choice by AIC"", ""maxlag"": 41, ""n"": 12634, ""null"": ""unit root"", ""regression"": ""c"", ""test"": ""ADF""}"
hurst_proxy_200,stationarity,kpss_c_auto_statistic,0.7919220045987744,OK_WITH_WARNING,,"{""limitation"": ""p-value interpolated from a table bounded to [0.01, 0.10]"", ""n"": 12634, ""nlags"": ""auto (Hobijn)"", ""null"": ""level stationarity"", ""regression"": ""c"", ""test"": ""KPSS"", ""warnings"": [""The test statistic is outside of the range of p-values available in the\nlook-up table. The actual p-value is smaller than the p-value returned.\n""]}"
hurst_proxy_200,stationarity,kpss_c_auto_pvalue,0.01,OK_WITH_WARNING,P_VALUE_AT_TABLE_BOUND,"{""limitation"": ""p-value interpolated from a table bounded to [0.01, 0.10]"", ""n"": 12634, ""nlags"": ""auto (Hobijn)"", ""null"": ""level stationarity"", ""regression"": ""c"", ""test"": ""KPSS"", ""warnings"": [""The test statistic is outside of the range of p-values available in the\nlook-up table. The actual p-value is smaller than the p-value returned.\n""]}"
hurst_proxy_200,stationarity,kpss_c_auto_lags,69,OK_WITH_WARNING,,"{""limitation"": ""p-value interpolated from a table bounded to [0.01, 0.10]"", ""n"": 12634, ""nlags"": ""auto (Hobijn)"", ""null"": ""level stationarity"", ""regression"": ""c"", ""test"": ""KPSS"", ""warnings"": [""The test statistic is outside of the range of p-values available in the\nlook-up table. The actual p-value is smaller than the p-value returned.\n""]}"
hurst_proxy_200,stationarity,kpss_ct_auto_statistic,0.5373780405877541,OK_WITH_WARNING,,"{""limitation"": ""p-value interpolated from a table bounded to [0.01, 0.10]"", ""n"": 12634, ""nlags"": ""auto (Hobijn)"", ""null"": ""trend stationarity"", ""regression"": ""ct"", ""test"": ""KPSS"", ""warnings"": [""The test statistic is outside of the range of p-values available in the\nlook-up table. The actual p-value is smaller than the p-value returned.\n""]}"
hurst_proxy_200,stationarity,kpss_ct_auto_pvalue,0.01,OK_WITH_WARNING,P_VALUE_AT_TABLE_BOUND,"{""limitation"": ""p-value interpolated from a table bounded to [0.01, 0.10]"", ""n"": 12634, ""nlags"": ""auto (Hobijn)"", ""null"": ""trend stationarity"", ""regression"": ""ct"", ""test"": ""KPSS"", ""warnings"": [""The test statistic is outside of the range of p-values available in the\nlook-up table. The actual p-value is smaller than the p-value returned.\n""]}"
hurst_proxy_200,stationarity,kpss_ct_auto_lags,69,OK_WITH_WARNING,,"{""limitation"": ""p-value interpolated from a table bounded to [0.01, 0.10]"", ""n"": 12634, ""nlags"": ""auto (Hobijn)"", ""null"": ""trend stationarity"", ""regression"": ""ct"", ""test"": ""KPSS"", ""warnings"": [""The test statistic is outside of the range of p-values available in the\nlook-up table. The actual p-value is smaller than the p-value returned.\n""]}"
hurst_proxy_200,stationarity,adf_kpss_joint_reading,BOTH_REJECT_CONFLICT,OK,,"{""alpha"": 0.05, ""note"": ""descriptive, unadjusted for multiple testing; not an eligibility rule""}"
hurst_proxy_200,seasonality,acf_at_daily_6,0.9548121918454895,OK,,"{""declared_period_rows"": 6}"
hurst_proxy_200,seasonality,seasonal_diff_var_ratio_daily_6,0.08726046292658692,OK,,"{""formula"": ""var(x_t - x_{t-s}) / var(x_t); 2 for white noise, <1 when season repeats""}"
hurst_proxy_200,seasonality,acf_at_weekly_42,0.7911198656439963,OK,,"{""declared_period_rows"": 42}"
hurst_proxy_200,seasonality,seasonal_diff_var_ratio_weekly_42,0.3962778453173016,OK,,"{""formula"": ""var(x_t - x_{t-s}) / var(x_t); 2 for white noise, <1 when season repeats""}"
hurst_proxy_200,seasonality,stl_seasonal_strength_primary,0.30037039452571124,OK,,"{""formula"": ""max(0, 1 - var(R)/var(S+R)) and max(0, 1 - var(R)/var(T+R)) (Wang, Smith, Hyndman 2006)"", ""method"": ""statsmodels STL"", ""note"": ""optional diagnostic transform; not a model input"", ""period"": 6, ""robust"": false}"
hurst_proxy_200,seasonality,stl_trend_strength_primary,0.9932453402729664,OK,,"{""formula"": ""max(0, 1 - var(R)/var(S+R)) and max(0, 1 - var(R)/var(T+R)) (Wang, Smith, Hyndman 2006)"", ""method"": ""statsmodels STL"", ""note"": ""optional diagnostic transform; not a model input"", ""period"": 6, ""robust"": false}"
zscore_close_100,missingness,rows,12835,OK,,
zscore_close_100,missingness,missing_count,99,OK,,"{""also"": ""NaN literals parsed by float()"", ""empty_or_token_cells"": 99, ""tokens"": ["""", ""n/a"", ""na"", ""nan"", ""none"", ""null""]}"
zscore_close_100,missingness,missing_fraction,0.007713283989092326,OK,,
zscore_close_100,missingness,nonnumeric_count,0,OK,,
zscore_close_100,missingness,nonfinite_count,99,OK,,
zscore_close_100,missingness,longest_finite_run,12736,OK,,
zscore_close_100,missingness,constant_flag,False,OK,,
zscore_close_100,missingness,unique_count,12734,OK,,
zscore_close_100,distribution,mean,0.13219034333620686,OK,,
zscore_close_100,distribution,std,1.4369102032827472,OK,,
zscore_close_100,distribution,min,-6.863843,OK,,
zscore_close_100,distribution,max,7.3177934,OK,,
zscore_close_100,distribution,median,0.117422835,OK,,
zscore_close_100,distribution,iqr,2.2174042199999997,OK,,
zscore_close_100,distribution,mad,1.104613215,OK,,
zscore_close_100,distribution,skewness,-0.03337139616408501,OK,,"{""bias"": false}"
zscore_close_100,distribution,excess_kurtosis,-0.26046592679495095,OK,,"{""bias"": false}"
zscore_close_100,distribution,upper_tail_ratio,3.0793588995223167,OK,,"{""formula"": ""(q0.995-q0.5)/(q0.75-q0.5); Gaussian ~3.82""}"
zscore_close_100,distribution,lower_tail_ratio,3.2194475111921865,OK,,"{""formula"": ""(q0.5-q0.005)/(q0.5-q0.25); Gaussian ~3.82""}"
zscore_close_100,distribution,robust_z_outlier_fraction_gt5,0.0,OK,,"{""scale"": ""1.4826*MAD""}"
zscore_close_100,distribution,zero_fraction,0.0,OK,,
zscore_close_100,distribution,quantile_0.005,-3.3286800750000003,OK,,"{""method"": ""numpy linear""}"
zscore_close_100,distribution,quantile_0.01,-3.039190845,OK,,"{""method"": ""numpy linear""}"
zscore_close_100,distribution,quantile_0.05,-2.13102355,OK,,"{""method"": ""numpy linear""}"
zscore_close_100,distribution,quantile_0.25,-0.95297912,OK,,"{""method"": ""numpy linear""}"
zscore_close_100,distribution,quantile_0.5,0.117422835,OK,,"{""method"": ""numpy linear""}"
zscore_close_100,distribution,quantile_0.75,1.2644251,OK,,"{""method"": ""numpy linear""}"
zscore_close_100,distribution,quantile_0.95,2.311778275,OK,,"{""method"": ""numpy linear""}"
zscore_close_100,distribution,quantile_0.99,3.265229174999999,OK,,"{""method"": ""numpy linear""}"
zscore_close_100,distribution,quantile_0.995,3.649454467500005,OK,,"{""method"": ""numpy linear""}"
zscore_close_100,volatility,diff_std,0.31665450246871935,OK,,"{""rule"": ""longest contiguous finite run; no imputation"", ""segment_rows"": [99, 12835]}"
zscore_close_100,volatility,diff_abs_mean,0.19907017253699724,OK,,"{""rule"": ""longest contiguous finite run; no imputation"", ""segment_rows"": [99, 12835]}"
zscore_close_100,volatility,diff_std_over_std,0.22037181011401716,OK,,"{""rule"": ""longest contiguous finite run; no imputation"", ""segment_rows"": [99, 12835]}"
zscore_close_100,volatility,rolling_std_cv,0.8461534879422911,OK,,"{""rule"": ""non-overlapping primary-period blocks; std of block std / mean"", ""window_rows"": 6}"
zscore_close_100,trend,slope_per_row,-1.0471563070715322e-05,OK,,"{""rule"": ""longest contiguous finite run; no imputation"", ""segment_rows"": [99, 12835]}"
zscore_close_100,trend,slope_per_day,,UNSUPPORTED,NO_VERIFIED_REGULAR_STEP,
zscore_close_100,trend,linear_r2,0.0007179310250113868,OK,,
zscore_close_100,acf,acf_lag_1,0.9756996199239504,OK,,"{""estimator"": ""biased, mean-centered""}"
zscore_close_100,acf,acf_lag_2,0.951228486479976,OK,,"{""estimator"": ""biased, mean-centered""}"
zscore_close_100,acf,acf_lag_3,0.9270892780300128,OK,,"{""estimator"": ""biased, mean-centered""}"
zscore_close_100,acf,acf_lag_6,0.8519070239861506,OK,,"{""estimator"": ""biased, mean-centered""}"
zscore_close_100,acf,acf_lag_12,0.7256598891469634,OK,,"{""estimator"": ""biased, mean-centered""}"
zscore_close_100,acf,acf_lag_42,0.30538431446941866,OK,,"{""estimator"": ""biased, mean-centered""}"
zscore_close_100,acf,decorrelation_lag_1_over_e,37,OK,,
zscore_close_100,spectral,peak1_period_rows,1592.0,OK,,"{""method"": ""periodogram, linear detrend, rank by power""}"
zscore_close_100,spectral,peak1_power_fraction,0.0310278949507434,OK,,
zscore_close_100,spectral,peak2_period_rows,1819.4285714285716,OK,,"{""method"": ""periodogram, linear detrend, rank by power""}"
zscore_close_100,spectral,peak2_power_fraction,0.028990886354150487,OK,,
zscore_close_100,spectral,peak3_period_rows,4245.333333333334,OK,,"{""method"": ""periodogram, linear detrend, rank by power""}"
zscore_close_100,spectral,peak3_power_fraction,0.025019326693884472,OK,,
zscore_close_100,spectral,peak1_period_hours,,UNSUPPORTED,NO_VERIFIED_REGULAR_STEP,
zscore_close_100,spectral,entropy_normalized,0.6231748437261677,OK,,
zscore_close_100,spectral,low_frequency_power_fraction,0.9861189181842867,OK,,"{""basis"": ""primary period"", ""cutoff_cycles_per_row"": 0.16666666666666666}"
zscore_close_100,spectral,centroid_cycles_per_row,0.013894936149333858,OK,,
zscore_close_100,stationarity,adf_c_aic_statistic,-11.176011454803819,OK,,"{""autolag"": ""AIC"", ""lag_selection"": ""AIC over lags 0..maxlag on the common trimmed sample, as statsmodels _autolag does, without retaining every fitted model; final fit adfuller(maxlag=best, autolag=None)"", ""limitation"": ""MacKinnon approximate p-value; low power near unity; lag choice by AIC"", ""maxlag"": 41, ""n"": 12736, ""null"": ""unit root"", ""regression"": ""c"", ""test"": ""ADF""}"
zscore_close_100,stationarity,adf_c_aic_pvalue,2.5698358642503597e-20,OK,,"{""autolag"": ""AIC"", ""lag_selection"": ""AIC over lags 0..maxlag on the common trimmed sample, as statsmodels _autolag does, without retaining every fitted model; final fit adfuller(maxlag=best, autolag=None)"", ""limitation"": ""MacKinnon approximate p-value; low power near unity; lag choice by AIC"", ""maxlag"": 41, ""n"": 12736, ""null"": ""unit root"", ""regression"": ""c"", ""test"": ""ADF""}"
zscore_close_100,stationarity,adf_c_aic_lags,35,OK,,"{""autolag"": ""AIC"", ""lag_selection"": ""AIC over lags 0..maxlag on the common trimmed sample, as statsmodels _autolag does, without retaining every fitted model; final fit adfuller(maxlag=best, autolag=None)"", ""limitation"": ""MacKinnon approximate p-value; low power near unity; lag choice by AIC"", ""maxlag"": 41, ""n"": 12736, ""null"": ""unit root"", ""regression"": ""c"", ""test"": ""ADF""}"
zscore_close_100,stationarity,kpss_c_auto_statistic,0.15225590378911627,OK_WITH_WARNING,,"{""limitation"": ""p-value interpolated from a table bounded to [0.01, 0.10]"", ""n"": 12736, ""nlags"": ""auto (Hobijn)"", ""null"": ""level stationarity"", ""regression"": ""c"", ""test"": ""KPSS"", ""warnings"": [""The test statistic is outside of the range of p-values available in the\nlook-up table. The actual p-value is greater than the p-value returned.\n""]}"
zscore_close_100,stationarity,kpss_c_auto_pvalue,0.1,OK_WITH_WARNING,P_VALUE_AT_TABLE_BOUND,"{""limitation"": ""p-value interpolated from a table bounded to [0.01, 0.10]"", ""n"": 12736, ""nlags"": ""auto (Hobijn)"", ""null"": ""level stationarity"", ""regression"": ""c"", ""test"": ""KPSS"", ""warnings"": [""The test statistic is outside of the range of p-values available in the\nlook-up table. The actual p-value is greater than the p-value returned.\n""]}"
zscore_close_100,stationarity,kpss_c_auto_lags,68,OK_WITH_WARNING,,"{""limitation"": ""p-value interpolated from a table bounded to [0.01, 0.10]"", ""n"": 12736, ""nlags"": ""auto (Hobijn)"", ""null"": ""level stationarity"", ""regression"": ""c"", ""test"": ""KPSS"", ""warnings"": [""The test statistic is outside of the range of p-values available in the\nlook-up table. The actual p-value is greater than the p-value returned.\n""]}"
zscore_close_100,stationarity,kpss_ct_auto_statistic,0.12958649980262246,OK,,"{""limitation"": ""p-value interpolated from a table bounded to [0.01, 0.10]"", ""n"": 12736, ""nlags"": ""auto (Hobijn)"", ""null"": ""trend stationarity"", ""regression"": ""ct"", ""test"": ""KPSS""}"
zscore_close_100,stationarity,kpss_ct_auto_pvalue,0.08039537073588432,OK,,"{""limitation"": ""p-value interpolated from a table bounded to [0.01, 0.10]"", ""n"": 12736, ""nlags"": ""auto (Hobijn)"", ""null"": ""trend stationarity"", ""regression"": ""ct"", ""test"": ""KPSS""}"
zscore_close_100,stationarity,kpss_ct_auto_lags,68,OK,,"{""limitation"": ""p-value interpolated from a table bounded to [0.01, 0.10]"", ""n"": 12736, ""nlags"": ""auto (Hobijn)"", ""null"": ""trend stationarity"", ""regression"": ""ct"", ""test"": ""KPSS""}"
zscore_close_100,stationarity,adf_kpss_joint_reading,ADF_REJECTS_UNIT_ROOT_KPSS_DOES_NOT_REJECT_LEVEL,OK,,"{""alpha"": 0.05, ""note"": ""descriptive, unadjusted for multiple testing; not an eligibility rule""}"
zscore_close_100,seasonality,acf_at_daily_6,0.8519070239861506,OK,,"{""declared_period_rows"": 6}"
zscore_close_100,seasonality,seasonal_diff_var_ratio_daily_6,0.29601617639558436,OK,,"{""formula"": ""var(x_t - x_{t-s}) / var(x_t); 2 for white noise, <1 when season repeats""}"
zscore_close_100,seasonality,acf_at_weekly_42,0.3053843144694187,OK,,"{""declared_period_rows"": 42}"
zscore_close_100,seasonality,seasonal_diff_var_ratio_weekly_42,1.3869448327156657,OK,,"{""formula"": ""var(x_t - x_{t-s}) / var(x_t); 2 for white noise, <1 when season repeats""}"
zscore_close_100,seasonality,stl_seasonal_strength_primary,0.25316603303297014,OK,,"{""formula"": ""max(0, 1 - var(R)/var(S+R)) and max(0, 1 - var(R)/var(T+R)) (Wang, Smith, Hyndman 2006)"", ""method"": ""statsmodels STL"", ""note"": ""optional diagnostic transform; not a model input"", ""period"": 6, ""robust"": false}"
zscore_close_100,seasonality,stl_trend_strength_primary,0.9790662565787734,OK,,"{""formula"": ""max(0, 1 - var(R)/var(S+R)) and max(0, 1 - var(R)/var(T+R)) (Wang, Smith, Hyndman 2006)"", ""method"": ""statsmodels STL"", ""note"": ""optional diagnostic transform; not a model input"", ""period"": 6, ""robust"": false}"
