feature_id,fold,part,n,coverage,state
fx.audusd.logret_1h,inner_2019,train,41329,0.9999758039149266,PARTIAL
fx.audusd.logret_1h,inner_2019,val,6213,0.9993561886367295,PARTIAL
fx.audusd.logret_1h,inner_2020,train,47542,0.999915863867738,PARTIAL
fx.audusd.logret_1h,inner_2020,val,6230,1.0,FULL
fx.audusd.logret_1h,inner_2021,train,53771,0.9999070130739618,PARTIAL
fx.audusd.logret_1h,inner_2021,val,6219,1.0,FULL
fx.audusd.logret_1h,inner_2022,train,59966,0.99991661941767,PARTIAL
fx.audusd.logret_1h,inner_2022,val,6239,0.9995191537105306,PARTIAL
fx.audusd.logret_1h,inner_2023,train,66206,0.9998791650303598,PARTIAL
fx.audusd.logret_1h,inner_2023,val,5409,0.9299315954889998,PARTIAL
fx.audusd.logret_24h,inner_2019,train,41329,0.9999758039149266,PARTIAL
fx.audusd.logret_24h,inner_2019,val,6213,0.9993561886367295,PARTIAL
fx.audusd.logret_24h,inner_2020,train,47542,0.999915863867738,PARTIAL
fx.audusd.logret_24h,inner_2020,val,6230,1.0,FULL
fx.audusd.logret_24h,inner_2021,train,53771,0.9999070130739618,PARTIAL
fx.audusd.logret_24h,inner_2021,val,6219,1.0,FULL
fx.audusd.logret_24h,inner_2022,train,59966,0.99991661941767,PARTIAL
fx.audusd.logret_24h,inner_2022,val,6239,0.9995191537105306,PARTIAL
fx.audusd.logret_24h,inner_2023,train,66206,0.9998791650303598,PARTIAL
fx.audusd.logret_24h,inner_2023,val,5409,0.9299315954889998,PARTIAL
fx.audusd.ewma_vol_24,inner_2019,train,41329,0.9999758039149266,PARTIAL
fx.audusd.ewma_vol_24,inner_2019,val,6213,0.9993561886367295,PARTIAL
fx.audusd.ewma_vol_24,inner_2020,train,47542,0.999915863867738,PARTIAL
fx.audusd.ewma_vol_24,inner_2020,val,6230,1.0,FULL
fx.audusd.ewma_vol_24,inner_2021,train,53771,0.9999070130739618,PARTIAL
fx.audusd.ewma_vol_24,inner_2021,val,6219,1.0,FULL
fx.audusd.ewma_vol_24,inner_2022,train,59966,0.99991661941767,PARTIAL
fx.audusd.ewma_vol_24,inner_2022,val,6239,0.9995191537105306,PARTIAL
fx.audusd.ewma_vol_24,inner_2023,train,66206,0.9998791650303598,PARTIAL
fx.audusd.ewma_vol_24,inner_2023,val,5409,0.9299315954889998,PARTIAL
fx.eurgbp.logret_1h,inner_2019,train,41329,0.9999758039149266,PARTIAL
fx.eurgbp.logret_1h,inner_2019,val,6213,0.9998390471591824,PARTIAL
fx.eurgbp.logret_1h,inner_2020,train,47542,0.999915863867738,PARTIAL
fx.eurgbp.logret_1h,inner_2020,val,6230,0.9998394863563402,PARTIAL
fx.eurgbp.logret_1h,inner_2021,train,53771,0.9999070130739618,PARTIAL
fx.eurgbp.logret_1h,inner_2021,val,6219,0.9998392024441228,PARTIAL
fx.eurgbp.logret_1h,inner_2022,train,59966,0.999899943301204,PARTIAL
fx.eurgbp.logret_1h,inner_2022,val,6239,1.0,FULL
fx.eurgbp.logret_1h,inner_2023,train,66206,0.9999093737727699,PARTIAL
fx.eurgbp.logret_1h,inner_2023,val,5409,0.9208726197078942,PARTIAL
fx.eurgbp.logret_24h,inner_2019,train,41329,0.9999758039149266,PARTIAL
fx.eurgbp.logret_24h,inner_2019,val,6213,0.9998390471591824,PARTIAL
fx.eurgbp.logret_24h,inner_2020,train,47542,0.999915863867738,PARTIAL
fx.eurgbp.logret_24h,inner_2020,val,6230,0.9998394863563402,PARTIAL
fx.eurgbp.logret_24h,inner_2021,train,53771,0.9999070130739618,PARTIAL
fx.eurgbp.logret_24h,inner_2021,val,6219,0.9998392024441228,PARTIAL
fx.eurgbp.logret_24h,inner_2022,train,59966,0.999899943301204,PARTIAL
fx.eurgbp.logret_24h,inner_2022,val,6239,1.0,FULL
fx.eurgbp.logret_24h,inner_2023,train,66206,0.9999093737727699,PARTIAL
fx.eurgbp.logret_24h,inner_2023,val,5409,0.9208726197078942,PARTIAL
fx.eurgbp.ewma_vol_24,inner_2019,train,41329,0.9999758039149266,PARTIAL
fx.eurgbp.ewma_vol_24,inner_2019,val,6213,0.9998390471591824,PARTIAL
fx.eurgbp.ewma_vol_24,inner_2020,train,47542,0.999915863867738,PARTIAL
fx.eurgbp.ewma_vol_24,inner_2020,val,6230,0.9998394863563402,PARTIAL
fx.eurgbp.ewma_vol_24,inner_2021,train,53771,0.9999070130739618,PARTIAL
fx.eurgbp.ewma_vol_24,inner_2021,val,6219,0.9998392024441228,PARTIAL
fx.eurgbp.ewma_vol_24,inner_2022,train,59966,0.999899943301204,PARTIAL
fx.eurgbp.ewma_vol_24,inner_2022,val,6239,1.0,FULL
fx.eurgbp.ewma_vol_24,inner_2023,train,66206,0.9999093737727699,PARTIAL
fx.eurgbp.ewma_vol_24,inner_2023,val,5409,0.9208726197078942,PARTIAL
fx.eurjpy.logret_1h,inner_2019,train,41329,1.0,FULL
fx.eurjpy.logret_1h,inner_2019,val,6213,0.9998390471591824,PARTIAL
fx.eurjpy.logret_1h,inner_2020,train,47542,0.9999789659669345,PARTIAL
fx.eurjpy.logret_1h,inner_2020,val,6230,1.0,FULL
fx.eurjpy.logret_1h,inner_2021,train,53771,0.9999814026147924,PARTIAL
fx.eurjpy.logret_1h,inner_2021,val,6219,1.0,FULL
fx.eurjpy.logret_1h,inner_2022,train,59966,0.999983323883534,PARTIAL
fx.eurjpy.logret_1h,inner_2022,val,6239,0.9993588716140407,PARTIAL
fx.eurjpy.logret_1h,inner_2023,train,66206,0.9999244781439749,PARTIAL
fx.eurjpy.logret_1h,inner_2023,val,5409,0.9327047513403587,PARTIAL
fx.eurjpy.logret_24h,inner_2019,train,41329,1.0,FULL
fx.eurjpy.logret_24h,inner_2019,val,6213,0.9998390471591824,PARTIAL
fx.eurjpy.logret_24h,inner_2020,train,47542,0.9999789659669345,PARTIAL
fx.eurjpy.logret_24h,inner_2020,val,6230,1.0,FULL
fx.eurjpy.logret_24h,inner_2021,train,53771,0.9999814026147924,PARTIAL
fx.eurjpy.logret_24h,inner_2021,val,6219,1.0,FULL
fx.eurjpy.logret_24h,inner_2022,train,59966,0.999983323883534,PARTIAL
fx.eurjpy.logret_24h,inner_2022,val,6239,0.9993588716140407,PARTIAL
fx.eurjpy.logret_24h,inner_2023,train,66206,0.9999244781439749,PARTIAL
fx.eurjpy.logret_24h,inner_2023,val,5409,0.9327047513403587,PARTIAL
fx.eurjpy.ewma_vol_24,inner_2019,train,41329,1.0,FULL
fx.eurjpy.ewma_vol_24,inner_2019,val,6213,0.9998390471591824,PARTIAL
fx.eurjpy.ewma_vol_24,inner_2020,train,47542,0.9999789659669345,PARTIAL
fx.eurjpy.ewma_vol_24,inner_2020,val,6230,1.0,FULL
fx.eurjpy.ewma_vol_24,inner_2021,train,53771,0.9999814026147924,PARTIAL
fx.eurjpy.ewma_vol_24,inner_2021,val,6219,1.0,FULL
fx.eurjpy.ewma_vol_24,inner_2022,train,59966,0.999983323883534,PARTIAL
fx.eurjpy.ewma_vol_24,inner_2022,val,6239,0.9993588716140407,PARTIAL
fx.eurjpy.ewma_vol_24,inner_2023,train,66206,0.9999244781439749,PARTIAL
fx.eurjpy.ewma_vol_24,inner_2023,val,5409,0.9327047513403587,PARTIAL
fx.gbpjpy.logret_1h,inner_2019,train,41329,0.9999516078298532,PARTIAL
fx.gbpjpy.logret_1h,inner_2019,val,6213,0.9996780943183647,PARTIAL
fx.gbpjpy.logret_1h,inner_2020,train,47542,0.999915863867738,PARTIAL
fx.gbpjpy.logret_1h,inner_2020,val,6230,1.0,FULL
fx.gbpjpy.logret_1h,inner_2021,train,53771,0.9999256104591694,PARTIAL
fx.gbpjpy.logret_1h,inner_2021,val,6219,1.0,FULL
fx.gbpjpy.logret_1h,inner_2022,train,59966,0.999933295534136,PARTIAL
fx.gbpjpy.logret_1h,inner_2022,val,6239,0.9996794358070203,PARTIAL
fx.gbpjpy.logret_1h,inner_2023,train,66206,0.9999093737727699,PARTIAL
fx.gbpjpy.logret_1h,inner_2023,val,5409,0.9267886855241264,PARTIAL
fx.gbpjpy.logret_24h,inner_2019,train,41329,0.9999516078298532,PARTIAL
fx.gbpjpy.logret_24h,inner_2019,val,6213,0.9996780943183647,PARTIAL
fx.gbpjpy.logret_24h,inner_2020,train,47542,0.999915863867738,PARTIAL
fx.gbpjpy.logret_24h,inner_2020,val,6230,1.0,FULL
fx.gbpjpy.logret_24h,inner_2021,train,53771,0.9999256104591694,PARTIAL
fx.gbpjpy.logret_24h,inner_2021,val,6219,1.0,FULL
fx.gbpjpy.logret_24h,inner_2022,train,59966,0.999933295534136,PARTIAL
fx.gbpjpy.logret_24h,inner_2022,val,6239,0.9996794358070203,PARTIAL
fx.gbpjpy.logret_24h,inner_2023,train,66206,0.9999093737727699,PARTIAL
fx.gbpjpy.logret_24h,inner_2023,val,5409,0.9267886855241264,PARTIAL
fx.gbpjpy.ewma_vol_24,inner_2019,train,41329,0.9999516078298532,PARTIAL
fx.gbpjpy.ewma_vol_24,inner_2019,val,6213,0.9996780943183647,PARTIAL
fx.gbpjpy.ewma_vol_24,inner_2020,train,47542,0.999915863867738,PARTIAL
fx.gbpjpy.ewma_vol_24,inner_2020,val,6230,1.0,FULL
fx.gbpjpy.ewma_vol_24,inner_2021,train,53771,0.9999256104591694,PARTIAL
fx.gbpjpy.ewma_vol_24,inner_2021,val,6219,1.0,FULL
fx.gbpjpy.ewma_vol_24,inner_2022,train,59966,0.999933295534136,PARTIAL
fx.gbpjpy.ewma_vol_24,inner_2022,val,6239,0.9996794358070203,PARTIAL
fx.gbpjpy.ewma_vol_24,inner_2023,train,66206,0.9999093737727699,PARTIAL
fx.gbpjpy.ewma_vol_24,inner_2023,val,5409,0.9267886855241264,PARTIAL
fx.gbpusd.logret_1h,inner_2019,train,41329,0.9999516078298532,PARTIAL
fx.gbpusd.logret_1h,inner_2019,val,6213,0.9998390471591824,PARTIAL
fx.gbpusd.logret_1h,inner_2020,train,47542,0.9999368979008035,PARTIAL
fx.gbpusd.logret_1h,inner_2020,val,6230,0.9998394863563402,PARTIAL
fx.gbpusd.logret_1h,inner_2021,train,53771,0.9999256104591694,PARTIAL
fx.gbpusd.logret_1h,inner_2021,val,6219,1.0,FULL
fx.gbpusd.logret_1h,inner_2022,train,59966,0.999933295534136,PARTIAL
fx.gbpusd.logret_1h,inner_2022,val,6239,0.9996794358070203,PARTIAL
fx.gbpusd.logret_1h,inner_2023,train,66206,0.9999093737727699,PARTIAL
fx.gbpusd.logret_1h,inner_2023,val,5409,0.9212423738214087,PARTIAL
fx.gbpusd.logret_24h,inner_2019,train,41329,0.9999516078298532,PARTIAL
fx.gbpusd.logret_24h,inner_2019,val,6213,0.9998390471591824,PARTIAL
fx.gbpusd.logret_24h,inner_2020,train,47542,0.9999368979008035,PARTIAL
fx.gbpusd.logret_24h,inner_2020,val,6230,0.9998394863563402,PARTIAL
fx.gbpusd.logret_24h,inner_2021,train,53771,0.9999256104591694,PARTIAL
fx.gbpusd.logret_24h,inner_2021,val,6219,1.0,FULL
fx.gbpusd.logret_24h,inner_2022,train,59966,0.999933295534136,PARTIAL
fx.gbpusd.logret_24h,inner_2022,val,6239,0.9996794358070203,PARTIAL
fx.gbpusd.logret_24h,inner_2023,train,66206,0.9999093737727699,PARTIAL
fx.gbpusd.logret_24h,inner_2023,val,5409,0.9212423738214087,PARTIAL
fx.gbpusd.ewma_vol_24,inner_2019,train,41329,0.9999516078298532,PARTIAL
fx.gbpusd.ewma_vol_24,inner_2019,val,6213,0.9998390471591824,PARTIAL
fx.gbpusd.ewma_vol_24,inner_2020,train,47542,0.9999368979008035,PARTIAL
fx.gbpusd.ewma_vol_24,inner_2020,val,6230,0.9998394863563402,PARTIAL
fx.gbpusd.ewma_vol_24,inner_2021,train,53771,0.9999256104591694,PARTIAL
fx.gbpusd.ewma_vol_24,inner_2021,val,6219,1.0,FULL
fx.gbpusd.ewma_vol_24,inner_2022,train,59966,0.999933295534136,PARTIAL
fx.gbpusd.ewma_vol_24,inner_2022,val,6239,0.9996794358070203,PARTIAL
fx.gbpusd.ewma_vol_24,inner_2023,train,66206,0.9999093737727699,PARTIAL
fx.gbpusd.ewma_vol_24,inner_2023,val,5409,0.9212423738214087,PARTIAL
fx.nzdusd.logret_1h,inner_2019,train,41329,0.9999758039149266,PARTIAL
fx.nzdusd.logret_1h,inner_2019,val,6213,0.9996780943183647,PARTIAL
fx.nzdusd.logret_1h,inner_2020,train,47542,0.9999368979008035,PARTIAL
fx.nzdusd.logret_1h,inner_2020,val,6230,1.0,FULL
fx.nzdusd.logret_1h,inner_2021,train,53771,0.9999442078443771,PARTIAL
fx.nzdusd.logret_1h,inner_2021,val,6219,1.0,FULL
fx.nzdusd.logret_1h,inner_2022,train,59966,0.999949971650602,PARTIAL
fx.nzdusd.logret_1h,inner_2022,val,6239,0.9998397179035102,PARTIAL
fx.nzdusd.logret_1h,inner_2023,train,66206,0.9999395825151799,PARTIAL
fx.nzdusd.logret_1h,inner_2023,val,5409,0.9236457755592531,PARTIAL
fx.nzdusd.logret_24h,inner_2019,train,41329,0.9999758039149266,PARTIAL
fx.nzdusd.logret_24h,inner_2019,val,6213,0.9996780943183647,PARTIAL
fx.nzdusd.logret_24h,inner_2020,train,47542,0.9999368979008035,PARTIAL
fx.nzdusd.logret_24h,inner_2020,val,6230,1.0,FULL
fx.nzdusd.logret_24h,inner_2021,train,53771,0.9999442078443771,PARTIAL
fx.nzdusd.logret_24h,inner_2021,val,6219,1.0,FULL
fx.nzdusd.logret_24h,inner_2022,train,59966,0.999949971650602,PARTIAL
fx.nzdusd.logret_24h,inner_2022,val,6239,0.9998397179035102,PARTIAL
fx.nzdusd.logret_24h,inner_2023,train,66206,0.9999395825151799,PARTIAL
fx.nzdusd.logret_24h,inner_2023,val,5409,0.9236457755592531,PARTIAL
fx.nzdusd.ewma_vol_24,inner_2019,train,41329,0.9999758039149266,PARTIAL
fx.nzdusd.ewma_vol_24,inner_2019,val,6213,0.9996780943183647,PARTIAL
fx.nzdusd.ewma_vol_24,inner_2020,train,47542,0.9999368979008035,PARTIAL
fx.nzdusd.ewma_vol_24,inner_2020,val,6230,1.0,FULL
fx.nzdusd.ewma_vol_24,inner_2021,train,53771,0.9999442078443771,PARTIAL
fx.nzdusd.ewma_vol_24,inner_2021,val,6219,1.0,FULL
fx.nzdusd.ewma_vol_24,inner_2022,train,59966,0.999949971650602,PARTIAL
fx.nzdusd.ewma_vol_24,inner_2022,val,6239,0.9998397179035102,PARTIAL
fx.nzdusd.ewma_vol_24,inner_2023,train,66206,0.9999395825151799,PARTIAL
fx.nzdusd.ewma_vol_24,inner_2023,val,5409,0.9236457755592531,PARTIAL
fx.usdcad.logret_1h,inner_2019,train,41329,0.8516296063296959,PARTIAL
fx.usdcad.logret_1h,inner_2019,val,6213,0.9996780943183647,PARTIAL
fx.usdcad.logret_1h,inner_2020,train,47542,0.8689790080350006,PARTIAL
fx.usdcad.logret_1h,inner_2020,val,6230,1.0,FULL
fx.usdcad.logret_1h,inner_2021,train,53771,0.8841568875416117,PARTIAL
fx.usdcad.logret_1h,inner_2021,val,6219,1.0,FULL
fx.usdcad.logret_1h,inner_2022,train,59966,0.8961244705333022,PARTIAL
fx.usdcad.logret_1h,inner_2022,val,6239,0.9998397179035102,PARTIAL
fx.usdcad.logret_1h,inner_2023,train,66206,0.9058997673926834,PARTIAL
fx.usdcad.logret_1h,inner_2023,val,5409,0.9230911443889813,PARTIAL
fx.usdcad.logret_24h,inner_2019,train,41329,0.8516296063296959,PARTIAL
fx.usdcad.logret_24h,inner_2019,val,6213,0.9996780943183647,PARTIAL
fx.usdcad.logret_24h,inner_2020,train,47542,0.8689790080350006,PARTIAL
fx.usdcad.logret_24h,inner_2020,val,6230,1.0,FULL
fx.usdcad.logret_24h,inner_2021,train,53771,0.8841568875416117,PARTIAL
fx.usdcad.logret_24h,inner_2021,val,6219,1.0,FULL
fx.usdcad.logret_24h,inner_2022,train,59966,0.8961244705333022,PARTIAL
fx.usdcad.logret_24h,inner_2022,val,6239,0.9998397179035102,PARTIAL
fx.usdcad.logret_24h,inner_2023,train,66206,0.9058997673926834,PARTIAL
fx.usdcad.logret_24h,inner_2023,val,5409,0.9230911443889813,PARTIAL
fx.usdcad.ewma_vol_24,inner_2019,train,41329,0.8516296063296959,PARTIAL
fx.usdcad.ewma_vol_24,inner_2019,val,6213,0.9996780943183647,PARTIAL
fx.usdcad.ewma_vol_24,inner_2020,train,47542,0.8689790080350006,PARTIAL
fx.usdcad.ewma_vol_24,inner_2020,val,6230,1.0,FULL
fx.usdcad.ewma_vol_24,inner_2021,train,53771,0.8841568875416117,PARTIAL
fx.usdcad.ewma_vol_24,inner_2021,val,6219,1.0,FULL
fx.usdcad.ewma_vol_24,inner_2022,train,59966,0.8961244705333022,PARTIAL
fx.usdcad.ewma_vol_24,inner_2022,val,6239,0.9998397179035102,PARTIAL
fx.usdcad.ewma_vol_24,inner_2023,train,66206,0.9058997673926834,PARTIAL
fx.usdcad.ewma_vol_24,inner_2023,val,5409,0.9230911443889813,PARTIAL
fx.usdchf.logret_1h,inner_2019,train,41329,1.0,FULL
fx.usdchf.logret_1h,inner_2019,val,6213,0.9996780943183647,PARTIAL
fx.usdchf.logret_1h,inner_2020,train,47542,0.999957931933869,PARTIAL
fx.usdchf.logret_1h,inner_2020,val,6230,1.0,FULL
fx.usdchf.logret_1h,inner_2021,train,53771,0.9999628052295847,PARTIAL
fx.usdchf.logret_1h,inner_2021,val,6219,1.0,FULL
fx.usdchf.logret_1h,inner_2022,train,59966,0.999966647767068,PARTIAL
fx.usdchf.logret_1h,inner_2022,val,6239,0.9993588716140407,PARTIAL
fx.usdchf.logret_1h,inner_2023,train,66206,0.9999093737727699,PARTIAL
fx.usdchf.logret_1h,inner_2023,val,5409,0.9256794231835829,PARTIAL
fx.usdchf.logret_24h,inner_2019,train,41329,1.0,FULL
fx.usdchf.logret_24h,inner_2019,val,6213,0.9996780943183647,PARTIAL
fx.usdchf.logret_24h,inner_2020,train,47542,0.999957931933869,PARTIAL
fx.usdchf.logret_24h,inner_2020,val,6230,1.0,FULL
fx.usdchf.logret_24h,inner_2021,train,53771,0.9999628052295847,PARTIAL
fx.usdchf.logret_24h,inner_2021,val,6219,1.0,FULL
fx.usdchf.logret_24h,inner_2022,train,59966,0.999966647767068,PARTIAL
fx.usdchf.logret_24h,inner_2022,val,6239,0.9993588716140407,PARTIAL
fx.usdchf.logret_24h,inner_2023,train,66206,0.9999093737727699,PARTIAL
fx.usdchf.logret_24h,inner_2023,val,5409,0.9256794231835829,PARTIAL
fx.usdchf.ewma_vol_24,inner_2019,train,41329,1.0,FULL
fx.usdchf.ewma_vol_24,inner_2019,val,6213,0.9996780943183647,PARTIAL
fx.usdchf.ewma_vol_24,inner_2020,train,47542,0.999957931933869,PARTIAL
fx.usdchf.ewma_vol_24,inner_2020,val,6230,1.0,FULL
fx.usdchf.ewma_vol_24,inner_2021,train,53771,0.9999628052295847,PARTIAL
fx.usdchf.ewma_vol_24,inner_2021,val,6219,1.0,FULL
fx.usdchf.ewma_vol_24,inner_2022,train,59966,0.999966647767068,PARTIAL
fx.usdchf.ewma_vol_24,inner_2022,val,6239,0.9993588716140407,PARTIAL
fx.usdchf.ewma_vol_24,inner_2023,train,66206,0.9999093737727699,PARTIAL
fx.usdchf.ewma_vol_24,inner_2023,val,5409,0.9256794231835829,PARTIAL
fx.usdjpy.logret_1h,inner_2019,train,41329,0.9999758039149266,PARTIAL
fx.usdjpy.logret_1h,inner_2019,val,6213,0.9995171414775471,PARTIAL
fx.usdjpy.logret_1h,inner_2020,train,47542,0.9999368979008035,PARTIAL
fx.usdjpy.logret_1h,inner_2020,val,6230,1.0,FULL
fx.usdjpy.logret_1h,inner_2021,train,53771,0.9999256104591694,PARTIAL
fx.usdjpy.logret_1h,inner_2021,val,6219,1.0,FULL
fx.usdjpy.logret_1h,inner_2022,train,59966,0.999933295534136,PARTIAL
fx.usdjpy.logret_1h,inner_2022,val,6239,0.9996794358070203,PARTIAL
fx.usdjpy.logret_1h,inner_2023,train,66206,0.9999093737727699,PARTIAL
fx.usdjpy.logret_1h,inner_2023,val,5409,0.9223516361619523,PARTIAL
fx.usdjpy.logret_24h,inner_2019,train,41329,0.9999758039149266,PARTIAL
fx.usdjpy.logret_24h,inner_2019,val,6213,0.9995171414775471,PARTIAL
fx.usdjpy.logret_24h,inner_2020,train,47542,0.9999368979008035,PARTIAL
fx.usdjpy.logret_24h,inner_2020,val,6230,1.0,FULL
fx.usdjpy.logret_24h,inner_2021,train,53771,0.9999256104591694,PARTIAL
fx.usdjpy.logret_24h,inner_2021,val,6219,1.0,FULL
fx.usdjpy.logret_24h,inner_2022,train,59966,0.999933295534136,PARTIAL
fx.usdjpy.logret_24h,inner_2022,val,6239,0.9996794358070203,PARTIAL
fx.usdjpy.logret_24h,inner_2023,train,66206,0.9999093737727699,PARTIAL
fx.usdjpy.logret_24h,inner_2023,val,5409,0.9223516361619523,PARTIAL
fx.usdjpy.ewma_vol_24,inner_2019,train,41329,0.9999758039149266,PARTIAL
fx.usdjpy.ewma_vol_24,inner_2019,val,6213,0.9995171414775471,PARTIAL
fx.usdjpy.ewma_vol_24,inner_2020,train,47542,0.9999368979008035,PARTIAL
fx.usdjpy.ewma_vol_24,inner_2020,val,6230,1.0,FULL
fx.usdjpy.ewma_vol_24,inner_2021,train,53771,0.9999256104591694,PARTIAL
fx.usdjpy.ewma_vol_24,inner_2021,val,6219,1.0,FULL
fx.usdjpy.ewma_vol_24,inner_2022,train,59966,0.999933295534136,PARTIAL
fx.usdjpy.ewma_vol_24,inner_2022,val,6239,0.9996794358070203,PARTIAL
fx.usdjpy.ewma_vol_24,inner_2023,train,66206,0.9999093737727699,PARTIAL
fx.usdjpy.ewma_vol_24,inner_2023,val,5409,0.9223516361619523,PARTIAL
fred.credit.aaa.level,inner_2019,train,41329,0.23366159355416294,PARTIAL
fred.credit.aaa.level,inner_2019,val,6213,0.23305971350394333,PARTIAL
fred.credit.aaa.level,inner_2020,train,47542,0.23358293719237727,PARTIAL
fred.credit.aaa.level,inner_2020,val,6230,0.23306581059390047,PARTIAL
fred.credit.aaa.level,inner_2021,train,53771,0.23352736605233304,PARTIAL
fred.credit.aaa.level,inner_2021,val,6219,0.23251326579835987,PARTIAL
fred.credit.aaa.level,inner_2022,train,59966,0.23351565887336156,PARTIAL
fred.credit.aaa.level,inner_2022,val,6239,0.23176791152428275,PARTIAL
fred.credit.aaa.level,inner_2023,train,66206,0.23334743074645803,PARTIAL
fred.credit.aaa.level,inner_2023,val,5409,0.23349972268441485,PARTIAL
fred.credit.aaa.logret_1d,inner_2019,train,41329,0.23366159355416294,PARTIAL
fred.credit.aaa.logret_1d,inner_2019,val,6213,0.23305971350394333,PARTIAL
fred.credit.aaa.logret_1d,inner_2020,train,47542,0.23358293719237727,PARTIAL
fred.credit.aaa.logret_1d,inner_2020,val,6230,0.23306581059390047,PARTIAL
fred.credit.aaa.logret_1d,inner_2021,train,53771,0.23352736605233304,PARTIAL
fred.credit.aaa.logret_1d,inner_2021,val,6219,0.23251326579835987,PARTIAL
fred.credit.aaa.logret_1d,inner_2022,train,59966,0.23351565887336156,PARTIAL
fred.credit.aaa.logret_1d,inner_2022,val,6239,0.23176791152428275,PARTIAL
fred.credit.aaa.logret_1d,inner_2023,train,66206,0.23334743074645803,PARTIAL
fred.credit.aaa.logret_1d,inner_2023,val,5409,0.23349972268441485,PARTIAL
fred.credit.aaa.logret_5d,inner_2019,train,41329,0.23366159355416294,PARTIAL
fred.credit.aaa.logret_5d,inner_2019,val,6213,0.23305971350394333,PARTIAL
fred.credit.aaa.logret_5d,inner_2020,train,47542,0.23358293719237727,PARTIAL
fred.credit.aaa.logret_5d,inner_2020,val,6230,0.23306581059390047,PARTIAL
fred.credit.aaa.logret_5d,inner_2021,train,53771,0.23352736605233304,PARTIAL
fred.credit.aaa.logret_5d,inner_2021,val,6219,0.23251326579835987,PARTIAL
fred.credit.aaa.logret_5d,inner_2022,train,59966,0.23351565887336156,PARTIAL
fred.credit.aaa.logret_5d,inner_2022,val,6239,0.23176791152428275,PARTIAL
fred.credit.aaa.logret_5d,inner_2023,train,66206,0.23334743074645803,PARTIAL
fred.credit.aaa.logret_5d,inner_2023,val,5409,0.23349972268441485,PARTIAL
fred.credit.aaa10y.level,inner_2019,train,41329,1.0,FULL
fred.credit.aaa10y.level,inner_2019,val,6213,1.0,FULL
fred.credit.aaa10y.level,inner_2020,train,47542,1.0,FULL
fred.credit.aaa10y.level,inner_2020,val,6230,1.0,FULL
fred.credit.aaa10y.level,inner_2021,train,53771,1.0,FULL
fred.credit.aaa10y.level,inner_2021,val,6219,1.0,FULL
fred.credit.aaa10y.level,inner_2022,train,59966,1.0,FULL
fred.credit.aaa10y.level,inner_2022,val,6239,1.0,FULL
fred.credit.aaa10y.level,inner_2023,train,66206,1.0,FULL
fred.credit.aaa10y.level,inner_2023,val,5409,1.0,FULL
fred.credit.aaa10y.diff_1d,inner_2019,train,41329,1.0,FULL
fred.credit.aaa10y.diff_1d,inner_2019,val,6213,1.0,FULL
fred.credit.aaa10y.diff_1d,inner_2020,train,47542,1.0,FULL
fred.credit.aaa10y.diff_1d,inner_2020,val,6230,1.0,FULL
fred.credit.aaa10y.diff_1d,inner_2021,train,53771,1.0,FULL
fred.credit.aaa10y.diff_1d,inner_2021,val,6219,1.0,FULL
fred.credit.aaa10y.diff_1d,inner_2022,train,59966,1.0,FULL
fred.credit.aaa10y.diff_1d,inner_2022,val,6239,1.0,FULL
fred.credit.aaa10y.diff_1d,inner_2023,train,66206,1.0,FULL
fred.credit.aaa10y.diff_1d,inner_2023,val,5409,1.0,FULL
fred.credit.aaa10y.diff_5d,inner_2019,train,41329,1.0,FULL
fred.credit.aaa10y.diff_5d,inner_2019,val,6213,1.0,FULL
fred.credit.aaa10y.diff_5d,inner_2020,train,47542,1.0,FULL
fred.credit.aaa10y.diff_5d,inner_2020,val,6230,1.0,FULL
fred.credit.aaa10y.diff_5d,inner_2021,train,53771,1.0,FULL
fred.credit.aaa10y.diff_5d,inner_2021,val,6219,1.0,FULL
fred.credit.aaa10y.diff_5d,inner_2022,train,59966,1.0,FULL
fred.credit.aaa10y.diff_5d,inner_2022,val,6239,1.0,FULL
fred.credit.aaa10y.diff_5d,inner_2023,train,66206,1.0,FULL
fred.credit.aaa10y.diff_5d,inner_2023,val,5409,1.0,FULL
fred.credit.baa.level,inner_2019,train,41329,0.23366159355416294,PARTIAL
fred.credit.baa.level,inner_2019,val,6213,0.23305971350394333,PARTIAL
fred.credit.baa.level,inner_2020,train,47542,0.23358293719237727,PARTIAL
fred.credit.baa.level,inner_2020,val,6230,0.23306581059390047,PARTIAL
fred.credit.baa.level,inner_2021,train,53771,0.23352736605233304,PARTIAL
fred.credit.baa.level,inner_2021,val,6219,0.23251326579835987,PARTIAL
fred.credit.baa.level,inner_2022,train,59966,0.23351565887336156,PARTIAL
fred.credit.baa.level,inner_2022,val,6239,0.23176791152428275,PARTIAL
fred.credit.baa.level,inner_2023,train,66206,0.23334743074645803,PARTIAL
fred.credit.baa.level,inner_2023,val,5409,0.23349972268441485,PARTIAL
fred.credit.baa.logret_1d,inner_2019,train,41329,0.23366159355416294,PARTIAL
fred.credit.baa.logret_1d,inner_2019,val,6213,0.23305971350394333,PARTIAL
fred.credit.baa.logret_1d,inner_2020,train,47542,0.23358293719237727,PARTIAL
fred.credit.baa.logret_1d,inner_2020,val,6230,0.23306581059390047,PARTIAL
fred.credit.baa.logret_1d,inner_2021,train,53771,0.23352736605233304,PARTIAL
fred.credit.baa.logret_1d,inner_2021,val,6219,0.23251326579835987,PARTIAL
fred.credit.baa.logret_1d,inner_2022,train,59966,0.23351565887336156,PARTIAL
fred.credit.baa.logret_1d,inner_2022,val,6239,0.23176791152428275,PARTIAL
fred.credit.baa.logret_1d,inner_2023,train,66206,0.23334743074645803,PARTIAL
fred.credit.baa.logret_1d,inner_2023,val,5409,0.23349972268441485,PARTIAL
fred.credit.baa.logret_5d,inner_2019,train,41329,0.23366159355416294,PARTIAL
fred.credit.baa.logret_5d,inner_2019,val,6213,0.23305971350394333,PARTIAL
fred.credit.baa.logret_5d,inner_2020,train,47542,0.23358293719237727,PARTIAL
fred.credit.baa.logret_5d,inner_2020,val,6230,0.23306581059390047,PARTIAL
fred.credit.baa.logret_5d,inner_2021,train,53771,0.23352736605233304,PARTIAL
fred.credit.baa.logret_5d,inner_2021,val,6219,0.23251326579835987,PARTIAL
fred.credit.baa.logret_5d,inner_2022,train,59966,0.23351565887336156,PARTIAL
fred.credit.baa.logret_5d,inner_2022,val,6239,0.23176791152428275,PARTIAL
fred.credit.baa.logret_5d,inner_2023,train,66206,0.23334743074645803,PARTIAL
fred.credit.baa.logret_5d,inner_2023,val,5409,0.23349972268441485,PARTIAL
fred.credit.baa10y.level,inner_2019,train,41329,1.0,FULL
fred.credit.baa10y.level,inner_2019,val,6213,1.0,FULL
fred.credit.baa10y.level,inner_2020,train,47542,1.0,FULL
fred.credit.baa10y.level,inner_2020,val,6230,1.0,FULL
fred.credit.baa10y.level,inner_2021,train,53771,1.0,FULL
fred.credit.baa10y.level,inner_2021,val,6219,1.0,FULL
fred.credit.baa10y.level,inner_2022,train,59966,1.0,FULL
fred.credit.baa10y.level,inner_2022,val,6239,1.0,FULL
fred.credit.baa10y.level,inner_2023,train,66206,1.0,FULL
fred.credit.baa10y.level,inner_2023,val,5409,1.0,FULL
fred.credit.baa10y.logret_1d,inner_2019,train,41329,1.0,FULL
fred.credit.baa10y.logret_1d,inner_2019,val,6213,1.0,FULL
fred.credit.baa10y.logret_1d,inner_2020,train,47542,1.0,FULL
fred.credit.baa10y.logret_1d,inner_2020,val,6230,1.0,FULL
fred.credit.baa10y.logret_1d,inner_2021,train,53771,1.0,FULL
fred.credit.baa10y.logret_1d,inner_2021,val,6219,1.0,FULL
fred.credit.baa10y.logret_1d,inner_2022,train,59966,1.0,FULL
fred.credit.baa10y.logret_1d,inner_2022,val,6239,1.0,FULL
fred.credit.baa10y.logret_1d,inner_2023,train,66206,1.0,FULL
fred.credit.baa10y.logret_1d,inner_2023,val,5409,1.0,FULL
fred.credit.baa10y.logret_5d,inner_2019,train,41329,1.0,FULL
fred.credit.baa10y.logret_5d,inner_2019,val,6213,1.0,FULL
fred.credit.baa10y.logret_5d,inner_2020,train,47542,1.0,FULL
fred.credit.baa10y.logret_5d,inner_2020,val,6230,1.0,FULL
fred.credit.baa10y.logret_5d,inner_2021,train,53771,1.0,FULL
fred.credit.baa10y.logret_5d,inner_2021,val,6219,1.0,FULL
fred.credit.baa10y.logret_5d,inner_2022,train,59966,1.0,FULL
fred.credit.baa10y.logret_5d,inner_2022,val,6239,1.0,FULL
fred.credit.baa10y.logret_5d,inner_2023,train,66206,1.0,FULL
fred.credit.baa10y.logret_5d,inner_2023,val,5409,1.0,FULL
fred.credit.bamlc0a0cm.level,inner_2019,train,41329,0.0,NO_COVERAGE
fred.credit.bamlc0a0cm.level,inner_2019,val,6213,0.0,NO_COVERAGE
fred.credit.bamlc0a0cm.level,inner_2020,train,47542,0.0,NO_COVERAGE
fred.credit.bamlc0a0cm.level,inner_2020,val,6230,0.0,NO_COVERAGE
fred.credit.bamlc0a0cm.level,inner_2021,train,53771,0.0,NO_COVERAGE
fred.credit.bamlc0a0cm.level,inner_2021,val,6219,0.0,NO_COVERAGE
fred.credit.bamlc0a0cm.level,inner_2022,train,59966,0.0,NO_COVERAGE
fred.credit.bamlc0a0cm.level,inner_2022,val,6239,0.0,NO_COVERAGE
fred.credit.bamlc0a0cm.level,inner_2023,train,66206,0.0,NO_COVERAGE
fred.credit.bamlc0a0cm.level,inner_2023,val,5409,0.6794231835829173,PARTIAL
fred.credit.bamlc0a0cm.logret_1d,inner_2019,train,41329,0.0,NO_COVERAGE
fred.credit.bamlc0a0cm.logret_1d,inner_2019,val,6213,0.0,NO_COVERAGE
fred.credit.bamlc0a0cm.logret_1d,inner_2020,train,47542,0.0,NO_COVERAGE
fred.credit.bamlc0a0cm.logret_1d,inner_2020,val,6230,0.0,NO_COVERAGE
fred.credit.bamlc0a0cm.logret_1d,inner_2021,train,53771,0.0,NO_COVERAGE
fred.credit.bamlc0a0cm.logret_1d,inner_2021,val,6219,0.0,NO_COVERAGE
fred.credit.bamlc0a0cm.logret_1d,inner_2022,train,59966,0.0,NO_COVERAGE
fred.credit.bamlc0a0cm.logret_1d,inner_2022,val,6239,0.0,NO_COVERAGE
fred.credit.bamlc0a0cm.logret_1d,inner_2023,train,66206,0.0,NO_COVERAGE
fred.credit.bamlc0a0cm.logret_1d,inner_2023,val,5409,0.676280273618044,PARTIAL
fred.credit.bamlc0a0cm.logret_5d,inner_2019,train,41329,0.0,NO_COVERAGE
fred.credit.bamlc0a0cm.logret_5d,inner_2019,val,6213,0.0,NO_COVERAGE
fred.credit.bamlc0a0cm.logret_5d,inner_2020,train,47542,0.0,NO_COVERAGE
fred.credit.bamlc0a0cm.logret_5d,inner_2020,val,6230,0.0,NO_COVERAGE
fred.credit.bamlc0a0cm.logret_5d,inner_2021,train,53771,0.0,NO_COVERAGE
fred.credit.bamlc0a0cm.logret_5d,inner_2021,val,6219,0.0,NO_COVERAGE
fred.credit.bamlc0a0cm.logret_5d,inner_2022,train,59966,0.0,NO_COVERAGE
fred.credit.bamlc0a0cm.logret_5d,inner_2022,val,6239,0.0,NO_COVERAGE
fred.credit.bamlc0a0cm.logret_5d,inner_2023,train,66206,0.0,NO_COVERAGE
fred.credit.bamlc0a0cm.logret_5d,inner_2023,val,5409,0.6638935108153078,PARTIAL
fred.credit.bamlc0a0cmey.level,inner_2019,train,41329,0.0,NO_COVERAGE
fred.credit.bamlc0a0cmey.level,inner_2019,val,6213,0.0,NO_COVERAGE
fred.credit.bamlc0a0cmey.level,inner_2020,train,47542,0.0,NO_COVERAGE
fred.credit.bamlc0a0cmey.level,inner_2020,val,6230,0.0,NO_COVERAGE
fred.credit.bamlc0a0cmey.level,inner_2021,train,53771,0.0,NO_COVERAGE
fred.credit.bamlc0a0cmey.level,inner_2021,val,6219,0.0,NO_COVERAGE
fred.credit.bamlc0a0cmey.level,inner_2022,train,59966,0.0,NO_COVERAGE
fred.credit.bamlc0a0cmey.level,inner_2022,val,6239,0.0,NO_COVERAGE
fred.credit.bamlc0a0cmey.level,inner_2023,train,66206,0.0,NO_COVERAGE
fred.credit.bamlc0a0cmey.level,inner_2023,val,5409,0.6794231835829173,PARTIAL
fred.credit.bamlc0a0cmey.logret_1d,inner_2019,train,41329,0.0,NO_COVERAGE
fred.credit.bamlc0a0cmey.logret_1d,inner_2019,val,6213,0.0,NO_COVERAGE
fred.credit.bamlc0a0cmey.logret_1d,inner_2020,train,47542,0.0,NO_COVERAGE
fred.credit.bamlc0a0cmey.logret_1d,inner_2020,val,6230,0.0,NO_COVERAGE
fred.credit.bamlc0a0cmey.logret_1d,inner_2021,train,53771,0.0,NO_COVERAGE
fred.credit.bamlc0a0cmey.logret_1d,inner_2021,val,6219,0.0,NO_COVERAGE
fred.credit.bamlc0a0cmey.logret_1d,inner_2022,train,59966,0.0,NO_COVERAGE
fred.credit.bamlc0a0cmey.logret_1d,inner_2022,val,6239,0.0,NO_COVERAGE
fred.credit.bamlc0a0cmey.logret_1d,inner_2023,train,66206,0.0,NO_COVERAGE
fred.credit.bamlc0a0cmey.logret_1d,inner_2023,val,5409,0.676280273618044,PARTIAL
fred.credit.bamlc0a0cmey.logret_5d,inner_2019,train,41329,0.0,NO_COVERAGE
fred.credit.bamlc0a0cmey.logret_5d,inner_2019,val,6213,0.0,NO_COVERAGE
fred.credit.bamlc0a0cmey.logret_5d,inner_2020,train,47542,0.0,NO_COVERAGE
fred.credit.bamlc0a0cmey.logret_5d,inner_2020,val,6230,0.0,NO_COVERAGE
fred.credit.bamlc0a0cmey.logret_5d,inner_2021,train,53771,0.0,NO_COVERAGE
fred.credit.bamlc0a0cmey.logret_5d,inner_2021,val,6219,0.0,NO_COVERAGE
fred.credit.bamlc0a0cmey.logret_5d,inner_2022,train,59966,0.0,NO_COVERAGE
fred.credit.bamlc0a0cmey.logret_5d,inner_2022,val,6239,0.0,NO_COVERAGE
fred.credit.bamlc0a0cmey.logret_5d,inner_2023,train,66206,0.0,NO_COVERAGE
fred.credit.bamlc0a0cmey.logret_5d,inner_2023,val,5409,0.6638935108153078,PARTIAL
fred.credit.bamlh0a0hym2.level,inner_2019,train,41329,0.0,NO_COVERAGE
fred.credit.bamlh0a0hym2.level,inner_2019,val,6213,0.0,NO_COVERAGE
fred.credit.bamlh0a0hym2.level,inner_2020,train,47542,0.0,NO_COVERAGE
fred.credit.bamlh0a0hym2.level,inner_2020,val,6230,0.0,NO_COVERAGE
fred.credit.bamlh0a0hym2.level,inner_2021,train,53771,0.0,NO_COVERAGE
fred.credit.bamlh0a0hym2.level,inner_2021,val,6219,0.0,NO_COVERAGE
fred.credit.bamlh0a0hym2.level,inner_2022,train,59966,0.0,NO_COVERAGE
fred.credit.bamlh0a0hym2.level,inner_2022,val,6239,0.0,NO_COVERAGE
fred.credit.bamlh0a0hym2.level,inner_2023,train,66206,0.0,NO_COVERAGE
fred.credit.bamlh0a0hym2.level,inner_2023,val,5409,0.6794231835829173,PARTIAL
fred.credit.bamlh0a0hym2.logret_1d,inner_2019,train,41329,0.0,NO_COVERAGE
fred.credit.bamlh0a0hym2.logret_1d,inner_2019,val,6213,0.0,NO_COVERAGE
fred.credit.bamlh0a0hym2.logret_1d,inner_2020,train,47542,0.0,NO_COVERAGE
fred.credit.bamlh0a0hym2.logret_1d,inner_2020,val,6230,0.0,NO_COVERAGE
fred.credit.bamlh0a0hym2.logret_1d,inner_2021,train,53771,0.0,NO_COVERAGE
fred.credit.bamlh0a0hym2.logret_1d,inner_2021,val,6219,0.0,NO_COVERAGE
fred.credit.bamlh0a0hym2.logret_1d,inner_2022,train,59966,0.0,NO_COVERAGE
fred.credit.bamlh0a0hym2.logret_1d,inner_2022,val,6239,0.0,NO_COVERAGE
fred.credit.bamlh0a0hym2.logret_1d,inner_2023,train,66206,0.0,NO_COVERAGE
fred.credit.bamlh0a0hym2.logret_1d,inner_2023,val,5409,0.676280273618044,PARTIAL
fred.credit.bamlh0a0hym2.logret_5d,inner_2019,train,41329,0.0,NO_COVERAGE
fred.credit.bamlh0a0hym2.logret_5d,inner_2019,val,6213,0.0,NO_COVERAGE
fred.credit.bamlh0a0hym2.logret_5d,inner_2020,train,47542,0.0,NO_COVERAGE
fred.credit.bamlh0a0hym2.logret_5d,inner_2020,val,6230,0.0,NO_COVERAGE
fred.credit.bamlh0a0hym2.logret_5d,inner_2021,train,53771,0.0,NO_COVERAGE
fred.credit.bamlh0a0hym2.logret_5d,inner_2021,val,6219,0.0,NO_COVERAGE
fred.credit.bamlh0a0hym2.logret_5d,inner_2022,train,59966,0.0,NO_COVERAGE
fred.credit.bamlh0a0hym2.logret_5d,inner_2022,val,6239,0.0,NO_COVERAGE
fred.credit.bamlh0a0hym2.logret_5d,inner_2023,train,66206,0.0,NO_COVERAGE
fred.credit.bamlh0a0hym2.logret_5d,inner_2023,val,5409,0.6638935108153078,PARTIAL
fred.credit.bamlh0a0hym2ey.level,inner_2019,train,41329,0.0,NO_COVERAGE
fred.credit.bamlh0a0hym2ey.level,inner_2019,val,6213,0.0,NO_COVERAGE
fred.credit.bamlh0a0hym2ey.level,inner_2020,train,47542,0.0,NO_COVERAGE
fred.credit.bamlh0a0hym2ey.level,inner_2020,val,6230,0.0,NO_COVERAGE
fred.credit.bamlh0a0hym2ey.level,inner_2021,train,53771,0.0,NO_COVERAGE
fred.credit.bamlh0a0hym2ey.level,inner_2021,val,6219,0.0,NO_COVERAGE
fred.credit.bamlh0a0hym2ey.level,inner_2022,train,59966,0.0,NO_COVERAGE
fred.credit.bamlh0a0hym2ey.level,inner_2022,val,6239,0.0,NO_COVERAGE
fred.credit.bamlh0a0hym2ey.level,inner_2023,train,66206,0.0,NO_COVERAGE
fred.credit.bamlh0a0hym2ey.level,inner_2023,val,5409,0.6794231835829173,PARTIAL
fred.credit.bamlh0a0hym2ey.logret_1d,inner_2019,train,41329,0.0,NO_COVERAGE
fred.credit.bamlh0a0hym2ey.logret_1d,inner_2019,val,6213,0.0,NO_COVERAGE
fred.credit.bamlh0a0hym2ey.logret_1d,inner_2020,train,47542,0.0,NO_COVERAGE
fred.credit.bamlh0a0hym2ey.logret_1d,inner_2020,val,6230,0.0,NO_COVERAGE
fred.credit.bamlh0a0hym2ey.logret_1d,inner_2021,train,53771,0.0,NO_COVERAGE
fred.credit.bamlh0a0hym2ey.logret_1d,inner_2021,val,6219,0.0,NO_COVERAGE
fred.credit.bamlh0a0hym2ey.logret_1d,inner_2022,train,59966,0.0,NO_COVERAGE
fred.credit.bamlh0a0hym2ey.logret_1d,inner_2022,val,6239,0.0,NO_COVERAGE
fred.credit.bamlh0a0hym2ey.logret_1d,inner_2023,train,66206,0.0,NO_COVERAGE
fred.credit.bamlh0a0hym2ey.logret_1d,inner_2023,val,5409,0.676280273618044,PARTIAL
fred.credit.bamlh0a0hym2ey.logret_5d,inner_2019,train,41329,0.0,NO_COVERAGE
fred.credit.bamlh0a0hym2ey.logret_5d,inner_2019,val,6213,0.0,NO_COVERAGE
fred.credit.bamlh0a0hym2ey.logret_5d,inner_2020,train,47542,0.0,NO_COVERAGE
fred.credit.bamlh0a0hym2ey.logret_5d,inner_2020,val,6230,0.0,NO_COVERAGE
fred.credit.bamlh0a0hym2ey.logret_5d,inner_2021,train,53771,0.0,NO_COVERAGE
fred.credit.bamlh0a0hym2ey.logret_5d,inner_2021,val,6219,0.0,NO_COVERAGE
fred.credit.bamlh0a0hym2ey.logret_5d,inner_2022,train,59966,0.0,NO_COVERAGE
fred.credit.bamlh0a0hym2ey.logret_5d,inner_2022,val,6239,0.0,NO_COVERAGE
fred.credit.bamlh0a0hym2ey.logret_5d,inner_2023,train,66206,0.0,NO_COVERAGE
fred.credit.bamlh0a0hym2ey.logret_5d,inner_2023,val,5409,0.6638935108153078,PARTIAL
fred.fx_indices.dtwexafegs.level,inner_2019,train,41329,1.0,FULL
fred.fx_indices.dtwexafegs.level,inner_2019,val,6213,1.0,FULL
fred.fx_indices.dtwexafegs.level,inner_2020,train,47542,1.0,FULL
fred.fx_indices.dtwexafegs.level,inner_2020,val,6230,1.0,FULL
fred.fx_indices.dtwexafegs.level,inner_2021,train,53771,1.0,FULL
fred.fx_indices.dtwexafegs.level,inner_2021,val,6219,1.0,FULL
fred.fx_indices.dtwexafegs.level,inner_2022,train,59966,1.0,FULL
fred.fx_indices.dtwexafegs.level,inner_2022,val,6239,1.0,FULL
fred.fx_indices.dtwexafegs.level,inner_2023,train,66206,1.0,FULL
fred.fx_indices.dtwexafegs.level,inner_2023,val,5409,1.0,FULL
fred.fx_indices.dtwexafegs.logret_1d,inner_2019,train,41329,1.0,FULL
fred.fx_indices.dtwexafegs.logret_1d,inner_2019,val,6213,1.0,FULL
fred.fx_indices.dtwexafegs.logret_1d,inner_2020,train,47542,1.0,FULL
fred.fx_indices.dtwexafegs.logret_1d,inner_2020,val,6230,1.0,FULL
fred.fx_indices.dtwexafegs.logret_1d,inner_2021,train,53771,1.0,FULL
fred.fx_indices.dtwexafegs.logret_1d,inner_2021,val,6219,1.0,FULL
fred.fx_indices.dtwexafegs.logret_1d,inner_2022,train,59966,1.0,FULL
fred.fx_indices.dtwexafegs.logret_1d,inner_2022,val,6239,1.0,FULL
fred.fx_indices.dtwexafegs.logret_1d,inner_2023,train,66206,1.0,FULL
fred.fx_indices.dtwexafegs.logret_1d,inner_2023,val,5409,1.0,FULL
fred.fx_indices.dtwexafegs.logret_5d,inner_2019,train,41329,1.0,FULL
fred.fx_indices.dtwexafegs.logret_5d,inner_2019,val,6213,1.0,FULL
fred.fx_indices.dtwexafegs.logret_5d,inner_2020,train,47542,1.0,FULL
fred.fx_indices.dtwexafegs.logret_5d,inner_2020,val,6230,1.0,FULL
fred.fx_indices.dtwexafegs.logret_5d,inner_2021,train,53771,1.0,FULL
fred.fx_indices.dtwexafegs.logret_5d,inner_2021,val,6219,1.0,FULL
fred.fx_indices.dtwexafegs.logret_5d,inner_2022,train,59966,1.0,FULL
fred.fx_indices.dtwexafegs.logret_5d,inner_2022,val,6239,1.0,FULL
fred.fx_indices.dtwexafegs.logret_5d,inner_2023,train,66206,1.0,FULL
fred.fx_indices.dtwexafegs.logret_5d,inner_2023,val,5409,1.0,FULL
fred.fx_indices.dtwexb.level,inner_2019,train,41329,1.0,FULL
fred.fx_indices.dtwexb.level,inner_2019,val,6213,1.0,FULL
fred.fx_indices.dtwexb.level,inner_2020,train,47542,1.0,FULL
fred.fx_indices.dtwexb.level,inner_2020,val,6230,0.01958266452648475,PARTIAL
fred.fx_indices.dtwexb.level,inner_2021,train,53771,0.8881925201316695,PARTIAL
fred.fx_indices.dtwexb.level,inner_2021,val,6219,0.0,NO_COVERAGE
fred.fx_indices.dtwexb.level,inner_2022,train,59966,0.7964346462995697,PARTIAL
fred.fx_indices.dtwexb.level,inner_2022,val,6239,0.0,NO_COVERAGE
fred.fx_indices.dtwexb.level,inner_2023,train,66206,0.7213696643808718,PARTIAL
fred.fx_indices.dtwexb.level,inner_2023,val,5409,0.0,NO_COVERAGE
fred.fx_indices.dtwexb.logret_1d,inner_2019,train,41329,1.0,FULL
fred.fx_indices.dtwexb.logret_1d,inner_2019,val,6213,1.0,FULL
fred.fx_indices.dtwexb.logret_1d,inner_2020,train,47542,1.0,FULL
fred.fx_indices.dtwexb.logret_1d,inner_2020,val,6230,0.01958266452648475,PARTIAL
fred.fx_indices.dtwexb.logret_1d,inner_2021,train,53771,0.8881925201316695,PARTIAL
fred.fx_indices.dtwexb.logret_1d,inner_2021,val,6219,0.0,NO_COVERAGE
fred.fx_indices.dtwexb.logret_1d,inner_2022,train,59966,0.7964346462995697,PARTIAL
fred.fx_indices.dtwexb.logret_1d,inner_2022,val,6239,0.0,NO_COVERAGE
fred.fx_indices.dtwexb.logret_1d,inner_2023,train,66206,0.7213696643808718,PARTIAL
fred.fx_indices.dtwexb.logret_1d,inner_2023,val,5409,0.0,NO_COVERAGE
fred.fx_indices.dtwexb.logret_5d,inner_2019,train,41329,1.0,FULL
fred.fx_indices.dtwexb.logret_5d,inner_2019,val,6213,1.0,FULL
fred.fx_indices.dtwexb.logret_5d,inner_2020,train,47542,1.0,FULL
fred.fx_indices.dtwexb.logret_5d,inner_2020,val,6230,0.01958266452648475,PARTIAL
fred.fx_indices.dtwexb.logret_5d,inner_2021,train,53771,0.8881925201316695,PARTIAL
fred.fx_indices.dtwexb.logret_5d,inner_2021,val,6219,0.0,NO_COVERAGE
fred.fx_indices.dtwexb.logret_5d,inner_2022,train,59966,0.7964346462995697,PARTIAL
fred.fx_indices.dtwexb.logret_5d,inner_2022,val,6239,0.0,NO_COVERAGE
fred.fx_indices.dtwexb.logret_5d,inner_2023,train,66206,0.7213696643808718,PARTIAL
fred.fx_indices.dtwexb.logret_5d,inner_2023,val,5409,0.0,NO_COVERAGE
fred.fx_indices.dtwexbgs.level,inner_2019,train,41329,1.0,FULL
fred.fx_indices.dtwexbgs.level,inner_2019,val,6213,1.0,FULL
fred.fx_indices.dtwexbgs.level,inner_2020,train,47542,1.0,FULL
fred.fx_indices.dtwexbgs.level,inner_2020,val,6230,1.0,FULL
fred.fx_indices.dtwexbgs.level,inner_2021,train,53771,1.0,FULL
fred.fx_indices.dtwexbgs.level,inner_2021,val,6219,1.0,FULL
fred.fx_indices.dtwexbgs.level,inner_2022,train,59966,1.0,FULL
fred.fx_indices.dtwexbgs.level,inner_2022,val,6239,1.0,FULL
fred.fx_indices.dtwexbgs.level,inner_2023,train,66206,1.0,FULL
fred.fx_indices.dtwexbgs.level,inner_2023,val,5409,1.0,FULL
fred.fx_indices.dtwexbgs.logret_1d,inner_2019,train,41329,1.0,FULL
fred.fx_indices.dtwexbgs.logret_1d,inner_2019,val,6213,1.0,FULL
fred.fx_indices.dtwexbgs.logret_1d,inner_2020,train,47542,1.0,FULL
fred.fx_indices.dtwexbgs.logret_1d,inner_2020,val,6230,1.0,FULL
fred.fx_indices.dtwexbgs.logret_1d,inner_2021,train,53771,1.0,FULL
fred.fx_indices.dtwexbgs.logret_1d,inner_2021,val,6219,1.0,FULL
fred.fx_indices.dtwexbgs.logret_1d,inner_2022,train,59966,1.0,FULL
fred.fx_indices.dtwexbgs.logret_1d,inner_2022,val,6239,1.0,FULL
fred.fx_indices.dtwexbgs.logret_1d,inner_2023,train,66206,1.0,FULL
fred.fx_indices.dtwexbgs.logret_1d,inner_2023,val,5409,1.0,FULL
fred.fx_indices.dtwexbgs.logret_5d,inner_2019,train,41329,1.0,FULL
fred.fx_indices.dtwexbgs.logret_5d,inner_2019,val,6213,1.0,FULL
fred.fx_indices.dtwexbgs.logret_5d,inner_2020,train,47542,1.0,FULL
fred.fx_indices.dtwexbgs.logret_5d,inner_2020,val,6230,1.0,FULL
fred.fx_indices.dtwexbgs.logret_5d,inner_2021,train,53771,1.0,FULL
fred.fx_indices.dtwexbgs.logret_5d,inner_2021,val,6219,1.0,FULL
fred.fx_indices.dtwexbgs.logret_5d,inner_2022,train,59966,1.0,FULL
fred.fx_indices.dtwexbgs.logret_5d,inner_2022,val,6239,1.0,FULL
fred.fx_indices.dtwexbgs.logret_5d,inner_2023,train,66206,1.0,FULL
fred.fx_indices.dtwexbgs.logret_5d,inner_2023,val,5409,1.0,FULL
fred.fx_indices.dtwexemegs.level,inner_2019,train,41329,1.0,FULL
fred.fx_indices.dtwexemegs.level,inner_2019,val,6213,1.0,FULL
fred.fx_indices.dtwexemegs.level,inner_2020,train,47542,1.0,FULL
fred.fx_indices.dtwexemegs.level,inner_2020,val,6230,1.0,FULL
fred.fx_indices.dtwexemegs.level,inner_2021,train,53771,1.0,FULL
fred.fx_indices.dtwexemegs.level,inner_2021,val,6219,1.0,FULL
fred.fx_indices.dtwexemegs.level,inner_2022,train,59966,1.0,FULL
fred.fx_indices.dtwexemegs.level,inner_2022,val,6239,1.0,FULL
fred.fx_indices.dtwexemegs.level,inner_2023,train,66206,1.0,FULL
fred.fx_indices.dtwexemegs.level,inner_2023,val,5409,1.0,FULL
fred.fx_indices.dtwexemegs.logret_1d,inner_2019,train,41329,1.0,FULL
fred.fx_indices.dtwexemegs.logret_1d,inner_2019,val,6213,1.0,FULL
fred.fx_indices.dtwexemegs.logret_1d,inner_2020,train,47542,1.0,FULL
fred.fx_indices.dtwexemegs.logret_1d,inner_2020,val,6230,1.0,FULL
fred.fx_indices.dtwexemegs.logret_1d,inner_2021,train,53771,1.0,FULL
fred.fx_indices.dtwexemegs.logret_1d,inner_2021,val,6219,1.0,FULL
fred.fx_indices.dtwexemegs.logret_1d,inner_2022,train,59966,1.0,FULL
fred.fx_indices.dtwexemegs.logret_1d,inner_2022,val,6239,1.0,FULL
fred.fx_indices.dtwexemegs.logret_1d,inner_2023,train,66206,1.0,FULL
fred.fx_indices.dtwexemegs.logret_1d,inner_2023,val,5409,1.0,FULL
fred.fx_indices.dtwexemegs.logret_5d,inner_2019,train,41329,1.0,FULL
fred.fx_indices.dtwexemegs.logret_5d,inner_2019,val,6213,1.0,FULL
fred.fx_indices.dtwexemegs.logret_5d,inner_2020,train,47542,1.0,FULL
fred.fx_indices.dtwexemegs.logret_5d,inner_2020,val,6230,1.0,FULL
fred.fx_indices.dtwexemegs.logret_5d,inner_2021,train,53771,1.0,FULL
fred.fx_indices.dtwexemegs.logret_5d,inner_2021,val,6219,1.0,FULL
fred.fx_indices.dtwexemegs.logret_5d,inner_2022,train,59966,1.0,FULL
fred.fx_indices.dtwexemegs.logret_5d,inner_2022,val,6239,1.0,FULL
fred.fx_indices.dtwexemegs.logret_5d,inner_2023,train,66206,1.0,FULL
fred.fx_indices.dtwexemegs.logret_5d,inner_2023,val,5409,1.0,FULL
fred.fx_indices.dtwexm.level,inner_2019,train,41329,1.0,FULL
fred.fx_indices.dtwexm.level,inner_2019,val,6213,1.0,FULL
fred.fx_indices.dtwexm.level,inner_2020,train,47542,1.0,FULL
fred.fx_indices.dtwexm.level,inner_2020,val,6230,0.01958266452648475,PARTIAL
fred.fx_indices.dtwexm.level,inner_2021,train,53771,0.8881925201316695,PARTIAL
fred.fx_indices.dtwexm.level,inner_2021,val,6219,0.0,NO_COVERAGE
fred.fx_indices.dtwexm.level,inner_2022,train,59966,0.7964346462995697,PARTIAL
fred.fx_indices.dtwexm.level,inner_2022,val,6239,0.0,NO_COVERAGE
fred.fx_indices.dtwexm.level,inner_2023,train,66206,0.7213696643808718,PARTIAL
fred.fx_indices.dtwexm.level,inner_2023,val,5409,0.0,NO_COVERAGE
fred.fx_indices.dtwexm.logret_1d,inner_2019,train,41329,1.0,FULL
fred.fx_indices.dtwexm.logret_1d,inner_2019,val,6213,1.0,FULL
fred.fx_indices.dtwexm.logret_1d,inner_2020,train,47542,1.0,FULL
fred.fx_indices.dtwexm.logret_1d,inner_2020,val,6230,0.01958266452648475,PARTIAL
fred.fx_indices.dtwexm.logret_1d,inner_2021,train,53771,0.8881925201316695,PARTIAL
fred.fx_indices.dtwexm.logret_1d,inner_2021,val,6219,0.0,NO_COVERAGE
fred.fx_indices.dtwexm.logret_1d,inner_2022,train,59966,0.7964346462995697,PARTIAL
fred.fx_indices.dtwexm.logret_1d,inner_2022,val,6239,0.0,NO_COVERAGE
fred.fx_indices.dtwexm.logret_1d,inner_2023,train,66206,0.7213696643808718,PARTIAL
fred.fx_indices.dtwexm.logret_1d,inner_2023,val,5409,0.0,NO_COVERAGE
fred.fx_indices.dtwexm.logret_5d,inner_2019,train,41329,1.0,FULL
fred.fx_indices.dtwexm.logret_5d,inner_2019,val,6213,1.0,FULL
fred.fx_indices.dtwexm.logret_5d,inner_2020,train,47542,1.0,FULL
fred.fx_indices.dtwexm.logret_5d,inner_2020,val,6230,0.01958266452648475,PARTIAL
fred.fx_indices.dtwexm.logret_5d,inner_2021,train,53771,0.8881925201316695,PARTIAL
fred.fx_indices.dtwexm.logret_5d,inner_2021,val,6219,0.0,NO_COVERAGE
fred.fx_indices.dtwexm.logret_5d,inner_2022,train,59966,0.7964346462995697,PARTIAL
fred.fx_indices.dtwexm.logret_5d,inner_2022,val,6239,0.0,NO_COVERAGE
fred.fx_indices.dtwexm.logret_5d,inner_2023,train,66206,0.7213696643808718,PARTIAL
fred.fx_indices.dtwexm.logret_5d,inner_2023,val,5409,0.0,NO_COVERAGE
fred.inflation_expectations.t10yie.level,inner_2019,train,41329,1.0,FULL
fred.inflation_expectations.t10yie.level,inner_2019,val,6213,1.0,FULL
fred.inflation_expectations.t10yie.level,inner_2020,train,47542,1.0,FULL
fred.inflation_expectations.t10yie.level,inner_2020,val,6230,1.0,FULL
fred.inflation_expectations.t10yie.level,inner_2021,train,53771,1.0,FULL
fred.inflation_expectations.t10yie.level,inner_2021,val,6219,1.0,FULL
fred.inflation_expectations.t10yie.level,inner_2022,train,59966,1.0,FULL
fred.inflation_expectations.t10yie.level,inner_2022,val,6239,1.0,FULL
fred.inflation_expectations.t10yie.level,inner_2023,train,66206,1.0,FULL
fred.inflation_expectations.t10yie.level,inner_2023,val,5409,1.0,FULL
fred.inflation_expectations.t10yie.logret_1d,inner_2019,train,41329,1.0,FULL
fred.inflation_expectations.t10yie.logret_1d,inner_2019,val,6213,1.0,FULL
fred.inflation_expectations.t10yie.logret_1d,inner_2020,train,47542,1.0,FULL
fred.inflation_expectations.t10yie.logret_1d,inner_2020,val,6230,1.0,FULL
fred.inflation_expectations.t10yie.logret_1d,inner_2021,train,53771,1.0,FULL
fred.inflation_expectations.t10yie.logret_1d,inner_2021,val,6219,1.0,FULL
fred.inflation_expectations.t10yie.logret_1d,inner_2022,train,59966,1.0,FULL
fred.inflation_expectations.t10yie.logret_1d,inner_2022,val,6239,1.0,FULL
fred.inflation_expectations.t10yie.logret_1d,inner_2023,train,66206,1.0,FULL
fred.inflation_expectations.t10yie.logret_1d,inner_2023,val,5409,1.0,FULL
fred.inflation_expectations.t10yie.logret_5d,inner_2019,train,41329,1.0,FULL
fred.inflation_expectations.t10yie.logret_5d,inner_2019,val,6213,1.0,FULL
fred.inflation_expectations.t10yie.logret_5d,inner_2020,train,47542,1.0,FULL
fred.inflation_expectations.t10yie.logret_5d,inner_2020,val,6230,1.0,FULL
fred.inflation_expectations.t10yie.logret_5d,inner_2021,train,53771,1.0,FULL
fred.inflation_expectations.t10yie.logret_5d,inner_2021,val,6219,1.0,FULL
fred.inflation_expectations.t10yie.logret_5d,inner_2022,train,59966,1.0,FULL
fred.inflation_expectations.t10yie.logret_5d,inner_2022,val,6239,1.0,FULL
fred.inflation_expectations.t10yie.logret_5d,inner_2023,train,66206,1.0,FULL
fred.inflation_expectations.t10yie.logret_5d,inner_2023,val,5409,1.0,FULL
fred.inflation_expectations.t5yie.level,inner_2019,train,41329,1.0,FULL
fred.inflation_expectations.t5yie.level,inner_2019,val,6213,1.0,FULL
fred.inflation_expectations.t5yie.level,inner_2020,train,47542,1.0,FULL
fred.inflation_expectations.t5yie.level,inner_2020,val,6230,1.0,FULL
fred.inflation_expectations.t5yie.level,inner_2021,train,53771,1.0,FULL
fred.inflation_expectations.t5yie.level,inner_2021,val,6219,1.0,FULL
fred.inflation_expectations.t5yie.level,inner_2022,train,59966,1.0,FULL
fred.inflation_expectations.t5yie.level,inner_2022,val,6239,1.0,FULL
fred.inflation_expectations.t5yie.level,inner_2023,train,66206,1.0,FULL
fred.inflation_expectations.t5yie.level,inner_2023,val,5409,1.0,FULL
fred.inflation_expectations.t5yie.diff_1d,inner_2019,train,41329,1.0,FULL
fred.inflation_expectations.t5yie.diff_1d,inner_2019,val,6213,1.0,FULL
fred.inflation_expectations.t5yie.diff_1d,inner_2020,train,47542,1.0,FULL
fred.inflation_expectations.t5yie.diff_1d,inner_2020,val,6230,1.0,FULL
fred.inflation_expectations.t5yie.diff_1d,inner_2021,train,53771,1.0,FULL
fred.inflation_expectations.t5yie.diff_1d,inner_2021,val,6219,1.0,FULL
fred.inflation_expectations.t5yie.diff_1d,inner_2022,train,59966,1.0,FULL
fred.inflation_expectations.t5yie.diff_1d,inner_2022,val,6239,1.0,FULL
fred.inflation_expectations.t5yie.diff_1d,inner_2023,train,66206,1.0,FULL
fred.inflation_expectations.t5yie.diff_1d,inner_2023,val,5409,1.0,FULL
fred.inflation_expectations.t5yie.diff_5d,inner_2019,train,41329,1.0,FULL
fred.inflation_expectations.t5yie.diff_5d,inner_2019,val,6213,1.0,FULL
fred.inflation_expectations.t5yie.diff_5d,inner_2020,train,47542,1.0,FULL
fred.inflation_expectations.t5yie.diff_5d,inner_2020,val,6230,1.0,FULL
fred.inflation_expectations.t5yie.diff_5d,inner_2021,train,53771,1.0,FULL
fred.inflation_expectations.t5yie.diff_5d,inner_2021,val,6219,1.0,FULL
fred.inflation_expectations.t5yie.diff_5d,inner_2022,train,59966,1.0,FULL
fred.inflation_expectations.t5yie.diff_5d,inner_2022,val,6239,1.0,FULL
fred.inflation_expectations.t5yie.diff_5d,inner_2023,train,66206,1.0,FULL
fred.inflation_expectations.t5yie.diff_5d,inner_2023,val,5409,1.0,FULL
fred.inflation_expectations.t5yifr.level,inner_2019,train,41329,1.0,FULL
fred.inflation_expectations.t5yifr.level,inner_2019,val,6213,1.0,FULL
fred.inflation_expectations.t5yifr.level,inner_2020,train,47542,1.0,FULL
fred.inflation_expectations.t5yifr.level,inner_2020,val,6230,1.0,FULL
fred.inflation_expectations.t5yifr.level,inner_2021,train,53771,1.0,FULL
fred.inflation_expectations.t5yifr.level,inner_2021,val,6219,1.0,FULL
fred.inflation_expectations.t5yifr.level,inner_2022,train,59966,1.0,FULL
fred.inflation_expectations.t5yifr.level,inner_2022,val,6239,1.0,FULL
fred.inflation_expectations.t5yifr.level,inner_2023,train,66206,1.0,FULL
fred.inflation_expectations.t5yifr.level,inner_2023,val,5409,1.0,FULL
fred.inflation_expectations.t5yifr.logret_1d,inner_2019,train,41329,1.0,FULL
fred.inflation_expectations.t5yifr.logret_1d,inner_2019,val,6213,1.0,FULL
fred.inflation_expectations.t5yifr.logret_1d,inner_2020,train,47542,1.0,FULL
fred.inflation_expectations.t5yifr.logret_1d,inner_2020,val,6230,1.0,FULL
fred.inflation_expectations.t5yifr.logret_1d,inner_2021,train,53771,1.0,FULL
fred.inflation_expectations.t5yifr.logret_1d,inner_2021,val,6219,1.0,FULL
fred.inflation_expectations.t5yifr.logret_1d,inner_2022,train,59966,1.0,FULL
fred.inflation_expectations.t5yifr.logret_1d,inner_2022,val,6239,1.0,FULL
fred.inflation_expectations.t5yifr.logret_1d,inner_2023,train,66206,1.0,FULL
fred.inflation_expectations.t5yifr.logret_1d,inner_2023,val,5409,1.0,FULL
fred.inflation_expectations.t5yifr.logret_5d,inner_2019,train,41329,1.0,FULL
fred.inflation_expectations.t5yifr.logret_5d,inner_2019,val,6213,1.0,FULL
fred.inflation_expectations.t5yifr.logret_5d,inner_2020,train,47542,1.0,FULL
fred.inflation_expectations.t5yifr.logret_5d,inner_2020,val,6230,1.0,FULL
fred.inflation_expectations.t5yifr.logret_5d,inner_2021,train,53771,1.0,FULL
fred.inflation_expectations.t5yifr.logret_5d,inner_2021,val,6219,1.0,FULL
fred.inflation_expectations.t5yifr.logret_5d,inner_2022,train,59966,1.0,FULL
fred.inflation_expectations.t5yifr.logret_5d,inner_2022,val,6239,1.0,FULL
fred.inflation_expectations.t5yifr.logret_5d,inner_2023,train,66206,1.0,FULL
fred.inflation_expectations.t5yifr.logret_5d,inner_2023,val,5409,1.0,FULL
fred.rates.dff.level,inner_2019,train,41329,1.0,FULL
fred.rates.dff.level,inner_2019,val,6213,1.0,FULL
fred.rates.dff.level,inner_2020,train,47542,1.0,FULL
fred.rates.dff.level,inner_2020,val,6230,1.0,FULL
fred.rates.dff.level,inner_2021,train,53771,1.0,FULL
fred.rates.dff.level,inner_2021,val,6219,1.0,FULL
fred.rates.dff.level,inner_2022,train,59966,1.0,FULL
fred.rates.dff.level,inner_2022,val,6239,1.0,FULL
fred.rates.dff.level,inner_2023,train,66206,1.0,FULL
fred.rates.dff.level,inner_2023,val,5409,1.0,FULL
fred.rates.dff.logret_1d,inner_2019,train,41329,1.0,FULL
fred.rates.dff.logret_1d,inner_2019,val,6213,1.0,FULL
fred.rates.dff.logret_1d,inner_2020,train,47542,1.0,FULL
fred.rates.dff.logret_1d,inner_2020,val,6230,1.0,FULL
fred.rates.dff.logret_1d,inner_2021,train,53771,1.0,FULL
fred.rates.dff.logret_1d,inner_2021,val,6219,1.0,FULL
fred.rates.dff.logret_1d,inner_2022,train,59966,1.0,FULL
fred.rates.dff.logret_1d,inner_2022,val,6239,1.0,FULL
fred.rates.dff.logret_1d,inner_2023,train,66206,1.0,FULL
fred.rates.dff.logret_1d,inner_2023,val,5409,1.0,FULL
fred.rates.dff.logret_5d,inner_2019,train,41329,1.0,FULL
fred.rates.dff.logret_5d,inner_2019,val,6213,1.0,FULL
fred.rates.dff.logret_5d,inner_2020,train,47542,1.0,FULL
fred.rates.dff.logret_5d,inner_2020,val,6230,1.0,FULL
fred.rates.dff.logret_5d,inner_2021,train,53771,1.0,FULL
fred.rates.dff.logret_5d,inner_2021,val,6219,1.0,FULL
fred.rates.dff.logret_5d,inner_2022,train,59966,1.0,FULL
fred.rates.dff.logret_5d,inner_2022,val,6239,1.0,FULL
fred.rates.dff.logret_5d,inner_2023,train,66206,1.0,FULL
fred.rates.dff.logret_5d,inner_2023,val,5409,1.0,FULL
fred.rates.dfii10.level,inner_2019,train,41329,1.0,FULL
fred.rates.dfii10.level,inner_2019,val,6213,1.0,FULL
fred.rates.dfii10.level,inner_2020,train,47542,1.0,FULL
fred.rates.dfii10.level,inner_2020,val,6230,1.0,FULL
fred.rates.dfii10.level,inner_2021,train,53771,1.0,FULL
fred.rates.dfii10.level,inner_2021,val,6219,1.0,FULL
fred.rates.dfii10.level,inner_2022,train,59966,1.0,FULL
fred.rates.dfii10.level,inner_2022,val,6239,1.0,FULL
fred.rates.dfii10.level,inner_2023,train,66206,1.0,FULL
fred.rates.dfii10.level,inner_2023,val,5409,1.0,FULL
fred.rates.dfii10.diff_1d,inner_2019,train,41329,1.0,FULL
fred.rates.dfii10.diff_1d,inner_2019,val,6213,1.0,FULL
fred.rates.dfii10.diff_1d,inner_2020,train,47542,1.0,FULL
fred.rates.dfii10.diff_1d,inner_2020,val,6230,1.0,FULL
fred.rates.dfii10.diff_1d,inner_2021,train,53771,1.0,FULL
fred.rates.dfii10.diff_1d,inner_2021,val,6219,1.0,FULL
fred.rates.dfii10.diff_1d,inner_2022,train,59966,1.0,FULL
fred.rates.dfii10.diff_1d,inner_2022,val,6239,1.0,FULL
fred.rates.dfii10.diff_1d,inner_2023,train,66206,1.0,FULL
fred.rates.dfii10.diff_1d,inner_2023,val,5409,1.0,FULL
fred.rates.dfii10.diff_5d,inner_2019,train,41329,1.0,FULL
fred.rates.dfii10.diff_5d,inner_2019,val,6213,1.0,FULL
fred.rates.dfii10.diff_5d,inner_2020,train,47542,1.0,FULL
fred.rates.dfii10.diff_5d,inner_2020,val,6230,1.0,FULL
fred.rates.dfii10.diff_5d,inner_2021,train,53771,1.0,FULL
fred.rates.dfii10.diff_5d,inner_2021,val,6219,1.0,FULL
fred.rates.dfii10.diff_5d,inner_2022,train,59966,1.0,FULL
fred.rates.dfii10.diff_5d,inner_2022,val,6239,1.0,FULL
fred.rates.dfii10.diff_5d,inner_2023,train,66206,1.0,FULL
fred.rates.dfii10.diff_5d,inner_2023,val,5409,1.0,FULL
fred.rates.dfii5.level,inner_2019,train,41329,1.0,FULL
fred.rates.dfii5.level,inner_2019,val,6213,1.0,FULL
fred.rates.dfii5.level,inner_2020,train,47542,1.0,FULL
fred.rates.dfii5.level,inner_2020,val,6230,1.0,FULL
fred.rates.dfii5.level,inner_2021,train,53771,1.0,FULL
fred.rates.dfii5.level,inner_2021,val,6219,1.0,FULL
fred.rates.dfii5.level,inner_2022,train,59966,1.0,FULL
fred.rates.dfii5.level,inner_2022,val,6239,1.0,FULL
fred.rates.dfii5.level,inner_2023,train,66206,1.0,FULL
fred.rates.dfii5.level,inner_2023,val,5409,1.0,FULL
fred.rates.dfii5.diff_1d,inner_2019,train,41329,1.0,FULL
fred.rates.dfii5.diff_1d,inner_2019,val,6213,1.0,FULL
fred.rates.dfii5.diff_1d,inner_2020,train,47542,1.0,FULL
fred.rates.dfii5.diff_1d,inner_2020,val,6230,1.0,FULL
fred.rates.dfii5.diff_1d,inner_2021,train,53771,1.0,FULL
fred.rates.dfii5.diff_1d,inner_2021,val,6219,1.0,FULL
fred.rates.dfii5.diff_1d,inner_2022,train,59966,1.0,FULL
fred.rates.dfii5.diff_1d,inner_2022,val,6239,1.0,FULL
fred.rates.dfii5.diff_1d,inner_2023,train,66206,1.0,FULL
fred.rates.dfii5.diff_1d,inner_2023,val,5409,1.0,FULL
fred.rates.dfii5.diff_5d,inner_2019,train,41329,1.0,FULL
fred.rates.dfii5.diff_5d,inner_2019,val,6213,1.0,FULL
fred.rates.dfii5.diff_5d,inner_2020,train,47542,1.0,FULL
fred.rates.dfii5.diff_5d,inner_2020,val,6230,1.0,FULL
fred.rates.dfii5.diff_5d,inner_2021,train,53771,1.0,FULL
fred.rates.dfii5.diff_5d,inner_2021,val,6219,1.0,FULL
fred.rates.dfii5.diff_5d,inner_2022,train,59966,1.0,FULL
fred.rates.dfii5.diff_5d,inner_2022,val,6239,1.0,FULL
fred.rates.dfii5.diff_5d,inner_2023,train,66206,1.0,FULL
fred.rates.dfii5.diff_5d,inner_2023,val,5409,1.0,FULL
fred.rates.dgs1.level,inner_2019,train,41329,1.0,FULL
fred.rates.dgs1.level,inner_2019,val,6213,1.0,FULL
fred.rates.dgs1.level,inner_2020,train,47542,1.0,FULL
fred.rates.dgs1.level,inner_2020,val,6230,1.0,FULL
fred.rates.dgs1.level,inner_2021,train,53771,1.0,FULL
fred.rates.dgs1.level,inner_2021,val,6219,1.0,FULL
fred.rates.dgs1.level,inner_2022,train,59966,1.0,FULL
fred.rates.dgs1.level,inner_2022,val,6239,1.0,FULL
fred.rates.dgs1.level,inner_2023,train,66206,1.0,FULL
fred.rates.dgs1.level,inner_2023,val,5409,1.0,FULL
fred.rates.dgs1.logret_1d,inner_2019,train,41329,1.0,FULL
fred.rates.dgs1.logret_1d,inner_2019,val,6213,1.0,FULL
fred.rates.dgs1.logret_1d,inner_2020,train,47542,1.0,FULL
fred.rates.dgs1.logret_1d,inner_2020,val,6230,1.0,FULL
fred.rates.dgs1.logret_1d,inner_2021,train,53771,1.0,FULL
fred.rates.dgs1.logret_1d,inner_2021,val,6219,1.0,FULL
fred.rates.dgs1.logret_1d,inner_2022,train,59966,1.0,FULL
fred.rates.dgs1.logret_1d,inner_2022,val,6239,1.0,FULL
fred.rates.dgs1.logret_1d,inner_2023,train,66206,1.0,FULL
fred.rates.dgs1.logret_1d,inner_2023,val,5409,1.0,FULL
fred.rates.dgs1.logret_5d,inner_2019,train,41329,1.0,FULL
fred.rates.dgs1.logret_5d,inner_2019,val,6213,1.0,FULL
fred.rates.dgs1.logret_5d,inner_2020,train,47542,1.0,FULL
fred.rates.dgs1.logret_5d,inner_2020,val,6230,1.0,FULL
fred.rates.dgs1.logret_5d,inner_2021,train,53771,1.0,FULL
fred.rates.dgs1.logret_5d,inner_2021,val,6219,1.0,FULL
fred.rates.dgs1.logret_5d,inner_2022,train,59966,1.0,FULL
fred.rates.dgs1.logret_5d,inner_2022,val,6239,1.0,FULL
fred.rates.dgs1.logret_5d,inner_2023,train,66206,1.0,FULL
fred.rates.dgs1.logret_5d,inner_2023,val,5409,1.0,FULL
fred.rates.dgs10.level,inner_2019,train,41329,1.0,FULL
fred.rates.dgs10.level,inner_2019,val,6213,1.0,FULL
fred.rates.dgs10.level,inner_2020,train,47542,1.0,FULL
fred.rates.dgs10.level,inner_2020,val,6230,1.0,FULL
fred.rates.dgs10.level,inner_2021,train,53771,1.0,FULL
fred.rates.dgs10.level,inner_2021,val,6219,1.0,FULL
fred.rates.dgs10.level,inner_2022,train,59966,1.0,FULL
fred.rates.dgs10.level,inner_2022,val,6239,1.0,FULL
fred.rates.dgs10.level,inner_2023,train,66206,1.0,FULL
fred.rates.dgs10.level,inner_2023,val,5409,1.0,FULL
fred.rates.dgs10.logret_1d,inner_2019,train,41329,1.0,FULL
fred.rates.dgs10.logret_1d,inner_2019,val,6213,1.0,FULL
fred.rates.dgs10.logret_1d,inner_2020,train,47542,1.0,FULL
fred.rates.dgs10.logret_1d,inner_2020,val,6230,1.0,FULL
fred.rates.dgs10.logret_1d,inner_2021,train,53771,1.0,FULL
fred.rates.dgs10.logret_1d,inner_2021,val,6219,1.0,FULL
fred.rates.dgs10.logret_1d,inner_2022,train,59966,1.0,FULL
fred.rates.dgs10.logret_1d,inner_2022,val,6239,1.0,FULL
fred.rates.dgs10.logret_1d,inner_2023,train,66206,1.0,FULL
fred.rates.dgs10.logret_1d,inner_2023,val,5409,1.0,FULL
fred.rates.dgs10.logret_5d,inner_2019,train,41329,1.0,FULL
fred.rates.dgs10.logret_5d,inner_2019,val,6213,1.0,FULL
fred.rates.dgs10.logret_5d,inner_2020,train,47542,1.0,FULL
fred.rates.dgs10.logret_5d,inner_2020,val,6230,1.0,FULL
fred.rates.dgs10.logret_5d,inner_2021,train,53771,1.0,FULL
fred.rates.dgs10.logret_5d,inner_2021,val,6219,1.0,FULL
fred.rates.dgs10.logret_5d,inner_2022,train,59966,1.0,FULL
fred.rates.dgs10.logret_5d,inner_2022,val,6239,1.0,FULL
fred.rates.dgs10.logret_5d,inner_2023,train,66206,1.0,FULL
fred.rates.dgs10.logret_5d,inner_2023,val,5409,1.0,FULL
fred.rates.dgs2.level,inner_2019,train,41329,1.0,FULL
fred.rates.dgs2.level,inner_2019,val,6213,1.0,FULL
fred.rates.dgs2.level,inner_2020,train,47542,1.0,FULL
fred.rates.dgs2.level,inner_2020,val,6230,1.0,FULL
fred.rates.dgs2.level,inner_2021,train,53771,1.0,FULL
fred.rates.dgs2.level,inner_2021,val,6219,1.0,FULL
fred.rates.dgs2.level,inner_2022,train,59966,1.0,FULL
fred.rates.dgs2.level,inner_2022,val,6239,1.0,FULL
fred.rates.dgs2.level,inner_2023,train,66206,1.0,FULL
fred.rates.dgs2.level,inner_2023,val,5409,1.0,FULL
fred.rates.dgs2.logret_1d,inner_2019,train,41329,1.0,FULL
fred.rates.dgs2.logret_1d,inner_2019,val,6213,1.0,FULL
fred.rates.dgs2.logret_1d,inner_2020,train,47542,1.0,FULL
fred.rates.dgs2.logret_1d,inner_2020,val,6230,1.0,FULL
fred.rates.dgs2.logret_1d,inner_2021,train,53771,1.0,FULL
fred.rates.dgs2.logret_1d,inner_2021,val,6219,1.0,FULL
fred.rates.dgs2.logret_1d,inner_2022,train,59966,1.0,FULL
fred.rates.dgs2.logret_1d,inner_2022,val,6239,1.0,FULL
fred.rates.dgs2.logret_1d,inner_2023,train,66206,1.0,FULL
fred.rates.dgs2.logret_1d,inner_2023,val,5409,1.0,FULL
fred.rates.dgs2.logret_5d,inner_2019,train,41329,1.0,FULL
fred.rates.dgs2.logret_5d,inner_2019,val,6213,1.0,FULL
fred.rates.dgs2.logret_5d,inner_2020,train,47542,1.0,FULL
fred.rates.dgs2.logret_5d,inner_2020,val,6230,1.0,FULL
fred.rates.dgs2.logret_5d,inner_2021,train,53771,1.0,FULL
fred.rates.dgs2.logret_5d,inner_2021,val,6219,1.0,FULL
fred.rates.dgs2.logret_5d,inner_2022,train,59966,1.0,FULL
fred.rates.dgs2.logret_5d,inner_2022,val,6239,1.0,FULL
fred.rates.dgs2.logret_5d,inner_2023,train,66206,1.0,FULL
fred.rates.dgs2.logret_5d,inner_2023,val,5409,1.0,FULL
fred.rates.dgs20.level,inner_2019,train,41329,1.0,FULL
fred.rates.dgs20.level,inner_2019,val,6213,1.0,FULL
fred.rates.dgs20.level,inner_2020,train,47542,1.0,FULL
fred.rates.dgs20.level,inner_2020,val,6230,1.0,FULL
fred.rates.dgs20.level,inner_2021,train,53771,1.0,FULL
fred.rates.dgs20.level,inner_2021,val,6219,1.0,FULL
fred.rates.dgs20.level,inner_2022,train,59966,1.0,FULL
fred.rates.dgs20.level,inner_2022,val,6239,1.0,FULL
fred.rates.dgs20.level,inner_2023,train,66206,1.0,FULL
fred.rates.dgs20.level,inner_2023,val,5409,1.0,FULL
fred.rates.dgs20.logret_1d,inner_2019,train,41329,1.0,FULL
fred.rates.dgs20.logret_1d,inner_2019,val,6213,1.0,FULL
fred.rates.dgs20.logret_1d,inner_2020,train,47542,1.0,FULL
fred.rates.dgs20.logret_1d,inner_2020,val,6230,1.0,FULL
fred.rates.dgs20.logret_1d,inner_2021,train,53771,1.0,FULL
fred.rates.dgs20.logret_1d,inner_2021,val,6219,1.0,FULL
fred.rates.dgs20.logret_1d,inner_2022,train,59966,1.0,FULL
fred.rates.dgs20.logret_1d,inner_2022,val,6239,1.0,FULL
fred.rates.dgs20.logret_1d,inner_2023,train,66206,1.0,FULL
fred.rates.dgs20.logret_1d,inner_2023,val,5409,1.0,FULL
fred.rates.dgs20.logret_5d,inner_2019,train,41329,1.0,FULL
fred.rates.dgs20.logret_5d,inner_2019,val,6213,1.0,FULL
fred.rates.dgs20.logret_5d,inner_2020,train,47542,1.0,FULL
fred.rates.dgs20.logret_5d,inner_2020,val,6230,1.0,FULL
fred.rates.dgs20.logret_5d,inner_2021,train,53771,1.0,FULL
fred.rates.dgs20.logret_5d,inner_2021,val,6219,1.0,FULL
fred.rates.dgs20.logret_5d,inner_2022,train,59966,1.0,FULL
fred.rates.dgs20.logret_5d,inner_2022,val,6239,1.0,FULL
fred.rates.dgs20.logret_5d,inner_2023,train,66206,1.0,FULL
fred.rates.dgs20.logret_5d,inner_2023,val,5409,1.0,FULL
fred.rates.dgs30.level,inner_2019,train,41329,1.0,FULL
fred.rates.dgs30.level,inner_2019,val,6213,1.0,FULL
fred.rates.dgs30.level,inner_2020,train,47542,1.0,FULL
fred.rates.dgs30.level,inner_2020,val,6230,1.0,FULL
fred.rates.dgs30.level,inner_2021,train,53771,1.0,FULL
fred.rates.dgs30.level,inner_2021,val,6219,1.0,FULL
fred.rates.dgs30.level,inner_2022,train,59966,1.0,FULL
fred.rates.dgs30.level,inner_2022,val,6239,1.0,FULL
fred.rates.dgs30.level,inner_2023,train,66206,1.0,FULL
fred.rates.dgs30.level,inner_2023,val,5409,1.0,FULL
fred.rates.dgs30.logret_1d,inner_2019,train,41329,1.0,FULL
fred.rates.dgs30.logret_1d,inner_2019,val,6213,1.0,FULL
fred.rates.dgs30.logret_1d,inner_2020,train,47542,1.0,FULL
fred.rates.dgs30.logret_1d,inner_2020,val,6230,1.0,FULL
fred.rates.dgs30.logret_1d,inner_2021,train,53771,1.0,FULL
fred.rates.dgs30.logret_1d,inner_2021,val,6219,1.0,FULL
fred.rates.dgs30.logret_1d,inner_2022,train,59966,1.0,FULL
fred.rates.dgs30.logret_1d,inner_2022,val,6239,1.0,FULL
fred.rates.dgs30.logret_1d,inner_2023,train,66206,1.0,FULL
fred.rates.dgs30.logret_1d,inner_2023,val,5409,1.0,FULL
fred.rates.dgs30.logret_5d,inner_2019,train,41329,1.0,FULL
fred.rates.dgs30.logret_5d,inner_2019,val,6213,1.0,FULL
fred.rates.dgs30.logret_5d,inner_2020,train,47542,1.0,FULL
fred.rates.dgs30.logret_5d,inner_2020,val,6230,1.0,FULL
fred.rates.dgs30.logret_5d,inner_2021,train,53771,1.0,FULL
fred.rates.dgs30.logret_5d,inner_2021,val,6219,1.0,FULL
fred.rates.dgs30.logret_5d,inner_2022,train,59966,1.0,FULL
fred.rates.dgs30.logret_5d,inner_2022,val,6239,1.0,FULL
fred.rates.dgs30.logret_5d,inner_2023,train,66206,1.0,FULL
fred.rates.dgs30.logret_5d,inner_2023,val,5409,1.0,FULL
fred.rates.dgs3mo.level,inner_2019,train,41329,1.0,FULL
fred.rates.dgs3mo.level,inner_2019,val,6213,1.0,FULL
fred.rates.dgs3mo.level,inner_2020,train,47542,1.0,FULL
fred.rates.dgs3mo.level,inner_2020,val,6230,1.0,FULL
fred.rates.dgs3mo.level,inner_2021,train,53771,1.0,FULL
fred.rates.dgs3mo.level,inner_2021,val,6219,1.0,FULL
fred.rates.dgs3mo.level,inner_2022,train,59966,1.0,FULL
fred.rates.dgs3mo.level,inner_2022,val,6239,1.0,FULL
fred.rates.dgs3mo.level,inner_2023,train,66206,1.0,FULL
fred.rates.dgs3mo.level,inner_2023,val,5409,1.0,FULL
fred.rates.dgs3mo.diff_1d,inner_2019,train,41329,1.0,FULL
fred.rates.dgs3mo.diff_1d,inner_2019,val,6213,1.0,FULL
fred.rates.dgs3mo.diff_1d,inner_2020,train,47542,1.0,FULL
fred.rates.dgs3mo.diff_1d,inner_2020,val,6230,1.0,FULL
fred.rates.dgs3mo.diff_1d,inner_2021,train,53771,1.0,FULL
fred.rates.dgs3mo.diff_1d,inner_2021,val,6219,1.0,FULL
fred.rates.dgs3mo.diff_1d,inner_2022,train,59966,1.0,FULL
fred.rates.dgs3mo.diff_1d,inner_2022,val,6239,1.0,FULL
fred.rates.dgs3mo.diff_1d,inner_2023,train,66206,1.0,FULL
fred.rates.dgs3mo.diff_1d,inner_2023,val,5409,1.0,FULL
fred.rates.dgs3mo.diff_5d,inner_2019,train,41329,1.0,FULL
fred.rates.dgs3mo.diff_5d,inner_2019,val,6213,1.0,FULL
fred.rates.dgs3mo.diff_5d,inner_2020,train,47542,1.0,FULL
fred.rates.dgs3mo.diff_5d,inner_2020,val,6230,1.0,FULL
fred.rates.dgs3mo.diff_5d,inner_2021,train,53771,1.0,FULL
fred.rates.dgs3mo.diff_5d,inner_2021,val,6219,1.0,FULL
fred.rates.dgs3mo.diff_5d,inner_2022,train,59966,1.0,FULL
fred.rates.dgs3mo.diff_5d,inner_2022,val,6239,1.0,FULL
fred.rates.dgs3mo.diff_5d,inner_2023,train,66206,1.0,FULL
fred.rates.dgs3mo.diff_5d,inner_2023,val,5409,1.0,FULL
fred.rates.dgs5.level,inner_2019,train,41329,1.0,FULL
fred.rates.dgs5.level,inner_2019,val,6213,1.0,FULL
fred.rates.dgs5.level,inner_2020,train,47542,1.0,FULL
fred.rates.dgs5.level,inner_2020,val,6230,1.0,FULL
fred.rates.dgs5.level,inner_2021,train,53771,1.0,FULL
fred.rates.dgs5.level,inner_2021,val,6219,1.0,FULL
fred.rates.dgs5.level,inner_2022,train,59966,1.0,FULL
fred.rates.dgs5.level,inner_2022,val,6239,1.0,FULL
fred.rates.dgs5.level,inner_2023,train,66206,1.0,FULL
fred.rates.dgs5.level,inner_2023,val,5409,1.0,FULL
fred.rates.dgs5.logret_1d,inner_2019,train,41329,1.0,FULL
fred.rates.dgs5.logret_1d,inner_2019,val,6213,1.0,FULL
fred.rates.dgs5.logret_1d,inner_2020,train,47542,1.0,FULL
fred.rates.dgs5.logret_1d,inner_2020,val,6230,1.0,FULL
fred.rates.dgs5.logret_1d,inner_2021,train,53771,1.0,FULL
fred.rates.dgs5.logret_1d,inner_2021,val,6219,1.0,FULL
fred.rates.dgs5.logret_1d,inner_2022,train,59966,1.0,FULL
fred.rates.dgs5.logret_1d,inner_2022,val,6239,1.0,FULL
fred.rates.dgs5.logret_1d,inner_2023,train,66206,1.0,FULL
fred.rates.dgs5.logret_1d,inner_2023,val,5409,1.0,FULL
fred.rates.dgs5.logret_5d,inner_2019,train,41329,1.0,FULL
fred.rates.dgs5.logret_5d,inner_2019,val,6213,1.0,FULL
fred.rates.dgs5.logret_5d,inner_2020,train,47542,1.0,FULL
fred.rates.dgs5.logret_5d,inner_2020,val,6230,1.0,FULL
fred.rates.dgs5.logret_5d,inner_2021,train,53771,1.0,FULL
fred.rates.dgs5.logret_5d,inner_2021,val,6219,1.0,FULL
fred.rates.dgs5.logret_5d,inner_2022,train,59966,1.0,FULL
fred.rates.dgs5.logret_5d,inner_2022,val,6239,1.0,FULL
fred.rates.dgs5.logret_5d,inner_2023,train,66206,1.0,FULL
fred.rates.dgs5.logret_5d,inner_2023,val,5409,1.0,FULL
fred.rates.dgs7.level,inner_2019,train,41329,1.0,FULL
fred.rates.dgs7.level,inner_2019,val,6213,1.0,FULL
fred.rates.dgs7.level,inner_2020,train,47542,1.0,FULL
fred.rates.dgs7.level,inner_2020,val,6230,1.0,FULL
fred.rates.dgs7.level,inner_2021,train,53771,1.0,FULL
fred.rates.dgs7.level,inner_2021,val,6219,1.0,FULL
fred.rates.dgs7.level,inner_2022,train,59966,1.0,FULL
fred.rates.dgs7.level,inner_2022,val,6239,1.0,FULL
fred.rates.dgs7.level,inner_2023,train,66206,1.0,FULL
fred.rates.dgs7.level,inner_2023,val,5409,1.0,FULL
fred.rates.dgs7.logret_1d,inner_2019,train,41329,1.0,FULL
fred.rates.dgs7.logret_1d,inner_2019,val,6213,1.0,FULL
fred.rates.dgs7.logret_1d,inner_2020,train,47542,1.0,FULL
fred.rates.dgs7.logret_1d,inner_2020,val,6230,1.0,FULL
fred.rates.dgs7.logret_1d,inner_2021,train,53771,1.0,FULL
fred.rates.dgs7.logret_1d,inner_2021,val,6219,1.0,FULL
fred.rates.dgs7.logret_1d,inner_2022,train,59966,1.0,FULL
fred.rates.dgs7.logret_1d,inner_2022,val,6239,1.0,FULL
fred.rates.dgs7.logret_1d,inner_2023,train,66206,1.0,FULL
fred.rates.dgs7.logret_1d,inner_2023,val,5409,1.0,FULL
fred.rates.dgs7.logret_5d,inner_2019,train,41329,1.0,FULL
fred.rates.dgs7.logret_5d,inner_2019,val,6213,1.0,FULL
fred.rates.dgs7.logret_5d,inner_2020,train,47542,1.0,FULL
fred.rates.dgs7.logret_5d,inner_2020,val,6230,1.0,FULL
fred.rates.dgs7.logret_5d,inner_2021,train,53771,1.0,FULL
fred.rates.dgs7.logret_5d,inner_2021,val,6219,1.0,FULL
fred.rates.dgs7.logret_5d,inner_2022,train,59966,1.0,FULL
fred.rates.dgs7.logret_5d,inner_2022,val,6239,1.0,FULL
fred.rates.dgs7.logret_5d,inner_2023,train,66206,1.0,FULL
fred.rates.dgs7.logret_5d,inner_2023,val,5409,1.0,FULL
fred.rates.dprime.level,inner_2019,train,41329,1.0,FULL
fred.rates.dprime.level,inner_2019,val,6213,1.0,FULL
fred.rates.dprime.level,inner_2020,train,47542,1.0,FULL
fred.rates.dprime.level,inner_2020,val,6230,1.0,FULL
fred.rates.dprime.level,inner_2021,train,53771,1.0,FULL
fred.rates.dprime.level,inner_2021,val,6219,1.0,FULL
fred.rates.dprime.level,inner_2022,train,59966,1.0,FULL
fred.rates.dprime.level,inner_2022,val,6239,1.0,FULL
fred.rates.dprime.level,inner_2023,train,66206,1.0,FULL
fred.rates.dprime.level,inner_2023,val,5409,1.0,FULL
fred.rates.dprime.logret_1d,inner_2019,train,41329,1.0,FULL
fred.rates.dprime.logret_1d,inner_2019,val,6213,1.0,FULL
fred.rates.dprime.logret_1d,inner_2020,train,47542,1.0,FULL
fred.rates.dprime.logret_1d,inner_2020,val,6230,1.0,FULL
fred.rates.dprime.logret_1d,inner_2021,train,53771,1.0,FULL
fred.rates.dprime.logret_1d,inner_2021,val,6219,1.0,FULL
fred.rates.dprime.logret_1d,inner_2022,train,59966,1.0,FULL
fred.rates.dprime.logret_1d,inner_2022,val,6239,1.0,FULL
fred.rates.dprime.logret_1d,inner_2023,train,66206,1.0,FULL
fred.rates.dprime.logret_1d,inner_2023,val,5409,1.0,FULL
fred.rates.dprime.logret_5d,inner_2019,train,41329,1.0,FULL
fred.rates.dprime.logret_5d,inner_2019,val,6213,1.0,FULL
fred.rates.dprime.logret_5d,inner_2020,train,47542,1.0,FULL
fred.rates.dprime.logret_5d,inner_2020,val,6230,1.0,FULL
fred.rates.dprime.logret_5d,inner_2021,train,53771,1.0,FULL
fred.rates.dprime.logret_5d,inner_2021,val,6219,1.0,FULL
fred.rates.dprime.logret_5d,inner_2022,train,59966,1.0,FULL
fred.rates.dprime.logret_5d,inner_2022,val,6239,1.0,FULL
fred.rates.dprime.logret_5d,inner_2023,train,66206,1.0,FULL
fred.rates.dprime.logret_5d,inner_2023,val,5409,1.0,FULL
fred.rates.dtb3.level,inner_2019,train,41329,1.0,FULL
fred.rates.dtb3.level,inner_2019,val,6213,1.0,FULL
fred.rates.dtb3.level,inner_2020,train,47542,1.0,FULL
fred.rates.dtb3.level,inner_2020,val,6230,1.0,FULL
fred.rates.dtb3.level,inner_2021,train,53771,1.0,FULL
fred.rates.dtb3.level,inner_2021,val,6219,1.0,FULL
fred.rates.dtb3.level,inner_2022,train,59966,1.0,FULL
fred.rates.dtb3.level,inner_2022,val,6239,1.0,FULL
fred.rates.dtb3.level,inner_2023,train,66206,1.0,FULL
fred.rates.dtb3.level,inner_2023,val,5409,1.0,FULL
fred.rates.dtb3.diff_1d,inner_2019,train,41329,1.0,FULL
fred.rates.dtb3.diff_1d,inner_2019,val,6213,1.0,FULL
fred.rates.dtb3.diff_1d,inner_2020,train,47542,1.0,FULL
fred.rates.dtb3.diff_1d,inner_2020,val,6230,1.0,FULL
fred.rates.dtb3.diff_1d,inner_2021,train,53771,1.0,FULL
fred.rates.dtb3.diff_1d,inner_2021,val,6219,1.0,FULL
fred.rates.dtb3.diff_1d,inner_2022,train,59966,1.0,FULL
fred.rates.dtb3.diff_1d,inner_2022,val,6239,1.0,FULL
fred.rates.dtb3.diff_1d,inner_2023,train,66206,1.0,FULL
fred.rates.dtb3.diff_1d,inner_2023,val,5409,1.0,FULL
fred.rates.dtb3.diff_5d,inner_2019,train,41329,1.0,FULL
fred.rates.dtb3.diff_5d,inner_2019,val,6213,1.0,FULL
fred.rates.dtb3.diff_5d,inner_2020,train,47542,1.0,FULL
fred.rates.dtb3.diff_5d,inner_2020,val,6230,1.0,FULL
fred.rates.dtb3.diff_5d,inner_2021,train,53771,1.0,FULL
fred.rates.dtb3.diff_5d,inner_2021,val,6219,1.0,FULL
fred.rates.dtb3.diff_5d,inner_2022,train,59966,1.0,FULL
fred.rates.dtb3.diff_5d,inner_2022,val,6239,1.0,FULL
fred.rates.dtb3.diff_5d,inner_2023,train,66206,1.0,FULL
fred.rates.dtb3.diff_5d,inner_2023,val,5409,1.0,FULL
fred.rates.fedfunds.level,inner_2019,train,41329,0.23366159355416294,PARTIAL
fred.rates.fedfunds.level,inner_2019,val,6213,0.23305971350394333,PARTIAL
fred.rates.fedfunds.level,inner_2020,train,47542,0.23358293719237727,PARTIAL
fred.rates.fedfunds.level,inner_2020,val,6230,0.23306581059390047,PARTIAL
fred.rates.fedfunds.level,inner_2021,train,53771,0.23352736605233304,PARTIAL
fred.rates.fedfunds.level,inner_2021,val,6219,0.23251326579835987,PARTIAL
fred.rates.fedfunds.level,inner_2022,train,59966,0.23351565887336156,PARTIAL
fred.rates.fedfunds.level,inner_2022,val,6239,0.23176791152428275,PARTIAL
fred.rates.fedfunds.level,inner_2023,train,66206,0.23334743074645803,PARTIAL
fred.rates.fedfunds.level,inner_2023,val,5409,0.23349972268441485,PARTIAL
fred.rates.fedfunds.logret_1d,inner_2019,train,41329,0.23366159355416294,PARTIAL
fred.rates.fedfunds.logret_1d,inner_2019,val,6213,0.23305971350394333,PARTIAL
fred.rates.fedfunds.logret_1d,inner_2020,train,47542,0.23358293719237727,PARTIAL
fred.rates.fedfunds.logret_1d,inner_2020,val,6230,0.23306581059390047,PARTIAL
fred.rates.fedfunds.logret_1d,inner_2021,train,53771,0.23352736605233304,PARTIAL
fred.rates.fedfunds.logret_1d,inner_2021,val,6219,0.23251326579835987,PARTIAL
fred.rates.fedfunds.logret_1d,inner_2022,train,59966,0.23351565887336156,PARTIAL
fred.rates.fedfunds.logret_1d,inner_2022,val,6239,0.23176791152428275,PARTIAL
fred.rates.fedfunds.logret_1d,inner_2023,train,66206,0.23334743074645803,PARTIAL
fred.rates.fedfunds.logret_1d,inner_2023,val,5409,0.23349972268441485,PARTIAL
fred.rates.fedfunds.logret_5d,inner_2019,train,41329,0.23366159355416294,PARTIAL
fred.rates.fedfunds.logret_5d,inner_2019,val,6213,0.23305971350394333,PARTIAL
fred.rates.fedfunds.logret_5d,inner_2020,train,47542,0.23358293719237727,PARTIAL
fred.rates.fedfunds.logret_5d,inner_2020,val,6230,0.23306581059390047,PARTIAL
fred.rates.fedfunds.logret_5d,inner_2021,train,53771,0.23352736605233304,PARTIAL
fred.rates.fedfunds.logret_5d,inner_2021,val,6219,0.23251326579835987,PARTIAL
fred.rates.fedfunds.logret_5d,inner_2022,train,59966,0.23351565887336156,PARTIAL
fred.rates.fedfunds.logret_5d,inner_2022,val,6239,0.23176791152428275,PARTIAL
fred.rates.fedfunds.logret_5d,inner_2023,train,66206,0.23334743074645803,PARTIAL
fred.rates.fedfunds.logret_5d,inner_2023,val,5409,0.23349972268441485,PARTIAL
fred.rates.t10y2y.level,inner_2019,train,41329,1.0,FULL
fred.rates.t10y2y.level,inner_2019,val,6213,1.0,FULL
fred.rates.t10y2y.level,inner_2020,train,47542,1.0,FULL
fred.rates.t10y2y.level,inner_2020,val,6230,1.0,FULL
fred.rates.t10y2y.level,inner_2021,train,53771,1.0,FULL
fred.rates.t10y2y.level,inner_2021,val,6219,1.0,FULL
fred.rates.t10y2y.level,inner_2022,train,59966,1.0,FULL
fred.rates.t10y2y.level,inner_2022,val,6239,1.0,FULL
fred.rates.t10y2y.level,inner_2023,train,66206,1.0,FULL
fred.rates.t10y2y.level,inner_2023,val,5409,1.0,FULL
fred.rates.t10y2y.diff_1d,inner_2019,train,41329,1.0,FULL
fred.rates.t10y2y.diff_1d,inner_2019,val,6213,1.0,FULL
fred.rates.t10y2y.diff_1d,inner_2020,train,47542,1.0,FULL
fred.rates.t10y2y.diff_1d,inner_2020,val,6230,1.0,FULL
fred.rates.t10y2y.diff_1d,inner_2021,train,53771,1.0,FULL
fred.rates.t10y2y.diff_1d,inner_2021,val,6219,1.0,FULL
fred.rates.t10y2y.diff_1d,inner_2022,train,59966,1.0,FULL
fred.rates.t10y2y.diff_1d,inner_2022,val,6239,1.0,FULL
fred.rates.t10y2y.diff_1d,inner_2023,train,66206,1.0,FULL
fred.rates.t10y2y.diff_1d,inner_2023,val,5409,1.0,FULL
fred.rates.t10y2y.diff_5d,inner_2019,train,41329,1.0,FULL
fred.rates.t10y2y.diff_5d,inner_2019,val,6213,1.0,FULL
fred.rates.t10y2y.diff_5d,inner_2020,train,47542,1.0,FULL
fred.rates.t10y2y.diff_5d,inner_2020,val,6230,1.0,FULL
fred.rates.t10y2y.diff_5d,inner_2021,train,53771,1.0,FULL
fred.rates.t10y2y.diff_5d,inner_2021,val,6219,1.0,FULL
fred.rates.t10y2y.diff_5d,inner_2022,train,59966,1.0,FULL
fred.rates.t10y2y.diff_5d,inner_2022,val,6239,1.0,FULL
fred.rates.t10y2y.diff_5d,inner_2023,train,66206,1.0,FULL
fred.rates.t10y2y.diff_5d,inner_2023,val,5409,1.0,FULL
fred.rates.t10y3m.level,inner_2019,train,41329,1.0,FULL
fred.rates.t10y3m.level,inner_2019,val,6213,1.0,FULL
fred.rates.t10y3m.level,inner_2020,train,47542,1.0,FULL
fred.rates.t10y3m.level,inner_2020,val,6230,1.0,FULL
fred.rates.t10y3m.level,inner_2021,train,53771,1.0,FULL
fred.rates.t10y3m.level,inner_2021,val,6219,1.0,FULL
fred.rates.t10y3m.level,inner_2022,train,59966,1.0,FULL
fred.rates.t10y3m.level,inner_2022,val,6239,1.0,FULL
fred.rates.t10y3m.level,inner_2023,train,66206,1.0,FULL
fred.rates.t10y3m.level,inner_2023,val,5409,1.0,FULL
fred.rates.t10y3m.diff_1d,inner_2019,train,41329,1.0,FULL
fred.rates.t10y3m.diff_1d,inner_2019,val,6213,1.0,FULL
fred.rates.t10y3m.diff_1d,inner_2020,train,47542,1.0,FULL
fred.rates.t10y3m.diff_1d,inner_2020,val,6230,1.0,FULL
fred.rates.t10y3m.diff_1d,inner_2021,train,53771,1.0,FULL
fred.rates.t10y3m.diff_1d,inner_2021,val,6219,1.0,FULL
fred.rates.t10y3m.diff_1d,inner_2022,train,59966,1.0,FULL
fred.rates.t10y3m.diff_1d,inner_2022,val,6239,1.0,FULL
fred.rates.t10y3m.diff_1d,inner_2023,train,66206,1.0,FULL
fred.rates.t10y3m.diff_1d,inner_2023,val,5409,1.0,FULL
fred.rates.t10y3m.diff_5d,inner_2019,train,41329,1.0,FULL
fred.rates.t10y3m.diff_5d,inner_2019,val,6213,1.0,FULL
fred.rates.t10y3m.diff_5d,inner_2020,train,47542,1.0,FULL
fred.rates.t10y3m.diff_5d,inner_2020,val,6230,1.0,FULL
fred.rates.t10y3m.diff_5d,inner_2021,train,53771,1.0,FULL
fred.rates.t10y3m.diff_5d,inner_2021,val,6219,1.0,FULL
fred.rates.t10y3m.diff_5d,inner_2022,train,59966,1.0,FULL
fred.rates.t10y3m.diff_5d,inner_2022,val,6239,1.0,FULL
fred.rates.t10y3m.diff_5d,inner_2023,train,66206,1.0,FULL
fred.rates.t10y3m.diff_5d,inner_2023,val,5409,1.0,FULL
fred.rates.tb3ms.level,inner_2019,train,41329,0.23366159355416294,PARTIAL
fred.rates.tb3ms.level,inner_2019,val,6213,0.23305971350394333,PARTIAL
fred.rates.tb3ms.level,inner_2020,train,47542,0.23358293719237727,PARTIAL
fred.rates.tb3ms.level,inner_2020,val,6230,0.23306581059390047,PARTIAL
fred.rates.tb3ms.level,inner_2021,train,53771,0.23352736605233304,PARTIAL
fred.rates.tb3ms.level,inner_2021,val,6219,0.23251326579835987,PARTIAL
fred.rates.tb3ms.level,inner_2022,train,59966,0.23351565887336156,PARTIAL
fred.rates.tb3ms.level,inner_2022,val,6239,0.23176791152428275,PARTIAL
fred.rates.tb3ms.level,inner_2023,train,66206,0.23334743074645803,PARTIAL
fred.rates.tb3ms.level,inner_2023,val,5409,0.23349972268441485,PARTIAL
fred.rates.tb3ms.logret_1d,inner_2019,train,41329,0.23366159355416294,PARTIAL
fred.rates.tb3ms.logret_1d,inner_2019,val,6213,0.23305971350394333,PARTIAL
fred.rates.tb3ms.logret_1d,inner_2020,train,47542,0.23358293719237727,PARTIAL
fred.rates.tb3ms.logret_1d,inner_2020,val,6230,0.23306581059390047,PARTIAL
fred.rates.tb3ms.logret_1d,inner_2021,train,53771,0.23352736605233304,PARTIAL
fred.rates.tb3ms.logret_1d,inner_2021,val,6219,0.23251326579835987,PARTIAL
fred.rates.tb3ms.logret_1d,inner_2022,train,59966,0.23351565887336156,PARTIAL
fred.rates.tb3ms.logret_1d,inner_2022,val,6239,0.23176791152428275,PARTIAL
fred.rates.tb3ms.logret_1d,inner_2023,train,66206,0.23334743074645803,PARTIAL
fred.rates.tb3ms.logret_1d,inner_2023,val,5409,0.23349972268441485,PARTIAL
fred.rates.tb3ms.logret_5d,inner_2019,train,41329,0.23366159355416294,PARTIAL
fred.rates.tb3ms.logret_5d,inner_2019,val,6213,0.23305971350394333,PARTIAL
fred.rates.tb3ms.logret_5d,inner_2020,train,47542,0.23358293719237727,PARTIAL
fred.rates.tb3ms.logret_5d,inner_2020,val,6230,0.23306581059390047,PARTIAL
fred.rates.tb3ms.logret_5d,inner_2021,train,53771,0.23352736605233304,PARTIAL
fred.rates.tb3ms.logret_5d,inner_2021,val,6219,0.23251326579835987,PARTIAL
fred.rates.tb3ms.logret_5d,inner_2022,train,59966,0.23351565887336156,PARTIAL
fred.rates.tb3ms.logret_5d,inner_2022,val,6239,0.23176791152428275,PARTIAL
fred.rates.tb3ms.logret_5d,inner_2023,train,66206,0.23334743074645803,PARTIAL
fred.rates.tb3ms.logret_5d,inner_2023,val,5409,0.23349972268441485,PARTIAL
fred.stress.anfci.level,inner_2019,train,41329,1.0,FULL
fred.stress.anfci.level,inner_2019,val,6213,1.0,FULL
fred.stress.anfci.level,inner_2020,train,47542,1.0,FULL
fred.stress.anfci.level,inner_2020,val,6230,1.0,FULL
fred.stress.anfci.level,inner_2021,train,53771,1.0,FULL
fred.stress.anfci.level,inner_2021,val,6219,1.0,FULL
fred.stress.anfci.level,inner_2022,train,59966,1.0,FULL
fred.stress.anfci.level,inner_2022,val,6239,1.0,FULL
fred.stress.anfci.level,inner_2023,train,66206,1.0,FULL
fred.stress.anfci.level,inner_2023,val,5409,1.0,FULL
fred.stress.anfci.diff_1d,inner_2019,train,41329,1.0,FULL
fred.stress.anfci.diff_1d,inner_2019,val,6213,1.0,FULL
fred.stress.anfci.diff_1d,inner_2020,train,47542,1.0,FULL
fred.stress.anfci.diff_1d,inner_2020,val,6230,1.0,FULL
fred.stress.anfci.diff_1d,inner_2021,train,53771,1.0,FULL
fred.stress.anfci.diff_1d,inner_2021,val,6219,1.0,FULL
fred.stress.anfci.diff_1d,inner_2022,train,59966,1.0,FULL
fred.stress.anfci.diff_1d,inner_2022,val,6239,1.0,FULL
fred.stress.anfci.diff_1d,inner_2023,train,66206,1.0,FULL
fred.stress.anfci.diff_1d,inner_2023,val,5409,1.0,FULL
fred.stress.anfci.diff_5d,inner_2019,train,41329,1.0,FULL
fred.stress.anfci.diff_5d,inner_2019,val,6213,1.0,FULL
fred.stress.anfci.diff_5d,inner_2020,train,47542,1.0,FULL
fred.stress.anfci.diff_5d,inner_2020,val,6230,1.0,FULL
fred.stress.anfci.diff_5d,inner_2021,train,53771,1.0,FULL
fred.stress.anfci.diff_5d,inner_2021,val,6219,1.0,FULL
fred.stress.anfci.diff_5d,inner_2022,train,59966,1.0,FULL
fred.stress.anfci.diff_5d,inner_2022,val,6239,1.0,FULL
fred.stress.anfci.diff_5d,inner_2023,train,66206,1.0,FULL
fred.stress.anfci.diff_5d,inner_2023,val,5409,1.0,FULL
fred.stress.nfci.level,inner_2019,train,41329,1.0,FULL
fred.stress.nfci.level,inner_2019,val,6213,1.0,FULL
fred.stress.nfci.level,inner_2020,train,47542,1.0,FULL
fred.stress.nfci.level,inner_2020,val,6230,1.0,FULL
fred.stress.nfci.level,inner_2021,train,53771,1.0,FULL
fred.stress.nfci.level,inner_2021,val,6219,1.0,FULL
fred.stress.nfci.level,inner_2022,train,59966,1.0,FULL
fred.stress.nfci.level,inner_2022,val,6239,1.0,FULL
fred.stress.nfci.level,inner_2023,train,66206,1.0,FULL
fred.stress.nfci.level,inner_2023,val,5409,1.0,FULL
fred.stress.nfci.diff_1d,inner_2019,train,41329,1.0,FULL
fred.stress.nfci.diff_1d,inner_2019,val,6213,1.0,FULL
fred.stress.nfci.diff_1d,inner_2020,train,47542,1.0,FULL
fred.stress.nfci.diff_1d,inner_2020,val,6230,1.0,FULL
fred.stress.nfci.diff_1d,inner_2021,train,53771,1.0,FULL
fred.stress.nfci.diff_1d,inner_2021,val,6219,1.0,FULL
fred.stress.nfci.diff_1d,inner_2022,train,59966,1.0,FULL
fred.stress.nfci.diff_1d,inner_2022,val,6239,1.0,FULL
fred.stress.nfci.diff_1d,inner_2023,train,66206,1.0,FULL
fred.stress.nfci.diff_1d,inner_2023,val,5409,1.0,FULL
fred.stress.nfci.diff_5d,inner_2019,train,41329,1.0,FULL
fred.stress.nfci.diff_5d,inner_2019,val,6213,1.0,FULL
fred.stress.nfci.diff_5d,inner_2020,train,47542,1.0,FULL
fred.stress.nfci.diff_5d,inner_2020,val,6230,1.0,FULL
fred.stress.nfci.diff_5d,inner_2021,train,53771,1.0,FULL
fred.stress.nfci.diff_5d,inner_2021,val,6219,1.0,FULL
fred.stress.nfci.diff_5d,inner_2022,train,59966,1.0,FULL
fred.stress.nfci.diff_5d,inner_2022,val,6239,1.0,FULL
fred.stress.nfci.diff_5d,inner_2023,train,66206,1.0,FULL
fred.stress.nfci.diff_5d,inner_2023,val,5409,1.0,FULL
fred.stress.stlfsi4.level,inner_2019,train,41329,1.0,FULL
fred.stress.stlfsi4.level,inner_2019,val,6213,1.0,FULL
fred.stress.stlfsi4.level,inner_2020,train,47542,1.0,FULL
fred.stress.stlfsi4.level,inner_2020,val,6230,1.0,FULL
fred.stress.stlfsi4.level,inner_2021,train,53771,1.0,FULL
fred.stress.stlfsi4.level,inner_2021,val,6219,1.0,FULL
fred.stress.stlfsi4.level,inner_2022,train,59966,1.0,FULL
fred.stress.stlfsi4.level,inner_2022,val,6239,1.0,FULL
fred.stress.stlfsi4.level,inner_2023,train,66206,1.0,FULL
fred.stress.stlfsi4.level,inner_2023,val,5409,1.0,FULL
fred.stress.stlfsi4.diff_1d,inner_2019,train,41329,1.0,FULL
fred.stress.stlfsi4.diff_1d,inner_2019,val,6213,1.0,FULL
fred.stress.stlfsi4.diff_1d,inner_2020,train,47542,1.0,FULL
fred.stress.stlfsi4.diff_1d,inner_2020,val,6230,1.0,FULL
fred.stress.stlfsi4.diff_1d,inner_2021,train,53771,1.0,FULL
fred.stress.stlfsi4.diff_1d,inner_2021,val,6219,1.0,FULL
fred.stress.stlfsi4.diff_1d,inner_2022,train,59966,1.0,FULL
fred.stress.stlfsi4.diff_1d,inner_2022,val,6239,1.0,FULL
fred.stress.stlfsi4.diff_1d,inner_2023,train,66206,1.0,FULL
fred.stress.stlfsi4.diff_1d,inner_2023,val,5409,1.0,FULL
fred.stress.stlfsi4.diff_5d,inner_2019,train,41329,1.0,FULL
fred.stress.stlfsi4.diff_5d,inner_2019,val,6213,1.0,FULL
fred.stress.stlfsi4.diff_5d,inner_2020,train,47542,1.0,FULL
fred.stress.stlfsi4.diff_5d,inner_2020,val,6230,1.0,FULL
fred.stress.stlfsi4.diff_5d,inner_2021,train,53771,1.0,FULL
fred.stress.stlfsi4.diff_5d,inner_2021,val,6219,1.0,FULL
fred.stress.stlfsi4.diff_5d,inner_2022,train,59966,1.0,FULL
fred.stress.stlfsi4.diff_5d,inner_2022,val,6239,1.0,FULL
fred.stress.stlfsi4.diff_5d,inner_2023,train,66206,1.0,FULL
fred.stress.stlfsi4.diff_5d,inner_2023,val,5409,1.0,FULL
fred.stress.tedrate.level,inner_2019,train,41329,1.0,FULL
fred.stress.tedrate.level,inner_2019,val,6213,1.0,FULL
fred.stress.tedrate.level,inner_2020,train,47542,1.0,FULL
fred.stress.tedrate.level,inner_2020,val,6230,1.0,FULL
fred.stress.tedrate.level,inner_2021,train,53771,1.0,FULL
fred.stress.tedrate.level,inner_2021,val,6219,1.0,FULL
fred.stress.tedrate.level,inner_2022,train,59966,1.0,FULL
fred.stress.tedrate.level,inner_2022,val,6239,0.0769354063151146,PARTIAL
fred.stress.tedrate.level,inner_2023,train,66206,0.9148113464036493,PARTIAL
fred.stress.tedrate.level,inner_2023,val,5409,0.0,NO_COVERAGE
fred.stress.tedrate.logret_1d,inner_2019,train,41329,1.0,FULL
fred.stress.tedrate.logret_1d,inner_2019,val,6213,1.0,FULL
fred.stress.tedrate.logret_1d,inner_2020,train,47542,1.0,FULL
fred.stress.tedrate.logret_1d,inner_2020,val,6230,1.0,FULL
fred.stress.tedrate.logret_1d,inner_2021,train,53771,1.0,FULL
fred.stress.tedrate.logret_1d,inner_2021,val,6219,1.0,FULL
fred.stress.tedrate.logret_1d,inner_2022,train,59966,1.0,FULL
fred.stress.tedrate.logret_1d,inner_2022,val,6239,0.0769354063151146,PARTIAL
fred.stress.tedrate.logret_1d,inner_2023,train,66206,0.9148113464036493,PARTIAL
fred.stress.tedrate.logret_1d,inner_2023,val,5409,0.0,NO_COVERAGE
fred.stress.tedrate.logret_5d,inner_2019,train,41329,1.0,FULL
fred.stress.tedrate.logret_5d,inner_2019,val,6213,1.0,FULL
fred.stress.tedrate.logret_5d,inner_2020,train,47542,1.0,FULL
fred.stress.tedrate.logret_5d,inner_2020,val,6230,1.0,FULL
fred.stress.tedrate.logret_5d,inner_2021,train,53771,1.0,FULL
fred.stress.tedrate.logret_5d,inner_2021,val,6219,1.0,FULL
fred.stress.tedrate.logret_5d,inner_2022,train,59966,1.0,FULL
fred.stress.tedrate.logret_5d,inner_2022,val,6239,0.0769354063151146,PARTIAL
fred.stress.tedrate.logret_5d,inner_2023,train,66206,0.9148113464036493,PARTIAL
fred.stress.tedrate.logret_5d,inner_2023,val,5409,0.0,NO_COVERAGE
fred.stress.vixcls.level,inner_2019,train,41329,1.0,FULL
fred.stress.vixcls.level,inner_2019,val,6213,1.0,FULL
fred.stress.vixcls.level,inner_2020,train,47542,1.0,FULL
fred.stress.vixcls.level,inner_2020,val,6230,1.0,FULL
fred.stress.vixcls.level,inner_2021,train,53771,1.0,FULL
fred.stress.vixcls.level,inner_2021,val,6219,1.0,FULL
fred.stress.vixcls.level,inner_2022,train,59966,1.0,FULL
fred.stress.vixcls.level,inner_2022,val,6239,1.0,FULL
fred.stress.vixcls.level,inner_2023,train,66206,1.0,FULL
fred.stress.vixcls.level,inner_2023,val,5409,1.0,FULL
fred.stress.vixcls.logret_1d,inner_2019,train,41329,1.0,FULL
fred.stress.vixcls.logret_1d,inner_2019,val,6213,1.0,FULL
fred.stress.vixcls.logret_1d,inner_2020,train,47542,1.0,FULL
fred.stress.vixcls.logret_1d,inner_2020,val,6230,1.0,FULL
fred.stress.vixcls.logret_1d,inner_2021,train,53771,1.0,FULL
fred.stress.vixcls.logret_1d,inner_2021,val,6219,1.0,FULL
fred.stress.vixcls.logret_1d,inner_2022,train,59966,1.0,FULL
fred.stress.vixcls.logret_1d,inner_2022,val,6239,1.0,FULL
fred.stress.vixcls.logret_1d,inner_2023,train,66206,1.0,FULL
fred.stress.vixcls.logret_1d,inner_2023,val,5409,1.0,FULL
fred.stress.vixcls.logret_5d,inner_2019,train,41329,1.0,FULL
fred.stress.vixcls.logret_5d,inner_2019,val,6213,1.0,FULL
fred.stress.vixcls.logret_5d,inner_2020,train,47542,1.0,FULL
fred.stress.vixcls.logret_5d,inner_2020,val,6230,1.0,FULL
fred.stress.vixcls.logret_5d,inner_2021,train,53771,1.0,FULL
fred.stress.vixcls.logret_5d,inner_2021,val,6219,1.0,FULL
fred.stress.vixcls.logret_5d,inner_2022,train,59966,1.0,FULL
fred.stress.vixcls.logret_5d,inner_2022,val,6239,1.0,FULL
fred.stress.vixcls.logret_5d,inner_2023,train,66206,1.0,FULL
fred.stress.vixcls.logret_5d,inner_2023,val,5409,1.0,FULL
yh.ct_f.logret_1d,inner_2019,train,41329,1.0,FULL
yh.ct_f.logret_1d,inner_2019,val,6213,1.0,FULL
yh.ct_f.logret_1d,inner_2020,train,47542,1.0,FULL
yh.ct_f.logret_1d,inner_2020,val,6230,1.0,FULL
yh.ct_f.logret_1d,inner_2021,train,53771,1.0,FULL
yh.ct_f.logret_1d,inner_2021,val,6219,1.0,FULL
yh.ct_f.logret_1d,inner_2022,train,59966,1.0,FULL
yh.ct_f.logret_1d,inner_2022,val,6239,1.0,FULL
yh.ct_f.logret_1d,inner_2023,train,66206,1.0,FULL
yh.ct_f.logret_1d,inner_2023,val,5409,1.0,FULL
yh.ct_f.logret_5d,inner_2019,train,41329,1.0,FULL
yh.ct_f.logret_5d,inner_2019,val,6213,1.0,FULL
yh.ct_f.logret_5d,inner_2020,train,47542,1.0,FULL
yh.ct_f.logret_5d,inner_2020,val,6230,1.0,FULL
yh.ct_f.logret_5d,inner_2021,train,53771,1.0,FULL
yh.ct_f.logret_5d,inner_2021,val,6219,1.0,FULL
yh.ct_f.logret_5d,inner_2022,train,59966,1.0,FULL
yh.ct_f.logret_5d,inner_2022,val,6239,1.0,FULL
yh.ct_f.logret_5d,inner_2023,train,66206,1.0,FULL
yh.ct_f.logret_5d,inner_2023,val,5409,1.0,FULL
yh.kc_f.logret_1d,inner_2019,train,41329,1.0,FULL
yh.kc_f.logret_1d,inner_2019,val,6213,1.0,FULL
yh.kc_f.logret_1d,inner_2020,train,47542,1.0,FULL
yh.kc_f.logret_1d,inner_2020,val,6230,1.0,FULL
yh.kc_f.logret_1d,inner_2021,train,53771,1.0,FULL
yh.kc_f.logret_1d,inner_2021,val,6219,1.0,FULL
yh.kc_f.logret_1d,inner_2022,train,59966,1.0,FULL
yh.kc_f.logret_1d,inner_2022,val,6239,1.0,FULL
yh.kc_f.logret_1d,inner_2023,train,66206,1.0,FULL
yh.kc_f.logret_1d,inner_2023,val,5409,1.0,FULL
yh.kc_f.logret_5d,inner_2019,train,41329,1.0,FULL
yh.kc_f.logret_5d,inner_2019,val,6213,1.0,FULL
yh.kc_f.logret_5d,inner_2020,train,47542,1.0,FULL
yh.kc_f.logret_5d,inner_2020,val,6230,1.0,FULL
yh.kc_f.logret_5d,inner_2021,train,53771,1.0,FULL
yh.kc_f.logret_5d,inner_2021,val,6219,1.0,FULL
yh.kc_f.logret_5d,inner_2022,train,59966,1.0,FULL
yh.kc_f.logret_5d,inner_2022,val,6239,1.0,FULL
yh.kc_f.logret_5d,inner_2023,train,66206,1.0,FULL
yh.kc_f.logret_5d,inner_2023,val,5409,1.0,FULL
yh.sb_f.logret_1d,inner_2019,train,41329,1.0,FULL
yh.sb_f.logret_1d,inner_2019,val,6213,1.0,FULL
yh.sb_f.logret_1d,inner_2020,train,47542,1.0,FULL
yh.sb_f.logret_1d,inner_2020,val,6230,1.0,FULL
yh.sb_f.logret_1d,inner_2021,train,53771,1.0,FULL
yh.sb_f.logret_1d,inner_2021,val,6219,1.0,FULL
yh.sb_f.logret_1d,inner_2022,train,59966,1.0,FULL
yh.sb_f.logret_1d,inner_2022,val,6239,1.0,FULL
yh.sb_f.logret_1d,inner_2023,train,66206,1.0,FULL
yh.sb_f.logret_1d,inner_2023,val,5409,1.0,FULL
yh.sb_f.logret_5d,inner_2019,train,41329,1.0,FULL
yh.sb_f.logret_5d,inner_2019,val,6213,1.0,FULL
yh.sb_f.logret_5d,inner_2020,train,47542,1.0,FULL
yh.sb_f.logret_5d,inner_2020,val,6230,1.0,FULL
yh.sb_f.logret_5d,inner_2021,train,53771,1.0,FULL
yh.sb_f.logret_5d,inner_2021,val,6219,1.0,FULL
yh.sb_f.logret_5d,inner_2022,train,59966,1.0,FULL
yh.sb_f.logret_5d,inner_2022,val,6239,1.0,FULL
yh.sb_f.logret_5d,inner_2023,train,66206,1.0,FULL
yh.sb_f.logret_5d,inner_2023,val,5409,1.0,FULL
yh.zc_f.logret_1d,inner_2019,train,41329,1.0,FULL
yh.zc_f.logret_1d,inner_2019,val,6213,1.0,FULL
yh.zc_f.logret_1d,inner_2020,train,47542,1.0,FULL
yh.zc_f.logret_1d,inner_2020,val,6230,1.0,FULL
yh.zc_f.logret_1d,inner_2021,train,53771,1.0,FULL
yh.zc_f.logret_1d,inner_2021,val,6219,1.0,FULL
yh.zc_f.logret_1d,inner_2022,train,59966,1.0,FULL
yh.zc_f.logret_1d,inner_2022,val,6239,1.0,FULL
yh.zc_f.logret_1d,inner_2023,train,66206,1.0,FULL
yh.zc_f.logret_1d,inner_2023,val,5409,1.0,FULL
yh.zc_f.logret_5d,inner_2019,train,41329,1.0,FULL
yh.zc_f.logret_5d,inner_2019,val,6213,1.0,FULL
yh.zc_f.logret_5d,inner_2020,train,47542,1.0,FULL
yh.zc_f.logret_5d,inner_2020,val,6230,1.0,FULL
yh.zc_f.logret_5d,inner_2021,train,53771,1.0,FULL
yh.zc_f.logret_5d,inner_2021,val,6219,1.0,FULL
yh.zc_f.logret_5d,inner_2022,train,59966,1.0,FULL
yh.zc_f.logret_5d,inner_2022,val,6239,1.0,FULL
yh.zc_f.logret_5d,inner_2023,train,66206,1.0,FULL
yh.zc_f.logret_5d,inner_2023,val,5409,1.0,FULL
yh.zs_f.logret_1d,inner_2019,train,41329,1.0,FULL
yh.zs_f.logret_1d,inner_2019,val,6213,1.0,FULL
yh.zs_f.logret_1d,inner_2020,train,47542,1.0,FULL
yh.zs_f.logret_1d,inner_2020,val,6230,1.0,FULL
yh.zs_f.logret_1d,inner_2021,train,53771,1.0,FULL
yh.zs_f.logret_1d,inner_2021,val,6219,1.0,FULL
yh.zs_f.logret_1d,inner_2022,train,59966,1.0,FULL
yh.zs_f.logret_1d,inner_2022,val,6239,1.0,FULL
yh.zs_f.logret_1d,inner_2023,train,66206,1.0,FULL
yh.zs_f.logret_1d,inner_2023,val,5409,1.0,FULL
yh.zs_f.logret_5d,inner_2019,train,41329,1.0,FULL
yh.zs_f.logret_5d,inner_2019,val,6213,1.0,FULL
yh.zs_f.logret_5d,inner_2020,train,47542,1.0,FULL
yh.zs_f.logret_5d,inner_2020,val,6230,1.0,FULL
yh.zs_f.logret_5d,inner_2021,train,53771,1.0,FULL
yh.zs_f.logret_5d,inner_2021,val,6219,1.0,FULL
yh.zs_f.logret_5d,inner_2022,train,59966,1.0,FULL
yh.zs_f.logret_5d,inner_2022,val,6239,1.0,FULL
yh.zs_f.logret_5d,inner_2023,train,66206,1.0,FULL
yh.zs_f.logret_5d,inner_2023,val,5409,1.0,FULL
yh.zw_f.logret_1d,inner_2019,train,41329,1.0,FULL
yh.zw_f.logret_1d,inner_2019,val,6213,1.0,FULL
yh.zw_f.logret_1d,inner_2020,train,47542,1.0,FULL
yh.zw_f.logret_1d,inner_2020,val,6230,1.0,FULL
yh.zw_f.logret_1d,inner_2021,train,53771,1.0,FULL
yh.zw_f.logret_1d,inner_2021,val,6219,1.0,FULL
yh.zw_f.logret_1d,inner_2022,train,59966,1.0,FULL
yh.zw_f.logret_1d,inner_2022,val,6239,1.0,FULL
yh.zw_f.logret_1d,inner_2023,train,66206,1.0,FULL
yh.zw_f.logret_1d,inner_2023,val,5409,1.0,FULL
yh.zw_f.logret_5d,inner_2019,train,41329,1.0,FULL
yh.zw_f.logret_5d,inner_2019,val,6213,1.0,FULL
yh.zw_f.logret_5d,inner_2020,train,47542,1.0,FULL
yh.zw_f.logret_5d,inner_2020,val,6230,1.0,FULL
yh.zw_f.logret_5d,inner_2021,train,53771,1.0,FULL
yh.zw_f.logret_5d,inner_2021,val,6219,1.0,FULL
yh.zw_f.logret_5d,inner_2022,train,59966,1.0,FULL
yh.zw_f.logret_5d,inner_2022,val,6239,1.0,FULL
yh.zw_f.logret_5d,inner_2023,train,66206,1.0,FULL
yh.zw_f.logret_5d,inner_2023,val,5409,1.0,FULL
yh.bz_f.logret_1d,inner_2019,train,41329,1.0,FULL
yh.bz_f.logret_1d,inner_2019,val,6213,1.0,FULL
yh.bz_f.logret_1d,inner_2020,train,47542,1.0,FULL
yh.bz_f.logret_1d,inner_2020,val,6230,1.0,FULL
yh.bz_f.logret_1d,inner_2021,train,53771,1.0,FULL
yh.bz_f.logret_1d,inner_2021,val,6219,1.0,FULL
yh.bz_f.logret_1d,inner_2022,train,59966,1.0,FULL
yh.bz_f.logret_1d,inner_2022,val,6239,1.0,FULL
yh.bz_f.logret_1d,inner_2023,train,66206,1.0,FULL
yh.bz_f.logret_1d,inner_2023,val,5409,1.0,FULL
yh.bz_f.logret_5d,inner_2019,train,41329,1.0,FULL
yh.bz_f.logret_5d,inner_2019,val,6213,1.0,FULL
yh.bz_f.logret_5d,inner_2020,train,47542,1.0,FULL
yh.bz_f.logret_5d,inner_2020,val,6230,1.0,FULL
yh.bz_f.logret_5d,inner_2021,train,53771,1.0,FULL
yh.bz_f.logret_5d,inner_2021,val,6219,1.0,FULL
yh.bz_f.logret_5d,inner_2022,train,59966,1.0,FULL
yh.bz_f.logret_5d,inner_2022,val,6239,1.0,FULL
yh.bz_f.logret_5d,inner_2023,train,66206,1.0,FULL
yh.bz_f.logret_5d,inner_2023,val,5409,1.0,FULL
yh.cl_f.logret_1d,inner_2019,train,41329,1.0,FULL
yh.cl_f.logret_1d,inner_2019,val,6213,1.0,FULL
yh.cl_f.logret_1d,inner_2020,train,47542,1.0,FULL
yh.cl_f.logret_1d,inner_2020,val,6230,0.9922953451043338,PARTIAL
yh.cl_f.logret_1d,inner_2021,train,53771,0.9991073255100333,PARTIAL
yh.cl_f.logret_1d,inner_2021,val,6219,1.0,FULL
yh.cl_f.logret_1d,inner_2022,train,59966,0.9991995464096322,PARTIAL
yh.cl_f.logret_1d,inner_2022,val,6239,1.0,FULL
yh.cl_f.logret_1d,inner_2023,train,66206,0.9992749901821587,PARTIAL
yh.cl_f.logret_1d,inner_2023,val,5409,1.0,FULL
yh.cl_f.logret_5d,inner_2019,train,41329,1.0,FULL
yh.cl_f.logret_5d,inner_2019,val,6213,1.0,FULL
yh.cl_f.logret_5d,inner_2020,train,47542,1.0,FULL
yh.cl_f.logret_5d,inner_2020,val,6230,0.9922953451043338,PARTIAL
yh.cl_f.logret_5d,inner_2021,train,53771,0.9991073255100333,PARTIAL
yh.cl_f.logret_5d,inner_2021,val,6219,1.0,FULL
yh.cl_f.logret_5d,inner_2022,train,59966,0.9991995464096322,PARTIAL
yh.cl_f.logret_5d,inner_2022,val,6239,1.0,FULL
yh.cl_f.logret_5d,inner_2023,train,66206,0.9992749901821587,PARTIAL
yh.cl_f.logret_5d,inner_2023,val,5409,1.0,FULL
yh.ng_f.logret_1d,inner_2019,train,41329,1.0,FULL
yh.ng_f.logret_1d,inner_2019,val,6213,1.0,FULL
yh.ng_f.logret_1d,inner_2020,train,47542,1.0,FULL
yh.ng_f.logret_1d,inner_2020,val,6230,1.0,FULL
yh.ng_f.logret_1d,inner_2021,train,53771,1.0,FULL
yh.ng_f.logret_1d,inner_2021,val,6219,1.0,FULL
yh.ng_f.logret_1d,inner_2022,train,59966,1.0,FULL
yh.ng_f.logret_1d,inner_2022,val,6239,1.0,FULL
yh.ng_f.logret_1d,inner_2023,train,66206,1.0,FULL
yh.ng_f.logret_1d,inner_2023,val,5409,1.0,FULL
yh.ng_f.logret_5d,inner_2019,train,41329,1.0,FULL
yh.ng_f.logret_5d,inner_2019,val,6213,1.0,FULL
yh.ng_f.logret_5d,inner_2020,train,47542,1.0,FULL
yh.ng_f.logret_5d,inner_2020,val,6230,1.0,FULL
yh.ng_f.logret_5d,inner_2021,train,53771,1.0,FULL
yh.ng_f.logret_5d,inner_2021,val,6219,1.0,FULL
yh.ng_f.logret_5d,inner_2022,train,59966,1.0,FULL
yh.ng_f.logret_5d,inner_2022,val,6239,1.0,FULL
yh.ng_f.logret_5d,inner_2023,train,66206,1.0,FULL
yh.ng_f.logret_5d,inner_2023,val,5409,1.0,FULL
yh.rb_f.logret_1d,inner_2019,train,41329,1.0,FULL
yh.rb_f.logret_1d,inner_2019,val,6213,1.0,FULL
yh.rb_f.logret_1d,inner_2020,train,47542,1.0,FULL
yh.rb_f.logret_1d,inner_2020,val,6230,1.0,FULL
yh.rb_f.logret_1d,inner_2021,train,53771,1.0,FULL
yh.rb_f.logret_1d,inner_2021,val,6219,1.0,FULL
yh.rb_f.logret_1d,inner_2022,train,59966,1.0,FULL
yh.rb_f.logret_1d,inner_2022,val,6239,1.0,FULL
yh.rb_f.logret_1d,inner_2023,train,66206,1.0,FULL
yh.rb_f.logret_1d,inner_2023,val,5409,1.0,FULL
yh.rb_f.logret_5d,inner_2019,train,41329,1.0,FULL
yh.rb_f.logret_5d,inner_2019,val,6213,1.0,FULL
yh.rb_f.logret_5d,inner_2020,train,47542,1.0,FULL
yh.rb_f.logret_5d,inner_2020,val,6230,1.0,FULL
yh.rb_f.logret_5d,inner_2021,train,53771,1.0,FULL
yh.rb_f.logret_5d,inner_2021,val,6219,1.0,FULL
yh.rb_f.logret_5d,inner_2022,train,59966,1.0,FULL
yh.rb_f.logret_5d,inner_2022,val,6239,1.0,FULL
yh.rb_f.logret_5d,inner_2023,train,66206,1.0,FULL
yh.rb_f.logret_5d,inner_2023,val,5409,1.0,FULL
yh.gc_f.logret_1d,inner_2019,train,41329,1.0,FULL
yh.gc_f.logret_1d,inner_2019,val,6213,1.0,FULL
yh.gc_f.logret_1d,inner_2020,train,47542,1.0,FULL
yh.gc_f.logret_1d,inner_2020,val,6230,1.0,FULL
yh.gc_f.logret_1d,inner_2021,train,53771,1.0,FULL
yh.gc_f.logret_1d,inner_2021,val,6219,1.0,FULL
yh.gc_f.logret_1d,inner_2022,train,59966,1.0,FULL
yh.gc_f.logret_1d,inner_2022,val,6239,1.0,FULL
yh.gc_f.logret_1d,inner_2023,train,66206,1.0,FULL
yh.gc_f.logret_1d,inner_2023,val,5409,1.0,FULL
yh.gc_f.logret_5d,inner_2019,train,41329,1.0,FULL
yh.gc_f.logret_5d,inner_2019,val,6213,1.0,FULL
yh.gc_f.logret_5d,inner_2020,train,47542,1.0,FULL
yh.gc_f.logret_5d,inner_2020,val,6230,1.0,FULL
yh.gc_f.logret_5d,inner_2021,train,53771,1.0,FULL
yh.gc_f.logret_5d,inner_2021,val,6219,1.0,FULL
yh.gc_f.logret_5d,inner_2022,train,59966,1.0,FULL
yh.gc_f.logret_5d,inner_2022,val,6239,1.0,FULL
yh.gc_f.logret_5d,inner_2023,train,66206,1.0,FULL
yh.gc_f.logret_5d,inner_2023,val,5409,1.0,FULL
yh.pa_f.logret_1d,inner_2019,train,41329,1.0,FULL
yh.pa_f.logret_1d,inner_2019,val,6213,1.0,FULL
yh.pa_f.logret_1d,inner_2020,train,47542,1.0,FULL
yh.pa_f.logret_1d,inner_2020,val,6230,1.0,FULL
yh.pa_f.logret_1d,inner_2021,train,53771,1.0,FULL
yh.pa_f.logret_1d,inner_2021,val,6219,1.0,FULL
yh.pa_f.logret_1d,inner_2022,train,59966,1.0,FULL
yh.pa_f.logret_1d,inner_2022,val,6239,1.0,FULL
yh.pa_f.logret_1d,inner_2023,train,66206,1.0,FULL
yh.pa_f.logret_1d,inner_2023,val,5409,1.0,FULL
yh.pa_f.logret_5d,inner_2019,train,41329,1.0,FULL
yh.pa_f.logret_5d,inner_2019,val,6213,1.0,FULL
yh.pa_f.logret_5d,inner_2020,train,47542,1.0,FULL
yh.pa_f.logret_5d,inner_2020,val,6230,1.0,FULL
yh.pa_f.logret_5d,inner_2021,train,53771,1.0,FULL
yh.pa_f.logret_5d,inner_2021,val,6219,1.0,FULL
yh.pa_f.logret_5d,inner_2022,train,59966,1.0,FULL
yh.pa_f.logret_5d,inner_2022,val,6239,1.0,FULL
yh.pa_f.logret_5d,inner_2023,train,66206,1.0,FULL
yh.pa_f.logret_5d,inner_2023,val,5409,1.0,FULL
yh.pl_f.logret_1d,inner_2019,train,41329,1.0,FULL
yh.pl_f.logret_1d,inner_2019,val,6213,1.0,FULL
yh.pl_f.logret_1d,inner_2020,train,47542,1.0,FULL
yh.pl_f.logret_1d,inner_2020,val,6230,1.0,FULL
yh.pl_f.logret_1d,inner_2021,train,53771,1.0,FULL
yh.pl_f.logret_1d,inner_2021,val,6219,1.0,FULL
yh.pl_f.logret_1d,inner_2022,train,59966,1.0,FULL
yh.pl_f.logret_1d,inner_2022,val,6239,1.0,FULL
yh.pl_f.logret_1d,inner_2023,train,66206,1.0,FULL
yh.pl_f.logret_1d,inner_2023,val,5409,1.0,FULL
yh.pl_f.logret_5d,inner_2019,train,41329,1.0,FULL
yh.pl_f.logret_5d,inner_2019,val,6213,1.0,FULL
yh.pl_f.logret_5d,inner_2020,train,47542,1.0,FULL
yh.pl_f.logret_5d,inner_2020,val,6230,1.0,FULL
yh.pl_f.logret_5d,inner_2021,train,53771,1.0,FULL
yh.pl_f.logret_5d,inner_2021,val,6219,1.0,FULL
yh.pl_f.logret_5d,inner_2022,train,59966,1.0,FULL
yh.pl_f.logret_5d,inner_2022,val,6239,1.0,FULL
yh.pl_f.logret_5d,inner_2023,train,66206,1.0,FULL
yh.pl_f.logret_5d,inner_2023,val,5409,1.0,FULL
yh.si_f.logret_1d,inner_2019,train,41329,1.0,FULL
yh.si_f.logret_1d,inner_2019,val,6213,1.0,FULL
yh.si_f.logret_1d,inner_2020,train,47542,1.0,FULL
yh.si_f.logret_1d,inner_2020,val,6230,1.0,FULL
yh.si_f.logret_1d,inner_2021,train,53771,1.0,FULL
yh.si_f.logret_1d,inner_2021,val,6219,1.0,FULL
yh.si_f.logret_1d,inner_2022,train,59966,1.0,FULL
yh.si_f.logret_1d,inner_2022,val,6239,1.0,FULL
yh.si_f.logret_1d,inner_2023,train,66206,1.0,FULL
yh.si_f.logret_1d,inner_2023,val,5409,1.0,FULL
yh.si_f.logret_5d,inner_2019,train,41329,1.0,FULL
yh.si_f.logret_5d,inner_2019,val,6213,1.0,FULL
yh.si_f.logret_5d,inner_2020,train,47542,1.0,FULL
yh.si_f.logret_5d,inner_2020,val,6230,1.0,FULL
yh.si_f.logret_5d,inner_2021,train,53771,1.0,FULL
yh.si_f.logret_5d,inner_2021,val,6219,1.0,FULL
yh.si_f.logret_5d,inner_2022,train,59966,1.0,FULL
yh.si_f.logret_5d,inner_2022,val,6239,1.0,FULL
yh.si_f.logret_5d,inner_2023,train,66206,1.0,FULL
yh.si_f.logret_5d,inner_2023,val,5409,1.0,FULL
yh.agg.logret_1d,inner_2019,train,41329,1.0,FULL
yh.agg.logret_1d,inner_2019,val,6213,1.0,FULL
yh.agg.logret_1d,inner_2020,train,47542,1.0,FULL
yh.agg.logret_1d,inner_2020,val,6230,1.0,FULL
yh.agg.logret_1d,inner_2021,train,53771,1.0,FULL
yh.agg.logret_1d,inner_2021,val,6219,1.0,FULL
yh.agg.logret_1d,inner_2022,train,59966,1.0,FULL
yh.agg.logret_1d,inner_2022,val,6239,1.0,FULL
yh.agg.logret_1d,inner_2023,train,66206,1.0,FULL
yh.agg.logret_1d,inner_2023,val,5409,1.0,FULL
yh.agg.logret_5d,inner_2019,train,41329,1.0,FULL
yh.agg.logret_5d,inner_2019,val,6213,1.0,FULL
yh.agg.logret_5d,inner_2020,train,47542,1.0,FULL
yh.agg.logret_5d,inner_2020,val,6230,1.0,FULL
yh.agg.logret_5d,inner_2021,train,53771,1.0,FULL
yh.agg.logret_5d,inner_2021,val,6219,1.0,FULL
yh.agg.logret_5d,inner_2022,train,59966,1.0,FULL
yh.agg.logret_5d,inner_2022,val,6239,1.0,FULL
yh.agg.logret_5d,inner_2023,train,66206,1.0,FULL
yh.agg.logret_5d,inner_2023,val,5409,1.0,FULL
yh.bnd.logret_1d,inner_2019,train,41329,1.0,FULL
yh.bnd.logret_1d,inner_2019,val,6213,1.0,FULL
yh.bnd.logret_1d,inner_2020,train,47542,1.0,FULL
yh.bnd.logret_1d,inner_2020,val,6230,1.0,FULL
yh.bnd.logret_1d,inner_2021,train,53771,1.0,FULL
yh.bnd.logret_1d,inner_2021,val,6219,1.0,FULL
yh.bnd.logret_1d,inner_2022,train,59966,1.0,FULL
yh.bnd.logret_1d,inner_2022,val,6239,1.0,FULL
yh.bnd.logret_1d,inner_2023,train,66206,1.0,FULL
yh.bnd.logret_1d,inner_2023,val,5409,1.0,FULL
yh.bnd.logret_5d,inner_2019,train,41329,1.0,FULL
yh.bnd.logret_5d,inner_2019,val,6213,1.0,FULL
yh.bnd.logret_5d,inner_2020,train,47542,1.0,FULL
yh.bnd.logret_5d,inner_2020,val,6230,1.0,FULL
yh.bnd.logret_5d,inner_2021,train,53771,1.0,FULL
yh.bnd.logret_5d,inner_2021,val,6219,1.0,FULL
yh.bnd.logret_5d,inner_2022,train,59966,1.0,FULL
yh.bnd.logret_5d,inner_2022,val,6239,1.0,FULL
yh.bnd.logret_5d,inner_2023,train,66206,1.0,FULL
yh.bnd.logret_5d,inner_2023,val,5409,1.0,FULL
yh.dia.logret_1d,inner_2019,train,41329,1.0,FULL
yh.dia.logret_1d,inner_2019,val,6213,1.0,FULL
yh.dia.logret_1d,inner_2020,train,47542,1.0,FULL
yh.dia.logret_1d,inner_2020,val,6230,1.0,FULL
yh.dia.logret_1d,inner_2021,train,53771,1.0,FULL
yh.dia.logret_1d,inner_2021,val,6219,1.0,FULL
yh.dia.logret_1d,inner_2022,train,59966,1.0,FULL
yh.dia.logret_1d,inner_2022,val,6239,1.0,FULL
yh.dia.logret_1d,inner_2023,train,66206,1.0,FULL
yh.dia.logret_1d,inner_2023,val,5409,1.0,FULL
yh.dia.logret_5d,inner_2019,train,41329,1.0,FULL
yh.dia.logret_5d,inner_2019,val,6213,1.0,FULL
yh.dia.logret_5d,inner_2020,train,47542,1.0,FULL
yh.dia.logret_5d,inner_2020,val,6230,1.0,FULL
yh.dia.logret_5d,inner_2021,train,53771,1.0,FULL
yh.dia.logret_5d,inner_2021,val,6219,1.0,FULL
yh.dia.logret_5d,inner_2022,train,59966,1.0,FULL
yh.dia.logret_5d,inner_2022,val,6239,1.0,FULL
yh.dia.logret_5d,inner_2023,train,66206,1.0,FULL
yh.dia.logret_5d,inner_2023,val,5409,1.0,FULL
yh.eem.logret_1d,inner_2019,train,41329,1.0,FULL
yh.eem.logret_1d,inner_2019,val,6213,1.0,FULL
yh.eem.logret_1d,inner_2020,train,47542,1.0,FULL
yh.eem.logret_1d,inner_2020,val,6230,1.0,FULL
yh.eem.logret_1d,inner_2021,train,53771,1.0,FULL
yh.eem.logret_1d,inner_2021,val,6219,1.0,FULL
yh.eem.logret_1d,inner_2022,train,59966,1.0,FULL
yh.eem.logret_1d,inner_2022,val,6239,1.0,FULL
yh.eem.logret_1d,inner_2023,train,66206,1.0,FULL
yh.eem.logret_1d,inner_2023,val,5409,1.0,FULL
yh.eem.logret_5d,inner_2019,train,41329,1.0,FULL
yh.eem.logret_5d,inner_2019,val,6213,1.0,FULL
yh.eem.logret_5d,inner_2020,train,47542,1.0,FULL
yh.eem.logret_5d,inner_2020,val,6230,1.0,FULL
yh.eem.logret_5d,inner_2021,train,53771,1.0,FULL
yh.eem.logret_5d,inner_2021,val,6219,1.0,FULL
yh.eem.logret_5d,inner_2022,train,59966,1.0,FULL
yh.eem.logret_5d,inner_2022,val,6239,1.0,FULL
yh.eem.logret_5d,inner_2023,train,66206,1.0,FULL
yh.eem.logret_5d,inner_2023,val,5409,1.0,FULL
yh.efa.logret_1d,inner_2019,train,41329,1.0,FULL
yh.efa.logret_1d,inner_2019,val,6213,1.0,FULL
yh.efa.logret_1d,inner_2020,train,47542,1.0,FULL
yh.efa.logret_1d,inner_2020,val,6230,1.0,FULL
yh.efa.logret_1d,inner_2021,train,53771,1.0,FULL
yh.efa.logret_1d,inner_2021,val,6219,1.0,FULL
yh.efa.logret_1d,inner_2022,train,59966,1.0,FULL
yh.efa.logret_1d,inner_2022,val,6239,1.0,FULL
yh.efa.logret_1d,inner_2023,train,66206,1.0,FULL
yh.efa.logret_1d,inner_2023,val,5409,1.0,FULL
yh.efa.logret_5d,inner_2019,train,41329,1.0,FULL
yh.efa.logret_5d,inner_2019,val,6213,1.0,FULL
yh.efa.logret_5d,inner_2020,train,47542,1.0,FULL
yh.efa.logret_5d,inner_2020,val,6230,1.0,FULL
yh.efa.logret_5d,inner_2021,train,53771,1.0,FULL
yh.efa.logret_5d,inner_2021,val,6219,1.0,FULL
yh.efa.logret_5d,inner_2022,train,59966,1.0,FULL
yh.efa.logret_5d,inner_2022,val,6239,1.0,FULL
yh.efa.logret_5d,inner_2023,train,66206,1.0,FULL
yh.efa.logret_5d,inner_2023,val,5409,1.0,FULL
yh.gld.logret_1d,inner_2019,train,41329,1.0,FULL
yh.gld.logret_1d,inner_2019,val,6213,1.0,FULL
yh.gld.logret_1d,inner_2020,train,47542,1.0,FULL
yh.gld.logret_1d,inner_2020,val,6230,1.0,FULL
yh.gld.logret_1d,inner_2021,train,53771,1.0,FULL
yh.gld.logret_1d,inner_2021,val,6219,1.0,FULL
yh.gld.logret_1d,inner_2022,train,59966,1.0,FULL
yh.gld.logret_1d,inner_2022,val,6239,1.0,FULL
yh.gld.logret_1d,inner_2023,train,66206,1.0,FULL
yh.gld.logret_1d,inner_2023,val,5409,1.0,FULL
yh.gld.logret_5d,inner_2019,train,41329,1.0,FULL
yh.gld.logret_5d,inner_2019,val,6213,1.0,FULL
yh.gld.logret_5d,inner_2020,train,47542,1.0,FULL
yh.gld.logret_5d,inner_2020,val,6230,1.0,FULL
yh.gld.logret_5d,inner_2021,train,53771,1.0,FULL
yh.gld.logret_5d,inner_2021,val,6219,1.0,FULL
yh.gld.logret_5d,inner_2022,train,59966,1.0,FULL
yh.gld.logret_5d,inner_2022,val,6239,1.0,FULL
yh.gld.logret_5d,inner_2023,train,66206,1.0,FULL
yh.gld.logret_5d,inner_2023,val,5409,1.0,FULL
yh.hyg.logret_1d,inner_2019,train,41329,1.0,FULL
yh.hyg.logret_1d,inner_2019,val,6213,1.0,FULL
yh.hyg.logret_1d,inner_2020,train,47542,1.0,FULL
yh.hyg.logret_1d,inner_2020,val,6230,1.0,FULL
yh.hyg.logret_1d,inner_2021,train,53771,1.0,FULL
yh.hyg.logret_1d,inner_2021,val,6219,1.0,FULL
yh.hyg.logret_1d,inner_2022,train,59966,1.0,FULL
yh.hyg.logret_1d,inner_2022,val,6239,1.0,FULL
yh.hyg.logret_1d,inner_2023,train,66206,1.0,FULL
yh.hyg.logret_1d,inner_2023,val,5409,1.0,FULL
yh.hyg.logret_5d,inner_2019,train,41329,1.0,FULL
yh.hyg.logret_5d,inner_2019,val,6213,1.0,FULL
yh.hyg.logret_5d,inner_2020,train,47542,1.0,FULL
yh.hyg.logret_5d,inner_2020,val,6230,1.0,FULL
yh.hyg.logret_5d,inner_2021,train,53771,1.0,FULL
yh.hyg.logret_5d,inner_2021,val,6219,1.0,FULL
yh.hyg.logret_5d,inner_2022,train,59966,1.0,FULL
yh.hyg.logret_5d,inner_2022,val,6239,1.0,FULL
yh.hyg.logret_5d,inner_2023,train,66206,1.0,FULL
yh.hyg.logret_5d,inner_2023,val,5409,1.0,FULL
yh.ief.logret_1d,inner_2019,train,41329,1.0,FULL
yh.ief.logret_1d,inner_2019,val,6213,1.0,FULL
yh.ief.logret_1d,inner_2020,train,47542,1.0,FULL
yh.ief.logret_1d,inner_2020,val,6230,1.0,FULL
yh.ief.logret_1d,inner_2021,train,53771,1.0,FULL
yh.ief.logret_1d,inner_2021,val,6219,1.0,FULL
yh.ief.logret_1d,inner_2022,train,59966,1.0,FULL
yh.ief.logret_1d,inner_2022,val,6239,1.0,FULL
yh.ief.logret_1d,inner_2023,train,66206,1.0,FULL
yh.ief.logret_1d,inner_2023,val,5409,1.0,FULL
yh.ief.logret_5d,inner_2019,train,41329,1.0,FULL
yh.ief.logret_5d,inner_2019,val,6213,1.0,FULL
yh.ief.logret_5d,inner_2020,train,47542,1.0,FULL
yh.ief.logret_5d,inner_2020,val,6230,1.0,FULL
yh.ief.logret_5d,inner_2021,train,53771,1.0,FULL
yh.ief.logret_5d,inner_2021,val,6219,1.0,FULL
yh.ief.logret_5d,inner_2022,train,59966,1.0,FULL
yh.ief.logret_5d,inner_2022,val,6239,1.0,FULL
yh.ief.logret_5d,inner_2023,train,66206,1.0,FULL
yh.ief.logret_5d,inner_2023,val,5409,1.0,FULL
yh.ivv.logret_1d,inner_2019,train,41329,1.0,FULL
yh.ivv.logret_1d,inner_2019,val,6213,1.0,FULL
yh.ivv.logret_1d,inner_2020,train,47542,1.0,FULL
yh.ivv.logret_1d,inner_2020,val,6230,1.0,FULL
yh.ivv.logret_1d,inner_2021,train,53771,1.0,FULL
yh.ivv.logret_1d,inner_2021,val,6219,1.0,FULL
yh.ivv.logret_1d,inner_2022,train,59966,1.0,FULL
yh.ivv.logret_1d,inner_2022,val,6239,1.0,FULL
yh.ivv.logret_1d,inner_2023,train,66206,1.0,FULL
yh.ivv.logret_1d,inner_2023,val,5409,1.0,FULL
yh.ivv.logret_5d,inner_2019,train,41329,1.0,FULL
yh.ivv.logret_5d,inner_2019,val,6213,1.0,FULL
yh.ivv.logret_5d,inner_2020,train,47542,1.0,FULL
yh.ivv.logret_5d,inner_2020,val,6230,1.0,FULL
yh.ivv.logret_5d,inner_2021,train,53771,1.0,FULL
yh.ivv.logret_5d,inner_2021,val,6219,1.0,FULL
yh.ivv.logret_5d,inner_2022,train,59966,1.0,FULL
yh.ivv.logret_5d,inner_2022,val,6239,1.0,FULL
yh.ivv.logret_5d,inner_2023,train,66206,1.0,FULL
yh.ivv.logret_5d,inner_2023,val,5409,1.0,FULL
yh.iwm.logret_1d,inner_2019,train,41329,1.0,FULL
yh.iwm.logret_1d,inner_2019,val,6213,1.0,FULL
yh.iwm.logret_1d,inner_2020,train,47542,1.0,FULL
yh.iwm.logret_1d,inner_2020,val,6230,1.0,FULL
yh.iwm.logret_1d,inner_2021,train,53771,1.0,FULL
yh.iwm.logret_1d,inner_2021,val,6219,1.0,FULL
yh.iwm.logret_1d,inner_2022,train,59966,1.0,FULL
yh.iwm.logret_1d,inner_2022,val,6239,1.0,FULL
yh.iwm.logret_1d,inner_2023,train,66206,1.0,FULL
yh.iwm.logret_1d,inner_2023,val,5409,1.0,FULL
yh.iwm.logret_5d,inner_2019,train,41329,1.0,FULL
yh.iwm.logret_5d,inner_2019,val,6213,1.0,FULL
yh.iwm.logret_5d,inner_2020,train,47542,1.0,FULL
yh.iwm.logret_5d,inner_2020,val,6230,1.0,FULL
yh.iwm.logret_5d,inner_2021,train,53771,1.0,FULL
yh.iwm.logret_5d,inner_2021,val,6219,1.0,FULL
yh.iwm.logret_5d,inner_2022,train,59966,1.0,FULL
yh.iwm.logret_5d,inner_2022,val,6239,1.0,FULL
yh.iwm.logret_5d,inner_2023,train,66206,1.0,FULL
yh.iwm.logret_5d,inner_2023,val,5409,1.0,FULL
yh.iyr.logret_1d,inner_2019,train,41329,1.0,FULL
yh.iyr.logret_1d,inner_2019,val,6213,1.0,FULL
yh.iyr.logret_1d,inner_2020,train,47542,1.0,FULL
yh.iyr.logret_1d,inner_2020,val,6230,1.0,FULL
yh.iyr.logret_1d,inner_2021,train,53771,1.0,FULL
yh.iyr.logret_1d,inner_2021,val,6219,1.0,FULL
yh.iyr.logret_1d,inner_2022,train,59966,1.0,FULL
yh.iyr.logret_1d,inner_2022,val,6239,1.0,FULL
yh.iyr.logret_1d,inner_2023,train,66206,1.0,FULL
yh.iyr.logret_1d,inner_2023,val,5409,1.0,FULL
yh.iyr.logret_5d,inner_2019,train,41329,1.0,FULL
yh.iyr.logret_5d,inner_2019,val,6213,1.0,FULL
yh.iyr.logret_5d,inner_2020,train,47542,1.0,FULL
yh.iyr.logret_5d,inner_2020,val,6230,1.0,FULL
yh.iyr.logret_5d,inner_2021,train,53771,1.0,FULL
yh.iyr.logret_5d,inner_2021,val,6219,1.0,FULL
yh.iyr.logret_5d,inner_2022,train,59966,1.0,FULL
yh.iyr.logret_5d,inner_2022,val,6239,1.0,FULL
yh.iyr.logret_5d,inner_2023,train,66206,1.0,FULL
yh.iyr.logret_5d,inner_2023,val,5409,1.0,FULL
yh.lqd.logret_1d,inner_2019,train,41329,1.0,FULL
yh.lqd.logret_1d,inner_2019,val,6213,1.0,FULL
yh.lqd.logret_1d,inner_2020,train,47542,1.0,FULL
yh.lqd.logret_1d,inner_2020,val,6230,1.0,FULL
yh.lqd.logret_1d,inner_2021,train,53771,1.0,FULL
yh.lqd.logret_1d,inner_2021,val,6219,1.0,FULL
yh.lqd.logret_1d,inner_2022,train,59966,1.0,FULL
yh.lqd.logret_1d,inner_2022,val,6239,1.0,FULL
yh.lqd.logret_1d,inner_2023,train,66206,1.0,FULL
yh.lqd.logret_1d,inner_2023,val,5409,1.0,FULL
yh.lqd.logret_5d,inner_2019,train,41329,1.0,FULL
yh.lqd.logret_5d,inner_2019,val,6213,1.0,FULL
yh.lqd.logret_5d,inner_2020,train,47542,1.0,FULL
yh.lqd.logret_5d,inner_2020,val,6230,1.0,FULL
yh.lqd.logret_5d,inner_2021,train,53771,1.0,FULL
yh.lqd.logret_5d,inner_2021,val,6219,1.0,FULL
yh.lqd.logret_5d,inner_2022,train,59966,1.0,FULL
yh.lqd.logret_5d,inner_2022,val,6239,1.0,FULL
yh.lqd.logret_5d,inner_2023,train,66206,1.0,FULL
yh.lqd.logret_5d,inner_2023,val,5409,1.0,FULL
yh.qqq.logret_1d,inner_2019,train,41329,1.0,FULL
yh.qqq.logret_1d,inner_2019,val,6213,1.0,FULL
yh.qqq.logret_1d,inner_2020,train,47542,1.0,FULL
yh.qqq.logret_1d,inner_2020,val,6230,1.0,FULL
yh.qqq.logret_1d,inner_2021,train,53771,1.0,FULL
yh.qqq.logret_1d,inner_2021,val,6219,1.0,FULL
yh.qqq.logret_1d,inner_2022,train,59966,1.0,FULL
yh.qqq.logret_1d,inner_2022,val,6239,1.0,FULL
yh.qqq.logret_1d,inner_2023,train,66206,1.0,FULL
yh.qqq.logret_1d,inner_2023,val,5409,1.0,FULL
yh.qqq.logret_5d,inner_2019,train,41329,1.0,FULL
yh.qqq.logret_5d,inner_2019,val,6213,1.0,FULL
yh.qqq.logret_5d,inner_2020,train,47542,1.0,FULL
yh.qqq.logret_5d,inner_2020,val,6230,1.0,FULL
yh.qqq.logret_5d,inner_2021,train,53771,1.0,FULL
yh.qqq.logret_5d,inner_2021,val,6219,1.0,FULL
yh.qqq.logret_5d,inner_2022,train,59966,1.0,FULL
yh.qqq.logret_5d,inner_2022,val,6239,1.0,FULL
yh.qqq.logret_5d,inner_2023,train,66206,1.0,FULL
yh.qqq.logret_5d,inner_2023,val,5409,1.0,FULL
yh.shy.logret_1d,inner_2019,train,41329,1.0,FULL
yh.shy.logret_1d,inner_2019,val,6213,1.0,FULL
yh.shy.logret_1d,inner_2020,train,47542,1.0,FULL
yh.shy.logret_1d,inner_2020,val,6230,1.0,FULL
yh.shy.logret_1d,inner_2021,train,53771,1.0,FULL
yh.shy.logret_1d,inner_2021,val,6219,1.0,FULL
yh.shy.logret_1d,inner_2022,train,59966,1.0,FULL
yh.shy.logret_1d,inner_2022,val,6239,1.0,FULL
yh.shy.logret_1d,inner_2023,train,66206,1.0,FULL
yh.shy.logret_1d,inner_2023,val,5409,1.0,FULL
yh.shy.logret_5d,inner_2019,train,41329,1.0,FULL
yh.shy.logret_5d,inner_2019,val,6213,1.0,FULL
yh.shy.logret_5d,inner_2020,train,47542,1.0,FULL
yh.shy.logret_5d,inner_2020,val,6230,1.0,FULL
yh.shy.logret_5d,inner_2021,train,53771,1.0,FULL
yh.shy.logret_5d,inner_2021,val,6219,1.0,FULL
yh.shy.logret_5d,inner_2022,train,59966,1.0,FULL
yh.shy.logret_5d,inner_2022,val,6239,1.0,FULL
yh.shy.logret_5d,inner_2023,train,66206,1.0,FULL
yh.shy.logret_5d,inner_2023,val,5409,1.0,FULL
yh.slv.logret_1d,inner_2019,train,41329,1.0,FULL
yh.slv.logret_1d,inner_2019,val,6213,1.0,FULL
yh.slv.logret_1d,inner_2020,train,47542,1.0,FULL
yh.slv.logret_1d,inner_2020,val,6230,1.0,FULL
yh.slv.logret_1d,inner_2021,train,53771,1.0,FULL
yh.slv.logret_1d,inner_2021,val,6219,1.0,FULL
yh.slv.logret_1d,inner_2022,train,59966,1.0,FULL
yh.slv.logret_1d,inner_2022,val,6239,1.0,FULL
yh.slv.logret_1d,inner_2023,train,66206,1.0,FULL
yh.slv.logret_1d,inner_2023,val,5409,1.0,FULL
yh.slv.logret_5d,inner_2019,train,41329,1.0,FULL
yh.slv.logret_5d,inner_2019,val,6213,1.0,FULL
yh.slv.logret_5d,inner_2020,train,47542,1.0,FULL
yh.slv.logret_5d,inner_2020,val,6230,1.0,FULL
yh.slv.logret_5d,inner_2021,train,53771,1.0,FULL
yh.slv.logret_5d,inner_2021,val,6219,1.0,FULL
yh.slv.logret_5d,inner_2022,train,59966,1.0,FULL
yh.slv.logret_5d,inner_2022,val,6239,1.0,FULL
yh.slv.logret_5d,inner_2023,train,66206,1.0,FULL
yh.slv.logret_5d,inner_2023,val,5409,1.0,FULL
yh.spy.logret_1d,inner_2019,train,41329,1.0,FULL
yh.spy.logret_1d,inner_2019,val,6213,1.0,FULL
yh.spy.logret_1d,inner_2020,train,47542,1.0,FULL
yh.spy.logret_1d,inner_2020,val,6230,1.0,FULL
yh.spy.logret_1d,inner_2021,train,53771,1.0,FULL
yh.spy.logret_1d,inner_2021,val,6219,1.0,FULL
yh.spy.logret_1d,inner_2022,train,59966,1.0,FULL
yh.spy.logret_1d,inner_2022,val,6239,1.0,FULL
yh.spy.logret_1d,inner_2023,train,66206,1.0,FULL
yh.spy.logret_1d,inner_2023,val,5409,1.0,FULL
yh.spy.logret_5d,inner_2019,train,41329,1.0,FULL
yh.spy.logret_5d,inner_2019,val,6213,1.0,FULL
yh.spy.logret_5d,inner_2020,train,47542,1.0,FULL
yh.spy.logret_5d,inner_2020,val,6230,1.0,FULL
yh.spy.logret_5d,inner_2021,train,53771,1.0,FULL
yh.spy.logret_5d,inner_2021,val,6219,1.0,FULL
yh.spy.logret_5d,inner_2022,train,59966,1.0,FULL
yh.spy.logret_5d,inner_2022,val,6239,1.0,FULL
yh.spy.logret_5d,inner_2023,train,66206,1.0,FULL
yh.spy.logret_5d,inner_2023,val,5409,1.0,FULL
yh.tip.logret_1d,inner_2019,train,41329,1.0,FULL
yh.tip.logret_1d,inner_2019,val,6213,1.0,FULL
yh.tip.logret_1d,inner_2020,train,47542,1.0,FULL
yh.tip.logret_1d,inner_2020,val,6230,1.0,FULL
yh.tip.logret_1d,inner_2021,train,53771,1.0,FULL
yh.tip.logret_1d,inner_2021,val,6219,1.0,FULL
yh.tip.logret_1d,inner_2022,train,59966,1.0,FULL
yh.tip.logret_1d,inner_2022,val,6239,1.0,FULL
yh.tip.logret_1d,inner_2023,train,66206,1.0,FULL
yh.tip.logret_1d,inner_2023,val,5409,1.0,FULL
yh.tip.logret_5d,inner_2019,train,41329,1.0,FULL
yh.tip.logret_5d,inner_2019,val,6213,1.0,FULL
yh.tip.logret_5d,inner_2020,train,47542,1.0,FULL
yh.tip.logret_5d,inner_2020,val,6230,1.0,FULL
yh.tip.logret_5d,inner_2021,train,53771,1.0,FULL
yh.tip.logret_5d,inner_2021,val,6219,1.0,FULL
yh.tip.logret_5d,inner_2022,train,59966,1.0,FULL
yh.tip.logret_5d,inner_2022,val,6239,1.0,FULL
yh.tip.logret_5d,inner_2023,train,66206,1.0,FULL
yh.tip.logret_5d,inner_2023,val,5409,1.0,FULL
yh.tlt.logret_1d,inner_2019,train,41329,1.0,FULL
yh.tlt.logret_1d,inner_2019,val,6213,1.0,FULL
yh.tlt.logret_1d,inner_2020,train,47542,1.0,FULL
yh.tlt.logret_1d,inner_2020,val,6230,1.0,FULL
yh.tlt.logret_1d,inner_2021,train,53771,1.0,FULL
yh.tlt.logret_1d,inner_2021,val,6219,1.0,FULL
yh.tlt.logret_1d,inner_2022,train,59966,1.0,FULL
yh.tlt.logret_1d,inner_2022,val,6239,1.0,FULL
yh.tlt.logret_1d,inner_2023,train,66206,1.0,FULL
yh.tlt.logret_1d,inner_2023,val,5409,1.0,FULL
yh.tlt.logret_5d,inner_2019,train,41329,1.0,FULL
yh.tlt.logret_5d,inner_2019,val,6213,1.0,FULL
yh.tlt.logret_5d,inner_2020,train,47542,1.0,FULL
yh.tlt.logret_5d,inner_2020,val,6230,1.0,FULL
yh.tlt.logret_5d,inner_2021,train,53771,1.0,FULL
yh.tlt.logret_5d,inner_2021,val,6219,1.0,FULL
yh.tlt.logret_5d,inner_2022,train,59966,1.0,FULL
yh.tlt.logret_5d,inner_2022,val,6239,1.0,FULL
yh.tlt.logret_5d,inner_2023,train,66206,1.0,FULL
yh.tlt.logret_5d,inner_2023,val,5409,1.0,FULL
yh.uso.logret_1d,inner_2019,train,41329,1.0,FULL
yh.uso.logret_1d,inner_2019,val,6213,1.0,FULL
yh.uso.logret_1d,inner_2020,train,47542,1.0,FULL
yh.uso.logret_1d,inner_2020,val,6230,1.0,FULL
yh.uso.logret_1d,inner_2021,train,53771,1.0,FULL
yh.uso.logret_1d,inner_2021,val,6219,1.0,FULL
yh.uso.logret_1d,inner_2022,train,59966,1.0,FULL
yh.uso.logret_1d,inner_2022,val,6239,1.0,FULL
yh.uso.logret_1d,inner_2023,train,66206,1.0,FULL
yh.uso.logret_1d,inner_2023,val,5409,1.0,FULL
yh.uso.logret_5d,inner_2019,train,41329,1.0,FULL
yh.uso.logret_5d,inner_2019,val,6213,1.0,FULL
yh.uso.logret_5d,inner_2020,train,47542,1.0,FULL
yh.uso.logret_5d,inner_2020,val,6230,1.0,FULL
yh.uso.logret_5d,inner_2021,train,53771,1.0,FULL
yh.uso.logret_5d,inner_2021,val,6219,1.0,FULL
yh.uso.logret_5d,inner_2022,train,59966,1.0,FULL
yh.uso.logret_5d,inner_2022,val,6239,1.0,FULL
yh.uso.logret_5d,inner_2023,train,66206,1.0,FULL
yh.uso.logret_5d,inner_2023,val,5409,1.0,FULL
yh.vea.logret_1d,inner_2019,train,41329,1.0,FULL
yh.vea.logret_1d,inner_2019,val,6213,1.0,FULL
yh.vea.logret_1d,inner_2020,train,47542,1.0,FULL
yh.vea.logret_1d,inner_2020,val,6230,1.0,FULL
yh.vea.logret_1d,inner_2021,train,53771,1.0,FULL
yh.vea.logret_1d,inner_2021,val,6219,1.0,FULL
yh.vea.logret_1d,inner_2022,train,59966,1.0,FULL
yh.vea.logret_1d,inner_2022,val,6239,1.0,FULL
yh.vea.logret_1d,inner_2023,train,66206,1.0,FULL
yh.vea.logret_1d,inner_2023,val,5409,1.0,FULL
yh.vea.logret_5d,inner_2019,train,41329,1.0,FULL
yh.vea.logret_5d,inner_2019,val,6213,1.0,FULL
yh.vea.logret_5d,inner_2020,train,47542,1.0,FULL
yh.vea.logret_5d,inner_2020,val,6230,1.0,FULL
yh.vea.logret_5d,inner_2021,train,53771,1.0,FULL
yh.vea.logret_5d,inner_2021,val,6219,1.0,FULL
yh.vea.logret_5d,inner_2022,train,59966,1.0,FULL
yh.vea.logret_5d,inner_2022,val,6239,1.0,FULL
yh.vea.logret_5d,inner_2023,train,66206,1.0,FULL
yh.vea.logret_5d,inner_2023,val,5409,1.0,FULL
yh.vnq.logret_1d,inner_2019,train,41329,1.0,FULL
yh.vnq.logret_1d,inner_2019,val,6213,1.0,FULL
yh.vnq.logret_1d,inner_2020,train,47542,1.0,FULL
yh.vnq.logret_1d,inner_2020,val,6230,1.0,FULL
yh.vnq.logret_1d,inner_2021,train,53771,1.0,FULL
yh.vnq.logret_1d,inner_2021,val,6219,1.0,FULL
yh.vnq.logret_1d,inner_2022,train,59966,1.0,FULL
yh.vnq.logret_1d,inner_2022,val,6239,1.0,FULL
yh.vnq.logret_1d,inner_2023,train,66206,1.0,FULL
yh.vnq.logret_1d,inner_2023,val,5409,1.0,FULL
yh.vnq.logret_5d,inner_2019,train,41329,1.0,FULL
yh.vnq.logret_5d,inner_2019,val,6213,1.0,FULL
yh.vnq.logret_5d,inner_2020,train,47542,1.0,FULL
yh.vnq.logret_5d,inner_2020,val,6230,1.0,FULL
yh.vnq.logret_5d,inner_2021,train,53771,1.0,FULL
yh.vnq.logret_5d,inner_2021,val,6219,1.0,FULL
yh.vnq.logret_5d,inner_2022,train,59966,1.0,FULL
yh.vnq.logret_5d,inner_2022,val,6239,1.0,FULL
yh.vnq.logret_5d,inner_2023,train,66206,1.0,FULL
yh.vnq.logret_5d,inner_2023,val,5409,1.0,FULL
yh.voo.logret_1d,inner_2019,train,41329,1.0,FULL
yh.voo.logret_1d,inner_2019,val,6213,1.0,FULL
yh.voo.logret_1d,inner_2020,train,47542,1.0,FULL
yh.voo.logret_1d,inner_2020,val,6230,1.0,FULL
yh.voo.logret_1d,inner_2021,train,53771,1.0,FULL
yh.voo.logret_1d,inner_2021,val,6219,1.0,FULL
yh.voo.logret_1d,inner_2022,train,59966,1.0,FULL
yh.voo.logret_1d,inner_2022,val,6239,1.0,FULL
yh.voo.logret_1d,inner_2023,train,66206,1.0,FULL
yh.voo.logret_1d,inner_2023,val,5409,1.0,FULL
yh.voo.logret_5d,inner_2019,train,41329,1.0,FULL
yh.voo.logret_5d,inner_2019,val,6213,1.0,FULL
yh.voo.logret_5d,inner_2020,train,47542,1.0,FULL
yh.voo.logret_5d,inner_2020,val,6230,1.0,FULL
yh.voo.logret_5d,inner_2021,train,53771,1.0,FULL
yh.voo.logret_5d,inner_2021,val,6219,1.0,FULL
yh.voo.logret_5d,inner_2022,train,59966,1.0,FULL
yh.voo.logret_5d,inner_2022,val,6239,1.0,FULL
yh.voo.logret_5d,inner_2023,train,66206,1.0,FULL
yh.voo.logret_5d,inner_2023,val,5409,1.0,FULL
yh.vti.logret_1d,inner_2019,train,41329,1.0,FULL
yh.vti.logret_1d,inner_2019,val,6213,1.0,FULL
yh.vti.logret_1d,inner_2020,train,47542,1.0,FULL
yh.vti.logret_1d,inner_2020,val,6230,1.0,FULL
yh.vti.logret_1d,inner_2021,train,53771,1.0,FULL
yh.vti.logret_1d,inner_2021,val,6219,1.0,FULL
yh.vti.logret_1d,inner_2022,train,59966,1.0,FULL
yh.vti.logret_1d,inner_2022,val,6239,1.0,FULL
yh.vti.logret_1d,inner_2023,train,66206,1.0,FULL
yh.vti.logret_1d,inner_2023,val,5409,1.0,FULL
yh.vti.logret_5d,inner_2019,train,41329,1.0,FULL
yh.vti.logret_5d,inner_2019,val,6213,1.0,FULL
yh.vti.logret_5d,inner_2020,train,47542,1.0,FULL
yh.vti.logret_5d,inner_2020,val,6230,1.0,FULL
yh.vti.logret_5d,inner_2021,train,53771,1.0,FULL
yh.vti.logret_5d,inner_2021,val,6219,1.0,FULL
yh.vti.logret_5d,inner_2022,train,59966,1.0,FULL
yh.vti.logret_5d,inner_2022,val,6239,1.0,FULL
yh.vti.logret_5d,inner_2023,train,66206,1.0,FULL
yh.vti.logret_5d,inner_2023,val,5409,1.0,FULL
yh.vwo.logret_1d,inner_2019,train,41329,1.0,FULL
yh.vwo.logret_1d,inner_2019,val,6213,1.0,FULL
yh.vwo.logret_1d,inner_2020,train,47542,1.0,FULL
yh.vwo.logret_1d,inner_2020,val,6230,1.0,FULL
yh.vwo.logret_1d,inner_2021,train,53771,1.0,FULL
yh.vwo.logret_1d,inner_2021,val,6219,1.0,FULL
yh.vwo.logret_1d,inner_2022,train,59966,1.0,FULL
yh.vwo.logret_1d,inner_2022,val,6239,1.0,FULL
yh.vwo.logret_1d,inner_2023,train,66206,1.0,FULL
yh.vwo.logret_1d,inner_2023,val,5409,1.0,FULL
yh.vwo.logret_5d,inner_2019,train,41329,1.0,FULL
yh.vwo.logret_5d,inner_2019,val,6213,1.0,FULL
yh.vwo.logret_5d,inner_2020,train,47542,1.0,FULL
yh.vwo.logret_5d,inner_2020,val,6230,1.0,FULL
yh.vwo.logret_5d,inner_2021,train,53771,1.0,FULL
yh.vwo.logret_5d,inner_2021,val,6219,1.0,FULL
yh.vwo.logret_5d,inner_2022,train,59966,1.0,FULL
yh.vwo.logret_5d,inner_2022,val,6239,1.0,FULL
yh.vwo.logret_5d,inner_2023,train,66206,1.0,FULL
yh.vwo.logret_5d,inner_2023,val,5409,1.0,FULL
yh.xlb.logret_1d,inner_2019,train,41329,1.0,FULL
yh.xlb.logret_1d,inner_2019,val,6213,1.0,FULL
yh.xlb.logret_1d,inner_2020,train,47542,1.0,FULL
yh.xlb.logret_1d,inner_2020,val,6230,1.0,FULL
yh.xlb.logret_1d,inner_2021,train,53771,1.0,FULL
yh.xlb.logret_1d,inner_2021,val,6219,1.0,FULL
yh.xlb.logret_1d,inner_2022,train,59966,1.0,FULL
yh.xlb.logret_1d,inner_2022,val,6239,1.0,FULL
yh.xlb.logret_1d,inner_2023,train,66206,1.0,FULL
yh.xlb.logret_1d,inner_2023,val,5409,1.0,FULL
yh.xlb.logret_5d,inner_2019,train,41329,1.0,FULL
yh.xlb.logret_5d,inner_2019,val,6213,1.0,FULL
yh.xlb.logret_5d,inner_2020,train,47542,1.0,FULL
yh.xlb.logret_5d,inner_2020,val,6230,1.0,FULL
yh.xlb.logret_5d,inner_2021,train,53771,1.0,FULL
yh.xlb.logret_5d,inner_2021,val,6219,1.0,FULL
yh.xlb.logret_5d,inner_2022,train,59966,1.0,FULL
yh.xlb.logret_5d,inner_2022,val,6239,1.0,FULL
yh.xlb.logret_5d,inner_2023,train,66206,1.0,FULL
yh.xlb.logret_5d,inner_2023,val,5409,1.0,FULL
yh.xlc.logret_1d,inner_2019,train,41329,0.07745166832006581,PARTIAL
yh.xlc.logret_1d,inner_2019,val,6213,1.0,FULL
yh.xlc.logret_1d,inner_2020,train,47542,0.1980143872786168,PARTIAL
yh.xlc.logret_1d,inner_2020,val,6230,1.0,FULL
yh.xlc.logret_1d,inner_2021,train,53771,0.2909188968031095,PARTIAL
yh.xlc.logret_1d,inner_2021,val,6219,1.0,FULL
yh.xlc.logret_1d,inner_2022,train,59966,0.3641730313844512,PARTIAL
yh.xlc.logret_1d,inner_2022,val,6239,1.0,FULL
yh.xlc.logret_1d,inner_2023,train,66206,0.4241005346947407,PARTIAL
yh.xlc.logret_1d,inner_2023,val,5409,1.0,FULL
yh.xlc.logret_5d,inner_2019,train,41329,0.07512884415301604,PARTIAL
yh.xlc.logret_5d,inner_2019,val,6213,1.0,FULL
yh.xlc.logret_5d,inner_2020,train,47542,0.1959951201043288,PARTIAL
yh.xlc.logret_5d,inner_2020,val,6230,1.0,FULL
yh.xlc.logret_5d,inner_2021,train,53771,0.2891335478231761,PARTIAL
yh.xlc.logret_5d,inner_2021,val,6219,1.0,FULL
yh.xlc.logret_5d,inner_2022,train,59966,0.36257212420371543,PARTIAL
yh.xlc.logret_5d,inner_2022,val,6239,1.0,FULL
yh.xlc.logret_5d,inner_2023,train,66206,0.4226505150590581,PARTIAL
yh.xlc.logret_5d,inner_2023,val,5409,1.0,FULL
yh.xle.logret_1d,inner_2019,train,41329,1.0,FULL
yh.xle.logret_1d,inner_2019,val,6213,1.0,FULL
yh.xle.logret_1d,inner_2020,train,47542,1.0,FULL
yh.xle.logret_1d,inner_2020,val,6230,1.0,FULL
yh.xle.logret_1d,inner_2021,train,53771,1.0,FULL
yh.xle.logret_1d,inner_2021,val,6219,1.0,FULL
yh.xle.logret_1d,inner_2022,train,59966,1.0,FULL
yh.xle.logret_1d,inner_2022,val,6239,1.0,FULL
yh.xle.logret_1d,inner_2023,train,66206,1.0,FULL
yh.xle.logret_1d,inner_2023,val,5409,1.0,FULL
yh.xle.logret_5d,inner_2019,train,41329,1.0,FULL
yh.xle.logret_5d,inner_2019,val,6213,1.0,FULL
yh.xle.logret_5d,inner_2020,train,47542,1.0,FULL
yh.xle.logret_5d,inner_2020,val,6230,1.0,FULL
yh.xle.logret_5d,inner_2021,train,53771,1.0,FULL
yh.xle.logret_5d,inner_2021,val,6219,1.0,FULL
yh.xle.logret_5d,inner_2022,train,59966,1.0,FULL
yh.xle.logret_5d,inner_2022,val,6239,1.0,FULL
yh.xle.logret_5d,inner_2023,train,66206,1.0,FULL
yh.xle.logret_5d,inner_2023,val,5409,1.0,FULL
yh.xlf.logret_1d,inner_2019,train,41329,1.0,FULL
yh.xlf.logret_1d,inner_2019,val,6213,1.0,FULL
yh.xlf.logret_1d,inner_2020,train,47542,1.0,FULL
yh.xlf.logret_1d,inner_2020,val,6230,1.0,FULL
yh.xlf.logret_1d,inner_2021,train,53771,1.0,FULL
yh.xlf.logret_1d,inner_2021,val,6219,1.0,FULL
yh.xlf.logret_1d,inner_2022,train,59966,1.0,FULL
yh.xlf.logret_1d,inner_2022,val,6239,1.0,FULL
yh.xlf.logret_1d,inner_2023,train,66206,1.0,FULL
yh.xlf.logret_1d,inner_2023,val,5409,1.0,FULL
yh.xlf.logret_5d,inner_2019,train,41329,1.0,FULL
yh.xlf.logret_5d,inner_2019,val,6213,1.0,FULL
yh.xlf.logret_5d,inner_2020,train,47542,1.0,FULL
yh.xlf.logret_5d,inner_2020,val,6230,1.0,FULL
yh.xlf.logret_5d,inner_2021,train,53771,1.0,FULL
yh.xlf.logret_5d,inner_2021,val,6219,1.0,FULL
yh.xlf.logret_5d,inner_2022,train,59966,1.0,FULL
yh.xlf.logret_5d,inner_2022,val,6239,1.0,FULL
yh.xlf.logret_5d,inner_2023,train,66206,1.0,FULL
yh.xlf.logret_5d,inner_2023,val,5409,1.0,FULL
yh.xli.logret_1d,inner_2019,train,41329,1.0,FULL
yh.xli.logret_1d,inner_2019,val,6213,1.0,FULL
yh.xli.logret_1d,inner_2020,train,47542,1.0,FULL
yh.xli.logret_1d,inner_2020,val,6230,1.0,FULL
yh.xli.logret_1d,inner_2021,train,53771,1.0,FULL
yh.xli.logret_1d,inner_2021,val,6219,1.0,FULL
yh.xli.logret_1d,inner_2022,train,59966,1.0,FULL
yh.xli.logret_1d,inner_2022,val,6239,1.0,FULL
yh.xli.logret_1d,inner_2023,train,66206,1.0,FULL
yh.xli.logret_1d,inner_2023,val,5409,1.0,FULL
yh.xli.logret_5d,inner_2019,train,41329,1.0,FULL
yh.xli.logret_5d,inner_2019,val,6213,1.0,FULL
yh.xli.logret_5d,inner_2020,train,47542,1.0,FULL
yh.xli.logret_5d,inner_2020,val,6230,1.0,FULL
yh.xli.logret_5d,inner_2021,train,53771,1.0,FULL
yh.xli.logret_5d,inner_2021,val,6219,1.0,FULL
yh.xli.logret_5d,inner_2022,train,59966,1.0,FULL
yh.xli.logret_5d,inner_2022,val,6239,1.0,FULL
yh.xli.logret_5d,inner_2023,train,66206,1.0,FULL
yh.xli.logret_5d,inner_2023,val,5409,1.0,FULL
yh.xlk.logret_1d,inner_2019,train,41329,1.0,FULL
yh.xlk.logret_1d,inner_2019,val,6213,1.0,FULL
yh.xlk.logret_1d,inner_2020,train,47542,1.0,FULL
yh.xlk.logret_1d,inner_2020,val,6230,1.0,FULL
yh.xlk.logret_1d,inner_2021,train,53771,1.0,FULL
yh.xlk.logret_1d,inner_2021,val,6219,1.0,FULL
yh.xlk.logret_1d,inner_2022,train,59966,1.0,FULL
yh.xlk.logret_1d,inner_2022,val,6239,1.0,FULL
yh.xlk.logret_1d,inner_2023,train,66206,1.0,FULL
yh.xlk.logret_1d,inner_2023,val,5409,1.0,FULL
yh.xlk.logret_5d,inner_2019,train,41329,1.0,FULL
yh.xlk.logret_5d,inner_2019,val,6213,1.0,FULL
yh.xlk.logret_5d,inner_2020,train,47542,1.0,FULL
yh.xlk.logret_5d,inner_2020,val,6230,1.0,FULL
yh.xlk.logret_5d,inner_2021,train,53771,1.0,FULL
yh.xlk.logret_5d,inner_2021,val,6219,1.0,FULL
yh.xlk.logret_5d,inner_2022,train,59966,1.0,FULL
yh.xlk.logret_5d,inner_2022,val,6239,1.0,FULL
yh.xlk.logret_5d,inner_2023,train,66206,1.0,FULL
yh.xlk.logret_5d,inner_2023,val,5409,1.0,FULL
yh.xlp.logret_1d,inner_2019,train,41329,1.0,FULL
yh.xlp.logret_1d,inner_2019,val,6213,1.0,FULL
yh.xlp.logret_1d,inner_2020,train,47542,1.0,FULL
yh.xlp.logret_1d,inner_2020,val,6230,1.0,FULL
yh.xlp.logret_1d,inner_2021,train,53771,1.0,FULL
yh.xlp.logret_1d,inner_2021,val,6219,1.0,FULL
yh.xlp.logret_1d,inner_2022,train,59966,1.0,FULL
yh.xlp.logret_1d,inner_2022,val,6239,1.0,FULL
yh.xlp.logret_1d,inner_2023,train,66206,1.0,FULL
yh.xlp.logret_1d,inner_2023,val,5409,1.0,FULL
yh.xlp.logret_5d,inner_2019,train,41329,1.0,FULL
yh.xlp.logret_5d,inner_2019,val,6213,1.0,FULL
yh.xlp.logret_5d,inner_2020,train,47542,1.0,FULL
yh.xlp.logret_5d,inner_2020,val,6230,1.0,FULL
yh.xlp.logret_5d,inner_2021,train,53771,1.0,FULL
yh.xlp.logret_5d,inner_2021,val,6219,1.0,FULL
yh.xlp.logret_5d,inner_2022,train,59966,1.0,FULL
yh.xlp.logret_5d,inner_2022,val,6239,1.0,FULL
yh.xlp.logret_5d,inner_2023,train,66206,1.0,FULL
yh.xlp.logret_5d,inner_2023,val,5409,1.0,FULL
yh.xlre.logret_1d,inner_2019,train,41329,0.48273609330010403,PARTIAL
yh.xlre.logret_1d,inner_2019,val,6213,1.0,FULL
yh.xlre.logret_1d,inner_2020,train,47542,0.5503344411257415,PARTIAL
yh.xlre.logret_1d,inner_2020,val,6230,1.0,FULL
yh.xlre.logret_1d,inner_2021,train,53771,0.6024250990310762,PARTIAL
yh.xlre.logret_1d,inner_2021,val,6219,1.0,FULL
yh.xlre.logret_1d,inner_2022,train,59966,0.6434979821899076,PARTIAL
yh.xlre.logret_1d,inner_2022,val,6239,1.0,FULL
yh.xlre.logret_1d,inner_2023,train,66206,0.6770987523789385,PARTIAL
yh.xlre.logret_1d,inner_2023,val,5409,1.0,FULL
yh.xlre.logret_5d,inner_2019,train,41329,0.4803648769629074,PARTIAL
yh.xlre.logret_5d,inner_2019,val,6213,1.0,FULL
yh.xlre.logret_5d,inner_2020,train,47542,0.5482731058853224,PARTIAL
yh.xlre.logret_5d,inner_2020,val,6230,1.0,FULL
yh.xlre.logret_5d,inner_2021,train,53771,0.6006025552807275,PARTIAL
yh.xlre.logret_5d,inner_2021,val,6219,1.0,FULL
yh.xlre.logret_5d,inner_2022,train,59966,0.6418637227762398,PARTIAL
yh.xlre.logret_5d,inner_2022,val,6239,1.0,FULL
yh.xlre.logret_5d,inner_2023,train,66206,0.6756185240008459,PARTIAL
yh.xlre.logret_5d,inner_2023,val,5409,1.0,FULL
yh.xlu.logret_1d,inner_2019,train,41329,1.0,FULL
yh.xlu.logret_1d,inner_2019,val,6213,1.0,FULL
yh.xlu.logret_1d,inner_2020,train,47542,1.0,FULL
yh.xlu.logret_1d,inner_2020,val,6230,1.0,FULL
yh.xlu.logret_1d,inner_2021,train,53771,1.0,FULL
yh.xlu.logret_1d,inner_2021,val,6219,1.0,FULL
yh.xlu.logret_1d,inner_2022,train,59966,1.0,FULL
yh.xlu.logret_1d,inner_2022,val,6239,1.0,FULL
yh.xlu.logret_1d,inner_2023,train,66206,1.0,FULL
yh.xlu.logret_1d,inner_2023,val,5409,1.0,FULL
yh.xlu.logret_5d,inner_2019,train,41329,1.0,FULL
yh.xlu.logret_5d,inner_2019,val,6213,1.0,FULL
yh.xlu.logret_5d,inner_2020,train,47542,1.0,FULL
yh.xlu.logret_5d,inner_2020,val,6230,1.0,FULL
yh.xlu.logret_5d,inner_2021,train,53771,1.0,FULL
yh.xlu.logret_5d,inner_2021,val,6219,1.0,FULL
yh.xlu.logret_5d,inner_2022,train,59966,1.0,FULL
yh.xlu.logret_5d,inner_2022,val,6239,1.0,FULL
yh.xlu.logret_5d,inner_2023,train,66206,1.0,FULL
yh.xlu.logret_5d,inner_2023,val,5409,1.0,FULL
yh.xlv.logret_1d,inner_2019,train,41329,1.0,FULL
yh.xlv.logret_1d,inner_2019,val,6213,1.0,FULL
yh.xlv.logret_1d,inner_2020,train,47542,1.0,FULL
yh.xlv.logret_1d,inner_2020,val,6230,1.0,FULL
yh.xlv.logret_1d,inner_2021,train,53771,1.0,FULL
yh.xlv.logret_1d,inner_2021,val,6219,1.0,FULL
yh.xlv.logret_1d,inner_2022,train,59966,1.0,FULL
yh.xlv.logret_1d,inner_2022,val,6239,1.0,FULL
yh.xlv.logret_1d,inner_2023,train,66206,1.0,FULL
yh.xlv.logret_1d,inner_2023,val,5409,1.0,FULL
yh.xlv.logret_5d,inner_2019,train,41329,1.0,FULL
yh.xlv.logret_5d,inner_2019,val,6213,1.0,FULL
yh.xlv.logret_5d,inner_2020,train,47542,1.0,FULL
yh.xlv.logret_5d,inner_2020,val,6230,1.0,FULL
yh.xlv.logret_5d,inner_2021,train,53771,1.0,FULL
yh.xlv.logret_5d,inner_2021,val,6219,1.0,FULL
yh.xlv.logret_5d,inner_2022,train,59966,1.0,FULL
yh.xlv.logret_5d,inner_2022,val,6239,1.0,FULL
yh.xlv.logret_5d,inner_2023,train,66206,1.0,FULL
yh.xlv.logret_5d,inner_2023,val,5409,1.0,FULL
yh.xly.logret_1d,inner_2019,train,41329,1.0,FULL
yh.xly.logret_1d,inner_2019,val,6213,1.0,FULL
yh.xly.logret_1d,inner_2020,train,47542,1.0,FULL
yh.xly.logret_1d,inner_2020,val,6230,1.0,FULL
yh.xly.logret_1d,inner_2021,train,53771,1.0,FULL
yh.xly.logret_1d,inner_2021,val,6219,1.0,FULL
yh.xly.logret_1d,inner_2022,train,59966,1.0,FULL
yh.xly.logret_1d,inner_2022,val,6239,1.0,FULL
yh.xly.logret_1d,inner_2023,train,66206,1.0,FULL
yh.xly.logret_1d,inner_2023,val,5409,1.0,FULL
yh.xly.logret_5d,inner_2019,train,41329,1.0,FULL
yh.xly.logret_5d,inner_2019,val,6213,1.0,FULL
yh.xly.logret_5d,inner_2020,train,47542,1.0,FULL
yh.xly.logret_5d,inner_2020,val,6230,1.0,FULL
yh.xly.logret_5d,inner_2021,train,53771,1.0,FULL
yh.xly.logret_5d,inner_2021,val,6219,1.0,FULL
yh.xly.logret_5d,inner_2022,train,59966,1.0,FULL
yh.xly.logret_5d,inner_2022,val,6239,1.0,FULL
yh.xly.logret_5d,inner_2023,train,66206,1.0,FULL
yh.xly.logret_5d,inner_2023,val,5409,1.0,FULL
yh.000001_ss.logret_1d,inner_2019,train,41329,0.9924266253720148,PARTIAL
yh.000001_ss.logret_1d,inner_2019,val,6213,0.9880894897794946,PARTIAL
yh.000001_ss.logret_1d,inner_2020,train,47542,0.9918598292036515,PARTIAL
yh.000001_ss.logret_1d,inner_2020,val,6230,0.9852327447833066,PARTIAL
yh.000001_ss.logret_1d,inner_2021,train,53771,0.9910918524855405,PARTIAL
yh.000001_ss.logret_1d,inner_2021,val,6219,0.9929249075414054,PARTIAL
yh.000001_ss.logret_1d,inner_2022,train,59966,0.9912783910882833,PARTIAL
yh.000001_ss.logret_1d,inner_2022,val,6239,0.9918256130790191,PARTIAL
yh.000001_ss.logret_1d,inner_2023,train,66206,0.9913300909283147,PARTIAL
yh.000001_ss.logret_1d,inner_2023,val,5409,0.9866888519134775,PARTIAL
yh.000001_ss.logret_5d,inner_2019,train,41329,0.9924266253720148,PARTIAL
yh.000001_ss.logret_5d,inner_2019,val,6213,0.9880894897794946,PARTIAL
yh.000001_ss.logret_5d,inner_2020,train,47542,0.9918598292036515,PARTIAL
yh.000001_ss.logret_5d,inner_2020,val,6230,0.9852327447833066,PARTIAL
yh.000001_ss.logret_5d,inner_2021,train,53771,0.9910918524855405,PARTIAL
yh.000001_ss.logret_5d,inner_2021,val,6219,0.9929249075414054,PARTIAL
yh.000001_ss.logret_5d,inner_2022,train,59966,0.9912783910882833,PARTIAL
yh.000001_ss.logret_5d,inner_2022,val,6239,0.9918256130790191,PARTIAL
yh.000001_ss.logret_5d,inner_2023,train,66206,0.9913300909283147,PARTIAL
yh.000001_ss.logret_5d,inner_2023,val,5409,0.9866888519134775,PARTIAL
yh.axjo.logret_1d,inner_2019,train,41329,1.0,FULL
yh.axjo.logret_1d,inner_2019,val,6213,1.0,FULL
yh.axjo.logret_1d,inner_2020,train,47542,1.0,FULL
yh.axjo.logret_1d,inner_2020,val,6230,1.0,FULL
yh.axjo.logret_1d,inner_2021,train,53771,1.0,FULL
yh.axjo.logret_1d,inner_2021,val,6219,1.0,FULL
yh.axjo.logret_1d,inner_2022,train,59966,1.0,FULL
yh.axjo.logret_1d,inner_2022,val,6239,1.0,FULL
yh.axjo.logret_1d,inner_2023,train,66206,1.0,FULL
yh.axjo.logret_1d,inner_2023,val,5409,1.0,FULL
yh.axjo.logret_5d,inner_2019,train,41329,1.0,FULL
yh.axjo.logret_5d,inner_2019,val,6213,1.0,FULL
yh.axjo.logret_5d,inner_2020,train,47542,1.0,FULL
yh.axjo.logret_5d,inner_2020,val,6230,1.0,FULL
yh.axjo.logret_5d,inner_2021,train,53771,1.0,FULL
yh.axjo.logret_5d,inner_2021,val,6219,1.0,FULL
yh.axjo.logret_5d,inner_2022,train,59966,1.0,FULL
yh.axjo.logret_5d,inner_2022,val,6239,1.0,FULL
yh.axjo.logret_5d,inner_2023,train,66206,1.0,FULL
yh.axjo.logret_5d,inner_2023,val,5409,1.0,FULL
yh.bsesn.logret_1d,inner_2019,train,41329,1.0,FULL
yh.bsesn.logret_1d,inner_2019,val,6213,1.0,FULL
yh.bsesn.logret_1d,inner_2020,train,47542,1.0,FULL
yh.bsesn.logret_1d,inner_2020,val,6230,1.0,FULL
yh.bsesn.logret_1d,inner_2021,train,53771,1.0,FULL
yh.bsesn.logret_1d,inner_2021,val,6219,1.0,FULL
yh.bsesn.logret_1d,inner_2022,train,59966,1.0,FULL
yh.bsesn.logret_1d,inner_2022,val,6239,1.0,FULL
yh.bsesn.logret_1d,inner_2023,train,66206,1.0,FULL
yh.bsesn.logret_1d,inner_2023,val,5409,1.0,FULL
yh.bsesn.logret_5d,inner_2019,train,41329,1.0,FULL
yh.bsesn.logret_5d,inner_2019,val,6213,1.0,FULL
yh.bsesn.logret_5d,inner_2020,train,47542,1.0,FULL
yh.bsesn.logret_5d,inner_2020,val,6230,1.0,FULL
yh.bsesn.logret_5d,inner_2021,train,53771,1.0,FULL
yh.bsesn.logret_5d,inner_2021,val,6219,1.0,FULL
yh.bsesn.logret_5d,inner_2022,train,59966,1.0,FULL
yh.bsesn.logret_5d,inner_2022,val,6239,1.0,FULL
yh.bsesn.logret_5d,inner_2023,train,66206,1.0,FULL
yh.bsesn.logret_5d,inner_2023,val,5409,1.0,FULL
yh.bvsp.logret_1d,inner_2019,train,41329,1.0,FULL
yh.bvsp.logret_1d,inner_2019,val,6213,1.0,FULL
yh.bvsp.logret_1d,inner_2020,train,47542,1.0,FULL
yh.bvsp.logret_1d,inner_2020,val,6230,1.0,FULL
yh.bvsp.logret_1d,inner_2021,train,53771,1.0,FULL
yh.bvsp.logret_1d,inner_2021,val,6219,1.0,FULL
yh.bvsp.logret_1d,inner_2022,train,59966,1.0,FULL
yh.bvsp.logret_1d,inner_2022,val,6239,1.0,FULL
yh.bvsp.logret_1d,inner_2023,train,66206,1.0,FULL
yh.bvsp.logret_1d,inner_2023,val,5409,1.0,FULL
yh.bvsp.logret_5d,inner_2019,train,41329,1.0,FULL
yh.bvsp.logret_5d,inner_2019,val,6213,1.0,FULL
yh.bvsp.logret_5d,inner_2020,train,47542,1.0,FULL
yh.bvsp.logret_5d,inner_2020,val,6230,1.0,FULL
yh.bvsp.logret_5d,inner_2021,train,53771,1.0,FULL
yh.bvsp.logret_5d,inner_2021,val,6219,1.0,FULL
yh.bvsp.logret_5d,inner_2022,train,59966,1.0,FULL
yh.bvsp.logret_5d,inner_2022,val,6239,1.0,FULL
yh.bvsp.logret_5d,inner_2023,train,66206,1.0,FULL
yh.bvsp.logret_5d,inner_2023,val,5409,1.0,FULL
yh.fchi.logret_1d,inner_2019,train,41329,1.0,FULL
yh.fchi.logret_1d,inner_2019,val,6213,1.0,FULL
yh.fchi.logret_1d,inner_2020,train,47542,1.0,FULL
yh.fchi.logret_1d,inner_2020,val,6230,1.0,FULL
yh.fchi.logret_1d,inner_2021,train,53771,1.0,FULL
yh.fchi.logret_1d,inner_2021,val,6219,1.0,FULL
yh.fchi.logret_1d,inner_2022,train,59966,1.0,FULL
yh.fchi.logret_1d,inner_2022,val,6239,1.0,FULL
yh.fchi.logret_1d,inner_2023,train,66206,1.0,FULL
yh.fchi.logret_1d,inner_2023,val,5409,1.0,FULL
yh.fchi.logret_5d,inner_2019,train,41329,1.0,FULL
yh.fchi.logret_5d,inner_2019,val,6213,1.0,FULL
yh.fchi.logret_5d,inner_2020,train,47542,1.0,FULL
yh.fchi.logret_5d,inner_2020,val,6230,1.0,FULL
yh.fchi.logret_5d,inner_2021,train,53771,1.0,FULL
yh.fchi.logret_5d,inner_2021,val,6219,1.0,FULL
yh.fchi.logret_5d,inner_2022,train,59966,1.0,FULL
yh.fchi.logret_5d,inner_2022,val,6239,1.0,FULL
yh.fchi.logret_5d,inner_2023,train,66206,1.0,FULL
yh.fchi.logret_5d,inner_2023,val,5409,1.0,FULL
yh.ftse.logret_1d,inner_2019,train,41329,1.0,FULL
yh.ftse.logret_1d,inner_2019,val,6213,1.0,FULL
yh.ftse.logret_1d,inner_2020,train,47542,1.0,FULL
yh.ftse.logret_1d,inner_2020,val,6230,1.0,FULL
yh.ftse.logret_1d,inner_2021,train,53771,1.0,FULL
yh.ftse.logret_1d,inner_2021,val,6219,1.0,FULL
yh.ftse.logret_1d,inner_2022,train,59966,1.0,FULL
yh.ftse.logret_1d,inner_2022,val,6239,1.0,FULL
yh.ftse.logret_1d,inner_2023,train,66206,1.0,FULL
yh.ftse.logret_1d,inner_2023,val,5409,1.0,FULL
yh.ftse.logret_5d,inner_2019,train,41329,1.0,FULL
yh.ftse.logret_5d,inner_2019,val,6213,1.0,FULL
yh.ftse.logret_5d,inner_2020,train,47542,1.0,FULL
yh.ftse.logret_5d,inner_2020,val,6230,1.0,FULL
yh.ftse.logret_5d,inner_2021,train,53771,1.0,FULL
yh.ftse.logret_5d,inner_2021,val,6219,1.0,FULL
yh.ftse.logret_5d,inner_2022,train,59966,1.0,FULL
yh.ftse.logret_5d,inner_2022,val,6239,1.0,FULL
yh.ftse.logret_5d,inner_2023,train,66206,1.0,FULL
yh.ftse.logret_5d,inner_2023,val,5409,1.0,FULL
yh.gdaxi.logret_1d,inner_2019,train,41329,1.0,FULL
yh.gdaxi.logret_1d,inner_2019,val,6213,1.0,FULL
yh.gdaxi.logret_1d,inner_2020,train,47542,1.0,FULL
yh.gdaxi.logret_1d,inner_2020,val,6230,1.0,FULL
yh.gdaxi.logret_1d,inner_2021,train,53771,1.0,FULL
yh.gdaxi.logret_1d,inner_2021,val,6219,1.0,FULL
yh.gdaxi.logret_1d,inner_2022,train,59966,1.0,FULL
yh.gdaxi.logret_1d,inner_2022,val,6239,1.0,FULL
yh.gdaxi.logret_1d,inner_2023,train,66206,1.0,FULL
yh.gdaxi.logret_1d,inner_2023,val,5409,1.0,FULL
yh.gdaxi.logret_5d,inner_2019,train,41329,1.0,FULL
yh.gdaxi.logret_5d,inner_2019,val,6213,1.0,FULL
yh.gdaxi.logret_5d,inner_2020,train,47542,1.0,FULL
yh.gdaxi.logret_5d,inner_2020,val,6230,1.0,FULL
yh.gdaxi.logret_5d,inner_2021,train,53771,1.0,FULL
yh.gdaxi.logret_5d,inner_2021,val,6219,1.0,FULL
yh.gdaxi.logret_5d,inner_2022,train,59966,1.0,FULL
yh.gdaxi.logret_5d,inner_2022,val,6239,1.0,FULL
yh.gdaxi.logret_5d,inner_2023,train,66206,1.0,FULL
yh.gdaxi.logret_5d,inner_2023,val,5409,1.0,FULL
yh.gsptse.logret_1d,inner_2019,train,41329,1.0,FULL
yh.gsptse.logret_1d,inner_2019,val,6213,1.0,FULL
yh.gsptse.logret_1d,inner_2020,train,47542,1.0,FULL
yh.gsptse.logret_1d,inner_2020,val,6230,1.0,FULL
yh.gsptse.logret_1d,inner_2021,train,53771,1.0,FULL
yh.gsptse.logret_1d,inner_2021,val,6219,1.0,FULL
yh.gsptse.logret_1d,inner_2022,train,59966,1.0,FULL
yh.gsptse.logret_1d,inner_2022,val,6239,1.0,FULL
yh.gsptse.logret_1d,inner_2023,train,66206,1.0,FULL
yh.gsptse.logret_1d,inner_2023,val,5409,1.0,FULL
yh.gsptse.logret_5d,inner_2019,train,41329,1.0,FULL
yh.gsptse.logret_5d,inner_2019,val,6213,1.0,FULL
yh.gsptse.logret_5d,inner_2020,train,47542,1.0,FULL
yh.gsptse.logret_5d,inner_2020,val,6230,1.0,FULL
yh.gsptse.logret_5d,inner_2021,train,53771,1.0,FULL
yh.gsptse.logret_5d,inner_2021,val,6219,1.0,FULL
yh.gsptse.logret_5d,inner_2022,train,59966,1.0,FULL
yh.gsptse.logret_5d,inner_2022,val,6239,1.0,FULL
yh.gsptse.logret_5d,inner_2023,train,66206,1.0,FULL
yh.gsptse.logret_5d,inner_2023,val,5409,1.0,FULL
yh.hsi.logret_1d,inner_2019,train,41329,1.0,FULL
yh.hsi.logret_1d,inner_2019,val,6213,1.0,FULL
yh.hsi.logret_1d,inner_2020,train,47542,1.0,FULL
yh.hsi.logret_1d,inner_2020,val,6230,1.0,FULL
yh.hsi.logret_1d,inner_2021,train,53771,1.0,FULL
yh.hsi.logret_1d,inner_2021,val,6219,1.0,FULL
yh.hsi.logret_1d,inner_2022,train,59966,1.0,FULL
yh.hsi.logret_1d,inner_2022,val,6239,1.0,FULL
yh.hsi.logret_1d,inner_2023,train,66206,1.0,FULL
yh.hsi.logret_1d,inner_2023,val,5409,1.0,FULL
yh.hsi.logret_5d,inner_2019,train,41329,1.0,FULL
yh.hsi.logret_5d,inner_2019,val,6213,1.0,FULL
yh.hsi.logret_5d,inner_2020,train,47542,1.0,FULL
yh.hsi.logret_5d,inner_2020,val,6230,1.0,FULL
yh.hsi.logret_5d,inner_2021,train,53771,1.0,FULL
yh.hsi.logret_5d,inner_2021,val,6219,1.0,FULL
yh.hsi.logret_5d,inner_2022,train,59966,1.0,FULL
yh.hsi.logret_5d,inner_2022,val,6239,1.0,FULL
yh.hsi.logret_5d,inner_2023,train,66206,1.0,FULL
yh.hsi.logret_5d,inner_2023,val,5409,1.0,FULL
yh.ks11.logret_1d,inner_2019,train,41329,0.9987901957463282,PARTIAL
yh.ks11.logret_1d,inner_2019,val,6213,1.0,FULL
yh.ks11.logret_1d,inner_2020,train,47542,0.998948298346725,PARTIAL
yh.ks11.logret_1d,inner_2020,val,6230,1.0,FULL
yh.ks11.logret_1d,inner_2021,train,53771,0.999070130739618,PARTIAL
yh.ks11.logret_1d,inner_2021,val,6219,1.0,FULL
yh.ks11.logret_1d,inner_2022,train,59966,0.9991661941767002,PARTIAL
yh.ks11.logret_1d,inner_2022,val,6239,1.0,FULL
yh.ks11.logret_1d,inner_2023,train,66206,0.9992447814397487,PARTIAL
yh.ks11.logret_1d,inner_2023,val,5409,1.0,FULL
yh.ks11.logret_5d,inner_2019,train,41329,0.9987901957463282,PARTIAL
yh.ks11.logret_5d,inner_2019,val,6213,1.0,FULL
yh.ks11.logret_5d,inner_2020,train,47542,0.998948298346725,PARTIAL
yh.ks11.logret_5d,inner_2020,val,6230,1.0,FULL
yh.ks11.logret_5d,inner_2021,train,53771,0.999070130739618,PARTIAL
yh.ks11.logret_5d,inner_2021,val,6219,1.0,FULL
yh.ks11.logret_5d,inner_2022,train,59966,0.9991661941767002,PARTIAL
yh.ks11.logret_5d,inner_2022,val,6239,1.0,FULL
yh.ks11.logret_5d,inner_2023,train,66206,0.9992447814397487,PARTIAL
yh.ks11.logret_5d,inner_2023,val,5409,1.0,FULL
yh.mxx.logret_1d,inner_2019,train,41329,1.0,FULL
yh.mxx.logret_1d,inner_2019,val,6213,1.0,FULL
yh.mxx.logret_1d,inner_2020,train,47542,1.0,FULL
yh.mxx.logret_1d,inner_2020,val,6230,1.0,FULL
yh.mxx.logret_1d,inner_2021,train,53771,1.0,FULL
yh.mxx.logret_1d,inner_2021,val,6219,1.0,FULL
yh.mxx.logret_1d,inner_2022,train,59966,1.0,FULL
yh.mxx.logret_1d,inner_2022,val,6239,1.0,FULL
yh.mxx.logret_1d,inner_2023,train,66206,1.0,FULL
yh.mxx.logret_1d,inner_2023,val,5409,1.0,FULL
yh.mxx.logret_5d,inner_2019,train,41329,1.0,FULL
yh.mxx.logret_5d,inner_2019,val,6213,1.0,FULL
yh.mxx.logret_5d,inner_2020,train,47542,1.0,FULL
yh.mxx.logret_5d,inner_2020,val,6230,1.0,FULL
yh.mxx.logret_5d,inner_2021,train,53771,1.0,FULL
yh.mxx.logret_5d,inner_2021,val,6219,1.0,FULL
yh.mxx.logret_5d,inner_2022,train,59966,1.0,FULL
yh.mxx.logret_5d,inner_2022,val,6239,1.0,FULL
yh.mxx.logret_5d,inner_2023,train,66206,1.0,FULL
yh.mxx.logret_5d,inner_2023,val,5409,1.0,FULL
yh.n225.logret_1d,inner_2019,train,41329,1.0,FULL
yh.n225.logret_1d,inner_2019,val,6213,0.991952357959118,PARTIAL
yh.n225.logret_1d,inner_2020,train,47542,0.998948298346725,PARTIAL
yh.n225.logret_1d,inner_2020,val,6230,1.0,FULL
yh.n225.logret_1d,inner_2021,train,53771,0.999070130739618,PARTIAL
yh.n225.logret_1d,inner_2021,val,6219,1.0,FULL
yh.n225.logret_1d,inner_2022,train,59966,0.9991661941767002,PARTIAL
yh.n225.logret_1d,inner_2022,val,6239,1.0,FULL
yh.n225.logret_1d,inner_2023,train,66206,0.9992447814397487,PARTIAL
yh.n225.logret_1d,inner_2023,val,5409,1.0,FULL
yh.n225.logret_5d,inner_2019,train,41329,1.0,FULL
yh.n225.logret_5d,inner_2019,val,6213,0.991952357959118,PARTIAL
yh.n225.logret_5d,inner_2020,train,47542,0.998948298346725,PARTIAL
yh.n225.logret_5d,inner_2020,val,6230,1.0,FULL
yh.n225.logret_5d,inner_2021,train,53771,0.999070130739618,PARTIAL
yh.n225.logret_5d,inner_2021,val,6219,1.0,FULL
yh.n225.logret_5d,inner_2022,train,59966,0.9991661941767002,PARTIAL
yh.n225.logret_5d,inner_2022,val,6239,1.0,FULL
yh.n225.logret_5d,inner_2023,train,66206,0.9992447814397487,PARTIAL
yh.n225.logret_5d,inner_2023,val,5409,1.0,FULL
yh.stoxx50e.logret_1d,inner_2019,train,41329,1.0,FULL
yh.stoxx50e.logret_1d,inner_2019,val,6213,1.0,FULL
yh.stoxx50e.logret_1d,inner_2020,train,47542,1.0,FULL
yh.stoxx50e.logret_1d,inner_2020,val,6230,1.0,FULL
yh.stoxx50e.logret_1d,inner_2021,train,53771,1.0,FULL
yh.stoxx50e.logret_1d,inner_2021,val,6219,1.0,FULL
yh.stoxx50e.logret_1d,inner_2022,train,59966,1.0,FULL
yh.stoxx50e.logret_1d,inner_2022,val,6239,1.0,FULL
yh.stoxx50e.logret_1d,inner_2023,train,66206,1.0,FULL
yh.stoxx50e.logret_1d,inner_2023,val,5409,1.0,FULL
yh.stoxx50e.logret_5d,inner_2019,train,41329,1.0,FULL
yh.stoxx50e.logret_5d,inner_2019,val,6213,1.0,FULL
yh.stoxx50e.logret_5d,inner_2020,train,47542,1.0,FULL
yh.stoxx50e.logret_5d,inner_2020,val,6230,1.0,FULL
yh.stoxx50e.logret_5d,inner_2021,train,53771,1.0,FULL
yh.stoxx50e.logret_5d,inner_2021,val,6219,1.0,FULL
yh.stoxx50e.logret_5d,inner_2022,train,59966,1.0,FULL
yh.stoxx50e.logret_5d,inner_2022,val,6239,1.0,FULL
yh.stoxx50e.logret_5d,inner_2023,train,66206,1.0,FULL
yh.stoxx50e.logret_5d,inner_2023,val,5409,1.0,FULL
yh.twii.logret_1d,inner_2019,train,41329,0.9919668997556196,PARTIAL
yh.twii.logret_1d,inner_2019,val,6213,0.9885723483019475,PARTIAL
yh.twii.logret_1d,inner_2020,train,47542,0.9915232846746035,PARTIAL
yh.twii.logret_1d,inner_2020,val,6230,0.9886035313001605,PARTIAL
yh.twii.logret_1d,inner_2021,train,53771,0.9911848394115788,PARTIAL
yh.twii.logret_1d,inner_2021,val,6219,0.988261778420968,PARTIAL
yh.twii.logret_1d,inner_2022,train,59966,0.9908781642930994,PARTIAL
yh.twii.logret_1d,inner_2022,val,6239,0.9886199711492226,PARTIAL
yh.twii.logret_1d,inner_2023,train,66206,0.9906654985952935,PARTIAL
yh.twii.logret_1d,inner_2023,val,5409,0.9826215566648179,PARTIAL
yh.twii.logret_5d,inner_2019,train,41329,0.9919668997556196,PARTIAL
yh.twii.logret_5d,inner_2019,val,6213,0.9885723483019475,PARTIAL
yh.twii.logret_5d,inner_2020,train,47542,0.9915232846746035,PARTIAL
yh.twii.logret_5d,inner_2020,val,6230,0.9886035313001605,PARTIAL
yh.twii.logret_5d,inner_2021,train,53771,0.9911848394115788,PARTIAL
yh.twii.logret_5d,inner_2021,val,6219,0.988261778420968,PARTIAL
yh.twii.logret_5d,inner_2022,train,59966,0.9908781642930994,PARTIAL
yh.twii.logret_5d,inner_2022,val,6239,0.9886199711492226,PARTIAL
yh.twii.logret_5d,inner_2023,train,66206,0.9906654985952935,PARTIAL
yh.twii.logret_5d,inner_2023,val,5409,0.9826215566648179,PARTIAL
yh.dji.logret_1d,inner_2019,train,41329,1.0,FULL
yh.dji.logret_1d,inner_2019,val,6213,1.0,FULL
yh.dji.logret_1d,inner_2020,train,47542,1.0,FULL
yh.dji.logret_1d,inner_2020,val,6230,1.0,FULL
yh.dji.logret_1d,inner_2021,train,53771,1.0,FULL
yh.dji.logret_1d,inner_2021,val,6219,1.0,FULL
yh.dji.logret_1d,inner_2022,train,59966,1.0,FULL
yh.dji.logret_1d,inner_2022,val,6239,1.0,FULL
yh.dji.logret_1d,inner_2023,train,66206,1.0,FULL
yh.dji.logret_1d,inner_2023,val,5409,1.0,FULL
yh.dji.logret_5d,inner_2019,train,41329,1.0,FULL
yh.dji.logret_5d,inner_2019,val,6213,1.0,FULL
yh.dji.logret_5d,inner_2020,train,47542,1.0,FULL
yh.dji.logret_5d,inner_2020,val,6230,1.0,FULL
yh.dji.logret_5d,inner_2021,train,53771,1.0,FULL
yh.dji.logret_5d,inner_2021,val,6219,1.0,FULL
yh.dji.logret_5d,inner_2022,train,59966,1.0,FULL
yh.dji.logret_5d,inner_2022,val,6239,1.0,FULL
yh.dji.logret_5d,inner_2023,train,66206,1.0,FULL
yh.dji.logret_5d,inner_2023,val,5409,1.0,FULL
yh.gspc.logret_1d,inner_2019,train,41329,1.0,FULL
yh.gspc.logret_1d,inner_2019,val,6213,1.0,FULL
yh.gspc.logret_1d,inner_2020,train,47542,1.0,FULL
yh.gspc.logret_1d,inner_2020,val,6230,1.0,FULL
yh.gspc.logret_1d,inner_2021,train,53771,1.0,FULL
yh.gspc.logret_1d,inner_2021,val,6219,1.0,FULL
yh.gspc.logret_1d,inner_2022,train,59966,1.0,FULL
yh.gspc.logret_1d,inner_2022,val,6239,1.0,FULL
yh.gspc.logret_1d,inner_2023,train,66206,1.0,FULL
yh.gspc.logret_1d,inner_2023,val,5409,1.0,FULL
yh.gspc.logret_5d,inner_2019,train,41329,1.0,FULL
yh.gspc.logret_5d,inner_2019,val,6213,1.0,FULL
yh.gspc.logret_5d,inner_2020,train,47542,1.0,FULL
yh.gspc.logret_5d,inner_2020,val,6230,1.0,FULL
yh.gspc.logret_5d,inner_2021,train,53771,1.0,FULL
yh.gspc.logret_5d,inner_2021,val,6219,1.0,FULL
yh.gspc.logret_5d,inner_2022,train,59966,1.0,FULL
yh.gspc.logret_5d,inner_2022,val,6239,1.0,FULL
yh.gspc.logret_5d,inner_2023,train,66206,1.0,FULL
yh.gspc.logret_5d,inner_2023,val,5409,1.0,FULL
yh.ixic.logret_1d,inner_2019,train,41329,1.0,FULL
yh.ixic.logret_1d,inner_2019,val,6213,1.0,FULL
yh.ixic.logret_1d,inner_2020,train,47542,1.0,FULL
yh.ixic.logret_1d,inner_2020,val,6230,1.0,FULL
yh.ixic.logret_1d,inner_2021,train,53771,1.0,FULL
yh.ixic.logret_1d,inner_2021,val,6219,1.0,FULL
yh.ixic.logret_1d,inner_2022,train,59966,1.0,FULL
yh.ixic.logret_1d,inner_2022,val,6239,1.0,FULL
yh.ixic.logret_1d,inner_2023,train,66206,1.0,FULL
yh.ixic.logret_1d,inner_2023,val,5409,1.0,FULL
yh.ixic.logret_5d,inner_2019,train,41329,1.0,FULL
yh.ixic.logret_5d,inner_2019,val,6213,1.0,FULL
yh.ixic.logret_5d,inner_2020,train,47542,1.0,FULL
yh.ixic.logret_5d,inner_2020,val,6230,1.0,FULL
yh.ixic.logret_5d,inner_2021,train,53771,1.0,FULL
yh.ixic.logret_5d,inner_2021,val,6219,1.0,FULL
yh.ixic.logret_5d,inner_2022,train,59966,1.0,FULL
yh.ixic.logret_5d,inner_2022,val,6239,1.0,FULL
yh.ixic.logret_5d,inner_2023,train,66206,1.0,FULL
yh.ixic.logret_5d,inner_2023,val,5409,1.0,FULL
yh.rut.logret_1d,inner_2019,train,41329,1.0,FULL
yh.rut.logret_1d,inner_2019,val,6213,1.0,FULL
yh.rut.logret_1d,inner_2020,train,47542,1.0,FULL
yh.rut.logret_1d,inner_2020,val,6230,1.0,FULL
yh.rut.logret_1d,inner_2021,train,53771,1.0,FULL
yh.rut.logret_1d,inner_2021,val,6219,1.0,FULL
yh.rut.logret_1d,inner_2022,train,59966,1.0,FULL
yh.rut.logret_1d,inner_2022,val,6239,1.0,FULL
yh.rut.logret_1d,inner_2023,train,66206,1.0,FULL
yh.rut.logret_1d,inner_2023,val,5409,1.0,FULL
yh.rut.logret_5d,inner_2019,train,41329,1.0,FULL
yh.rut.logret_5d,inner_2019,val,6213,1.0,FULL
yh.rut.logret_5d,inner_2020,train,47542,1.0,FULL
yh.rut.logret_5d,inner_2020,val,6230,1.0,FULL
yh.rut.logret_5d,inner_2021,train,53771,1.0,FULL
yh.rut.logret_5d,inner_2021,val,6219,1.0,FULL
yh.rut.logret_5d,inner_2022,train,59966,1.0,FULL
yh.rut.logret_5d,inner_2022,val,6239,1.0,FULL
yh.rut.logret_5d,inner_2023,train,66206,1.0,FULL
yh.rut.logret_5d,inner_2023,val,5409,1.0,FULL
yh.vix.level,inner_2019,train,41329,1.0,FULL
yh.vix.level,inner_2019,val,6213,1.0,FULL
yh.vix.level,inner_2020,train,47542,1.0,FULL
yh.vix.level,inner_2020,val,6230,1.0,FULL
yh.vix.level,inner_2021,train,53771,1.0,FULL
yh.vix.level,inner_2021,val,6219,1.0,FULL
yh.vix.level,inner_2022,train,59966,1.0,FULL
yh.vix.level,inner_2022,val,6239,1.0,FULL
yh.vix.level,inner_2023,train,66206,1.0,FULL
yh.vix.level,inner_2023,val,5409,1.0,FULL
yh.vix.logret_1d,inner_2019,train,41329,1.0,FULL
yh.vix.logret_1d,inner_2019,val,6213,1.0,FULL
yh.vix.logret_1d,inner_2020,train,47542,1.0,FULL
yh.vix.logret_1d,inner_2020,val,6230,1.0,FULL
yh.vix.logret_1d,inner_2021,train,53771,1.0,FULL
yh.vix.logret_1d,inner_2021,val,6219,1.0,FULL
yh.vix.logret_1d,inner_2022,train,59966,1.0,FULL
yh.vix.logret_1d,inner_2022,val,6239,1.0,FULL
yh.vix.logret_1d,inner_2023,train,66206,1.0,FULL
yh.vix.logret_1d,inner_2023,val,5409,1.0,FULL
yh.vix.logret_5d,inner_2019,train,41329,1.0,FULL
yh.vix.logret_5d,inner_2019,val,6213,1.0,FULL
yh.vix.logret_5d,inner_2020,train,47542,1.0,FULL
yh.vix.logret_5d,inner_2020,val,6230,1.0,FULL
yh.vix.logret_5d,inner_2021,train,53771,1.0,FULL
yh.vix.logret_5d,inner_2021,val,6219,1.0,FULL
yh.vix.logret_5d,inner_2022,train,59966,1.0,FULL
yh.vix.logret_5d,inner_2022,val,6239,1.0,FULL
yh.vix.logret_5d,inner_2023,train,66206,1.0,FULL
yh.vix.logret_5d,inner_2023,val,5409,1.0,FULL
yh.usdbrl_x.logret_1d,inner_2019,train,41329,1.0,FULL
yh.usdbrl_x.logret_1d,inner_2019,val,6213,1.0,FULL
yh.usdbrl_x.logret_1d,inner_2020,train,47542,1.0,FULL
yh.usdbrl_x.logret_1d,inner_2020,val,6230,1.0,FULL
yh.usdbrl_x.logret_1d,inner_2021,train,53771,1.0,FULL
yh.usdbrl_x.logret_1d,inner_2021,val,6219,1.0,FULL
yh.usdbrl_x.logret_1d,inner_2022,train,59966,1.0,FULL
yh.usdbrl_x.logret_1d,inner_2022,val,6239,1.0,FULL
yh.usdbrl_x.logret_1d,inner_2023,train,66206,1.0,FULL
yh.usdbrl_x.logret_1d,inner_2023,val,5409,1.0,FULL
yh.usdbrl_x.logret_5d,inner_2019,train,41329,1.0,FULL
yh.usdbrl_x.logret_5d,inner_2019,val,6213,1.0,FULL
yh.usdbrl_x.logret_5d,inner_2020,train,47542,1.0,FULL
yh.usdbrl_x.logret_5d,inner_2020,val,6230,1.0,FULL
yh.usdbrl_x.logret_5d,inner_2021,train,53771,1.0,FULL
yh.usdbrl_x.logret_5d,inner_2021,val,6219,1.0,FULL
yh.usdbrl_x.logret_5d,inner_2022,train,59966,1.0,FULL
yh.usdbrl_x.logret_5d,inner_2022,val,6239,1.0,FULL
yh.usdbrl_x.logret_5d,inner_2023,train,66206,1.0,FULL
yh.usdbrl_x.logret_5d,inner_2023,val,5409,1.0,FULL
yh.usdclp_x.logret_1d,inner_2019,train,41329,1.0,FULL
yh.usdclp_x.logret_1d,inner_2019,val,6213,1.0,FULL
yh.usdclp_x.logret_1d,inner_2020,train,47542,1.0,FULL
yh.usdclp_x.logret_1d,inner_2020,val,6230,1.0,FULL
yh.usdclp_x.logret_1d,inner_2021,train,53771,1.0,FULL
yh.usdclp_x.logret_1d,inner_2021,val,6219,1.0,FULL
yh.usdclp_x.logret_1d,inner_2022,train,59966,1.0,FULL
yh.usdclp_x.logret_1d,inner_2022,val,6239,1.0,FULL
yh.usdclp_x.logret_1d,inner_2023,train,66206,1.0,FULL
yh.usdclp_x.logret_1d,inner_2023,val,5409,1.0,FULL
yh.usdclp_x.logret_5d,inner_2019,train,41329,1.0,FULL
yh.usdclp_x.logret_5d,inner_2019,val,6213,1.0,FULL
yh.usdclp_x.logret_5d,inner_2020,train,47542,1.0,FULL
yh.usdclp_x.logret_5d,inner_2020,val,6230,1.0,FULL
yh.usdclp_x.logret_5d,inner_2021,train,53771,1.0,FULL
yh.usdclp_x.logret_5d,inner_2021,val,6219,1.0,FULL
yh.usdclp_x.logret_5d,inner_2022,train,59966,1.0,FULL
yh.usdclp_x.logret_5d,inner_2022,val,6239,1.0,FULL
yh.usdclp_x.logret_5d,inner_2023,train,66206,1.0,FULL
yh.usdclp_x.logret_5d,inner_2023,val,5409,1.0,FULL
yh.usdcop_x.logret_1d,inner_2019,train,41329,0.9958382733673692,PARTIAL
yh.usdcop_x.logret_1d,inner_2019,val,6213,1.0,FULL
yh.usdcop_x.logret_1d,inner_2020,train,47542,0.996382146312734,PARTIAL
yh.usdcop_x.logret_1d,inner_2020,val,6230,1.0,FULL
yh.usdcop_x.logret_1d,inner_2021,train,53771,0.996801249744286,PARTIAL
yh.usdcop_x.logret_1d,inner_2021,val,6219,1.0,FULL
yh.usdcop_x.logret_1d,inner_2022,train,59966,0.9971317079678484,PARTIAL
yh.usdcop_x.logret_1d,inner_2022,val,6239,1.0,FULL
yh.usdcop_x.logret_1d,inner_2023,train,66206,0.9974020481527354,PARTIAL
yh.usdcop_x.logret_1d,inner_2023,val,5409,1.0,FULL
yh.usdcop_x.logret_5d,inner_2019,train,41329,0.9958382733673692,PARTIAL
yh.usdcop_x.logret_5d,inner_2019,val,6213,1.0,FULL
yh.usdcop_x.logret_5d,inner_2020,train,47542,0.996382146312734,PARTIAL
yh.usdcop_x.logret_5d,inner_2020,val,6230,1.0,FULL
yh.usdcop_x.logret_5d,inner_2021,train,53771,0.996801249744286,PARTIAL
yh.usdcop_x.logret_5d,inner_2021,val,6219,1.0,FULL
yh.usdcop_x.logret_5d,inner_2022,train,59966,0.9971317079678484,PARTIAL
yh.usdcop_x.logret_5d,inner_2022,val,6239,1.0,FULL
yh.usdcop_x.logret_5d,inner_2023,train,66206,0.9974020481527354,PARTIAL
yh.usdcop_x.logret_5d,inner_2023,val,5409,1.0,FULL
yh.usdidr_x.logret_1d,inner_2019,train,41329,1.0,FULL
yh.usdidr_x.logret_1d,inner_2019,val,6213,1.0,FULL
yh.usdidr_x.logret_1d,inner_2020,train,47542,1.0,FULL
yh.usdidr_x.logret_1d,inner_2020,val,6230,1.0,FULL
yh.usdidr_x.logret_1d,inner_2021,train,53771,1.0,FULL
yh.usdidr_x.logret_1d,inner_2021,val,6219,1.0,FULL
yh.usdidr_x.logret_1d,inner_2022,train,59966,1.0,FULL
yh.usdidr_x.logret_1d,inner_2022,val,6239,1.0,FULL
yh.usdidr_x.logret_1d,inner_2023,train,66206,1.0,FULL
yh.usdidr_x.logret_1d,inner_2023,val,5409,1.0,FULL
yh.usdidr_x.logret_5d,inner_2019,train,41329,1.0,FULL
yh.usdidr_x.logret_5d,inner_2019,val,6213,1.0,FULL
yh.usdidr_x.logret_5d,inner_2020,train,47542,1.0,FULL
yh.usdidr_x.logret_5d,inner_2020,val,6230,1.0,FULL
yh.usdidr_x.logret_5d,inner_2021,train,53771,1.0,FULL
yh.usdidr_x.logret_5d,inner_2021,val,6219,1.0,FULL
yh.usdidr_x.logret_5d,inner_2022,train,59966,1.0,FULL
yh.usdidr_x.logret_5d,inner_2022,val,6239,1.0,FULL
yh.usdidr_x.logret_5d,inner_2023,train,66206,1.0,FULL
yh.usdidr_x.logret_5d,inner_2023,val,5409,1.0,FULL
yh.usdinr_x.logret_1d,inner_2019,train,41329,1.0,FULL
yh.usdinr_x.logret_1d,inner_2019,val,6213,1.0,FULL
yh.usdinr_x.logret_1d,inner_2020,train,47542,1.0,FULL
yh.usdinr_x.logret_1d,inner_2020,val,6230,1.0,FULL
yh.usdinr_x.logret_1d,inner_2021,train,53771,1.0,FULL
yh.usdinr_x.logret_1d,inner_2021,val,6219,1.0,FULL
yh.usdinr_x.logret_1d,inner_2022,train,59966,1.0,FULL
yh.usdinr_x.logret_1d,inner_2022,val,6239,1.0,FULL
yh.usdinr_x.logret_1d,inner_2023,train,66206,1.0,FULL
yh.usdinr_x.logret_1d,inner_2023,val,5409,1.0,FULL
yh.usdinr_x.logret_5d,inner_2019,train,41329,1.0,FULL
yh.usdinr_x.logret_5d,inner_2019,val,6213,1.0,FULL
yh.usdinr_x.logret_5d,inner_2020,train,47542,1.0,FULL
yh.usdinr_x.logret_5d,inner_2020,val,6230,1.0,FULL
yh.usdinr_x.logret_5d,inner_2021,train,53771,1.0,FULL
yh.usdinr_x.logret_5d,inner_2021,val,6219,1.0,FULL
yh.usdinr_x.logret_5d,inner_2022,train,59966,1.0,FULL
yh.usdinr_x.logret_5d,inner_2022,val,6239,1.0,FULL
yh.usdinr_x.logret_5d,inner_2023,train,66206,1.0,FULL
yh.usdinr_x.logret_5d,inner_2023,val,5409,1.0,FULL
yh.usdkrw_x.logret_1d,inner_2019,train,41329,1.0,FULL
yh.usdkrw_x.logret_1d,inner_2019,val,6213,1.0,FULL
yh.usdkrw_x.logret_1d,inner_2020,train,47542,1.0,FULL
yh.usdkrw_x.logret_1d,inner_2020,val,6230,1.0,FULL
yh.usdkrw_x.logret_1d,inner_2021,train,53771,1.0,FULL
yh.usdkrw_x.logret_1d,inner_2021,val,6219,1.0,FULL
yh.usdkrw_x.logret_1d,inner_2022,train,59966,1.0,FULL
yh.usdkrw_x.logret_1d,inner_2022,val,6239,1.0,FULL
yh.usdkrw_x.logret_1d,inner_2023,train,66206,1.0,FULL
yh.usdkrw_x.logret_1d,inner_2023,val,5409,1.0,FULL
yh.usdkrw_x.logret_5d,inner_2019,train,41329,1.0,FULL
yh.usdkrw_x.logret_5d,inner_2019,val,6213,1.0,FULL
yh.usdkrw_x.logret_5d,inner_2020,train,47542,1.0,FULL
yh.usdkrw_x.logret_5d,inner_2020,val,6230,1.0,FULL
yh.usdkrw_x.logret_5d,inner_2021,train,53771,1.0,FULL
yh.usdkrw_x.logret_5d,inner_2021,val,6219,1.0,FULL
yh.usdkrw_x.logret_5d,inner_2022,train,59966,1.0,FULL
yh.usdkrw_x.logret_5d,inner_2022,val,6239,1.0,FULL
yh.usdkrw_x.logret_5d,inner_2023,train,66206,1.0,FULL
yh.usdkrw_x.logret_5d,inner_2023,val,5409,1.0,FULL
yh.usdmxn_x.logret_1d,inner_2019,train,41329,1.0,FULL
yh.usdmxn_x.logret_1d,inner_2019,val,6213,1.0,FULL
yh.usdmxn_x.logret_1d,inner_2020,train,47542,1.0,FULL
yh.usdmxn_x.logret_1d,inner_2020,val,6230,1.0,FULL
yh.usdmxn_x.logret_1d,inner_2021,train,53771,1.0,FULL
yh.usdmxn_x.logret_1d,inner_2021,val,6219,1.0,FULL
yh.usdmxn_x.logret_1d,inner_2022,train,59966,1.0,FULL
yh.usdmxn_x.logret_1d,inner_2022,val,6239,1.0,FULL
yh.usdmxn_x.logret_1d,inner_2023,train,66206,1.0,FULL
yh.usdmxn_x.logret_1d,inner_2023,val,5409,1.0,FULL
yh.usdmxn_x.logret_5d,inner_2019,train,41329,1.0,FULL
yh.usdmxn_x.logret_5d,inner_2019,val,6213,1.0,FULL
yh.usdmxn_x.logret_5d,inner_2020,train,47542,1.0,FULL
yh.usdmxn_x.logret_5d,inner_2020,val,6230,1.0,FULL
yh.usdmxn_x.logret_5d,inner_2021,train,53771,1.0,FULL
yh.usdmxn_x.logret_5d,inner_2021,val,6219,1.0,FULL
yh.usdmxn_x.logret_5d,inner_2022,train,59966,1.0,FULL
yh.usdmxn_x.logret_5d,inner_2022,val,6239,1.0,FULL
yh.usdmxn_x.logret_5d,inner_2023,train,66206,1.0,FULL
yh.usdmxn_x.logret_5d,inner_2023,val,5409,1.0,FULL
yh.usdtry_x.logret_1d,inner_2019,train,41329,1.0,FULL
yh.usdtry_x.logret_1d,inner_2019,val,6213,1.0,FULL
yh.usdtry_x.logret_1d,inner_2020,train,47542,1.0,FULL
yh.usdtry_x.logret_1d,inner_2020,val,6230,1.0,FULL
yh.usdtry_x.logret_1d,inner_2021,train,53771,1.0,FULL
yh.usdtry_x.logret_1d,inner_2021,val,6219,1.0,FULL
yh.usdtry_x.logret_1d,inner_2022,train,59966,1.0,FULL
yh.usdtry_x.logret_1d,inner_2022,val,6239,1.0,FULL
yh.usdtry_x.logret_1d,inner_2023,train,66206,1.0,FULL
yh.usdtry_x.logret_1d,inner_2023,val,5409,1.0,FULL
yh.usdtry_x.logret_5d,inner_2019,train,41329,1.0,FULL
yh.usdtry_x.logret_5d,inner_2019,val,6213,1.0,FULL
yh.usdtry_x.logret_5d,inner_2020,train,47542,1.0,FULL
yh.usdtry_x.logret_5d,inner_2020,val,6230,1.0,FULL
yh.usdtry_x.logret_5d,inner_2021,train,53771,1.0,FULL
yh.usdtry_x.logret_5d,inner_2021,val,6219,1.0,FULL
yh.usdtry_x.logret_5d,inner_2022,train,59966,1.0,FULL
yh.usdtry_x.logret_5d,inner_2022,val,6239,1.0,FULL
yh.usdtry_x.logret_5d,inner_2023,train,66206,1.0,FULL
yh.usdtry_x.logret_5d,inner_2023,val,5409,1.0,FULL
yh.usdtwd_x.logret_1d,inner_2019,train,41329,1.0,FULL
yh.usdtwd_x.logret_1d,inner_2019,val,6213,1.0,FULL
yh.usdtwd_x.logret_1d,inner_2020,train,47542,1.0,FULL
yh.usdtwd_x.logret_1d,inner_2020,val,6230,1.0,FULL
yh.usdtwd_x.logret_1d,inner_2021,train,53771,1.0,FULL
yh.usdtwd_x.logret_1d,inner_2021,val,6219,1.0,FULL
yh.usdtwd_x.logret_1d,inner_2022,train,59966,1.0,FULL
yh.usdtwd_x.logret_1d,inner_2022,val,6239,1.0,FULL
yh.usdtwd_x.logret_1d,inner_2023,train,66206,1.0,FULL
yh.usdtwd_x.logret_1d,inner_2023,val,5409,1.0,FULL
yh.usdtwd_x.logret_5d,inner_2019,train,41329,1.0,FULL
yh.usdtwd_x.logret_5d,inner_2019,val,6213,1.0,FULL
yh.usdtwd_x.logret_5d,inner_2020,train,47542,1.0,FULL
yh.usdtwd_x.logret_5d,inner_2020,val,6230,1.0,FULL
yh.usdtwd_x.logret_5d,inner_2021,train,53771,1.0,FULL
yh.usdtwd_x.logret_5d,inner_2021,val,6219,1.0,FULL
yh.usdtwd_x.logret_5d,inner_2022,train,59966,1.0,FULL
yh.usdtwd_x.logret_5d,inner_2022,val,6239,1.0,FULL
yh.usdtwd_x.logret_5d,inner_2023,train,66206,1.0,FULL
yh.usdtwd_x.logret_5d,inner_2023,val,5409,1.0,FULL
yh.usdzar_x.logret_1d,inner_2019,train,41329,1.0,FULL
yh.usdzar_x.logret_1d,inner_2019,val,6213,1.0,FULL
yh.usdzar_x.logret_1d,inner_2020,train,47542,1.0,FULL
yh.usdzar_x.logret_1d,inner_2020,val,6230,1.0,FULL
yh.usdzar_x.logret_1d,inner_2021,train,53771,1.0,FULL
yh.usdzar_x.logret_1d,inner_2021,val,6219,1.0,FULL
yh.usdzar_x.logret_1d,inner_2022,train,59966,1.0,FULL
yh.usdzar_x.logret_1d,inner_2022,val,6239,1.0,FULL
yh.usdzar_x.logret_1d,inner_2023,train,66206,1.0,FULL
yh.usdzar_x.logret_1d,inner_2023,val,5409,1.0,FULL
yh.usdzar_x.logret_5d,inner_2019,train,41329,1.0,FULL
yh.usdzar_x.logret_5d,inner_2019,val,6213,1.0,FULL
yh.usdzar_x.logret_5d,inner_2020,train,47542,1.0,FULL
yh.usdzar_x.logret_5d,inner_2020,val,6230,1.0,FULL
yh.usdzar_x.logret_5d,inner_2021,train,53771,1.0,FULL
yh.usdzar_x.logret_5d,inner_2021,val,6219,1.0,FULL
yh.usdzar_x.logret_5d,inner_2022,train,59966,1.0,FULL
yh.usdzar_x.logret_5d,inner_2022,val,6239,1.0,FULL
yh.usdzar_x.logret_5d,inner_2023,train,66206,1.0,FULL
yh.usdzar_x.logret_5d,inner_2023,val,5409,1.0,FULL
