feature_id,metric,state,value,reason,metrics_version
fx.audusd.logret_1h,missingness,MEASURED,"{""n_rows"": 71734, ""n_finite"": 71347, ""missing_fraction"": 0.005394931273872916}",,laneA_ps1_metrics.v1
fx.audusd.logret_1h,constant,MEASURED,"{""n_unique"": 70473, ""is_constant"": false, ""top_value_share"": 0.006223106787951841}",,laneA_ps1_metrics.v1
fx.audusd.logret_1h,scale_tails,MEASURED,"{""mean"": -5.981397364171546e-06, ""std"": 0.0013691444403855222, ""min"": -0.02671173783943681, ""max"": 0.028533709010874486, ""p001"": -0.007969874783812584, ""p01"": -0.0037394003627534422, ""p05"": -0.002007137691071151, ""p25"": -0.0006330483850084945, ""median"": 0.0, ""p75"": 0.0006310256561989358, ""p95"": 0.001962944229959517, ""p99"": 0.003661920169838877, ""p999"": 0.007571835510942532, ""mad"": 0.0006321665364031337, ""skew"": -0.2566088166030192, ""excess_kurtosis"": 19.97674946592473, ""tail_ratio_p99_mad"": 5.7926510800053865, ""share_beyond_5mad"": 0.031143565952317546}",,laneA_ps1_metrics.v1
fx.audusd.logret_1h,volatility,MEASURED,"{""std_first_diff"": 0.00195295591670826, ""rolling168_std_median"": 0.0011988321847855178, ""vol_of_vol_cv"": 0.366690484613058}",,laneA_ps1_metrics.v1
fx.audusd.logret_1h,acf,MEASURED,"{""lag_1"": -0.02113046001939361, ""lag_6"": -0.00020572471128915367, ""lag_24"": 0.002812306964422187, ""lag_120"": -0.001517626596158541, ""lag_168"": 0.0022854264257703653, ""lag_unit"": ""rows of the decision grid (1 row = 1 market hour; weekend gaps not filled)""}",,laneA_ps1_metrics.v1
fx.audusd.logret_1h,trend,MEASURED,"{""ols_slope_per_year"": 1.8027894521726873e-06, ""slope_in_std_per_year"": 0.0013167270004507778, ""ols_r"": 0.0030985449925272483, ""kendall_tau_3000"": -0.02097276701876298, ""kendall_p_3000"": 0.08506083231369706, ""caveat"": ""OLS p-value omitted: serial correlation makes it invalid""}",,laneA_ps1_metrics.v1
fx.audusd.logret_1h,adf,MEASURED,"{""stat"": -28.9949279824556, ""pvalue"": 0.0, ""lags"": 24, ""nobs"": 19975, ""crit_5pct"": -2.8616847064863733, ""H0"": ""unit root"", ""regression"": ""c"", ""sample"": ""last 20000 finite TRAIN values (gaps compressed)""}",,laneA_ps1_metrics.v1
fx.audusd.logret_1h,kpss,MEASURED,"{""stat"": 0.05778574217081524, ""pvalue"": 0.1, ""lags"": 3, ""H0"": ""level stationary"", ""pvalue_truncated_to_table"": true, ""sample"": ""last 20000 finite TRAIN values (gaps compressed)""}",,laneA_ps1_metrics.v1
fx.audusd.logret_1h,seasonality,MEASURED,"{""eta2_hour_of_day"": 0.0011928970548803403, ""eta2_day_of_week"": 0.00017560939135471433, ""eta2_month"": 9.526962295837247e-05}",,laneA_ps1_metrics.v1
fx.audusd.logret_1h,spectrum,MEASURED,"{""top_periods_rows"": [2.3897316219369893, 6.781456953642384, 2.392523364485981], ""top_power_share"": [0.0016725793156680835, 0.001627052199914906, 0.0015689260565806137], ""spectral_entropy_norm"": 0.9981243587646738, ""zero_filled_fraction"": 0.0053949312738729195, ""method"": ""Welch nperseg<=2048 on demeaned rows""}",,laneA_ps1_metrics.v1
fx.audusd.logret_1h,cost,MEASURED,"{""build_s"": 0.014329546249952892, ""profile_s"": 0.044087724000746675, ""bytes_float64"": 573872}",,laneA_ps1_metrics.v1
fx.audusd.logret_24h,missingness,MEASURED,"{""n_rows"": 71734, ""n_finite"": 71347, ""missing_fraction"": 0.005394931273872916}",,laneA_ps1_metrics.v1
fx.audusd.logret_24h,constant,MEASURED,"{""n_unique"": 71172, ""is_constant"": false, ""top_value_share"": 0.001135296508612836}",,laneA_ps1_metrics.v1
fx.audusd.logret_24h,scale_tails,MEASURED,"{""mean"": -0.00014164726286273135, ""std"": 0.0064447715958182465, ""min"": -0.07964638982143557, ""max"": 0.05415812777867601, ""p001"": -0.026847595274315166, ""p01"": -0.01648578855958199, ""p05"": -0.010845532957086176, ""p25"": -0.003848406322502173, ""median"": -2.0788508113489534e-05, ""p75"": 0.003687012804037465, ""p95"": 0.009885584308525307, ""p99"": 0.01627681544878991, ""p999"": 0.025341846716507927, ""mad"": 0.0037669394310891335, ""skew"": -0.15497606700389027, ""excess_kurtosis"": 3.316683921912153, ""tail_ratio_p99_mad"": 4.326484206886035, ""share_beyond_5mad"": 0.01086240486635738}",,laneA_ps1_metrics.v1
fx.audusd.logret_24h,volatility,MEASURED,"{""std_first_diff"": 0.0019330440602800753, ""rolling168_std_median"": 0.005318035895000231, ""vol_of_vol_cv"": 0.38610369586356263}",,laneA_ps1_metrics.v1
fx.audusd.logret_24h,acf,MEASURED,"{""lag_1"": 0.9549071989544411, ""lag_6"": 0.7337870242611141, ""lag_24"": -0.03661720482840703, ""lag_120"": -0.006309164852180455, ""lag_168"": -0.004739562921300379, ""lag_unit"": ""rows of the decision grid (1 row = 1 market hour; weekend gaps not filled)""}",,laneA_ps1_metrics.v1
fx.audusd.logret_24h,trend,MEASURED,"{""ols_slope_per_year"": 4.507674216157161e-05, ""slope_in_std_per_year"": 0.006994311821821599, ""ols_r"": 0.016459136832661623, ""kendall_tau_3000"": 0.013536306424303843, ""kendall_p_3000"": 0.2663655308030245, ""caveat"": ""OLS p-value omitted: serial correlation makes it invalid""}",,laneA_ps1_metrics.v1
fx.audusd.logret_24h,adf,MEASURED,"{""stat"": -17.825871844183638, ""pvalue"": 3.1475038393612617e-30, ""lags"": 24, ""nobs"": 19975, ""crit_5pct"": -2.8616847064863733, ""H0"": ""unit root"", ""regression"": ""c"", ""sample"": ""last 20000 finite TRAIN values (gaps compressed)""}",,laneA_ps1_metrics.v1
fx.audusd.logret_24h,kpss,MEASURED,"{""stat"": 0.0762017906988706, ""pvalue"": 0.1, ""lags"": 82, ""H0"": ""level stationary"", ""pvalue_truncated_to_table"": true, ""sample"": ""last 20000 finite TRAIN values (gaps compressed)""}",,laneA_ps1_metrics.v1
fx.audusd.logret_24h,seasonality,MEASURED,"{""eta2_hour_of_day"": 5.994159681356721e-06, ""eta2_day_of_week"": 0.0017697177658399117, ""eta2_month"": 0.002866822426306304}",,laneA_ps1_metrics.v1
fx.audusd.logret_24h,spectrum,MEASURED,"{""top_periods_rows"": [292.57142857142856, 157.53846153846155, 341.3333333333333], ""top_power_share"": [0.025032408568074694, 0.024524697568979015, 0.023488821339088226], ""spectral_entropy_norm"": 0.6697394947827897, ""zero_filled_fraction"": 0.0053949312738729195, ""method"": ""Welch nperseg<=2048 on demeaned rows""}",,laneA_ps1_metrics.v1
fx.audusd.logret_24h,cost,MEASURED,"{""build_s"": 0.014329546249952892, ""profile_s"": 0.03314657400005672, ""bytes_float64"": 573872}",,laneA_ps1_metrics.v1
fx.audusd.ewma_vol_24,missingness,MEASURED,"{""n_rows"": 71734, ""n_finite"": 71347, ""missing_fraction"": 0.005394931273872916}",,laneA_ps1_metrics.v1
fx.audusd.ewma_vol_24,constant,MEASURED,"{""n_unique"": 71347, ""is_constant"": false, ""top_value_share"": 1.4016006279170813e-05}",,laneA_ps1_metrics.v1
fx.audusd.ewma_vol_24,scale_tails,MEASURED,"{""mean"": 0.001272265428698168, ""std"": 0.0005075797749186529, ""min"": 0.00042080553983256115, ""max"": 0.008063486028396403, ""p001"": 0.0005030947676409401, ""p01"": 0.0005866625283646136, ""p05"": 0.000701547673773712, ""p25"": 0.0009481364991423046, ""median"": 0.0011713288337662922, ""p75"": 0.0014839642232860803, ""p95"": 0.0021055796819042035, ""p99"": 0.0029358733307682963, ""p999"": 0.005987349642856725, ""mad"": 0.0002571132027163884, ""skew"": 3.110335622748781, ""excess_kurtosis"": 23.411598028473385, ""tail_ratio_p99_mad"": 6.862908938007376, ""share_beyond_5mad"": 0.02068762526805612}",,laneA_ps1_metrics.v1
fx.audusd.ewma_vol_24,volatility,MEASURED,"{""std_first_diff"": 5.3977780470477195e-05, ""rolling168_std_median"": 0.00014403638072438087, ""vol_of_vol_cv"": 0.7619120159938847}",,laneA_ps1_metrics.v1
fx.audusd.ewma_vol_24,acf,MEASURED,"{""lag_1"": 0.9943486469440531, ""lag_6"": 0.9623072061285567, ""lag_24"": 0.8655613165498557, ""lag_120"": 0.6531694899922205, ""lag_168"": 0.5870508902087813, ""lag_unit"": ""rows of the decision grid (1 row = 1 market hour; weekend gaps not filled)""}",,laneA_ps1_metrics.v1
fx.audusd.ewma_vol_24,trend,MEASURED,"{""ols_slope_per_year"": 2.7087508402964818e-05, ""slope_in_std_per_year"": 0.05336601208609226, ""ols_r"": 0.12558183242532456, ""kendall_tau_3000"": 0.06971790596865622, ""kendall_p_3000"": 1.0369544026292025e-08, ""caveat"": ""OLS p-value omitted: serial correlation makes it invalid""}",,laneA_ps1_metrics.v1
fx.audusd.ewma_vol_24,adf,MEASURED,"{""stat"": -8.179433732110502, ""pvalue"": 8.207107778537377e-13, ""lags"": 24, ""nobs"": 19975, ""crit_5pct"": -2.8616847064863733, ""H0"": ""unit root"", ""regression"": ""c"", ""sample"": ""last 20000 finite TRAIN values (gaps compressed)""}",,laneA_ps1_metrics.v1
fx.audusd.ewma_vol_24,kpss,MEASURED,"{""stat"": 6.330317073850391, ""pvalue"": 0.01, ""lags"": 86, ""H0"": ""level stationary"", ""pvalue_truncated_to_table"": true, ""sample"": ""last 20000 finite TRAIN values (gaps compressed)""}",,laneA_ps1_metrics.v1
fx.audusd.ewma_vol_24,seasonality,MEASURED,"{""eta2_hour_of_day"": 0.0007212068375481918, ""eta2_day_of_week"": 0.003505667882707022, ""eta2_month"": 0.030284856008169225}",,laneA_ps1_metrics.v1
fx.audusd.ewma_vol_24,spectrum,MEASURED,"{""top_periods_rows"": [2048.0, 1024.0, 682.6666666666666], ""top_power_share"": [0.23307608165010008, 0.18358371705929433, 0.1000331397123931], ""spectral_entropy_norm"": 0.44511907608387374, ""zero_filled_fraction"": 0.0053949312738729195, ""method"": ""Welch nperseg<=2048 on demeaned rows""}",,laneA_ps1_metrics.v1
fx.audusd.ewma_vol_24,cost,MEASURED,"{""build_s"": 0.014329546249952892, ""profile_s"": 0.03402023200033, ""bytes_float64"": 573872}",,laneA_ps1_metrics.v1
fx.eurgbp.logret_1h,missingness,MEASURED,"{""n_rows"": 71734, ""n_finite"": 71300, ""missing_fraction"": 0.006050129645635227}",,laneA_ps1_metrics.v1
fx.eurgbp.logret_1h,constant,MEASURED,"{""n_unique"": 69648, ""is_constant"": false, ""top_value_share"": 0.00964936886395512}",,laneA_ps1_metrics.v1
fx.eurgbp.logret_1h,scale_tails,MEASURED,"{""mean"": 7.612460809691512e-07, ""std"": 0.0010261092184123916, ""min"": -0.01689683225241756, ""max"": 0.03903124161835195, ""p001"": -0.006230485893688068, ""p01"": -0.0028577854584667384, ""p05"": -0.0014772182092648045, ""p25"": -0.0004009333419921976, ""median"": 0.0, ""p75"": 0.00039423895392164815, ""p95"": 0.001475848734726759, ""p99"": 0.002897418240679404, ""p999"": 0.006047967724672874, ""mad"": 0.00039734670670162064, ""skew"": 1.1474286862794225, ""excess_kurtosis"": 51.686020384011115, ""tail_ratio_p99_mad"": 7.291914571863209, ""share_beyond_5mad"": 0.052244039270687236}",,laneA_ps1_metrics.v1
fx.eurgbp.logret_1h,volatility,MEASURED,"{""std_first_diff"": 0.0014704544375839781, ""rolling168_std_median"": 0.0008765773479857069, ""vol_of_vol_cv"": 0.3993953539931307}",,laneA_ps1_metrics.v1
fx.eurgbp.logret_1h,acf,MEASURED,"{""lag_1"": -0.02697228658297298, ""lag_6"": -0.020295725136389497, ""lag_24"": 0.014860076743000284, ""lag_120"": 0.005137947302853285, ""lag_168"": 0.007522001711805025, ""lag_unit"": ""rows of the decision grid (1 row = 1 market hour; weekend gaps not filled)""}",,laneA_ps1_metrics.v1
fx.eurgbp.logret_1h,trend,MEASURED,"{""ols_slope_per_year"": -8.532440820085409e-08, ""slope_in_std_per_year"": -8.315333949817646e-05, ""ols_r"": -0.0001955836899564182, ""kendall_tau_3000"": -0.007732738890132903, ""kendall_p_3000"": 0.5255002601848386, ""caveat"": ""OLS p-value omitted: serial correlation makes it invalid""}",,laneA_ps1_metrics.v1
fx.eurgbp.logret_1h,adf,MEASURED,"{""stat"": -29.457137419567577, ""pvalue"": 0.0, ""lags"": 24, ""nobs"": 19975, ""crit_5pct"": -2.8616847064863733, ""H0"": ""unit root"", ""regression"": ""c"", ""sample"": ""last 20000 finite TRAIN values (gaps compressed)""}",,laneA_ps1_metrics.v1
fx.eurgbp.logret_1h,kpss,MEASURED,"{""stat"": 0.05902651784641503, ""pvalue"": 0.1, ""lags"": 17, ""H0"": ""level stationary"", ""pvalue_truncated_to_table"": true, ""sample"": ""last 20000 finite TRAIN values (gaps compressed)""}",,laneA_ps1_metrics.v1
fx.eurgbp.logret_1h,seasonality,MEASURED,"{""eta2_hour_of_day"": 0.0018445496393618113, ""eta2_day_of_week"": 0.0002320304967797652, ""eta2_month"": 6.799258579056274e-05}",,laneA_ps1_metrics.v1
fx.eurgbp.logret_1h,spectrum,MEASURED,"{""top_periods_rows"": [3.002932551319648, 3.915869980879541, 2.998535871156662], ""top_power_share"": [0.0017924251959705814, 0.0016880141287462097, 0.0016456170671711877], ""spectral_entropy_norm"": 0.9981069664471519, ""zero_filled_fraction"": 0.006050129645635264, ""method"": ""Welch nperseg<=2048 on demeaned rows""}",,laneA_ps1_metrics.v1
fx.eurgbp.logret_1h,cost,MEASURED,"{""build_s"": 0.014329546249952892, ""profile_s"": 0.035197138000512496, ""bytes_float64"": 573872}",,laneA_ps1_metrics.v1
fx.eurgbp.logret_24h,missingness,MEASURED,"{""n_rows"": 71734, ""n_finite"": 71300, ""missing_fraction"": 0.006050129645635227}",,laneA_ps1_metrics.v1
fx.eurgbp.logret_24h,constant,MEASURED,"{""n_unique"": 71040, ""is_constant"": false, ""top_value_share"": 0.0010238429172510519}",,laneA_ps1_metrics.v1
fx.eurgbp.logret_24h,scale_tails,MEASURED,"{""mean"": 2.4275670880906083e-05, ""std"": 0.004856236238457341, ""min"": -0.0336020059844033, ""max"": 0.07730307559250091, ""p001"": -0.020173071442547572, ""p01"": -0.012132235133664985, ""p05"": -0.00737367047972626, ""p25"": -0.0026550379596471524, ""median"": -8.251214194733569e-05, ""p75"": 0.002593754870594822, ""p95"": 0.0077240142851306955, ""p99"": 0.012771615979574394, ""p999"": 0.023063327045694124, ""mad"": 0.002624968111346479, ""skew"": 0.7670641773504852, ""excess_kurtosis"": 10.301541298753344, ""tail_ratio_p99_mad"": 4.896870200426243, ""share_beyond_5mad"": 0.016788218793828892}",,laneA_ps1_metrics.v1
fx.eurgbp.logret_24h,volatility,MEASURED,"{""std_first_diff"": 0.0014414289321524555, ""rolling168_std_median"": 0.003748130549703275, ""vol_of_vol_cv"": 0.4774624214609787}",,laneA_ps1_metrics.v1
fx.eurgbp.logret_24h,acf,MEASURED,"{""lag_1"": 0.9559945781905348, ""lag_6"": 0.742928083628146, ""lag_24"": -0.009552455327443417, ""lag_120"": -0.015290890497322797, ""lag_168"": -0.0028011317926122216, ""lag_unit"": ""rows of the decision grid (1 row = 1 market hour; weekend gaps not filled)""}",,laneA_ps1_metrics.v1
fx.eurgbp.logret_24h,trend,MEASURED,"{""ols_slope_per_year"": 1.0506058568877907e-06, ""slope_in_std_per_year"": 0.00021634158745570663, ""ols_r"": 0.0005088537179741793, ""kendall_tau_3000"": -0.0016901194920928442, ""kendall_p_3000"": 0.8896267779406274, ""caveat"": ""OLS p-value omitted: serial correlation makes it invalid""}",,laneA_ps1_metrics.v1
fx.eurgbp.logret_24h,adf,MEASURED,"{""stat"": -18.28075151118457, ""pvalue"": 2.308635965990384e-30, ""lags"": 24, ""nobs"": 19975, ""crit_5pct"": -2.8616847064863733, ""H0"": ""unit root"", ""regression"": ""c"", ""sample"": ""last 20000 finite TRAIN values (gaps compressed)""}",,laneA_ps1_metrics.v1
fx.eurgbp.logret_24h,kpss,MEASURED,"{""stat"": 0.1010449472123621, ""pvalue"": 0.1, ""lags"": 82, ""H0"": ""level stationary"", ""pvalue_truncated_to_table"": true, ""sample"": ""last 20000 finite TRAIN values (gaps compressed)""}",,laneA_ps1_metrics.v1
fx.eurgbp.logret_24h,seasonality,MEASURED,"{""eta2_hour_of_day"": 2.439538143437255e-06, ""eta2_day_of_week"": 0.0017940126363791067, ""eta2_month"": 0.0022891284504843613}",,laneA_ps1_metrics.v1
fx.eurgbp.logret_24h,spectrum,MEASURED,"{""top_periods_rows"": [204.8, 409.6, 186.1818181818182], ""top_power_share"": [0.0267204757850574, 0.026139701039622473, 0.026138905709781526], ""spectral_entropy_norm"": 0.6613751308397082, ""zero_filled_fraction"": 0.006050129645635264, ""method"": ""Welch nperseg<=2048 on demeaned rows""}",,laneA_ps1_metrics.v1
fx.eurgbp.logret_24h,cost,MEASURED,"{""build_s"": 0.014329546249952892, ""profile_s"": 0.034721305999482865, ""bytes_float64"": 573872}",,laneA_ps1_metrics.v1
fx.eurgbp.ewma_vol_24,missingness,MEASURED,"{""n_rows"": 71734, ""n_finite"": 71300, ""missing_fraction"": 0.006050129645635227}",,laneA_ps1_metrics.v1
fx.eurgbp.ewma_vol_24,constant,MEASURED,"{""n_unique"": 71300, ""is_constant"": false, ""top_value_share"": 1.4025245441795232e-05}",,laneA_ps1_metrics.v1
fx.eurgbp.ewma_vol_24,scale_tails,MEASURED,"{""mean"": 0.0009405394099855787, ""std"": 0.0004111606642383633, ""min"": 0.00032034557586906775, ""max"": 0.007779375182685272, ""p001"": 0.0003670010926914582, ""p01"": 0.0004474060498449983, ""p05"": 0.0005283767652043539, ""p25"": 0.0006857913426885154, ""median"": 0.0008554321735816605, ""p75"": 0.0010859434976553239, ""p95"": 0.0016016789583383187, ""p99"": 0.0023504097391171086, ""p999"": 0.0046297958604552955, ""mad"": 0.00019180434111862636, ""skew"": 4.091226516536604, ""excess_kurtosis"": 39.99978158491325, ""tail_ratio_p99_mad"": 7.794284304602056, ""share_beyond_5mad"": 0.027377279102384293}",,laneA_ps1_metrics.v1
fx.eurgbp.ewma_vol_24,volatility,MEASURED,"{""std_first_diff"": 4.487173682621555e-05, ""rolling168_std_median"": 0.00012253034463291293, ""vol_of_vol_cv"": 0.9761644671343322}",,laneA_ps1_metrics.v1
fx.eurgbp.ewma_vol_24,acf,MEASURED,"{""lag_1"": 0.9940580998226625, ""lag_6"": 0.9555327005729972, ""lag_24"": 0.8415051100980218, ""lag_120"": 0.5388260388173484, ""lag_168"": 0.46656901232982917, ""lag_unit"": ""rows of the decision grid (1 row = 1 market hour; weekend gaps not filled)""}",,laneA_ps1_metrics.v1
fx.eurgbp.ewma_vol_24,trend,MEASURED,"{""ols_slope_per_year"": -1.2989249535416406e-05, ""slope_in_std_per_year"": -0.03159166395325724, ""ols_r"": -0.07430626653276767, ""kendall_tau_3000"": -0.08641680560186728, ""kendall_p_3000"": 1.286744503647556e-12, ""caveat"": ""OLS p-value omitted: serial correlation makes it invalid""}",,laneA_ps1_metrics.v1
fx.eurgbp.ewma_vol_24,adf,MEASURED,"{""stat"": -8.197125007344113, ""pvalue"": 7.397741343293668e-13, ""lags"": 24, ""nobs"": 19975, ""crit_5pct"": -2.8616847064863733, ""H0"": ""unit root"", ""regression"": ""c"", ""sample"": ""last 20000 finite TRAIN values (gaps compressed)""}",,laneA_ps1_metrics.v1
fx.eurgbp.ewma_vol_24,kpss,MEASURED,"{""stat"": 0.9840867235304113, ""pvalue"": 0.01, ""lags"": 86, ""H0"": ""level stationary"", ""pvalue_truncated_to_table"": true, ""sample"": ""last 20000 finite TRAIN values (gaps compressed)""}",,laneA_ps1_metrics.v1
fx.eurgbp.ewma_vol_24,seasonality,MEASURED,"{""eta2_hour_of_day"": 0.006562572275111055, ""eta2_day_of_week"": 0.002481705642376787, ""eta2_month"": 0.03454978239372449}",,laneA_ps1_metrics.v1
fx.eurgbp.ewma_vol_24,spectrum,MEASURED,"{""top_periods_rows"": [2048.0, 1024.0, 682.6666666666666], ""top_power_share"": [0.20264444182757474, 0.16394017147867435, 0.09654044338446151], ""spectral_entropy_norm"": 0.45138464671436224, ""zero_filled_fraction"": 0.006050129645635264, ""method"": ""Welch nperseg<=2048 on demeaned rows""}",,laneA_ps1_metrics.v1
fx.eurgbp.ewma_vol_24,cost,MEASURED,"{""build_s"": 0.014329546249952892, ""profile_s"": 0.03436723200047709, ""bytes_float64"": 573872}",,laneA_ps1_metrics.v1
fx.eurjpy.logret_1h,missingness,MEASURED,"{""n_rows"": 71734, ""n_finite"": 71365, ""missing_fraction"": 0.005144004237878863}",,laneA_ps1_metrics.v1
fx.eurjpy.logret_1h,constant,MEASURED,"{""n_unique"": 70818, ""is_constant"": false, ""top_value_share"": 0.004287816156379178}",,laneA_ps1_metrics.v1
fx.eurjpy.logret_1h,scale_tails,MEASURED,"{""mean"": 5.773932048512338e-06, ""std"": 0.0012525657205877023, ""min"": -0.05092192615919089, ""max"": 0.026815826177849722, ""p001"": -0.007253305786621727, ""p01"": -0.0034912247504037806, ""p05"": -0.0018037907444238498, ""p25"": -0.0005082592231397953, ""median"": 1.5993090984878222e-05, ""p75"": 0.0005360178409334893, ""p95"": 0.0017786702652481177, ""p99"": 0.0034033492099501575, ""p999"": 0.006772647068431623, ""mad"": 0.0005218988897439658, ""skew"": -1.511877309788391, ""excess_kurtosis"": 63.78243518061031, ""tail_ratio_p99_mad"": 6.490445152368603, ""share_beyond_5mad"": 0.04213550059553002}",,laneA_ps1_metrics.v1
fx.eurjpy.logret_1h,volatility,MEASURED,"{""std_first_diff"": 0.0017749453389818404, ""rolling168_std_median"": 0.0010661538793596834, ""vol_of_vol_cv"": 0.4239403115238242}",,laneA_ps1_metrics.v1
fx.eurjpy.logret_1h,acf,MEASURED,"{""lag_1"": -0.007483814924075344, ""lag_6"": -0.0007082255367312782, ""lag_24"": -0.006129345999751701, ""lag_120"": 0.008855113343209884, ""lag_168"": -0.0003132956221773974, ""lag_unit"": ""rows of the decision grid (1 row = 1 market hour; weekend gaps not filled)""}",,laneA_ps1_metrics.v1
fx.eurjpy.logret_1h,trend,MEASURED,"{""ols_slope_per_year"": 1.5707826565298774e-07, ""slope_in_std_per_year"": 0.00012540520874169126, ""ols_r"": 0.0002951446673513487, ""kendall_tau_3000"": -0.003669019129295734, ""kendall_p_3000"": 0.7632136207751211, ""caveat"": ""OLS p-value omitted: serial correlation makes it invalid""}",,laneA_ps1_metrics.v1
fx.eurjpy.logret_1h,adf,MEASURED,"{""stat"": -28.567804749841297, ""pvalue"": 0.0, ""lags"": 24, ""nobs"": 19975, ""crit_5pct"": -2.8616847064863733, ""H0"": ""unit root"", ""regression"": ""c"", ""sample"": ""last 20000 finite TRAIN values (gaps compressed)""}",,laneA_ps1_metrics.v1
fx.eurjpy.logret_1h,kpss,MEASURED,"{""stat"": 0.0721288484308611, ""pvalue"": 0.1, ""lags"": 7, ""H0"": ""level stationary"", ""pvalue_truncated_to_table"": true, ""sample"": ""last 20000 finite TRAIN values (gaps compressed)""}",,laneA_ps1_metrics.v1
fx.eurjpy.logret_1h,seasonality,MEASURED,"{""eta2_hour_of_day"": 0.0010720314504592556, ""eta2_day_of_week"": 0.00017147431682967474, ""eta2_month"": 0.00013255089303252496}",,laneA_ps1_metrics.v1
fx.eurjpy.logret_1h,spectrum,MEASURED,"{""top_periods_rows"": [2.13555787278415, 7.037800687285223, 2.2505494505494505], ""top_power_share"": [0.001438632499012655, 0.0014215518561712733, 0.0014104915388461557], ""spectral_entropy_norm"": 0.9984760596696096, ""zero_filled_fraction"": 0.00514400423787883, ""method"": ""Welch nperseg<=2048 on demeaned rows""}",,laneA_ps1_metrics.v1
fx.eurjpy.logret_1h,cost,MEASURED,"{""build_s"": 0.014329546249952892, ""profile_s"": 0.034771550000186835, ""bytes_float64"": 573872}",,laneA_ps1_metrics.v1
fx.eurjpy.logret_24h,missingness,MEASURED,"{""n_rows"": 71734, ""n_finite"": 71365, ""missing_fraction"": 0.005144004237878863}",,laneA_ps1_metrics.v1
fx.eurjpy.logret_24h,constant,MEASURED,"{""n_unique"": 71254, ""is_constant"": false, ""top_value_share"": 0.0007846983815595881}",,laneA_ps1_metrics.v1
fx.eurjpy.logret_24h,scale_tails,MEASURED,"{""mean"": 0.0001250322939381814, ""std"": 0.0060027097881087624, ""min"": -0.07953562857167729, ""max"": 0.049651504912821665, ""p001"": -0.028855578565087844, ""p01"": -0.015892040046949062, ""p05"": -0.009346190941155363, ""p25"": -0.003044786972101754, ""median"": 0.0001558102623686608, ""p75"": 0.0033674073895912926, ""p95"": 0.009462129619494957, ""p99"": 0.016133048097940163, ""p999"": 0.024884606497811126, ""mad"": 0.0032063328427511806, ""skew"": -0.3282066585271356, ""excess_kurtosis"": 5.972345356570994, ""tail_ratio_p99_mad"": 4.983025349876746, ""share_beyond_5mad"": 0.01988369648987599}",,laneA_ps1_metrics.v1
fx.eurjpy.logret_24h,volatility,MEASURED,"{""std_first_diff"": 0.0017764997499606203, ""rolling168_std_median"": 0.0046611556162662795, ""vol_of_vol_cv"": 0.4630414290914877}",,laneA_ps1_metrics.v1
fx.eurjpy.logret_24h,acf,MEASURED,"{""lag_1"": 0.9561454732239861, ""lag_6"": 0.7443880145311815, ""lag_24"": -0.01034899099595392, ""lag_120"": -0.0058352780440436855, ""lag_168"": -0.0028269051477459385, ""lag_unit"": ""rows of the decision grid (1 row = 1 market hour; weekend gaps not filled)""}",,laneA_ps1_metrics.v1
fx.eurjpy.logret_24h,trend,MEASURED,"{""ols_slope_per_year"": -4.229630960698876e-06, ""slope_in_std_per_year"": -0.0007046202648473332, ""ols_r"": -0.001658343507132546, ""kendall_tau_3000"": 0.008838725001525563, ""kendall_p_3000"": 0.46799087521385097, ""caveat"": ""OLS p-value omitted: serial correlation makes it invalid""}",,laneA_ps1_metrics.v1
fx.eurjpy.logret_24h,adf,MEASURED,"{""stat"": -17.798391511477373, ""pvalue"": 3.22560088210232e-30, ""lags"": 24, ""nobs"": 19975, ""crit_5pct"": -2.8616847064863733, ""H0"": ""unit root"", ""regression"": ""c"", ""sample"": ""last 20000 finite TRAIN values (gaps compressed)""}",,laneA_ps1_metrics.v1
fx.eurjpy.logret_24h,kpss,MEASURED,"{""stat"": 0.042432967341668716, ""pvalue"": 0.1, ""lags"": 82, ""H0"": ""level stationary"", ""pvalue_truncated_to_table"": true, ""sample"": ""last 20000 finite TRAIN values (gaps compressed)""}",,laneA_ps1_metrics.v1
fx.eurjpy.logret_24h,seasonality,MEASURED,"{""eta2_hour_of_day"": 5.864005437750115e-06, ""eta2_day_of_week"": 0.0006374467132242151, ""eta2_month"": 0.0025498227342581102}",,laneA_ps1_metrics.v1
fx.eurjpy.logret_24h,spectrum,MEASURED,"{""top_periods_rows"": [204.8, 227.55555555555554, 682.6666666666666], ""top_power_share"": [0.02827192644981182, 0.026129151629553714, 0.025528188084454725], ""spectral_entropy_norm"": 0.6658984319310169, ""zero_filled_fraction"": 0.00514400423787883, ""method"": ""Welch nperseg<=2048 on demeaned rows""}",,laneA_ps1_metrics.v1
fx.eurjpy.logret_24h,cost,MEASURED,"{""build_s"": 0.014329546249952892, ""profile_s"": 0.0346025640001244, ""bytes_float64"": 573872}",,laneA_ps1_metrics.v1
fx.eurjpy.ewma_vol_24,missingness,MEASURED,"{""n_rows"": 71734, ""n_finite"": 71365, ""missing_fraction"": 0.005144004237878863}",,laneA_ps1_metrics.v1
fx.eurjpy.ewma_vol_24,constant,MEASURED,"{""n_unique"": 71365, ""is_constant"": false, ""top_value_share"": 1.4012471099278357e-05}",,laneA_ps1_metrics.v1
fx.eurjpy.ewma_vol_24,scale_tails,MEASURED,"{""mean"": 0.0011376664092461717, ""std"": 0.0005313143101521638, ""min"": 0.0003039281937358111, ""max"": 0.0100827382228287, ""p001"": 0.0003647299018662781, ""p01"": 0.00046347506182845656, ""p05"": 0.0005598349075714283, ""p25"": 0.0007937436047923752, ""median"": 0.0010355439281687381, ""p75"": 0.0013337471271645106, ""p95"": 0.002060630087840107, ""p99"": 0.0029402967672191084, ""p999"": 0.004826587031063, ""mad"": 0.00026339700252248825, ""skew"": 3.3525796562057746, ""excess_kurtosis"": 30.459522935239804, ""tail_ratio_p99_mad"": 7.23149018709029, ""share_beyond_5mad"": 0.028893715406711973}",,laneA_ps1_metrics.v1
fx.eurjpy.ewma_vol_24,volatility,MEASURED,"{""std_first_diff"": 5.645873473994018e-05, ""rolling168_std_median"": 0.00014828070357120977, ""vol_of_vol_cv"": 1.019080081897887}",,laneA_ps1_metrics.v1
fx.eurjpy.ewma_vol_24,acf,MEASURED,"{""lag_1"": 0.9943503076277999, ""lag_6"": 0.9587725379780774, ""lag_24"": 0.8319260910184482, ""lag_120"": 0.5230264107656231, ""lag_168"": 0.45629763679377916, ""lag_unit"": ""rows of the decision grid (1 row = 1 market hour; weekend gaps not filled)""}",,laneA_ps1_metrics.v1
fx.eurjpy.ewma_vol_24,trend,MEASURED,"{""ols_slope_per_year"": -4.494252802101116e-05, ""slope_in_std_per_year"": -0.08458746011967946, ""ols_r"": -0.19907895397345174, ""kendall_tau_3000"": -0.19008202734244747, ""kendall_p_3000"": 6.449380900237938e-55, ""caveat"": ""OLS p-value omitted: serial correlation makes it invalid""}",,laneA_ps1_metrics.v1
fx.eurjpy.ewma_vol_24,adf,MEASURED,"{""stat"": -8.107095826512378, ""pvalue"": 1.2543377152420593e-12, ""lags"": 24, ""nobs"": 19975, ""crit_5pct"": -2.8616847064863733, ""H0"": ""unit root"", ""regression"": ""c"", ""sample"": ""last 20000 finite TRAIN values (gaps compressed)""}",,laneA_ps1_metrics.v1
fx.eurjpy.ewma_vol_24,kpss,MEASURED,"{""stat"": 7.53241636705999, ""pvalue"": 0.01, ""lags"": 86, ""H0"": ""level stationary"", ""pvalue_truncated_to_table"": true, ""sample"": ""last 20000 finite TRAIN values (gaps compressed)""}",,laneA_ps1_metrics.v1
fx.eurjpy.ewma_vol_24,seasonality,MEASURED,"{""eta2_hour_of_day"": 0.0011233352999701536, ""eta2_day_of_week"": 0.0037858999477118883, ""eta2_month"": 0.0513447544923273}",,laneA_ps1_metrics.v1
fx.eurjpy.ewma_vol_24,spectrum,MEASURED,"{""top_periods_rows"": [2048.0, 1024.0, 682.6666666666666], ""top_power_share"": [0.1661673397057703, 0.1395404163871995, 0.07966436691419229], ""spectral_entropy_norm"": 0.4792408688343933, ""zero_filled_fraction"": 0.00514400423787883, ""method"": ""Welch nperseg<=2048 on demeaned rows""}",,laneA_ps1_metrics.v1
fx.eurjpy.ewma_vol_24,cost,MEASURED,"{""build_s"": 0.014329546249952892, ""profile_s"": 0.033995515999777126, ""bytes_float64"": 573872}",,laneA_ps1_metrics.v1
fx.gbpjpy.logret_1h,missingness,MEASURED,"{""n_rows"": 71734, ""n_finite"": 71332, ""missing_fraction"": 0.0056040371372013675}",,laneA_ps1_metrics.v1
fx.gbpjpy.logret_1h,constant,MEASURED,"{""n_unique"": 70979, ""is_constant"": false, ""top_value_share"": 0.0030701508439410084}",,laneA_ps1_metrics.v1
fx.gbpjpy.logret_1h,scale_tails,MEASURED,"{""mean"": 4.778931300260186e-06, ""std"": 0.0014491224256371852, ""min"": -0.0890149035998764, ""max"": 0.03225008220455372, ""p001"": -0.00797075776333825, ""p01"": -0.0039032773420340484, ""p05"": -0.0020543272122958366, ""p25"": -0.0005787000584489554, ""median"": 2.0047117178734197e-05, ""p75"": 0.000607295650445927, ""p95"": 0.002017654456633532, ""p99"": 0.003831335455623895, ""p999"": 0.007768880933852532, ""mad"": 0.0005928394258956082, ""skew"": -3.9464801153914486, ""excess_kurtosis"": 230.76252478645625, ""tail_ratio_p99_mad"": 6.4288712456790655, ""share_beyond_5mad"": 0.04165031122077048}",,laneA_ps1_metrics.v1
fx.gbpjpy.logret_1h,volatility,MEASURED,"{""std_first_diff"": 0.002053294652565802, ""rolling168_std_median"": 0.0011924096268519538, ""vol_of_vol_cv"": 0.47477328048236334}",,laneA_ps1_metrics.v1
fx.gbpjpy.logret_1h,acf,MEASURED,"{""lag_1"": -0.005043942024951858, ""lag_6"": -0.020549924717082578, ""lag_24"": -0.0006686538263382276, ""lag_120"": -0.0029886531210415426, ""lag_168"": -0.004575984017065855, ""lag_unit"": ""rows of the decision grid (1 row = 1 market hour; weekend gaps not filled)""}",,laneA_ps1_metrics.v1
fx.gbpjpy.logret_1h,trend,MEASURED,"{""ols_slope_per_year"": 1.018106260871753e-07, ""slope_in_std_per_year"": 7.025674593532616e-05, ""ols_r"": 0.00016530275785202922, ""kendall_tau_3000"": 0.01009317357000108, ""kendall_p_3000"": 0.40724430443528425, ""caveat"": ""OLS p-value omitted: serial correlation makes it invalid""}",,laneA_ps1_metrics.v1
fx.gbpjpy.logret_1h,adf,MEASURED,"{""stat"": -27.839689450038197, ""pvalue"": 0.0, ""lags"": 24, ""nobs"": 19975, ""crit_5pct"": -2.8616847064863733, ""H0"": ""unit root"", ""regression"": ""c"", ""sample"": ""last 20000 finite TRAIN values (gaps compressed)""}",,laneA_ps1_metrics.v1
fx.gbpjpy.logret_1h,kpss,MEASURED,"{""stat"": 0.030299383908765135, ""pvalue"": 0.1, ""lags"": 3, ""H0"": ""level stationary"", ""pvalue_truncated_to_table"": true, ""sample"": ""last 20000 finite TRAIN values (gaps compressed)""}",,laneA_ps1_metrics.v1
fx.gbpjpy.logret_1h,seasonality,MEASURED,"{""eta2_hour_of_day"": 0.0008074511167907854, ""eta2_day_of_week"": 0.00032624858352834957, ""eta2_month"": 0.00014719035155636337}",,laneA_ps1_metrics.v1
fx.gbpjpy.logret_1h,spectrum,MEASURED,"{""top_periods_rows"": [10.502564102564103, 3.915869980879541, 204.8], ""top_power_share"": [0.0016718402719709928, 0.0015810296442181182, 0.0015455856577440967], ""spectral_entropy_norm"": 0.9976481878163851, ""zero_filled_fraction"": 0.005604037137201327, ""method"": ""Welch nperseg<=2048 on demeaned rows""}",,laneA_ps1_metrics.v1
fx.gbpjpy.logret_1h,cost,MEASURED,"{""build_s"": 0.014329546249952892, ""profile_s"": 0.03504028399947856, ""bytes_float64"": 573872}",,laneA_ps1_metrics.v1
fx.gbpjpy.logret_24h,missingness,MEASURED,"{""n_rows"": 71734, ""n_finite"": 71332, ""missing_fraction"": 0.0056040371372013675}",,laneA_ps1_metrics.v1
fx.gbpjpy.logret_24h,constant,MEASURED,"{""n_unique"": 71267, ""is_constant"": false, ""top_value_share"": 0.0004906633768855493}",,laneA_ps1_metrics.v1
fx.gbpjpy.logret_24h,scale_tails,MEASURED,"{""mean"": 0.00010000954992390482, ""std"": 0.00707798191850431, ""min"": -0.15727087556220898, ""max"": 0.049232497319834145, ""p001"": -0.035637401454800266, ""p01"": -0.018142033613839547, ""p05"": -0.01068108912600545, ""p25"": -0.0035393281066014026, ""median"": 0.0002206692483062156, ""p75"": 0.0038291959887104543, ""p95"": 0.01069956348585177, ""p99"": 0.017677081017328525, ""p999"": 0.030320588860379957, ""mad"": 0.003682870298149954, ""skew"": -1.5616501328461698, ""excess_kurtosis"": 27.629782570576484, ""tail_ratio_p99_mad"": 4.739893169138031, ""share_beyond_5mad"": 0.018406886110020747}",,laneA_ps1_metrics.v1
fx.gbpjpy.logret_24h,volatility,MEASURED,"{""std_first_diff"": 0.002052517183338795, ""rolling168_std_median"": 0.005232383437294662, ""vol_of_vol_cv"": 0.528097398745057}",,laneA_ps1_metrics.v1
fx.gbpjpy.logret_24h,acf,MEASURED,"{""lag_1"": 0.9579431752844964, ""lag_6"": 0.751729378428341, ""lag_24"": 0.02597881516400253, ""lag_120"": -0.020689565389335973, ""lag_168"": 0.0008053760057348178, ""lag_unit"": ""rows of the decision grid (1 row = 1 market hour; weekend gaps not filled)""}",,laneA_ps1_metrics.v1
fx.gbpjpy.logret_24h,trend,MEASURED,"{""ols_slope_per_year"": -5.754638075624231e-06, ""slope_in_std_per_year"": -0.0008130337350226346, ""ols_r"": -0.0019129368551981385, ""kendall_tau_3000"": 0.0023221073691230406, ""kendall_p_3000"": 0.8487846457333408, ""caveat"": ""OLS p-value omitted: serial correlation makes it invalid""}",,laneA_ps1_metrics.v1
fx.gbpjpy.logret_24h,adf,MEASURED,"{""stat"": -17.691096641088603, ""pvalue"": 3.5719168693689504e-30, ""lags"": 24, ""nobs"": 19975, ""crit_5pct"": -2.8616847064863733, ""H0"": ""unit root"", ""regression"": ""c"", ""sample"": ""last 20000 finite TRAIN values (gaps compressed)""}",,laneA_ps1_metrics.v1
fx.gbpjpy.logret_24h,kpss,MEASURED,"{""stat"": 0.02794864357814483, ""pvalue"": 0.1, ""lags"": 82, ""H0"": ""level stationary"", ""pvalue_truncated_to_table"": true, ""sample"": ""last 20000 finite TRAIN values (gaps compressed)""}",,laneA_ps1_metrics.v1
fx.gbpjpy.logret_24h,seasonality,MEASURED,"{""eta2_hour_of_day"": 8.903910945486469e-06, ""eta2_day_of_week"": 0.0013837049635070469, ""eta2_month"": 0.002912100699227781}",,laneA_ps1_metrics.v1
fx.gbpjpy.logret_24h,spectrum,MEASURED,"{""top_periods_rows"": [204.8, 186.1818181818182, 227.55555555555554], ""top_power_share"": [0.036539541647911386, 0.029399014496481128, 0.027654194831111433], ""spectral_entropy_norm"": 0.6583058860986426, ""zero_filled_fraction"": 0.005604037137201327, ""method"": ""Welch nperseg<=2048 on demeaned rows""}",,laneA_ps1_metrics.v1
fx.gbpjpy.logret_24h,cost,MEASURED,"{""build_s"": 0.014329546249952892, ""profile_s"": 0.03617662500073493, ""bytes_float64"": 573872}",,laneA_ps1_metrics.v1
fx.gbpjpy.ewma_vol_24,missingness,MEASURED,"{""n_rows"": 71734, ""n_finite"": 71332, ""missing_fraction"": 0.0056040371372013675}",,laneA_ps1_metrics.v1
fx.gbpjpy.ewma_vol_24,constant,MEASURED,"{""n_unique"": 71332, ""is_constant"": false, ""top_value_share"": 1.4018953625301408e-05}",,laneA_ps1_metrics.v1
fx.gbpjpy.ewma_vol_24,scale_tails,MEASURED,"{""mean"": 0.0012911699882515975, ""std"": 0.0006643576911456708, ""min"": 0.00035340211745793986, ""max"": 0.017127817207685015, ""p001"": 0.0004118197099590473, ""p01"": 0.0005392655492997622, ""p05"": 0.0006856288637924621, ""p25"": 0.0009370487132338188, ""median"": 0.001156720373057384, ""p75"": 0.0014834208558521173, ""p95"": 0.0022603648149065354, ""p99"": 0.003476875167822139, ""p999"": 0.007769678647036093, ""mad"": 0.000256790001416592, ""skew"": 7.309709319496192, ""excess_kurtosis"": 120.87723239114976, ""tail_ratio_p99_mad"": 9.035222485165042, ""share_beyond_5mad"": 0.0378932316491897}",,laneA_ps1_metrics.v1
fx.gbpjpy.ewma_vol_24,volatility,MEASURED,"{""std_first_diff"": 6.768986437924908e-05, ""rolling168_std_median"": 0.0001676263252812572, ""vol_of_vol_cv"": 1.2781219036587286}",,laneA_ps1_metrics.v1
fx.gbpjpy.ewma_vol_24,acf,MEASURED,"{""lag_1"": 0.9948149386843423, ""lag_6"": 0.9607225937480377, ""lag_24"": 0.8325225720276901, ""lag_120"": 0.4624439885607881, ""lag_168"": 0.3898650708619213, ""lag_unit"": ""rows of the decision grid (1 row = 1 market hour; weekend gaps not filled)""}",,laneA_ps1_metrics.v1
fx.gbpjpy.ewma_vol_24,trend,MEASURED,"{""ols_slope_per_year"": -9.83422091781831e-06, ""slope_in_std_per_year"": -0.014802599637041008, ""ols_r"": -0.03482812235048283, ""kendall_tau_3000"": -0.057181282649772146, ""kendall_p_3000"": 2.663684304106369e-06, ""caveat"": ""OLS p-value omitted: serial correlation makes it invalid""}",,laneA_ps1_metrics.v1
fx.gbpjpy.ewma_vol_24,adf,MEASURED,"{""stat"": -7.975485727635409, ""pvalue"": 2.7095584987537227e-12, ""lags"": 24, ""nobs"": 19975, ""crit_5pct"": -2.8616847064863733, ""H0"": ""unit root"", ""regression"": ""c"", ""sample"": ""last 20000 finite TRAIN values (gaps compressed)""}",,laneA_ps1_metrics.v1
fx.gbpjpy.ewma_vol_24,kpss,MEASURED,"{""stat"": 3.312563492635952, ""pvalue"": 0.01, ""lags"": 86, ""H0"": ""level stationary"", ""pvalue_truncated_to_table"": true, ""sample"": ""last 20000 finite TRAIN values (gaps compressed)""}",,laneA_ps1_metrics.v1
fx.gbpjpy.ewma_vol_24,seasonality,MEASURED,"{""eta2_hour_of_day"": 0.0012427206826154038, ""eta2_day_of_week"": 0.0016831623888915973, ""eta2_month"": 0.031799118876137046}",,laneA_ps1_metrics.v1
fx.gbpjpy.ewma_vol_24,spectrum,MEASURED,"{""top_periods_rows"": [2048.0, 1024.0, 682.6666666666666], ""top_power_share"": [0.1928592750888387, 0.15954355563229078, 0.08649877708921894], ""spectral_entropy_norm"": 0.4485138170380668, ""zero_filled_fraction"": 0.005604037137201327, ""method"": ""Welch nperseg<=2048 on demeaned rows""}",,laneA_ps1_metrics.v1
fx.gbpjpy.ewma_vol_24,cost,MEASURED,"{""build_s"": 0.014329546249952892, ""profile_s"": 0.03631926199977897, ""bytes_float64"": 573872}",,laneA_ps1_metrics.v1
fx.gbpusd.logret_1h,missingness,MEASURED,"{""n_rows"": 71734, ""n_finite"": 71302, ""missing_fraction"": 0.0060222488638581595}",,laneA_ps1_metrics.v1
fx.gbpusd.logret_1h,constant,MEASURED,"{""n_unique"": 70746, ""is_constant"": false, ""top_value_share"": 0.0053855431825194245}",,laneA_ps1_metrics.v1
fx.gbpusd.logret_1h,scale_tails,MEASURED,"{""mean"": -3.971531832673944e-06, ""std"": 0.0011836481516536816, ""min"": -0.05877842929068411, ""max"": 0.02223875388286073, ""p001"": -0.007096973855023702, ""p01"": -0.003216345521482521, ""p05"": -0.0016753080524547798, ""p25"": -0.0004622813623937558, ""median"": 0.0, ""p75"": 0.00045530162955476766, ""p95"": 0.001641856633126287, ""p99"": 0.003259007780057218, ""p999"": 0.007370421770980286, ""mad"": 0.00045886634994832254, ""skew"": -2.1228977906127535, ""excess_kurtosis"": 118.7219631493115, ""tail_ratio_p99_mad"": 7.102302839212871, ""share_beyond_5mad"": 0.04896075846399821}",,laneA_ps1_metrics.v1
fx.gbpusd.logret_1h,volatility,MEASURED,"{""std_first_diff"": 0.0016837968370347622, ""rolling168_std_median"": 0.0009876366713426166, ""vol_of_vol_cv"": 0.4502492213887879}",,laneA_ps1_metrics.v1
fx.gbpusd.logret_1h,acf,MEASURED,"{""lag_1"": -0.013674467700074761, ""lag_6"": -0.010412759339704725, ""lag_24"": 0.00845888445516799, ""lag_120"": -0.009366961493331367, ""lag_168"": -0.0014309621364327848, ""lag_unit"": ""rows of the decision grid (1 row = 1 market hour; weekend gaps not filled)""}",,laneA_ps1_metrics.v1
fx.gbpusd.logret_1h,trend,MEASURED,"{""ols_slope_per_year"": 4.4845849577769925e-07, ""slope_in_std_per_year"": 0.00037887821237346194, ""ols_r"": 0.0008911499043126331, ""kendall_tau_3000"": -0.0260226783749277, ""kendall_p_3000"": 0.032624022839982246, ""caveat"": ""OLS p-value omitted: serial correlation makes it invalid""}",,laneA_ps1_metrics.v1
fx.gbpusd.logret_1h,adf,MEASURED,"{""stat"": -28.63144055667891, ""pvalue"": 0.0, ""lags"": 24, ""nobs"": 19975, ""crit_5pct"": -2.8616847064863733, ""H0"": ""unit root"", ""regression"": ""c"", ""sample"": ""last 20000 finite TRAIN values (gaps compressed)""}",,laneA_ps1_metrics.v1
fx.gbpusd.logret_1h,kpss,MEASURED,"{""stat"": 0.0975653209777568, ""pvalue"": 0.1, ""lags"": 10, ""H0"": ""level stationary"", ""pvalue_truncated_to_table"": true, ""sample"": ""last 20000 finite TRAIN values (gaps compressed)""}",,laneA_ps1_metrics.v1
fx.gbpusd.logret_1h,seasonality,MEASURED,"{""eta2_hour_of_day"": 0.0009886241335343479, ""eta2_day_of_week"": 0.00022530300869773448, ""eta2_month"": 0.00012165513109213113}",,laneA_ps1_metrics.v1
fx.gbpusd.logret_1h,spectrum,MEASURED,"{""top_periods_rows"": [11.010752688172044, 2.178723404255319, 2.085539714867617], ""top_power_share"": [0.0016035474211807527, 0.0015710052469765248, 0.0015258351047514962], ""spectral_entropy_norm"": 0.9980177553715827, ""zero_filled_fraction"": 0.006022248863858143, ""method"": ""Welch nperseg<=2048 on demeaned rows""}",,laneA_ps1_metrics.v1
fx.gbpusd.logret_1h,cost,MEASURED,"{""build_s"": 0.014329546249952892, ""profile_s"": 0.036695936999421974, ""bytes_float64"": 573872}",,laneA_ps1_metrics.v1
fx.gbpusd.logret_24h,missingness,MEASURED,"{""n_rows"": 71734, ""n_finite"": 71302, ""missing_fraction"": 0.0060222488638581595}",,laneA_ps1_metrics.v1
fx.gbpusd.logret_24h,constant,MEASURED,"{""n_unique"": 71218, ""is_constant"": false, ""top_value_share"": 0.0005890437855880621}",,laneA_ps1_metrics.v1
fx.gbpusd.logret_24h,scale_tails,MEASURED,"{""mean"": -8.883562798876551e-05, ""std"": 0.005741694227201165, ""min"": -0.11189029605469009, ""max"": 0.038079851973478226, ""p001"": -0.03318051149705948, ""p01"": -0.014434910164386338, ""p05"": -0.008748602294232747, ""p25"": -0.0031403086120004725, ""median"": -7.376065588202141e-05, ""p75"": 0.0030337704472232357, ""p95"": 0.00857648876679528, ""p99"": 0.01438941039195737, ""p999"": 0.026141823154743962, ""mad"": 0.0030868123169090628, ""skew"": -1.2437127294433001, ""excess_kurtosis"": 20.52189277022184, ""tail_ratio_p99_mad"": 4.685471471204277, ""share_beyond_5mad"": 0.015020616532495583}",,laneA_ps1_metrics.v1
fx.gbpusd.logret_24h,volatility,MEASURED,"{""std_first_diff"": 0.0016686603698616623, ""rolling168_std_median"": 0.004376866628296186, ""vol_of_vol_cv"": 0.5140695098051828}",,laneA_ps1_metrics.v1
fx.gbpusd.logret_24h,acf,MEASURED,"{""lag_1"": 0.9577224529063029, ""lag_6"": 0.7497622156835195, ""lag_24"": 0.021023776372342543, ""lag_120"": -0.024835403540537142, ""lag_168"": -0.013441238062351769, ""lag_unit"": ""rows of the decision grid (1 row = 1 market hour; weekend gaps not filled)""}",,laneA_ps1_metrics.v1
fx.gbpusd.logret_24h,trend,MEASURED,"{""ols_slope_per_year"": 1.5394433235172497e-05, ""slope_in_std_per_year"": 0.0026811656326527575, ""ols_r"": 0.006306302180896223, ""kendall_tau_3000"": 0.003919528731799489, ""kendall_p_3000"": 0.7475781517416789, ""caveat"": ""OLS p-value omitted: serial correlation makes it invalid""}",,laneA_ps1_metrics.v1
fx.gbpusd.logret_24h,adf,MEASURED,"{""stat"": -17.70572145782041, ""pvalue"": 3.52053449468879e-30, ""lags"": 24, ""nobs"": 19975, ""crit_5pct"": -2.8616847064863733, ""H0"": ""unit root"", ""regression"": ""c"", ""sample"": ""last 20000 finite TRAIN values (gaps compressed)""}",,laneA_ps1_metrics.v1
fx.gbpusd.logret_24h,kpss,MEASURED,"{""stat"": 0.11741841309905598, ""pvalue"": 0.1, ""lags"": 82, ""H0"": ""level stationary"", ""pvalue_truncated_to_table"": true, ""sample"": ""last 20000 finite TRAIN values (gaps compressed)""}",,laneA_ps1_metrics.v1
fx.gbpusd.logret_24h,seasonality,MEASURED,"{""eta2_hour_of_day"": 8.423390794734643e-06, ""eta2_day_of_week"": 0.002383005167237409, ""eta2_month"": 0.0027088902897011964}",,laneA_ps1_metrics.v1
fx.gbpusd.logret_24h,spectrum,MEASURED,"{""top_periods_rows"": [204.8, 227.55555555555554, 409.6], ""top_power_share"": [0.031193653058257186, 0.03092281285650402, 0.027576575280716276], ""spectral_entropy_norm"": 0.65882782792749, ""zero_filled_fraction"": 0.006022248863858143, ""method"": ""Welch nperseg<=2048 on demeaned rows""}",,laneA_ps1_metrics.v1
fx.gbpusd.logret_24h,cost,MEASURED,"{""build_s"": 0.014329546249952892, ""profile_s"": 0.03662310100025934, ""bytes_float64"": 573872}",,laneA_ps1_metrics.v1
fx.gbpusd.ewma_vol_24,missingness,MEASURED,"{""n_rows"": 71734, ""n_finite"": 71302, ""missing_fraction"": 0.0060222488638581595}",,laneA_ps1_metrics.v1
fx.gbpusd.ewma_vol_24,constant,MEASURED,"{""n_unique"": 71302, ""is_constant"": false, ""top_value_share"": 1.4024852037811e-05}",,laneA_ps1_metrics.v1
fx.gbpusd.ewma_vol_24,scale_tails,MEASURED,"{""mean"": 0.0010658339204257193, ""std"": 0.0005190883261251648, ""min"": 0.0003178098424033108, ""max"": 0.011302702252076484, ""p001"": 0.00035979133763979594, ""p01"": 0.00044608728985553987, ""p05"": 0.0005773282833960401, ""p25"": 0.0007926701085113304, ""median"": 0.0009652155283637683, ""p75"": 0.0012103259520156436, ""p95"": 0.0018117174280577932, ""p99"": 0.0028235770404530106, ""p999"": 0.006673575327112499, ""mad"": 0.0001987838995915613, ""skew"": 5.819263617968929, ""excess_kurtosis"": 71.17177327342164, ""tail_ratio_p99_mad"": 9.34865205837894, ""share_beyond_5mad"": 0.037011584527783234}",,laneA_ps1_metrics.v1
fx.gbpusd.ewma_vol_24,volatility,MEASURED,"{""std_first_diff"": 5.409537189835307e-05, ""rolling168_std_median"": 0.00013161347512781287, ""vol_of_vol_cv"": 1.1633117743421129}",,laneA_ps1_metrics.v1
fx.gbpusd.ewma_vol_24,acf,MEASURED,"{""lag_1"": 0.9945813495693504, ""lag_6"": 0.9593739473894514, ""lag_24"": 0.846694084098811, ""lag_120"": 0.5303513466166264, ""lag_168"": 0.44523851527843733, ""lag_unit"": ""rows of the decision grid (1 row = 1 market hour; weekend gaps not filled)""}",,laneA_ps1_metrics.v1
fx.gbpusd.ewma_vol_24,trend,MEASURED,"{""ols_slope_per_year"": 4.886772705440862e-05, ""slope_in_std_per_year"": 0.09414144875726878, ""ols_r"": 0.22142773142414923, ""kendall_tau_3000"": 0.17610136712237412, ""kendall_p_3000"": 2.1752834803723018e-47, ""caveat"": ""OLS p-value omitted: serial correlation makes it invalid""}",,laneA_ps1_metrics.v1
fx.gbpusd.ewma_vol_24,adf,MEASURED,"{""stat"": -7.446336348705456, ""pvalue"": 5.825035581379634e-11, ""lags"": 24, ""nobs"": 19975, ""crit_5pct"": -2.8616847064863733, ""H0"": ""unit root"", ""regression"": ""c"", ""sample"": ""last 20000 finite TRAIN values (gaps compressed)""}",,laneA_ps1_metrics.v1
fx.gbpusd.ewma_vol_24,kpss,MEASURED,"{""stat"": 2.78113111347676, ""pvalue"": 0.01, ""lags"": 86, ""H0"": ""level stationary"", ""pvalue_truncated_to_table"": true, ""sample"": ""last 20000 finite TRAIN values (gaps compressed)""}",,laneA_ps1_metrics.v1
fx.gbpusd.ewma_vol_24,seasonality,MEASURED,"{""eta2_hour_of_day"": 0.0038601063223906926, ""eta2_day_of_week"": 0.0023268146985139103, ""eta2_month"": 0.029071446500000753}",,laneA_ps1_metrics.v1
fx.gbpusd.ewma_vol_24,spectrum,MEASURED,"{""top_periods_rows"": [2048.0, 1024.0, 682.6666666666666], ""top_power_share"": [0.19143636122944757, 0.17098208238999615, 0.10362195577488334], ""spectral_entropy_norm"": 0.44569020609547455, ""zero_filled_fraction"": 0.006022248863858143, ""method"": ""Welch nperseg<=2048 on demeaned rows""}",,laneA_ps1_metrics.v1
fx.gbpusd.ewma_vol_24,cost,MEASURED,"{""build_s"": 0.014329546249952892, ""profile_s"": 0.035954087000391155, ""bytes_float64"": 573872}",,laneA_ps1_metrics.v1
fx.nzdusd.logret_1h,missingness,MEASURED,"{""n_rows"": 71734, ""n_finite"": 71317, ""missing_fraction"": 0.005813143000529708}",,laneA_ps1_metrics.v1
fx.nzdusd.logret_1h,constant,MEASURED,"{""n_unique"": 70382, ""is_constant"": false, ""top_value_share"": 0.0065342064304443545}",,laneA_ps1_metrics.v1
fx.nzdusd.logret_1h,scale_tails,MEASURED,"{""mean"": -3.4432360192766675e-06, ""std"": 0.001432934904890098, ""min"": -0.023307333936055108, ""max"": 0.019634730616170493, ""p001"": -0.008227168055603319, ""p01"": -0.0038386027484978613, ""p05"": -0.002090426829716085, ""p25"": -0.0006874080862405707, ""median"": 0.0, ""p75"": 0.0006877947280381491, ""p95"": 0.002073072726394698, ""p99"": 0.0038633588531667997, ""p999"": 0.008178387737425796, ""mad"": 0.0006876042421053441, ""skew"": -0.13888315429988926, ""excess_kurtosis"": 14.917744255059457, ""tail_ratio_p99_mad"": 5.618579142760605, ""share_beyond_5mad"": 0.02777738828049413}",,laneA_ps1_metrics.v1
fx.nzdusd.logret_1h,volatility,MEASURED,"{""std_first_diff"": 0.0020555957077495225, ""rolling168_std_median"": 0.0012679101664771868, ""vol_of_vol_cv"": 0.3323791765490327}",,laneA_ps1_metrics.v1
fx.nzdusd.logret_1h,acf,MEASURED,"{""lag_1"": -0.030242474291757356, ""lag_6"": -0.00449936796049437, ""lag_24"": 0.00016179389224459199, ""lag_120"": 0.002352615367863601, ""lag_168"": 0.004480749945301597, ""lag_unit"": ""rows of the decision grid (1 row = 1 market hour; weekend gaps not filled)""}",,laneA_ps1_metrics.v1
fx.nzdusd.logret_1h,trend,MEASURED,"{""ols_slope_per_year"": 5.35906782998957e-07, ""slope_in_std_per_year"": 0.00037399241317250166, ""ols_r"": 0.0008797717409607695, ""kendall_tau_3000"": -0.006959758423285495, ""kendall_p_3000"": 0.5676874951953557, ""caveat"": ""OLS p-value omitted: serial correlation makes it invalid""}",,laneA_ps1_metrics.v1
fx.nzdusd.logret_1h,adf,MEASURED,"{""stat"": -29.494403784277658, ""pvalue"": 0.0, ""lags"": 24, ""nobs"": 19975, ""crit_5pct"": -2.8616847064863733, ""H0"": ""unit root"", ""regression"": ""c"", ""sample"": ""last 20000 finite TRAIN values (gaps compressed)""}",,laneA_ps1_metrics.v1
fx.nzdusd.logret_1h,kpss,MEASURED,"{""stat"": 0.09216627212748406, ""pvalue"": 0.1, ""lags"": 8, ""H0"": ""level stationary"", ""pvalue_truncated_to_table"": true, ""sample"": ""last 20000 finite TRAIN values (gaps compressed)""}",,laneA_ps1_metrics.v1
fx.nzdusd.logret_1h,seasonality,MEASURED,"{""eta2_hour_of_day"": 0.001302508834284953, ""eta2_day_of_week"": 0.00015448601519158322, ""eta2_month"": 0.00019428361819038466}",,laneA_ps1_metrics.v1
fx.nzdusd.logret_1h,spectrum,MEASURED,"{""top_periods_rows"": [3.4247491638795986, 3.4304857621440537, 2.1580611169652264], ""top_power_share"": [0.0017130506073941227, 0.0016022173448442289, 0.001575914450929152], ""spectral_entropy_norm"": 0.998172947482529, ""zero_filled_fraction"": 0.005813143000529735, ""method"": ""Welch nperseg<=2048 on demeaned rows""}",,laneA_ps1_metrics.v1
fx.nzdusd.logret_1h,cost,MEASURED,"{""build_s"": 0.014329546249952892, ""profile_s"": 0.03677258100015024, ""bytes_float64"": 573872}",,laneA_ps1_metrics.v1
fx.nzdusd.logret_24h,missingness,MEASURED,"{""n_rows"": 71734, ""n_finite"": 71317, ""missing_fraction"": 0.005813143000529708}",,laneA_ps1_metrics.v1
fx.nzdusd.logret_24h,constant,MEASURED,"{""n_unique"": 71144, ""is_constant"": false, ""top_value_share"": 0.0010095769592102864}",,laneA_ps1_metrics.v1
fx.nzdusd.logret_24h,scale_tails,MEASURED,"{""mean"": -8.552079853485271e-05, ""std"": 0.0067048220527474636, ""min"": -0.08074912441463422, ""max"": 0.04621319524687639, ""p001"": -0.027421710046625428, ""p01"": -0.017038785583705716, ""p05"": -0.011042406314340692, ""p25"": -0.004012690647338335, ""median"": -1.4962332328560812e-05, ""p75"": 0.003973201341134103, ""p95"": 0.010573234489944605, ""p99"": 0.016649120091956928, ""p999"": 0.026816144911240784, ""mad"": 0.00399264836801122, ""skew"": -0.14258751079108398, ""excess_kurtosis"": 2.562982489966328, ""tail_ratio_p99_mad"": 4.173691466996389, ""share_beyond_5mad"": 0.009142280241737594}",,laneA_ps1_metrics.v1
fx.nzdusd.logret_24h,volatility,MEASURED,"{""std_first_diff"": 0.002028920975931099, ""rolling168_std_median"": 0.0055590882370782965, ""vol_of_vol_cv"": 0.3612328173589986}",,laneA_ps1_metrics.v1
fx.nzdusd.logret_24h,acf,MEASURED,"{""lag_1"": 0.954145958934868, ""lag_6"": 0.7331808440333428, ""lag_24"": -0.0392709993484284, ""lag_120"": -0.014013965955380845, ""lag_168"": -0.0012278729923462127, ""lag_unit"": ""rows of the decision grid (1 row = 1 market hour; weekend gaps not filled)""}",,laneA_ps1_metrics.v1
fx.nzdusd.logret_24h,trend,MEASURED,"{""ols_slope_per_year"": 1.1616353166514225e-05, ""slope_in_std_per_year"": 0.001732537131504354, ""ols_r"": 0.004075583233181039, ""kendall_tau_3000"": -4.134712489654985e-05, ""kendall_p_3000"": 0.9972911618450916, ""caveat"": ""OLS p-value omitted: serial correlation makes it invalid""}",,laneA_ps1_metrics.v1
fx.nzdusd.logret_24h,adf,MEASURED,"{""stat"": -18.107432292663265, ""pvalue"": 2.5432011062557427e-30, ""lags"": 24, ""nobs"": 19975, ""crit_5pct"": -2.8616847064863733, ""H0"": ""unit root"", ""regression"": ""c"", ""sample"": ""last 20000 finite TRAIN values (gaps compressed)""}",,laneA_ps1_metrics.v1
fx.nzdusd.logret_24h,kpss,MEASURED,"{""stat"": 0.12289621335061678, ""pvalue"": 0.1, ""lags"": 82, ""H0"": ""level stationary"", ""pvalue_truncated_to_table"": true, ""sample"": ""last 20000 finite TRAIN values (gaps compressed)""}",,laneA_ps1_metrics.v1
fx.nzdusd.logret_24h,seasonality,MEASURED,"{""eta2_hour_of_day"": 5.3580010977464735e-06, ""eta2_day_of_week"": 0.000587732578003377, ""eta2_month"": 0.005393001223168343}",,laneA_ps1_metrics.v1
fx.nzdusd.logret_24h,spectrum,MEASURED,"{""top_periods_rows"": [292.57142857142856, 107.78947368421052, 227.55555555555554], ""top_power_share"": [0.023471464609579364, 0.022977955175120794, 0.022789928654570007], ""spectral_entropy_norm"": 0.6694749789048648, ""zero_filled_fraction"": 0.005813143000529735, ""method"": ""Welch nperseg<=2048 on demeaned rows""}",,laneA_ps1_metrics.v1
fx.nzdusd.logret_24h,cost,MEASURED,"{""build_s"": 0.014329546249952892, ""profile_s"": 0.03668982599992887, ""bytes_float64"": 573872}",,laneA_ps1_metrics.v1
fx.nzdusd.ewma_vol_24,missingness,MEASURED,"{""n_rows"": 71734, ""n_finite"": 71317, ""missing_fraction"": 0.005813143000529708}",,laneA_ps1_metrics.v1
fx.nzdusd.ewma_vol_24,constant,MEASURED,"{""n_unique"": 71317, ""is_constant"": false, ""top_value_share"": 1.4021902211253979e-05}",,laneA_ps1_metrics.v1
fx.nzdusd.ewma_vol_24,scale_tails,MEASURED,"{""mean"": 0.0013476693355527283, ""std"": 0.0004934564976645646, ""min"": 0.0004760186671235514, ""max"": 0.006813814259923193, ""p001"": 0.0005831918644267117, ""p01"": 0.0006746478598595406, ""p05"": 0.0007858193681629347, ""p25"": 0.0010160926997207118, ""median"": 0.0012513834763589898, ""p75"": 0.0015625045226004943, ""p95"": 0.002214000443285457, ""p99"": 0.002999352885595519, ""p999"": 0.005405909498265444, ""mad"": 0.00026395175114211303, ""skew"": 2.410759887085301, ""excess_kurtosis"": 13.646231469984482, ""tail_ratio_p99_mad"": 6.622306545317872, ""share_beyond_5mad"": 0.021733948427443667}",,laneA_ps1_metrics.v1
fx.nzdusd.ewma_vol_24,volatility,MEASURED,"{""std_first_diff"": 5.727502236583435e-05, ""rolling168_std_median"": 0.0001596588247409656, ""vol_of_vol_cv"": 0.6857341231184214}",,laneA_ps1_metrics.v1
fx.nzdusd.ewma_vol_24,acf,MEASURED,"{""lag_1"": 0.9932731827399657, ""lag_6"": 0.955909461362857, ""lag_24"": 0.8448959985067315, ""lag_120"": 0.6288326680885864, ""lag_168"": 0.5478583052536684, ""lag_unit"": ""rows of the decision grid (1 row = 1 market hour; weekend gaps not filled)""}",,laneA_ps1_metrics.v1
fx.nzdusd.ewma_vol_24,trend,MEASURED,"{""ols_slope_per_year"": 4.828484441890437e-06, ""slope_in_std_per_year"": 0.00978502555897578, ""ols_r"": 0.02301808450695788, ""kendall_tau_3000"": 0.0002467489163054351, ""kendall_p_3000"": 0.983835427816922, ""caveat"": ""OLS p-value omitted: serial correlation makes it invalid""}",,laneA_ps1_metrics.v1
fx.nzdusd.ewma_vol_24,adf,MEASURED,"{""stat"": -8.164552569452924, ""pvalue"": 8.955877087168258e-13, ""lags"": 24, ""nobs"": 19975, ""crit_5pct"": -2.8616847064863733, ""H0"": ""unit root"", ""regression"": ""c"", ""sample"": ""last 20000 finite TRAIN values (gaps compressed)""}",,laneA_ps1_metrics.v1
fx.nzdusd.ewma_vol_24,kpss,MEASURED,"{""stat"": 6.255920601287445, ""pvalue"": 0.01, ""lags"": 86, ""H0"": ""level stationary"", ""pvalue_truncated_to_table"": true, ""sample"": ""last 20000 finite TRAIN values (gaps compressed)""}",,laneA_ps1_metrics.v1
fx.nzdusd.ewma_vol_24,seasonality,MEASURED,"{""eta2_hour_of_day"": 0.0008687731273931295, ""eta2_day_of_week"": 0.006924195277993693, ""eta2_month"": 0.028076174923078134}",,laneA_ps1_metrics.v1
fx.nzdusd.ewma_vol_24,spectrum,MEASURED,"{""top_periods_rows"": [2048.0, 1024.0, 682.6666666666666], ""top_power_share"": [0.21336747080147897, 0.16562581945945173, 0.10347995686965154], ""spectral_entropy_norm"": 0.4619739747856184, ""zero_filled_fraction"": 0.005813143000529735, ""method"": ""Welch nperseg<=2048 on demeaned rows""}",,laneA_ps1_metrics.v1
fx.nzdusd.ewma_vol_24,cost,MEASURED,"{""build_s"": 0.014329546249952892, ""profile_s"": 0.03653121899969847, ""bytes_float64"": 573872}",,laneA_ps1_metrics.v1
fx.usdcad.logret_1h,missingness,MEASURED,"{""n_rows"": 71734, ""n_finite"": 65088, ""missing_fraction"": 0.09264783784537323}",,laneA_ps1_metrics.v1
fx.usdcad.logret_1h,constant,MEASURED,"{""n_unique"": 64357, ""is_constant"": false, ""top_value_share"": 0.006683259587020649}",,laneA_ps1_metrics.v1
fx.usdcad.logret_1h,scale_tails,MEASURED,"{""mean"": 4.978901450993016e-06, ""std"": 0.0010255778317887498, ""min"": -0.014295989251599278, ""max"": 0.0800372041113557, ""p001"": -0.005821751369204128, ""p01"": -0.0027525566142835383, ""p05"": -0.0013992645750194488, ""p25"": -0.0004271197955896533, ""median"": 0.0, ""p75"": 0.00043101992899246405, ""p95"": 0.0014363453318155027, ""p99"": 0.0027040720871212257, ""p999"": 0.005670908799099179, ""mad"": 0.00042877095486372474, ""skew"": 7.272447704687694, ""excess_kurtosis"": 580.8771837157072, ""tail_ratio_p99_mad"": 6.306565443502707, ""share_beyond_5mad"": 0.03825589970501475}",,laneA_ps1_metrics.v1
fx.usdcad.logret_1h,volatility,MEASURED,"{""std_first_diff"": 0.0014274380137443516, ""rolling168_std_median"": 0.000881854465216292, ""vol_of_vol_cv"": 0.4041605602108198}",,laneA_ps1_metrics.v1
fx.usdcad.logret_1h,acf,MEASURED,"{""lag_1"": -0.017505615381155585, ""lag_6"": -0.0005967926526340537, ""lag_24"": -0.0003499656251444273, ""lag_120"": -0.006628801296867885, ""lag_168"": -0.005060972837569169, ""lag_unit"": ""rows of the decision grid (1 row = 1 market hour; weekend gaps not filled)""}",,laneA_ps1_metrics.v1
fx.usdcad.logret_1h,trend,MEASURED,"{""ols_slope_per_year"": -1.341586585124248e-06, ""slope_in_std_per_year"": -0.0013081275194729348, ""ols_r"": -0.0032173902106310704, ""kendall_tau_3000"": 0.006536539063636338, ""kendall_p_3000"": 0.5914699264118206, ""caveat"": ""OLS p-value omitted: serial correlation makes it invalid""}",,laneA_ps1_metrics.v1
fx.usdcad.logret_1h,adf,MEASURED,"{""stat"": -29.2162492820284, ""pvalue"": 0.0, ""lags"": 24, ""nobs"": 19975, ""crit_5pct"": -2.8616847064863733, ""H0"": ""unit root"", ""regression"": ""c"", ""sample"": ""last 20000 finite TRAIN values (gaps compressed)""}",,laneA_ps1_metrics.v1
fx.usdcad.logret_1h,kpss,MEASURED,"{""stat"": 0.15658702629093835, ""pvalue"": 0.1, ""lags"": 12, ""H0"": ""level stationary"", ""pvalue_truncated_to_table"": true, ""sample"": ""last 20000 finite TRAIN values (gaps compressed)""}",,laneA_ps1_metrics.v1
fx.usdcad.logret_1h,seasonality,MEASURED,"{""eta2_hour_of_day"": 0.001421502201569468, ""eta2_day_of_week"": 0.0005413409127361897, ""eta2_month"": 0.0001596641390961372}",,laneA_ps1_metrics.v1
fx.usdcad.logret_1h,spectrum,MEASURED,"{""top_periods_rows"": [19.692307692307693, 2.6528497409326426, 7.474452554744525], ""top_power_share"": [0.0016217390047665121, 0.0015069983510540429, 0.0014157993998975811], ""spectral_entropy_norm"": 0.9984250971845934, ""zero_filled_fraction"": 0.09264783784537318, ""method"": ""Welch nperseg<=2048 on demeaned rows""}",,laneA_ps1_metrics.v1
fx.usdcad.logret_1h,cost,MEASURED,"{""build_s"": 0.014329546249952892, ""profile_s"": 0.036635503999605135, ""bytes_float64"": 573872}",,laneA_ps1_metrics.v1
fx.usdcad.logret_24h,missingness,MEASURED,"{""n_rows"": 71734, ""n_finite"": 65088, ""missing_fraction"": 0.09264783784537323}",,laneA_ps1_metrics.v1
fx.usdcad.logret_24h,constant,MEASURED,"{""n_unique"": 64990, ""is_constant"": false, ""top_value_share"": 0.0008450098328416912}",,laneA_ps1_metrics.v1
fx.usdcad.logret_24h,scale_tails,MEASURED,"{""mean"": 0.00011327011618574052, ""std"": 0.0048667110509020214, ""min"": -0.029054443552984865, ""max"": 0.08394439034460024, ""p001"": -0.01907412275182087, ""p01"": -0.012064205458238027, ""p05"": -0.0072519508148196155, ""p25"": -0.0025655209402371884, ""median"": 3.6273119362849326e-05, ""p75"": 0.0027042783561553665, ""p95"": 0.007728027967841553, ""p99"": 0.011870764486537348, ""p999"": 0.020004115914743405, ""mad"": 0.00263294424119085, ""skew"": 1.7113694071455383, ""excess_kurtosis"": 29.708440422262008, ""tail_ratio_p99_mad"": 4.494774777996018, ""share_beyond_5mad"": 0.013627704031465094}",,laneA_ps1_metrics.v1
fx.usdcad.logret_24h,volatility,MEASURED,"{""std_first_diff"": 0.0014191794035437197, ""rolling168_std_median"": 0.0038497077916264787, ""vol_of_vol_cv"": 0.4687437889011892}",,laneA_ps1_metrics.v1
fx.usdcad.logret_24h,acf,MEASURED,"{""lag_1"": 0.9573939582952151, ""lag_6"": 0.7522117115202476, ""lag_24"": -0.009185840293441883, ""lag_120"": -0.03483446616593849, ""lag_168"": 0.006444799868557463, ""lag_unit"": ""rows of the decision grid (1 row = 1 market hour; weekend gaps not filled)""}",,laneA_ps1_metrics.v1
fx.usdcad.logret_24h,trend,MEASURED,"{""ols_slope_per_year"": -3.745374173541663e-05, ""slope_in_std_per_year"": -0.007695904142177244, ""ols_r"": -0.01892837378650413, ""kendall_tau_3000"": -0.008976776020970778, ""kendall_p_3000"": 0.4610694856236838, ""caveat"": ""OLS p-value omitted: serial correlation makes it invalid""}",,laneA_ps1_metrics.v1
fx.usdcad.logret_24h,adf,MEASURED,"{""stat"": -18.078656729955043, ""pvalue"": 2.5909762756141726e-30, ""lags"": 24, ""nobs"": 19975, ""crit_5pct"": -2.8616847064863733, ""H0"": ""unit root"", ""regression"": ""c"", ""sample"": ""last 20000 finite TRAIN values (gaps compressed)""}",,laneA_ps1_metrics.v1
fx.usdcad.logret_24h,kpss,MEASURED,"{""stat"": 0.17180831098749408, ""pvalue"": 0.1, ""lags"": 82, ""H0"": ""level stationary"", ""pvalue_truncated_to_table"": true, ""sample"": ""last 20000 finite TRAIN values (gaps compressed)""}",,laneA_ps1_metrics.v1
fx.usdcad.logret_24h,seasonality,MEASURED,"{""eta2_hour_of_day"": 5.936204678251002e-06, ""eta2_day_of_week"": 0.0009284384398430656, ""eta2_month"": 0.0044092317396987974}",,laneA_ps1_metrics.v1
fx.usdcad.logret_24h,spectrum,MEASURED,"{""top_periods_rows"": [227.55555555555554, 186.1818181818182, 204.8], ""top_power_share"": [0.02719433660213654, 0.026612948582629695, 0.026075644906534433], ""spectral_entropy_norm"": 0.6641648131007466, ""zero_filled_fraction"": 0.09264783784537318, ""method"": ""Welch nperseg<=2048 on demeaned rows""}",,laneA_ps1_metrics.v1
fx.usdcad.logret_24h,cost,MEASURED,"{""build_s"": 0.014329546249952892, ""profile_s"": 0.037043268000161333, ""bytes_float64"": 573872}",,laneA_ps1_metrics.v1
fx.usdcad.ewma_vol_24,missingness,MEASURED,"{""n_rows"": 71734, ""n_finite"": 65088, ""missing_fraction"": 0.09264783784537323}",,laneA_ps1_metrics.v1
fx.usdcad.ewma_vol_24,constant,MEASURED,"{""n_unique"": 65088, ""is_constant"": false, ""top_value_share"": 1.5363815142576205e-05}",,laneA_ps1_metrics.v1
fx.usdcad.ewma_vol_24,scale_tails,MEASURED,"{""mean"": 0.0009323747937586123, ""std"": 0.00043237455638952166, ""min"": 0.00028863658219809403, ""max"": 0.013531984519671936, ""p001"": 0.0003450039511608013, ""p01"": 0.00041493405203000037, ""p05"": 0.0005207624949059249, ""p25"": 0.00069456888609909, ""median"": 0.0008630314620568359, ""p75"": 0.0010788112213444613, ""p95"": 0.0015293596194363983, ""p99"": 0.0021779179584037107, ""p999"": 0.005427239777033652, ""mad"": 0.00018841030260627692, ""skew"": 8.972882463740804, ""excess_kurtosis"": 183.25270764890132, ""tail_ratio_p99_mad"": 6.978846051187591, ""share_beyond_5mad"": 0.021140609636184856}",,laneA_ps1_metrics.v1
fx.usdcad.ewma_vol_24,volatility,MEASURED,"{""std_first_diff"": 4.0776549642771446e-05, ""rolling168_std_median"": 0.000122396860102662, ""vol_of_vol_cv"": 1.0229215464283152}",,laneA_ps1_metrics.v1
fx.usdcad.ewma_vol_24,acf,MEASURED,"{""lag_1"": 0.9955572902124257, ""lag_6"": 0.9655769635557022, ""lag_24"": 0.8766011620135779, ""lag_120"": 0.5237650728542027, ""lag_168"": 0.4460024626337601, ""lag_unit"": ""rows of the decision grid (1 row = 1 market hour; weekend gaps not filled)""}",,laneA_ps1_metrics.v1
fx.usdcad.ewma_vol_24,trend,MEASURED,"{""ols_slope_per_year"": -1.0527934605290486e-06, ""slope_in_std_per_year"": -0.002434910761910324, ""ols_r"": -0.005988757160530486, ""kendall_tau_3000"": 0.0012052906524397022, ""kendall_p_3000"": 0.9211644726996113, ""caveat"": ""OLS p-value omitted: serial correlation makes it invalid""}",,laneA_ps1_metrics.v1
fx.usdcad.ewma_vol_24,adf,MEASURED,"{""stat"": -9.312889466763256, ""pvalue"": 1.0375770283939095e-15, ""lags"": 24, ""nobs"": 19975, ""crit_5pct"": -2.8616847064863733, ""H0"": ""unit root"", ""regression"": ""c"", ""sample"": ""last 20000 finite TRAIN values (gaps compressed)""}",,laneA_ps1_metrics.v1
fx.usdcad.ewma_vol_24,kpss,MEASURED,"{""stat"": 1.7472607563920322, ""pvalue"": 0.01, ""lags"": 86, ""H0"": ""level stationary"", ""pvalue_truncated_to_table"": true, ""sample"": ""last 20000 finite TRAIN values (gaps compressed)""}",,laneA_ps1_metrics.v1
fx.usdcad.ewma_vol_24,seasonality,MEASURED,"{""eta2_hour_of_day"": 0.005384579007221674, ""eta2_day_of_week"": 0.0029562844569072572, ""eta2_month"": 0.04559933996833245}",,laneA_ps1_metrics.v1
fx.usdcad.ewma_vol_24,spectrum,MEASURED,"{""top_periods_rows"": [2048.0, 1024.0, 682.6666666666666], ""top_power_share"": [0.18679138938152737, 0.1297623290539822, 0.08251303723107635], ""spectral_entropy_norm"": 0.4900209331581166, ""zero_filled_fraction"": 0.09264783784537318, ""method"": ""Welch nperseg<=2048 on demeaned rows""}",,laneA_ps1_metrics.v1
fx.usdcad.ewma_vol_24,cost,MEASURED,"{""build_s"": 0.014329546249952892, ""profile_s"": 0.0351645170003394, ""bytes_float64"": 573872}",,laneA_ps1_metrics.v1
fx.usdchf.logret_1h,missingness,MEASURED,"{""n_rows"": 71734, ""n_finite"": 71326, ""missing_fraction"": 0.0056876794825326815}",,laneA_ps1_metrics.v1
fx.usdchf.logret_1h,constant,MEASURED,"{""n_unique"": 70039, ""is_constant"": false, ""top_value_share"": 0.007640972436418697}",,laneA_ps1_metrics.v1
fx.usdchf.logret_1h,scale_tails,MEASURED,"{""mean"": -1.394563668849245e-06, ""std"": 0.0011687497770777016, ""min"": -0.1144109602167355, ""max"": 0.025675007980300507, ""p001"": -0.0065547386625154115, ""p01"": -0.003080186236362324, ""p05"": -0.0015465836810490052, ""p25"": -0.0004400342683152526, ""median"": 1.00986639779534e-05, ""p75"": 0.0004484222317290825, ""p95"": 0.0015466779072231796, ""p99"": 0.0029227708953447748, ""p999"": 0.006370187580002827, ""mad"": 0.00044398529122367456, ""skew"": -13.678053934756472, ""excess_kurtosis"": 1319.318020971369, ""tail_ratio_p99_mad"": 6.560289921630425, ""share_beyond_5mad"": 0.044093318004654686}",,laneA_ps1_metrics.v1
fx.usdchf.logret_1h,volatility,MEASURED,"{""std_first_diff"": 0.0016410681612681337, ""rolling168_std_median"": 0.000929282831716254, ""vol_of_vol_cv"": 0.5564482643012075}",,laneA_ps1_metrics.v1
fx.usdchf.logret_1h,acf,MEASURED,"{""lag_1"": 0.012216828456083548, ""lag_6"": -0.005783547110045431, ""lag_24"": 0.009003624980576249, ""lag_120"": 0.013848233136660665, ""lag_168"": -0.006915577201670555, ""lag_unit"": ""rows of the decision grid (1 row = 1 market hour; weekend gaps not filled)""}",,laneA_ps1_metrics.v1
fx.usdchf.logret_1h,trend,MEASURED,"{""ols_slope_per_year"": -1.9334408557870152e-06, ""slope_in_std_per_year"": -0.0016542812616583498, ""ols_r"": -0.003891849098442863, ""kendall_tau_3000"": -0.008195407542836574, ""kendall_p_3000"": 0.5010045235979961, ""caveat"": ""OLS p-value omitted: serial correlation makes it invalid""}",,laneA_ps1_metrics.v1
fx.usdchf.logret_1h,adf,MEASURED,"{""stat"": -27.467745619497272, ""pvalue"": 0.0, ""lags"": 24, ""nobs"": 19975, ""crit_5pct"": -2.8616847064863733, ""H0"": ""unit root"", ""regression"": ""c"", ""sample"": ""last 20000 finite TRAIN values (gaps compressed)""}",,laneA_ps1_metrics.v1
fx.usdchf.logret_1h,kpss,MEASURED,"{""stat"": 0.24665731974036176, ""pvalue"": 0.1, ""lags"": 12, ""H0"": ""level stationary"", ""pvalue_truncated_to_table"": true, ""sample"": ""last 20000 finite TRAIN values (gaps compressed)""}",,laneA_ps1_metrics.v1
fx.usdchf.logret_1h,seasonality,MEASURED,"{""eta2_hour_of_day"": 0.0022967136980325425, ""eta2_day_of_week"": 0.0007436009838392168, ""eta2_month"": 0.0001367359884056939}",,laneA_ps1_metrics.v1
fx.usdchf.logret_1h,spectrum,MEASURED,"{""top_periods_rows"": [6.005865102639296, 2.183368869936034, 2.1810436634717787], ""top_power_share"": [0.0017360053103909247, 0.0016245446980711943, 0.0015369000769565738], ""spectral_entropy_norm"": 0.9977554075916584, ""zero_filled_fraction"": 0.00568767948253269, ""method"": ""Welch nperseg<=2048 on demeaned rows""}",,laneA_ps1_metrics.v1
fx.usdchf.logret_1h,cost,MEASURED,"{""build_s"": 0.014329546249952892, ""profile_s"": 0.03614022599958844, ""bytes_float64"": 573872}",,laneA_ps1_metrics.v1
fx.usdchf.logret_24h,missingness,MEASURED,"{""n_rows"": 71734, ""n_finite"": 71326, ""missing_fraction"": 0.0056876794825326815}",,laneA_ps1_metrics.v1
fx.usdchf.logret_24h,constant,MEASURED,"{""n_unique"": 71111, ""is_constant"": false, ""top_value_share"": 0.0011075904999579395}",,laneA_ps1_metrics.v1
fx.usdchf.logret_24h,scale_tails,MEASURED,"{""mean"": -2.340503204990618e-05, ""std"": 0.0057101141876543405, ""min"": -0.19470451502109534, ""max"": 0.030823762390290332, ""p001"": -0.026087375317422074, ""p01"": -0.013797263817769967, ""p05"": -0.007972850845450172, ""p25"": -0.0026991816590887334, ""median"": 0.0001487371647181865, ""p75"": 0.0028374290214408324, ""p95"": 0.007803886504224325, ""p99"": 0.012342734183385835, ""p999"": 0.01975743776324231, ""mad"": 0.002767148135341302, ""skew"": -7.152261604480493, ""excess_kurtosis"": 196.88953862542454, ""tail_ratio_p99_mad"": 4.406701926409022, ""share_beyond_5mad"": 0.015786669657628354}",,laneA_ps1_metrics.v1
fx.usdchf.logret_24h,volatility,MEASURED,"{""std_first_diff"": 0.001646333687192674, ""rolling168_std_median"": 0.0039543806915084715, ""vol_of_vol_cv"": 0.6876885799094542}",,laneA_ps1_metrics.v1
fx.usdchf.logret_24h,acf,MEASURED,"{""lag_1"": 0.9583844939221291, ""lag_6"": 0.7538605786983507, ""lag_24"": 0.03077977725648464, ""lag_120"": -0.02160545949930018, ""lag_168"": -0.05325244832019313, ""lag_unit"": ""rows of the decision grid (1 row = 1 market hour; weekend gaps not filled)""}",,laneA_ps1_metrics.v1
fx.usdchf.logret_24h,trend,MEASURED,"{""ols_slope_per_year"": -4.023397533758611e-05, ""slope_in_std_per_year"": -0.007046089450290632, ""ols_r"": -0.016576574679430023, ""kendall_tau_3000"": -0.007348896526252445, ""kendall_p_3000"": 0.5462284901212209, ""caveat"": ""OLS p-value omitted: serial correlation makes it invalid""}",,laneA_ps1_metrics.v1
fx.usdchf.logret_24h,adf,MEASURED,"{""stat"": -17.599972297660592, ""pvalue"": 3.925775714344154e-30, ""lags"": 24, ""nobs"": 19975, ""crit_5pct"": -2.8616847064863733, ""H0"": ""unit root"", ""regression"": ""c"", ""sample"": ""last 20000 finite TRAIN values (gaps compressed)""}",,laneA_ps1_metrics.v1
fx.usdchf.logret_24h,kpss,MEASURED,"{""stat"": 0.19676715179366552, ""pvalue"": 0.1, ""lags"": 82, ""H0"": ""level stationary"", ""pvalue_truncated_to_table"": true, ""sample"": ""last 20000 finite TRAIN values (gaps compressed)""}",,laneA_ps1_metrics.v1
fx.usdchf.logret_24h,seasonality,MEASURED,"{""eta2_hour_of_day"": 5.8210212652261495e-06, ""eta2_day_of_week"": 0.0013175498534159621, ""eta2_month"": 0.0030950053665504394}",,laneA_ps1_metrics.v1
fx.usdchf.logret_24h,spectrum,MEASURED,"{""top_periods_rows"": [341.3333333333333, 512.0, 682.6666666666666], ""top_power_share"": [0.0334252198358981, 0.03129899179484723, 0.029127899957556585], ""spectral_entropy_norm"": 0.6575861500970877, ""zero_filled_fraction"": 0.00568767948253269, ""method"": ""Welch nperseg<=2048 on demeaned rows""}",,laneA_ps1_metrics.v1
fx.usdchf.logret_24h,cost,MEASURED,"{""build_s"": 0.014329546249952892, ""profile_s"": 0.03509393500007718, ""bytes_float64"": 573872}",,laneA_ps1_metrics.v1
fx.usdchf.ewma_vol_24,missingness,MEASURED,"{""n_rows"": 71734, ""n_finite"": 71326, ""missing_fraction"": 0.0056876794825326815}",,laneA_ps1_metrics.v1
fx.usdchf.ewma_vol_24,constant,MEASURED,"{""n_unique"": 71326, ""is_constant"": false, ""top_value_share"": 1.4020132910859994e-05}",,laneA_ps1_metrics.v1
fx.usdchf.ewma_vol_24,scale_tails,MEASURED,"{""mean"": 0.0010062705903570877, ""std"": 0.0005968355600373062, ""min"": 0.0003306738843556828, ""max"": 0.019819963389311954, ""p001"": 0.0003695995236571816, ""p01"": 0.00045148903728109625, ""p05"": 0.0005623535037946669, ""p25"": 0.0007457104939369762, ""median"": 0.0009107698428885614, ""p75"": 0.0011398716588749168, ""p95"": 0.0016800398160406703, ""p99"": 0.0024099560716508523, ""p999"": 0.00894001235886066, ""mad"": 0.00018775385024849192, ""skew"": 14.828231326755386, ""excess_kurtosis"": 364.1895611130487, ""tail_ratio_p99_mad"": 7.984849454634992, ""share_beyond_5mad"": 0.03061997027731823}",,laneA_ps1_metrics.v1
fx.usdchf.ewma_vol_24,volatility,MEASURED,"{""std_first_diff"": 7.217640272116273e-05, ""rolling168_std_median"": 0.0001304101488048975, ""vol_of_vol_cv"": 1.85043708956179}",,laneA_ps1_metrics.v1
fx.usdchf.ewma_vol_24,acf,MEASURED,"{""lag_1"": 0.9927023601436774, ""lag_6"": 0.9437236029648929, ""lag_24"": 0.7853932474354084, ""lag_120"": 0.37562033624859176, ""lag_168"": 0.3146592944750232, ""lag_unit"": ""rows of the decision grid (1 row = 1 market hour; weekend gaps not filled)""}",,laneA_ps1_metrics.v1
fx.usdchf.ewma_vol_24,trend,MEASURED,"{""ols_slope_per_year"": -2.030775818047335e-05, ""slope_in_std_per_year"": -0.03402571753466563, ""ols_r"": -0.08004863573103117, ""kendall_tau_3000"": -0.07702034011337112, ""kendall_p_3000"": 2.5458512830703484e-10, ""caveat"": ""OLS p-value omitted: serial correlation makes it invalid""}",,laneA_ps1_metrics.v1
fx.usdchf.ewma_vol_24,adf,MEASURED,"{""stat"": -8.322165673220466, ""pvalue"": 3.5484849018496726e-13, ""lags"": 24, ""nobs"": 19975, ""crit_5pct"": -2.8616847064863733, ""H0"": ""unit root"", ""regression"": ""c"", ""sample"": ""last 20000 finite TRAIN values (gaps compressed)""}",,laneA_ps1_metrics.v1
fx.usdchf.ewma_vol_24,kpss,MEASURED,"{""stat"": 7.194324215057873, ""pvalue"": 0.01, ""lags"": 86, ""H0"": ""level stationary"", ""pvalue_truncated_to_table"": true, ""sample"": ""last 20000 finite TRAIN values (gaps compressed)""}",,laneA_ps1_metrics.v1
fx.usdchf.ewma_vol_24,seasonality,MEASURED,"{""eta2_hour_of_day"": 0.0026943979819876, ""eta2_day_of_week"": 0.0032922676557295234, ""eta2_month"": 0.02907378610112625}",,laneA_ps1_metrics.v1
fx.usdchf.ewma_vol_24,spectrum,MEASURED,"{""top_periods_rows"": [2048.0, 1024.0, 682.6666666666666], ""top_power_share"": [0.1734313730983841, 0.13705884453391967, 0.10086686749444844], ""spectral_entropy_norm"": 0.4735770248467878, ""zero_filled_fraction"": 0.00568767948253269, ""method"": ""Welch nperseg<=2048 on demeaned rows""}",,laneA_ps1_metrics.v1
fx.usdchf.ewma_vol_24,cost,MEASURED,"{""build_s"": 0.014329546249952892, ""profile_s"": 0.03419785499954742, ""bytes_float64"": 573872}",,laneA_ps1_metrics.v1
fx.usdjpy.logret_1h,missingness,MEASURED,"{""n_rows"": 71734, ""n_finite"": 71308, ""missing_fraction"": 0.0059386065185267345}",,laneA_ps1_metrics.v1
fx.usdjpy.logret_1h,constant,MEASURED,"{""n_unique"": 70431, ""is_constant"": false, ""top_value_share"": 0.00633869972513603}",,laneA_ps1_metrics.v1
fx.usdjpy.logret_1h,scale_tails,MEASURED,"{""mean"": 7.4155922023994905e-06, ""std"": 0.0011398604475499642, ""min"": -0.030461570826441964, ""max"": 0.01656219563450101, ""p001"": -0.007428965357475097, ""p01"": -0.003253901524176319, ""p05"": -0.0016035109223428545, ""p25"": -0.00044203010248122787, ""median"": 1.8113647269224487e-05, ""p75"": 0.0004745853344814144, ""p95"": 0.001586021007167648, ""p99"": 0.0031073946027011605, ""p999"": 0.006498504879432317, ""mad"": 0.00045819966963733805, ""skew"": -1.3363442316315186, ""excess_kurtosis"": 37.432286855868696, ""tail_ratio_p99_mad"": 6.742215588843792, ""share_beyond_5mad"": 0.0457592415998205}",,laneA_ps1_metrics.v1
fx.usdjpy.logret_1h,volatility,MEASURED,"{""std_first_diff"": 0.001603249150653409, ""rolling168_std_median"": 0.000928533729264363, ""vol_of_vol_cv"": 0.4461025366264856}",,laneA_ps1_metrics.v1
fx.usdjpy.logret_1h,acf,MEASURED,"{""lag_1"": 0.005808370696295548, ""lag_6"": -0.0033269581418572873, ""lag_24"": -0.01259552921669045, ""lag_120"": 0.0021630778118817908, ""lag_168"": -0.0032007017829651205, ""lag_unit"": ""rows of the decision grid (1 row = 1 market hour; weekend gaps not filled)""}",,laneA_ps1_metrics.v1
fx.usdjpy.logret_1h,trend,MEASURED,"{""ols_slope_per_year"": -1.2302043814651376e-06, ""slope_in_std_per_year"": -0.0010792587672546758, ""ols_r"": -0.0025386375049772604, ""kendall_tau_3000"": -0.002570466929464821, ""kendall_p_3000"": 0.8328421410990956, ""caveat"": ""OLS p-value omitted: serial correlation makes it invalid""}",,laneA_ps1_metrics.v1
fx.usdjpy.logret_1h,adf,MEASURED,"{""stat"": -27.79543086420976, ""pvalue"": 0.0, ""lags"": 24, ""nobs"": 19975, ""crit_5pct"": -2.8616847064863733, ""H0"": ""unit root"", ""regression"": ""c"", ""sample"": ""last 20000 finite TRAIN values (gaps compressed)""}",,laneA_ps1_metrics.v1
fx.usdjpy.logret_1h,kpss,MEASURED,"{""stat"": 0.13680216838984002, ""pvalue"": 0.1, ""lags"": 7, ""H0"": ""level stationary"", ""pvalue_truncated_to_table"": true, ""sample"": ""last 20000 finite TRAIN values (gaps compressed)""}",,laneA_ps1_metrics.v1
fx.usdjpy.logret_1h,seasonality,MEASURED,"{""eta2_hour_of_day"": 0.0008705150456087157, ""eta2_day_of_week"": 0.0004732377002398836, ""eta2_month"": 0.0001295723168421482}",,laneA_ps1_metrics.v1
fx.usdjpy.logret_1h,spectrum,MEASURED,"{""top_periods_rows"": [7.037800687285223, 23.272727272727273, 9.481481481481481], ""top_power_share"": [0.0015658124777749621, 0.0015643981916098962, 0.0015014071271217413], ""spectral_entropy_norm"": 0.9981316464354242, ""zero_filled_fraction"": 0.00593860651852678, ""method"": ""Welch nperseg<=2048 on demeaned rows""}",,laneA_ps1_metrics.v1
fx.usdjpy.logret_1h,cost,MEASURED,"{""build_s"": 0.014329546249952892, ""profile_s"": 0.03544203699948412, ""bytes_float64"": 573872}",,laneA_ps1_metrics.v1
fx.usdjpy.logret_24h,missingness,MEASURED,"{""n_rows"": 71734, ""n_finite"": 71308, ""missing_fraction"": 0.0059386065185267345}",,laneA_ps1_metrics.v1
fx.usdjpy.logret_24h,constant,MEASURED,"{""n_unique"": 71160, ""is_constant"": false, ""top_value_share"": 0.0010097043809951197}",,laneA_ps1_metrics.v1
fx.usdjpy.logret_24h,scale_tails,MEASURED,"{""mean"": 0.00019046582143620816, ""std"": 0.005678346355222263, ""min"": -0.04913421073379354, ""max"": 0.04355286002765446, ""p001"": -0.030536500646444486, ""p01"": -0.01616927834164154, ""p05"": -0.008772642354327686, ""p25"": -0.0025970094853700054, ""median"": 0.00027367362968355735, ""p75"": 0.0031261163641795875, ""p95"": 0.00885468375209943, ""p99"": 0.015274746418255738, ""p999"": 0.02707144945477495, ""mad"": 0.002861929908432259, ""skew"": -0.30451234710208747, ""excess_kurtosis"": 4.84375022134278, ""tail_ratio_p99_mad"": 5.2415933543214, ""share_beyond_5mad"": 0.026392550625455768}",,laneA_ps1_metrics.v1
fx.usdjpy.logret_24h,volatility,MEASURED,"{""std_first_diff"": 0.0016249066718055775, ""rolling168_std_median"": 0.004096410794169002, ""vol_of_vol_cv"": 0.5033549416907843}",,laneA_ps1_metrics.v1
fx.usdjpy.logret_24h,acf,MEASURED,"{""lag_1"": 0.9588998874168572, ""lag_6"": 0.7551211373230036, ""lag_24"": 0.005594010662687654, ""lag_120"": -0.016708658435897434, ""lag_168"": -0.006853030792868738, ""lag_unit"": ""rows of the decision grid (1 row = 1 market hour; weekend gaps not filled)""}",,laneA_ps1_metrics.v1
fx.usdjpy.logret_24h,trend,MEASURED,"{""ols_slope_per_year"": -2.0137241292995794e-05, ""slope_in_std_per_year"": -0.0035463214170576214, ""ols_r"": -0.008341673773887594, ""kendall_tau_3000"": -0.004084028009336446, ""kendall_p_3000"": 0.7373674797512462, ""caveat"": ""OLS p-value omitted: serial correlation makes it invalid""}",,laneA_ps1_metrics.v1
fx.usdjpy.logret_24h,adf,MEASURED,"{""stat"": -17.96500688670988, ""pvalue"": 2.808397756745533e-30, ""lags"": 24, ""nobs"": 19975, ""crit_5pct"": -2.8616847064863733, ""H0"": ""unit root"", ""regression"": ""c"", ""sample"": ""last 20000 finite TRAIN values (gaps compressed)""}",,laneA_ps1_metrics.v1
fx.usdjpy.logret_24h,kpss,MEASURED,"{""stat"": 0.13537179877049546, ""pvalue"": 0.1, ""lags"": 82, ""H0"": ""level stationary"", ""pvalue_truncated_to_table"": true, ""sample"": ""last 20000 finite TRAIN values (gaps compressed)""}",,laneA_ps1_metrics.v1
fx.usdjpy.logret_24h,seasonality,MEASURED,"{""eta2_hour_of_day"": 4.9312345631589055e-06, ""eta2_day_of_week"": 0.00041968492220638426, ""eta2_month"": 0.00246450932285659}",,laneA_ps1_metrics.v1
fx.usdjpy.logret_24h,spectrum,MEASURED,"{""top_periods_rows"": [341.3333333333333, 256.0, 227.55555555555554], ""top_power_share"": [0.02519901702021283, 0.025078487896903413, 0.024788524614648946], ""spectral_entropy_norm"": 0.6608953720249843, ""zero_filled_fraction"": 0.00593860651852678, ""method"": ""Welch nperseg<=2048 on demeaned rows""}",,laneA_ps1_metrics.v1
fx.usdjpy.logret_24h,cost,MEASURED,"{""build_s"": 0.014329546249952892, ""profile_s"": 0.03519069599951763, ""bytes_float64"": 573872}",,laneA_ps1_metrics.v1
fx.usdjpy.ewma_vol_24,missingness,MEASURED,"{""n_rows"": 71734, ""n_finite"": 71308, ""missing_fraction"": 0.0059386065185267345}",,laneA_ps1_metrics.v1
fx.usdjpy.ewma_vol_24,constant,MEASURED,"{""n_unique"": 71308, ""is_constant"": false, ""top_value_share"": 1.4023671958265553e-05}",,laneA_ps1_metrics.v1
fx.usdjpy.ewma_vol_24,scale_tails,MEASURED,"{""mean"": 0.0010260613799427712, ""std"": 0.0005045073871229269, ""min"": 0.00023857564973818872, ""max"": 0.00605997786196243, ""p001"": 0.00029532900338505715, ""p01"": 0.0003900540594993635, ""p05"": 0.0004866854884370757, ""p25"": 0.0006826775950240164, ""median"": 0.0009063445162822807, ""p75"": 0.0012373589265791515, ""p95"": 0.0019165668441521472, ""p99"": 0.0029220043648105726, ""p999"": 0.00451720822565792, ""mad"": 0.0002599197663878222, ""skew"": 2.1703914783676637, ""excess_kurtosis"": 8.717687539902872, ""tail_ratio_p99_mad"": 7.754930979434468, ""share_beyond_5mad"": 0.028986929937734898}",,laneA_ps1_metrics.v1
fx.usdjpy.ewma_vol_24,volatility,MEASURED,"{""std_first_diff"": 5.2679194417573595e-05, ""rolling168_std_median"": 0.00013928250740954674, ""vol_of_vol_cv"": 0.9227455072712267}",,laneA_ps1_metrics.v1
fx.usdjpy.ewma_vol_24,acf,MEASURED,"{""lag_1"": 0.9945350879394185, ""lag_6"": 0.9604829695492382, ""lag_24"": 0.8416722391222845, ""lag_120"": 0.5589457733302076, ""lag_168"": 0.5033479605550233, ""lag_unit"": ""rows of the decision grid (1 row = 1 market hour; weekend gaps not filled)""}",,laneA_ps1_metrics.v1
fx.usdjpy.ewma_vol_24,trend,MEASURED,"{""ols_slope_per_year"": -1.3637154429639446e-05, ""slope_in_std_per_year"": -0.02703063379786876, ""ols_r"": -0.06358158286462441, ""kendall_tau_3000"": -0.10468244970545737, ""kendall_p_3000"": 8.288382494918187e-18, ""caveat"": ""OLS p-value omitted: serial correlation makes it invalid""}",,laneA_ps1_metrics.v1
fx.usdjpy.ewma_vol_24,adf,MEASURED,"{""stat"": -8.533448037218825, ""pvalue"": 1.0229135632360155e-13, ""lags"": 24, ""nobs"": 19975, ""crit_5pct"": -2.8616847064863733, ""H0"": ""unit root"", ""regression"": ""c"", ""sample"": ""last 20000 finite TRAIN values (gaps compressed)""}",,laneA_ps1_metrics.v1
fx.usdjpy.ewma_vol_24,kpss,MEASURED,"{""stat"": 8.502233169691099, ""pvalue"": 0.01, ""lags"": 86, ""H0"": ""level stationary"", ""pvalue_truncated_to_table"": true, ""sample"": ""last 20000 finite TRAIN values (gaps compressed)""}",,laneA_ps1_metrics.v1
fx.usdjpy.ewma_vol_24,seasonality,MEASURED,"{""eta2_hour_of_day"": 0.0006453476975459404, ""eta2_day_of_week"": 0.002968394076657809, ""eta2_month"": 0.0324641384356277}",,laneA_ps1_metrics.v1
fx.usdjpy.ewma_vol_24,spectrum,MEASURED,"{""top_periods_rows"": [2048.0, 1024.0, 682.6666666666666], ""top_power_share"": [0.16993385382572068, 0.1369651975481727, 0.09118280331120837], ""spectral_entropy_norm"": 0.48444255531467423, ""zero_filled_fraction"": 0.00593860651852678, ""method"": ""Welch nperseg<=2048 on demeaned rows""}",,laneA_ps1_metrics.v1
fx.usdjpy.ewma_vol_24,cost,MEASURED,"{""build_s"": 0.014329546249952892, ""profile_s"": 0.03454982499988546, ""bytes_float64"": 573872}",,laneA_ps1_metrics.v1
fred.credit.aaa.level,missingness,MEASURED,"{""n_rows"": 71734, ""n_finite"": 16712, ""missing_fraction"": 0.7670281874703767}",,laneA_ps1_metrics.v1
fred.credit.aaa.level,constant,MEASURED,"{""n_unique"": 116, ""is_constant"": false, ""top_value_share"": 0.02172091910004787}",,laneA_ps1_metrics.v1
fred.credit.aaa.level,scale_tails,MEASURED,"{""mean"": 3.7138235998085207, ""std"": 0.693044560647335, ""min"": 2.14, ""max"": 5.61, ""p001"": 2.14, ""p01"": 2.25, ""p05"": 2.43, ""p25"": 3.4, ""median"": 3.82, ""p75"": 4.11, ""p95"": 4.74, ""p99"": 5.28, ""p999"": 5.61, ""mad"": 0.34999999999999964, ""skew"": -0.21670047643715518, ""excess_kurtosis"": -0.10037839331803466, ""tail_ratio_p99_mad"": 4.171428571428577, ""share_beyond_5mad"": 0.007240306366682624}",,laneA_ps1_metrics.v1
fred.credit.aaa.level,volatility,MEASURED,"{""std_first_diff"": 0.0, ""rolling168_std_median"": 0.0, ""vol_of_vol_cv"": null}",,laneA_ps1_metrics.v1
fred.credit.aaa.level,acf,MEASURED,"{""lag_1"": 0.9999999999999999, ""lag_6"": 1.0, ""lag_24"": 0.9999999999999999, ""lag_120"": 1.0, ""lag_168"": NaN, ""lag_unit"": ""rows of the decision grid (1 row = 1 market hour; weekend gaps not filled)""}",,laneA_ps1_metrics.v1
fred.credit.aaa.level,trend,MEASURED,"{""ols_slope_per_year"": -0.04047410565956636, ""slope_in_std_per_year"": -0.058400437659826256, ""ols_r"": -0.13791636031092736, ""kendall_tau_3000"": -0.12905096347335465, ""kendall_p_3000"": 5.312598260512701e-26, ""caveat"": ""OLS p-value omitted: serial correlation makes it invalid""}",,laneA_ps1_metrics.v1
fred.credit.aaa.level,adf,MEASURED,"{""stat"": -1.246845554214788, ""pvalue"": 0.6531265213636184, ""lags"": 24, ""nobs"": 16687, ""crit_5pct"": -2.8617132219017347, ""H0"": ""unit root"", ""regression"": ""c"", ""sample"": ""last 16712 finite TRAIN values (gaps compressed)""}",,laneA_ps1_metrics.v1
fred.credit.aaa.level,kpss,MEASURED,"{""stat"": 2.7330203362542838, ""pvalue"": 0.01, ""lags"": 76, ""H0"": ""level stationary"", ""pvalue_truncated_to_table"": true, ""sample"": ""last 16712 finite TRAIN values (gaps compressed)""}",,laneA_ps1_metrics.v1
fred.credit.aaa.level,seasonality,MEASURED,"{""eta2_hour_of_day"": 0.00012517711042227023, ""eta2_day_of_week"": 8.531862493519606e-06, ""eta2_month"": 0.010581917178898196}",,laneA_ps1_metrics.v1
fred.credit.aaa.level,spectrum,MEASURED,"{""top_periods_rows"": [512.0, 256.0, 682.6666666666666], ""top_power_share"": [0.2991179988971743, 0.15467446451072764, 0.09896577493885526], ""spectral_entropy_norm"": 0.39752203331049996, ""zero_filled_fraction"": 0.7670281874703767, ""method"": ""Welch nperseg<=2048 on demeaned rows""}",,laneA_ps1_metrics.v1
fred.credit.aaa.level,cost,MEASURED,"{""build_s"": 0.014329546249952892, ""profile_s"": 0.020614903000023332, ""bytes_float64"": 573872}",,laneA_ps1_metrics.v1
fred.credit.aaa.logret_1d,missingness,MEASURED,"{""n_rows"": 71734, ""n_finite"": 16712, ""missing_fraction"": 0.7670281874703767}",,laneA_ps1_metrics.v1
fred.credit.aaa.logret_1d,constant,MEASURED,"{""n_unique"": 137, ""is_constant"": false, ""top_value_share"": 0.014480612733365247}",,laneA_ps1_metrics.v1
fred.credit.aaa.logret_1d,scale_tails,MEASURED,"{""mean"": 0.0012896486494984596, ""std"": 0.051729514756884254, ""min"": -0.21736557403432122, ""max"": 0.12282082968634067, ""p001"": -0.21736557403432122, ""p01"": -0.1311922102713503, ""p05"": -0.08213569692614586, ""p25"": -0.026863642269548293, ""median"": -0.0021621630044952322, ""p75"": 0.026747508367028328, ""p95"": 0.09716374845364772, ""p99"": 0.12023702461795005, ""p999"": 0.12282082968634067, ""mad"": 0.02813764940775587, ""skew"": -0.25854048897884485, ""excess_kurtosis"": 1.8501921357710769, ""tail_ratio_p99_mad"": 4.35001466713517, ""share_beyond_5mad"": 0.007240306366682624}",,laneA_ps1_metrics.v1
fred.credit.aaa.logret_1d,volatility,MEASURED,"{""std_first_diff"": 0.0, ""rolling168_std_median"": 0.0, ""vol_of_vol_cv"": null}",,laneA_ps1_metrics.v1
fred.credit.aaa.logret_1d,acf,MEASURED,"{""lag_1"": 1.0, ""lag_6"": 1.0, ""lag_24"": 0.9999999999999999, ""lag_120"": 0.9999999999999999, ""lag_168"": NaN, ""lag_unit"": ""rows of the decision grid (1 row = 1 market hour; weekend gaps not filled)""}",,laneA_ps1_metrics.v1
fred.credit.aaa.logret_1d,trend,MEASURED,"{""ols_slope_per_year"": 0.001835945445495817, ""slope_in_std_per_year"": 0.035491255893744605, ""ols_r"": 0.08381486563920336, ""kendall_tau_3000"": 0.049199109719246, ""kendall_p_3000"": 5.6872062448696185e-05, ""caveat"": ""OLS p-value omitted: serial correlation makes it invalid""}",,laneA_ps1_metrics.v1
fred.credit.aaa.logret_1d,adf,MEASURED,"{""stat"": -7.718984275192856, ""pvalue"": 1.2067615924353338e-11, ""lags"": 24, ""nobs"": 16687, ""crit_5pct"": -2.8617132219017347, ""H0"": ""unit root"", ""regression"": ""c"", ""sample"": ""last 16712 finite TRAIN values (gaps compressed)""}",,laneA_ps1_metrics.v1
fred.credit.aaa.logret_1d,kpss,MEASURED,"{""stat"": 0.3901903180849842, ""pvalue"": 0.08138348358405853, ""lags"": 76, ""H0"": ""level stationary"", ""pvalue_truncated_to_table"": false, ""sample"": ""last 16712 finite TRAIN values (gaps compressed)""}",,laneA_ps1_metrics.v1
fred.credit.aaa.logret_1d,seasonality,MEASURED,"{""eta2_hour_of_day"": 3.360072686917147e-06, ""eta2_day_of_week"": 9.5086216966462e-06, ""eta2_month"": 0.1979864512141452}",,laneA_ps1_metrics.v1
fred.credit.aaa.logret_1d,spectrum,MEASURED,"{""top_periods_rows"": [512.0, 682.6666666666666, 409.6], ""top_power_share"": [0.1284155824548031, 0.11542096976847922, 0.10361890689621964], ""spectral_entropy_norm"": 0.4337054030203884, ""zero_filled_fraction"": 0.7670281874703767, ""method"": ""Welch nperseg<=2048 on demeaned rows""}",,laneA_ps1_metrics.v1
fred.credit.aaa.logret_1d,cost,MEASURED,"{""build_s"": 0.014329546249952892, ""profile_s"": 0.021253610000712797, ""bytes_float64"": 573872}",,laneA_ps1_metrics.v1
fred.credit.aaa.logret_5d,missingness,MEASURED,"{""n_rows"": 71734, ""n_finite"": 16712, ""missing_fraction"": 0.7670281874703767}",,laneA_ps1_metrics.v1
fred.credit.aaa.logret_5d,constant,MEASURED,"{""n_unique"": 140, ""is_constant"": false, ""top_value_share"": 0.0073599808520823365}",,laneA_ps1_metrics.v1
fred.credit.aaa.logret_5d,scale_tails,MEASURED,"{""mean"": 0.009917743507793933, ""std"": 0.1336875684672554, ""min"": -0.29432661517044956, ""max"": 0.4437177669748106, ""p001"": -0.29432661517044956, ""p01"": -0.2616450986687854, ""p05"": -0.1884006028703369, ""p25"": -0.08611169181873213, ""median"": -0.013513719166722726, ""p75"": 0.10689779497671292, ""p95"": 0.24674346665508318, ""p99"": 0.36956084621489027, ""p999"": 0.4437177669748106, ""mad"": 0.08684499225227249, ""skew"": 0.47483587717563464, ""excess_kurtosis"": 0.15861472692646172, ""tail_ratio_p99_mad"": 4.41101502167028, ""share_beyond_5mad"": 0.007240306366682624}",,laneA_ps1_metrics.v1
fred.credit.aaa.logret_5d,volatility,MEASURED,"{""std_first_diff"": 0.0, ""rolling168_std_median"": 0.0, ""vol_of_vol_cv"": null}",,laneA_ps1_metrics.v1
fred.credit.aaa.logret_5d,acf,MEASURED,"{""lag_1"": 0.9999999999999998, ""lag_6"": 0.9999999999999998, ""lag_24"": 0.9999999999999998, ""lag_120"": 0.9999999999999998, ""lag_168"": NaN, ""lag_unit"": ""rows of the decision grid (1 row = 1 market hour; weekend gaps not filled)""}",,laneA_ps1_metrics.v1
fred.credit.aaa.logret_5d,trend,MEASURED,"{""ols_slope_per_year"": 0.011326435952136123, ""slope_in_std_per_year"": 0.08472318018791963, ""ols_r"": 0.20007919655579406, ""kendall_tau_3000"": 0.09601628621977405, ""kendall_p_3000"": 3.929462385441733e-15, ""caveat"": ""OLS p-value omitted: serial correlation makes it invalid""}",,laneA_ps1_metrics.v1
fred.credit.aaa.logret_5d,adf,MEASURED,"{""stat"": -3.1130064325264097, ""pvalue"": 0.025605507926721904, ""lags"": 24, ""nobs"": 16687, ""crit_5pct"": -2.8617132219017347, ""H0"": ""unit root"", ""regression"": ""c"", ""sample"": ""last 16712 finite TRAIN values (gaps compressed)""}",,laneA_ps1_metrics.v1
fred.credit.aaa.logret_5d,kpss,MEASURED,"{""stat"": 1.5564499998380392, ""pvalue"": 0.01, ""lags"": 76, ""H0"": ""level stationary"", ""pvalue_truncated_to_table"": true, ""sample"": ""last 16712 finite TRAIN values (gaps compressed)""}",,laneA_ps1_metrics.v1
fred.credit.aaa.logret_5d,seasonality,MEASURED,"{""eta2_hour_of_day"": 2.5542004344512468e-06, ""eta2_day_of_week"": 2.494549645996678e-05, ""eta2_month"": 0.04868333784659247}",,laneA_ps1_metrics.v1
fred.credit.aaa.logret_5d,spectrum,MEASURED,"{""top_periods_rows"": [512.0, 256.0, 682.6666666666666], ""top_power_share"": [0.2794441306221504, 0.142932920803197, 0.1124730708940769], ""spectral_entropy_norm"": 0.40416300356774737, ""zero_filled_fraction"": 0.7670281874703767, ""method"": ""Welch nperseg<=2048 on demeaned rows""}",,laneA_ps1_metrics.v1
fred.credit.aaa.logret_5d,cost,MEASURED,"{""build_s"": 0.014329546249952892, ""profile_s"": 0.021158331999686197, ""bytes_float64"": 573872}",,laneA_ps1_metrics.v1
fred.credit.aaa10y.level,missingness,MEASURED,"{""n_rows"": 71734, ""n_finite"": 71734, ""missing_fraction"": 0.0}",,laneA_ps1_metrics.v1
fred.credit.aaa10y.level,constant,MEASURED,"{""n_unique"": 161, ""is_constant"": false, ""top_value_share"": 0.016979396102266706}",,laneA_ps1_metrics.v1
fred.credit.aaa10y.level,scale_tails,MEASURED,"{""mean"": 1.4480252042267265, ""std"": 0.36275267935159844, ""min"": 0.65, ""max"": 3.2, ""p001"": 0.68, ""p01"": 0.72, ""p05"": 0.84, ""p25"": 1.16, ""median"": 1.49, ""p75"": 1.76, ""p95"": 1.97, ""p99"": 2.11, ""p999"": 2.81, ""mad"": 0.30000000000000004, ""skew"": -0.02476420603569751, ""excess_kurtosis"": -0.5705367049038652, ""tail_ratio_p99_mad"": 2.066666666666666, ""share_beyond_5mad"": 0.0007109599353165863}",,laneA_ps1_metrics.v1
fred.credit.aaa10y.level,volatility,MEASURED,"{""std_first_diff"": 0.007024217305614073, ""rolling168_std_median"": 0.02215691441925864, ""vol_of_vol_cv"": 1.0164688916527738}",,laneA_ps1_metrics.v1
fred.credit.aaa10y.level,acf,MEASURED,"{""lag_1"": 0.999812519752709, ""lag_6"": 0.9988750903509296, ""lag_24"": 0.9954414293730057, ""lag_120"": 0.9736854914477379, ""lag_168"": 0.9636114519655016, ""lag_unit"": ""rows of the decision grid (1 row = 1 market hour; weekend gaps not filled)""}",,laneA_ps1_metrics.v1
fred.credit.aaa10y.level,trend,MEASURED,"{""ols_slope_per_year"": -0.11755401734001118, ""slope_in_std_per_year"": -0.3240610587635986, ""ols_r"": -0.7655257535238855, ""kendall_tau_3000"": -0.5780580074173676, ""kendall_p_3000"": 0.0, ""caveat"": ""OLS p-value omitted: serial correlation makes it invalid""}",,laneA_ps1_metrics.v1
fred.credit.aaa10y.level,adf,MEASURED,"{""stat"": -2.5703034485716927, ""pvalue"": 0.09929157196780314, ""lags"": 24, ""nobs"": 19975, ""crit_5pct"": -2.8616847064863733, ""H0"": ""unit root"", ""regression"": ""c"", ""sample"": ""last 20000 finite TRAIN values (gaps compressed)""}",,laneA_ps1_metrics.v1
fred.credit.aaa10y.level,kpss,MEASURED,"{""stat"": 17.772475149253445, ""pvalue"": 0.01, ""lags"": 87, ""H0"": ""level stationary"", ""pvalue_truncated_to_table"": true, ""sample"": ""last 20000 finite TRAIN values (gaps compressed)""}",,laneA_ps1_metrics.v1
fred.credit.aaa10y.level,seasonality,MEASURED,"{""eta2_hour_of_day"": 0.00018945677883556178, ""eta2_day_of_week"": 4.311405903692366e-05, ""eta2_month"": 0.02933663380991943}",,laneA_ps1_metrics.v1
fred.credit.aaa10y.level,spectrum,MEASURED,"{""top_periods_rows"": [2048.0, 1024.0, 682.6666666666666], ""top_power_share"": [0.4370295795155896, 0.27711184119108123, 0.10594001724727319], ""spectral_entropy_norm"": 0.2619401256499712, ""zero_filled_fraction"": 0.0, ""method"": ""Welch nperseg<=2048 on demeaned rows""}",,laneA_ps1_metrics.v1
fred.credit.aaa10y.level,cost,MEASURED,"{""build_s"": 0.014329546249952892, ""profile_s"": 0.032058925999990606, ""bytes_float64"": 573872}",,laneA_ps1_metrics.v1
fred.credit.aaa10y.diff_1d,missingness,MEASURED,"{""n_rows"": 71734, ""n_finite"": 71734, ""missing_fraction"": 0.0}",,laneA_ps1_metrics.v1
fred.credit.aaa10y.diff_1d,constant,MEASURED,"{""n_unique"": 90, ""is_constant"": false, ""top_value_share"": 0.17773998382914658}",,laneA_ps1_metrics.v1
fred.credit.aaa10y.diff_1d,scale_tails,MEASURED,"{""mean"": -0.0007630969972398007, ""std"": 0.035686010480274456, ""min"": -0.3900000000000001, ""max"": 0.45999999999999996, ""p001"": -0.18800999999999982, ""p01"": -0.08999999999999986, ""p05"": -0.050000000000000044, ""p25"": -0.020000000000000018, ""median"": 0.0, ""p75"": 0.010000000000000009, ""p95"": 0.04999999999999982, ""p99"": 0.09000000000000008, ""p999"": 0.316020000000426, ""mad"": 0.019999999999999796, ""skew"": 1.7726525779662954, ""excess_kurtosis"": 32.73632502401287, ""tail_ratio_p99_mad"": 4.50000000000005, ""share_beyond_5mad"": 0.016672707502718376}",,laneA_ps1_metrics.v1
fred.credit.aaa10y.diff_1d,volatility,MEASURED,"{""std_first_diff"": 0.008834858839741716, ""rolling168_std_median"": 0.020252804161859702, ""vol_of_vol_cv"": 0.8199289158652544}",,laneA_ps1_metrics.v1
fred.credit.aaa10y.diff_1d,acf,MEASURED,"{""lag_1"": 0.969354452359894, ""lag_6"": 0.815878888397961, ""lag_24"": 0.2830875231063658, ""lag_120"": -0.031035434040388426, ""lag_168"": -0.012340063851511677, ""lag_unit"": ""rows of the decision grid (1 row = 1 market hour; weekend gaps not filled)""}",,laneA_ps1_metrics.v1
fred.credit.aaa10y.diff_1d,trend,MEASURED,"{""ols_slope_per_year"": 4.077103273721275e-05, ""slope_in_std_per_year"": 0.001142493436181359, ""ols_r"": 0.0026988992505478752, ""kendall_tau_3000"": -0.015757607372631672, ""kendall_p_3000"": 0.21623070530928823, ""caveat"": ""OLS p-value omitted: serial correlation makes it invalid""}",,laneA_ps1_metrics.v1
fred.credit.aaa10y.diff_1d,adf,MEASURED,"{""stat"": -16.62183662195722, ""pvalue"": 1.6953888275199503e-29, ""lags"": 24, ""nobs"": 19975, ""crit_5pct"": -2.8616847064863733, ""H0"": ""unit root"", ""regression"": ""c"", ""sample"": ""last 20000 finite TRAIN values (gaps compressed)""}",,laneA_ps1_metrics.v1
fred.credit.aaa10y.diff_1d,kpss,MEASURED,"{""stat"": 0.06654976439676483, ""pvalue"": 0.1, ""lags"": 84, ""H0"": ""level stationary"", ""pvalue_truncated_to_table"": true, ""sample"": ""last 20000 finite TRAIN values (gaps compressed)""}",,laneA_ps1_metrics.v1
fred.credit.aaa10y.diff_1d,seasonality,MEASURED,"{""eta2_hour_of_day"": 7.262136988224412e-06, ""eta2_day_of_week"": 0.00068435879681634, ""eta2_month"": 0.005684465198658994}",,laneA_ps1_metrics.v1
fred.credit.aaa10y.diff_1d,spectrum,MEASURED,"{""top_periods_rows"": [227.55555555555554, 256.0, 292.57142857142856], ""top_power_share"": [0.046173510446030526, 0.04516797158701445, 0.043688712735995616], ""spectral_entropy_norm"": 0.6128523497895793, ""zero_filled_fraction"": 0.0, ""method"": ""Welch nperseg<=2048 on demeaned rows""}",,laneA_ps1_metrics.v1
fred.credit.aaa10y.diff_1d,cost,MEASURED,"{""build_s"": 0.014329546249952892, ""profile_s"": 0.031322294999881706, ""bytes_float64"": 573872}",,laneA_ps1_metrics.v1
fred.credit.aaa10y.diff_5d,missingness,MEASURED,"{""n_rows"": 71734, ""n_finite"": 71734, ""missing_fraction"": 0.0}",,laneA_ps1_metrics.v1
fred.credit.aaa10y.diff_5d,constant,MEASURED,"{""n_unique"": 148, ""is_constant"": false, ""top_value_share"": 0.08541277497421028}",,laneA_ps1_metrics.v1
fred.credit.aaa10y.diff_5d,scale_tails,MEASURED,"{""mean"": -0.002577578275294839, ""std"": 0.08291267375879018, ""min"": -0.9700000000000002, ""max"": 1.1100000000000003, ""p001"": -0.8000000000000003, ""p01"": -0.18000000000000016, ""p05"": -0.10000000000000009, ""p25"": -0.040000000000000036, ""median"": 0.0, ""p75"": 0.030000000000000027, ""p95"": 0.09999999999999998, ""p99"": 0.18999999999999995, ""p999"": 0.7214100000016335, ""mad"": 0.040000000000000036, ""skew"": 0.903428618640041, ""excess_kurtosis"": 45.95398209126724, ""tail_ratio_p99_mad"": 4.749999999999995, ""share_beyond_5mad"": 0.016101151476287396}",,laneA_ps1_metrics.v1
fred.credit.aaa10y.diff_5d,volatility,MEASURED,"{""std_first_diff"": 0.00982199763634742, ""rolling168_std_median"": 0.030233385504897205, ""vol_of_vol_cv"": 1.035997511770579}",,laneA_ps1_metrics.v1
fred.credit.aaa10y.diff_5d,acf,MEASURED,"{""lag_1"": 0.992983435109003, ""lag_6"": 0.9578927713427757, ""lag_24"": 0.8282388868274629, ""lag_120"": -0.00024507232521313045, ""lag_168"": -0.004208755941192999, ""lag_unit"": ""rows of the decision grid (1 row = 1 market hour; weekend gaps not filled)""}",,laneA_ps1_metrics.v1
fred.credit.aaa10y.diff_5d,trend,MEASURED,"{""ols_slope_per_year"": -0.00022557856321557952, ""slope_in_std_per_year"": -0.0027206765020246896, ""ols_r"": -0.00642702315808496, ""kendall_tau_3000"": -0.012458003587620838, ""kendall_p_3000"": 0.31529224404084244, ""caveat"": ""OLS p-value omitted: serial correlation makes it invalid""}",,laneA_ps1_metrics.v1
fred.credit.aaa10y.diff_5d,adf,MEASURED,"{""stat"": -10.328408717116721, ""pvalue"": 2.884970349298025e-18, ""lags"": 24, ""nobs"": 19975, ""crit_5pct"": -2.8616847064863733, ""H0"": ""unit root"", ""regression"": ""c"", ""sample"": ""last 20000 finite TRAIN values (gaps compressed)""}",,laneA_ps1_metrics.v1
fred.credit.aaa10y.diff_5d,kpss,MEASURED,"{""stat"": 0.04852725150970108, ""pvalue"": 0.1, ""lags"": 86, ""H0"": ""level stationary"", ""pvalue_truncated_to_table"": true, ""sample"": ""last 20000 finite TRAIN values (gaps compressed)""}",,laneA_ps1_metrics.v1
fred.credit.aaa10y.diff_5d,seasonality,MEASURED,"{""eta2_hour_of_day"": 3.7967540048179554e-06, ""eta2_day_of_week"": 3.953071194946856e-05, ""eta2_month"": 0.03168641069849328}",,laneA_ps1_metrics.v1
fred.credit.aaa10y.diff_5d,spectrum,MEASURED,"{""top_periods_rows"": [1024.0, 682.6666666666666, 2048.0], ""top_power_share"": [0.15769310479167947, 0.13170231916115918, 0.1047404250964823], ""spectral_entropy_norm"": 0.40847915076127966, ""zero_filled_fraction"": 0.0, ""method"": ""Welch nperseg<=2048 on demeaned rows""}",,laneA_ps1_metrics.v1
fred.credit.aaa10y.diff_5d,cost,MEASURED,"{""build_s"": 0.014329546249952892, ""profile_s"": 0.031395962999340554, ""bytes_float64"": 573872}",,laneA_ps1_metrics.v1
fred.credit.baa.level,missingness,MEASURED,"{""n_rows"": 71734, ""n_finite"": 16712, ""missing_fraction"": 0.7670281874703767}",,laneA_ps1_metrics.v1
fred.credit.baa.level,constant,MEASURED,"{""n_unique"": 106, ""is_constant"": false, ""top_value_share"": 0.02172091910004787}",,laneA_ps1_metrics.v1
fred.credit.baa.level,scale_tails,MEASURED,"{""mean"": 4.652721996170417, ""std"": 0.7405099398808653, ""min"": 3.16, ""max"": 6.63, ""p001"": 3.16, ""p01"": 3.23, ""p05"": 3.28, ""p25"": 4.27, ""median"": 4.71, ""p75"": 5.13, ""p95"": 5.75, ""p99"": 6.29, ""p999"": 6.63, ""mad"": 0.4400000000000004, ""skew"": -0.12701163667709567, ""excess_kurtosis"": -0.23439398294293046, ""tail_ratio_p99_mad"": 3.5909090909090877, ""share_beyond_5mad"": 0.0}",,laneA_ps1_metrics.v1
fred.credit.baa.level,volatility,MEASURED,"{""std_first_diff"": 0.0, ""rolling168_std_median"": 0.0, ""vol_of_vol_cv"": null}",,laneA_ps1_metrics.v1
fred.credit.baa.level,acf,MEASURED,"{""lag_1"": 1.0, ""lag_6"": 1.0, ""lag_24"": 1.0, ""lag_120"": 1.0, ""lag_168"": NaN, ""lag_unit"": ""rows of the decision grid (1 row = 1 market hour; weekend gaps not filled)""}",,laneA_ps1_metrics.v1
fred.credit.baa.level,trend,MEASURED,"{""ols_slope_per_year"": -0.04044109425438106, ""slope_in_std_per_year"": -0.05461249346752496, ""ols_r"": -0.12897088837617735, ""kendall_tau_3000"": -0.15979257948914996, ""kendall_p_3000"": 6.52123801614566e-39, ""caveat"": ""OLS p-value omitted: serial correlation makes it invalid""}",,laneA_ps1_metrics.v1
fred.credit.baa.level,adf,MEASURED,"{""stat"": -1.3795682370656068, ""pvalue"": 0.592031225638476, ""lags"": 24, ""nobs"": 16687, ""crit_5pct"": -2.8617132219017347, ""H0"": ""unit root"", ""regression"": ""c"", ""sample"": ""last 16712 finite TRAIN values (gaps compressed)""}",,laneA_ps1_metrics.v1
fred.credit.baa.level,kpss,MEASURED,"{""stat"": 2.5305139320066297, ""pvalue"": 0.01, ""lags"": 76, ""H0"": ""level stationary"", ""pvalue_truncated_to_table"": true, ""sample"": ""last 16712 finite TRAIN values (gaps compressed)""}",,laneA_ps1_metrics.v1
fred.credit.baa.level,seasonality,MEASURED,"{""eta2_hour_of_day"": 0.00014714574056091877, ""eta2_day_of_week"": 9.183089102614003e-06, ""eta2_month"": 0.009787833409286439}",,laneA_ps1_metrics.v1
fred.credit.baa.level,spectrum,MEASURED,"{""top_periods_rows"": [512.0, 256.0, 682.6666666666666], ""top_power_share"": [0.2957848832302204, 0.1527379720778234, 0.097996438383565], ""spectral_entropy_norm"": 0.399774588218078, ""zero_filled_fraction"": 0.7670281874703767, ""method"": ""Welch nperseg<=2048 on demeaned rows""}",,laneA_ps1_metrics.v1
fred.credit.baa.level,cost,MEASURED,"{""build_s"": 0.014329546249952892, ""profile_s"": 0.02067860299939639, ""bytes_float64"": 573872}",,laneA_ps1_metrics.v1
fred.credit.baa.logret_1d,missingness,MEASURED,"{""n_rows"": 71734, ""n_finite"": 16712, ""missing_fraction"": 0.7670281874703767}",,laneA_ps1_metrics.v1
fred.credit.baa.logret_1d,constant,MEASURED,"{""n_unique"": 135, ""is_constant"": false, ""top_value_share"": 0.04326232647199617}",,laneA_ps1_metrics.v1
fred.credit.baa.logret_1d,scale_tails,MEASURED,"{""mean"": 0.0006021305381081508, ""std"": 0.04353754317154931, ""min"": -0.10907700520238173, ""max"": 0.172578960595136, ""p001"": -0.10907700520238173, ""p01"": -0.10069850255201507, ""p05"": -0.06857524775985446, ""p25"": -0.023784905023441993, ""median"": -0.0019249284095843588, ""p75"": 0.022989518224698857, ""p95"": 0.08944506035192679, ""p99"": 0.1034032942864902, ""p999"": 0.172578960595136, ""mad"": 0.024914446634283216, ""skew"": 0.6114207550249368, ""excess_kurtosis"": 1.5324035379653251, ""tail_ratio_p99_mad"": 4.227596311576873, ""share_beyond_5mad"": 0.0073599808520823365}",,laneA_ps1_metrics.v1
fred.credit.baa.logret_1d,volatility,MEASURED,"{""std_first_diff"": 0.0, ""rolling168_std_median"": 0.0, ""vol_of_vol_cv"": null}",,laneA_ps1_metrics.v1
fred.credit.baa.logret_1d,acf,MEASURED,"{""lag_1"": 0.9999999999999999, ""lag_6"": 1.0, ""lag_24"": 1.0, ""lag_120"": 1.0, ""lag_168"": NaN, ""lag_unit"": ""rows of the decision grid (1 row = 1 market hour; weekend gaps not filled)""}",,laneA_ps1_metrics.v1
fred.credit.baa.logret_1d,trend,MEASURED,"{""ols_slope_per_year"": 0.0017339358944118161, ""slope_in_std_per_year"": 0.039826222797635945, ""ols_r"": 0.09405216661519067, ""kendall_tau_3000"": 0.026889919999059233, ""kendall_p_3000"": 0.027892422663952417, ""caveat"": ""OLS p-value omitted: serial correlation makes it invalid""}",,laneA_ps1_metrics.v1
fred.credit.baa.logret_1d,adf,MEASURED,"{""stat"": -6.803581175534901, ""pvalue"": 2.2054390520666337e-09, ""lags"": 24, ""nobs"": 16687, ""crit_5pct"": -2.8617132219017347, ""H0"": ""unit root"", ""regression"": ""c"", ""sample"": ""last 16712 finite TRAIN values (gaps compressed)""}",,laneA_ps1_metrics.v1
fred.credit.baa.logret_1d,kpss,MEASURED,"{""stat"": 0.39004585557349936, ""pvalue"": 0.08144575190797441, ""lags"": 76, ""H0"": ""level stationary"", ""pvalue_truncated_to_table"": false, ""sample"": ""last 16712 finite TRAIN values (gaps compressed)""}",,laneA_ps1_metrics.v1
fred.credit.baa.logret_1d,seasonality,MEASURED,"{""eta2_hour_of_day"": 6.7752314525519446e-06, ""eta2_day_of_week"": 1.536254161314943e-05, ""eta2_month"": 0.149849082919994}",,laneA_ps1_metrics.v1
fred.credit.baa.logret_1d,spectrum,MEASURED,"{""top_periods_rows"": [512.0, 682.6666666666666, 409.6], ""top_power_share"": [0.1560136860869868, 0.12173142570908964, 0.10444235673438594], ""spectral_entropy_norm"": 0.43223234359719415, ""zero_filled_fraction"": 0.7670281874703767, ""method"": ""Welch nperseg<=2048 on demeaned rows""}",,laneA_ps1_metrics.v1
fred.credit.baa.logret_1d,cost,MEASURED,"{""build_s"": 0.014329546249952892, ""profile_s"": 0.02094922000014776, ""bytes_float64"": 573872}",,laneA_ps1_metrics.v1
fred.credit.baa.logret_5d,missingness,MEASURED,"{""n_rows"": 71734, ""n_finite"": 16712, ""missing_fraction"": 0.7670281874703767}",,laneA_ps1_metrics.v1
fred.credit.baa.logret_5d,constant,MEASURED,"{""n_unique"": 139, ""is_constant"": false, ""top_value_share"": 0.01442077549066539}",,laneA_ps1_metrics.v1
fred.credit.baa.logret_5d,scale_tails,MEASURED,"{""mean"": 0.0061397879159299186, ""std"": 0.11761585654588272, ""min"": -0.2714967480307635, ""max"": 0.4392319705789818, ""p001"": -0.2714967480307635, ""p01"": -0.235390524924183, ""p05"": -0.1840251347187385, ""p25"": -0.06981897644925694, ""median"": -0.009216655104923976, ""p75"": 0.07377646212250766, ""p95"": 0.20102574606059087, ""p99"": 0.3866675621406619, ""p999"": 0.4392319705789818, ""mad"": 0.07314355070897505, ""skew"": 0.6679944582053564, ""excess_kurtosis"": 1.3146126355140062, ""tail_ratio_p99_mad"": 5.412428210119817, ""share_beyond_5mad"": 0.014480612733365247}",,laneA_ps1_metrics.v1
fred.credit.baa.logret_5d,volatility,MEASURED,"{""std_first_diff"": 0.0, ""rolling168_std_median"": 0.0, ""vol_of_vol_cv"": null}",,laneA_ps1_metrics.v1
fred.credit.baa.logret_5d,acf,MEASURED,"{""lag_1"": 1.0, ""lag_6"": 1.0, ""lag_24"": 1.0, ""lag_120"": 1.0, ""lag_168"": NaN, ""lag_unit"": ""rows of the decision grid (1 row = 1 market hour; weekend gaps not filled)""}",,laneA_ps1_metrics.v1
fred.credit.baa.logret_5d,trend,MEASURED,"{""ols_slope_per_year"": 0.011306516679896775, ""slope_in_std_per_year"": 0.09613088755159496, ""ols_r"": 0.22701922546884004, ""kendall_tau_3000"": 0.12406301866610284, ""kendall_p_3000"": 3.2554985345275328e-24, ""caveat"": ""OLS p-value omitted: serial correlation makes it invalid""}",,laneA_ps1_metrics.v1
fred.credit.baa.logret_5d,adf,MEASURED,"{""stat"": -2.8156509858878485, ""pvalue"": 0.05607268030309832, ""lags"": 24, ""nobs"": 16687, ""crit_5pct"": -2.8617132219017347, ""H0"": ""unit root"", ""regression"": ""c"", ""sample"": ""last 16712 finite TRAIN values (gaps compressed)""}",,laneA_ps1_metrics.v1
fred.credit.baa.logret_5d,kpss,MEASURED,"{""stat"": 1.6051255197741923, ""pvalue"": 0.01, ""lags"": 76, ""H0"": ""level stationary"", ""pvalue_truncated_to_table"": true, ""sample"": ""last 16712 finite TRAIN values (gaps compressed)""}",,laneA_ps1_metrics.v1
fred.credit.baa.logret_5d,seasonality,MEASURED,"{""eta2_hour_of_day"": 2.111420809493853e-06, ""eta2_day_of_week"": 1.094614572777936e-05, ""eta2_month"": 0.0306791143781235}",,laneA_ps1_metrics.v1
fred.credit.baa.logret_5d,spectrum,MEASURED,"{""top_periods_rows"": [512.0, 256.0, 682.6666666666666], ""top_power_share"": [0.2846022335005589, 0.14551337839255837, 0.11517176337617506], ""spectral_entropy_norm"": 0.40127481230508544, ""zero_filled_fraction"": 0.7670281874703767, ""method"": ""Welch nperseg<=2048 on demeaned rows""}",,laneA_ps1_metrics.v1
fred.credit.baa.logret_5d,cost,MEASURED,"{""build_s"": 0.014329546249952892, ""profile_s"": 0.02102245700007188, ""bytes_float64"": 573872}",,laneA_ps1_metrics.v1
fred.credit.baa10y.level,missingness,MEASURED,"{""n_rows"": 71734, ""n_finite"": 71734, ""missing_fraction"": 0.0}",,laneA_ps1_metrics.v1
fred.credit.baa10y.level,constant,MEASURED,"{""n_unique"": 216, ""is_constant"": false, ""top_value_share"": 0.02077118242395517}",,laneA_ps1_metrics.v1
fred.credit.baa10y.level,scale_tails,MEASURED,"{""mean"": 2.3884502467449185, ""std"": 0.47096480615250724, ""min"": 1.56, ""max"": 4.31, ""p001"": 1.57, ""p01"": 1.65, ""p05"": 1.78, ""p25"": 2.01, ""median"": 2.26, ""p75"": 2.71, ""p95"": 3.27, ""p99"": 3.56, ""p999"": 4.23, ""mad"": 0.33999999999999986, ""skew"": 0.6976691751663736, ""excess_kurtosis"": -0.04664861512616758, ""tail_ratio_p99_mad"": 3.8235294117647083, ""share_beyond_5mad"": 0.0026626146597150584}",,laneA_ps1_metrics.v1
fred.credit.baa10y.level,volatility,MEASURED,"{""std_first_diff"": 0.006020270810090224, ""rolling168_std_median"": 0.02017742798249799, ""vol_of_vol_cv"": 1.0069699493512525}",,laneA_ps1_metrics.v1
fred.credit.baa10y.level,acf,MEASURED,"{""lag_1"": 0.9999182974725155, ""lag_6"": 0.9995099438773208, ""lag_24"": 0.9980051982042778, ""lag_120"": 0.9853099302906008, ""lag_168"": 0.9770892406926215, ""lag_unit"": ""rows of the decision grid (1 row = 1 market hour; weekend gaps not filled)""}",,laneA_ps1_metrics.v1
fred.credit.baa10y.level,trend,MEASURED,"{""ols_slope_per_year"": -0.11741630261542045, ""slope_in_std_per_year"": -0.24931014182278166, ""ols_r"": -0.5889425125875999, ""kendall_tau_3000"": -0.45495889993114064, ""kendall_p_3000"": 4.402526765575419e-303, ""caveat"": ""OLS p-value omitted: serial correlation makes it invalid""}",,laneA_ps1_metrics.v1
fred.credit.baa10y.level,adf,MEASURED,"{""stat"": -2.407159654385695, ""pvalue"": 0.13972583773385822, ""lags"": 24, ""nobs"": 19975, ""crit_5pct"": -2.8616847064863733, ""H0"": ""unit root"", ""regression"": ""c"", ""sample"": ""last 20000 finite TRAIN values (gaps compressed)""}",,laneA_ps1_metrics.v1
fred.credit.baa10y.level,kpss,MEASURED,"{""stat"": 5.041367334426322, ""pvalue"": 0.01, ""lags"": 87, ""H0"": ""level stationary"", ""pvalue_truncated_to_table"": true, ""sample"": ""last 20000 finite TRAIN values (gaps compressed)""}",,laneA_ps1_metrics.v1
fred.credit.baa10y.level,seasonality,MEASURED,"{""eta2_hour_of_day"": 5.6769965671779606e-05, ""eta2_day_of_week"": 5.082180760650646e-05, ""eta2_month"": 0.01919293130864046}",,laneA_ps1_metrics.v1
fred.credit.baa10y.level,spectrum,MEASURED,"{""top_periods_rows"": [2048.0, 1024.0, 682.6666666666666], ""top_power_share"": [0.5806572962832509, 0.27508724964776793, 0.07021928962714713], ""spectral_entropy_norm"": 0.1849907249232467, ""zero_filled_fraction"": 0.0, ""method"": ""Welch nperseg<=2048 on demeaned rows""}",,laneA_ps1_metrics.v1
fred.credit.baa10y.level,cost,MEASURED,"{""build_s"": 0.014329546249952892, ""profile_s"": 0.03200649700011127, ""bytes_float64"": 573872}",,laneA_ps1_metrics.v1
fred.credit.baa10y.logret_1d,missingness,MEASURED,"{""n_rows"": 71734, ""n_finite"": 71734, ""missing_fraction"": 0.0}",,laneA_ps1_metrics.v1
fred.credit.baa10y.logret_1d,constant,MEASURED,"{""n_unique"": 955, ""is_constant"": false, ""top_value_share"": 0.1997239802604065}",,laneA_ps1_metrics.v1
fred.credit.baa10y.logret_1d,scale_tails,MEASURED,"{""mean"": -0.0003096171102345785, ""std"": 0.011886618736256906, ""min"": -0.06419315763905975, ""max"": 0.13890906385864132, ""p001"": -0.05699548104936425, ""p01"": -0.030153038170687596, ""p05"": -0.017021687569430566, ""p25"": -0.005899722127188256, ""median"": 0.0, ""p75"": 0.004728141195946112, ""p95"": 0.017621601349819493, ""p99"": 0.03756310157564857, ""p999"": 0.07856232250310213, ""mad"": 0.005277057100843696, ""skew"": 1.2021464825473243, ""excess_kurtosis"": 11.895579357832732, ""tail_ratio_p99_mad"": 7.118191230040505, ""share_beyond_5mad"": 0.039953160286614435}",,laneA_ps1_metrics.v1
fred.credit.baa10y.logret_1d,volatility,MEASURED,"{""std_first_diff"": 0.002939132795131197, ""rolling168_std_median"": 0.006905012418378853, ""vol_of_vol_cv"": 0.653748149114953}",,laneA_ps1_metrics.v1
fred.credit.baa10y.logret_1d,acf,MEASURED,"{""lag_1"": 0.9694306850986577, ""lag_6"": 0.8169587868169463, ""lag_24"": 0.30332636428242715, ""lag_120"": 0.02576335366245293, ""lag_168"": 0.042725362724910704, ""lag_unit"": ""rows of the decision grid (1 row = 1 market hour; weekend gaps not filled)""}",,laneA_ps1_metrics.v1
fred.credit.baa10y.logret_1d,trend,MEASURED,"{""ols_slope_per_year"": 3.134073276484159e-05, ""slope_in_std_per_year"": 0.0026366398603536586, ""ols_r"": 0.006228504355226378, ""kendall_tau_3000"": -0.02388893756311082, ""kendall_p_3000"": 0.05373479378398586, ""caveat"": ""OLS p-value omitted: serial correlation makes it invalid""}",,laneA_ps1_metrics.v1
fred.credit.baa10y.logret_1d,adf,MEASURED,"{""stat"": -15.99014357566307, ""pvalue"": 6.685319911928241e-29, ""lags"": 24, ""nobs"": 19975, ""crit_5pct"": -2.8616847064863733, ""H0"": ""unit root"", ""regression"": ""c"", ""sample"": ""last 20000 finite TRAIN values (gaps compressed)""}",,laneA_ps1_metrics.v1
fred.credit.baa10y.logret_1d,kpss,MEASURED,"{""stat"": 0.0334218170703425, ""pvalue"": 0.1, ""lags"": 83, ""H0"": ""level stationary"", ""pvalue_truncated_to_table"": true, ""sample"": ""last 20000 finite TRAIN values (gaps compressed)""}",,laneA_ps1_metrics.v1
fred.credit.baa10y.logret_1d,seasonality,MEASURED,"{""eta2_hour_of_day"": 1.3609584191775099e-05, ""eta2_day_of_week"": 0.00041857460985496005, ""eta2_month"": 0.010470274017277884}",,laneA_ps1_metrics.v1
fred.credit.baa10y.logret_1d,spectrum,MEASURED,"{""top_periods_rows"": [1024.0, 2048.0, 204.8], ""top_power_share"": [0.07351725907213533, 0.06125431053941781, 0.040291818698102284], ""spectral_entropy_norm"": 0.6131462808008583, ""zero_filled_fraction"": 0.0, ""method"": ""Welch nperseg<=2048 on demeaned rows""}",,laneA_ps1_metrics.v1
fred.credit.baa10y.logret_1d,cost,MEASURED,"{""build_s"": 0.014329546249952892, ""profile_s"": 0.032095143999868014, ""bytes_float64"": 573872}",,laneA_ps1_metrics.v1
fred.credit.baa10y.logret_5d,missingness,MEASURED,"{""n_rows"": 71734, ""n_finite"": 71734, ""missing_fraction"": 0.0}",,laneA_ps1_metrics.v1
fred.credit.baa10y.logret_5d,constant,MEASURED,"{""n_unique"": 1428, ""is_constant"": false, ""top_value_share"": 0.08093790949898236}",,laneA_ps1_metrics.v1
fred.credit.baa10y.logret_5d,scale_tails,MEASURED,"{""mean"": -0.0013152491491280204, ""std"": 0.0312775514461497, ""min"": -0.15159640002216168, ""max"": 0.2578291093020998, ""p001"": -0.13205988295910756, ""p01"": -0.07445297819474972, ""p05"": -0.04586341679318107, ""p25"": -0.017271586508660564, ""median"": -0.0031397200046676677, ""p75"": 0.013072081567352845, ""p95"": 0.04317217186520861, ""p99"": 0.08626034428440688, ""p999"": 0.2482795245857521, ""mad"": 0.014939266935822593, ""skew"": 1.516269290256455, ""excess_kurtosis"": 12.028417436628272, ""tail_ratio_p99_mad"": 5.98423367579729, ""share_beyond_5mad"": 0.025064822817631807}",,laneA_ps1_metrics.v1
fred.credit.baa10y.logret_5d,volatility,MEASURED,"{""std_first_diff"": 0.0033314740179978255, ""rolling168_std_median"": 0.01167097746711666, ""vol_of_vol_cv"": 0.7694936369046794}",,laneA_ps1_metrics.v1
fred.credit.baa10y.logret_5d,acf,MEASURED,"{""lag_1"": 0.9943274577824365, ""lag_6"": 0.9659415596991437, ""lag_24"": 0.8633879749047149, ""lag_120"": 0.25049806321120016, ""lag_168"": 0.20654211928247787, ""lag_unit"": ""rows of the decision grid (1 row = 1 market hour; weekend gaps not filled)""}",,laneA_ps1_metrics.v1
fred.credit.baa10y.logret_5d,trend,MEASURED,"{""ols_slope_per_year"": -0.0001016255967339119, ""slope_in_std_per_year"": -0.0032491544905258914, ""ols_r"": -0.00767544069986463, ""kendall_tau_3000"": -0.033240785231089344, ""kendall_p_3000"": 0.006521465133708164, ""caveat"": ""OLS p-value omitted: serial correlation makes it invalid""}",,laneA_ps1_metrics.v1
fred.credit.baa10y.logret_5d,adf,MEASURED,"{""stat"": -9.192896107070212, ""pvalue"": 2.0999500766121794e-15, ""lags"": 24, ""nobs"": 19975, ""crit_5pct"": -2.8616847064863733, ""H0"": ""unit root"", ""regression"": ""c"", ""sample"": ""last 20000 finite TRAIN values (gaps compressed)""}",,laneA_ps1_metrics.v1
fred.credit.baa10y.logret_5d,kpss,MEASURED,"{""stat"": 0.16551365440154409, ""pvalue"": 0.1, ""lags"": 86, ""H0"": ""level stationary"", ""pvalue_truncated_to_table"": true, ""sample"": ""last 20000 finite TRAIN values (gaps compressed)""}",,laneA_ps1_metrics.v1
fred.credit.baa10y.logret_5d,seasonality,MEASURED,"{""eta2_hour_of_day"": 4.437604099942185e-06, ""eta2_day_of_week"": 1.8760105471475517e-05, ""eta2_month"": 0.04634212992803108}",,laneA_ps1_metrics.v1
fred.credit.baa10y.logret_5d,spectrum,MEASURED,"{""top_periods_rows"": [1024.0, 2048.0, 682.6666666666666], ""top_power_share"": [0.22341657636675688, 0.185385707184249, 0.1223118612793825], ""spectral_entropy_norm"": 0.38472626007382693, ""zero_filled_fraction"": 0.0, ""method"": ""Welch nperseg<=2048 on demeaned rows""}",,laneA_ps1_metrics.v1
fred.credit.baa10y.logret_5d,cost,MEASURED,"{""build_s"": 0.014329546249952892, ""profile_s"": 0.032087980000142124, ""bytes_float64"": 573872}",,laneA_ps1_metrics.v1
fred.credit.bamlc0a0cm.level,missingness,MEASURED,"{""n_rows"": 71734, ""n_finite"": 3675, ""missing_fraction"": 0.9487690634845402}",,laneA_ps1_metrics.v1
fred.credit.bamlc0a0cm.level,constant,MEASURED,"{""n_unique"": 40, ""is_constant"": false, ""top_value_share"": 0.11238095238095239}",,laneA_ps1_metrics.v1
fred.credit.bamlc0a0cm.level,scale_tails,MEASURED,"{""mean"": 1.2564462585034015, ""std"": 0.10498641069957308, ""min"": 1.04, ""max"": 1.49, ""p001"": 1.04, ""p01"": 1.04, ""p05"": 1.07, ""p25"": 1.2, ""median"": 1.25, ""p75"": 1.31, ""p95"": 1.45, ""p99"": 1.49, ""p999"": 1.49, ""mad"": 0.050000000000000044, ""skew"": 0.16311981411185006, ""excess_kurtosis"": -0.07705224003180833, ""tail_ratio_p99_mad"": 4.799999999999995, ""share_beyond_5mad"": 0.0}",,laneA_ps1_metrics.v1
fred.credit.bamlc0a0cm.level,volatility,MEASURED,"{""std_first_diff"": 0.002783153740163795, ""rolling168_std_median"": 0.015102420951116906, ""vol_of_vol_cv"": 0.4775466847101559}",,laneA_ps1_metrics.v1
fred.credit.bamlc0a0cm.level,acf,MEASURED,"{""lag_1"": 0.9996483894369685, ""lag_6"": 0.9978661588353731, ""lag_24"": 0.9914376656534739, ""lag_120"": 0.9353789972688986, ""lag_168"": 0.9031101997752201, ""lag_unit"": ""rows of the decision grid (1 row = 1 market hour; weekend gaps not filled)""}",,laneA_ps1_metrics.v1
fred.credit.bamlc0a0cm.level,trend,MEASURED,"{""ols_slope_per_year"": -0.677222351311436, ""slope_in_std_per_year"": -6.450571524436256, ""ols_r"": -0.7806627067974024, ""kendall_tau_3000"": -0.5430210892983829, ""kendall_p_3000"": 0.0, ""caveat"": ""OLS p-value omitted: serial correlation makes it invalid""}",,laneA_ps1_metrics.v1
fred.credit.bamlc0a0cm.level,adf,MEASURED,"{""stat"": -0.8008487287086217, ""pvalue"": 0.8188726328593332, ""lags"": 24, ""nobs"": 3650, ""crit_5pct"": -2.8623321816453267, ""H0"": ""unit root"", ""regression"": ""c"", ""sample"": ""last 3675 finite TRAIN values (gaps compressed)""}",,laneA_ps1_metrics.v1
fred.credit.bamlc0a0cm.level,kpss,MEASURED,"{""stat"": 5.396955831470614, ""pvalue"": 0.01, ""lags"": 38, ""H0"": ""level stationary"", ""pvalue_truncated_to_table"": true, ""sample"": ""last 3675 finite TRAIN values (gaps compressed)""}",,laneA_ps1_metrics.v1
fred.credit.bamlc0a0cm.level,seasonality,MEASURED,"{""eta2_hour_of_day"": 0.010739184316881293, ""eta2_day_of_week"": 0.00026640485239129305, ""eta2_month"": 0.9023940124750989}",,laneA_ps1_metrics.v1
fred.credit.bamlc0a0cm.level,spectrum,MEASURED,"{""top_periods_rows"": [2048.0, 1024.0, 682.6666666666666], ""top_power_share"": [0.6341082843086437, 0.20832662042674235, 0.044056328635368035], ""spectral_entropy_norm"": 0.19060693479745883, ""zero_filled_fraction"": 0.9487690634845402, ""method"": ""Welch nperseg<=2048 on demeaned rows""}",,laneA_ps1_metrics.v1
fred.credit.bamlc0a0cm.level,cost,MEASURED,"{""build_s"": 0.014329546249952892, ""profile_s"": 0.007939082000120834, ""bytes_float64"": 573872}",,laneA_ps1_metrics.v1
fred.credit.bamlc0a0cm.logret_1d,missingness,MEASURED,"{""n_rows"": 71734, ""n_finite"": 3658, ""missing_fraction"": 0.9490060501296457}",,laneA_ps1_metrics.v1
fred.credit.bamlc0a0cm.logret_1d,constant,MEASURED,"{""n_unique"": 64, ""is_constant"": false, ""top_value_share"": 0.3821760524876982}",,laneA_ps1_metrics.v1
fred.credit.bamlc0a0cm.logret_1d,scale_tails,MEASURED,"{""mean"": -0.0015725867201040933, ""std"": 0.008175437204026297, ""min"": -0.026668247082161145, ""max"": 0.01666705248521172, ""p001"": -0.026668247082161145, ""p01"": -0.02135312447056903, ""p05"": -0.015625317903080832, ""p25"": -0.007968169649176876, ""median"": 0.0, ""p75"": 0.0, ""p95"": 0.009478743954543782, ""p99"": 0.01612938192988364, ""p999"": 0.01666705248521172, ""mad"": 0.007782140442054941, ""skew"": -0.15562380627384412, ""excess_kurtosis"": -0.015122506510799827, ""tail_ratio_p99_mad"": 2.072615117907656, ""share_beyond_5mad"": 0.0}",,laneA_ps1_metrics.v1
fred.credit.bamlc0a0cm.logret_1d,volatility,MEASURED,"{""std_first_diff"": 0.00207675421720152, ""rolling168_std_median"": 0.006477784556282934, ""vol_of_vol_cv"": 0.33761864451640433}",,laneA_ps1_metrics.v1
fred.credit.bamlc0a0cm.logret_1d,acf,MEASURED,"{""lag_1"": 0.9677359324448486, ""lag_6"": 0.8061524465233928, ""lag_24"": 0.3154977308823944, ""lag_120"": 0.014421224729080591, ""lag_168"": 0.17722110693142287, ""lag_unit"": ""rows of the decision grid (1 row = 1 market hour; weekend gaps not filled)""}",,laneA_ps1_metrics.v1
fred.credit.bamlc0a0cm.logret_1d,trend,MEASURED,"{""ols_slope_per_year"": 0.0021451562659424374, ""slope_in_std_per_year"": 0.26239040340080844, ""ols_r"": 0.03160818385156871, ""kendall_tau_3000"": -0.025010239785876184, ""kendall_p_3000"": 0.05197867139216311, ""caveat"": ""OLS p-value omitted: serial correlation makes it invalid""}",,laneA_ps1_metrics.v1
fred.credit.bamlc0a0cm.logret_1d,adf,MEASURED,"{""stat"": -6.6363688033157615, ""pvalue"": 5.549603343174848e-09, ""lags"": 24, ""nobs"": 3633, ""crit_5pct"": -2.862335890025229, ""H0"": ""unit root"", ""regression"": ""c"", ""sample"": ""last 3658 finite TRAIN values (gaps compressed)""}",,laneA_ps1_metrics.v1
fred.credit.bamlc0a0cm.logret_1d,kpss,MEASURED,"{""stat"": 0.39963057676598124, ""pvalue"": 0.0773144065663874, ""lags"": 37, ""H0"": ""level stationary"", ""pvalue_truncated_to_table"": false, ""sample"": ""last 3658 finite TRAIN values (gaps compressed)""}",,laneA_ps1_metrics.v1
fred.credit.bamlc0a0cm.logret_1d,seasonality,MEASURED,"{""eta2_hour_of_day"": 0.0012900016026143192, ""eta2_day_of_week"": 0.008472885710415486, ""eta2_month"": 0.15241110109681816}",,laneA_ps1_metrics.v1
fred.credit.bamlc0a0cm.logret_1d,spectrum,MEASURED,"{""top_periods_rows"": [2048.0, 1024.0, 256.0], ""top_power_share"": [0.082115101776652, 0.06871257204729228, 0.04760133344233482], ""spectral_entropy_norm"": 0.6109594198559021, ""zero_filled_fraction"": 0.9490060501296457, ""method"": ""Welch nperseg<=2048 on demeaned rows""}",,laneA_ps1_metrics.v1
fred.credit.bamlc0a0cm.logret_1d,cost,MEASURED,"{""build_s"": 0.014329546249952892, ""profile_s"": 0.007650902000023052, ""bytes_float64"": 573872}",,laneA_ps1_metrics.v1
fred.credit.bamlc0a0cm.logret_5d,missingness,MEASURED,"{""n_rows"": 71734, ""n_finite"": 3591, ""missing_fraction"": 0.9499400563191792}",,laneA_ps1_metrics.v1
fred.credit.bamlc0a0cm.logret_5d,constant,MEASURED,"{""n_unique"": 99, ""is_constant"": false, ""top_value_share"": 0.12252854358117515}",,laneA_ps1_metrics.v1
fred.credit.bamlc0a0cm.logret_5d,scale_tails,MEASURED,"{""mean"": -0.009255128828876536, ""std"": 0.027184487468802063, ""min"": -0.059088916370006545, ""max"": 0.05623971832287611, ""p001"": -0.059088916370006545, ""p01"": -0.05762911283663644, ""p05"": -0.05129329438755059, ""p25"": -0.02919915469226214, ""median"": -0.01398624197473991, ""p75"": 0.00784317746102589, ""p95"": 0.04616204176316255, ""p99"": 0.04919024419077178, ""p999"": 0.05623971832287611, ""mad"": 0.01827462024348156, ""skew"": 0.3198184260619715, ""excess_kurtosis"": -0.4609864629616034, ""tail_ratio_p99_mad"": 3.457061505179367, ""share_beyond_5mad"": 0.0}",,laneA_ps1_metrics.v1
fred.credit.bamlc0a0cm.logret_5d,volatility,MEASURED,"{""std_first_diff"": 0.002981515159962045, ""rolling168_std_median"": 0.015040343043022496, ""vol_of_vol_cv"": 0.4411621880884066}",,laneA_ps1_metrics.v1
fred.credit.bamlc0a0cm.logret_5d,acf,MEASURED,"{""lag_1"": 0.9939849699636399, ""lag_6"": 0.9632393410293159, ""lag_24"": 0.8514567604956601, ""lag_120"": 0.0465263009078358, ""lag_168"": 0.04222287704922484, ""lag_unit"": ""rows of the decision grid (1 row = 1 market hour; weekend gaps not filled)""}",,laneA_ps1_metrics.v1
fred.credit.bamlc0a0cm.logret_5d,trend,MEASURED,"{""ols_slope_per_year"": -0.019427578052519462, ""slope_in_std_per_year"": -0.7146567716170952, ""ols_r"": -0.08451247337048325, ""kendall_tau_3000"": -0.0811940808037223, ""kendall_p_3000"": 4.5121881486894744e-11, ""caveat"": ""OLS p-value omitted: serial correlation makes it invalid""}",,laneA_ps1_metrics.v1
fred.credit.bamlc0a0cm.logret_5d,adf,MEASURED,"{""stat"": -4.196137782210079, ""pvalue"": 0.0006688896229678501, ""lags"": 24, ""nobs"": 3566, ""crit_5pct"": -2.8623508498242947, ""H0"": ""unit root"", ""regression"": ""c"", ""sample"": ""last 3591 finite TRAIN values (gaps compressed)""}",,laneA_ps1_metrics.v1
fred.credit.bamlc0a0cm.logret_5d,kpss,MEASURED,"{""stat"": 0.5103891940117173, ""pvalue"": 0.03932675810546907, ""lags"": 38, ""H0"": ""level stationary"", ""pvalue_truncated_to_table"": false, ""sample"": ""last 3591 finite TRAIN values (gaps compressed)""}",,laneA_ps1_metrics.v1
fred.credit.bamlc0a0cm.logret_5d,seasonality,MEASURED,"{""eta2_hour_of_day"": 0.00029344225260767874, ""eta2_day_of_week"": 0.00022722084883981924, ""eta2_month"": 0.3194999415337098}",,laneA_ps1_metrics.v1
fred.credit.bamlc0a0cm.logret_5d,spectrum,MEASURED,"{""top_periods_rows"": [2048.0, 1024.0, 409.6], ""top_power_share"": [0.189364709417121, 0.1255001986223769, 0.1137213272061039], ""spectral_entropy_norm"": 0.40741375858162737, ""zero_filled_fraction"": 0.9499400563191792, ""method"": ""Welch nperseg<=2048 on demeaned rows""}",,laneA_ps1_metrics.v1
fred.credit.bamlc0a0cm.logret_5d,cost,MEASURED,"{""build_s"": 0.014329546249952892, ""profile_s"": 0.007512271999985387, ""bytes_float64"": 573872}",,laneA_ps1_metrics.v1
fred.credit.bamlc0a0cmey.level,missingness,MEASURED,"{""n_rows"": 71734, ""n_finite"": 3675, ""missing_fraction"": 0.9487690634845402}",,laneA_ps1_metrics.v1
fred.credit.bamlc0a0cmey.level,constant,MEASURED,"{""n_unique"": 75, ""is_constant"": false, ""top_value_share"": 0.04}",,laneA_ps1_metrics.v1
fred.credit.bamlc0a0cmey.level,scale_tails,MEASURED,"{""mean"": 5.731161904761906, ""std"": 0.3244081324071301, ""min"": 5.09, ""max"": 6.39, ""p001"": 5.09, ""p01"": 5.09, ""p05"": 5.19, ""p25"": 5.51, ""median"": 5.72, ""p75"": 5.92, ""p95"": 6.32, ""p99"": 6.39, ""p999"": 6.39, ""mad"": 0.20999999999999996, ""skew"": 0.2375759750723319, ""excess_kurtosis"": -0.6529161785626227, ""tail_ratio_p99_mad"": 3.1904761904761907, ""share_beyond_5mad"": 0.0}",,laneA_ps1_metrics.v1
fred.credit.bamlc0a0cmey.level,volatility,MEASURED,"{""std_first_diff"": 0.01307195298437225, ""rolling168_std_median"": 0.0591066684568262, ""vol_of_vol_cv"": 0.49194421722017506}",,laneA_ps1_metrics.v1
fred.credit.bamlc0a0cmey.level,acf,MEASURED,"{""lag_1"": 0.9991876315012062, ""lag_6"": 0.9951092847602012, ""lag_24"": 0.9800473716207914, ""lag_120"": 0.8840379022542468, ""lag_168"": 0.8375875657362915, ""lag_unit"": ""rows of the decision grid (1 row = 1 market hour; weekend gaps not filled)""}",,laneA_ps1_metrics.v1
fred.credit.bamlc0a0cmey.level,trend,MEASURED,"{""ols_slope_per_year"": 0.8887540505737854, ""slope_in_std_per_year"": 2.7396170496071437, ""ols_r"": 0.33155463100171373, ""kendall_tau_3000"": 0.3439836851154097, ""kendall_p_3000"": 2.452861116633093e-172, ""caveat"": ""OLS p-value omitted: serial correlation makes it invalid""}",,laneA_ps1_metrics.v1
fred.credit.bamlc0a0cmey.level,adf,MEASURED,"{""stat"": -1.337872761854105, ""pvalue"": 0.6116723769421958, ""lags"": 24, ""nobs"": 3650, ""crit_5pct"": -2.8623321816453267, ""H0"": ""unit root"", ""regression"": ""c"", ""sample"": ""last 3675 finite TRAIN values (gaps compressed)""}",,laneA_ps1_metrics.v1
fred.credit.bamlc0a0cmey.level,kpss,MEASURED,"{""stat"": 2.788369301925761, ""pvalue"": 0.01, ""lags"": 38, ""H0"": ""level stationary"", ""pvalue_truncated_to_table"": true, ""sample"": ""last 3675 finite TRAIN values (gaps compressed)""}",,laneA_ps1_metrics.v1
fred.credit.bamlc0a0cmey.level,seasonality,MEASURED,"{""eta2_hour_of_day"": 0.0070891004996173545, ""eta2_day_of_week"": 0.003723853284453314, ""eta2_month"": 0.8430046429495004}",,laneA_ps1_metrics.v1
fred.credit.bamlc0a0cmey.level,spectrum,MEASURED,"{""top_periods_rows"": [2048.0, 1024.0, 682.6666666666666], ""top_power_share"": [0.6308219006802863, 0.1484965224310565, 0.04244223281474443], ""spectral_entropy_norm"": 0.22781245380974088, ""zero_filled_fraction"": 0.9487690634845402, ""method"": ""Welch nperseg<=2048 on demeaned rows""}",,laneA_ps1_metrics.v1
fred.credit.bamlc0a0cmey.level,cost,MEASURED,"{""build_s"": 0.014329546249952892, ""profile_s"": 0.00758232299995143, ""bytes_float64"": 573872}",,laneA_ps1_metrics.v1
fred.credit.bamlc0a0cmey.logret_1d,missingness,MEASURED,"{""n_rows"": 71734, ""n_finite"": 3658, ""missing_fraction"": 0.9490060501296457}",,laneA_ps1_metrics.v1
fred.credit.bamlc0a0cmey.logret_1d,constant,MEASURED,"{""n_unique"": 119, ""is_constant"": false, ""top_value_share"": 0.09048660470202297}",,laneA_ps1_metrics.v1
fred.credit.bamlc0a0cmey.logret_1d,scale_tails,MEASURED,"{""mean"": -0.0006464517068374245, ""std"": 0.01091681208621225, ""min"": -0.0405211974056392, ""max"": 0.019231361927887436, ""p001"": -0.0405211974056392, ""p01"": -0.03503277351577028, ""p05"": -0.021202207650602878, ""p25"": -0.005459522204898759, ""median"": 0.0, ""p75"": 0.0074906717291576275, ""p95"": 0.014466798417753335, ""p99"": 0.01916991610772012, ""p999"": 0.019231361927887436, ""mad"": 0.0071301549845912415, ""skew"": -0.7439434324274218, ""excess_kurtosis"": 0.7431917640709265, ""tail_ratio_p99_mad"": 2.68856934374465, ""share_beyond_5mad"": 0.0062875888463641335}",,laneA_ps1_metrics.v1
fred.credit.bamlc0a0cmey.logret_1d,volatility,MEASURED,"{""std_first_diff"": 0.002943979141289197, ""rolling168_std_median"": 0.009912814637217592, ""vol_of_vol_cv"": 0.34590418601175726}",,laneA_ps1_metrics.v1
fred.credit.bamlc0a0cmey.logret_1d,acf,MEASURED,"{""lag_1"": 0.9636238589122833, ""lag_6"": 0.781368837479807, ""lag_24"": 0.1769048848906734, ""lag_120"": -0.06078145064057246, ""lag_168"": -0.006143850137292081, ""lag_unit"": ""rows of the decision grid (1 row = 1 market hour; weekend gaps not filled)""}",,laneA_ps1_metrics.v1
fred.credit.bamlc0a0cmey.logret_1d,trend,MEASURED,"{""ols_slope_per_year"": -0.018366837892846037, ""slope_in_std_per_year"": -1.6824360214135263, ""ols_r"": -0.2026703202331246, ""kendall_tau_3000"": -0.12830147945046386, ""kendall_p_3000"": 1.3881374075564183e-25, ""caveat"": ""OLS p-value omitted: serial correlation makes it invalid""}",,laneA_ps1_metrics.v1
fred.credit.bamlc0a0cmey.logret_1d,adf,MEASURED,"{""stat"": -7.600847671141628, ""pvalue"": 2.3916189232518403e-11, ""lags"": 24, ""nobs"": 3633, ""crit_5pct"": -2.862335890025229, ""H0"": ""unit root"", ""regression"": ""c"", ""sample"": ""last 3658 finite TRAIN values (gaps compressed)""}",,laneA_ps1_metrics.v1
fred.credit.bamlc0a0cmey.logret_1d,kpss,MEASURED,"{""stat"": 0.7408743810704286, ""pvalue"": 0.01, ""lags"": 37, ""H0"": ""level stationary"", ""pvalue_truncated_to_table"": true, ""sample"": ""last 3658 finite TRAIN values (gaps compressed)""}",,laneA_ps1_metrics.v1
fred.credit.bamlc0a0cmey.logret_1d,seasonality,MEASURED,"{""eta2_hour_of_day"": 0.0007354438979621624, ""eta2_day_of_week"": 0.039132355771252375, ""eta2_month"": 0.08238507351599227}",,laneA_ps1_metrics.v1
fred.credit.bamlc0a0cmey.logret_1d,spectrum,MEASURED,"{""top_periods_rows"": [409.6, 85.33333333333333, 102.4], ""top_power_share"": [0.05667717472451543, 0.0461769649560402, 0.04385629814853849], ""spectral_entropy_norm"": 0.620910244182911, ""zero_filled_fraction"": 0.9490060501296457, ""method"": ""Welch nperseg<=2048 on demeaned rows""}",,laneA_ps1_metrics.v1
fred.credit.bamlc0a0cmey.logret_1d,cost,MEASURED,"{""build_s"": 0.014329546249952892, ""profile_s"": 0.00757735400020465, ""bytes_float64"": 573872}",,laneA_ps1_metrics.v1
fred.credit.bamlc0a0cmey.logret_5d,missingness,MEASURED,"{""n_rows"": 71734, ""n_finite"": 3591, ""missing_fraction"": 0.9499400563191792}",,laneA_ps1_metrics.v1
fred.credit.bamlc0a0cmey.logret_5d,constant,MEASURED,"{""n_unique"": 128, ""is_constant"": false, ""top_value_share"": 0.033973823447507656}",,laneA_ps1_metrics.v1
fred.credit.bamlc0a0cmey.logret_5d,scale_tails,MEASURED,"{""mean"": -0.0009276251453269197, ""std"": 0.02507138845114254, ""min"": -0.06873642835181104, ""max"": 0.04816340137862274, ""p001"": -0.06873642835181104, ""p01"": -0.06873642835181104, ""p05"": -0.04355797433912989, ""p25"": -0.018116437505302896, ""median"": 0.003442344190972779, ""p75"": 0.01795380361659582, ""p95"": 0.03348330412678857, ""p99"": 0.0438282239691814, ""p999"": 0.04816340137862274, ""mad"": 0.016726406692648244, ""skew"": -0.5297716021490771, ""excess_kurtosis"": -0.16298882488934519, ""tail_ratio_p99_mad"": 2.414498255381978, ""share_beyond_5mad"": 0.0}",,laneA_ps1_metrics.v1
fred.credit.bamlc0a0cmey.logret_5d,volatility,MEASURED,"{""std_first_diff"": 0.003231674037667484, ""rolling168_std_median"": 0.01602263849436267, ""vol_of_vol_cv"": 0.4183544477514474}",,laneA_ps1_metrics.v1
fred.credit.bamlc0a0cmey.logret_5d,acf,MEASURED,"{""lag_1"": 0.9916925443301111, ""lag_6"": 0.94991028945066, ""lag_24"": 0.7909957358942761, ""lag_120"": 0.0033826475378120305, ""lag_168"": 0.165998730876005, ""lag_unit"": ""rows of the decision grid (1 row = 1 market hour; weekend gaps not filled)""}",,laneA_ps1_metrics.v1
fred.credit.bamlc0a0cmey.logret_5d,trend,MEASURED,"{""ols_slope_per_year"": -0.09344271947488933, ""slope_in_std_per_year"": -3.7270660002330667, ""ols_r"": -0.44074803262830525, ""kendall_tau_3000"": -0.270838916671078, ""kendall_p_3000"": 1.5407260256470747e-108, ""caveat"": ""OLS p-value omitted: serial correlation makes it invalid""}",,laneA_ps1_metrics.v1
fred.credit.bamlc0a0cmey.logret_5d,adf,MEASURED,"{""stat"": -4.627498657785047, ""pvalue"": 0.0001149054836090993, ""lags"": 24, ""nobs"": 3566, ""crit_5pct"": -2.8623508498242947, ""H0"": ""unit root"", ""regression"": ""c"", ""sample"": ""last 3591 finite TRAIN values (gaps compressed)""}",,laneA_ps1_metrics.v1
fred.credit.bamlc0a0cmey.logret_5d,kpss,MEASURED,"{""stat"": 2.2259611294356687, ""pvalue"": 0.01, ""lags"": 38, ""H0"": ""level stationary"", ""pvalue_truncated_to_table"": true, ""sample"": ""last 3591 finite TRAIN values (gaps compressed)""}",,laneA_ps1_metrics.v1
fred.credit.bamlc0a0cmey.logret_5d,seasonality,MEASURED,"{""eta2_hour_of_day"": 0.0007398678180078773, ""eta2_day_of_week"": 0.0001172616905082513, ""eta2_month"": 0.3863516063489274}",,laneA_ps1_metrics.v1
fred.credit.bamlc0a0cmey.logret_5d,spectrum,MEASURED,"{""top_periods_rows"": [2048.0, 409.6, 292.57142857142856], ""top_power_share"": [0.13729208600358603, 0.0876767850718553, 0.08713326283757353], ""spectral_entropy_norm"": 0.4520657355433532, ""zero_filled_fraction"": 0.9499400563191792, ""method"": ""Welch nperseg<=2048 on demeaned rows""}",,laneA_ps1_metrics.v1
fred.credit.bamlc0a0cmey.logret_5d,cost,MEASURED,"{""build_s"": 0.014329546249952892, ""profile_s"": 0.007503065000491915, ""bytes_float64"": 573872}",,laneA_ps1_metrics.v1
fred.credit.bamlh0a0hym2.level,missingness,MEASURED,"{""n_rows"": 71734, ""n_finite"": 3675, ""missing_fraction"": 0.9487690634845402}",,laneA_ps1_metrics.v1
fred.credit.bamlh0a0hym2.level,constant,MEASURED,"{""n_unique"": 73, ""is_constant"": false, ""top_value_share"": 0.045714285714285714}",,laneA_ps1_metrics.v1
fred.credit.bamlh0a0hym2.level,scale_tails,MEASURED,"{""mean"": 4.0611891156462585, ""std"": 0.32636072174490816, ""min"": 3.34, ""max"": 4.79, ""p001"": 3.34, ""p01"": 3.37, ""p05"": 3.51, ""p25"": 3.84, ""median"": 3.99, ""p75"": 4.3, ""p95"": 4.72, ""p99"": 4.78, ""p999"": 4.79, ""mad"": 0.18000000000000016, ""skew"": 0.3975583905132221, ""excess_kurtosis"": -0.23081473388466733, ""tail_ratio_p99_mad"": 4.388888888888885, ""share_beyond_5mad"": 0.0}",,laneA_ps1_metrics.v1
fred.credit.bamlh0a0hym2.level,volatility,MEASURED,"{""std_first_diff"": 0.016559690373396416, ""rolling168_std_median"": 0.06651610500806757, ""vol_of_vol_cv"": 0.575836300899742}",,laneA_ps1_metrics.v1
fred.credit.bamlh0a0hym2.level,acf,MEASURED,"{""lag_1"": 0.9987115357413245, ""lag_6"": 0.9922427401478715, ""lag_24"": 0.9694373601923185, ""lag_120"": 0.85076021668583, ""lag_168"": 0.8053005565949622, ""lag_unit"": ""rows of the decision grid (1 row = 1 market hour; weekend gaps not filled)""}",,laneA_ps1_metrics.v1
fred.credit.bamlh0a0hym2.level,trend,MEASURED,"{""ols_slope_per_year"": -1.4902227986534213, ""slope_in_std_per_year"": -4.566183058689941, ""ols_r"": -0.5526097668750142, ""kendall_tau_3000"": -0.38969609026096247, ""kendall_p_3000"": 3.3577364303831277e-220, ""caveat"": ""OLS p-value omitted: serial correlation makes it invalid""}",,laneA_ps1_metrics.v1
fred.credit.bamlh0a0hym2.level,adf,MEASURED,"{""stat"": -1.505596887395498, ""pvalue"": 0.5307408441612027, ""lags"": 24, ""nobs"": 3650, ""crit_5pct"": -2.8623321816453267, ""H0"": ""unit root"", ""regression"": ""c"", ""sample"": ""last 3675 finite TRAIN values (gaps compressed)""}",,laneA_ps1_metrics.v1
fred.credit.bamlh0a0hym2.level,kpss,MEASURED,"{""stat"": 2.8692844608548596, ""pvalue"": 0.01, ""lags"": 38, ""H0"": ""level stationary"", ""pvalue_truncated_to_table"": true, ""sample"": ""last 3675 finite TRAIN values (gaps compressed)""}",,laneA_ps1_metrics.v1
fred.credit.bamlh0a0hym2.level,seasonality,MEASURED,"{""eta2_hour_of_day"": 0.005895336423591188, ""eta2_day_of_week"": 0.0005182264258671069, ""eta2_month"": 0.8356512071987157}",,laneA_ps1_metrics.v1
fred.credit.bamlh0a0hym2.level,spectrum,MEASURED,"{""top_periods_rows"": [2048.0, 1024.0, 682.6666666666666], ""top_power_share"": [0.5702454846598465, 0.2193879570148181, 0.04502304795590396], ""spectral_entropy_norm"": 0.23460913870282551, ""zero_filled_fraction"": 0.9487690634845402, ""method"": ""Welch nperseg<=2048 on demeaned rows""}",,laneA_ps1_metrics.v1
fred.credit.bamlh0a0hym2.level,cost,MEASURED,"{""build_s"": 0.014329546249952892, ""profile_s"": 0.007546165000348992, ""bytes_float64"": 573872}",,laneA_ps1_metrics.v1
fred.credit.bamlh0a0hym2.logret_1d,missingness,MEASURED,"{""n_rows"": 71734, ""n_finite"": 3658, ""missing_fraction"": 0.9490060501296457}",,laneA_ps1_metrics.v1
fred.credit.bamlh0a0hym2.logret_1d,constant,MEASURED,"{""n_unique"": 117, ""is_constant"": false, ""top_value_share"": 0.08392564242755604}",,laneA_ps1_metrics.v1
fred.credit.bamlh0a0hym2.logret_1d,scale_tails,MEASURED,"{""mean"": -0.0022646822934193757, ""std"": 0.015212700213843057, ""min"": -0.062104210491766176, ""max"": 0.03599360264790552, ""p001"": -0.062104210491766176, ""p01"": -0.03756310157564857, ""p05"": -0.02597548640326064, ""p25"": -0.010977058631150838, ""median"": -0.002478316014467019, ""p75"": 0.0078023802841846734, ""p95"": 0.022989518224698857, ""p99"": 0.03584613177313578, ""p999"": 0.03599360264790552, ""mad"": 0.010037491917363361, ""skew"": -0.37064358338523423, ""excess_kurtosis"": 1.6599413544947943, ""tail_ratio_p99_mad"": 3.8181298777742705, ""share_beyond_5mad"": 0.009841443411700382}",,laneA_ps1_metrics.v1
fred.credit.bamlh0a0hym2.logret_1d,volatility,MEASURED,"{""std_first_diff"": 0.004093672336781, ""rolling168_std_median"": 0.012121193755417297, ""vol_of_vol_cv"": 0.39370961399330434}",,laneA_ps1_metrics.v1
fred.credit.bamlh0a0hym2.logret_1d,acf,MEASURED,"{""lag_1"": 0.9637930784132578, ""lag_6"": 0.7833043424582455, ""lag_24"": 0.21911447930914832, ""lag_120"": -0.03852220251761101, ""lag_168"": 0.19077857610099738, ""lag_unit"": ""rows of the decision grid (1 row = 1 market hour; weekend gaps not filled)""}",,laneA_ps1_metrics.v1
fred.credit.bamlh0a0hym2.logret_1d,trend,MEASURED,"{""ols_slope_per_year"": 0.00984651491321893, ""slope_in_std_per_year"": 0.6472562250493128, ""ols_r"": 0.07797005338331674, ""kendall_tau_3000"": 0.025758557259489587, ""kendall_p_3000"": 0.03581788848013678, ""caveat"": ""OLS p-value omitted: serial correlation makes it invalid""}",,laneA_ps1_metrics.v1
fred.credit.bamlh0a0hym2.logret_1d,adf,MEASURED,"{""stat"": -7.993979836725403, ""pvalue"": 2.431952509990242e-12, ""lags"": 24, ""nobs"": 3633, ""crit_5pct"": -2.862335890025229, ""H0"": ""unit root"", ""regression"": ""c"", ""sample"": ""last 3658 finite TRAIN values (gaps compressed)""}",,laneA_ps1_metrics.v1
fred.credit.bamlh0a0hym2.logret_1d,kpss,MEASURED,"{""stat"": 0.3159988552143965, ""pvalue"": 0.1, ""lags"": 37, ""H0"": ""level stationary"", ""pvalue_truncated_to_table"": true, ""sample"": ""last 3658 finite TRAIN values (gaps compressed)""}",,laneA_ps1_metrics.v1
fred.credit.bamlh0a0hym2.logret_1d,seasonality,MEASURED,"{""eta2_hour_of_day"": 0.0018100614957619729, ""eta2_day_of_week"": 0.010243400267711218, ""eta2_month"": 0.08184462271204178}",,laneA_ps1_metrics.v1
fred.credit.bamlh0a0hym2.logret_1d,spectrum,MEASURED,"{""top_periods_rows"": [157.53846153846155, 170.66666666666666, 146.28571428571428], ""top_power_share"": [0.07370077813451517, 0.05113823465341819, 0.04388567352595601], ""spectral_entropy_norm"": 0.6207443779238441, ""zero_filled_fraction"": 0.9490060501296457, ""method"": ""Welch nperseg<=2048 on demeaned rows""}",,laneA_ps1_metrics.v1
fred.credit.bamlh0a0hym2.logret_1d,cost,MEASURED,"{""build_s"": 0.014329546249952892, ""profile_s"": 0.007599014999868814, ""bytes_float64"": 573872}",,laneA_ps1_metrics.v1
fred.credit.bamlh0a0hym2.logret_5d,missingness,MEASURED,"{""n_rows"": 71734, ""n_finite"": 3591, ""missing_fraction"": 0.9499400563191792}",,laneA_ps1_metrics.v1
fred.credit.bamlh0a0hym2.logret_5d,constant,MEASURED,"{""n_unique"": 127, ""is_constant"": false, ""top_value_share"": 0.02422723475355054}",,laneA_ps1_metrics.v1
fred.credit.bamlh0a0hym2.logret_5d,scale_tails,MEASURED,"{""mean"": -0.009691512301063902, ""std"": 0.039167509686441844, ""min"": -0.1177830356563836, ""max"": 0.07180116605580689, ""p001"": -0.1177830356563836, ""p01"": -0.11447724752188404, ""p05"": -0.08288765980576773, ""p25"": -0.03355153417123291, ""median"": -0.007682496172016107, ""p75"": 0.010443959161083205, ""p95"": 0.055502784322687404, ""p99"": 0.07180116605580689, ""p999"": 0.07180116605580689, ""mad"": 0.022682777431508594, ""skew"": -0.2612403996808206, ""excess_kurtosis"": 0.3227129965356754, ""tail_ratio_p99_mad"": 3.504141521814362, ""share_beyond_5mad"": 0.0}",,laneA_ps1_metrics.v1
fred.credit.bamlh0a0hym2.logret_5d,volatility,MEASURED,"{""std_first_diff"": 0.00580094901741739, ""rolling168_std_median"": 0.02304911313858128, ""vol_of_vol_cv"": 0.5083633773742212}",,laneA_ps1_metrics.v1
fred.credit.bamlh0a0hym2.logret_5d,acf,MEASURED,"{""lag_1"": 0.9890343577094146, ""lag_6"": 0.9338723270732319, ""lag_24"": 0.7328299340836032, ""lag_120"": -0.06282684319861305, ""lag_168"": 0.15325313994394482, ""lag_unit"": ""rows of the decision grid (1 row = 1 market hour; weekend gaps not filled)""}",,laneA_ps1_metrics.v1
fred.credit.bamlh0a0hym2.logret_5d,trend,MEASURED,"{""ols_slope_per_year"": -0.0338285456695986, ""slope_in_std_per_year"": -0.8636889590483366, ""ols_r"": -0.10213642835397553, ""kendall_tau_3000"": -0.040787838283849874, ""kendall_p_3000"": 0.0008570067006400414, ""caveat"": ""OLS p-value omitted: serial correlation makes it invalid""}",,laneA_ps1_metrics.v1
fred.credit.bamlh0a0hym2.logret_5d,adf,MEASURED,"{""stat"": -4.702546276087465, ""pvalue"": 8.323080439963272e-05, ""lags"": 24, ""nobs"": 3566, ""crit_5pct"": -2.8623508498242947, ""H0"": ""unit root"", ""regression"": ""c"", ""sample"": ""last 3591 finite TRAIN values (gaps compressed)""}",,laneA_ps1_metrics.v1
fred.credit.bamlh0a0hym2.logret_5d,kpss,MEASURED,"{""stat"": 0.5721462112957142, ""pvalue"": 0.025417519978442743, ""lags"": 37, ""H0"": ""level stationary"", ""pvalue_truncated_to_table"": false, ""sample"": ""last 3591 finite TRAIN values (gaps compressed)""}",,laneA_ps1_metrics.v1
fred.credit.bamlh0a0hym2.logret_5d,seasonality,MEASURED,"{""eta2_hour_of_day"": 0.0007697255488115627, ""eta2_day_of_week"": 0.0007067745106846912, ""eta2_month"": 0.2733853821413421}",,laneA_ps1_metrics.v1
fred.credit.bamlh0a0hym2.logret_5d,spectrum,MEASURED,"{""top_periods_rows"": [2048.0, 1024.0, 292.57142857142856], ""top_power_share"": [0.1069134557739647, 0.09680397996091276, 0.09397849870168376], ""spectral_entropy_norm"": 0.46235580336583804, ""zero_filled_fraction"": 0.9499400563191792, ""method"": ""Welch nperseg<=2048 on demeaned rows""}",,laneA_ps1_metrics.v1
fred.credit.bamlh0a0hym2.logret_5d,cost,MEASURED,"{""build_s"": 0.014329546249952892, ""profile_s"": 0.007486413000151515, ""bytes_float64"": 573872}",,laneA_ps1_metrics.v1
fred.credit.bamlh0a0hym2ey.level,missingness,MEASURED,"{""n_rows"": 71734, ""n_finite"": 3675, ""missing_fraction"": 0.9487690634845402}",,laneA_ps1_metrics.v1
fred.credit.bamlh0a0hym2ey.level,constant,MEASURED,"{""n_unique"": 80, ""is_constant"": false, ""top_value_share"": 0.048435374149659864}",,laneA_ps1_metrics.v1
fred.credit.bamlh0a0hym2ey.level,scale_tails,MEASURED,"{""mean"": 8.479531972789115, ""std"": 0.4322647824829357, ""min"": 7.27, ""max"": 9.45, ""p001"": 7.27, ""p01"": 7.39, ""p05"": 7.57, ""p25"": 8.3, ""median"": 8.42, ""p75"": 8.66, ""p95"": 9.35, ""p99"": 9.45, ""p999"": 9.45, ""mad"": 0.15000000000000036, ""skew"": 0.026337853311000387, ""excess_kurtosis"": 0.8624625661997043, ""tail_ratio_p99_mad"": 6.866666666666646, ""share_beyond_5mad"": 0.17170068027210883}",,laneA_ps1_metrics.v1
fred.credit.bamlh0a0hym2ey.level,volatility,MEASURED,"{""std_first_diff"": 0.02001424489499598, ""rolling168_std_median"": 0.09055637041290662, ""vol_of_vol_cv"": 0.625223136688551}",,laneA_ps1_metrics.v1
fred.credit.bamlh0a0hym2ey.level,acf,MEASURED,"{""lag_1"": 0.9989277959175682, ""lag_6"": 0.9935691773253367, ""lag_24"": 0.9732044153180551, ""lag_120"": 0.8338601905283524, ""lag_168"": 0.7758667146853818, ""lag_unit"": ""rows of the decision grid (1 row = 1 market hour; weekend gaps not filled)""}",,laneA_ps1_metrics.v1
fred.credit.bamlh0a0hym2ey.level,trend,MEASURED,"{""ols_slope_per_year"": -0.11480381526803222, ""slope_in_std_per_year"": -0.26558678828424864, ""ols_r"": -0.03214191180520701, ""kendall_tau_3000"": 0.040036994931073065, ""kendall_p_3000"": 0.001137383970527224, ""caveat"": ""OLS p-value omitted: serial correlation makes it invalid""}",,laneA_ps1_metrics.v1
fred.credit.bamlh0a0hym2ey.level,adf,MEASURED,"{""stat"": -0.5575472404466003, ""pvalue"": 0.8802890179289227, ""lags"": 24, ""nobs"": 3650, ""crit_5pct"": -2.8623321816453267, ""H0"": ""unit root"", ""regression"": ""c"", ""sample"": ""last 3675 finite TRAIN values (gaps compressed)""}",,laneA_ps1_metrics.v1
fred.credit.bamlh0a0hym2ey.level,kpss,MEASURED,"{""stat"": 1.1409117098455972, ""pvalue"": 0.01, ""lags"": 38, ""H0"": ""level stationary"", ""pvalue_truncated_to_table"": true, ""sample"": ""last 3675 finite TRAIN values (gaps compressed)""}",,laneA_ps1_metrics.v1
fred.credit.bamlh0a0hym2ey.level,seasonality,MEASURED,"{""eta2_hour_of_day"": 0.0007142923921384398, ""eta2_day_of_week"": 0.0024258618629972523, ""eta2_month"": 0.769620935373765}",,laneA_ps1_metrics.v1
fred.credit.bamlh0a0hym2ey.level,spectrum,MEASURED,"{""top_periods_rows"": [2048.0, 1024.0, 409.6], ""top_power_share"": [0.6212912974837189, 0.1916422452654015, 0.030369678643326296], ""spectral_entropy_norm"": 0.2142937091892407, ""zero_filled_fraction"": 0.9487690634845402, ""method"": ""Welch nperseg<=2048 on demeaned rows""}",,laneA_ps1_metrics.v1
fred.credit.bamlh0a0hym2ey.level,cost,MEASURED,"{""build_s"": 0.014329546249952892, ""profile_s"": 0.007562957000118331, ""bytes_float64"": 573872}",,laneA_ps1_metrics.v1
fred.credit.bamlh0a0hym2ey.logret_1d,missingness,MEASURED,"{""n_rows"": 71734, ""n_finite"": 3658, ""missing_fraction"": 0.9490060501296457}",,laneA_ps1_metrics.v1
fred.credit.bamlh0a0hym2ey.logret_1d,constant,MEASURED,"{""n_unique"": 129, ""is_constant"": false, ""top_value_share"": 0.04073264078731547}",,laneA_ps1_metrics.v1
fred.credit.bamlh0a0hym2ey.logret_1d,scale_tails,MEASURED,"{""mean"": -0.0011587494803853113, ""std"": 0.00924052649903114, ""min"": -0.038176990144276335, ""max"": 0.02534570938075653, ""p001"": -0.038176990144276335, ""p01"": -0.031252543504104224, ""p05"": -0.016529301951210496, ""p25"": -0.004656585829950544, ""median"": 0.0, ""p75"": 0.004678371106101142, ""p95"": 0.011118088583976782, ""p99"": 0.01801850550267803, ""p999"": 0.02534570938075653, ""mad"": 0.004656585829950544, ""skew"": -0.9299405844427645, ""excess_kurtosis"": 2.341876354502869, ""tail_ratio_p99_mad"": 3.8694670646432385, ""share_beyond_5mad"": 0.04346637506834336}",,laneA_ps1_metrics.v1
fred.credit.bamlh0a0hym2ey.logret_1d,volatility,MEASURED,"{""std_first_diff"": 0.0023613317155967597, ""rolling168_std_median"": 0.007333692350484866, ""vol_of_vol_cv"": 0.3765812693472735}",,laneA_ps1_metrics.v1
fred.credit.bamlh0a0hym2ey.logret_1d,acf,MEASURED,"{""lag_1"": 0.9673460195332564, ""lag_6"": 0.805692126082701, ""lag_24"": 0.279489234188195, ""lag_120"": -0.04305484765989461, ""lag_168"": 0.06576682201049183, ""lag_unit"": ""rows of the decision grid (1 row = 1 market hour; weekend gaps not filled)""}",,laneA_ps1_metrics.v1
fred.credit.bamlh0a0hym2ey.logret_1d,trend,MEASURED,"{""ols_slope_per_year"": -0.00825252280362312, ""slope_in_std_per_year"": -0.893079285524303, ""ols_r"": -0.10758249495794193, ""kendall_tau_3000"": -0.055572088220276865, ""kendall_p_3000"": 5.603128892864775e-06, ""caveat"": ""OLS p-value omitted: serial correlation makes it invalid""}",,laneA_ps1_metrics.v1
fred.credit.bamlh0a0hym2ey.logret_1d,adf,MEASURED,"{""stat"": -7.04841455034842, ""pvalue"": 5.608083000373751e-10, ""lags"": 24, ""nobs"": 3633, ""crit_5pct"": -2.862335890025229, ""H0"": ""unit root"", ""regression"": ""c"", ""sample"": ""last 3658 finite TRAIN values (gaps compressed)""}",,laneA_ps1_metrics.v1
fred.credit.bamlh0a0hym2ey.logret_1d,kpss,MEASURED,"{""stat"": 0.37618081392886127, ""pvalue"": 0.08742206296169773, ""lags"": 37, ""H0"": ""level stationary"", ""pvalue_truncated_to_table"": false, ""sample"": ""last 3658 finite TRAIN values (gaps compressed)""}",,laneA_ps1_metrics.v1
fred.credit.bamlh0a0hym2ey.logret_1d,seasonality,MEASURED,"{""eta2_hour_of_day"": 0.00015655766430391668, ""eta2_day_of_week"": 0.01163721293035237, ""eta2_month"": 0.09855312510506443}",,laneA_ps1_metrics.v1
fred.credit.bamlh0a0hym2ey.logret_1d,spectrum,MEASURED,"{""top_periods_rows"": [409.6, 2048.0, 204.8], ""top_power_share"": [0.06506608902393725, 0.05263386187123564, 0.0496520507231326], ""spectral_entropy_norm"": 0.6071289676674039, ""zero_filled_fraction"": 0.9490060501296457, ""method"": ""Welch nperseg<=2048 on demeaned rows""}",,laneA_ps1_metrics.v1
fred.credit.bamlh0a0hym2ey.logret_1d,cost,MEASURED,"{""build_s"": 0.014329546249952892, ""profile_s"": 0.007980128999406588, ""bytes_float64"": 573872}",,laneA_ps1_metrics.v1
fred.credit.bamlh0a0hym2ey.logret_5d,missingness,MEASURED,"{""n_rows"": 71734, ""n_finite"": 3591, ""missing_fraction"": 0.9499400563191792}",,laneA_ps1_metrics.v1
fred.credit.bamlh0a0hym2ey.logret_5d,constant,MEASURED,"{""n_unique"": 129, ""is_constant"": false, ""top_value_share"": 0.01642996379838485}",,laneA_ps1_metrics.v1
fred.credit.bamlh0a0hym2ey.logret_5d,scale_tails,MEASURED,"{""mean"": -0.00416361878596396, ""std"": 0.027997027996778237, ""min"": -0.07640682374083241, ""max"": 0.04662331608434167, ""p001"": -0.07640682374083241, ""p01"": -0.07640682374083241, ""p05"": -0.06838385806983327, ""p25"": -0.02268754026679476, ""median"": -0.0011883542693786886, ""p75"": 0.01510778299197213, ""p95"": 0.03769847734775755, ""p99"": 0.04662331608434167, ""p999"": 0.04662331608434167, ""mad"": 0.01795521412644563, ""skew"": -0.665937939889171, ""excess_kurtosis"": 0.26992333729558426, ""tail_ratio_p99_mad"": 2.662829305015091, ""share_beyond_5mad"": 0.0}",,laneA_ps1_metrics.v1
fred.credit.bamlh0a0hym2ey.logret_5d,volatility,MEASURED,"{""std_first_diff"": 0.0034303991147708753, ""rolling168_std_median"": 0.01483818173569432, ""vol_of_vol_cv"": 0.4900158807843399}",,laneA_ps1_metrics.v1
fred.credit.bamlh0a0hym2ey.logret_5d,acf,MEASURED,"{""lag_1"": 0.9924938980939239, ""lag_6"": 0.9546071279126653, ""lag_24"": 0.8046609760528903, ""lag_120"": 0.030578320362404897, ""lag_168"": 0.21346462643862252, ""lag_unit"": ""rows of the decision grid (1 row = 1 market hour; weekend gaps not filled)""}",,laneA_ps1_metrics.v1
fred.credit.bamlh0a0hym2ey.logret_5d,trend,MEASURED,"{""ols_slope_per_year"": -0.0793617782276621, ""slope_in_std_per_year"": -2.8346501006033455, ""ols_r"": -0.3352144702971245, ""kendall_tau_3000"": -0.19897896183310881, ""kendall_p_3000"": 1.7161411518655695e-59, ""caveat"": ""OLS p-value omitted: serial correlation makes it invalid""}",,laneA_ps1_metrics.v1
fred.credit.bamlh0a0hym2ey.logret_5d,adf,MEASURED,"{""stat"": -4.828608858729155, ""pvalue"": 4.793140695727143e-05, ""lags"": 24, ""nobs"": 3566, ""crit_5pct"": -2.8623508498242947, ""H0"": ""unit root"", ""regression"": ""c"", ""sample"": ""last 3591 finite TRAIN values (gaps compressed)""}",,laneA_ps1_metrics.v1
fred.credit.bamlh0a0hym2ey.logret_5d,kpss,MEASURED,"{""stat"": 1.4855479111003496, ""pvalue"": 0.01, ""lags"": 38, ""H0"": ""level stationary"", ""pvalue_truncated_to_table"": true, ""sample"": ""last 3591 finite TRAIN values (gaps compressed)""}",,laneA_ps1_metrics.v1
fred.credit.bamlh0a0hym2ey.logret_5d,seasonality,MEASURED,"{""eta2_hour_of_day"": 0.0002430768049150965, ""eta2_day_of_week"": 0.0004856816436501341, ""eta2_month"": 0.364464250487066}",,laneA_ps1_metrics.v1
fred.credit.bamlh0a0hym2ey.logret_5d,spectrum,MEASURED,"{""top_periods_rows"": [2048.0, 409.6, 1024.0], ""top_power_share"": [0.1293289955884239, 0.10938986418930904, 0.09145106920090858], ""spectral_entropy_norm"": 0.4358161573876814, ""zero_filled_fraction"": 0.9499400563191792, ""method"": ""Welch nperseg<=2048 on demeaned rows""}",,laneA_ps1_metrics.v1
fred.credit.bamlh0a0hym2ey.logret_5d,cost,MEASURED,"{""build_s"": 0.014329546249952892, ""profile_s"": 0.0075182529999437975, ""bytes_float64"": 573872}",,laneA_ps1_metrics.v1
fred.fx_indices.dtwexafegs.level,missingness,MEASURED,"{""n_rows"": 71734, ""n_finite"": 71734, ""missing_fraction"": 0.0}",,laneA_ps1_metrics.v1
fred.fx_indices.dtwexafegs.level,constant,MEASURED,"{""n_unique"": 2309, ""is_constant"": false, ""top_value_share"": 0.0013940390888560516}",,laneA_ps1_metrics.v1
fred.fx_indices.dtwexafegs.level,scale_tails,MEASURED,"{""mean"": 105.34799018317675, ""std"": 8.816454673896557, ""min"": 85.9467, ""max"": 124.8505, ""p001"": 86.1178, ""p01"": 87.0848, ""p05"": 89.1016, ""p25"": 102.4805, ""median"": 107.6864, ""p75"": 110.9383, ""p95"": 116.8, ""p99"": 122.2631, ""p999"": 124.5826, ""mad"": 4.1447, ""skew"": -0.6638472227927121, ""excess_kurtosis"": -0.5126438711111931, ""tail_ratio_p99_mad"": 3.5169493570101547, ""share_beyond_5mad"": 0.00836423453313631}",,laneA_ps1_metrics.v1
fred.fx_indices.dtwexafegs.level,volatility,MEASURED,"{""std_first_diff"": 0.08425167263005537, ""rolling168_std_median"": 0.33149770612223173, ""vol_of_vol_cv"": 0.6020617677269193}",,laneA_ps1_metrics.v1
fred.fx_indices.dtwexafegs.level,acf,MEASURED,"{""lag_1"": 0.9999543389933292, ""lag_6"": 0.999725924931388, ""lag_24"": 0.9989047474709902, ""lag_120"": 0.9943455630165542, ""lag_168"": 0.9921987012286749, ""lag_unit"": ""rows of the decision grid (1 row = 1 market hour; weekend gaps not filled)""}",,laneA_ps1_metrics.v1
fred.fx_indices.dtwexafegs.level,trend,MEASURED,"{""ols_slope_per_year"": 2.881354155951116, ""slope_in_std_per_year"": 0.32681551287073773, ""ols_r"": 0.7720325691343742, ""kendall_tau_3000"": 0.5173718178333327, ""kendall_p_3000"": 0.0, ""caveat"": ""OLS p-value omitted: serial correlation makes it invalid""}",,laneA_ps1_metrics.v1
fred.fx_indices.dtwexafegs.level,adf,MEASURED,"{""stat"": -1.1784540859897625, ""pvalue"": 0.682794877856534, ""lags"": 24, ""nobs"": 19975, ""crit_5pct"": -2.8616847064863733, ""H0"": ""unit root"", ""regression"": ""c"", ""sample"": ""last 20000 finite TRAIN values (gaps compressed)""}",,laneA_ps1_metrics.v1
fred.fx_indices.dtwexafegs.level,kpss,MEASURED,"{""stat"": 17.908898719528818, ""pvalue"": 0.01, ""lags"": 87, ""H0"": ""level stationary"", ""pvalue_truncated_to_table"": true, ""sample"": ""last 20000 finite TRAIN values (gaps compressed)""}",,laneA_ps1_metrics.v1
fred.fx_indices.dtwexafegs.level,seasonality,MEASURED,"{""eta2_hour_of_day"": 0.00010769196593439644, ""eta2_day_of_week"": 5.872189208233293e-06, ""eta2_month"": 0.006100828023954639}",,laneA_ps1_metrics.v1
fred.fx_indices.dtwexafegs.level,spectrum,MEASURED,"{""top_periods_rows"": [2048.0, 1024.0, 682.6666666666666], ""top_power_share"": [0.552110642923701, 0.1761420585505854, 0.08952718831202057], ""spectral_entropy_norm"": 0.2498876380517646, ""zero_filled_fraction"": 0.0, ""method"": ""Welch nperseg<=2048 on demeaned rows""}",,laneA_ps1_metrics.v1
fred.fx_indices.dtwexafegs.level,cost,MEASURED,"{""build_s"": 0.014329546249952892, ""profile_s"": 0.03229626000029384, ""bytes_float64"": 573872}",,laneA_ps1_metrics.v1
fred.fx_indices.dtwexafegs.logret_1d,missingness,MEASURED,"{""n_rows"": 71734, ""n_finite"": 71734, ""missing_fraction"": 0.0}",,laneA_ps1_metrics.v1
fred.fx_indices.dtwexafegs.logret_1d,constant,MEASURED,"{""n_unique"": 2323, ""is_constant"": false, ""top_value_share"": 0.001700727688404383}",,laneA_ps1_metrics.v1
fred.fx_indices.dtwexafegs.logret_1d,scale_tails,MEASURED,"{""mean"": 0.00018226258356041577, ""std"": 0.0038140179609648856, ""min"": -0.015189033544323216, ""max"": 0.018825113249082648, ""p001"": -0.013356765045944028, ""p01"": -0.01011870949491911, ""p05"": -0.005870183997726208, ""p25"": -0.0019946812306042006, ""median"": 0.00017780906618991565, ""p75"": 0.0023492815084438234, ""p95"": 0.006412996213777333, ""p99"": 0.010476571994331607, ""p999"": 0.016492563041881958, ""mad"": 0.002171472442253908, ""skew"": 0.06029515912010736, ""excess_kurtosis"": 1.5641667087233078, ""tail_ratio_p99_mad"": 4.742755527420812, ""share_beyond_5mad"": 0.015780522485850504}",,laneA_ps1_metrics.v1
fred.fx_indices.dtwexafegs.logret_1d,volatility,MEASURED,"{""std_first_diff"": 0.0009281190607704554, ""rolling168_std_median"": 0.002784753641160719, ""vol_of_vol_cv"": 0.4819485235929991}",,laneA_ps1_metrics.v1
fred.fx_indices.dtwexafegs.logret_1d,acf,MEASURED,"{""lag_1"": 0.9703916778740933, ""lag_6"": 0.8224372220635495, ""lag_24"": 0.3060295370225382, ""lag_120"": -0.02226097019168346, ""lag_168"": -0.017111747171315816, ""lag_unit"": ""rows of the decision grid (1 row = 1 market hour; weekend gaps not filled)""}",,laneA_ps1_metrics.v1
fred.fx_indices.dtwexafegs.logret_1d,trend,MEASURED,"{""ols_slope_per_year"": -4.769482321639058e-05, ""slope_in_std_per_year"": -0.012505138597806852, ""ols_r"": -0.029540746686846392, ""kendall_tau_3000"": -0.02487070557436684, ""kendall_p_3000"": 0.041156728640619124, ""caveat"": ""OLS p-value omitted: serial correlation makes it invalid""}",,laneA_ps1_metrics.v1
fred.fx_indices.dtwexafegs.logret_1d,adf,MEASURED,"{""stat"": -16.113428549156698, ""pvalue"": 4.9849460591460146e-29, ""lags"": 24, ""nobs"": 19975, ""crit_5pct"": -2.8616847064863733, ""H0"": ""unit root"", ""regression"": ""c"", ""sample"": ""last 20000 finite TRAIN values (gaps compressed)""}",,laneA_ps1_metrics.v1
fred.fx_indices.dtwexafegs.logret_1d,kpss,MEASURED,"{""stat"": 0.1692030993230998, ""pvalue"": 0.1, ""lags"": 84, ""H0"": ""level stationary"", ""pvalue_truncated_to_table"": true, ""sample"": ""last 20000 finite TRAIN values (gaps compressed)""}",,laneA_ps1_metrics.v1
fred.fx_indices.dtwexafegs.logret_1d,seasonality,MEASURED,"{""eta2_hour_of_day"": 1.1668610687631588e-05, ""eta2_day_of_week"": 0.0011696876591120711, ""eta2_month"": 0.003963206086665851}",,laneA_ps1_metrics.v1
fred.fx_indices.dtwexafegs.logret_1d,spectrum,MEASURED,"{""top_periods_rows"": [227.55555555555554, 682.6666666666666, 409.6], ""top_power_share"": [0.04558468928434241, 0.04212087014106698, 0.041018180781911204], ""spectral_entropy_norm"": 0.6152456810123709, ""zero_filled_fraction"": 0.0, ""method"": ""Welch nperseg<=2048 on demeaned rows""}",,laneA_ps1_metrics.v1
fred.fx_indices.dtwexafegs.logret_1d,cost,MEASURED,"{""build_s"": 0.014329546249952892, ""profile_s"": 0.0322832659994674, ""bytes_float64"": 573872}",,laneA_ps1_metrics.v1
fred.fx_indices.dtwexafegs.logret_5d,missingness,MEASURED,"{""n_rows"": 71734, ""n_finite"": 71734, ""missing_fraction"": 0.0}",,laneA_ps1_metrics.v1
fred.fx_indices.dtwexafegs.logret_5d,constant,MEASURED,"{""n_unique"": 2324, ""is_constant"": false, ""top_value_share"": 0.0013661583070789306}",,laneA_ps1_metrics.v1
fred.fx_indices.dtwexafegs.logret_5d,scale_tails,MEASURED,"{""mean"": 0.0004757363404439063, ""std"": 0.008830895235466547, ""min"": -0.038679903003809635, ""max"": 0.05088292630561142, ""p001"": -0.037346869061230414, ""p01"": -0.020150591261501205, ""p05"": -0.013434595634019608, ""p25"": -0.005134264235455044, ""median"": 0.000500968264460333, ""p75"": 0.0060479451955517405, ""p95"": 0.014016820341200997, ""p99"": 0.023840475773932113, ""p999"": 0.03800041676657262, ""mad"": 0.005606219234886467, ""skew"": 0.17895514446173963, ""excess_kurtosis"": 1.568813924580998, ""tail_ratio_p99_mad"": 4.163145701515619, ""share_beyond_5mad"": 0.007346585998271392}",,laneA_ps1_metrics.v1
fred.fx_indices.dtwexafegs.logret_5d,volatility,MEASURED,"{""std_first_diff"": 0.0011300774524701336, ""rolling168_std_median"": 0.004571862384181092, ""vol_of_vol_cv"": 0.5847487269158933}",,laneA_ps1_metrics.v1
fred.fx_indices.dtwexafegs.logret_5d,acf,MEASURED,"{""lag_1"": 0.9918119806573095, ""lag_6"": 0.9508783134099219, ""lag_24"": 0.8036059487776205, ""lag_120"": 0.012203649675524574, ""lag_168"": -0.03999775601872803, ""lag_unit"": ""rows of the decision grid (1 row = 1 market hour; weekend gaps not filled)""}",,laneA_ps1_metrics.v1
fred.fx_indices.dtwexafegs.logret_5d,trend,MEASURED,"{""ols_slope_per_year"": -0.0001536938059186726, ""slope_in_std_per_year"": -0.01740410250836282, ""ols_r"": -0.04111351341612655, ""kendall_tau_3000"": -0.02643002582740608, ""kendall_p_3000"": 0.030008878281049832, ""caveat"": ""OLS p-value omitted: serial correlation makes it invalid""}",,laneA_ps1_metrics.v1
fred.fx_indices.dtwexafegs.logret_5d,adf,MEASURED,"{""stat"": -9.840679026886797, ""pvalue"": 4.7627224756072323e-17, ""lags"": 24, ""nobs"": 19975, ""crit_5pct"": -2.8616847064863733, ""H0"": ""unit root"", ""regression"": ""c"", ""sample"": ""last 20000 finite TRAIN values (gaps compressed)""}",,laneA_ps1_metrics.v1
fred.fx_indices.dtwexafegs.logret_5d,kpss,MEASURED,"{""stat"": 0.27900510448769406, ""pvalue"": 0.1, ""lags"": 86, ""H0"": ""level stationary"", ""pvalue_truncated_to_table"": true, ""sample"": ""last 20000 finite TRAIN values (gaps compressed)""}",,laneA_ps1_metrics.v1
fred.fx_indices.dtwexafegs.logret_5d,seasonality,MEASURED,"{""eta2_hour_of_day"": 3.56457276384978e-06, ""eta2_day_of_week"": 9.86325160781622e-05, ""eta2_month"": 0.008881769961761203}",,laneA_ps1_metrics.v1
fred.fx_indices.dtwexafegs.logret_5d,spectrum,MEASURED,"{""top_periods_rows"": [682.6666666666666, 1024.0, 512.0], ""top_power_share"": [0.13601808092439377, 0.1138095101678186, 0.11165389055940583], ""spectral_entropy_norm"": 0.4333682890554392, ""zero_filled_fraction"": 0.0, ""method"": ""Welch nperseg<=2048 on demeaned rows""}",,laneA_ps1_metrics.v1
fred.fx_indices.dtwexafegs.logret_5d,cost,MEASURED,"{""build_s"": 0.014329546249952892, ""profile_s"": 0.03227031200003694, ""bytes_float64"": 573872}",,laneA_ps1_metrics.v1
fred.fx_indices.dtwexb.level,missingness,MEASURED,"{""n_rows"": 71734, ""n_finite"": 47759, ""missing_fraction"": 0.3342208715532383}",,laneA_ps1_metrics.v1
fred.fx_indices.dtwexb.level,constant,MEASURED,"{""n_unique"": 1522, ""is_constant"": false, ""top_value_share"": 0.0025335538851315982}",,laneA_ps1_metrics.v1
fred.fx_indices.dtwexb.level,scale_tails,MEASURED,"{""mean"": 115.4342869804644, ""std"": 10.68554780540641, ""min"": 98.3269, ""max"": 131.8808, ""p001"": 98.3269, ""p01"": 98.7037, ""p05"": 99.3883, ""p25"": 102.5186, ""median"": 119.1658, ""p75"": 124.2052, ""p95"": 129.1831, ""p99"": 130.7148, ""p999"": 131.6829, ""mad"": 7.863900000000001, ""skew"": -0.3195539311610942, ""excess_kurtosis"": -1.4380462533986063, ""tail_ratio_p99_mad"": 1.4686097229110227, ""share_beyond_5mad"": 0.0}",,laneA_ps1_metrics.v1
fred.fx_indices.dtwexb.level,volatility,MEASURED,"{""std_first_diff"": 0.0653444573900169, ""rolling168_std_median"": 0.2671082435969794, ""vol_of_vol_cv"": 0.5809605038627697}",,laneA_ps1_metrics.v1
fred.fx_indices.dtwexb.level,acf,MEASURED,"{""lag_1"": 0.9999813017507874, ""lag_6"": 0.9998878071762506, ""lag_24"": 0.9995512079543547, ""lag_120"": 0.99764165896112, ""lag_168"": 0.9967295271654898, ""lag_unit"": ""rows of the decision grid (1 row = 1 market hour; weekend gaps not filled)""}",,laneA_ps1_metrics.v1
fred.fx_indices.dtwexb.level,trend,MEASURED,"{""ols_slope_per_year"": 6.275445736665184, ""slope_in_std_per_year"": 0.5872834833502958, ""ols_r"": 0.9236574177152748, ""kendall_tau_3000"": 0.7601759113508506, ""kendall_p_3000"": 0.0, ""caveat"": ""OLS p-value omitted: serial correlation makes it invalid""}",,laneA_ps1_metrics.v1
fred.fx_indices.dtwexb.level,adf,MEASURED,"{""stat"": -1.0736174832705947, ""pvalue"": 0.7254774785413078, ""lags"": 24, ""nobs"": 19975, ""crit_5pct"": -2.8616847064863733, ""H0"": ""unit root"", ""regression"": ""c"", ""sample"": ""last 20000 finite TRAIN values (gaps compressed)""}",,laneA_ps1_metrics.v1
fred.fx_indices.dtwexb.level,kpss,MEASURED,"{""stat"": 10.993843398867586, ""pvalue"": 0.01, ""lags"": 87, ""H0"": ""level stationary"", ""pvalue_truncated_to_table"": true, ""sample"": ""last 20000 finite TRAIN values (gaps compressed)""}",,laneA_ps1_metrics.v1
fred.fx_indices.dtwexb.level,seasonality,MEASURED,"{""eta2_hour_of_day"": 1.1387949351805971e-06, ""eta2_day_of_week"": 8.705674826950466e-06, ""eta2_month"": 0.008523815288913033}",,laneA_ps1_metrics.v1
fred.fx_indices.dtwexb.level,spectrum,MEASURED,"{""top_periods_rows"": [2048.0, 1024.0, 682.6666666666666], ""top_power_share"": [0.6389803412944233, 0.14635010644505586, 0.0705918509641511], ""spectral_entropy_norm"": 0.21571832645459937, ""zero_filled_fraction"": 0.3342208715532384, ""method"": ""Welch nperseg<=2048 on demeaned rows""}",,laneA_ps1_metrics.v1
fred.fx_indices.dtwexb.level,cost,MEASURED,"{""build_s"": 0.014329546249952892, ""profile_s"": 0.02874684700054786, ""bytes_float64"": 573872}",,laneA_ps1_metrics.v1
fred.fx_indices.dtwexb.logret_1d,missingness,MEASURED,"{""n_rows"": 71734, ""n_finite"": 47759, ""missing_fraction"": 0.3342208715532383}",,laneA_ps1_metrics.v1
fred.fx_indices.dtwexb.logret_1d,constant,MEASURED,"{""n_unique"": 1526, ""is_constant"": false, ""top_value_share"": 0.0025335538851315982}",,laneA_ps1_metrics.v1
fred.fx_indices.dtwexb.logret_1d,scale_tails,MEASURED,"{""mean"": 0.00016976120736138248, ""std"": 0.0027677623361649912, ""min"": -0.01091753836917242, ""max"": 0.01510723225568622, ""p001"": -0.01091753836917242, ""p01"": -0.007298277783832852, ""p05"": -0.004193057958121749, ""p25"": -0.0014067285495800164, ""median"": 7.912006321575404e-05, ""p75"": 0.0016934932023913163, ""p95"": 0.0047403802323495725, ""p99"": 0.007807739182693396, ""p999"": 0.01510723225568622, ""mad"": 0.0015309536709802174, ""skew"": 0.2779099406063323, ""excess_kurtosis"": 2.0930601689958976, ""tail_ratio_p99_mad"": 5.048238405888057, ""share_beyond_5mad"": 0.017378923344291128}",,laneA_ps1_metrics.v1
fred.fx_indices.dtwexb.logret_1d,volatility,MEASURED,"{""std_first_diff"": 0.0006541113316906085, ""rolling168_std_median"": 0.0020181766832101057, ""vol_of_vol_cv"": 0.5185698097946443}",,laneA_ps1_metrics.v1
fred.fx_indices.dtwexb.logret_1d,acf,MEASURED,"{""lag_1"": 0.9720734269918787, ""lag_6"": 0.8326386041438885, ""lag_24"": 0.34007530127810015, ""lag_120"": -0.054131158072211125, ""lag_168"": -0.015867791865314732, ""lag_unit"": ""rows of the decision grid (1 row = 1 market hour; weekend gaps not filled)""}",,laneA_ps1_metrics.v1
fred.fx_indices.dtwexb.logret_1d,trend,MEASURED,"{""ols_slope_per_year"": -3.596724957916279e-05, ""slope_in_std_per_year"": -0.012995064319358783, ""ols_r"": -0.02043814936491828, ""kendall_tau_3000"": -0.02410103151491945, ""kendall_p_3000"": 0.047876299022260684, ""caveat"": ""OLS p-value omitted: serial correlation makes it invalid""}",,laneA_ps1_metrics.v1
fred.fx_indices.dtwexb.logret_1d,adf,MEASURED,"{""stat"": -15.028318100824848, ""pvalue"": 9.988169474716071e-28, ""lags"": 24, ""nobs"": 19975, ""crit_5pct"": -2.8616847064863733, ""H0"": ""unit root"", ""regression"": ""c"", ""sample"": ""last 20000 finite TRAIN values (gaps compressed)""}",,laneA_ps1_metrics.v1
fred.fx_indices.dtwexb.logret_1d,kpss,MEASURED,"{""stat"": 0.07702572619606245, ""pvalue"": 0.1, ""lags"": 84, ""H0"": ""level stationary"", ""pvalue_truncated_to_table"": true, ""sample"": ""last 20000 finite TRAIN values (gaps compressed)""}",,laneA_ps1_metrics.v1
fred.fx_indices.dtwexb.logret_1d,seasonality,MEASURED,"{""eta2_hour_of_day"": 1.8396525986772104e-06, ""eta2_day_of_week"": 0.0005675483581085589, ""eta2_month"": 0.009900645390821895}",,laneA_ps1_metrics.v1
fred.fx_indices.dtwexb.logret_1d,spectrum,MEASURED,"{""top_periods_rows"": [227.55555555555554, 256.0, 204.8], ""top_power_share"": [0.0559478358945204, 0.04838154342081203, 0.04490529233075446], ""spectral_entropy_norm"": 0.6066126394673323, ""zero_filled_fraction"": 0.3342208715532384, ""method"": ""Welch nperseg<=2048 on demeaned rows""}",,laneA_ps1_metrics.v1
fred.fx_indices.dtwexb.logret_1d,cost,MEASURED,"{""build_s"": 0.014329546249952892, ""profile_s"": 0.029150502999982564, ""bytes_float64"": 573872}",,laneA_ps1_metrics.v1
fred.fx_indices.dtwexb.logret_5d,missingness,MEASURED,"{""n_rows"": 71734, ""n_finite"": 47759, ""missing_fraction"": 0.3342208715532383}",,laneA_ps1_metrics.v1
fred.fx_indices.dtwexb.logret_5d,constant,MEASURED,"{""n_unique"": 1526, ""is_constant"": false, ""top_value_share"": 0.0025335538851315982}",,laneA_ps1_metrics.v1
fred.fx_indices.dtwexb.logret_5d,scale_tails,MEASURED,"{""mean"": 0.0006828175017245793, ""std"": 0.00640545978091289, ""min"": -0.019575782622705873, ""max"": 0.031232655215668537, ""p001"": -0.019293761370500206, ""p01"": -0.014061086038832826, ""p05"": -0.010259713979367646, ""p25"": -0.003420132923095842, ""median"": 0.0008235191033181266, ""p75"": 0.004535656100730812, ""p95"": 0.011275785873081645, ""p99"": 0.017493453551573168, ""p999"": 0.02789342014175933, ""mad"": 0.004080694678052943, ""skew"": 0.2080122818427786, ""excess_kurtosis"": 0.8313485850278473, ""tail_ratio_p99_mad"": 4.085072705368124, ""share_beyond_5mad"": 0.0045227077618878115}",,laneA_ps1_metrics.v1
fred.fx_indices.dtwexb.logret_5d,volatility,MEASURED,"{""std_first_diff"": 0.0008047401491747128, ""rolling168_std_median"": 0.003284428418333753, ""vol_of_vol_cv"": 0.5671445471045568}",,laneA_ps1_metrics.v1
fred.fx_indices.dtwexb.logret_5d,acf,MEASURED,"{""lag_1"": 0.9921080160359504, ""lag_6"": 0.9526497078173344, ""lag_24"": 0.8103640535928905, ""lag_120"": 0.038793732094693334, ""lag_168"": 0.021204944891837326, ""lag_unit"": ""rows of the decision grid (1 row = 1 market hour; weekend gaps not filled)""}",,laneA_ps1_metrics.v1
fred.fx_indices.dtwexb.logret_5d,trend,MEASURED,"{""ols_slope_per_year"": -0.0001172526487755486, ""slope_in_std_per_year"": -0.018305110450453573, ""ols_r"": -0.028789590596359355, ""kendall_tau_3000"": -0.01771867849436214, ""kendall_p_3000"": 0.1457981829157489, ""caveat"": ""OLS p-value omitted: serial correlation makes it invalid""}",,laneA_ps1_metrics.v1
fred.fx_indices.dtwexb.logret_5d,adf,MEASURED,"{""stat"": -8.785651619854958, ""pvalue"": 2.312562702435766e-14, ""lags"": 24, ""nobs"": 19975, ""crit_5pct"": -2.8616847064863733, ""H0"": ""unit root"", ""regression"": ""c"", ""sample"": ""last 20000 finite TRAIN values (gaps compressed)""}",,laneA_ps1_metrics.v1
fred.fx_indices.dtwexb.logret_5d,kpss,MEASURED,"{""stat"": 0.22349214329271722, ""pvalue"": 0.1, ""lags"": 86, ""H0"": ""level stationary"", ""pvalue_truncated_to_table"": true, ""sample"": ""last 20000 finite TRAIN values (gaps compressed)""}",,laneA_ps1_metrics.v1
fred.fx_indices.dtwexb.logret_5d,seasonality,MEASURED,"{""eta2_hour_of_day"": 2.3839134024605346e-06, ""eta2_day_of_week"": 0.00012975054260973593, ""eta2_month"": 0.028325658791007315}",,laneA_ps1_metrics.v1
fred.fx_indices.dtwexb.logret_5d,spectrum,MEASURED,"{""top_periods_rows"": [682.6666666666666, 512.0, 1024.0], ""top_power_share"": [0.13500102735231792, 0.10838032736415856, 0.105803666780183], ""spectral_entropy_norm"": 0.4336447200966523, ""zero_filled_fraction"": 0.3342208715532384, ""method"": ""Welch nperseg<=2048 on demeaned rows""}",,laneA_ps1_metrics.v1
fred.fx_indices.dtwexb.logret_5d,cost,MEASURED,"{""build_s"": 0.014329546249952892, ""profile_s"": 0.02883619399926829, ""bytes_float64"": 573872}",,laneA_ps1_metrics.v1
fred.fx_indices.dtwexbgs.level,missingness,MEASURED,"{""n_rows"": 71734, ""n_finite"": 71734, ""missing_fraction"": 0.0}",,laneA_ps1_metrics.v1
fred.fx_indices.dtwexbgs.level,constant,MEASURED,"{""n_unique"": 2313, ""is_constant"": false, ""top_value_share"": 0.0013661583070789306}",,laneA_ps1_metrics.v1
fred.fx_indices.dtwexbgs.level,scale_tails,MEASURED,"{""mean"": 109.89516678701872, ""std"": 9.893812027408753, ""min"": 90.1436, ""max"": 128.4539, ""p001"": 90.2696024, ""p01"": 90.6923, ""p05"": 92.1043, ""p25"": 105.5884, ""median"": 112.9562, ""p75"": 116.3949, ""p95"": 122.5997, ""p99"": 126.8616, ""p999"": 128.3325, ""mad"": 4.313999999999993, ""skew"": -0.7102895695760407, ""excess_kurtosis"": -0.677385543662893, ""tail_ratio_p99_mad"": 3.2233194251274973, ""share_beyond_5mad"": 0.03627289709203446}",,laneA_ps1_metrics.v1
fred.fx_indices.dtwexbgs.level,volatility,MEASURED,"{""std_first_diff"": 0.07052263512095053, ""rolling168_std_median"": 0.2822340675702232, ""vol_of_vol_cv"": 0.6347695440293685}",,laneA_ps1_metrics.v1
fred.fx_indices.dtwexbgs.level,acf,MEASURED,"{""lag_1"": 0.9999745959082142, ""lag_6"": 0.9998475535535041, ""lag_24"": 0.9993887813426199, ""lag_120"": 0.9966173493792793, ""lag_168"": 0.9952953463984306, ""lag_unit"": ""rows of the decision grid (1 row = 1 market hour; weekend gaps not filled)""}",,laneA_ps1_metrics.v1
fred.fx_indices.dtwexbgs.level,trend,MEASURED,"{""ols_slope_per_year"": 3.6413152109134646, ""slope_in_std_per_year"": 0.3680396596201703, ""ols_r"": 0.8694159021523662, ""kendall_tau_3000"": 0.6935095044782165, ""kendall_p_3000"": 0.0, ""caveat"": ""OLS p-value omitted: serial correlation makes it invalid""}",,laneA_ps1_metrics.v1
fred.fx_indices.dtwexbgs.level,adf,MEASURED,"{""stat"": -1.2900543338324932, ""pvalue"": 0.6337100955594137, ""lags"": 24, ""nobs"": 19975, ""crit_5pct"": -2.8616847064863733, ""H0"": ""unit root"", ""regression"": ""c"", ""sample"": ""last 20000 finite TRAIN values (gaps compressed)""}",,laneA_ps1_metrics.v1
fred.fx_indices.dtwexbgs.level,kpss,MEASURED,"{""stat"": 15.533532086262246, ""pvalue"": 0.01, ""lags"": 87, ""H0"": ""level stationary"", ""pvalue_truncated_to_table"": true, ""sample"": ""last 20000 finite TRAIN values (gaps compressed)""}",,laneA_ps1_metrics.v1
fred.fx_indices.dtwexbgs.level,seasonality,MEASURED,"{""eta2_hour_of_day"": 9.452434272893996e-05, ""eta2_day_of_week"": 8.418169419343481e-06, ""eta2_month"": 0.0051255943053878615}",,laneA_ps1_metrics.v1
fred.fx_indices.dtwexbgs.level,spectrum,MEASURED,"{""top_periods_rows"": [2048.0, 1024.0, 682.6666666666666], ""top_power_share"": [0.5959165897014791, 0.17368895871747367, 0.07633033769174906], ""spectral_entropy_norm"": 0.22722067960761635, ""zero_filled_fraction"": 0.0, ""method"": ""Welch nperseg<=2048 on demeaned rows""}",,laneA_ps1_metrics.v1
fred.fx_indices.dtwexbgs.level,cost,MEASURED,"{""build_s"": 0.014329546249952892, ""profile_s"": 0.0326477700000396, ""bytes_float64"": 573872}",,laneA_ps1_metrics.v1
fred.fx_indices.dtwexbgs.logret_1d,missingness,MEASURED,"{""n_rows"": 71734, ""n_finite"": 71734, ""missing_fraction"": 0.0}",,laneA_ps1_metrics.v1
fred.fx_indices.dtwexbgs.logret_1d,constant,MEASURED,"{""n_unique"": 2324, ""is_constant"": false, ""top_value_share"": 0.0013661583070789306}",,laneA_ps1_metrics.v1
fred.fx_indices.dtwexbgs.logret_1d,scale_tails,MEASURED,"{""mean"": 9.692394230787056e-05, ""std"": 0.003071841707912618, ""min"": -0.011883738999038052, ""max"": 0.016848609538103076, ""p001"": -0.010298517571596132, ""p01"": -0.007753486535713172, ""p05"": -0.004796908973700553, ""p25"": -0.0016940017652844475, ""median"": -4.346038115432549e-05, ""p75"": 0.0018129345779485107, ""p95"": 0.005142388339134385, ""p99"": 0.008826975230126877, ""p999"": 0.01270594966598626, ""mad"": 0.001719556209080153, ""skew"": 0.24382105344362945, ""excess_kurtosis"": 1.6988551648630184, ""tail_ratio_p99_mad"": 5.158561008032583, ""share_beyond_5mad"": 0.018038865809797307}",,laneA_ps1_metrics.v1
fred.fx_indices.dtwexbgs.logret_1d,volatility,MEASURED,"{""std_first_diff"": 0.0007371444070470488, ""rolling168_std_median"": 0.0022478758568068614, ""vol_of_vol_cv"": 0.49330690998449034}",,laneA_ps1_metrics.v1
fred.fx_indices.dtwexbgs.logret_1d,acf,MEASURED,"{""lag_1"": 0.9712074785053539, ""lag_6"": 0.8273540490004394, ""lag_24"": 0.3253823439807998, ""lag_120"": -0.01935253627580966, ""lag_168"": 0.002984573244398344, ""lag_unit"": ""rows of the decision grid (1 row = 1 market hour; weekend gaps not filled)""}",,laneA_ps1_metrics.v1
fred.fx_indices.dtwexbgs.logret_1d,trend,MEASURED,"{""ols_slope_per_year"": -4.961011949241739e-05, ""slope_in_std_per_year"": -0.016149959603917394, ""ols_r"": -0.038150865896504044, ""kendall_tau_3000"": -0.03616709953950133, ""kendall_p_3000"": 0.002983702615763552, ""caveat"": ""OLS p-value omitted: serial correlation makes it invalid""}",,laneA_ps1_metrics.v1
fred.fx_indices.dtwexbgs.logret_1d,adf,MEASURED,"{""stat"": -15.490314816225045, ""pvalue"": 2.489780838344712e-28, ""lags"": 24, ""nobs"": 19975, ""crit_5pct"": -2.8616847064863733, ""H0"": ""unit root"", ""regression"": ""c"", ""sample"": ""last 20000 finite TRAIN values (gaps compressed)""}",,laneA_ps1_metrics.v1
fred.fx_indices.dtwexbgs.logret_1d,kpss,MEASURED,"{""stat"": 0.14998510465250517, ""pvalue"": 0.1, ""lags"": 84, ""H0"": ""level stationary"", ""pvalue_truncated_to_table"": true, ""sample"": ""last 20000 finite TRAIN values (gaps compressed)""}",,laneA_ps1_metrics.v1
fred.fx_indices.dtwexbgs.logret_1d,seasonality,MEASURED,"{""eta2_hour_of_day"": 2.038126887231329e-06, ""eta2_day_of_week"": 0.00045852348720704724, ""eta2_month"": 0.003229224211616058}",,laneA_ps1_metrics.v1
fred.fx_indices.dtwexbgs.logret_1d,spectrum,MEASURED,"{""top_periods_rows"": [227.55555555555554, 682.6666666666666, 1024.0], ""top_power_share"": [0.04401336687186613, 0.04310585465125666, 0.04274445325161107], ""spectral_entropy_norm"": 0.6125253382535382, ""zero_filled_fraction"": 0.0, ""method"": ""Welch nperseg<=2048 on demeaned rows""}",,laneA_ps1_metrics.v1
fred.fx_indices.dtwexbgs.logret_1d,cost,MEASURED,"{""build_s"": 0.014329546249952892, ""profile_s"": 0.03231107800002064, ""bytes_float64"": 573872}",,laneA_ps1_metrics.v1
fred.fx_indices.dtwexbgs.logret_5d,missingness,MEASURED,"{""n_rows"": 71734, ""n_finite"": 71734, ""missing_fraction"": 0.0}",,laneA_ps1_metrics.v1
fred.fx_indices.dtwexbgs.logret_5d,constant,MEASURED,"{""n_unique"": 2324, ""is_constant"": false, ""top_value_share"": 0.0013661583070789306}",,laneA_ps1_metrics.v1
fred.fx_indices.dtwexbgs.logret_5d,scale_tails,MEASURED,"{""mean"": 0.00045473115067375325, ""std"": 0.007319804279071406, ""min"": -0.02968676488735511, ""max"": 0.04878432505495578, ""p001"": -0.027444919624708852, ""p01"": -0.016050416309199456, ""p05"": -0.011011855012582394, ""p25"": -0.004215650680813532, ""median"": 0.00036111827287932385, ""p75"": 0.004852833263963241, ""p95"": 0.012177947245738174, ""p99"": 0.020088100169911804, ""p999"": 0.03666146690727157, ""mad"": 0.004561050788353782, ""skew"": 0.4200816654897314, ""excess_kurtosis"": 2.2844232224327534, ""tail_ratio_p99_mad"": 4.325095863304897, ""share_beyond_5mad"": 0.009354002286224105}",,laneA_ps1_metrics.v1
fred.fx_indices.dtwexbgs.logret_5d,volatility,MEASURED,"{""std_first_diff"": 0.0009014602521220214, ""rolling168_std_median"": 0.0036604196133321323, ""vol_of_vol_cv"": 0.5957131651034956}",,laneA_ps1_metrics.v1
fred.fx_indices.dtwexbgs.logret_5d,acf,MEASURED,"{""lag_1"": 0.9924165924056911, ""lag_6"": 0.9544987455253399, ""lag_24"": 0.8173869633834749, ""lag_120"": 0.035358528277931026, ""lag_168"": -0.003979413284765795, ""lag_unit"": ""rows of the decision grid (1 row = 1 market hour; weekend gaps not filled)""}",,laneA_ps1_metrics.v1
fred.fx_indices.dtwexbgs.logret_5d,trend,MEASURED,"{""ols_slope_per_year"": -0.00014463542922466113, ""slope_in_std_per_year"": -0.01975946674396732, ""ols_r"": -0.04667756356199644, ""kendall_tau_3000"": -0.034983924364932376, ""kendall_p_3000"": 0.004075342667823007, ""caveat"": ""OLS p-value omitted: serial correlation makes it invalid""}",,laneA_ps1_metrics.v1
fred.fx_indices.dtwexbgs.logret_5d,adf,MEASURED,"{""stat"": -9.585067687726696, ""pvalue"": 2.1079867050215124e-16, ""lags"": 24, ""nobs"": 19975, ""crit_5pct"": -2.8616847064863733, ""H0"": ""unit root"", ""regression"": ""c"", ""sample"": ""last 20000 finite TRAIN values (gaps compressed)""}",,laneA_ps1_metrics.v1
fred.fx_indices.dtwexbgs.logret_5d,kpss,MEASURED,"{""stat"": 0.23432374576668655, ""pvalue"": 0.1, ""lags"": 86, ""H0"": ""level stationary"", ""pvalue_truncated_to_table"": true, ""sample"": ""last 20000 finite TRAIN values (gaps compressed)""}",,laneA_ps1_metrics.v1
fred.fx_indices.dtwexbgs.logret_5d,seasonality,MEASURED,"{""eta2_hour_of_day"": 4.836727872989604e-06, ""eta2_day_of_week"": 9.303905481299379e-05, ""eta2_month"": 0.008544733401138803}",,laneA_ps1_metrics.v1
fred.fx_indices.dtwexbgs.logret_5d,spectrum,MEASURED,"{""top_periods_rows"": [682.6666666666666, 1024.0, 512.0], ""top_power_share"": [0.12918645829510092, 0.11815346766485828, 0.11015448348669728], ""spectral_entropy_norm"": 0.427424590090593, ""zero_filled_fraction"": 0.0, ""method"": ""Welch nperseg<=2048 on demeaned rows""}",,laneA_ps1_metrics.v1
fred.fx_indices.dtwexbgs.logret_5d,cost,MEASURED,"{""build_s"": 0.014329546249952892, ""profile_s"": 0.0324270159999287, ""bytes_float64"": 573872}",,laneA_ps1_metrics.v1
fred.fx_indices.dtwexemegs.level,missingness,MEASURED,"{""n_rows"": 71734, ""n_finite"": 71734, ""missing_fraction"": 0.0}",,laneA_ps1_metrics.v1
fred.fx_indices.dtwexemegs.level,constant,MEASURED,"{""n_unique"": 2310, ""is_constant"": false, ""top_value_share"": 0.0013661583070789306}",,laneA_ps1_metrics.v1
fred.fx_indices.dtwexemegs.level,scale_tails,MEASURED,"{""mean"": 115.94528021997937, ""std"": 11.695974074336405, ""min"": 93.2086, ""max"": 137.2907, ""p001"": 93.566, ""p01"": 94.437403, ""p05"": 95.789, ""p25"": 106.0701, ""median"": 119.6011, ""p75"": 124.4176, ""p95"": 130.5748, ""p99"": 134.4016, ""p999"": 136.3317, ""mad"": 5.981399999999994, ""skew"": -0.596367201329673, ""excess_kurtosis"": -0.9573327588531337, ""tail_ratio_p99_mad"": 2.4744207041829696, ""share_beyond_5mad"": 0.0}",,laneA_ps1_metrics.v1
fred.fx_indices.dtwexemegs.level,volatility,MEASURED,"{""std_first_diff"": 0.07553358118476423, ""rolling168_std_median"": 0.30347489381636095, ""vol_of_vol_cv"": 0.6623828069375756}",,laneA_ps1_metrics.v1
fred.fx_indices.dtwexemegs.level,acf,MEASURED,"{""lag_1"": 0.9999791464413114, ""lag_6"": 0.9998749015785529, ""lag_24"": 0.9994975268815158, ""lag_120"": 0.9971819550505661, ""lag_168"": 0.9960515573746973, ""lag_unit"": ""rows of the decision grid (1 row = 1 market hour; weekend gaps not filled)""}",,laneA_ps1_metrics.v1
fred.fx_indices.dtwexemegs.level,trend,MEASURED,"{""ols_slope_per_year"": 4.4903714799340575, ""slope_in_std_per_year"": 0.38392454116215435, ""ols_r"": 0.9069405771579366, ""kendall_tau_3000"": 0.7629066378230867, ""kendall_p_3000"": 0.0, ""caveat"": ""OLS p-value omitted: serial correlation makes it invalid""}",,laneA_ps1_metrics.v1
fred.fx_indices.dtwexemegs.level,adf,MEASURED,"{""stat"": -2.185758792476723, ""pvalue"": 0.2114547349058254, ""lags"": 24, ""nobs"": 19975, ""crit_5pct"": -2.8616847064863733, ""H0"": ""unit root"", ""regression"": ""c"", ""sample"": ""last 20000 finite TRAIN values (gaps compressed)""}",,laneA_ps1_metrics.v1
fred.fx_indices.dtwexemegs.level,kpss,MEASURED,"{""stat"": 8.74160152884761, ""pvalue"": 0.01, ""lags"": 87, ""H0"": ""level stationary"", ""pvalue_truncated_to_table"": true, ""sample"": ""last 20000 finite TRAIN values (gaps compressed)""}",,laneA_ps1_metrics.v1
fred.fx_indices.dtwexemegs.level,seasonality,MEASURED,"{""eta2_hour_of_day"": 7.649350361884154e-05, ""eta2_day_of_week"": 1.4307158509133443e-05, ""eta2_month"": 0.004704299390065654}",,laneA_ps1_metrics.v1
fred.fx_indices.dtwexemegs.level,spectrum,MEASURED,"{""top_periods_rows"": [2048.0, 1024.0, 682.6666666666666], ""top_power_share"": [0.6199696987726742, 0.18439211784581203, 0.06225919047296946], ""spectral_entropy_norm"": 0.21144533356339748, ""zero_filled_fraction"": 0.0, ""method"": ""Welch nperseg<=2048 on demeaned rows""}",,laneA_ps1_metrics.v1
fred.fx_indices.dtwexemegs.level,cost,MEASURED,"{""build_s"": 0.014329546249952892, ""profile_s"": 0.03253936700002669, ""bytes_float64"": 573872}",,laneA_ps1_metrics.v1
fred.fx_indices.dtwexemegs.logret_1d,missingness,MEASURED,"{""n_rows"": 71734, ""n_finite"": 71734, ""missing_fraction"": 0.0}",,laneA_ps1_metrics.v1
fred.fx_indices.dtwexemegs.logret_1d,constant,MEASURED,"{""n_unique"": 2324, ""is_constant"": false, ""top_value_share"": 0.0013661583070789306}",,laneA_ps1_metrics.v1
fred.fx_indices.dtwexemegs.logret_1d,scale_tails,MEASURED,"{""mean"": 1.4095427758154166e-05, ""std"": 0.0031375645183452576, ""min"": -0.010798331664519267, ""max"": 0.02035872528552929, ""p001"": -0.01056893439962181, ""p01"": -0.00699884237557491, ""p05"": -0.004780182712488923, ""p25"": -0.001794049526303354, ""median"": -0.00014562927251926538, ""p75"": 0.0016424595823538723, ""p95"": 0.005338833499372697, ""p99"": 0.00891992715896303, ""p999"": 0.015045837942516904, ""mad"": 0.001736520355813731, ""skew"": 0.542642599578314, ""excess_kurtosis"": 2.3158269430121914, ""tail_ratio_p99_mad"": 5.2205298953919765, ""share_beyond_5mad"": 0.016324197730504364}",,laneA_ps1_metrics.v1
fred.fx_indices.dtwexemegs.logret_1d,volatility,MEASURED,"{""std_first_diff"": 0.0007637737733541407, ""rolling168_std_median"": 0.002265638613681748, ""vol_of_vol_cv"": 0.525721659048455}",,laneA_ps1_metrics.v1
fred.fx_indices.dtwexemegs.logret_1d,acf,MEASURED,"{""lag_1"": 0.9703711401539511, ""lag_6"": 0.8222765911852155, ""lag_24"": 0.30444914223191344, ""lag_120"": 0.0039062427287307757, ""lag_168"": 0.019287474597724626, ""lag_unit"": ""rows of the decision grid (1 row = 1 market hour; weekend gaps not filled)""}",,laneA_ps1_metrics.v1
fred.fx_indices.dtwexemegs.logret_1d,trend,MEASURED,"{""ols_slope_per_year"": -5.074300318276703e-05, ""slope_in_std_per_year"": -0.016172736173574766, ""ols_r"": -0.03820467072796443, ""kendall_tau_3000"": -0.04207808442139521, ""kendall_p_3000"": 0.0005508664752838519, ""caveat"": ""OLS p-value omitted: serial correlation makes it invalid""}",,laneA_ps1_metrics.v1
fred.fx_indices.dtwexemegs.logret_1d,adf,MEASURED,"{""stat"": -15.092056514539156, ""pvalue"": 8.166475309557427e-28, ""lags"": 24, ""nobs"": 19975, ""crit_5pct"": -2.8616847064863733, ""H0"": ""unit root"", ""regression"": ""c"", ""sample"": ""last 20000 finite TRAIN values (gaps compressed)""}",,laneA_ps1_metrics.v1
fred.fx_indices.dtwexemegs.logret_1d,kpss,MEASURED,"{""stat"": 0.11487550161511345, ""pvalue"": 0.1, ""lags"": 84, ""H0"": ""level stationary"", ""pvalue_truncated_to_table"": true, ""sample"": ""last 20000 finite TRAIN values (gaps compressed)""}",,laneA_ps1_metrics.v1
fred.fx_indices.dtwexemegs.logret_1d,seasonality,MEASURED,"{""eta2_hour_of_day"": 2.1588413973831927e-05, ""eta2_day_of_week"": 0.0047324216862838905, ""eta2_month"": 0.0043563026920141095}",,laneA_ps1_metrics.v1
fred.fx_indices.dtwexemegs.logret_1d,spectrum,MEASURED,"{""top_periods_rows"": [204.8, 1024.0, 227.55555555555554], ""top_power_share"": [0.04040910491573935, 0.040016757703559606, 0.03887052675137017], ""spectral_entropy_norm"": 0.616563276965842, ""zero_filled_fraction"": 0.0, ""method"": ""Welch nperseg<=2048 on demeaned rows""}",,laneA_ps1_metrics.v1
fred.fx_indices.dtwexemegs.logret_1d,cost,MEASURED,"{""build_s"": 0.014329546249952892, ""profile_s"": 0.03237587000057829, ""bytes_float64"": 573872}",,laneA_ps1_metrics.v1
fred.fx_indices.dtwexemegs.logret_5d,missingness,MEASURED,"{""n_rows"": 71734, ""n_finite"": 71734, ""missing_fraction"": 0.0}",,laneA_ps1_metrics.v1
fred.fx_indices.dtwexemegs.logret_5d,constant,MEASURED,"{""n_unique"": 2324, ""is_constant"": false, ""top_value_share"": 0.0013661583070789306}",,laneA_ps1_metrics.v1
fred.fx_indices.dtwexemegs.logret_5d,scale_tails,MEASURED,"{""mean"": 0.0004337846240753853, ""std"": 0.007428081911382689, ""min"": -0.02269944508707944, ""max"": 0.046770938746318436, ""p001"": -0.02256613499014737, ""p01"": -0.01740633661782809, ""p05"": -0.011042354025226686, ""p25"": -0.004240948515076504, ""median"": 0.00019002871285067613, ""p75"": 0.004675385372544305, ""p95"": 0.012571649048892297, ""p99"": 0.021477567619261784, ""p999"": 0.038197993934470986, ""mad"": 0.004463025819201327, ""skew"": 0.5730261683877529, ""excess_kurtosis"": 2.381887904318302, ""tail_ratio_p99_mad"": 4.769754818541601, ""share_beyond_5mad"": 0.010385591211977584}",,laneA_ps1_metrics.v1
fred.fx_indices.dtwexemegs.logret_5d,volatility,MEASURED,"{""std_first_diff"": 0.0008953043177511133, ""rolling168_std_median"": 0.0036402181194859703, ""vol_of_vol_cv"": 0.5959935608881411}",,laneA_ps1_metrics.v1
fred.fx_indices.dtwexemegs.logret_5d,acf,MEASURED,"{""lag_1"": 0.992736359732868, ""lag_6"": 0.956420160119578, ""lag_24"": 0.8248029077254213, ""lag_120"": 0.06126234094298903, ""lag_168"": 0.04437176684801336, ""lag_unit"": ""rows of the decision grid (1 row = 1 market hour; weekend gaps not filled)""}",,laneA_ps1_metrics.v1
fred.fx_indices.dtwexemegs.logret_5d,trend,MEASURED,"{""ols_slope_per_year"": -0.00013327561950813137, ""slope_in_std_per_year"": -0.01794213110438398, ""ols_r"": -0.0423844922494302, ""kendall_tau_3000"": -0.034119552873251795, ""kendall_p_3000"": 0.005089668327110907, ""caveat"": ""OLS p-value omitted: serial correlation makes it invalid""}",,laneA_ps1_metrics.v1
fred.fx_indices.dtwexemegs.logret_5d,adf,MEASURED,"{""stat"": -9.490144870046578, ""pvalue"": 3.6713493415487503e-16, ""lags"": 24, ""nobs"": 19975, ""crit_5pct"": -2.8616847064863733, ""H0"": ""unit root"", ""regression"": ""c"", ""sample"": ""last 20000 finite TRAIN values (gaps compressed)""}",,laneA_ps1_metrics.v1
fred.fx_indices.dtwexemegs.logret_5d,kpss,MEASURED,"{""stat"": 0.21766836597991363, ""pvalue"": 0.1, ""lags"": 86, ""H0"": ""level stationary"", ""pvalue_truncated_to_table"": true, ""sample"": ""last 20000 finite TRAIN values (gaps compressed)""}",,laneA_ps1_metrics.v1
fred.fx_indices.dtwexemegs.logret_5d,seasonality,MEASURED,"{""eta2_hour_of_day"": 5.1207144292355485e-06, ""eta2_day_of_week"": 0.00010686454571866688, ""eta2_month"": 0.011380505203584572}",,laneA_ps1_metrics.v1
fred.fx_indices.dtwexemegs.logret_5d,spectrum,MEASURED,"{""top_periods_rows"": [1024.0, 2048.0, 682.6666666666666], ""top_power_share"": [0.13038270298331547, 0.12452308226133835, 0.10921703518832354], ""spectral_entropy_norm"": 0.42181848763443736, ""zero_filled_fraction"": 0.0, ""method"": ""Welch nperseg<=2048 on demeaned rows""}",,laneA_ps1_metrics.v1
fred.fx_indices.dtwexemegs.logret_5d,cost,MEASURED,"{""build_s"": 0.014329546249952892, ""profile_s"": 0.032283327000186546, ""bytes_float64"": 573872}",,laneA_ps1_metrics.v1
fred.fx_indices.dtwexm.level,missingness,MEASURED,"{""n_rows"": 71734, ""n_finite"": 47759, ""missing_fraction"": 0.3342208715532383}",,laneA_ps1_metrics.v1
fred.fx_indices.dtwexm.level,constant,MEASURED,"{""n_unique"": 1517, ""is_constant"": false, ""top_value_share"": 0.0025335538851315982}",,laneA_ps1_metrics.v1
fred.fx_indices.dtwexm.level,scale_tails,MEASURED,"{""mean"": 85.86421452082331, ""std"": 7.356385943607979, ""min"": 71.868, ""max"": 96.8665, ""p001"": 71.868, ""p01"": 72.623402, ""p05"": 73.7641, ""p25"": 76.7712, ""median"": 89.319, ""p75"": 91.8307, ""p95"": 94.1979, ""p99"": 95.3553, ""p999"": 96.5085, ""mad"": 3.2753000000000014, ""skew"": -0.5567324994744298, ""excess_kurtosis"": -1.3329900577631109, ""tail_ratio_p99_mad"": 1.8429762159191507, ""share_beyond_5mad"": 0.02116878494105823}",,laneA_ps1_metrics.v1
fred.fx_indices.dtwexm.level,volatility,MEASURED,"{""std_first_diff"": 0.06543090204338803, ""rolling168_std_median"": 0.2597825480648481, ""vol_of_vol_cv"": 0.5699185277594369}",,laneA_ps1_metrics.v1
fred.fx_indices.dtwexm.level,acf,MEASURED,"{""lag_1"": 0.9999604442099115, ""lag_6"": 0.9997626129878646, ""lag_24"": 0.9990509832512838, ""lag_120"": 0.9951543556293331, ""lag_168"": 0.9933008579673311, ""lag_unit"": ""rows of the decision grid (1 row = 1 market hour; weekend gaps not filled)""}",,laneA_ps1_metrics.v1
fred.fx_indices.dtwexm.level,trend,MEASURED,"{""ols_slope_per_year"": 3.7975388694673904, ""slope_in_std_per_year"": 0.5162234415891545, ""ols_r"": 0.8118968514187324, ""kendall_tau_3000"": 0.5531997949484183, ""kendall_p_3000"": 0.0, ""caveat"": ""OLS p-value omitted: serial correlation makes it invalid""}",,laneA_ps1_metrics.v1
fred.fx_indices.dtwexm.level,adf,MEASURED,"{""stat"": -1.6959594725309073, ""pvalue"": 0.4331954714283547, ""lags"": 24, ""nobs"": 19975, ""crit_5pct"": -2.8616847064863733, ""H0"": ""unit root"", ""regression"": ""c"", ""sample"": ""last 20000 finite TRAIN values (gaps compressed)""}",,laneA_ps1_metrics.v1
fred.fx_indices.dtwexm.level,kpss,MEASURED,"{""stat"": 3.956574547753782, ""pvalue"": 0.01, ""lags"": 87, ""H0"": ""level stationary"", ""pvalue_truncated_to_table"": true, ""sample"": ""last 20000 finite TRAIN values (gaps compressed)""}",,laneA_ps1_metrics.v1
fred.fx_indices.dtwexm.level,seasonality,MEASURED,"{""eta2_hour_of_day"": 1.0607929910908874e-06, ""eta2_day_of_week"": 1.2024027752406871e-05, ""eta2_month"": 0.012492395298046815}",,laneA_ps1_metrics.v1
fred.fx_indices.dtwexm.level,spectrum,MEASURED,"{""top_periods_rows"": [2048.0, 1024.0, 682.6666666666666], ""top_power_share"": [0.5703182561130162, 0.15415435119234822, 0.09867195172714474], ""spectral_entropy_norm"": 0.24599318707245107, ""zero_filled_fraction"": 0.3342208715532384, ""method"": ""Welch nperseg<=2048 on demeaned rows""}",,laneA_ps1_metrics.v1
fred.fx_indices.dtwexm.level,cost,MEASURED,"{""build_s"": 0.014329546249952892, ""profile_s"": 0.028728721999868867, ""bytes_float64"": 573872}",,laneA_ps1_metrics.v1
fred.fx_indices.dtwexm.logret_1d,missingness,MEASURED,"{""n_rows"": 71734, ""n_finite"": 47759, ""missing_fraction"": 0.3342208715532383}",,laneA_ps1_metrics.v1
fred.fx_indices.dtwexm.logret_1d,constant,MEASURED,"{""n_unique"": 1526, ""is_constant"": false, ""top_value_share"": 0.0025335538851315982}",,laneA_ps1_metrics.v1
fred.fx_indices.dtwexm.logret_1d,scale_tails,MEASURED,"{""mean"": 0.00022315449705805887, ""std"": 0.0036710076861398303, ""min"": -0.014069623172835222, ""max"": 0.016258531283043, ""p001"": -0.013469055788227102, ""p01"": -0.009645255767076755, ""p05"": -0.005706326875289491, ""p25"": -0.0018799706978782638, ""median"": 0.00023000672135253808, ""p75"": 0.0023182445864353696, ""p95"": 0.006144871847714839, ""p99"": 0.00966942879268995, ""p999"": 0.016258531283043, ""mad"": 0.0020882378650828315, ""skew"": 0.025014732536300543, ""excess_kurtosis"": 1.6425461762975333, ""tail_ratio_p99_mad"": 4.520281060492594, ""share_beyond_5mad"": 0.016373877174982725}",,laneA_ps1_metrics.v1
fred.fx_indices.dtwexm.logret_1d,volatility,MEASURED,"{""std_first_diff"": 0.0008824145603856907, ""rolling168_std_median"": 0.002631915029955207, ""vol_of_vol_cv"": 0.4939401960720763}",,laneA_ps1_metrics.v1
fred.fx_indices.dtwexm.logret_1d,acf,MEASURED,"{""lag_1"": 0.9711103062101273, ""lag_6"": 0.8268540287194615, ""lag_24"": 0.31768887675175744, ""lag_120"": -0.05907395318628199, ""lag_168"": -0.037642175562078745, ""lag_unit"": ""rows of the decision grid (1 row = 1 market hour; weekend gaps not filled)""}",,laneA_ps1_metrics.v1
fred.fx_indices.dtwexm.logret_1d,trend,MEASURED,"{""ols_slope_per_year"": -8.065929394985335e-05, ""slope_in_std_per_year"": -0.021971976319850452, ""ols_r"": -0.034556699592365625, ""kendall_tau_3000"": -0.02736869664835417, ""kendall_p_3000"": 0.024658636694146106, ""caveat"": ""OLS p-value omitted: serial correlation makes it invalid""}",,laneA_ps1_metrics.v1
fred.fx_indices.dtwexm.logret_1d,adf,MEASURED,"{""stat"": -15.340068350347638, ""pvalue"": 3.841839597671873e-28, ""lags"": 24, ""nobs"": 19975, ""crit_5pct"": -2.8616847064863733, ""H0"": ""unit root"", ""regression"": ""c"", ""sample"": ""last 20000 finite TRAIN values (gaps compressed)""}",,laneA_ps1_metrics.v1
fred.fx_indices.dtwexm.logret_1d,kpss,MEASURED,"{""stat"": 0.0728491231425653, ""pvalue"": 0.1, ""lags"": 84, ""H0"": ""level stationary"", ""pvalue_truncated_to_table"": true, ""sample"": ""last 20000 finite TRAIN values (gaps compressed)""}",,laneA_ps1_metrics.v1
fred.fx_indices.dtwexm.logret_1d,seasonality,MEASURED,"{""eta2_hour_of_day"": 1.3018124953499582e-05, ""eta2_day_of_week"": 0.0013870818510663778, ""eta2_month"": 0.013367906750825614}",,laneA_ps1_metrics.v1
fred.fx_indices.dtwexm.logret_1d,spectrum,MEASURED,"{""top_periods_rows"": [227.55555555555554, 256.0, 682.6666666666666], ""top_power_share"": [0.05896561456173825, 0.051905972885184316, 0.04326441167225582], ""spectral_entropy_norm"": 0.609801159031181, ""zero_filled_fraction"": 0.3342208715532384, ""method"": ""Welch nperseg<=2048 on demeaned rows""}",,laneA_ps1_metrics.v1
fred.fx_indices.dtwexm.logret_1d,cost,MEASURED,"{""build_s"": 0.014329546249952892, ""profile_s"": 0.02895178099970508, ""bytes_float64"": 573872}",,laneA_ps1_metrics.v1
fred.fx_indices.dtwexm.logret_5d,missingness,MEASURED,"{""n_rows"": 71734, ""n_finite"": 47759, ""missing_fraction"": 0.3342208715532383}",,laneA_ps1_metrics.v1
fred.fx_indices.dtwexm.logret_5d,constant,MEASURED,"{""n_unique"": 1526, ""is_constant"": false, ""top_value_share"": 0.0025335538851315982}",,laneA_ps1_metrics.v1
fred.fx_indices.dtwexm.logret_5d,scale_tails,MEASURED,"{""mean"": 0.0006194195562449278, ""std"": 0.00848850316818749, ""min"": -0.030155940509459356, ""max"": 0.03906406151428232, ""p001"": -0.02459493285386838, ""p01"": -0.019713146881901622, ""p05"": -0.013464026064899492, ""p25"": -0.005024080620142257, ""median"": 0.0006163353383632497, ""p75"": 0.006293443561528278, ""p95"": 0.01394649672193271, ""p99"": 0.022528439890180607, ""p999"": 0.028356213460939195, ""mad"": 0.005654870151129643, ""skew"": 0.10577610725227977, ""excess_kurtosis"": 0.5230044917963608, ""tail_ratio_p99_mad"": 3.8749085241930965, ""share_beyond_5mad"": 0.0019263384911744382}",,laneA_ps1_metrics.v1
fred.fx_indices.dtwexm.logret_5d,volatility,MEASURED,"{""std_first_diff"": 0.001087121343124387, ""rolling168_std_median"": 0.00446935619218681, ""vol_of_vol_cv"": 0.5502227613917791}",,laneA_ps1_metrics.v1
fred.fx_indices.dtwexm.logret_5d,acf,MEASURED,"{""lag_1"": 0.9917989091047756, ""lag_6"": 0.9507898614409094, ""lag_24"": 0.8030331664402882, ""lag_120"": 0.01827245084990752, ""lag_168"": -0.02186740063598139, ""lag_unit"": ""rows of the decision grid (1 row = 1 market hour; weekend gaps not filled)""}",,laneA_ps1_metrics.v1
fred.fx_indices.dtwexm.logret_5d,trend,MEASURED,"{""ols_slope_per_year"": -0.00028540189917961316, ""slope_in_std_per_year"": -0.033622170307860494, ""ols_r"": -0.052879687382623164, ""kendall_tau_3000"": -0.03295370024263924, ""kendall_p_3000"": 0.0068266477780453425, ""caveat"": ""OLS p-value omitted: serial correlation makes it invalid""}",,laneA_ps1_metrics.v1
fred.fx_indices.dtwexm.logret_5d,adf,MEASURED,"{""stat"": -9.323032403991354, ""pvalue"": 9.776056237940016e-16, ""lags"": 24, ""nobs"": 19975, ""crit_5pct"": -2.8616847064863733, ""H0"": ""unit root"", ""regression"": ""c"", ""sample"": ""last 20000 finite TRAIN values (gaps compressed)""}",,laneA_ps1_metrics.v1
fred.fx_indices.dtwexm.logret_5d,kpss,MEASURED,"{""stat"": 0.16321377940313983, ""pvalue"": 0.1, ""lags"": 86, ""H0"": ""level stationary"", ""pvalue_truncated_to_table"": true, ""sample"": ""last 20000 finite TRAIN values (gaps compressed)""}",,laneA_ps1_metrics.v1
fred.fx_indices.dtwexm.logret_5d,seasonality,MEASURED,"{""eta2_hour_of_day"": 1.9455701694804614e-06, ""eta2_day_of_week"": 0.00014022070756446279, ""eta2_month"": 0.026636274670092507}",,laneA_ps1_metrics.v1
fred.fx_indices.dtwexm.logret_5d,spectrum,MEASURED,"{""top_periods_rows"": [682.6666666666666, 1024.0, 512.0], ""top_power_share"": [0.15285543252784628, 0.11172784478529349, 0.1107679204009662], ""spectral_entropy_norm"": 0.43383984278087406, ""zero_filled_fraction"": 0.3342208715532384, ""method"": ""Welch nperseg<=2048 on demeaned rows""}",,laneA_ps1_metrics.v1
fred.fx_indices.dtwexm.logret_5d,cost,MEASURED,"{""build_s"": 0.014329546249952892, ""profile_s"": 0.028876790999674995, ""bytes_float64"": 573872}",,laneA_ps1_metrics.v1
fred.inflation_expectations.t10yie.level,missingness,MEASURED,"{""n_rows"": 71734, ""n_finite"": 71734, ""missing_fraction"": 0.0}",,laneA_ps1_metrics.v1
fred.inflation_expectations.t10yie.level,constant,MEASURED,"{""n_unique"": 199, ""is_constant"": false, ""top_value_share"": 0.01844313714556556}",,laneA_ps1_metrics.v1
fred.inflation_expectations.t10yie.level,scale_tails,MEASURED,"{""mean"": 2.0133628404940476, ""std"": 0.37023034190068416, ""min"": 0.63, ""max"": 2.98, ""p001"": 0.75, ""p01"": 1.09, ""p05"": 1.43, ""p25"": 1.74, ""median"": 2.08, ""p75"": 2.28, ""p95"": 2.55, ""p99"": 2.86, ""p999"": 2.95, ""mad"": 0.26, ""skew"": -0.258675638190292, ""excess_kurtosis"": -0.13258988417108242, ""tail_ratio_p99_mad"": 2.999999999999999, ""share_beyond_5mad"": 0.0016728469066272617}",,laneA_ps1_metrics.v1
fred.inflation_expectations.t10yie.level,volatility,MEASURED,"{""std_first_diff"": 0.005995248830205805, ""rolling168_std_median"": 0.022290753088113954, ""vol_of_vol_cv"": 0.7039243886571798}",,laneA_ps1_metrics.v1
fred.inflation_expectations.t10yie.level,acf,MEASURED,"{""lag_1"": 0.9998688899122636, ""lag_6"": 0.9992133950903092, ""lag_24"": 0.9968338714084635, ""lag_120"": 0.9830219356466354, ""lag_168"": 0.9768001830351224, ""lag_unit"": ""rows of the decision grid (1 row = 1 market hour; weekend gaps not filled)""}",,laneA_ps1_metrics.v1
fred.inflation_expectations.t10yie.level,trend,MEASURED,"{""ols_slope_per_year"": 0.022959773303051646, ""slope_in_std_per_year"": 0.06201483429256779, ""ols_r"": 0.1464969377456392, ""kendall_tau_3000"": 0.08243870630784299, ""kendall_p_3000"": 1.5722758214084166e-11, ""caveat"": ""OLS p-value omitted: serial correlation makes it invalid""}",,laneA_ps1_metrics.v1
fred.inflation_expectations.t10yie.level,adf,MEASURED,"{""stat"": -2.630469013528888, ""pvalue"": 0.08686201968404067, ""lags"": 24, ""nobs"": 19975, ""crit_5pct"": -2.8616847064863733, ""H0"": ""unit root"", ""regression"": ""c"", ""sample"": ""last 20000 finite TRAIN values (gaps compressed)""}",,laneA_ps1_metrics.v1
fred.inflation_expectations.t10yie.level,kpss,MEASURED,"{""stat"": 5.5933828859956245, ""pvalue"": 0.01, ""lags"": 87, ""H0"": ""level stationary"", ""pvalue_truncated_to_table"": true, ""sample"": ""last 20000 finite TRAIN values (gaps compressed)""}",,laneA_ps1_metrics.v1
fred.inflation_expectations.t10yie.level,seasonality,MEASURED,"{""eta2_hour_of_day"": 3.3697843467820104e-05, ""eta2_day_of_week"": 7.077068338413256e-06, ""eta2_month"": 0.003949175939202944}",,laneA_ps1_metrics.v1
fred.inflation_expectations.t10yie.level,spectrum,MEASURED,"{""top_periods_rows"": [2048.0, 1024.0, 682.6666666666666], ""top_power_share"": [0.5455291945712473, 0.20054694078887716, 0.08865594127576418], ""spectral_entropy_norm"": 0.2444581103705924, ""zero_filled_fraction"": 0.0, ""method"": ""Welch nperseg<=2048 on demeaned rows""}",,laneA_ps1_metrics.v1
fred.inflation_expectations.t10yie.level,cost,MEASURED,"{""build_s"": 0.014329546249952892, ""profile_s"": 0.03206308300013916, ""bytes_float64"": 573872}",,laneA_ps1_metrics.v1
fred.inflation_expectations.t10yie.logret_1d,missingness,MEASURED,"{""n_rows"": 71734, ""n_finite"": 71734, ""missing_fraction"": 0.0}",,laneA_ps1_metrics.v1
fred.inflation_expectations.t10yie.logret_1d,constant,MEASURED,"{""n_unique"": 955, ""is_constant"": false, ""top_value_share"": 0.16849750467003094}",,laneA_ps1_metrics.v1
fred.inflation_expectations.t10yie.logret_1d,scale_tails,MEASURED,"{""mean"": 0.000677055132122889, ""std"": 0.02023129150506897, ""min"": -0.28007747306656167, ""max"": 0.4054651081081644, ""p001"": -0.13428415909674557, ""p01"": -0.040821994520255166, ""p05"": -0.02201287246192382, ""p25"": -0.007067167223092474, ""median"": 0.0, ""p75"": 0.008810629682154958, ""p95"": 0.024194728587056735, ""p99"": 0.04100802372737711, ""p999"": 0.19268434382950114, ""mad"": 0.008230499136515412, ""skew"": 4.384451790090798, ""excess_kurtosis"": 134.20092727456444, ""tail_ratio_p99_mad"": 4.982446756532785, ""share_beyond_5mad"": 0.019697772325536007}",,laneA_ps1_metrics.v1
fred.inflation_expectations.t10yie.logret_1d,volatility,MEASURED,"{""std_first_diff"": 0.0045284688233094, ""rolling168_std_median"": 0.009840306977466977, ""vol_of_vol_cv"": 1.1034687884760948}",,laneA_ps1_metrics.v1
fred.inflation_expectations.t10yie.logret_1d,acf,MEASURED,"{""lag_1"": 0.9749492200016421, ""lag_6"": 0.8496544356583776, ""lag_24"": 0.3988982663874555, ""lag_120"": -0.1241599967101196, ""lag_168"": -0.007511881926382411, ""lag_unit"": ""rows of the decision grid (1 row = 1 market hour; weekend gaps not filled)""}",,laneA_ps1_metrics.v1
fred.inflation_expectations.t10yie.logret_1d,trend,MEASURED,"{""ols_slope_per_year"": 0.0001752456553666914, ""slope_in_std_per_year"": 0.00866210915515618, ""ols_r"": 0.02046240194180327, ""kendall_tau_3000"": 0.020646911071112585, ""kendall_p_3000"": 0.094068388831914, ""caveat"": ""OLS p-value omitted: serial correlation makes it invalid""}",,laneA_ps1_metrics.v1
fred.inflation_expectations.t10yie.logret_1d,adf,MEASURED,"{""stat"": -16.62733931915251, ""pvalue"": 1.6776811757758697e-29, ""lags"": 24, ""nobs"": 19975, ""crit_5pct"": -2.8616847064863733, ""H0"": ""unit root"", ""regression"": ""c"", ""sample"": ""last 20000 finite TRAIN values (gaps compressed)""}",,laneA_ps1_metrics.v1
fred.inflation_expectations.t10yie.logret_1d,kpss,MEASURED,"{""stat"": 0.6052408423462342, ""pvalue"": 0.022159923423069616, ""lags"": 84, ""H0"": ""level stationary"", ""pvalue_truncated_to_table"": false, ""sample"": ""last 20000 finite TRAIN values (gaps compressed)""}",,laneA_ps1_metrics.v1
fred.inflation_expectations.t10yie.logret_1d,seasonality,MEASURED,"{""eta2_hour_of_day"": 1.5023146859135716e-05, ""eta2_day_of_week"": 0.002264246877952736, ""eta2_month"": 0.003957979637999807}",,laneA_ps1_metrics.v1
fred.inflation_expectations.t10yie.logret_1d,spectrum,MEASURED,"{""top_periods_rows"": [292.57142857142856, 256.0, 341.3333333333333], ""top_power_share"": [0.07512709259311835, 0.05956384612462934, 0.057820121401938075], ""spectral_entropy_norm"": 0.5795455446926197, ""zero_filled_fraction"": 0.0, ""method"": ""Welch nperseg<=2048 on demeaned rows""}",,laneA_ps1_metrics.v1
fred.inflation_expectations.t10yie.logret_1d,cost,MEASURED,"{""build_s"": 0.014329546249952892, ""profile_s"": 0.031966722999641206, ""bytes_float64"": 573872}",,laneA_ps1_metrics.v1
fred.inflation_expectations.t10yie.logret_5d,missingness,MEASURED,"{""n_rows"": 71734, ""n_finite"": 71734, ""missing_fraction"": 0.0}",,laneA_ps1_metrics.v1
fred.inflation_expectations.t10yie.logret_5d,constant,MEASURED,"{""n_unique"": 1441, ""is_constant"": false, ""top_value_share"": 0.07987843979145175}",,laneA_ps1_metrics.v1
fred.inflation_expectations.t10yie.logret_5d,scale_tails,MEASURED,"{""mean"": 0.00025869267122309055, ""std"": 0.0430482293563411, ""min"": -0.4620354595965587, ""max"": 0.5296941080703735, ""p001"": -0.3753876528708865, ""p01"": -0.09742211300746839, ""p05"": -0.05406722127027569, ""p25"": -0.017699577099400843, ""median"": 0.0, ""p75"": 0.01993421490081726, ""p95"": 0.05448818528406979, ""p99"": 0.09466522654107845, ""p999"": 0.26826398659467926, ""mad"": 0.01877989465159635, ""skew"": -0.9472059110062088, ""excess_kurtosis"": 31.07528766134856, ""tail_ratio_p99_mad"": 5.040775163934778, ""share_beyond_5mad"": 0.021579725095491678}",,laneA_ps1_metrics.v1
fred.inflation_expectations.t10yie.logret_5d,volatility,MEASURED,"{""std_first_diff"": 0.005270451209576776, ""rolling168_std_median"": 0.016016634005668818, ""vol_of_vol_cv"": 1.031092534416126}",,laneA_ps1_metrics.v1
fred.inflation_expectations.t10yie.logret_5d,acf,MEASURED,"{""lag_1"": 0.9925053766807969, ""lag_6"": 0.9550404435459746, ""lag_24"": 0.8189782804036343, ""lag_120"": -0.0182780802324114, ""lag_168"": -0.015994823167073763, ""lag_unit"": ""rows of the decision grid (1 row = 1 market hour; weekend gaps not filled)""}",,laneA_ps1_metrics.v1
fred.inflation_expectations.t10yie.logret_5d,trend,MEASURED,"{""ols_slope_per_year"": 0.000312922388120494, ""slope_in_std_per_year"": 0.007269111710268283, ""ols_r"": 0.017171739920506312, ""kendall_tau_3000"": 0.02297586053868793, ""kendall_p_3000"": 0.06002341949629967, ""caveat"": ""OLS p-value omitted: serial correlation makes it invalid""}",,laneA_ps1_metrics.v1
fred.inflation_expectations.t10yie.logret_5d,adf,MEASURED,"{""stat"": -10.551089162766097, ""pvalue"": 8.172656631923391e-19, ""lags"": 24, ""nobs"": 19975, ""crit_5pct"": -2.8616847064863733, ""H0"": ""unit root"", ""regression"": ""c"", ""sample"": ""last 20000 finite TRAIN values (gaps compressed)""}",,laneA_ps1_metrics.v1
fred.inflation_expectations.t10yie.logret_5d,kpss,MEASURED,"{""stat"": 0.5060416457935455, ""pvalue"": 0.04030593563208435, ""lags"": 86, ""H0"": ""level stationary"", ""pvalue_truncated_to_table"": false, ""sample"": ""last 20000 finite TRAIN values (gaps compressed)""}",,laneA_ps1_metrics.v1
fred.inflation_expectations.t10yie.logret_5d,seasonality,MEASURED,"{""eta2_hour_of_day"": 2.0335996146624157e-06, ""eta2_day_of_week"": 3.653098585369487e-05, ""eta2_month"": 0.013035802615772295}",,laneA_ps1_metrics.v1
fred.inflation_expectations.t10yie.logret_5d,spectrum,MEASURED,"{""top_periods_rows"": [1024.0, 682.6666666666666, 292.57142857142856], ""top_power_share"": [0.14092208368003797, 0.14016963900750476, 0.10155342081669076], ""spectral_entropy_norm"": 0.4196470749516281, ""zero_filled_fraction"": 0.0, ""method"": ""Welch nperseg<=2048 on demeaned rows""}",,laneA_ps1_metrics.v1
fred.inflation_expectations.t10yie.logret_5d,cost,MEASURED,"{""build_s"": 0.014329546249952892, ""profile_s"": 0.0322935359999974, ""bytes_float64"": 573872}",,laneA_ps1_metrics.v1
fred.inflation_expectations.t5yie.level,missingness,MEASURED,"{""n_rows"": 71734, ""n_finite"": 71734, ""missing_fraction"": 0.0}",,laneA_ps1_metrics.v1
fred.inflation_expectations.t5yie.level,constant,MEASURED,"{""n_unique"": 266, ""is_constant"": false, ""top_value_share"": 0.01513926450497672}",,laneA_ps1_metrics.v1
fred.inflation_expectations.t5yie.level,scale_tails,MEASURED,"{""mean"": 1.8807810801014857, ""std"": 0.49813211107015387, ""min"": 0.16, ""max"": 3.59, ""p001"": 0.31, ""p01"": 0.74, ""p05"": 1.18, ""p25"": 1.57, ""median"": 1.81, ""p75"": 2.17, ""p95"": 2.78, ""p99"": 3.3, ""p999"": 3.56, ""mad"": 0.29000000000000004, ""skew"": 0.4401372694904452, ""excess_kurtosis"": 0.6486802540785597, ""tail_ratio_p99_mad"": 5.137931034482757, ""share_beyond_5mad"": 0.014414364178771573}",,laneA_ps1_metrics.v1
fred.inflation_expectations.t5yie.level,volatility,MEASURED,"{""std_first_diff"": 0.008053741629753752, ""rolling168_std_median"": 0.029043049371749452, ""vol_of_vol_cv"": 0.709967303162539}",,laneA_ps1_metrics.v1
fred.inflation_expectations.t5yie.level,acf,MEASURED,"{""lag_1"": 0.9998693012758537, ""lag_6"": 0.9992166855290427, ""lag_24"": 0.9968561122267124, ""lag_120"": 0.9838413636824687, ""lag_168"": 0.9776575755758702, ""lag_unit"": ""rows of the decision grid (1 row = 1 market hour; weekend gaps not filled)""}",,laneA_ps1_metrics.v1
fred.inflation_expectations.t5yie.level,trend,MEASURED,"{""ols_slope_per_year"": 0.09075241734004885, ""slope_in_std_per_year"": 0.18218543900950773, ""ols_r"": 0.4303745905507716, ""kendall_tau_3000"": 0.23014032687915698, ""kendall_p_3000"": 3.847152732639967e-79, ""caveat"": ""OLS p-value omitted: serial correlation makes it invalid""}",,laneA_ps1_metrics.v1
fred.inflation_expectations.t5yie.level,adf,MEASURED,"{""stat"": -2.1702735649867915, ""pvalue"": 0.21721075552661545, ""lags"": 24, ""nobs"": 19975, ""crit_5pct"": -2.8616847064863733, ""H0"": ""unit root"", ""regression"": ""c"", ""sample"": ""last 20000 finite TRAIN values (gaps compressed)""}",,laneA_ps1_metrics.v1
fred.inflation_expectations.t5yie.level,kpss,MEASURED,"{""stat"": 4.486437896506685, ""pvalue"": 0.01, ""lags"": 87, ""H0"": ""level stationary"", ""pvalue_truncated_to_table"": true, ""sample"": ""last 20000 finite TRAIN values (gaps compressed)""}",,laneA_ps1_metrics.v1
fred.inflation_expectations.t5yie.level,seasonality,MEASURED,"{""eta2_hour_of_day"": 4.6980335052135526e-05, ""eta2_day_of_week"": 2.4783235612649357e-06, ""eta2_month"": 0.007129067304957949}",,laneA_ps1_metrics.v1
fred.inflation_expectations.t5yie.level,spectrum,MEASURED,"{""top_periods_rows"": [2048.0, 1024.0, 682.6666666666666], ""top_power_share"": [0.5481655178010427, 0.19444605507843993, 0.09146773611282548], ""spectral_entropy_norm"": 0.24503117935704047, ""zero_filled_fraction"": 0.0, ""method"": ""Welch nperseg<=2048 on demeaned rows""}",,laneA_ps1_metrics.v1
fred.inflation_expectations.t5yie.level,cost,MEASURED,"{""build_s"": 0.014329546249952892, ""profile_s"": 0.03158720200008247, ""bytes_float64"": 573872}",,laneA_ps1_metrics.v1
fred.inflation_expectations.t5yie.diff_1d,missingness,MEASURED,"{""n_rows"": 71734, ""n_finite"": 71734, ""missing_fraction"": 0.0}",,laneA_ps1_metrics.v1
fred.inflation_expectations.t5yie.diff_1d,constant,MEASURED,"{""n_unique"": 101, ""is_constant"": false, ""top_value_share"": 0.13066328379847772}",,laneA_ps1_metrics.v1
fred.inflation_expectations.t5yie.diff_1d,scale_tails,MEASURED,"{""mean"": -3.3875149859204226e-05, ""std"": 0.038929018793738654, ""min"": -0.33999999999999986, ""max"": 0.21999999999999997, ""p001"": -0.19334999999999974, ""p01"": -0.10999999999999988, ""p05"": -0.06000000000000005, ""p25"": -0.020000000000000018, ""median"": 0.0, ""p75"": 0.020000000000000018, ""p95"": 0.06000000000000005, ""p99"": 0.09999999999999987, ""p999"": 0.18000000000000005, ""mad"": 0.020000000000000018, ""skew"": -0.3848539993170224, ""excess_kurtosis"": 4.994175900752955, ""tail_ratio_p99_mad"": 4.999999999999989, ""share_beyond_5mad"": 0.01840131597289988}",,laneA_ps1_metrics.v1
fred.inflation_expectations.t5yie.diff_1d,volatility,MEASURED,"{""std_first_diff"": 0.009763988899583638, ""rolling168_std_median"": 0.026214443242274392, ""vol_of_vol_cv"": 0.5813734033872938}",,laneA_ps1_metrics.v1
fred.inflation_expectations.t5yie.diff_1d,acf,MEASURED,"{""lag_1"": 0.9685458917354502, ""lag_6"": 0.8111956251770291, ""lag_24"": 0.26085409684995564, ""lag_120"": -0.035786929029610566, ""lag_168"": -0.013877984646904288, ""lag_unit"": ""rows of the decision grid (1 row = 1 market hour; weekend gaps not filled)""}",,laneA_ps1_metrics.v1
fred.inflation_expectations.t5yie.diff_1d,trend,MEASURED,"{""ols_slope_per_year"": 0.00048353731834660974, ""slope_in_std_per_year"": 0.012420999381170684, ""ols_r"": 0.029341985572314294, ""kendall_tau_3000"": 0.03927316011611498, ""kendall_p_3000"": 0.00169436968077221, ""caveat"": ""OLS p-value omitted: serial correlation makes it invalid""}",,laneA_ps1_metrics.v1
fred.inflation_expectations.t5yie.diff_1d,adf,MEASURED,"{""stat"": -16.70363040882789, ""pvalue"": 1.4542036760091936e-29, ""lags"": 24, ""nobs"": 19975, ""crit_5pct"": -2.8616847064863733, ""H0"": ""unit root"", ""regression"": ""c"", ""sample"": ""last 20000 finite TRAIN values (gaps compressed)""}",,laneA_ps1_metrics.v1
fred.inflation_expectations.t5yie.diff_1d,kpss,MEASURED,"{""stat"": 0.4243729044325459, ""pvalue"": 0.0666496101583854, ""lags"": 84, ""H0"": ""level stationary"", ""pvalue_truncated_to_table"": false, ""sample"": ""last 20000 finite TRAIN values (gaps compressed)""}",,laneA_ps1_metrics.v1
fred.inflation_expectations.t5yie.diff_1d,seasonality,MEASURED,"{""eta2_hour_of_day"": 4.6342699917954215e-06, ""eta2_day_of_week"": 0.00021336866370949036, ""eta2_month"": 0.007214738886789544}",,laneA_ps1_metrics.v1
fred.inflation_expectations.t5yie.diff_1d,spectrum,MEASURED,"{""top_periods_rows"": [292.57142857142856, 256.0, 227.55555555555554], ""top_power_share"": [0.043632006597162994, 0.04026562921576959, 0.03846941033195309], ""spectral_entropy_norm"": 0.620141300426831, ""zero_filled_fraction"": 0.0, ""method"": ""Welch nperseg<=2048 on demeaned rows""}",,laneA_ps1_metrics.v1
fred.inflation_expectations.t5yie.diff_1d,cost,MEASURED,"{""build_s"": 0.014329546249952892, ""profile_s"": 0.031303368999942904, ""bytes_float64"": 573872}",,laneA_ps1_metrics.v1
fred.inflation_expectations.t5yie.diff_5d,missingness,MEASURED,"{""n_rows"": 71734, ""n_finite"": 71734, ""missing_fraction"": 0.0}",,laneA_ps1_metrics.v1
fred.inflation_expectations.t5yie.diff_5d,constant,MEASURED,"{""n_unique"": 178, ""is_constant"": false, ""top_value_share"": 0.05507848440070259}",,laneA_ps1_metrics.v1
fred.inflation_expectations.t5yie.diff_5d,scale_tails,MEASURED,"{""mean"": 0.0007580784565199205, ""std"": 0.09029441777642641, ""min"": -0.6500000000000001, ""max"": 0.5299999999999999, ""p001"": -0.6099999999999999, ""p01"": -0.23999999999999977, ""p05"": -0.13000000000000012, ""p25"": -0.04999999999999982, ""median"": 0.0, ""p75"": 0.050000000000000044, ""p95"": 0.14, ""p99"": 0.23000000000000004, ""p999"": 0.3600000000000003, ""mad"": 0.050000000000000044, ""skew"": -0.5801831957232753, ""excess_kurtosis"": 5.754904922190498, ""tail_ratio_p99_mad"": 4.599999999999997, ""share_beyond_5mad"": 0.014442244960548694}",,laneA_ps1_metrics.v1
fred.inflation_expectations.t5yie.diff_5d,volatility,MEASURED,"{""std_first_diff"": 0.011401026547242718, ""rolling168_std_median"": 0.04252504755121793, ""vol_of_vol_cv"": 0.6817657614013789}",,laneA_ps1_metrics.v1
fred.inflation_expectations.t5yie.diff_5d,acf,MEASURED,"{""lag_1"": 0.9920285987148697, ""lag_6"": 0.9521716250685746, ""lag_24"": 0.8076151946581098, ""lag_120"": 0.025160713088231736, ""lag_168"": 0.0036292352245719138, ""lag_unit"": ""rows of the decision grid (1 row = 1 market hour; weekend gaps not filled)""}",,laneA_ps1_metrics.v1
fred.inflation_expectations.t5yie.diff_5d,trend,MEASURED,"{""ols_slope_per_year"": 0.0007200025323593105, ""slope_in_std_per_year"": 0.007973942909096258, ""ols_r"": 0.018836754645350316, ""kendall_tau_3000"": 0.03357127669615266, ""kendall_p_3000"": 0.006404545822831643, ""caveat"": ""OLS p-value omitted: serial correlation makes it invalid""}",,laneA_ps1_metrics.v1
fred.inflation_expectations.t5yie.diff_5d,adf,MEASURED,"{""stat"": -10.505884582847154, ""pvalue"": 1.0546083916110218e-18, ""lags"": 24, ""nobs"": 19975, ""crit_5pct"": -2.8616847064863733, ""H0"": ""unit root"", ""regression"": ""c"", ""sample"": ""last 20000 finite TRAIN values (gaps compressed)""}",,laneA_ps1_metrics.v1
fred.inflation_expectations.t5yie.diff_5d,kpss,MEASURED,"{""stat"": 0.49518932265525645, ""pvalue"": 0.04275015255512243, ""lags"": 86, ""H0"": ""level stationary"", ""pvalue_truncated_to_table"": false, ""sample"": ""last 20000 finite TRAIN values (gaps compressed)""}",,laneA_ps1_metrics.v1
fred.inflation_expectations.t5yie.diff_5d,seasonality,MEASURED,"{""eta2_hour_of_day"": 3.5487695633362874e-06, ""eta2_day_of_week"": 2.8801704083686127e-05, ""eta2_month"": 0.0204903139648368}",,laneA_ps1_metrics.v1
fred.inflation_expectations.t5yie.diff_5d,spectrum,MEASURED,"{""top_periods_rows"": [1024.0, 682.6666666666666, 512.0], ""top_power_share"": [0.13458203660620405, 0.12880119300594184, 0.09904353211558063], ""spectral_entropy_norm"": 0.4315909765980265, ""zero_filled_fraction"": 0.0, ""method"": ""Welch nperseg<=2048 on demeaned rows""}",,laneA_ps1_metrics.v1
fred.inflation_expectations.t5yie.diff_5d,cost,MEASURED,"{""build_s"": 0.014329546249952892, ""profile_s"": 0.03184070600036648, ""bytes_float64"": 573872}",,laneA_ps1_metrics.v1
fred.inflation_expectations.t5yifr.level,missingness,MEASURED,"{""n_rows"": 71734, ""n_finite"": 71734, ""missing_fraction"": 0.0}",,laneA_ps1_metrics.v1
fred.inflation_expectations.t5yifr.level,constant,MEASURED,"{""n_unique"": 170, ""is_constant"": false, ""top_value_share"": 0.01897287199933086}",,laneA_ps1_metrics.v1
fred.inflation_expectations.t5yifr.level,scale_tails,MEASURED,"{""mean"": 2.145944600886609, ""std"": 0.33749793075109324, ""min"": 1.1, ""max"": 2.98, ""p001"": 1.18, ""p01"": 1.43, ""p05"": 1.59, ""p25"": 1.92, ""median"": 2.15, ""p75"": 2.37, ""p95"": 2.77, ""p99"": 2.88, ""p999"": 2.942670000000071, ""mad"": 0.22999999999999998, ""skew"": 0.008415922328544198, ""excess_kurtosis"": -0.27731830078061037, ""tail_ratio_p99_mad"": 3.173913043478261, ""share_beyond_5mad"": 0.0}",,laneA_ps1_metrics.v1
fred.inflation_expectations.t5yifr.level,volatility,MEASURED,"{""std_first_diff"": 0.00715860154315582, ""rolling168_std_median"": 0.02700605599093267, ""vol_of_vol_cv"": 0.561179484092601}",,laneA_ps1_metrics.v1
fred.inflation_expectations.t5yifr.level,acf,MEASURED,"{""lag_1"": 0.9997750527344336, ""lag_6"": 0.9986512079012608, ""lag_24"": 0.9946101926642759, ""lag_120"": 0.9784305274763926, ""lag_168"": 0.9721960993712924, ""lag_unit"": ""rows of the decision grid (1 row = 1 market hour; weekend gaps not filled)""}",,laneA_ps1_metrics.v1
fred.inflation_expectations.t5yifr.level,trend,MEASURED,"{""ols_slope_per_year"": -0.0448328707339455, ""slope_in_std_per_year"": -0.13283894995791845, ""ols_r"": -0.3138039406889701, ""kendall_tau_3000"": -0.14648096866257387, ""kendall_p_3000"": 4.77415876420562e-33, ""caveat"": ""OLS p-value omitted: serial correlation makes it invalid""}",,laneA_ps1_metrics.v1
fred.inflation_expectations.t5yifr.level,adf,MEASURED,"{""stat"": -3.4922177864024637, ""pvalue"": 0.008189221657418434, ""lags"": 24, ""nobs"": 19975, ""crit_5pct"": -2.8616847064863733, ""H0"": ""unit root"", ""regression"": ""c"", ""sample"": ""last 20000 finite TRAIN values (gaps compressed)""}",,laneA_ps1_metrics.v1
fred.inflation_expectations.t5yifr.level,kpss,MEASURED,"{""stat"": 11.274999798156497, ""pvalue"": 0.01, ""lags"": 87, ""H0"": ""level stationary"", ""pvalue_truncated_to_table"": true, ""sample"": ""last 20000 finite TRAIN values (gaps compressed)""}",,laneA_ps1_metrics.v1
fred.inflation_expectations.t5yifr.level,seasonality,MEASURED,"{""eta2_hour_of_day"": 7.1439549781658555e-06, ""eta2_day_of_week"": 2.1789965615001052e-05, ""eta2_month"": 0.008724687496791278}",,laneA_ps1_metrics.v1
fred.inflation_expectations.t5yifr.level,spectrum,MEASURED,"{""top_periods_rows"": [2048.0, 1024.0, 682.6666666666666], ""top_power_share"": [0.4887664683014263, 0.19416699170782079, 0.08314952448933696], ""spectral_entropy_norm"": 0.29046691069180613, ""zero_filled_fraction"": 0.0, ""method"": ""Welch nperseg<=2048 on demeaned rows""}",,laneA_ps1_metrics.v1
fred.inflation_expectations.t5yifr.level,cost,MEASURED,"{""build_s"": 0.014329546249952892, ""profile_s"": 0.031694612999672245, ""bytes_float64"": 573872}",,laneA_ps1_metrics.v1
fred.inflation_expectations.t5yifr.logret_1d,missingness,MEASURED,"{""n_rows"": 71734, ""n_finite"": 71734, ""missing_fraction"": 0.0}",,laneA_ps1_metrics.v1
fred.inflation_expectations.t5yifr.logret_1d,constant,MEASURED,"{""n_unique"": 1083, ""is_constant"": false, ""top_value_share"": 0.13439930855661192}",,laneA_ps1_metrics.v1
fred.inflation_expectations.t5yifr.logret_1d,scale_tails,MEASURED,"{""mean"": 0.001150955433078189, ""std"": 0.01989683607269178, ""min"": -0.22652764929845035, ""max"": 0.3247761968580216, ""p001"": -0.06495789627477244, ""p01"": -0.044451762570833886, ""p05"": -0.025975486403260695, ""p25"": -0.009216655104923976, ""median"": 0.0, ""p75"": 0.010416760858255714, ""p95"": 0.03137512256775388, ""p99"": 0.0477906638363485, ""p999"": 0.12228957775827418, ""mad"": 0.009661910911736848, ""skew"": 2.6281163105801073, ""excess_kurtosis"": 55.478298066085095, ""tail_ratio_p99_mad"": 4.946295228027261, ""share_beyond_5mad"": 0.016407840075835727}",,laneA_ps1_metrics.v1
fred.inflation_expectations.t5yifr.logret_1d,volatility,MEASURED,"{""std_first_diff"": 0.004942786450587835, ""rolling168_std_median"": 0.013133280318564863, ""vol_of_vol_cv"": 0.7042723567136763}",,laneA_ps1_metrics.v1
fred.inflation_expectations.t5yifr.logret_1d,acf,MEASURED,"{""lag_1"": 0.9691438217019929, ""lag_6"": 0.8148624426412531, ""lag_24"": 0.27161837149971413, ""lag_120"": -0.02814886329675079, ""lag_168"": 0.0003442644013072972, ""lag_unit"": ""rows of the decision grid (1 row = 1 market hour; weekend gaps not filled)""}",,laneA_ps1_metrics.v1
fred.inflation_expectations.t5yifr.logret_1d,trend,MEASURED,"{""ols_slope_per_year"": 7.823653168649096e-05, ""slope_in_std_per_year"": 0.003932109175582436, ""ols_r"": 0.009288776785031141, ""kendall_tau_3000"": 0.0012926212044899591, ""kendall_p_3000"": 0.9161658115097867, ""caveat"": ""OLS p-value omitted: serial correlation makes it invalid""}",,laneA_ps1_metrics.v1
fred.inflation_expectations.t5yifr.logret_1d,adf,MEASURED,"{""stat"": -16.376776548068428, ""pvalue"": 2.776244412569868e-29, ""lags"": 24, ""nobs"": 19975, ""crit_5pct"": -2.8616847064863733, ""H0"": ""unit root"", ""regression"": ""c"", ""sample"": ""last 20000 finite TRAIN values (gaps compressed)""}",,laneA_ps1_metrics.v1
fred.inflation_expectations.t5yifr.logret_1d,kpss,MEASURED,"{""stat"": 0.28498135759388193, ""pvalue"": 0.1, ""lags"": 84, ""H0"": ""level stationary"", ""pvalue_truncated_to_table"": true, ""sample"": ""last 20000 finite TRAIN values (gaps compressed)""}",,laneA_ps1_metrics.v1
fred.inflation_expectations.t5yifr.logret_1d,seasonality,MEASURED,"{""eta2_hour_of_day"": 4.057453293751107e-05, ""eta2_day_of_week"": 0.004589172925013201, ""eta2_month"": 0.004380923061390227}",,laneA_ps1_metrics.v1
fred.inflation_expectations.t5yifr.logret_1d,spectrum,MEASURED,"{""top_periods_rows"": [292.57142857142856, 256.0, 341.3333333333333], ""top_power_share"": [0.050178428802415125, 0.0453743650637027, 0.044191724861735185], ""spectral_entropy_norm"": 0.6154053718347698, ""zero_filled_fraction"": 0.0, ""method"": ""Welch nperseg<=2048 on demeaned rows""}",,laneA_ps1_metrics.v1
fred.inflation_expectations.t5yifr.logret_1d,cost,MEASURED,"{""build_s"": 0.014329546249952892, ""profile_s"": 0.03213302499989368, ""bytes_float64"": 573872}",,laneA_ps1_metrics.v1
fred.inflation_expectations.t5yifr.logret_5d,missingness,MEASURED,"{""n_rows"": 71734, ""n_finite"": 71734, ""missing_fraction"": 0.0}",,laneA_ps1_metrics.v1
fred.inflation_expectations.t5yifr.logret_5d,constant,MEASURED,"{""n_unique"": 1471, ""is_constant"": false, ""top_value_share"": 0.05854964173195416}",,laneA_ps1_metrics.v1
fred.inflation_expectations.t5yifr.logret_5d,scale_tails,MEASURED,"{""mean"": 6.838385024885842e-05, ""std"": 0.03576304548736159, ""min"": -0.2504106776545494, ""max"": 0.2762533766281581, ""p001"": -0.20202662787328696, ""p01"": -0.08855339734144496, ""p05"": -0.0565122102633423, ""p25"": -0.019418085857101586, ""median"": 0.0, ""p75"": 0.019802627296179764, ""p95"": 0.05452083887841719, ""p99"": 0.09340117508840085, ""p999"": 0.1688985364618139, ""mad"": 0.019672765598704844, ""skew"": -0.06250669813370541, ""excess_kurtosis"": 5.306034040576144, ""tail_ratio_p99_mad"": 4.747739946362697, ""share_beyond_5mad"": 0.016142972648953077}",,laneA_ps1_metrics.v1
fred.inflation_expectations.t5yifr.logret_5d,volatility,MEASURED,"{""std_first_diff"": 0.005151483582190506, ""rolling168_std_median"": 0.019114965464169374, ""vol_of_vol_cv"": 0.6656030781082561}",,laneA_ps1_metrics.v1
fred.inflation_expectations.t5yifr.logret_5d,acf,MEASURED,"{""lag_1"": 0.9896256554499429, ""lag_6"": 0.937732325623996, ""lag_24"": 0.7503057969167318, ""lag_120"": -0.11343979266903893, ""lag_168"": -0.06066413500054906, ""lag_unit"": ""rows of the decision grid (1 row = 1 market hour; weekend gaps not filled)""}",,laneA_ps1_metrics.v1
fred.inflation_expectations.t5yifr.logret_5d,trend,MEASURED,"{""ols_slope_per_year"": 0.00019751301670374135, ""slope_in_std_per_year"": 0.005522824301234107, ""ols_r"": 0.013046505034924539, ""kendall_tau_3000"": 0.008900714829363374, ""kendall_p_3000"": 0.46572098140458396, ""caveat"": ""OLS p-value omitted: serial correlation makes it invalid""}",,laneA_ps1_metrics.v1
fred.inflation_expectations.t5yifr.logret_5d,adf,MEASURED,"{""stat"": -10.529055156589601, ""pvalue"": 9.253459371699971e-19, ""lags"": 24, ""nobs"": 19975, ""crit_5pct"": -2.8616847064863733, ""H0"": ""unit root"", ""regression"": ""c"", ""sample"": ""last 20000 finite TRAIN values (gaps compressed)""}",,laneA_ps1_metrics.v1
fred.inflation_expectations.t5yifr.logret_5d,kpss,MEASURED,"{""stat"": 0.1661848870877209, ""pvalue"": 0.1, ""lags"": 86, ""H0"": ""level stationary"", ""pvalue_truncated_to_table"": true, ""sample"": ""last 20000 finite TRAIN values (gaps compressed)""}",,laneA_ps1_metrics.v1
fred.inflation_expectations.t5yifr.logret_5d,seasonality,MEASURED,"{""eta2_hour_of_day"": 5.3914774774371184e-06, ""eta2_day_of_week"": 7.82202889724747e-05, ""eta2_month"": 0.014913936198655539}",,laneA_ps1_metrics.v1
fred.inflation_expectations.t5yifr.logret_5d,spectrum,MEASURED,"{""top_periods_rows"": [1024.0, 682.6666666666666, 341.3333333333333], ""top_power_share"": [0.10293408425206073, 0.09951581078399516, 0.09189858168217395], ""spectral_entropy_norm"": 0.45829954398291306, ""zero_filled_fraction"": 0.0, ""method"": ""Welch nperseg<=2048 on demeaned rows""}",,laneA_ps1_metrics.v1
fred.inflation_expectations.t5yifr.logret_5d,cost,MEASURED,"{""build_s"": 0.014329546249952892, ""profile_s"": 0.03225531400039472, ""bytes_float64"": 573872}",,laneA_ps1_metrics.v1
fred.rates.dff.level,missingness,MEASURED,"{""n_rows"": 71734, ""n_finite"": 71734, ""missing_fraction"": 0.0}",,laneA_ps1_metrics.v1
fred.rates.dff.level,constant,MEASURED,"{""n_unique"": 94, ""is_constant"": false, ""top_value_share"": 0.10848412189477794}",,laneA_ps1_metrics.v1
fred.rates.dff.level,scale_tails,MEASURED,"{""mean"": 1.0669872027211642, ""std"": 1.4331767360791507, ""min"": 0.04, ""max"": 5.33, ""p001"": 0.05, ""p01"": 0.05, ""p05"": 0.07, ""p25"": 0.09, ""median"": 0.33, ""p75"": 1.68, ""p95"": 5.07, ""p99"": 5.33, ""p999"": 5.33, ""mad"": 0.25, ""skew"": 1.6910655916181252, ""excess_kurtosis"": 2.0647567318904487, ""tail_ratio_p99_mad"": 20.0, ""share_beyond_5mad"": 0.2550115705244375}",,laneA_ps1_metrics.v1
fred.rates.dff.level,volatility,MEASURED,"{""std_first_diff"": 0.008681354337330992, ""rolling168_std_median"": 0.0035097322834453165, ""vol_of_vol_cv"": 2.90252181231939}",,laneA_ps1_metrics.v1
fred.rates.dff.level,acf,MEASURED,"{""lag_1"": 0.9999816546197873, ""lag_6"": 0.9998899822313436, ""lag_24"": 0.9995609773901108, ""lag_120"": 0.9979573759217063, ""lag_168"": 0.9971591244978708, ""lag_unit"": ""rows of the decision grid (1 row = 1 market hour; weekend gaps not filled)""}",,laneA_ps1_metrics.v1
fred.rates.dff.level,trend,MEASURED,"{""ols_slope_per_year"": 0.3642764310702759, ""slope_in_std_per_year"": 0.25417411677142787, ""ols_r"": 0.6004326252900947, ""kendall_tau_3000"": 0.3523426886861405, ""kendall_p_3000"": 1.1508671628403958e-177, ""caveat"": ""OLS p-value omitted: serial correlation makes it invalid""}",,laneA_ps1_metrics.v1
fred.rates.dff.level,adf,MEASURED,"{""stat"": 0.7126736822464145, ""pvalue"": 0.990087430388764, ""lags"": 24, ""nobs"": 19975, ""crit_5pct"": -2.8616847064863733, ""H0"": ""unit root"", ""regression"": ""c"", ""sample"": ""last 20000 finite TRAIN values (gaps compressed)""}",,laneA_ps1_metrics.v1
fred.rates.dff.level,kpss,MEASURED,"{""stat"": 20.451596713216897, ""pvalue"": 0.01, ""lags"": 87, ""H0"": ""level stationary"", ""pvalue_truncated_to_table"": true, ""sample"": ""last 20000 finite TRAIN values (gaps compressed)""}",,laneA_ps1_metrics.v1
fred.rates.dff.level,seasonality,MEASURED,"{""eta2_hour_of_day"": 0.0006139603282148179, ""eta2_day_of_week"": 2.0667557560371323e-05, ""eta2_month"": 0.010626757746658505}",,laneA_ps1_metrics.v1
fred.rates.dff.level,spectrum,MEASURED,"{""top_periods_rows"": [2048.0, 1024.0, 682.6666666666666], ""top_power_share"": [0.6291977647598989, 0.152325232489338, 0.08225876561324612], ""spectral_entropy_norm"": 0.21929812062620663, ""zero_filled_fraction"": 0.0, ""method"": ""Welch nperseg<=2048 on demeaned rows""}",,laneA_ps1_metrics.v1
fred.rates.dff.level,cost,MEASURED,"{""build_s"": 0.014329546249952892, ""profile_s"": 0.03126962599981198, ""bytes_float64"": 573872}",,laneA_ps1_metrics.v1
fred.rates.dff.logret_1d,missingness,MEASURED,"{""n_rows"": 71734, ""n_finite"": 71734, ""missing_fraction"": 0.0}",,laneA_ps1_metrics.v1
fred.rates.dff.logret_1d,constant,MEASURED,"{""n_unique"": 166, ""is_constant"": false, ""top_value_share"": 0.885744556277358}",,laneA_ps1_metrics.v1
fred.rates.dff.logret_1d,scale_tails,MEASURED,"{""mean"": 0.0010986079607822853, ""std"": 0.0697299240359297, ""min"": -1.4816045409242156, ""max"": 0.6931471805599456, ""p001"": -0.635988766719997, ""p01"": -0.15415067982725827, ""p05"": -0.005221943981151722, ""p25"": 0.0, ""median"": 0.0, ""p75"": 0.0, ""p95"": 0.0059701669865037665, ""p99"": 0.2368641673143463, ""p999"": 0.6931471805599454, ""mad"": 0.0, ""skew"": -1.902172464929627, ""excess_kurtosis"": 110.64767398581714, ""tail_ratio_p99_mad"": null, ""share_beyond_5mad"": null}",,laneA_ps1_metrics.v1
fred.rates.dff.logret_1d,volatility,MEASURED,"{""std_first_diff"": 0.024618219060299318, ""rolling168_std_median"": 0.001693175246193068, ""vol_of_vol_cv"": 1.8999242015139635}",,laneA_ps1_metrics.v1
fred.rates.dff.logret_1d,acf,MEASURED,"{""lag_1"": 0.9376783660585608, ""lag_6"": 0.6929957416999081, ""lag_24"": -0.1338880822399812, ""lag_120"": 0.013396437633191705, ""lag_168"": 0.003136678784069551, ""lag_unit"": ""rows of the decision grid (1 row = 1 market hour; weekend gaps not filled)""}",,laneA_ps1_metrics.v1
fred.rates.dff.logret_1d,trend,MEASURED,"{""ols_slope_per_year"": -0.0007175960870250649, ""slope_in_std_per_year"": -0.010291077997665817, ""ols_r"": -0.024310496511965155, ""kendall_tau_3000"": 0.012436051289947991, ""kendall_p_3000"": 0.39108644101686874, ""caveat"": ""OLS p-value omitted: serial correlation makes it invalid""}",,laneA_ps1_metrics.v1
fred.rates.dff.logret_1d,adf,MEASURED,"{""stat"": -22.523344074080136, ""pvalue"": 0.0, ""lags"": 24, ""nobs"": 19975, ""crit_5pct"": -2.8616847064863733, ""H0"": ""unit root"", ""regression"": ""c"", ""sample"": ""last 20000 finite TRAIN values (gaps compressed)""}",,laneA_ps1_metrics.v1
fred.rates.dff.logret_1d,kpss,MEASURED,"{""stat"": 0.13732098392838846, ""pvalue"": 0.1, ""lags"": 80, ""H0"": ""level stationary"", ""pvalue_truncated_to_table"": true, ""sample"": ""last 20000 finite TRAIN values (gaps compressed)""}",,laneA_ps1_metrics.v1
fred.rates.dff.logret_1d,seasonality,MEASURED,"{""eta2_hour_of_day"": 7.124811821776881e-06, ""eta2_day_of_week"": 0.005189411915442084, ""eta2_month"": 0.0020366362113003592}",,laneA_ps1_metrics.v1
fred.rates.dff.logret_1d,spectrum,MEASURED,"{""top_periods_rows"": [128.0, 170.66666666666666, 73.14285714285714], ""top_power_share"": [0.025734752666558013, 0.023344588767773247, 0.02319016302860275], ""spectral_entropy_norm"": 0.6852734048129469, ""zero_filled_fraction"": 0.0, ""method"": ""Welch nperseg<=2048 on demeaned rows""}",,laneA_ps1_metrics.v1
fred.rates.dff.logret_1d,cost,MEASURED,"{""build_s"": 0.014329546249952892, ""profile_s"": 0.030040612000448164, ""bytes_float64"": 573872}",,laneA_ps1_metrics.v1
fred.rates.dff.logret_5d,missingness,MEASURED,"{""n_rows"": 71734, ""n_finite"": 71734, ""missing_fraction"": 0.0}",,laneA_ps1_metrics.v1
fred.rates.dff.logret_5d,constant,MEASURED,"{""n_unique"": 258, ""is_constant"": false, ""top_value_share"": 0.6924889173892436}",,laneA_ps1_metrics.v1
fred.rates.dff.logret_5d,scale_tails,MEASURED,"{""mean"": 0.001943274570269269, ""std"": 0.13281746443377507, ""min"": -1.9924301646902063, ""max"": 1.4170660197866445, ""p001"": -0.959898227390511, ""p01"": -0.5108256237659907, ""p05"": -0.1251631429540061, ""p25"": 0.0, ""median"": 0.0, ""p75"": 0.0, ""p95"": 0.1335313926245223, ""p99"": 0.5108256237659909, ""p999"": 1.4170660197866445, ""mad"": 0.0, ""skew"": 0.3439136857922611, ""excess_kurtosis"": 40.28053029858579, ""tail_ratio_p99_mad"": null, ""share_beyond_5mad"": null}",,laneA_ps1_metrics.v1
fred.rates.dff.logret_5d,volatility,MEASURED,"{""std_first_diff"": 0.02676980153262399, ""rolling168_std_median"": 0.03013397030682312, ""vol_of_vol_cv"": 1.505135751799973}",,laneA_ps1_metrics.v1
fred.rates.dff.logret_5d,acf,MEASURED,"{""lag_1"": 0.9796883653629863, ""lag_6"": 0.8805017123146899, ""lag_24"": 0.5293417985153137, ""lag_120"": 0.055330763614384555, ""lag_168"": 0.04194302559563301, ""lag_unit"": ""rows of the decision grid (1 row = 1 market hour; weekend gaps not filled)""}",,laneA_ps1_metrics.v1
fred.rates.dff.logret_5d,trend,MEASURED,"{""ols_slope_per_year"": 0.0017915590561668564, ""slope_in_std_per_year"": 0.01348888163017264, ""ols_r"": 0.031864631663952064, ""kendall_tau_3000"": 0.009614438803993045, ""kendall_p_3000"": 0.48634294776800324, ""caveat"": ""OLS p-value omitted: serial correlation makes it invalid""}",,laneA_ps1_metrics.v1
fred.rates.dff.logret_5d,adf,MEASURED,"{""stat"": -12.92427451582686, ""pvalue"": 3.816960681924603e-24, ""lags"": 24, ""nobs"": 19975, ""crit_5pct"": -2.8616847064863733, ""H0"": ""unit root"", ""regression"": ""c"", ""sample"": ""last 20000 finite TRAIN values (gaps compressed)""}",,laneA_ps1_metrics.v1
fred.rates.dff.logret_5d,kpss,MEASURED,"{""stat"": 0.33393552638185264, ""pvalue"": 0.1, ""lags"": 86, ""H0"": ""level stationary"", ""pvalue_truncated_to_table"": true, ""sample"": ""last 20000 finite TRAIN values (gaps compressed)""}",,laneA_ps1_metrics.v1
fred.rates.dff.logret_5d,seasonality,MEASURED,"{""eta2_hour_of_day"": 9.123356020018766e-07, ""eta2_day_of_week"": 0.0018391522537777932, ""eta2_month"": 0.008722661203376702}",,laneA_ps1_metrics.v1
fred.rates.dff.logret_5d,spectrum,MEASURED,"{""top_periods_rows"": [256.0, 1024.0, 170.66666666666666], ""top_power_share"": [0.07457792762590384, 0.05887373208994751, 0.057677357488912166], ""spectral_entropy_norm"": 0.547666656913573, ""zero_filled_fraction"": 0.0, ""method"": ""Welch nperseg<=2048 on demeaned rows""}",,laneA_ps1_metrics.v1
fred.rates.dff.logret_5d,cost,MEASURED,"{""build_s"": 0.014329546249952892, ""profile_s"": 0.030492398999740544, ""bytes_float64"": 573872}",,laneA_ps1_metrics.v1
fred.rates.dfii10.level,missingness,MEASURED,"{""n_rows"": 71734, ""n_finite"": 71734, ""missing_fraction"": 0.0}",,laneA_ps1_metrics.v1
fred.rates.dfii10.level,constant,MEASURED,"{""n_unique"": 327, ""is_constant"": false, ""top_value_share"": 0.015208966459419522}",,laneA_ps1_metrics.v1
fred.rates.dfii10.level,scale_tails,MEASURED,"{""mean"": 0.25134859341455934, ""std"": 0.7515488856409794, ""min"": -1.19, ""max"": 2.52, ""p001"": -1.1626699999999999, ""p01"": -1.08, ""p05"": -0.98, ""p25"": -0.43, ""median"": 0.39, ""p75"": 0.64, ""p95"": 1.57, ""p99"": 2.24, ""p999"": 2.47, ""mad"": 0.36, ""skew"": 0.14912308918012426, ""excess_kurtosis"": -0.06952239677102456, ""tail_ratio_p99_mad"": 5.138888888888889, ""share_beyond_5mad"": 0.01136141857417682}",,laneA_ps1_metrics.v1
fred.rates.dfii10.level,volatility,MEASURED,"{""std_first_diff"": 0.009709903942944192, ""rolling168_std_median"": 0.03436078684561654, ""vol_of_vol_cv"": 0.6945253289404111}",,laneA_ps1_metrics.v1
fred.rates.dfii10.level,acf,MEASURED,"{""lag_1"": 0.9999165377159162, ""lag_6"": 0.9994995875897524, ""lag_24"": 0.9980085444774424, ""lag_120"": 0.9900513795438842, ""lag_168"": 0.9862770410174346, ""lag_unit"": ""rows of the decision grid (1 row = 1 market hour; weekend gaps not filled)""}",,laneA_ps1_metrics.v1
fred.rates.dfii10.level,trend,MEASURED,"{""ols_slope_per_year"": 0.05443975745487201, ""slope_in_std_per_year"": 0.07243674828742717, ""ols_r"": 0.17111650664575803, ""kendall_tau_3000"": 0.08884545169307714, ""kendall_p_3000"": 3.4621122800224577e-13, ""caveat"": ""OLS p-value omitted: serial correlation makes it invalid""}",,laneA_ps1_metrics.v1
fred.rates.dfii10.level,adf,MEASURED,"{""stat"": -0.5862093019811275, ""pvalue"": 0.8740678102713586, ""lags"": 24, ""nobs"": 19975, ""crit_5pct"": -2.8616847064863733, ""H0"": ""unit root"", ""regression"": ""c"", ""sample"": ""last 20000 finite TRAIN values (gaps compressed)""}",,laneA_ps1_metrics.v1
fred.rates.dfii10.level,kpss,MEASURED,"{""stat"": 20.80918762995329, ""pvalue"": 0.01, ""lags"": 87, ""H0"": ""level stationary"", ""pvalue_truncated_to_table"": true, ""sample"": ""last 20000 finite TRAIN values (gaps compressed)""}",,laneA_ps1_metrics.v1
fred.rates.dfii10.level,seasonality,MEASURED,"{""eta2_hour_of_day"": 0.00020605417471733828, ""eta2_day_of_week"": 3.236413225659031e-05, ""eta2_month"": 0.014249303661693793}",,laneA_ps1_metrics.v1
fred.rates.dfii10.level,spectrum,MEASURED,"{""top_periods_rows"": [2048.0, 1024.0, 682.6666666666666], ""top_power_share"": [0.5680298878566512, 0.19804302275026062, 0.05611546297958492], ""spectral_entropy_norm"": 0.2406991342719797, ""zero_filled_fraction"": 0.0, ""method"": ""Welch nperseg<=2048 on demeaned rows""}",,laneA_ps1_metrics.v1
fred.rates.dfii10.level,cost,MEASURED,"{""build_s"": 0.014329546249952892, ""profile_s"": 0.031775634000041464, ""bytes_float64"": 573872}",,laneA_ps1_metrics.v1
fred.rates.dfii10.diff_1d,missingness,MEASURED,"{""n_rows"": 71734, ""n_finite"": 71734, ""missing_fraction"": 0.0}",,laneA_ps1_metrics.v1
fred.rates.dfii10.diff_1d,constant,MEASURED,"{""n_unique"": 178, ""is_constant"": false, ""top_value_share"": 0.0980427691192461}",,laneA_ps1_metrics.v1
fred.rates.dfii10.diff_1d,scale_tails,MEASURED,"{""mean"": -0.0003373574595031656, ""std"": 0.04835421655148799, ""min"": -0.44999999999999996, ""max"": 0.39, ""p001"": -0.27, ""p01"": -0.13000000000000003, ""p05"": -0.07, ""p25"": -0.02999999999999997, ""median"": 0.0, ""p75"": 0.029999999999999916, ""p95"": 0.07000000000000006, ""p99"": 0.12999999999999995, ""p999"": 0.21801000000021306, ""mad"": 0.02999999999999997, ""skew"": -0.4655356328251845, ""excess_kurtosis"": 9.400595254198095, ""tail_ratio_p99_mad"": 4.333333333333336, ""share_beyond_5mad"": 0.013354894471240974}",,laneA_ps1_metrics.v1
fred.rates.dfii10.diff_1d,volatility,MEASURED,"{""std_first_diff"": 0.012181852446515444, ""rolling168_std_median"": 0.031241251983426126, ""vol_of_vol_cv"": 0.6342467020263095}",,laneA_ps1_metrics.v1
fred.rates.dfii10.diff_1d,acf,MEASURED,"{""lag_1"": 0.9682657440666494, ""lag_6"": 0.8096430393313072, ""lag_24"": 0.26263718372787087, ""lag_120"": -0.009261397860967592, ""lag_168"": -0.054493179157614376, ""lag_unit"": ""rows of the decision grid (1 row = 1 market hour; weekend gaps not filled)""}",,laneA_ps1_metrics.v1
fred.rates.dfii10.diff_1d,trend,MEASURED,"{""ols_slope_per_year"": 1.4750794993442528e-05, ""slope_in_std_per_year"": 0.00030505705697321663, ""ols_r"": 0.0007206328162297314, ""kendall_tau_3000"": 0.017639858770452783, ""kendall_p_3000"": 0.15590157879089236, ""caveat"": ""OLS p-value omitted: serial correlation makes it invalid""}",,laneA_ps1_metrics.v1
fred.rates.dfii10.diff_1d,adf,MEASURED,"{""stat"": -17.669432168408505, ""pvalue"": 3.650659074450636e-30, ""lags"": 24, ""nobs"": 19975, ""crit_5pct"": -2.8616847064863733, ""H0"": ""unit root"", ""regression"": ""c"", ""sample"": ""last 20000 finite TRAIN values (gaps compressed)""}",,laneA_ps1_metrics.v1
fred.rates.dfii10.diff_1d,kpss,MEASURED,"{""stat"": 0.1095339026800615, ""pvalue"": 0.1, ""lags"": 83, ""H0"": ""level stationary"", ""pvalue_truncated_to_table"": true, ""sample"": ""last 20000 finite TRAIN values (gaps compressed)""}",,laneA_ps1_metrics.v1
fred.rates.dfii10.diff_1d,seasonality,MEASURED,"{""eta2_hour_of_day"": 6.713360615979457e-06, ""eta2_day_of_week"": 0.0058839927524846096, ""eta2_month"": 0.007361758149006949}",,laneA_ps1_metrics.v1
fred.rates.dfii10.diff_1d,spectrum,MEASURED,"{""top_periods_rows"": [341.3333333333333, 409.6, 292.57142857142856], ""top_power_share"": [0.04536330641779681, 0.04177826008913564, 0.04009707341219499], ""spectral_entropy_norm"": 0.6218009613141334, ""zero_filled_fraction"": 0.0, ""method"": ""Welch nperseg<=2048 on demeaned rows""}",,laneA_ps1_metrics.v1
fred.rates.dfii10.diff_1d,cost,MEASURED,"{""build_s"": 0.014329546249952892, ""profile_s"": 0.03164309600015258, ""bytes_float64"": 573872}",,laneA_ps1_metrics.v1
fred.rates.dfii10.diff_5d,missingness,MEASURED,"{""n_rows"": 71734, ""n_finite"": 71734, ""missing_fraction"": 0.0}",,laneA_ps1_metrics.v1
fred.rates.dfii10.diff_5d,constant,MEASURED,"{""n_unique"": 297, ""is_constant"": false, ""top_value_share"": 0.04915381827306438}",,laneA_ps1_metrics.v1
fred.rates.dfii10.diff_5d,scale_tails,MEASURED,"{""mean"": 0.0034941589762176933, ""std"": 0.10642765081558091, ""min"": -0.74, ""max"": 0.6900000000000001, ""p001"": -0.39, ""p01"": -0.28, ""p05"": -0.15999999999999998, ""p25"": -0.05999999999999994, ""median"": 0.0, ""p75"": 0.06, ""p95"": 0.17000000000000004, ""p99"": 0.28, ""p999"": 0.61, ""mad"": 0.06, ""skew"": 0.3993096534868666, ""excess_kurtosis"": 4.100598730481728, ""tail_ratio_p99_mad"": 4.666666666666667, ""share_beyond_5mad"": 0.015236847241196644}",,laneA_ps1_metrics.v1
fred.rates.dfii10.diff_5d,volatility,MEASURED,"{""std_first_diff"": 0.013826929290058607, ""rolling168_std_median"": 0.05129795217499506, ""vol_of_vol_cv"": 0.6726978569876577}",,laneA_ps1_metrics.v1
fred.rates.dfii10.diff_5d,acf,MEASURED,"{""lag_1"": 0.9915606223499654, ""lag_6"": 0.949393807711171, ""lag_24"": 0.7983588327869374, ""lag_120"": -0.02042545945646157, ""lag_168"": -0.05003103765649752, ""lag_unit"": ""rows of the decision grid (1 row = 1 market hour; weekend gaps not filled)""}",,laneA_ps1_metrics.v1
fred.rates.dfii10.diff_5d,trend,MEASURED,"{""ols_slope_per_year"": 0.00138526148948148, ""slope_in_std_per_year"": 0.013015992355989115, ""ols_r"": 0.03074753070978655, ""kendall_tau_3000"": 0.025914241445381472, ""kendall_p_3000"": 0.03458600198386309, ""caveat"": ""OLS p-value omitted: serial correlation makes it invalid""}",,laneA_ps1_metrics.v1
fred.rates.dfii10.diff_5d,adf,MEASURED,"{""stat"": -10.16496908322214, ""pvalue"": 7.339689260996509e-18, ""lags"": 24, ""nobs"": 19975, ""crit_5pct"": -2.8616847064863733, ""H0"": ""unit root"", ""regression"": ""c"", ""sample"": ""last 20000 finite TRAIN values (gaps compressed)""}",,laneA_ps1_metrics.v1
fred.rates.dfii10.diff_5d,kpss,MEASURED,"{""stat"": 0.25643839563203635, ""pvalue"": 0.1, ""lags"": 86, ""H0"": ""level stationary"", ""pvalue_truncated_to_table"": true, ""sample"": ""last 20000 finite TRAIN values (gaps compressed)""}",,laneA_ps1_metrics.v1
fred.rates.dfii10.diff_5d,seasonality,MEASURED,"{""eta2_hour_of_day"": 3.900065705597435e-06, ""eta2_day_of_week"": 1.8439795851194148e-05, ""eta2_month"": 0.023323567471269062}",,laneA_ps1_metrics.v1
fred.rates.dfii10.diff_5d,spectrum,MEASURED,"{""top_periods_rows"": [512.0, 1024.0, 341.3333333333333], ""top_power_share"": [0.11849744881477844, 0.10279689459024764, 0.10126523119545068], ""spectral_entropy_norm"": 0.4356469141148291, ""zero_filled_fraction"": 0.0, ""method"": ""Welch nperseg<=2048 on demeaned rows""}",,laneA_ps1_metrics.v1
fred.rates.dfii10.diff_5d,cost,MEASURED,"{""build_s"": 0.014329546249952892, ""profile_s"": 0.03189266400022461, ""bytes_float64"": 573872}",,laneA_ps1_metrics.v1
fred.rates.dfii5.level,missingness,MEASURED,"{""n_rows"": 71734, ""n_finite"": 71734, ""missing_fraction"": 0.0}",,laneA_ps1_metrics.v1
fred.rates.dfii5.level,constant,MEASURED,"{""n_unique"": 391, ""is_constant"": false, ""top_value_share"": 0.011319597401511138}",,laneA_ps1_metrics.v1
fred.rates.dfii5.level,scale_tails,MEASURED,"{""mean"": -0.08665500320628988, ""std"": 0.9755827766477708, ""min"": -1.91, ""max"": 2.59, ""p001"": -1.9, ""p01"": -1.83, ""p05"": -1.67, ""p25"": -0.78, ""median"": 0.01, ""p75"": 0.41, ""p95"": 1.72, ""p99"": 2.37, ""p999"": 2.58, ""mad"": 0.48, ""skew"": 0.19253780581170266, ""excess_kurtosis"": -0.18155652077329654, ""tail_ratio_p99_mad"": 4.916666666666668, ""share_beyond_5mad"": 0.004934898374550422}",,laneA_ps1_metrics.v1
fred.rates.dfii5.level,volatility,MEASURED,"{""std_first_diff"": 0.011110707628660144, ""rolling168_std_median"": 0.038982459699869076, ""vol_of_vol_cv"": 0.7112169522268029}",,laneA_ps1_metrics.v1
fred.rates.dfii5.level,acf,MEASURED,"{""lag_1"": 0.9999351466308186, ""lag_6"": 0.9996107195032633, ""lag_24"": 0.9984508224653548, ""lag_120"": 0.9926033429575631, ""lag_168"": 0.9896986516786804, ""lag_unit"": ""rows of the decision grid (1 row = 1 market hour; weekend gaps not filled)""}",,laneA_ps1_metrics.v1
fred.rates.dfii5.level,trend,MEASURED,"{""ols_slope_per_year"": 0.12397065093423999, ""slope_in_std_per_year"": 0.12707343128813658, ""ols_r"": 0.30018412150742346, ""kendall_tau_3000"": 0.24067427147112186, ""kendall_p_3000"": 1.4061094074953624e-86, ""caveat"": ""OLS p-value omitted: serial correlation makes it invalid""}",,laneA_ps1_metrics.v1
fred.rates.dfii5.level,adf,MEASURED,"{""stat"": -0.3861218746640251, ""pvalue"": 0.9123902675752162, ""lags"": 24, ""nobs"": 19975, ""crit_5pct"": -2.8616847064863733, ""H0"": ""unit root"", ""regression"": ""c"", ""sample"": ""last 20000 finite TRAIN values (gaps compressed)""}",,laneA_ps1_metrics.v1
fred.rates.dfii5.level,kpss,MEASURED,"{""stat"": 20.841835205760205, ""pvalue"": 0.01, ""lags"": 87, ""H0"": ""level stationary"", ""pvalue_truncated_to_table"": true, ""sample"": ""last 20000 finite TRAIN values (gaps compressed)""}",,laneA_ps1_metrics.v1
fred.rates.dfii5.level,seasonality,MEASURED,"{""eta2_hour_of_day"": 0.0002495466134920192, ""eta2_day_of_week"": 2.4488256865384035e-05, ""eta2_month"": 0.016228451712639386}",,laneA_ps1_metrics.v1
fred.rates.dfii5.level,spectrum,MEASURED,"{""top_periods_rows"": [2048.0, 1024.0, 682.6666666666666], ""top_power_share"": [0.5649949176656117, 0.20528094608579078, 0.060287071697542716], ""spectral_entropy_norm"": 0.23988908887484622, ""zero_filled_fraction"": 0.0, ""method"": ""Welch nperseg<=2048 on demeaned rows""}",,laneA_ps1_metrics.v1
fred.rates.dfii5.level,cost,MEASURED,"{""build_s"": 0.014329546249952892, ""profile_s"": 0.032122605000040494, ""bytes_float64"": 573872}",,laneA_ps1_metrics.v1
fred.rates.dfii5.diff_1d,missingness,MEASURED,"{""n_rows"": 71734, ""n_finite"": 71734, ""missing_fraction"": 0.0}",,laneA_ps1_metrics.v1
fred.rates.dfii5.diff_1d,constant,MEASURED,"{""n_unique"": 221, ""is_constant"": false, ""top_value_share"": 0.10847018150388937}",,laneA_ps1_metrics.v1
fred.rates.dfii5.diff_1d,scale_tails,MEASURED,"{""mean"": 0.0012833523852008798, ""std"": 0.05418291734806773, ""min"": -0.35, ""max"": 0.33, ""p001"": -0.31000000000000005, ""p01"": -0.14999999999999997, ""p05"": -0.08000000000000007, ""p25"": -0.029999999999999805, ""median"": 0.0, ""p75"": 0.03, ""p95"": 0.08000000000000007, ""p99"": 0.15000000000000013, ""p999"": 0.25068000000028406, ""mad"": 0.03, ""skew"": -0.15867913896066876, ""excess_kurtosis"": 4.71246412425684, ""tail_ratio_p99_mad"": 5.000000000000004, ""share_beyond_5mad"": 0.020589957342403882}",,laneA_ps1_metrics.v1
fred.rates.dfii5.diff_1d,volatility,MEASURED,"{""std_first_diff"": 0.013938142392579653, ""rolling168_std_median"": 0.034704956262248274, ""vol_of_vol_cv"": 0.6235902056761126}",,laneA_ps1_metrics.v1
fred.rates.dfii5.diff_1d,acf,MEASURED,"{""lag_1"": 0.9669132693731328, ""lag_6"": 0.8012870563845553, ""lag_24"": 0.2360212525951381, ""lag_120"": -0.005473172157691713, ""lag_168"": -0.03700997528565384, ""lag_unit"": ""rows of the decision grid (1 row = 1 market hour; weekend gaps not filled)""}",,laneA_ps1_metrics.v1
fred.rates.dfii5.diff_1d,trend,MEASURED,"{""ols_slope_per_year"": -0.00018824629882832421, ""slope_in_std_per_year"": -0.003474273960167954, ""ols_r"": -0.008207237862683733, ""kendall_tau_3000"": -0.0014504747283243912, ""kendall_p_3000"": 0.9067396492857488, ""caveat"": ""OLS p-value omitted: serial correlation makes it invalid""}",,laneA_ps1_metrics.v1
fred.rates.dfii5.diff_1d,adf,MEASURED,"{""stat"": -17.743715141738566, ""pvalue"": 3.393421284275443e-30, ""lags"": 24, ""nobs"": 19975, ""crit_5pct"": -2.8616847064863733, ""H0"": ""unit root"", ""regression"": ""c"", ""sample"": ""last 20000 finite TRAIN values (gaps compressed)""}",,laneA_ps1_metrics.v1
fred.rates.dfii5.diff_1d,kpss,MEASURED,"{""stat"": 0.21902256016532023, ""pvalue"": 0.1, ""lags"": 83, ""H0"": ""level stationary"", ""pvalue_truncated_to_table"": true, ""sample"": ""last 20000 finite TRAIN values (gaps compressed)""}",,laneA_ps1_metrics.v1
fred.rates.dfii5.diff_1d,seasonality,MEASURED,"{""eta2_hour_of_day"": 1.7125267055712013e-05, ""eta2_day_of_week"": 0.0031497407554886307, ""eta2_month"": 0.004841362179733978}",,laneA_ps1_metrics.v1
fred.rates.dfii5.diff_1d,spectrum,MEASURED,"{""top_periods_rows"": [341.3333333333333, 409.6, 292.57142857142856], ""top_power_share"": [0.043421388552511965, 0.041659019392063935, 0.03768181367409571], ""spectral_entropy_norm"": 0.6276753189748865, ""zero_filled_fraction"": 0.0, ""method"": ""Welch nperseg<=2048 on demeaned rows""}",,laneA_ps1_metrics.v1
fred.rates.dfii5.diff_1d,cost,MEASURED,"{""build_s"": 0.014329546249952892, ""profile_s"": 0.03154601400001411, ""bytes_float64"": 573872}",,laneA_ps1_metrics.v1
fred.rates.dfii5.diff_5d,missingness,MEASURED,"{""n_rows"": 71734, ""n_finite"": 71734, ""missing_fraction"": 0.0}",,laneA_ps1_metrics.v1
fred.rates.dfii5.diff_5d,constant,MEASURED,"{""n_unique"": 333, ""is_constant"": false, ""top_value_share"": 0.036858393509354}",,laneA_ps1_metrics.v1
fred.rates.dfii5.diff_5d,scale_tails,MEASURED,"{""mean"": 0.0050733264560738275, ""std"": 0.1185374391992351, ""min"": -0.76, ""max"": 0.77, ""p001"": -0.53, ""p01"": -0.28, ""p05"": -0.16999999999999993, ""p25"": -0.06000000000000005, ""median"": 0.0, ""p75"": 0.07, ""p95"": 0.19, ""p99"": 0.33999999999999986, ""p999"": 0.7300000000000001, ""mad"": 0.06999999999999998, ""skew"": 0.5319090826838031, ""excess_kurtosis"": 4.563293600164249, ""tail_ratio_p99_mad"": 4.857142857142857, ""share_beyond_5mad"": 0.015250787632085204}",,laneA_ps1_metrics.v1
fred.rates.dfii5.diff_5d,volatility,MEASURED,"{""std_first_diff"": 0.015484993897348257, ""rolling168_std_median"": 0.055275446306267254, ""vol_of_vol_cv"": 0.6918287187544746}",,laneA_ps1_metrics.v1
fred.rates.dfii5.diff_5d,acf,MEASURED,"{""lag_1"": 0.9914673814257029, ""lag_6"": 0.9487853485121587, ""lag_24"": 0.7954543955175183, ""lag_120"": -0.0013170373656747362, ""lag_168"": -0.0342985547114254, ""lag_unit"": ""rows of the decision grid (1 row = 1 market hour; weekend gaps not filled)""}",,laneA_ps1_metrics.v1
fred.rates.dfii5.diff_5d,trend,MEASURED,"{""ols_slope_per_year"": 0.0009768705892527223, ""slope_in_std_per_year"": 0.008241029972064943, ""ols_r"": 0.019467691376581372, ""kendall_tau_3000"": 0.0026729387591059857, ""kendall_p_3000"": 0.8270619247043752, ""caveat"": ""OLS p-value omitted: serial correlation makes it invalid""}",,laneA_ps1_metrics.v1
fred.rates.dfii5.diff_5d,adf,MEASURED,"{""stat"": -10.218685729295041, ""pvalue"": 5.396198423551993e-18, ""lags"": 24, ""nobs"": 19975, ""crit_5pct"": -2.8616847064863733, ""H0"": ""unit root"", ""regression"": ""c"", ""sample"": ""last 20000 finite TRAIN values (gaps compressed)""}",,laneA_ps1_metrics.v1
fred.rates.dfii5.diff_5d,kpss,MEASURED,"{""stat"": 0.4355884576248229, ""pvalue"": 0.06181531998930048, ""lags"": 86, ""H0"": ""level stationary"", ""pvalue_truncated_to_table"": false, ""sample"": ""last 20000 finite TRAIN values (gaps compressed)""}",,laneA_ps1_metrics.v1
fred.rates.dfii5.diff_5d,seasonality,MEASURED,"{""eta2_hour_of_day"": 8.40525570445934e-06, ""eta2_day_of_week"": 2.1421801352864156e-05, ""eta2_month"": 0.020881639918765862}",,laneA_ps1_metrics.v1
fred.rates.dfii5.diff_5d,spectrum,MEASURED,"{""top_periods_rows"": [1024.0, 512.0, 682.6666666666666], ""top_power_share"": [0.11373230604784458, 0.11207744887171346, 0.10400670754444764], ""spectral_entropy_norm"": 0.4391446698700648, ""zero_filled_fraction"": 0.0, ""method"": ""Welch nperseg<=2048 on demeaned rows""}",,laneA_ps1_metrics.v1
fred.rates.dfii5.diff_5d,cost,MEASURED,"{""build_s"": 0.014329546249952892, ""profile_s"": 0.03211911899961706, ""bytes_float64"": 573872}",,laneA_ps1_metrics.v1
fred.rates.dgs1.level,missingness,MEASURED,"{""n_rows"": 71734, ""n_finite"": 71734, ""missing_fraction"": 0.0}",,laneA_ps1_metrics.v1
fred.rates.dgs1.level,constant,MEASURED,"{""n_unique"": 398, ""is_constant"": false, ""top_value_share"": 0.05088242674324588}",,laneA_ps1_metrics.v1
fred.rates.dgs1.level,scale_tails,MEASURED,"{""mean"": 1.2647855967881338, ""std"": 1.5097269137564187, ""min"": 0.04, ""max"": 5.49, ""p001"": 0.04, ""p01"": 0.06, ""p05"": 0.08, ""p25"": 0.14, ""median"": 0.55, ""p75"": 2.0, ""p95"": 4.95, ""p99"": 5.42, ""p999"": 5.48, ""mad"": 0.45000000000000007, ""skew"": 1.4326339599800137, ""excess_kurtosis"": 1.0869556147440989, ""tail_ratio_p99_mad"": 10.822222222222221, ""share_beyond_5mad"": 0.12154626815735914}",,laneA_ps1_metrics.v1
fred.rates.dgs1.level,volatility,MEASURED,"{""std_first_diff"": 0.007002377478937344, ""rolling168_std_median"": 0.01236676931039425, ""vol_of_vol_cv"": 1.378207131652547}",,laneA_ps1_metrics.v1
fred.rates.dgs1.level,acf,MEASURED,"{""lag_1"": 0.9999892439641181, ""lag_6"": 0.9999358513324181, ""lag_24"": 0.9997488170607742, ""lag_120"": 0.9986172255174521, ""lag_168"": 0.9979500346328856, ""lag_unit"": ""rows of the decision grid (1 row = 1 market hour; weekend gaps not filled)""}",,laneA_ps1_metrics.v1
fred.rates.dgs1.level,trend,MEASURED,"{""ols_slope_per_year"": 0.40954681567595047, ""slope_in_std_per_year"": 0.2712721167942478, ""ols_r"": 0.640823036285972, ""kendall_tau_3000"": 0.4152783864250282, ""kendall_p_3000"": 9.711907909939973e-252, ""caveat"": ""OLS p-value omitted: serial correlation makes it invalid""}",,laneA_ps1_metrics.v1
fred.rates.dgs1.level,adf,MEASURED,"{""stat"": -0.11736932988949901, ""pvalue"": 0.9476807634934945, ""lags"": 24, ""nobs"": 19975, ""crit_5pct"": -2.8616847064863733, ""H0"": ""unit root"", ""regression"": ""c"", ""sample"": ""last 20000 finite TRAIN values (gaps compressed)""}",,laneA_ps1_metrics.v1
fred.rates.dgs1.level,kpss,MEASURED,"{""stat"": 21.777308769443305, ""pvalue"": 0.01, ""lags"": 87, ""H0"": ""level stationary"", ""pvalue_truncated_to_table"": true, ""sample"": ""last 20000 finite TRAIN values (gaps compressed)""}",,laneA_ps1_metrics.v1
fred.rates.dgs1.level,seasonality,MEASURED,"{""eta2_hour_of_day"": 0.0005211080461637201, ""eta2_day_of_week"": 3.6241373665293864e-05, ""eta2_month"": 0.009074900010133781}",,laneA_ps1_metrics.v1
fred.rates.dgs1.level,spectrum,MEASURED,"{""top_periods_rows"": [2048.0, 1024.0, 682.6666666666666], ""top_power_share"": [0.6936094573209621, 0.14207345995764095, 0.048413300502447056], ""spectral_entropy_norm"": 0.18618266550382254, ""zero_filled_fraction"": 0.0, ""method"": ""Welch nperseg<=2048 on demeaned rows""}",,laneA_ps1_metrics.v1
fred.rates.dgs1.level,cost,MEASURED,"{""build_s"": 0.014329546249952892, ""profile_s"": 0.03174504700018588, ""bytes_float64"": 573872}",,laneA_ps1_metrics.v1
fred.rates.dgs1.logret_1d,missingness,MEASURED,"{""n_rows"": 71734, ""n_finite"": 71734, ""missing_fraction"": 0.0}",,laneA_ps1_metrics.v1
fred.rates.dgs1.logret_1d,constant,MEASURED,"{""n_unique"": 936, ""is_constant"": false, ""top_value_share"": 0.3093093930353807}",,laneA_ps1_metrics.v1
fred.rates.dgs1.logret_1d,scale_tails,MEASURED,"{""mean"": 0.0030521166090243996, ""std"": 0.059853391900831734, ""min"": -0.3566749439387322, ""max"": 0.47000362924573524, ""p001"": -0.2779733212440158, ""p01"": -0.18232155679395445, ""p05"": -0.09531017980432477, ""p25"": -0.007017572658646554, ""median"": 0.0, ""p75"": 0.012422519998557174, ""p95"": 0.10178269430994225, ""p99"": 0.18232155679395445, ""p999"": 0.2982368064000833, ""mad"": 0.009389740349839082, ""skew"": 0.26960117481766, ""excess_kurtosis"": 6.385309637504761, ""tail_ratio_p99_mad"": 19.41710313609247, ""share_beyond_5mad"": 0.26043438258008755}",,laneA_ps1_metrics.v1
fred.rates.dgs1.logret_1d,volatility,MEASURED,"{""std_first_diff"": 0.01610753837920394, ""rolling168_std_median"": 0.029750955125724652, ""vol_of_vol_cv"": 0.9169495016993019}",,laneA_ps1_metrics.v1
fred.rates.dgs1.logret_1d,acf,MEASURED,"{""lag_1"": 0.963788453402935, ""lag_6"": 0.7830823124252377, ""lag_24"": 0.1478380545313565, ""lag_120"": 0.01288968798871097, ""lag_168"": 0.010959601867677658, ""lag_unit"": ""rows of the decision grid (1 row = 1 market hour; weekend gaps not filled)""}",,laneA_ps1_metrics.v1
fred.rates.dgs1.logret_1d,trend,MEASURED,"{""ols_slope_per_year"": 0.0006167732965555417, ""slope_in_std_per_year"": 0.010304734234234282, ""ols_r"": 0.024342756484296468, ""kendall_tau_3000"": 0.01573857656712325, ""kendall_p_3000"": 0.21268412230899714, ""caveat"": ""OLS p-value omitted: serial correlation makes it invalid""}",,laneA_ps1_metrics.v1
fred.rates.dgs1.logret_1d,adf,MEASURED,"{""stat"": -16.864867225805654, ""pvalue"": 1.0924652466050131e-29, ""lags"": 24, ""nobs"": 19975, ""crit_5pct"": -2.8616847064863733, ""H0"": ""unit root"", ""regression"": ""c"", ""sample"": ""last 20000 finite TRAIN values (gaps compressed)""}",,laneA_ps1_metrics.v1
fred.rates.dgs1.logret_1d,kpss,MEASURED,"{""stat"": 0.3480379883252998, ""pvalue"": 0.0995525912390949, ""lags"": 83, ""H0"": ""level stationary"", ""pvalue_truncated_to_table"": false, ""sample"": ""last 20000 finite TRAIN values (gaps compressed)""}",,laneA_ps1_metrics.v1
fred.rates.dgs1.logret_1d,seasonality,MEASURED,"{""eta2_hour_of_day"": 2.5285904081609526e-05, ""eta2_day_of_week"": 0.008069105563429324, ""eta2_month"": 0.007656943762252565}",,laneA_ps1_metrics.v1
fred.rates.dgs1.logret_1d,spectrum,MEASURED,"{""top_periods_rows"": [409.6, 170.66666666666666, 341.3333333333333], ""top_power_share"": [0.03254670919828693, 0.03180673147503568, 0.031590582702704983], ""spectral_entropy_norm"": 0.6409030875056106, ""zero_filled_fraction"": 0.0, ""method"": ""Welch nperseg<=2048 on demeaned rows""}",,laneA_ps1_metrics.v1
fred.rates.dgs1.logret_1d,cost,MEASURED,"{""build_s"": 0.014329546249952892, ""profile_s"": 0.031762280000293686, ""bytes_float64"": 573872}",,laneA_ps1_metrics.v1
fred.rates.dgs1.logret_5d,missingness,MEASURED,"{""n_rows"": 71734, ""n_finite"": 71734, ""missing_fraction"": 0.0}",,laneA_ps1_metrics.v1
fred.rates.dgs1.logret_5d,constant,MEASURED,"{""n_unique"": 1173, ""is_constant"": false, ""top_value_share"": 0.17005882844954973}",,laneA_ps1_metrics.v1
fred.rates.dgs1.logret_5d,scale_tails,MEASURED,"{""mean"": 0.0063890092586619375, ""std"": 0.11498971739991477, ""min"": -1.0546491652469936, ""max"": 0.5877866649021191, ""p001"": -0.9295359586241757, ""p01"": -0.36000273403140715, ""p05"": -0.1541506798272585, ""p25"": -0.025479085300984916, ""median"": 0.0, ""p75"": 0.04740223889458396, ""p95"": 0.18232155679395456, ""p99"": 0.323787077093897, ""p999"": 0.5877866649021186, ""mad"": 0.03750439545845419, ""skew"": -1.1137734407360944, ""excess_kurtosis"": 12.402364087335902, ""tail_ratio_p99_mad"": 8.633310126344387, ""share_beyond_5mad"": 0.08258287562383249}",,laneA_ps1_metrics.v1
fred.rates.dgs1.logret_5d,volatility,MEASURED,"{""std_first_diff"": 0.01569371266651381, ""rolling168_std_median"": 0.044478558508562666, ""vol_of_vol_cv"": 0.9367671900085762}",,laneA_ps1_metrics.v1
fred.rates.dgs1.logret_5d,acf,MEASURED,"{""lag_1"": 0.990686817044733, ""lag_6"": 0.944232585453185, ""lag_24"": 0.7765969734882915, ""lag_120"": 0.0471184862894881, ""lag_168"": 0.08191802269058363, ""lag_unit"": ""rows of the decision grid (1 row = 1 market hour; weekend gaps not filled)""}",,laneA_ps1_metrics.v1
fred.rates.dgs1.logret_5d,trend,MEASURED,"{""ols_slope_per_year"": 0.00173943837518394, ""slope_in_std_per_year"": 0.015126903644214271, ""ols_r"": 0.03573411243826099, ""kendall_tau_3000"": 0.024241508629584824, ""kendall_p_3000"": 0.04949449434708131, ""caveat"": ""OLS p-value omitted: serial correlation makes it invalid""}",,laneA_ps1_metrics.v1
fred.rates.dgs1.logret_5d,adf,MEASURED,"{""stat"": -10.088178097315598, ""pvalue"": 1.1406280734853685e-17, ""lags"": 24, ""nobs"": 19975, ""crit_5pct"": -2.8616847064863733, ""H0"": ""unit root"", ""regression"": ""c"", ""sample"": ""last 20000 finite TRAIN values (gaps compressed)""}",,laneA_ps1_metrics.v1
fred.rates.dgs1.logret_5d,kpss,MEASURED,"{""stat"": 0.8812207875140069, ""pvalue"": 0.01, ""lags"": 86, ""H0"": ""level stationary"", ""pvalue_truncated_to_table"": true, ""sample"": ""last 20000 finite TRAIN values (gaps compressed)""}",,laneA_ps1_metrics.v1
fred.rates.dgs1.logret_5d,seasonality,MEASURED,"{""eta2_hour_of_day"": 8.385237923050912e-07, ""eta2_day_of_week"": 7.138165036827551e-05, ""eta2_month"": 0.021977952619748484}",,laneA_ps1_metrics.v1
fred.rates.dgs1.logret_5d,spectrum,MEASURED,"{""top_periods_rows"": [1024.0, 2048.0, 409.6], ""top_power_share"": [0.12908407420589577, 0.11178152289681022, 0.10274811321571856], ""spectral_entropy_norm"": 0.4511517372671562, ""zero_filled_fraction"": 0.0, ""method"": ""Welch nperseg<=2048 on demeaned rows""}",,laneA_ps1_metrics.v1
fred.rates.dgs1.logret_5d,cost,MEASURED,"{""build_s"": 0.014329546249952892, ""profile_s"": 0.03211637300046277, ""bytes_float64"": 573872}",,laneA_ps1_metrics.v1
fred.rates.dgs10.level,missingness,MEASURED,"{""n_rows"": 71734, ""n_finite"": 71734, ""missing_fraction"": 0.0}",,laneA_ps1_metrics.v1
fred.rates.dgs10.level,constant,MEASURED,"{""n_unique"": 377, ""is_constant"": false, ""top_value_share"": 0.009632810103995316}",,laneA_ps1_metrics.v1
fred.rates.dgs10.level,scale_tails,MEASURED,"{""mean"": 2.264711433908607, ""std"": 0.8300373121852612, ""min"": 0.52, ""max"": 4.95, ""p001"": 0.55, ""p01"": 0.64, ""p05"": 0.79, ""p25"": 1.72, ""median"": 2.23, ""p75"": 2.74, ""p95"": 3.88, ""p99"": 4.58, ""p999"": 4.915340000000142, ""mad"": 0.51, ""skew"": 0.4703715042364849, ""excess_kurtosis"": 0.4614026911139475, ""tail_ratio_p99_mad"": 4.6078431372549025, ""share_beyond_5mad"": 0.005060361892547467}",,laneA_ps1_metrics.v1
fred.rates.dgs10.level,volatility,MEASURED,"{""std_first_diff"": 0.0102242660180337, ""rolling168_std_median"": 0.04009025318409063, ""vol_of_vol_cv"": 0.5949080729316618}",,laneA_ps1_metrics.v1
fred.rates.dgs10.level,acf,MEASURED,"{""lag_1"": 0.9999241348765212, ""lag_6"": 0.9995453055768739, ""lag_24"": 0.9981853135344503, ""lag_120"": 0.9911973575786657, ""lag_168"": 0.9878815201353406, ""lag_unit"": ""rows of the decision grid (1 row = 1 market hour; weekend gaps not filled)""}",,laneA_ps1_metrics.v1
fred.rates.dgs10.level,trend,MEASURED,"{""ols_slope_per_year"": 0.07739953075792366, ""slope_in_std_per_year"": 0.09324825477321239, ""ols_r"": 0.22027929172485042, ""kendall_tau_3000"": 0.09934124002039096, ""kendall_p_3000"": 3.9548361692732224e-16, ""caveat"": ""OLS p-value omitted: serial correlation makes it invalid""}",,laneA_ps1_metrics.v1
fred.rates.dgs10.level,adf,MEASURED,"{""stat"": -1.134887184087849, ""pvalue"": 0.7009607397934704, ""lags"": 24, ""nobs"": 19975, ""crit_5pct"": -2.8616847064863733, ""H0"": ""unit root"", ""regression"": ""c"", ""sample"": ""last 20000 finite TRAIN values (gaps compressed)""}",,laneA_ps1_metrics.v1
fred.rates.dgs10.level,kpss,MEASURED,"{""stat"": 21.593475329458926, ""pvalue"": 0.01, ""lags"": 87, ""H0"": ""level stationary"", ""pvalue_truncated_to_table"": true, ""sample"": ""last 20000 finite TRAIN values (gaps compressed)""}",,laneA_ps1_metrics.v1
fred.rates.dgs10.level,seasonality,MEASURED,"{""eta2_hour_of_day"": 0.0002424473358097328, ""eta2_day_of_week"": 3.7371572611896394e-05, ""eta2_month"": 0.01238186436136343}",,laneA_ps1_metrics.v1
fred.rates.dgs10.level,spectrum,MEASURED,"{""top_periods_rows"": [2048.0, 1024.0, 682.6666666666666], ""top_power_share"": [0.6046133580507516, 0.1747065555747099, 0.05475146918448073], ""spectral_entropy_norm"": 0.23079033097196489, ""zero_filled_fraction"": 0.0, ""method"": ""Welch nperseg<=2048 on demeaned rows""}",,laneA_ps1_metrics.v1
fred.rates.dgs10.level,cost,MEASURED,"{""build_s"": 0.014329546249952892, ""profile_s"": 0.031948208000358136, ""bytes_float64"": 573872}",,laneA_ps1_metrics.v1
fred.rates.dgs10.logret_1d,missingness,MEASURED,"{""n_rows"": 71734, ""n_finite"": 71734, ""missing_fraction"": 0.0}",,laneA_ps1_metrics.v1
fred.rates.dgs10.logret_1d,constant,MEASURED,"{""n_unique"": 1583, ""is_constant"": false, ""top_value_share"": 0.08899545543257033}",,laneA_ps1_metrics.v1
fred.rates.dgs10.logret_1d,scale_tails,MEASURED,"{""mean"": 0.00043334067676219294, ""std"": 0.03022875447754378, ""min"": -0.31508104663989533, ""max"": 0.34174929372205665, ""p001"": -0.2177234838448706, ""p01"": -0.07410797215372178, ""p05"": -0.039050514871873165, ""p25"": -0.01371763622879918, ""median"": 0.0, ""p75"": 0.01472780671024343, ""p95"": 0.04237922296886143, ""p99"": 0.08004270767353647, ""p999"": 0.1455075836712383, ""mad"": 0.014184634991956324, ""skew"": -0.136632275098242, ""excess_kurtosis"": 21.31061540669129, ""tail_ratio_p99_mad"": 5.642916276585633, ""share_beyond_5mad"": 0.02381018763766136}",,laneA_ps1_metrics.v1
fred.rates.dgs10.logret_1d,volatility,MEASURED,"{""std_first_diff"": 0.0078025355676105785, ""rolling168_std_median"": 0.017801978499732474, ""vol_of_vol_cv"": 0.813759239149719}",,laneA_ps1_metrics.v1
fred.rates.dgs10.logret_1d,acf,MEASURED,"{""lag_1"": 0.9666882344580976, ""lag_6"": 0.8001306277078907, ""lag_24"": 0.21063052103801655, ""lag_120"": 0.08860427841218226, ""lag_168"": -0.05590699245832457, ""lag_unit"": ""rows of the decision grid (1 row = 1 market hour; weekend gaps not filled)""}",,laneA_ps1_metrics.v1
fred.rates.dgs10.logret_1d,trend,MEASURED,"{""ols_slope_per_year"": 0.00018402490025160725, ""slope_in_std_per_year"": 0.006087743389768671, ""ols_r"": 0.014381006972863111, ""kendall_tau_3000"": 0.027262332258811486, ""kendall_p_3000"": 0.02575936066371065, ""caveat"": ""OLS p-value omitted: serial correlation makes it invalid""}",,laneA_ps1_metrics.v1
fred.rates.dgs10.logret_1d,adf,MEASURED,"{""stat"": -16.22705708020746, ""pvalue"": 3.845436509092833e-29, ""lags"": 24, ""nobs"": 19975, ""crit_5pct"": -2.8616847064863733, ""H0"": ""unit root"", ""regression"": ""c"", ""sample"": ""last 20000 finite TRAIN values (gaps compressed)""}",,laneA_ps1_metrics.v1
fred.rates.dgs10.logret_1d,kpss,MEASURED,"{""stat"": 0.4661575769160172, ""pvalue"": 0.049288834027924056, ""lags"": 83, ""H0"": ""level stationary"", ""pvalue_truncated_to_table"": false, ""sample"": ""last 20000 finite TRAIN values (gaps compressed)""}",,laneA_ps1_metrics.v1
fred.rates.dgs10.logret_1d,seasonality,MEASURED,"{""eta2_hour_of_day"": 4.523826105085925e-06, ""eta2_day_of_week"": 0.001305932214508557, ""eta2_month"": 0.004618832965095873}",,laneA_ps1_metrics.v1
fred.rates.dgs10.logret_1d,spectrum,MEASURED,"{""top_periods_rows"": [113.77777777777777, 227.55555555555554, 120.47058823529412], ""top_power_share"": [0.04257728797575901, 0.04118351257472543, 0.03889072974379363], ""spectral_entropy_norm"": 0.6269782800602025, ""zero_filled_fraction"": 0.0, ""method"": ""Welch nperseg<=2048 on demeaned rows""}",,laneA_ps1_metrics.v1
fred.rates.dgs10.logret_1d,cost,MEASURED,"{""build_s"": 0.014329546249952892, ""profile_s"": 0.03226401000029, ""bytes_float64"": 573872}",,laneA_ps1_metrics.v1
fred.rates.dgs10.logret_5d,missingness,MEASURED,"{""n_rows"": 71734, ""n_finite"": 71734, ""missing_fraction"": 0.0}",,laneA_ps1_metrics.v1
fred.rates.dgs10.logret_5d,constant,MEASURED,"{""n_unique"": 1896, ""is_constant"": false, ""top_value_share"": 0.043967992862519865}",,laneA_ps1_metrics.v1
fred.rates.dgs10.logret_5d,scale_tails,MEASURED,"{""mean"": 0.0015050198901807403, ""std"": 0.06007006797391638, ""min"": -0.7114963192281418, ""max"": 0.36396537720141164, ""p001"": -0.42332272550817074, ""p01"": -0.15307598869749284, ""p05"": -0.07767303831821815, ""p25"": -0.030305349495329037, ""median"": 0.0, ""p75"": 0.031252543504104446, ""p95"": 0.09255155736524523, ""p99"": 0.16345307248957175, ""p999"": 0.3014753945841167, ""mad"": 0.030771658666753687, ""skew"": -0.5762304671097686, ""excess_kurtosis"": 11.80757134200269, ""tail_ratio_p99_mad"": 5.311805719012791, ""share_beyond_5mad"": 0.023350154738338864}",,laneA_ps1_metrics.v1
fred.rates.dgs10.logret_5d,volatility,MEASURED,"{""std_first_diff"": 0.00783435248598365, ""rolling168_std_median"": 0.02684072649439454, ""vol_of_vol_cv"": 0.8006778358166058}",,laneA_ps1_metrics.v1
fred.rates.dgs10.logret_5d,acf,MEASURED,"{""lag_1"": 0.9914953714607294, ""lag_6"": 0.9489856102156109, ""lag_24"": 0.795634296055218, ""lag_120"": -0.06330760701888331, ""lag_168"": -0.07694637538207368, ""lag_unit"": ""rows of the decision grid (1 row = 1 market hour; weekend gaps not filled)""}",,laneA_ps1_metrics.v1
fred.rates.dgs10.logret_5d,trend,MEASURED,"{""ols_slope_per_year"": 0.0008167125019852363, ""slope_in_std_per_year"": 0.013595997632962046, ""ols_r"": 0.032117670579095675, ""kendall_tau_3000"": 0.028661052561317495, ""kendall_p_3000"": 0.018736607109245785, ""caveat"": ""OLS p-value omitted: serial correlation makes it invalid""}",,laneA_ps1_metrics.v1
fred.rates.dgs10.logret_5d,adf,MEASURED,"{""stat"": -10.702893353463738, ""pvalue"": 3.4865611878122365e-19, ""lags"": 24, ""nobs"": 19975, ""crit_5pct"": -2.8616847064863733, ""H0"": ""unit root"", ""regression"": ""c"", ""sample"": ""last 20000 finite TRAIN values (gaps compressed)""}",,laneA_ps1_metrics.v1
fred.rates.dgs10.logret_5d,kpss,MEASURED,"{""stat"": 0.5079121662174485, ""pvalue"": 0.039884647248322413, ""lags"": 86, ""H0"": ""level stationary"", ""pvalue_truncated_to_table"": false, ""sample"": ""last 20000 finite TRAIN values (gaps compressed)""}",,laneA_ps1_metrics.v1
fred.rates.dgs10.logret_5d,seasonality,MEASURED,"{""eta2_hour_of_day"": 1.1630010947970134e-06, ""eta2_day_of_week"": 5.1495526629897576e-05, ""eta2_month"": 0.013491210075289813}",,laneA_ps1_metrics.v1
fred.rates.dgs10.logret_5d,spectrum,MEASURED,"{""top_periods_rows"": [409.6, 512.0, 341.3333333333333], ""top_power_share"": [0.12910234208047297, 0.1256625313032713, 0.10164140151181185], ""spectral_entropy_norm"": 0.4374514644498324, ""zero_filled_fraction"": 0.0, ""method"": ""Welch nperseg<=2048 on demeaned rows""}",,laneA_ps1_metrics.v1
fred.rates.dgs10.logret_5d,cost,MEASURED,"{""build_s"": 0.014329546249952892, ""profile_s"": 0.0324026700000104, ""bytes_float64"": 573872}",,laneA_ps1_metrics.v1
fred.rates.dgs2.level,missingness,MEASURED,"{""n_rows"": 71734, ""n_finite"": 71734, ""missing_fraction"": 0.0}",,laneA_ps1_metrics.v1
fred.rates.dgs2.level,constant,MEASURED,"{""n_unique"": 427, ""is_constant"": false, ""top_value_share"": 0.02814564920400368}",,laneA_ps1_metrics.v1
fred.rates.dgs2.level,scale_tails,MEASURED,"{""mean"": 1.3880395628293416, ""std"": 1.3514039316769777, ""min"": 0.09, ""max"": 5.19, ""p001"": 0.11, ""p01"": 0.12, ""p05"": 0.15, ""p25"": 0.32, ""median"": 0.77, ""p75"": 2.21, ""p95"": 4.51, ""p99"": 5.03, ""p999"": 5.12, ""mad"": 0.55, ""skew"": 1.2526296225164095, ""excess_kurtosis"": 0.5906453038845751, ""tail_ratio_p99_mad"": 7.745454545454544, ""share_beyond_5mad"": 0.10216912482226001}",,laneA_ps1_metrics.v1
fred.rates.dgs2.level,volatility,MEASURED,"{""std_first_diff"": 0.008858718966749961, ""rolling168_std_median"": 0.02297020795239843, ""vol_of_vol_cv"": 1.0011656058832796}",,laneA_ps1_metrics.v1
fred.rates.dgs2.level,acf,MEASURED,"{""lag_1"": 0.9999785145636745, ""lag_6"": 0.999871425205764, ""lag_24"": 0.9994903939652573, ""lag_120"": 0.9974569704730156, ""lag_168"": 0.9963871752835222, ""lag_unit"": ""rows of the decision grid (1 row = 1 market hour; weekend gaps not filled)""}",,laneA_ps1_metrics.v1
fred.rates.dgs2.level,trend,MEASURED,"{""ols_slope_per_year"": 0.3581498095789611, ""slope_in_std_per_year"": 0.2650205472870924, ""ols_r"": 0.6260550247392241, ""kendall_tau_3000"": 0.45392872876148355, ""kendall_p_3000"": 3.941016967577799e-302, ""caveat"": ""OLS p-value omitted: serial correlation makes it invalid""}",,laneA_ps1_metrics.v1
fred.rates.dgs2.level,adf,MEASURED,"{""stat"": -0.5797134082728157, ""pvalue"": 0.8755003939565407, ""lags"": 24, ""nobs"": 19975, ""crit_5pct"": -2.8616847064863733, ""H0"": ""unit root"", ""regression"": ""c"", ""sample"": ""last 20000 finite TRAIN values (gaps compressed)""}",,laneA_ps1_metrics.v1
fred.rates.dgs2.level,kpss,MEASURED,"{""stat"": 22.05555685899021, ""pvalue"": 0.01, ""lags"": 87, ""H0"": ""level stationary"", ""pvalue_truncated_to_table"": true, ""sample"": ""last 20000 finite TRAIN values (gaps compressed)""}",,laneA_ps1_metrics.v1
fred.rates.dgs2.level,seasonality,MEASURED,"{""eta2_hour_of_day"": 0.00043073996304450923, ""eta2_day_of_week"": 2.6460193145322897e-05, ""eta2_month"": 0.009162211423710981}",,laneA_ps1_metrics.v1
fred.rates.dgs2.level,spectrum,MEASURED,"{""top_periods_rows"": [2048.0, 1024.0, 682.6666666666666], ""top_power_share"": [0.6256529949835942, 0.16979260474901242, 0.05722761649616313], ""spectral_entropy_norm"": 0.21738461744360374, ""zero_filled_fraction"": 0.0, ""method"": ""Welch nperseg<=2048 on demeaned rows""}",,laneA_ps1_metrics.v1
fred.rates.dgs2.level,cost,MEASURED,"{""build_s"": 0.014329546249952892, ""profile_s"": 0.031889767999928154, ""bytes_float64"": 573872}",,laneA_ps1_metrics.v1
fred.rates.dgs2.logret_1d,missingness,MEASURED,"{""n_rows"": 71734, ""n_finite"": 71734, ""missing_fraction"": 0.0}",,laneA_ps1_metrics.v1
fred.rates.dgs2.logret_1d,constant,MEASURED,"{""n_unique"": 1212, ""is_constant"": false, ""top_value_share"": 0.22526277636824937}",,laneA_ps1_metrics.v1
fred.rates.dgs2.logret_1d,scale_tails,MEASURED,"{""mean"": 0.001744219781620853, ""std"": 0.05535724733362075, ""min"": -0.30830135965451666, ""max"": 0.30538164955118174, ""p001"": -0.2551829050588265, ""p01"": -0.18232155679395445, ""p05"": -0.08338160893905111, ""p25"": -0.015037877364540542, ""median"": 0.0, ""p75"": 0.020619287202735648, ""p95"": 0.08701137698962969, ""p99"": 0.16705408466316607, ""p999"": 0.26662866325394863, ""mad"": 0.017637141486106733, ""skew"": -0.17486124812299192, ""excess_kurtosis"": 4.649203591693379, ""tail_ratio_p99_mad"": 9.471721071963913, ""share_beyond_5mad"": 0.095254690941534}",,laneA_ps1_metrics.v1
fred.rates.dgs2.logret_1d,volatility,MEASURED,"{""std_first_diff"": 0.014712566259428466, ""rolling168_std_median"": 0.031387973348418065, ""vol_of_vol_cv"": 0.7753203606268488}",,laneA_ps1_metrics.v1
fred.rates.dgs2.logret_1d,acf,MEASURED,"{""lag_1"": 0.9646823259391206, ""lag_6"": 0.7880716075363715, ""lag_24"": 0.1680904572385256, ""lag_120"": 0.001154742329656015, ""lag_168"": -0.034128802341586065, ""lag_unit"": ""rows of the decision grid (1 row = 1 market hour; weekend gaps not filled)""}",,laneA_ps1_metrics.v1
fred.rates.dgs2.logret_1d,trend,MEASURED,"{""ols_slope_per_year"": -0.0002600221681659414, ""slope_in_std_per_year"": -0.004697165785698653, ""ols_r"": -0.011096061314009026, ""kendall_tau_3000"": -0.004629683233275879, ""kendall_p_3000"": 0.7097351738912694, ""caveat"": ""OLS p-value omitted: serial correlation makes it invalid""}",,laneA_ps1_metrics.v1
fred.rates.dgs2.logret_1d,adf,MEASURED,"{""stat"": -16.631367620615425, ""pvalue"": 1.6648622387112392e-29, ""lags"": 24, ""nobs"": 19975, ""crit_5pct"": -2.8616847064863733, ""H0"": ""unit root"", ""regression"": ""c"", ""sample"": ""last 20000 finite TRAIN values (gaps compressed)""}",,laneA_ps1_metrics.v1
fred.rates.dgs2.logret_1d,kpss,MEASURED,"{""stat"": 0.15648802461765968, ""pvalue"": 0.1, ""lags"": 83, ""H0"": ""level stationary"", ""pvalue_truncated_to_table"": true, ""sample"": ""last 20000 finite TRAIN values (gaps compressed)""}",,laneA_ps1_metrics.v1
fred.rates.dgs2.logret_1d,seasonality,MEASURED,"{""eta2_hour_of_day"": 7.884795886105018e-06, ""eta2_day_of_week"": 0.0009357854913950947, ""eta2_month"": 0.004740301306107541}",,laneA_ps1_metrics.v1
fred.rates.dgs2.logret_1d,spectrum,MEASURED,"{""top_periods_rows"": [341.3333333333333, 204.8, 409.6], ""top_power_share"": [0.03608963296317339, 0.03594774280007232, 0.03592809893935978], ""spectral_entropy_norm"": 0.6382668708524206, ""zero_filled_fraction"": 0.0, ""method"": ""Welch nperseg<=2048 on demeaned rows""}",,laneA_ps1_metrics.v1
fred.rates.dgs2.logret_1d,cost,MEASURED,"{""build_s"": 0.014329546249952892, ""profile_s"": 0.03197480800008634, ""bytes_float64"": 573872}",,laneA_ps1_metrics.v1
fred.rates.dgs2.logret_5d,missingness,MEASURED,"{""n_rows"": 71734, ""n_finite"": 71734, ""missing_fraction"": 0.0}",,laneA_ps1_metrics.v1
fred.rates.dgs2.logret_5d,constant,MEASURED,"{""n_unique"": 1461, ""is_constant"": false, ""top_value_share"": 0.09816823263724316}",,laneA_ps1_metrics.v1
fred.rates.dgs2.logret_5d,scale_tails,MEASURED,"{""mean"": 0.005452104735024813, ""std"": 0.09891658136015195, ""min"": -0.7932306391169278, ""max"": 0.523248143764548, ""p001"": -0.5625269981428811, ""p01"": -0.2513144282809059, ""p05"": -0.15210777819745802, ""p25"": -0.03738753207162038, ""median"": 0.0, ""p75"": 0.048086186667637865, ""p95"": 0.16111934914335163, ""p99"": 0.27029032973991185, ""p999"": 0.485507815781701, ""mad"": 0.041281658973303936, ""skew"": -0.33487605463276965, ""excess_kurtosis"": 5.283708653737962, ""tail_ratio_p99_mad"": 6.547467724460963, ""share_beyond_5mad"": 0.04610087266846962}",,laneA_ps1_metrics.v1
fred.rates.dgs2.logret_5d,volatility,MEASURED,"{""std_first_diff"": 0.014209279424023892, ""rolling168_std_median"": 0.04536067247645354, ""vol_of_vol_cv"": 0.7617814529981805}",,laneA_ps1_metrics.v1
fred.rates.dgs2.logret_5d,acf,MEASURED,"{""lag_1"": 0.9896824914190053, ""lag_6"": 0.9380461491330024, ""lag_24"": 0.7524692632784009, ""lag_120"": -0.014024726442923276, ""lag_168"": 0.031324668101922984, ""lag_unit"": ""rows of the decision grid (1 row = 1 market hour; weekend gaps not filled)""}",,laneA_ps1_metrics.v1
fred.rates.dgs2.logret_5d,trend,MEASURED,"{""ols_slope_per_year"": 0.0008936904549210977, ""slope_in_std_per_year"": 0.009034789138811831, ""ols_r"": 0.021342779628649562, ""kendall_tau_3000"": 0.010192887164895645, ""kendall_p_3000"": 0.40480042793845983, ""caveat"": ""OLS p-value omitted: serial correlation makes it invalid""}",,laneA_ps1_metrics.v1
fred.rates.dgs2.logret_5d,adf,MEASURED,"{""stat"": -10.637879167695825, ""pvalue"": 5.017454013509418e-19, ""lags"": 24, ""nobs"": 19975, ""crit_5pct"": -2.8616847064863733, ""H0"": ""unit root"", ""regression"": ""c"", ""sample"": ""last 20000 finite TRAIN values (gaps compressed)""}",,laneA_ps1_metrics.v1
fred.rates.dgs2.logret_5d,kpss,MEASURED,"{""stat"": 0.6009304747296942, ""pvalue"": 0.022551775024573253, ""lags"": 86, ""H0"": ""level stationary"", ""pvalue_truncated_to_table"": false, ""sample"": ""last 20000 finite TRAIN values (gaps compressed)""}",,laneA_ps1_metrics.v1
fred.rates.dgs2.logret_5d,seasonality,MEASURED,"{""eta2_hour_of_day"": 1.7163597614674174e-06, ""eta2_day_of_week"": 5.085340986467306e-05, ""eta2_month"": 0.014168591654792942}",,laneA_ps1_metrics.v1
fred.rates.dgs2.logret_5d,spectrum,MEASURED,"{""top_periods_rows"": [1024.0, 2048.0, 409.6], ""top_power_share"": [0.11024430426633541, 0.09328391819376804, 0.09304027817625982], ""spectral_entropy_norm"": 0.4625154336795324, ""zero_filled_fraction"": 0.0, ""method"": ""Welch nperseg<=2048 on demeaned rows""}",,laneA_ps1_metrics.v1
fred.rates.dgs2.logret_5d,cost,MEASURED,"{""build_s"": 0.014329546249952892, ""profile_s"": 0.03228131200012285, ""bytes_float64"": 573872}",,laneA_ps1_metrics.v1
fred.rates.dgs20.level,missingness,MEASURED,"{""n_rows"": 71734, ""n_finite"": 71734, ""missing_fraction"": 0.0}",,laneA_ps1_metrics.v1
fred.rates.dgs20.level,constant,MEASURED,"{""n_unique"": 371, ""is_constant"": false, ""top_value_share"": 0.010678339420637355}",,laneA_ps1_metrics.v1
fred.rates.dgs20.level,scale_tails,MEASURED,"{""mean"": 2.6867661081216716, ""std"": 0.7804177960200922, ""min"": 0.87, ""max"": 5.27, ""p001"": 0.98, ""p01"": 1.06, ""p05"": 1.33, ""p25"": 2.19, ""median"": 2.64, ""p75"": 3.08, ""p95"": 4.13, ""p99"": 4.92, ""p999"": 5.2260200000004255, ""mad"": 0.44999999999999973, ""skew"": 0.44343160644108875, ""excess_kurtosis"": 0.5744108433170614, ""tail_ratio_p99_mad"": 5.066666666666669, ""share_beyond_5mad"": 0.011040789583739928}",,laneA_ps1_metrics.v1
fred.rates.dgs20.level,volatility,MEASURED,"{""std_first_diff"": 0.010063765744846027, ""rolling168_std_median"": 0.040222816464170565, ""vol_of_vol_cv"": 0.5571597848766326}",,laneA_ps1_metrics.v1
fred.rates.dgs20.level,acf,MEASURED,"{""lag_1"": 0.9999168544071408, ""lag_6"": 0.9995015394268585, ""lag_24"": 0.9980146957062687, ""lag_120"": 0.9907291697509005, ""lag_168"": 0.9872288990903277, ""lag_unit"": ""rows of the decision grid (1 row = 1 market hour; weekend gaps not filled)""}",,laneA_ps1_metrics.v1
fred.rates.dgs20.level,trend,MEASURED,"{""ols_slope_per_year"": 0.03595085746679382, ""slope_in_std_per_year"": 0.04606616821160784, ""ols_r"": 0.10882158524907712, ""kendall_tau_3000"": -0.008226704292402416, ""kendall_p_3000"": 0.5002900198409753, ""caveat"": ""OLS p-value omitted: serial correlation makes it invalid""}",,laneA_ps1_metrics.v1
fred.rates.dgs20.level,adf,MEASURED,"{""stat"": -1.177698105313444, ""pvalue"": 0.6831151057719899, ""lags"": 24, ""nobs"": 19975, ""crit_5pct"": -2.8616847064863733, ""H0"": ""unit root"", ""regression"": ""c"", ""sample"": ""last 20000 finite TRAIN values (gaps compressed)""}",,laneA_ps1_metrics.v1
fred.rates.dgs20.level,kpss,MEASURED,"{""stat"": 21.230383133524402, ""pvalue"": 0.01, ""lags"": 87, ""H0"": ""level stationary"", ""pvalue_truncated_to_table"": true, ""sample"": ""last 20000 finite TRAIN values (gaps compressed)""}",,laneA_ps1_metrics.v1
fred.rates.dgs20.level,seasonality,MEASURED,"{""eta2_hour_of_day"": 0.00022489323203633946, ""eta2_day_of_week"": 3.4544426281599226e-05, ""eta2_month"": 0.013359765656017996}",,laneA_ps1_metrics.v1
fred.rates.dgs20.level,spectrum,MEASURED,"{""top_periods_rows"": [2048.0, 1024.0, 682.6666666666666], ""top_power_share"": [0.6080683303114695, 0.17202383790082756, 0.05259216386583258], ""spectral_entropy_norm"": 0.23156597602920542, ""zero_filled_fraction"": 0.0, ""method"": ""Welch nperseg<=2048 on demeaned rows""}",,laneA_ps1_metrics.v1
fred.rates.dgs20.level,cost,MEASURED,"{""build_s"": 0.014329546249952892, ""profile_s"": 0.03200479399947653, ""bytes_float64"": 573872}",,laneA_ps1_metrics.v1
fred.rates.dgs20.logret_1d,missingness,MEASURED,"{""n_rows"": 71734, ""n_finite"": 71734, ""missing_fraction"": 0.0}",,laneA_ps1_metrics.v1
fred.rates.dgs20.logret_1d,constant,MEASURED,"{""n_unique"": 1580, ""is_constant"": false, ""top_value_share"": 0.09873978866367412}",,laneA_ps1_metrics.v1
fred.rates.dgs20.logret_1d,scale_tails,MEASURED,"{""mean"": 0.0002311830355065642, ""std"": 0.0236152246963677, ""min"": -0.22543976357456008, ""max"": 0.2876820724517809, ""p001"": -0.20649191772176761, ""p01"": -0.055710607014005764, ""p05"": -0.030890487019338386, ""p25"": -0.011131840368844181, ""median"": 0.0, ""p75"": 0.012042302128831284, ""p95"": 0.03419136474827936, ""p99"": 0.057330931739108415, ""p999"": 0.10287172542543503, ""mad"": 0.011385322225125227, ""skew"": -0.008302445349665776, ""excess_kurtosis"": 24.236908218661384, ""tail_ratio_p99_mad"": 5.035512443608317, ""share_beyond_5mad"": 0.020283268742855548}",,laneA_ps1_metrics.v1
fred.rates.dgs20.logret_1d,volatility,MEASURED,"{""std_first_diff"": 0.006189531211270601, ""rolling168_std_median"": 0.01438415996233965, ""vol_of_vol_cv"": 0.7798769367700714}",,laneA_ps1_metrics.v1
fred.rates.dgs20.logret_1d,acf,MEASURED,"{""lag_1"": 0.9656522261541282, ""lag_6"": 0.7939410418206735, ""lag_24"": 0.18745716843286267, ""lag_120"": 0.08992916626059236, ""lag_168"": -0.04169636889019817, ""lag_unit"": ""rows of the decision grid (1 row = 1 market hour; weekend gaps not filled)""}",,laneA_ps1_metrics.v1
fred.rates.dgs20.logret_1d,trend,MEASURED,"{""ols_slope_per_year"": 0.00017334636882011172, ""slope_in_std_per_year"": 0.007340449690778273, ""ols_r"": 0.01734026082052788, ""kendall_tau_3000"": 0.02851171088174163, ""kendall_p_3000"": 0.019798135191931073, ""caveat"": ""OLS p-value omitted: serial correlation makes it invalid""}",,laneA_ps1_metrics.v1
fred.rates.dgs20.logret_1d,adf,MEASURED,"{""stat"": -16.68281446491508, ""pvalue"": 1.5113133888528014e-29, ""lags"": 24, ""nobs"": 19975, ""crit_5pct"": -2.8616847064863733, ""H0"": ""unit root"", ""regression"": ""c"", ""sample"": ""last 20000 finite TRAIN values (gaps compressed)""}",,laneA_ps1_metrics.v1
fred.rates.dgs20.logret_1d,kpss,MEASURED,"{""stat"": 0.46543905437107636, ""pvalue"": 0.049450663429937765, ""lags"": 83, ""H0"": ""level stationary"", ""pvalue_truncated_to_table"": false, ""sample"": ""last 20000 finite TRAIN values (gaps compressed)""}",,laneA_ps1_metrics.v1
fred.rates.dgs20.logret_1d,seasonality,MEASURED,"{""eta2_hour_of_day"": 4.968300613796449e-06, ""eta2_day_of_week"": 0.0017528866868083304, ""eta2_month"": 0.006730241310241871}",,laneA_ps1_metrics.v1
fred.rates.dgs20.logret_1d,spectrum,MEASURED,"{""top_periods_rows"": [120.47058823529412, 113.77777777777777, 227.55555555555554], ""top_power_share"": [0.03800356563753975, 0.03795934952491108, 0.03581224127897068], ""spectral_entropy_norm"": 0.6328730772452158, ""zero_filled_fraction"": 0.0, ""method"": ""Welch nperseg<=2048 on demeaned rows""}",,laneA_ps1_metrics.v1
fred.rates.dgs20.logret_1d,cost,MEASURED,"{""build_s"": 0.014329546249952892, ""profile_s"": 0.032050369999524264, ""bytes_float64"": 573872}",,laneA_ps1_metrics.v1
fred.rates.dgs20.logret_5d,missingness,MEASURED,"{""n_rows"": 71734, ""n_finite"": 71734, ""missing_fraction"": 0.0}",,laneA_ps1_metrics.v1
fred.rates.dgs20.logret_5d,constant,MEASURED,"{""n_unique"": 1909, ""is_constant"": false, ""top_value_share"": 0.04264365572810662}",,laneA_ps1_metrics.v1
fred.rates.dgs20.logret_5d,scale_tails,MEASURED,"{""mean"": 0.0010123620966055063, ""std"": 0.04660575226304515, ""min"": -0.5176985030537526, ""max"": 0.3477859965214865, ""p001"": -0.2922587394791926, ""p01"": -0.11778303565638348, ""p05"": -0.06351340572232589, ""p25"": -0.02531780798428973, ""median"": 0.0, ""p75"": 0.02531780798428973, ""p95"": 0.07320340402329495, ""p99"": 0.12675170563914373, ""p999"": 0.21292199724267172, ""mad"": 0.02531780798428973, ""skew"": -0.38368218634004053, ""excess_kurtosis"": 9.239073569551287, ""tail_ratio_p99_mad"": 5.006424952657671, ""share_beyond_5mad"": 0.01805280620068587}",,laneA_ps1_metrics.v1
fred.rates.dgs20.logret_5d,volatility,MEASURED,"{""std_first_diff"": 0.006213609113974505, ""rolling168_std_median"": 0.021830182117698785, ""vol_of_vol_cv"": 0.7441092403806013}",,laneA_ps1_metrics.v1
fred.rates.dgs20.logret_5d,acf,MEASURED,"{""lag_1"": 0.9911126085922153, ""lag_6"": 0.9466847659329798, ""lag_24"": 0.7880007163051184, ""lag_120"": -0.04859492250839221, ""lag_168"": -0.0567941394866927, ""lag_unit"": ""rows of the decision grid (1 row = 1 market hour; weekend gaps not filled)""}",,laneA_ps1_metrics.v1
fred.rates.dgs20.logret_5d,trend,MEASURED,"{""ols_slope_per_year"": 0.0007890836366620774, ""slope_in_std_per_year"": 0.01693103529814197, ""ols_r"": 0.039995992125683756, ""kendall_tau_3000"": 0.031268995575199375, ""kendall_p_3000"": 0.010321040979814141, ""caveat"": ""OLS p-value omitted: serial correlation makes it invalid""}",,laneA_ps1_metrics.v1
fred.rates.dgs20.logret_5d,adf,MEASURED,"{""stat"": -10.677437839319236, ""pvalue"": 4.020019310014099e-19, ""lags"": 24, ""nobs"": 19975, ""crit_5pct"": -2.8616847064863733, ""H0"": ""unit root"", ""regression"": ""c"", ""sample"": ""last 20000 finite TRAIN values (gaps compressed)""}",,laneA_ps1_metrics.v1
fred.rates.dgs20.logret_5d,kpss,MEASURED,"{""stat"": 0.4071788430917084, ""pvalue"": 0.07406084349495329, ""lags"": 86, ""H0"": ""level stationary"", ""pvalue_truncated_to_table"": false, ""sample"": ""last 20000 finite TRAIN values (gaps compressed)""}",,laneA_ps1_metrics.v1
fred.rates.dgs20.logret_5d,seasonality,MEASURED,"{""eta2_hour_of_day"": 1.0927225343803074e-06, ""eta2_day_of_week"": 2.811499366797667e-05, ""eta2_month"": 0.018606721217231906}",,laneA_ps1_metrics.v1
fred.rates.dgs20.logret_5d,spectrum,MEASURED,"{""top_periods_rows"": [409.6, 512.0, 341.3333333333333], ""top_power_share"": [0.12352893609591158, 0.12022172902638908, 0.0977417320365228], ""spectral_entropy_norm"": 0.44117403699821606, ""zero_filled_fraction"": 0.0, ""method"": ""Welch nperseg<=2048 on demeaned rows""}",,laneA_ps1_metrics.v1
fred.rates.dgs20.logret_5d,cost,MEASURED,"{""build_s"": 0.014329546249952892, ""profile_s"": 0.03211017100056779, ""bytes_float64"": 573872}",,laneA_ps1_metrics.v1
fred.rates.dgs30.level,missingness,MEASURED,"{""n_rows"": 71734, ""n_finite"": 71734, ""missing_fraction"": 0.0}",,laneA_ps1_metrics.v1
fred.rates.dgs30.level,constant,MEASURED,"{""n_unique"": 334, ""is_constant"": false, ""top_value_share"": 0.015181085677642401}",,laneA_ps1_metrics.v1
fred.rates.dgs30.level,scale_tails,MEASURED,"{""mean"": 2.8591987063317257, ""std"": 0.7063232040555373, ""min"": 0.99, ""max"": 5.09, ""p001"": 1.17, ""p01"": 1.27, ""p05"": 1.55, ""p25"": 2.42, ""median"": 2.92, ""p75"": 3.2, ""p95"": 3.95, ""p99"": 4.73, ""p999"": 5.053350000000355, ""mad"": 0.3799999999999999, ""skew"": 0.013192950440449425, ""excess_kurtosis"": 0.2639241714754825, ""tail_ratio_p99_mad"": 4.763157894736845, ""share_beyond_5mad"": 0.006998076226057378}",,laneA_ps1_metrics.v1
fred.rates.dgs30.level,volatility,MEASURED,"{""std_first_diff"": 0.009959343555631156, ""rolling168_std_median"": 0.03938139966121352, ""vol_of_vol_cv"": 0.5750528257731948}",,laneA_ps1_metrics.v1
fred.rates.dgs30.level,acf,MEASURED,"{""lag_1"": 0.999900591040954, ""lag_6"": 0.9994039598426678, ""lag_24"": 0.9976232791697199, ""lag_120"": 0.9889191954570856, ""lag_168"": 0.9849708087652953, ""lag_unit"": ""rows of the decision grid (1 row = 1 market hour; weekend gaps not filled)""}",,laneA_ps1_metrics.v1
fred.rates.dgs30.level,trend,MEASURED,"{""ols_slope_per_year"": -0.030226371105739162, ""slope_in_std_per_year"": -0.04279396589576364, ""ols_r"": -0.10109169893358932, ""kendall_tau_3000"": -0.11527703143883664, ""kendall_p_3000"": 3.689898676325959e-21, ""caveat"": ""OLS p-value omitted: serial correlation makes it invalid""}",,laneA_ps1_metrics.v1
fred.rates.dgs30.level,adf,MEASURED,"{""stat"": -1.1308079069630226, ""pvalue"": 0.7026310409146252, ""lags"": 24, ""nobs"": 19975, ""crit_5pct"": -2.8616847064863733, ""H0"": ""unit root"", ""regression"": ""c"", ""sample"": ""last 20000 finite TRAIN values (gaps compressed)""}",,laneA_ps1_metrics.v1
fred.rates.dgs30.level,kpss,MEASURED,"{""stat"": 20.74626220676341, ""pvalue"": 0.01, ""lags"": 87, ""H0"": ""level stationary"", ""pvalue_truncated_to_table"": true, ""sample"": ""last 20000 finite TRAIN values (gaps compressed)""}",,laneA_ps1_metrics.v1
fred.rates.dgs30.level,seasonality,MEASURED,"{""eta2_hour_of_day"": 0.00014997684688451463, ""eta2_day_of_week"": 3.873174663181735e-05, ""eta2_month"": 0.013648185503559963}",,laneA_ps1_metrics.v1
fred.rates.dgs30.level,spectrum,MEASURED,"{""top_periods_rows"": [2048.0, 1024.0, 682.6666666666666], ""top_power_share"": [0.593545916430218, 0.1717101791918072, 0.05442473848809523], ""spectral_entropy_norm"": 0.24006951197307613, ""zero_filled_fraction"": 0.0, ""method"": ""Welch nperseg<=2048 on demeaned rows""}",,laneA_ps1_metrics.v1
fred.rates.dgs30.level,cost,MEASURED,"{""build_s"": 0.014329546249952892, ""profile_s"": 0.031896200999653956, ""bytes_float64"": 573872}",,laneA_ps1_metrics.v1
fred.rates.dgs30.logret_1d,missingness,MEASURED,"{""n_rows"": 71734, ""n_finite"": 71734, ""missing_fraction"": 0.0}",,laneA_ps1_metrics.v1
fred.rates.dgs30.logret_1d,constant,MEASURED,"{""n_unique"": 1531, ""is_constant"": false, ""top_value_share"": 0.09022220983076365}",,laneA_ps1_metrics.v1
fred.rates.dgs30.logret_1d,scale_tails,MEASURED,"{""mean"": -0.0001761467578914247, ""std"": 0.021601743736776535, ""min"": -0.23319388716771122, ""max"": 0.25691041378502727, ""p001"": -0.22154226994723597, ""p01"": -0.050483905431992104, ""p05"": -0.029532347565017325, ""p25"": -0.010256500167189042, ""median"": 0.0, ""p75"": 0.01061956882746018, ""p95"": 0.03007745523727795, ""p99"": 0.04939275532957638, ""p999"": 0.08701137698962969, ""mad"": 0.010398707220898418, ""skew"": -0.7267375714618932, ""excess_kurtosis"": 24.244589187163566, ""tail_ratio_p99_mad"": 4.749893835871358, ""share_beyond_5mad"": 0.01918197786265927}",,laneA_ps1_metrics.v1
fred.rates.dgs30.logret_1d,volatility,MEASURED,"{""std_first_diff"": 0.005580975338382695, ""rolling168_std_median"": 0.013030633959665635, ""vol_of_vol_cv"": 0.7736974634507726}",,laneA_ps1_metrics.v1
fred.rates.dgs30.logret_1d,acf,MEASURED,"{""lag_1"": 0.9666258788695508, ""lag_6"": 0.7997811198839401, ""lag_24"": 0.21181323990691875, ""lag_120"": 0.07736762375542819, ""lag_168"": -0.04545812778864399, ""lag_unit"": ""rows of the decision grid (1 row = 1 market hour; weekend gaps not filled)""}",,laneA_ps1_metrics.v1
fred.rates.dgs30.logret_1d,trend,MEASURED,"{""ols_slope_per_year"": 0.00017431705164381984, ""slope_in_std_per_year"": 0.00806958242667459, ""ols_r"": 0.019062682790003515, ""kendall_tau_3000"": 0.030296259395772684, ""kendall_p_3000"": 0.013224332863135483, ""caveat"": ""OLS p-value omitted: serial correlation makes it invalid""}",,laneA_ps1_metrics.v1
fred.rates.dgs30.logret_1d,adf,MEASURED,"{""stat"": -16.93271624210619, ""pvalue"": 9.749606617176228e-30, ""lags"": 24, ""nobs"": 19975, ""crit_5pct"": -2.8616847064863733, ""H0"": ""unit root"", ""regression"": ""c"", ""sample"": ""last 20000 finite TRAIN values (gaps compressed)""}",,laneA_ps1_metrics.v1
fred.rates.dgs30.logret_1d,kpss,MEASURED,"{""stat"": 0.3210403264258618, ""pvalue"": 0.1, ""lags"": 83, ""H0"": ""level stationary"", ""pvalue_truncated_to_table"": true, ""sample"": ""last 20000 finite TRAIN values (gaps compressed)""}",,laneA_ps1_metrics.v1
fred.rates.dgs30.logret_1d,seasonality,MEASURED,"{""eta2_hour_of_day"": 1.0801608156302441e-05, ""eta2_day_of_week"": 0.003642619376709384, ""eta2_month"": 0.00871724577019927}",,laneA_ps1_metrics.v1
fred.rates.dgs30.logret_1d,spectrum,MEASURED,"{""top_periods_rows"": [120.47058823529412, 227.55555555555554, 113.77777777777777], ""top_power_share"": [0.043137220148049625, 0.03968316807063545, 0.03905535556774941], ""spectral_entropy_norm"": 0.6288226892543485, ""zero_filled_fraction"": 0.0, ""method"": ""Welch nperseg<=2048 on demeaned rows""}",,laneA_ps1_metrics.v1
fred.rates.dgs30.logret_1d,cost,MEASURED,"{""build_s"": 0.014329546249952892, ""profile_s"": 0.03229325499978586, ""bytes_float64"": 573872}",,laneA_ps1_metrics.v1
fred.rates.dgs30.logret_5d,missingness,MEASURED,"{""n_rows"": 71734, ""n_finite"": 71734, ""missing_fraction"": 0.0}",,laneA_ps1_metrics.v1
fred.rates.dgs30.logret_5d,constant,MEASURED,"{""n_unique"": 1846, ""is_constant"": false, ""top_value_share"": 0.03683051272757688}",,laneA_ps1_metrics.v1
fred.rates.dgs30.logret_5d,scale_tails,MEASURED,"{""mean"": 0.0005842010001233496, ""std"": 0.04308031363708983, ""min"": -0.5168679382219533, ""max"": 0.30861528211824674, ""p001"": -0.2776317365982794, ""p01"": -0.10536051565782623, ""p05"": -0.05844359587007453, ""p25"": -0.023347363996991, ""median"": 0.0, ""p75"": 0.022618088587772478, ""p95"": 0.06899287148695132, ""p99"": 0.11778303565638337, ""p999"": 0.22154226994723597, ""mad"": 0.022989518224698857, ""skew"": -0.381761571184386, ""excess_kurtosis"": 11.817968641067422, ""tail_ratio_p99_mad"": 5.12333640510321, ""share_beyond_5mad"": 0.019112275908216465}",,laneA_ps1_metrics.v1
fred.rates.dgs30.logret_5d,volatility,MEASURED,"{""std_first_diff"": 0.005777295315483141, ""rolling168_std_median"": 0.019749861664470868, ""vol_of_vol_cv"": 0.7832441962719734}",,laneA_ps1_metrics.v1
fred.rates.dgs30.logret_5d,acf,MEASURED,"{""lag_1"": 0.9910080047724502, ""lag_6"": 0.9460583897704029, ""lag_24"": 0.784568967579909, ""lag_120"": -0.08730661995499925, ""lag_168"": -0.08025691686685679, ""lag_unit"": ""rows of the decision grid (1 row = 1 market hour; weekend gaps not filled)""}",,laneA_ps1_metrics.v1
fred.rates.dgs30.logret_5d,trend,MEASURED,"{""ols_slope_per_year"": 0.0007058076450507134, ""slope_in_std_per_year"": 0.01638353079312429, ""ols_r"": 0.0387026284603285, ""kendall_tau_3000"": 0.026723787349778202, ""kendall_p_3000"": 0.02834490627759623, ""caveat"": ""OLS p-value omitted: serial correlation makes it invalid""}",,laneA_ps1_metrics.v1
fred.rates.dgs30.logret_5d,adf,MEASURED,"{""stat"": -10.705538895172651, ""pvalue"": 3.435391564946722e-19, ""lags"": 24, ""nobs"": 19975, ""crit_5pct"": -2.8616847064863733, ""H0"": ""unit root"", ""regression"": ""c"", ""sample"": ""last 20000 finite TRAIN values (gaps compressed)""}",,laneA_ps1_metrics.v1
fred.rates.dgs30.logret_5d,kpss,MEASURED,"{""stat"": 0.23518228453057383, ""pvalue"": 0.1, ""lags"": 86, ""H0"": ""level stationary"", ""pvalue_truncated_to_table"": true, ""sample"": ""last 20000 finite TRAIN values (gaps compressed)""}",,laneA_ps1_metrics.v1
fred.rates.dgs30.logret_5d,seasonality,MEASURED,"{""eta2_hour_of_day"": 9.52756095116987e-07, ""eta2_day_of_week"": 5.422498981998845e-05, ""eta2_month"": 0.022172665923172217}",,laneA_ps1_metrics.v1
fred.rates.dgs30.logret_5d,spectrum,MEASURED,"{""top_periods_rows"": [409.6, 512.0, 341.3333333333333], ""top_power_share"": [0.1254682143032286, 0.11959463876744428, 0.09589626717838368], ""spectral_entropy_norm"": 0.4409132713780303, ""zero_filled_fraction"": 0.0, ""method"": ""Welch nperseg<=2048 on demeaned rows""}",,laneA_ps1_metrics.v1
fred.rates.dgs30.logret_5d,cost,MEASURED,"{""build_s"": 0.014329546249952892, ""profile_s"": 0.03215346300021338, ""bytes_float64"": 573872}",,laneA_ps1_metrics.v1
fred.rates.dgs3mo.level,missingness,MEASURED,"{""n_rows"": 71734, ""n_finite"": 71734, ""missing_fraction"": 0.0}",,laneA_ps1_metrics.v1
fred.rates.dgs3mo.level,constant,MEASURED,"{""n_unique"": 363, ""is_constant"": false, ""top_value_share"": 0.06167228929099172}",,laneA_ps1_metrics.v1
fred.rates.dgs3mo.level,scale_tails,MEASURED,"{""mean"": 1.0937053558981793, ""std"": 1.5342822015835278, ""min"": 0.0, ""max"": 5.63, ""p001"": 0.0, ""p01"": 0.01, ""p05"": 0.02, ""p25"": 0.05, ""median"": 0.26, ""p75"": 1.76, ""p95"": 5.26, ""p99"": 5.57, ""p999"": 5.63, ""mad"": 0.24000000000000002, ""skew"": 1.6638554239973837, ""excess_kurtosis"": 1.8888517528232551, ""tail_ratio_p99_mad"": 22.125, ""share_beyond_5mad"": 0.3029804555719742}",,laneA_ps1_metrics.v1
fred.rates.dgs3mo.level,volatility,MEASURED,"{""std_first_diff"": 0.005708182161425748, ""rolling168_std_median"": 0.01050462577870952, ""vol_of_vol_cv"": 1.3921421079257066}",,laneA_ps1_metrics.v1
fred.rates.dgs3mo.level,acf,MEASURED,"{""lag_1"": 0.9999930803089626, ""lag_6"": 0.9999586004887048, ""lag_24"": 0.9998359698318636, ""lag_120"": 0.999065097166004, ""lag_168"": 0.998501803529204, ""lag_unit"": ""rows of the decision grid (1 row = 1 market hour; weekend gaps not filled)""}",,laneA_ps1_metrics.v1
fred.rates.dgs3mo.level,trend,MEASURED,"{""ols_slope_per_year"": 0.4063861754578057, ""slope_in_std_per_year"": 0.26487055317357905, ""ols_r"": 0.6257006953507762, ""kendall_tau_3000"": 0.43255381917882696, ""kendall_p_3000"": 5.35039200768278e-271, ""caveat"": ""OLS p-value omitted: serial correlation makes it invalid""}",,laneA_ps1_metrics.v1
fred.rates.dgs3mo.level,adf,MEASURED,"{""stat"": 1.1632915385763414, ""pvalue"": 0.9957221855338411, ""lags"": 24, ""nobs"": 19975, ""crit_5pct"": -2.8616847064863733, ""H0"": ""unit root"", ""regression"": ""c"", ""sample"": ""last 20000 finite TRAIN values (gaps compressed)""}",,laneA_ps1_metrics.v1
fred.rates.dgs3mo.level,kpss,MEASURED,"{""stat"": 20.94524535722431, ""pvalue"": 0.01, ""lags"": 87, ""H0"": ""level stationary"", ""pvalue_truncated_to_table"": true, ""sample"": ""last 20000 finite TRAIN values (gaps compressed)""}",,laneA_ps1_metrics.v1
fred.rates.dgs3mo.level,seasonality,MEASURED,"{""eta2_hour_of_day"": 0.0006148134731106928, ""eta2_day_of_week"": 5.800188703739224e-05, ""eta2_month"": 0.011041671169620085}",,laneA_ps1_metrics.v1
fred.rates.dgs3mo.level,spectrum,MEASURED,"{""top_periods_rows"": [2048.0, 1024.0, 682.6666666666666], ""top_power_share"": [0.764371221022135, 0.12017527743288559, 0.04280991920652772], ""spectral_entropy_norm"": 0.14771833750426475, ""zero_filled_fraction"": 0.0, ""method"": ""Welch nperseg<=2048 on demeaned rows""}",,laneA_ps1_metrics.v1
fred.rates.dgs3mo.level,cost,MEASURED,"{""build_s"": 0.014329546249952892, ""profile_s"": 0.03174454599957244, ""bytes_float64"": 573872}",,laneA_ps1_metrics.v1
fred.rates.dgs3mo.diff_1d,missingness,MEASURED,"{""n_rows"": 71734, ""n_finite"": 71734, ""missing_fraction"": 0.0}",,laneA_ps1_metrics.v1
fred.rates.dgs3mo.diff_1d,constant,MEASURED,"{""n_unique"": 142, ""is_constant"": false, ""top_value_share"": 0.3357264337692029}",,laneA_ps1_metrics.v1
fred.rates.dgs3mo.diff_1d,scale_tails,MEASURED,"{""mean"": 0.002529344522820421, ""std"": 0.02675711656219492, ""min"": -0.22999999999999998, ""max"": 0.3400000000000001, ""p001"": -0.17999999999999994, ""p01"": -0.05999999999999983, ""p05"": -0.02999999999999997, ""p25"": -0.009999999999999995, ""median"": 0.0, ""p75"": 0.010000000000000002, ""p95"": 0.039999999999999813, ""p99"": 0.08999999999999986, ""p999"": 0.20999999999999996, ""mad"": 0.01, ""skew"": 1.1802015565287471, ""excess_kurtosis"": 28.017143989460855, ""tail_ratio_p99_mad"": 8.999999999999986, ""share_beyond_5mad"": 0.0420860400925642}",,laneA_ps1_metrics.v1
fred.rates.dgs3mo.diff_1d,volatility,MEASURED,"{""std_first_diff"": 0.007455367686051757, ""rolling168_std_median"": 0.011610418809051918, ""vol_of_vol_cv"": 0.9891120014106727}",,laneA_ps1_metrics.v1
fred.rates.dgs3mo.diff_1d,acf,MEASURED,"{""lag_1"": 0.9611828046066759, ""lag_6"": 0.767126130028426, ""lag_24"": 0.15560466474504542, ""lag_120"": 0.22895577580395418, ""lag_168"": 0.035764537612495165, ""lag_unit"": ""rows of the decision grid (1 row = 1 market hour; weekend gaps not filled)""}",,laneA_ps1_metrics.v1
fred.rates.dgs3mo.diff_1d,trend,MEASURED,"{""ols_slope_per_year"": 0.0007012520260362083, ""slope_in_std_per_year"": 0.026208056626961292, ""ols_r"": 0.06191099410184622, ""kendall_tau_3000"": 0.023440355419495396, ""kendall_p_3000"": 0.06734642896066237, ""caveat"": ""OLS p-value omitted: serial correlation makes it invalid""}",,laneA_ps1_metrics.v1
fred.rates.dgs3mo.diff_1d,adf,MEASURED,"{""stat"": -18.2852052346698, ""pvalue"": 2.3037013864147627e-30, ""lags"": 24, ""nobs"": 19975, ""crit_5pct"": -2.8616847064863733, ""H0"": ""unit root"", ""regression"": ""c"", ""sample"": ""last 20000 finite TRAIN values (gaps compressed)""}",,laneA_ps1_metrics.v1
fred.rates.dgs3mo.diff_1d,kpss,MEASURED,"{""stat"": 1.3095240012638676, ""pvalue"": 0.01, ""lags"": 82, ""H0"": ""level stationary"", ""pvalue_truncated_to_table"": true, ""sample"": ""last 20000 finite TRAIN values (gaps compressed)""}",,laneA_ps1_metrics.v1
fred.rates.dgs3mo.diff_1d,seasonality,MEASURED,"{""eta2_hour_of_day"": 6.406413220970567e-05, ""eta2_day_of_week"": 0.051219393733702566, ""eta2_month"": 0.0077283165861184375}",,laneA_ps1_metrics.v1
fred.rates.dgs3mo.diff_1d,spectrum,MEASURED,"{""top_periods_rows"": [120.47058823529412, 2048.0, 1024.0], ""top_power_share"": [0.05775258502457633, 0.04250129252138568, 0.035869560791374794], ""spectral_entropy_norm"": 0.654672972968482, ""zero_filled_fraction"": 0.0, ""method"": ""Welch nperseg<=2048 on demeaned rows""}",,laneA_ps1_metrics.v1
fred.rates.dgs3mo.diff_1d,cost,MEASURED,"{""build_s"": 0.014329546249952892, ""profile_s"": 0.031220392999784963, ""bytes_float64"": 573872}",,laneA_ps1_metrics.v1
fred.rates.dgs3mo.diff_5d,missingness,MEASURED,"{""n_rows"": 71734, ""n_finite"": 71734, ""missing_fraction"": 0.0}",,laneA_ps1_metrics.v1
fred.rates.dgs3mo.diff_5d,constant,MEASURED,"{""n_unique"": 233, ""is_constant"": false, ""top_value_share"": 0.21303705355898178}",,laneA_ps1_metrics.v1
fred.rates.dgs3mo.diff_5d,scale_tails,MEASURED,"{""mean"": 0.009537457830317564, ""std"": 0.06622647533024162, ""min"": -0.8200000000000001, ""max"": 0.5700000000000001, ""p001"": -0.81, ""p01"": -0.1299999999999999, ""p05"": -0.050000000000000044, ""p25"": -0.01, ""median"": 0.0, ""p75"": 0.020000000000000018, ""p95"": 0.09999999999999998, ""p99"": 0.21999999999999975, ""p999"": 0.47, ""mad"": 0.010000000000000009, ""skew"": -1.9005539883314018, ""excess_kurtosis"": 46.30981629113568, ""tail_ratio_p99_mad"": 21.999999999999957, ""share_beyond_5mad"": 0.1601750913095603}",,laneA_ps1_metrics.v1
fred.rates.dgs3mo.diff_5d,volatility,MEASURED,"{""std_first_diff"": 0.006880771435220946, ""rolling168_std_median"": 0.01439084852409031, ""vol_of_vol_cv"": 1.2262358376236007}",,laneA_ps1_metrics.v1
fred.rates.dgs3mo.diff_5d,acf,MEASURED,"{""lag_1"": 0.9946027202348465, ""lag_6"": 0.9676271279365378, ""lag_24"": 0.8695418726851839, ""lag_120"": 0.3508928243767923, ""lag_168"": 0.30227460512337956, ""lag_unit"": ""rows of the decision grid (1 row = 1 market hour; weekend gaps not filled)""}",,laneA_ps1_metrics.v1
fred.rates.dgs3mo.diff_5d,trend,MEASURED,"{""ols_slope_per_year"": 0.004039781376743678, ""slope_in_std_per_year"": 0.060999492372183585, ""ols_r"": 0.14409840707474644, ""kendall_tau_3000"": 0.11095565083399063, ""kendall_p_3000"": 6.795723715370826e-19, ""caveat"": ""OLS p-value omitted: serial correlation makes it invalid""}",,laneA_ps1_metrics.v1
fred.rates.dgs3mo.diff_5d,adf,MEASURED,"{""stat"": -8.382970231355655, ""pvalue"": 2.4814027562259775e-13, ""lags"": 24, ""nobs"": 19975, ""crit_5pct"": -2.8616847064863733, ""H0"": ""unit root"", ""regression"": ""c"", ""sample"": ""last 20000 finite TRAIN values (gaps compressed)""}",,laneA_ps1_metrics.v1
fred.rates.dgs3mo.diff_5d,kpss,MEASURED,"{""stat"": 2.359201825457377, ""pvalue"": 0.01, ""lags"": 86, ""H0"": ""level stationary"", ""pvalue_truncated_to_table"": true, ""sample"": ""last 20000 finite TRAIN values (gaps compressed)""}",,laneA_ps1_metrics.v1
fred.rates.dgs3mo.diff_5d,seasonality,MEASURED,"{""eta2_hour_of_day"": 2.8002058043326256e-05, ""eta2_day_of_week"": 0.0007060897562587244, ""eta2_month"": 0.027932585975213246}",,laneA_ps1_metrics.v1
fred.rates.dgs3mo.diff_5d,spectrum,MEASURED,"{""top_periods_rows"": [2048.0, 1024.0, 682.6666666666666], ""top_power_share"": [0.17411464998120546, 0.16185287269582516, 0.1274513156267441], ""spectral_entropy_norm"": 0.41135743315252243, ""zero_filled_fraction"": 0.0, ""method"": ""Welch nperseg<=2048 on demeaned rows""}",,laneA_ps1_metrics.v1
fred.rates.dgs3mo.diff_5d,cost,MEASURED,"{""build_s"": 0.014329546249952892, ""profile_s"": 0.03134459600005357, ""bytes_float64"": 573872}",,laneA_ps1_metrics.v1
fred.rates.dgs5.level,missingness,MEASURED,"{""n_rows"": 71734, ""n_finite"": 71734, ""missing_fraction"": 0.0}",,laneA_ps1_metrics.v1
fred.rates.dgs5.level,constant,MEASURED,"{""n_unique"": 413, ""is_constant"": false, ""top_value_share"": 0.010761981765968718}",,laneA_ps1_metrics.v1
fred.rates.dgs5.level,scale_tails,MEASURED,"{""mean"": 1.794126076895196, ""std"": 1.0385781642079208, ""min"": 0.19, ""max"": 4.92, ""p001"": 0.21, ""p01"": 0.27, ""p05"": 0.37, ""p25"": 1.13, ""median"": 1.62, ""p75"": 2.33, ""p95"": 4.04, ""p99"": 4.6, ""p999"": 4.86, ""mad"": 0.5900000000000001, ""skew"": 0.9033280200044393, ""excess_kurtosis"": 0.3346787629344212, ""tail_ratio_p99_mad"": 5.050847457627118, ""share_beyond_5mad"": 0.010692279811525915}",,laneA_ps1_metrics.v1
fred.rates.dgs5.level,volatility,MEASURED,"{""std_first_diff"": 0.01025627443412015, ""rolling168_std_median"": 0.036260746614983456, ""vol_of_vol_cv"": 0.6990447226908958}",,laneA_ps1_metrics.v1
fred.rates.dgs5.level,acf,MEASURED,"{""lag_1"": 0.999951238517112, ""lag_6"": 0.999707697233041, ""lag_24"": 0.9988328331212123, ""lag_120"": 0.994266159951375, ""lag_168"": 0.9920515456576208, ""lag_unit"": ""rows of the decision grid (1 row = 1 market hour; weekend gaps not filled)""}",,laneA_ps1_metrics.v1
fred.rates.dgs5.level,trend,MEASURED,"{""ols_slope_per_year"": 0.21472306827428878, ""slope_in_std_per_year"": 0.20674714304055186, ""ols_r"": 0.48839642463948924, ""kendall_tau_3000"": 0.31882329045157404, ""kendall_p_3000"": 1.9423084051573765e-150, ""caveat"": ""OLS p-value omitted: serial correlation makes it invalid""}",,laneA_ps1_metrics.v1
fred.rates.dgs5.level,adf,MEASURED,"{""stat"": -1.002783074134411, ""pvalue"": 0.7522478858731054, ""lags"": 24, ""nobs"": 19975, ""crit_5pct"": -2.8616847064863733, ""H0"": ""unit root"", ""regression"": ""c"", ""sample"": ""last 20000 finite TRAIN values (gaps compressed)""}",,laneA_ps1_metrics.v1
fred.rates.dgs5.level,kpss,MEASURED,"{""stat"": 22.102764024613634, ""pvalue"": 0.01, ""lags"": 87, ""H0"": ""level stationary"", ""pvalue_truncated_to_table"": true, ""sample"": ""last 20000 finite TRAIN values (gaps compressed)""}",,laneA_ps1_metrics.v1
fred.rates.dgs5.level,seasonality,MEASURED,"{""eta2_hour_of_day"": 0.0003277225865981927, ""eta2_day_of_week"": 2.7077334909934087e-05, ""eta2_month"": 0.010028978721482562}",,laneA_ps1_metrics.v1
fred.rates.dgs5.level,spectrum,MEASURED,"{""top_periods_rows"": [2048.0, 1024.0, 682.6666666666666], ""top_power_share"": [0.5966973618972435, 0.1862970392484292, 0.05835091580457567], ""spectral_entropy_norm"": 0.22909198772728226, ""zero_filled_fraction"": 0.0, ""method"": ""Welch nperseg<=2048 on demeaned rows""}",,laneA_ps1_metrics.v1
fred.rates.dgs5.level,cost,MEASURED,"{""build_s"": 0.014329546249952892, ""profile_s"": 0.031805650999558566, ""bytes_float64"": 573872}",,laneA_ps1_metrics.v1
fred.rates.dgs5.logret_1d,missingness,MEASURED,"{""n_rows"": 71734, ""n_finite"": 71734, ""missing_fraction"": 0.0}",,laneA_ps1_metrics.v1
fred.rates.dgs5.logret_1d,constant,MEASURED,"{""n_unique"": 1528, ""is_constant"": false, ""top_value_share"": 0.10293584632113084}",,laneA_ps1_metrics.v1
fred.rates.dgs5.logret_1d,scale_tails,MEASURED,"{""mean"": 0.0007935619156755509, ""std"": 0.04063651947618217, ""min"": -0.35667494393873234, ""max"": 0.3144933299024376, ""p001"": -0.23841102344499815, ""p01"": -0.11279549414534434, ""p05"": -0.05635293655113183, ""p25"": -0.017192400540372854, ""median"": 0.0, ""p75"": 0.018809331957496234, ""p95"": 0.058840500022933506, ""p99"": 0.1177830356563836, ""p999"": 0.24308601963936446, ""mad"": 0.017699577099400954, ""skew"": -0.08677281797165483, ""excess_kurtosis"": 11.101163662497067, ""tail_ratio_p99_mad"": 6.654567789666002, ""share_beyond_5mad"": 0.03557587754760644}",,laneA_ps1_metrics.v1
fred.rates.dgs5.logret_1d,volatility,MEASURED,"{""std_first_diff"": 0.010420338667856929, ""rolling168_std_median"": 0.024101591315608562, ""vol_of_vol_cv"": 0.7852120950678758}",,laneA_ps1_metrics.v1
fred.rates.dgs5.logret_1d,acf,MEASURED,"{""lag_1"": 0.9671226723397198, ""lag_6"": 0.8027032065088973, ""lag_24"": 0.22123486910788318, ""lag_120"": 0.04976410018081779, ""lag_168"": -0.06725933230302367, ""lag_unit"": ""rows of the decision grid (1 row = 1 market hour; weekend gaps not filled)""}",,laneA_ps1_metrics.v1
fred.rates.dgs5.logret_1d,trend,MEASURED,"{""ols_slope_per_year"": 0.0001633174376419907, ""slope_in_std_per_year"": 0.00401898193416181, ""ols_r"": 0.009493995314606731, ""kendall_tau_3000"": 0.01728348120324719, ""kendall_p_3000"": 0.15799379870258845, ""caveat"": ""OLS p-value omitted: serial correlation makes it invalid""}",,laneA_ps1_metrics.v1
fred.rates.dgs5.logret_1d,adf,MEASURED,"{""stat"": -15.625768614744866, ""pvalue"": 1.7096212926902345e-28, ""lags"": 24, ""nobs"": 19975, ""crit_5pct"": -2.8616847064863733, ""H0"": ""unit root"", ""regression"": ""c"", ""sample"": ""last 20000 finite TRAIN values (gaps compressed)""}",,laneA_ps1_metrics.v1
fred.rates.dgs5.logret_1d,kpss,MEASURED,"{""stat"": 0.41289353220232, ""pvalue"": 0.07159761543003448, ""lags"": 84, ""H0"": ""level stationary"", ""pvalue_truncated_to_table"": false, ""sample"": ""last 20000 finite TRAIN values (gaps compressed)""}",,laneA_ps1_metrics.v1
fred.rates.dgs5.logret_1d,seasonality,MEASURED,"{""eta2_hour_of_day"": 3.1985848808715723e-06, ""eta2_day_of_week"": 0.0008099739219241944, ""eta2_month"": 0.003232173530455197}",,laneA_ps1_metrics.v1
fred.rates.dgs5.logret_1d,spectrum,MEASURED,"{""top_periods_rows"": [227.55555555555554, 113.77777777777777, 341.3333333333333], ""top_power_share"": [0.04165872151587562, 0.03907818545173689, 0.03764607376537659], ""spectral_entropy_norm"": 0.6275623717763333, ""zero_filled_fraction"": 0.0, ""method"": ""Welch nperseg<=2048 on demeaned rows""}",,laneA_ps1_metrics.v1
fred.rates.dgs5.logret_1d,cost,MEASURED,"{""build_s"": 0.014329546249952892, ""profile_s"": 0.03210432099967875, ""bytes_float64"": 573872}",,laneA_ps1_metrics.v1
fred.rates.dgs5.logret_5d,missingness,MEASURED,"{""n_rows"": 71734, ""n_finite"": 71734, ""missing_fraction"": 0.0}",,laneA_ps1_metrics.v1
fred.rates.dgs5.logret_5d,constant,MEASURED,"{""n_unique"": 1827, ""is_constant"": false, ""top_value_share"": 0.05194189645077648}",,laneA_ps1_metrics.v1
fred.rates.dgs5.logret_5d,scale_tails,MEASURED,"{""mean"": 0.003152132430812648, ""std"": 0.07916927196077653, ""min"": -0.6486954179891113, ""max"": 0.4489502200479033, ""p001"": -0.42819335918572066, ""p01"": -0.21130909366720674, ""p05"": -0.11267901009049883, ""p25"": -0.03717900324175405, ""median"": 0.0, ""p75"": 0.04124295853404902, ""p95"": 0.12715517548524674, ""p99"": 0.2248228128339298, ""p999"": 0.37267528528517346, ""mad"": 0.03891541624967365, ""skew"": -0.215367519927459, ""excess_kurtosis"": 5.60913422257417, ""tail_ratio_p99_mad"": 5.77721721878833, ""share_beyond_5mad"": 0.026291577215825132}",,laneA_ps1_metrics.v1
fred.rates.dgs5.logret_5d,volatility,MEASURED,"{""std_first_diff"": 0.01044139419624324, ""rolling168_std_median"": 0.035317734935529005, ""vol_of_vol_cv"": 0.7675120466075197}",,laneA_ps1_metrics.v1
fred.rates.dgs5.logret_5d,acf,MEASURED,"{""lag_1"": 0.9913029926253807, ""lag_6"": 0.947819780129749, ""lag_24"": 0.7907772888404278, ""lag_120"": -0.03928558550062711, ""lag_168"": -0.03434040256806786, ""lag_unit"": ""rows of the decision grid (1 row = 1 market hour; weekend gaps not filled)""}",,laneA_ps1_metrics.v1
fred.rates.dgs5.logret_5d,trend,MEASURED,"{""ols_slope_per_year"": 0.0007309075764745109, ""slope_in_std_per_year"": 0.009232212932773088, ""ols_r"": 0.02180915161179484, ""kendall_tau_3000"": 0.026053972194511943, ""kendall_p_3000"": 0.03266915018954744, ""caveat"": ""OLS p-value omitted: serial correlation makes it invalid""}",,laneA_ps1_metrics.v1
fred.rates.dgs5.logret_5d,adf,MEASURED,"{""stat"": -10.723986510813702, ""pvalue"": 3.09904277900655e-19, ""lags"": 24, ""nobs"": 19975, ""crit_5pct"": -2.8616847064863733, ""H0"": ""unit root"", ""regression"": ""c"", ""sample"": ""last 20000 finite TRAIN values (gaps compressed)""}",,laneA_ps1_metrics.v1
fred.rates.dgs5.logret_5d,kpss,MEASURED,"{""stat"": 0.8030184402053402, ""pvalue"": 0.01, ""lags"": 86, ""H0"": ""level stationary"", ""pvalue_truncated_to_table"": true, ""sample"": ""last 20000 finite TRAIN values (gaps compressed)""}",,laneA_ps1_metrics.v1
fred.rates.dgs5.logret_5d,seasonality,MEASURED,"{""eta2_hour_of_day"": 1.204466891880107e-06, ""eta2_day_of_week"": 3.99420171009928e-05, ""eta2_month"": 0.012481849388161681}",,laneA_ps1_metrics.v1
fred.rates.dgs5.logret_5d,spectrum,MEASURED,"{""top_periods_rows"": [512.0, 409.6, 341.3333333333333], ""top_power_share"": [0.10410229938212329, 0.10323116657878241, 0.10084053204520979], ""spectral_entropy_norm"": 0.4444442905916178, ""zero_filled_fraction"": 0.0, ""method"": ""Welch nperseg<=2048 on demeaned rows""}",,laneA_ps1_metrics.v1
fred.rates.dgs5.logret_5d,cost,MEASURED,"{""build_s"": 0.014329546249952892, ""profile_s"": 0.032286010999996506, ""bytes_float64"": 573872}",,laneA_ps1_metrics.v1
fred.rates.dgs7.level,missingness,MEASURED,"{""n_rows"": 71734, ""n_finite"": 71734, ""missing_fraction"": 0.0}",,laneA_ps1_metrics.v1
fred.rates.dgs7.level,constant,MEASURED,"{""n_unique"": 410, ""is_constant"": false, ""top_value_share"": 0.010413471993754704}",,laneA_ps1_metrics.v1
fred.rates.dgs7.level,scale_tails,MEASURED,"{""mean"": 2.0504360554269945, ""std"": 0.9267886930829341, ""min"": 0.36, ""max"": 4.98, ""p001"": 0.39, ""p01"": 0.46, ""p05"": 0.61, ""p25"": 1.4, ""median"": 1.99, ""p75"": 2.44, ""p95"": 3.97, ""p99"": 4.61, ""p999"": 4.93, ""mad"": 0.5700000000000001, ""skew"": 0.7219362986462134, ""excess_kurtosis"": 0.4175879175877917, ""tail_ratio_p99_mad"": 4.5964912280701755, ""share_beyond_5mad"": 0.00298324365015195}",,laneA_ps1_metrics.v1
fred.rates.dgs7.level,volatility,MEASURED,"{""std_first_diff"": 0.010562778432118902, ""rolling168_std_median"": 0.03971383235313928, ""vol_of_vol_cv"": 0.6309440722568855}",,laneA_ps1_metrics.v1
fred.rates.dgs7.level,acf,MEASURED,"{""lag_1"": 0.9999350513619325, ""lag_6"": 0.9996107525600026, ""lag_24"": 0.9984466511390104, ""lag_120"": 0.9925106123622723, ""lag_168"": 0.9896736506543298, ""lag_unit"": ""rows of the decision grid (1 row = 1 market hour; weekend gaps not filled)""}",,laneA_ps1_metrics.v1
fred.rates.dgs7.level,trend,MEASURED,"{""ols_slope_per_year"": 0.15006804945134722, ""slope_in_std_per_year"": 0.16192261577140143, ""ols_r"": 0.38250795366741674, ""kendall_tau_3000"": 0.21744483122402639, ""kendall_p_3000"": 5.112028570114718e-71, ""caveat"": ""OLS p-value omitted: serial correlation makes it invalid""}",,laneA_ps1_metrics.v1
fred.rates.dgs7.level,adf,MEASURED,"{""stat"": -1.081914361759006, ""pvalue"": 0.7222300998015434, ""lags"": 24, ""nobs"": 19975, ""crit_5pct"": -2.8616847064863733, ""H0"": ""unit root"", ""regression"": ""c"", ""sample"": ""last 20000 finite TRAIN values (gaps compressed)""}",,laneA_ps1_metrics.v1
fred.rates.dgs7.level,kpss,MEASURED,"{""stat"": 21.935196334421555, ""pvalue"": 0.01, ""lags"": 87, ""H0"": ""level stationary"", ""pvalue_truncated_to_table"": true, ""sample"": ""last 20000 finite TRAIN values (gaps compressed)""}",,laneA_ps1_metrics.v1
fred.rates.dgs7.level,seasonality,MEASURED,"{""eta2_hour_of_day"": 0.0002890946643992148, ""eta2_day_of_week"": 2.757114461025787e-05, ""eta2_month"": 0.011239942014273602}",,laneA_ps1_metrics.v1
fred.rates.dgs7.level,spectrum,MEASURED,"{""top_periods_rows"": [2048.0, 1024.0, 682.6666666666666], ""top_power_share"": [0.5941376701912701, 0.18326655851909984, 0.057487519217877384], ""spectral_entropy_norm"": 0.23283996740271218, ""zero_filled_fraction"": 0.0, ""method"": ""Welch nperseg<=2048 on demeaned rows""}",,laneA_ps1_metrics.v1
fred.rates.dgs7.level,cost,MEASURED,"{""build_s"": 0.014329546249952892, ""profile_s"": 0.031948900000315916, ""bytes_float64"": 573872}",,laneA_ps1_metrics.v1
fred.rates.dgs7.logret_1d,missingness,MEASURED,"{""n_rows"": 71734, ""n_finite"": 71734, ""missing_fraction"": 0.0}",,laneA_ps1_metrics.v1
fred.rates.dgs7.logret_1d,constant,MEASURED,"{""n_unique"": 1619, ""is_constant"": false, ""top_value_share"": 0.08889787269635041}",,laneA_ps1_metrics.v1
fred.rates.dgs7.logret_1d,scale_tails,MEASURED,"{""mean"": 0.00039135251319855134, ""std"": 0.033801581274471575, ""min"": -0.28394375034117375, ""max"": 0.30616688712588397, ""p001"": -0.20875481386210998, ""p01"": -0.08050321884907063, ""p05"": -0.04580953603129423, ""p25"": -0.015927526696101202, ""median"": 0.0, ""p75"": 0.01671348097374059, ""p95"": 0.050643732818755005, ""p99"": 0.09149234042466581, ""p999"": 0.17209452557287952, ""mad"": 0.016260520871780315, ""skew"": -0.21704059286280994, ""excess_kurtosis"": 10.843450720226993, ""tail_ratio_p99_mad"": 5.626654960570681, ""share_beyond_5mad"": 0.024228399364318174}",,laneA_ps1_metrics.v1
fred.rates.dgs7.logret_1d,volatility,MEASURED,"{""std_first_diff"": 0.008637905721502385, ""rolling168_std_median"": 0.021017527584442232, ""vol_of_vol_cv"": 0.7324170499298946}",,laneA_ps1_metrics.v1
fred.rates.dgs7.logret_1d,acf,MEASURED,"{""lag_1"": 0.9673480382222006, ""lag_6"": 0.8040746393548498, ""lag_24"": 0.22771332273523176, ""lag_120"": 0.05578462638518535, ""lag_168"": -0.052758652553619924, ""lag_unit"": ""rows of the decision grid (1 row = 1 market hour; weekend gaps not filled)""}",,laneA_ps1_metrics.v1
fred.rates.dgs7.logret_1d,trend,MEASURED,"{""ols_slope_per_year"": 0.00016910445964009183, ""slope_in_std_per_year"": 0.005002856471919167, ""ols_r"": 0.011818190945403295, ""kendall_tau_3000"": 0.026070865640516538, ""kendall_p_3000"": 0.03296741508422005, ""caveat"": ""OLS p-value omitted: serial correlation makes it invalid""}",,laneA_ps1_metrics.v1
fred.rates.dgs7.logret_1d,adf,MEASURED,"{""stat"": -16.2901573315628, ""pvalue"": 3.3445468939371424e-29, ""lags"": 24, ""nobs"": 19975, ""crit_5pct"": -2.8616847064863733, ""H0"": ""unit root"", ""regression"": ""c"", ""sample"": ""last 20000 finite TRAIN values (gaps compressed)""}",,laneA_ps1_metrics.v1
fred.rates.dgs7.logret_1d,kpss,MEASURED,"{""stat"": 0.330077107987036, ""pvalue"": 0.1, ""lags"": 83, ""H0"": ""level stationary"", ""pvalue_truncated_to_table"": true, ""sample"": ""last 20000 finite TRAIN values (gaps compressed)""}",,laneA_ps1_metrics.v1
fred.rates.dgs7.logret_1d,seasonality,MEASURED,"{""eta2_hour_of_day"": 3.7573339739493942e-06, ""eta2_day_of_week"": 0.0006977522655177892, ""eta2_month"": 0.003645672917925455}",,laneA_ps1_metrics.v1
fred.rates.dgs7.logret_1d,spectrum,MEASURED,"{""top_periods_rows"": [409.6, 227.55555555555554, 341.3333333333333], ""top_power_share"": [0.03981763454369976, 0.03976290727780424, 0.038847842846931685], ""spectral_entropy_norm"": 0.6272230322650704, ""zero_filled_fraction"": 0.0, ""method"": ""Welch nperseg<=2048 on demeaned rows""}",,laneA_ps1_metrics.v1
fred.rates.dgs7.logret_1d,cost,MEASURED,"{""build_s"": 0.014329546249952892, ""profile_s"": 0.03212163299940585, ""bytes_float64"": 573872}",,laneA_ps1_metrics.v1
fred.rates.dgs7.logret_5d,missingness,MEASURED,"{""n_rows"": 71734, ""n_finite"": 71734, ""missing_fraction"": 0.0}",,laneA_ps1_metrics.v1
fred.rates.dgs7.logret_5d,constant,MEASURED,"{""n_unique"": 1890, ""is_constant"": false, ""top_value_share"": 0.04367524465386009}",,laneA_ps1_metrics.v1
fred.rates.dgs7.logret_5d,scale_tails,MEASURED,"{""mean"": 0.0021384982040289725, ""std"": 0.06757095282880912, ""min"": -0.5897688261061101, ""max"": 0.3506568716131693, ""p001"": -0.4006224836323765, ""p01"": -0.16830646899999482, ""p05"": -0.09180754925312268, ""p25"": -0.03457134406508877, ""median"": 0.0, ""p75"": 0.0377403279828471, ""p95"": 0.10848064299407001, ""p99"": 0.19189100781010526, ""p999"": 0.3220834991691132, ""mad"": 0.035776173165283476, ""skew"": -0.28258316539963474, ""excess_kurtosis"": 6.025629232397685, ""tail_ratio_p99_mad"": 5.363653818522789, ""share_beyond_5mad"": 0.020436613042629715}",,laneA_ps1_metrics.v1
fred.rates.dgs7.logret_5d,volatility,MEASURED,"{""std_first_diff"": 0.008807148558468567, ""rolling168_std_median"": 0.03052861100113707, ""vol_of_vol_cv"": 0.7475651171282264}",,laneA_ps1_metrics.v1
fred.rates.dgs7.logret_5d,acf,MEASURED,"{""lag_1"": 0.991505921519729, ""lag_6"": 0.9490437615241643, ""lag_24"": 0.7960220591806201, ""lag_120"": -0.044644976466335154, ""lag_168"": -0.05998429354887642, ""lag_unit"": ""rows of the decision grid (1 row = 1 market hour; weekend gaps not filled)""}",,laneA_ps1_metrics.v1
fred.rates.dgs7.logret_5d,trend,MEASURED,"{""ols_slope_per_year"": 0.0007416468128665613, ""slope_in_std_per_year"": 0.010975822921211752, ""ols_r"": 0.02592806165715452, ""kendall_tau_3000"": 0.028486993150916066, ""kendall_p_3000"": 0.0194631025216071, ""caveat"": ""OLS p-value omitted: serial correlation makes it invalid""}",,laneA_ps1_metrics.v1
fred.rates.dgs7.logret_5d,adf,MEASURED,"{""stat"": -10.722801625485266, ""pvalue"": 3.1196106976552223e-19, ""lags"": 24, ""nobs"": 19975, ""crit_5pct"": -2.8616847064863733, ""H0"": ""unit root"", ""regression"": ""c"", ""sample"": ""last 20000 finite TRAIN values (gaps compressed)""}",,laneA_ps1_metrics.v1
fred.rates.dgs7.logret_5d,kpss,MEASURED,"{""stat"": 0.6311032854223145, ""pvalue"": 0.01980879223433504, ""lags"": 86, ""H0"": ""level stationary"", ""pvalue_truncated_to_table"": false, ""sample"": ""last 20000 finite TRAIN values (gaps compressed)""}",,laneA_ps1_metrics.v1
fred.rates.dgs7.logret_5d,seasonality,MEASURED,"{""eta2_hour_of_day"": 1.1834226410159791e-06, ""eta2_day_of_week"": 3.067515275405779e-05, ""eta2_month"": 0.012332974940054779}",,laneA_ps1_metrics.v1
fred.rates.dgs7.logret_5d,spectrum,MEASURED,"{""top_periods_rows"": [409.6, 512.0, 341.3333333333333], ""top_power_share"": [0.11890562929110414, 0.11729074178757787, 0.1057231792402111], ""spectral_entropy_norm"": 0.43912931209488687, ""zero_filled_fraction"": 0.0, ""method"": ""Welch nperseg<=2048 on demeaned rows""}",,laneA_ps1_metrics.v1
fred.rates.dgs7.logret_5d,cost,MEASURED,"{""build_s"": 0.014329546249952892, ""profile_s"": 0.03217142699941178, ""bytes_float64"": 573872}",,laneA_ps1_metrics.v1
fred.rates.dprime.level,missingness,MEASURED,"{""n_rows"": 71734, ""n_finite"": 71734, ""missing_fraction"": 0.0}",,laneA_ps1_metrics.v1
fred.rates.dprime.level,constant,MEASURED,"{""n_unique"": 17, ""is_constant"": false, ""top_value_share"": 0.4885828198622689}",,laneA_ps1_metrics.v1
fred.rates.dprime.level,scale_tails,MEASURED,"{""mean"": 4.202215825131737, ""std"": 1.4351278580201368, ""min"": 3.25, ""max"": 8.5, ""p001"": 3.25, ""p01"": 3.25, ""p05"": 3.25, ""p25"": 3.25, ""median"": 3.5, ""p75"": 4.75, ""p95"": 8.25, ""p99"": 8.5, ""p999"": 8.5, ""mad"": 0.25, ""skew"": 1.7323181752268113, ""excess_kurtosis"": 2.2018871896317025, ""tail_ratio_p99_mad"": 20.0, ""share_beyond_5mad"": 0.23194022360386984}",,laneA_ps1_metrics.v1
fred.rates.dprime.level,volatility,MEASURED,"{""std_first_diff"": 0.008400527138906379, ""rolling168_std_median"": 0.0, ""vol_of_vol_cv"": 4.85491270543365}",,laneA_ps1_metrics.v1
fred.rates.dprime.level,acf,MEASURED,"{""lag_1"": 0.9999828691256848, ""lag_6"": 0.9998972731135344, ""lag_24"": 0.9995899354712159, ""lag_120"": 0.997972512486577, ""lag_168"": 0.9971778225092311, ""lag_unit"": ""rows of the decision grid (1 row = 1 market hour; weekend gaps not filled)""}",,laneA_ps1_metrics.v1
fred.rates.dprime.level,trend,MEASURED,"{""ols_slope_per_year"": 0.3705755722208751, ""slope_in_std_per_year"": 0.25821780975815706, ""ols_r"": 0.6099849952431395, ""kendall_tau_3000"": 0.5019505534095484, ""kendall_p_3000"": 3.25891948701015e-310, ""caveat"": ""OLS p-value omitted: serial correlation makes it invalid""}",,laneA_ps1_metrics.v1
fred.rates.dprime.level,adf,MEASURED,"{""stat"": 0.7059259230942992, ""pvalue"": 0.9899553925793053, ""lags"": 24, ""nobs"": 19975, ""crit_5pct"": -2.8616847064863733, ""H0"": ""unit root"", ""regression"": ""c"", ""sample"": ""last 20000 finite TRAIN values (gaps compressed)""}",,laneA_ps1_metrics.v1
fred.rates.dprime.level,kpss,MEASURED,"{""stat"": 20.45668977200168, ""pvalue"": 0.01, ""lags"": 87, ""H0"": ""level stationary"", ""pvalue_truncated_to_table"": true, ""sample"": ""last 20000 finite TRAIN values (gaps compressed)""}",,laneA_ps1_metrics.v1
fred.rates.dprime.level,seasonality,MEASURED,"{""eta2_hour_of_day"": 0.000623228284325068, ""eta2_day_of_week"": 1.7352424069257285e-05, ""eta2_month"": 0.010729931742430606}",,laneA_ps1_metrics.v1
fred.rates.dprime.level,spectrum,MEASURED,"{""top_periods_rows"": [2048.0, 1024.0, 682.6666666666666], ""top_power_share"": [0.6241297418632237, 0.15488638265759416, 0.08674839608655686], ""spectral_entropy_norm"": 0.21858288409367543, ""zero_filled_fraction"": 0.0, ""method"": ""Welch nperseg<=2048 on demeaned rows""}",,laneA_ps1_metrics.v1
fred.rates.dprime.level,cost,MEASURED,"{""build_s"": 0.014329546249952892, ""profile_s"": 0.030589240999688627, ""bytes_float64"": 573872}",,laneA_ps1_metrics.v1
fred.rates.dprime.logret_1d,missingness,MEASURED,"{""n_rows"": 71734, ""n_finite"": 71734, ""missing_fraction"": 0.0}",,laneA_ps1_metrics.v1
fred.rates.dprime.logret_1d,constant,MEASURED,"{""n_unique"": 3, ""is_constant"": false, ""top_value_share"": 0.9993448016282377}",,laneA_ps1_metrics.v1
fred.rates.dprime.logret_1d,scale_tails,MEASURED,"{""mean"": -0.00012541507912297467, ""std"": 0.005294175371062488, ""min"": -0.2682639865946792, ""max"": 0.0, ""p001"": 0.0, ""p01"": 0.0, ""p05"": 0.0, ""p25"": 0.0, ""median"": 0.0, ""p75"": 0.0, ""p95"": 0.0, ""p99"": 0.0, ""p999"": 0.0, ""mad"": 0.0, ""skew"": -46.43107332178504, ""excess_kurtosis"": 2260.740308013161, ""tail_ratio_p99_mad"": null, ""share_beyond_5mad"": null}",,laneA_ps1_metrics.v1
fred.rates.dprime.logret_1d,volatility,MEASURED,"{""std_first_diff"": 0.0015334295361973257, ""rolling168_std_median"": 0.0, ""vol_of_vol_cv"": 15.079774409206546}",,laneA_ps1_metrics.v1
fred.rates.dprime.logret_1d,acf,MEASURED,"{""lag_1"": 0.9580535747728433, ""lag_6"": 0.7483214387916206, ""lag_24"": -0.0005613688029113592, ""lag_120"": -0.0005621217520359864, ""lag_168"": -0.0005624989845396409, ""lag_unit"": ""rows of the decision grid (1 row = 1 market hour; weekend gaps not filled)""}",,laneA_ps1_metrics.v1
fred.rates.dprime.logret_1d,trend,MEASURED,"{""ols_slope_per_year"": -3.3395136358051696e-05, ""slope_in_std_per_year"": -0.0063079014232484, ""ols_r"": -0.014901083791463028, ""kendall_tau_3000"": -0.013217792707806006, ""kendall_p_3000"": 0.37537249087304947, ""caveat"": ""OLS p-value omitted: serial correlation makes it invalid""}",,laneA_ps1_metrics.v1
fred.rates.dprime.logret_1d,adf,FAILED,,"ValueError: Invalid input, x is constant",laneA_ps1_metrics.v1
fred.rates.dprime.logret_1d,kpss,FAILED,,ValueError: cannot convert float NaN to integer,laneA_ps1_metrics.v1
fred.rates.dprime.logret_1d,seasonality,MEASURED,"{""eta2_hour_of_day"": 1.9321811427505956e-06, ""eta2_day_of_week"": 0.0009942343970258376, ""eta2_month"": 0.006501231276505709}",,laneA_ps1_metrics.v1
fred.rates.dprime.logret_1d,spectrum,MEASURED,"{""top_periods_rows"": [204.8, 186.1818181818182, 227.55555555555554], ""top_power_share"": [0.034907336934713804, 0.03472545677986776, 0.03086493203280772], ""spectral_entropy_norm"": 0.6481492489588846, ""zero_filled_fraction"": 0.0, ""method"": ""Welch nperseg<=2048 on demeaned rows""}",,laneA_ps1_metrics.v1
fred.rates.dprime.logret_1d,cost,MEASURED,"{""build_s"": 0.014329546249952892, ""profile_s"": 0.01324201199986419, ""bytes_float64"": 573872}",,laneA_ps1_metrics.v1
fred.rates.dprime.logret_5d,missingness,MEASURED,"{""n_rows"": 71734, ""n_finite"": 71734, ""missing_fraction"": 0.0}",,laneA_ps1_metrics.v1
fred.rates.dprime.logret_5d,constant,MEASURED,"{""n_unique"": 24, ""is_constant"": false, ""top_value_share"": 0.959684389550283}",,laneA_ps1_metrics.v1
fred.rates.dprime.logret_5d,scale_tails,MEASURED,"{""mean"": 0.0015381580495338809, ""std"": 0.019697144299574122, ""min"": -0.2682639865946792, ""max"": 0.17185025692665934, ""p001"": -0.2682639865946792, ""p01"": 0.0, ""p05"": 0.0, ""p25"": 0.0, ""median"": 0.0, ""p75"": 0.0, ""p95"": 0.0, ""p99"": 0.07410797215372189, ""p999"": 0.17185025692665934, ""mad"": 0.0, ""skew"": -1.1637237185068137, ""excess_kurtosis"": 81.84247974329475, ""tail_ratio_p99_mad"": null, ""share_beyond_5mad"": null}",,laneA_ps1_metrics.v1
fred.rates.dprime.logret_5d,volatility,MEASURED,"{""std_first_diff"": 0.002560707074995374, ""rolling168_std_median"": 0.0, ""vol_of_vol_cv"": 3.8133016063840515}",,laneA_ps1_metrics.v1
fred.rates.dprime.logret_5d,acf,MEASURED,"{""lag_1"": 0.9915496001958727, ""lag_6"": 0.9492975796220505, ""lag_24"": 0.7971900080221765, ""lag_120"": 0.04624200179298228, ""lag_168"": 0.09681065137358948, ""lag_unit"": ""rows of the decision grid (1 row = 1 market hour; weekend gaps not filled)""}",,laneA_ps1_metrics.v1
fred.rates.dprime.logret_5d,trend,MEASURED,"{""ols_slope_per_year"": 0.0006488950855552448, ""slope_in_std_per_year"": 0.03294361231690193, ""ols_r"": 0.0778223207037423, ""kendall_tau_3000"": 0.0776545873701959, ""kendall_p_3000"": 1.4569979776367635e-07, ""caveat"": ""OLS p-value omitted: serial correlation makes it invalid""}",,laneA_ps1_metrics.v1
fred.rates.dprime.logret_5d,adf,MEASURED,"{""stat"": -9.928781796371183, ""pvalue"": 2.859592486496641e-17, ""lags"": 24, ""nobs"": 19975, ""crit_5pct"": -2.8616847064863733, ""H0"": ""unit root"", ""regression"": ""c"", ""sample"": ""last 20000 finite TRAIN values (gaps compressed)""}",,laneA_ps1_metrics.v1
fred.rates.dprime.logret_5d,kpss,MEASURED,"{""stat"": 0.8564184044938342, ""pvalue"": 0.01, ""lags"": 86, ""H0"": ""level stationary"", ""pvalue_truncated_to_table"": true, ""sample"": ""last 20000 finite TRAIN values (gaps compressed)""}",,laneA_ps1_metrics.v1
fred.rates.dprime.logret_5d,seasonality,MEASURED,"{""eta2_hour_of_day"": 1.9808561675356313e-06, ""eta2_day_of_week"": 7.0842181588828174e-06, ""eta2_month"": 0.01500890447976795}",,laneA_ps1_metrics.v1
fred.rates.dprime.logret_5d,spectrum,MEASURED,"{""top_periods_rows"": [682.6666666666666, 1024.0, 341.3333333333333], ""top_power_share"": [0.14802749243730617, 0.1314659303065945, 0.09011960878213261], ""spectral_entropy_norm"": 0.43868824378025306, ""zero_filled_fraction"": 0.0, ""method"": ""Welch nperseg<=2048 on demeaned rows""}",,laneA_ps1_metrics.v1
fred.rates.dprime.logret_5d,cost,MEASURED,"{""build_s"": 0.014329546249952892, ""profile_s"": 0.031170600000223203, ""bytes_float64"": 573872}",,laneA_ps1_metrics.v1
fred.rates.dtb3.level,missingness,MEASURED,"{""n_rows"": 71734, ""n_finite"": 71734, ""missing_fraction"": 0.0}",,laneA_ps1_metrics.v1
fred.rates.dtb3.level,constant,MEASURED,"{""n_unique"": 357, ""is_constant"": false, ""top_value_share"": 0.06167228929099172}",,laneA_ps1_metrics.v1
fred.rates.dtb3.level,scale_tails,MEASURED,"{""mean"": 1.0635245490283547, ""std"": 1.477702266891521, ""min"": -0.04, ""max"": 5.36, ""p001"": -0.01, ""p01"": 0.01, ""p05"": 0.02, ""p25"": 0.05, ""median"": 0.26, ""p75"": 1.73, ""p95"": 5.09, ""p99"": 5.32, ""p999"": 5.36, ""mad"": 0.24000000000000002, ""skew"": 1.6306912853287312, ""excess_kurtosis"": 1.7633019308588658, ""tail_ratio_p99_mad"": 21.083333333333332, ""share_beyond_5mad"": 0.3019628070371093}",,laneA_ps1_metrics.v1
fred.rates.dtb3.level,volatility,MEASURED,"{""std_first_diff"": 0.005811084360602063, ""rolling168_std_median"": 0.010549319316700018, ""vol_of_vol_cv"": 1.363953732559832}",,laneA_ps1_metrics.v1
fred.rates.dtb3.level,acf,MEASURED,"{""lag_1"": 0.9999922687083685, ""lag_6"": 0.9999537331517165, ""lag_24"": 0.9998164451457822, ""lag_120"": 0.9990550807951284, ""lag_168"": 0.9984604126596794, ""lag_unit"": ""rows of the decision grid (1 row = 1 market hour; weekend gaps not filled)""}",,laneA_ps1_metrics.v1
fred.rates.dtb3.level,trend,MEASURED,"{""ols_slope_per_year"": 0.3916340168835336, ""slope_in_std_per_year"": 0.26502904249268755, ""ols_r"": 0.6260750928667844, ""kendall_tau_3000"": 0.4327283803377176, ""kendall_p_3000"": 3.2449901294438505e-271, ""caveat"": ""OLS p-value omitted: serial correlation makes it invalid""}",,laneA_ps1_metrics.v1
fred.rates.dtb3.level,adf,MEASURED,"{""stat"": 1.0917949548956867, ""pvalue"": 0.9951459839277683, ""lags"": 24, ""nobs"": 19975, ""crit_5pct"": -2.8616847064863733, ""H0"": ""unit root"", ""regression"": ""c"", ""sample"": ""last 20000 finite TRAIN values (gaps compressed)""}",,laneA_ps1_metrics.v1
fred.rates.dtb3.level,kpss,MEASURED,"{""stat"": 20.968991827573085, ""pvalue"": 0.01, ""lags"": 87, ""H0"": ""level stationary"", ""pvalue_truncated_to_table"": true, ""sample"": ""last 20000 finite TRAIN values (gaps compressed)""}",,laneA_ps1_metrics.v1
fred.rates.dtb3.level,seasonality,MEASURED,"{""eta2_hour_of_day"": 0.0006122219317499111, ""eta2_day_of_week"": 7.244463445173399e-05, ""eta2_month"": 0.010729180805648334}",,laneA_ps1_metrics.v1
fred.rates.dtb3.level,spectrum,MEASURED,"{""top_periods_rows"": [2048.0, 1024.0, 682.6666666666666], ""top_power_share"": [0.7579512775566708, 0.12086519290910601, 0.04473506805552645], ""spectral_entropy_norm"": 0.15243058682573335, ""zero_filled_fraction"": 0.0, ""method"": ""Welch nperseg<=2048 on demeaned rows""}",,laneA_ps1_metrics.v1
fred.rates.dtb3.level,cost,MEASURED,"{""build_s"": 0.014329546249952892, ""profile_s"": 0.03196778500023356, ""bytes_float64"": 573872}",,laneA_ps1_metrics.v1
fred.rates.dtb3.diff_1d,missingness,MEASURED,"{""n_rows"": 71734, ""n_finite"": 71734, ""missing_fraction"": 0.0}",,laneA_ps1_metrics.v1
fred.rates.dtb3.diff_1d,constant,MEASURED,"{""n_unique"": 156, ""is_constant"": false, ""top_value_share"": 0.34505255527364986}",,laneA_ps1_metrics.v1
fred.rates.dtb3.diff_1d,scale_tails,MEASURED,"{""mean"": 0.0024947723534167925, ""std"": 0.027399165013734704, ""min"": -0.22000000000000008, ""max"": 0.34999999999999987, ""p001"": -0.17000000000000004, ""p01"": -0.06, ""p05"": -0.029999999999999805, ""p25"": -0.009999999999999998, ""median"": 0.0, ""p75"": 0.010000000000000002, ""p95"": 0.03999999999999998, ""p99"": 0.10000000000000009, ""p999"": 0.21999999999999975, ""mad"": 0.01, ""skew"": 1.5281111729212977, ""excess_kurtosis"": 26.520862740995792, ""tail_ratio_p99_mad"": 10.000000000000009, ""share_beyond_5mad"": 0.04405163520785123}",,laneA_ps1_metrics.v1
fred.rates.dtb3.diff_1d,volatility,MEASURED,"{""std_first_diff"": 0.007768538310482693, ""rolling168_std_median"": 0.011878099598474736, ""vol_of_vol_cv"": 0.9982905792112262}",,laneA_ps1_metrics.v1
fred.rates.dtb3.diff_1d,acf,MEASURED,"{""lag_1"": 0.9598053202877309, ""lag_6"": 0.7588041068183411, ""lag_24"": 0.11217558772668758, ""lag_120"": 0.2775166671551953, ""lag_168"": 0.01755521553219548, ""lag_unit"": ""rows of the decision grid (1 row = 1 market hour; weekend gaps not filled)""}",,laneA_ps1_metrics.v1
fred.rates.dtb3.diff_1d,trend,MEASURED,"{""ols_slope_per_year"": 0.0007053892095606106, ""slope_in_std_per_year"": 0.0257449162851135, ""ols_r"": 0.06081692293966136, ""kendall_tau_3000"": 0.012416984259914358, ""kendall_p_3000"": 0.3332838667218575, ""caveat"": ""OLS p-value omitted: serial correlation makes it invalid""}",,laneA_ps1_metrics.v1
fred.rates.dtb3.diff_1d,adf,MEASURED,"{""stat"": -18.868135523769215, ""pvalue"": 0.0, ""lags"": 24, ""nobs"": 19975, ""crit_5pct"": -2.8616847064863733, ""H0"": ""unit root"", ""regression"": ""c"", ""sample"": ""last 20000 finite TRAIN values (gaps compressed)""}",,laneA_ps1_metrics.v1
fred.rates.dtb3.diff_1d,kpss,MEASURED,"{""stat"": 1.290671994250249, ""pvalue"": 0.01, ""lags"": 81, ""H0"": ""level stationary"", ""pvalue_truncated_to_table"": true, ""sample"": ""last 20000 finite TRAIN values (gaps compressed)""}",,laneA_ps1_metrics.v1
fred.rates.dtb3.diff_1d,seasonality,MEASURED,"{""eta2_hour_of_day"": 6.016496095309558e-05, ""eta2_day_of_week"": 0.07527371708545119, ""eta2_month"": 0.006898254885816152}",,laneA_ps1_metrics.v1
fred.rates.dtb3.diff_1d,spectrum,MEASURED,"{""top_periods_rows"": [120.47058823529412, 113.77777777777777, 2048.0], ""top_power_share"": [0.07391674570318724, 0.04005104967412506, 0.037613810989219156], ""spectral_entropy_norm"": 0.6502705633264485, ""zero_filled_fraction"": 0.0, ""method"": ""Welch nperseg<=2048 on demeaned rows""}",,laneA_ps1_metrics.v1
fred.rates.dtb3.diff_1d,cost,MEASURED,"{""build_s"": 0.014329546249952892, ""profile_s"": 0.031125875999350683, ""bytes_float64"": 573872}",,laneA_ps1_metrics.v1
fred.rates.dtb3.diff_5d,missingness,MEASURED,"{""n_rows"": 71734, ""n_finite"": 71734, ""missing_fraction"": 0.0}",,laneA_ps1_metrics.v1
fred.rates.dtb3.diff_5d,constant,MEASURED,"{""n_unique"": 236, ""is_constant"": false, ""top_value_share"": 0.21837622326930048}",,laneA_ps1_metrics.v1
fred.rates.dtb3.diff_5d,scale_tails,MEASURED,"{""mean"": 0.00922421724705161, ""std"": 0.06396832827415683, ""min"": -0.8, ""max"": 0.54, ""p001"": -0.79, ""p01"": -0.1299999999999999, ""p05"": -0.049999999999999996, ""p25"": -0.01, ""median"": 0.0, ""p75"": 0.020000000000000018, ""p95"": 0.0900000000000003, ""p99"": 0.20000000000000018, ""p999"": 0.47, ""mad"": 0.010000000000000009, ""skew"": -2.0142964757360557, ""excess_kurtosis"": 48.00307485767925, ""tail_ratio_p99_mad"": 20.0, ""share_beyond_5mad"": 0.1519223799035325}",,laneA_ps1_metrics.v1
fred.rates.dtb3.diff_5d,volatility,MEASURED,"{""std_first_diff"": 0.006691365453188233, ""rolling168_std_median"": 0.01407126247768822, ""vol_of_vol_cv"": 1.2111098240455067}",,laneA_ps1_metrics.v1
fred.rates.dtb3.diff_5d,acf,MEASURED,"{""lag_1"": 0.99452904115023, ""lag_6"": 0.9671892364267056, ""lag_24"": 0.8676070670790459, ""lag_120"": 0.35581221239247673, ""lag_168"": 0.3016498486504092, ""lag_unit"": ""rows of the decision grid (1 row = 1 market hour; weekend gaps not filled)""}",,laneA_ps1_metrics.v1
fred.rates.dtb3.diff_5d,trend,MEASURED,"{""ols_slope_per_year"": 0.003901454242592876, ""slope_in_std_per_year"": 0.06099040490587686, ""ols_r"": 0.14407693985644288, ""kendall_tau_3000"": 0.11352261221928399, ""kendall_p_3000"": 1.1061295728415359e-19, ""caveat"": ""OLS p-value omitted: serial correlation makes it invalid""}",,laneA_ps1_metrics.v1
fred.rates.dtb3.diff_5d,adf,MEASURED,"{""stat"": -8.173535421961994, ""pvalue"": 8.496117805707133e-13, ""lags"": 24, ""nobs"": 19975, ""crit_5pct"": -2.8616847064863733, ""H0"": ""unit root"", ""regression"": ""c"", ""sample"": ""last 20000 finite TRAIN values (gaps compressed)""}",,laneA_ps1_metrics.v1
fred.rates.dtb3.diff_5d,kpss,MEASURED,"{""stat"": 2.4407627560098923, ""pvalue"": 0.01, ""lags"": 86, ""H0"": ""level stationary"", ""pvalue_truncated_to_table"": true, ""sample"": ""last 20000 finite TRAIN values (gaps compressed)""}",,laneA_ps1_metrics.v1
fred.rates.dtb3.diff_5d,seasonality,MEASURED,"{""eta2_hour_of_day"": 2.3451260339106968e-05, ""eta2_day_of_week"": 0.0010390942684169104, ""eta2_month"": 0.02902789108391394}",,laneA_ps1_metrics.v1
fred.rates.dtb3.diff_5d,spectrum,MEASURED,"{""top_periods_rows"": [2048.0, 1024.0, 682.6666666666666], ""top_power_share"": [0.17046431586437064, 0.16468740891374825, 0.13269108237831934], ""spectral_entropy_norm"": 0.41158322741508274, ""zero_filled_fraction"": 0.0, ""method"": ""Welch nperseg<=2048 on demeaned rows""}",,laneA_ps1_metrics.v1
fred.rates.dtb3.diff_5d,cost,MEASURED,"{""build_s"": 0.014329546249952892, ""profile_s"": 0.03160486399974616, ""bytes_float64"": 573872}",,laneA_ps1_metrics.v1
fred.rates.fedfunds.level,missingness,MEASURED,"{""n_rows"": 71734, ""n_finite"": 16712, ""missing_fraction"": 0.7670281874703767}",,laneA_ps1_metrics.v1
fred.rates.fedfunds.level,constant,MEASURED,"{""n_unique"": 69, ""is_constant"": false, ""top_value_share"": 0.1300861656294878}",,laneA_ps1_metrics.v1
fred.rates.fedfunds.level,scale_tails,MEASURED,"{""mean"": 1.069547630445189, ""std"": 1.4332863636233915, ""min"": 0.05, ""max"": 5.33, ""p001"": 0.05, ""p01"": 0.05, ""p05"": 0.07, ""p25"": 0.09, ""median"": 0.34, ""p75"": 1.68, ""p95"": 5.06, ""p99"": 5.33, ""p999"": 5.33, ""mad"": 0.26, ""skew"": 1.6925469336692842, ""excess_kurtosis"": 2.063253328783829, ""tail_ratio_p99_mad"": 19.192307692307693, ""share_beyond_5mad"": 0.2559837242699856}",,laneA_ps1_metrics.v1
fred.rates.fedfunds.level,volatility,MEASURED,"{""std_first_diff"": 0.0, ""rolling168_std_median"": 0.0, ""vol_of_vol_cv"": null}",,laneA_ps1_metrics.v1
fred.rates.fedfunds.level,acf,MEASURED,"{""lag_1"": 0.9999999999999999, ""lag_6"": 1.0, ""lag_24"": 0.9999999999999999, ""lag_120"": 1.0, ""lag_168"": NaN, ""lag_unit"": ""rows of the decision grid (1 row = 1 market hour; weekend gaps not filled)""}",,laneA_ps1_metrics.v1
fred.rates.fedfunds.level,trend,MEASURED,"{""ols_slope_per_year"": 0.365951856555497, ""slope_in_std_per_year"": 0.25532361560348593, ""ols_r"": 0.6029630115200733, ""kendall_tau_3000"": 0.36538170866934594, ""kendall_p_3000"": 1.1958782828892466e-190, ""caveat"": ""OLS p-value omitted: serial correlation makes it invalid""}",,laneA_ps1_metrics.v1
fred.rates.fedfunds.level,adf,MEASURED,"{""stat"": 2.40199209841654, ""pvalue"": 0.9990112440287283, ""lags"": 24, ""nobs"": 16687, ""crit_5pct"": -2.8617132219017347, ""H0"": ""unit root"", ""regression"": ""c"", ""sample"": ""last 16712 finite TRAIN values (gaps compressed)""}",,laneA_ps1_metrics.v1
fred.rates.fedfunds.level,kpss,MEASURED,"{""stat"": 7.79567879339921, ""pvalue"": 0.01, ""lags"": 76, ""H0"": ""level stationary"", ""pvalue_truncated_to_table"": true, ""sample"": ""last 16712 finite TRAIN values (gaps compressed)""}",,laneA_ps1_metrics.v1
fred.rates.fedfunds.level,seasonality,MEASURED,"{""eta2_hour_of_day"": 0.0005235171894849009, ""eta2_day_of_week"": 4.9049362528254206e-05, ""eta2_month"": 0.01054994627558593}",,laneA_ps1_metrics.v1
fred.rates.fedfunds.level,spectrum,MEASURED,"{""top_periods_rows"": [512.0, 256.0, 409.6], ""top_power_share"": [0.25139046706168716, 0.12990661459892827, 0.10392515960574032], ""spectral_entropy_norm"": 0.4226313740122525, ""zero_filled_fraction"": 0.7670281874703767, ""method"": ""Welch nperseg<=2048 on demeaned rows""}",,laneA_ps1_metrics.v1
fred.rates.fedfunds.level,cost,MEASURED,"{""build_s"": 0.014329546249952892, ""profile_s"": 0.021020162999775494, ""bytes_float64"": 573872}",,laneA_ps1_metrics.v1
fred.rates.fedfunds.logret_1d,missingness,MEASURED,"{""n_rows"": 71734, ""n_finite"": 16712, ""missing_fraction"": 0.7670281874703767}",,laneA_ps1_metrics.v1
fred.rates.fedfunds.logret_1d,constant,MEASURED,"{""n_unique"": 87, ""is_constant"": false, ""top_value_share"": 0.29583532790809}",,laneA_ps1_metrics.v1
fred.rates.fedfunds.logret_1d,scale_tails,MEASURED,"{""mean"": 0.025879019916881917, ""std"": 0.2893719996809613, ""min"": -2.5649493574615367, ""max"": 0.9162907318741553, ""p001"": -2.5649493574615367, ""p01"": -0.8882077631313297, ""p05"": -0.16606103592217425, ""p25"": 0.0, ""median"": 0.004140792666031401, ""p75"": 0.08701137698962969, ""p95"": 0.34830669426821603, ""p99"": 0.8472978603872037, ""p999"": 0.9162907318741553, ""mad"": 0.04980487022568336, ""skew"": -4.869857856055547, ""excess_kurtosis"": 45.78936550447746, ""tail_ratio_p99_mad"": 16.92920920987308, ""share_beyond_5mad"": 0.11572522738152226}",,laneA_ps1_metrics.v1
fred.rates.fedfunds.logret_1d,volatility,MEASURED,"{""std_first_diff"": 0.0, ""rolling168_std_median"": 0.0, ""vol_of_vol_cv"": null}",,laneA_ps1_metrics.v1
fred.rates.fedfunds.logret_1d,acf,MEASURED,"{""lag_1"": 1.0, ""lag_6"": 1.0, ""lag_24"": 1.0, ""lag_120"": 1.0, ""lag_168"": NaN, ""lag_unit"": ""rows of the decision grid (1 row = 1 market hour; weekend gaps not filled)""}",,laneA_ps1_metrics.v1
fred.rates.fedfunds.logret_1d,trend,MEASURED,"{""ols_slope_per_year"": 0.00820069137539442, ""slope_in_std_per_year"": 0.028339616080463398, ""ols_r"": 0.06692581184396164, ""kendall_tau_3000"": 0.05739243022841242, ""kendall_p_3000"": 5.50896531579383e-06, ""caveat"": ""OLS p-value omitted: serial correlation makes it invalid""}",,laneA_ps1_metrics.v1
fred.rates.fedfunds.logret_1d,adf,MEASURED,"{""stat"": -6.821075932016088, ""pvalue"": 2.001250908612587e-09, ""lags"": 24, ""nobs"": 16687, ""crit_5pct"": -2.8617132219017347, ""H0"": ""unit root"", ""regression"": ""c"", ""sample"": ""last 16712 finite TRAIN values (gaps compressed)""}",,laneA_ps1_metrics.v1
fred.rates.fedfunds.logret_1d,kpss,MEASURED,"{""stat"": 0.3648632932809441, ""pvalue"": 0.09230030462028273, ""lags"": 76, ""H0"": ""level stationary"", ""pvalue_truncated_to_table"": false, ""sample"": ""last 16712 finite TRAIN values (gaps compressed)""}",,laneA_ps1_metrics.v1
fred.rates.fedfunds.logret_1d,seasonality,MEASURED,"{""eta2_hour_of_day"": 2.001726796141509e-06, ""eta2_day_of_week"": 1.2864276194448359e-05, ""eta2_month"": 0.05150707326418193}",,laneA_ps1_metrics.v1
fred.rates.fedfunds.logret_1d,spectrum,MEASURED,"{""top_periods_rows"": [512.0, 682.6666666666666, 292.57142857142856], ""top_power_share"": [0.16870258910171118, 0.13276405683643025, 0.08992208464242075], ""spectral_entropy_norm"": 0.4303118988174253, ""zero_filled_fraction"": 0.7670281874703767, ""method"": ""Welch nperseg<=2048 on demeaned rows""}",,laneA_ps1_metrics.v1
fred.rates.fedfunds.logret_1d,cost,MEASURED,"{""build_s"": 0.014329546249952892, ""profile_s"": 0.021279208999658294, ""bytes_float64"": 573872}",,laneA_ps1_metrics.v1
fred.rates.fedfunds.logret_5d,missingness,MEASURED,"{""n_rows"": 71734, ""n_finite"": 16712, ""missing_fraction"": 0.7670281874703767}",,laneA_ps1_metrics.v1
fred.rates.fedfunds.logret_5d,constant,MEASURED,"{""n_unique"": 109, ""is_constant"": false, ""top_value_share"": 0.10824557204404021}",,laneA_ps1_metrics.v1
fred.rates.fedfunds.logret_5d,scale_tails,MEASURED,"{""mean"": 0.14044908967464842, ""std"": 0.8333732854415886, ""min"": -3.4339872044851463, ""max"": 3.044522437723423, ""p001"": -3.4339872044851463, ""p01"": -3.4339872044851463, ""p05"": -0.6286086594223743, ""p25"": -0.06453852113757108, ""median"": 0.11778303565638337, ""p75"": 0.325422400434628, ""p95"": 1.3862943611198906, ""p99"": 2.716349003916905, ""p999"": 3.044522437723423, ""mad"": 0.18232155679395445, ""skew"": -0.9972197999232988, ""excess_kurtosis"": 7.605256242227373, ""tail_ratio_p99_mad"": 14.25265346542218, ""share_beyond_5mad"": 0.11554571565342268}",,laneA_ps1_metrics.v1
fred.rates.fedfunds.logret_5d,volatility,MEASURED,"{""std_first_diff"": 0.0, ""rolling168_std_median"": 0.0, ""vol_of_vol_cv"": null}",,laneA_ps1_metrics.v1
fred.rates.fedfunds.logret_5d,acf,MEASURED,"{""lag_1"": 1.0, ""lag_6"": 1.0, ""lag_24"": 1.0, ""lag_120"": 0.9999999999999999, ""lag_168"": NaN, ""lag_unit"": ""rows of the decision grid (1 row = 1 market hour; weekend gaps not filled)""}",,laneA_ps1_metrics.v1
fred.rates.fedfunds.logret_5d,trend,MEASURED,"{""ols_slope_per_year"": 0.034451509463555366, ""slope_in_std_per_year"": 0.041339829420258135, ""ols_r"": 0.09762664524410977, ""kendall_tau_3000"": 0.08296801625940207, ""kendall_p_3000"": 1.5083371080821732e-11, ""caveat"": ""OLS p-value omitted: serial correlation makes it invalid""}",,laneA_ps1_metrics.v1
fred.rates.fedfunds.logret_5d,adf,MEASURED,"{""stat"": -2.789860132691298, ""pvalue"": 0.0597368373688026, ""lags"": 24, ""nobs"": 16687, ""crit_5pct"": -2.8617132219017347, ""H0"": ""unit root"", ""regression"": ""c"", ""sample"": ""last 16712 finite TRAIN values (gaps compressed)""}",,laneA_ps1_metrics.v1
fred.rates.fedfunds.logret_5d,kpss,MEASURED,"{""stat"": 0.8879106789542031, ""pvalue"": 0.01, ""lags"": 76, ""H0"": ""level stationary"", ""pvalue_truncated_to_table"": true, ""sample"": ""last 16712 finite TRAIN values (gaps compressed)""}",,laneA_ps1_metrics.v1
fred.rates.fedfunds.logret_5d,seasonality,MEASURED,"{""eta2_hour_of_day"": 3.595925250079573e-06, ""eta2_day_of_week"": 9.575216065361102e-06, ""eta2_month"": 0.005213299394892205}",,laneA_ps1_metrics.v1
fred.rates.fedfunds.logret_5d,spectrum,MEASURED,"{""top_periods_rows"": [512.0, 256.0, 682.6666666666666], ""top_power_share"": [0.2886204300069515, 0.14979628260741013, 0.11530932837914327], ""spectral_entropy_norm"": 0.3963025421509496, ""zero_filled_fraction"": 0.7670281874703767, ""method"": ""Welch nperseg<=2048 on demeaned rows""}",,laneA_ps1_metrics.v1
fred.rates.fedfunds.logret_5d,cost,MEASURED,"{""build_s"": 0.014329546249952892, ""profile_s"": 0.021103969999785477, ""bytes_float64"": 573872}",,laneA_ps1_metrics.v1
fred.rates.t10y2y.level,missingness,MEASURED,"{""n_rows"": 71734, ""n_finite"": 71734, ""missing_fraction"": 0.0}",,laneA_ps1_metrics.v1
fred.rates.t10y2y.level,constant,MEASURED,"{""n_unique"": 354, ""is_constant"": false, ""top_value_share"": 0.013773106197897789}",,laneA_ps1_metrics.v1
fred.rates.t10y2y.level,scale_tails,MEASURED,"{""mean"": 0.8766718710792651, ""std"": 0.8171319565274744, ""min"": -1.08, ""max"": 2.66, ""p001"": -1.06, ""p01"": -0.8766999999999996, ""p05"": -0.58, ""p25"": 0.26, ""median"": 0.91, ""p75"": 1.44, ""p95"": 2.3, ""p99"": 2.49, ""p999"": 2.62, ""mad"": 0.59, ""skew"": -0.08095156352151262, ""excess_kurtosis"": -0.5184461208004492, ""tail_ratio_p99_mad"": 2.6779661016949157, ""share_beyond_5mad"": 0.0}",,laneA_ps1_metrics.v1
fred.rates.t10y2y.level,volatility,MEASURED,"{""std_first_diff"": 0.007213153333833346, ""rolling168_std_median"": 0.027183909344475406, ""vol_of_vol_cv"": 0.6365960121961313}",,laneA_ps1_metrics.v1
fred.rates.t10y2y.level,acf,MEASURED,"{""lag_1"": 0.9999610381216001, ""lag_6"": 0.999766290163082, ""lag_24"": 0.9990692479573074, ""lag_120"": 0.9955174761233021, ""lag_168"": 0.9939423293904603, ""lag_unit"": ""rows of the decision grid (1 row = 1 market hour; weekend gaps not filled)""}",,laneA_ps1_metrics.v1
fred.rates.t10y2y.level,trend,MEASURED,"{""ols_slope_per_year"": -0.2807502788210372, ""slope_in_std_per_year"": -0.34358009936868444, ""ols_r"": -0.8116353611524035, ""kendall_tau_3000"": -0.6259760957872497, ""kendall_p_3000"": 0.0, ""caveat"": ""OLS p-value omitted: serial correlation makes it invalid""}",,laneA_ps1_metrics.v1
fred.rates.t10y2y.level,adf,MEASURED,"{""stat"": -0.672576161768436, ""pvalue"": 0.8537256406267386, ""lags"": 24, ""nobs"": 19975, ""crit_5pct"": -2.8616847064863733, ""H0"": ""unit root"", ""regression"": ""c"", ""sample"": ""last 20000 finite TRAIN values (gaps compressed)""}",,laneA_ps1_metrics.v1
fred.rates.t10y2y.level,kpss,MEASURED,"{""stat"": 19.379451975336643, ""pvalue"": 0.01, ""lags"": 87, ""H0"": ""level stationary"", ""pvalue_truncated_to_table"": true, ""sample"": ""last 20000 finite TRAIN values (gaps compressed)""}",,laneA_ps1_metrics.v1
fred.rates.t10y2y.level,seasonality,MEASURED,"{""eta2_hour_of_day"": 0.00034303251177104964, ""eta2_day_of_week"": 1.006757917089204e-05, ""eta2_month"": 0.004411072720637766}",,laneA_ps1_metrics.v1
fred.rates.t10y2y.level,spectrum,MEASURED,"{""top_periods_rows"": [2048.0, 1024.0, 682.6666666666666], ""top_power_share"": [0.5862699168884574, 0.1782905094997516, 0.04643042964746434], ""spectral_entropy_norm"": 0.24118920681699121, ""zero_filled_fraction"": 0.0, ""method"": ""Welch nperseg<=2048 on demeaned rows""}",,laneA_ps1_metrics.v1
fred.rates.t10y2y.level,cost,MEASURED,"{""build_s"": 0.014329546249952892, ""profile_s"": 0.03223953399992752, ""bytes_float64"": 573872}",,laneA_ps1_metrics.v1
fred.rates.t10y2y.diff_1d,missingness,MEASURED,"{""n_rows"": 71734, ""n_finite"": 71734, ""missing_fraction"": 0.0}",,laneA_ps1_metrics.v1
fred.rates.t10y2y.diff_1d,constant,MEASURED,"{""n_unique"": 145, ""is_constant"": false, ""top_value_share"": 0.14142526556444643}",,laneA_ps1_metrics.v1
fred.rates.t10y2y.diff_1d,scale_tails,MEASURED,"{""mean"": -0.0014235927175397978, ""std"": 0.03610655574660261, ""min"": -0.15, ""max"": 0.42000000000000004, ""p001"": -0.13, ""p01"": -0.09, ""p05"": -0.06, ""p25"": -0.020000000000000018, ""median"": 0.0, ""p75"": 0.020000000000000018, ""p95"": 0.06, ""p99"": 0.09999999999999998, ""p999"": 0.16999999999999993, ""mad"": 0.020000000000000018, ""skew"": 0.6181099328264491, ""excess_kurtosis"": 5.782849670315295, ""tail_ratio_p99_mad"": 4.999999999999995, ""share_beyond_5mad"": 0.010915326065742883}",,laneA_ps1_metrics.v1
fred.rates.t10y2y.diff_1d,volatility,MEASURED,"{""std_first_diff"": 0.009321121353321131, ""rolling168_std_median"": 0.02595948895893076, ""vol_of_vol_cv"": 0.513435617175214}",,laneA_ps1_metrics.v1
fred.rates.t10y2y.diff_1d,acf,MEASURED,"{""lag_1"": 0.9666778967288087, ""lag_6"": 0.8001730741304551, ""lag_24"": 0.2440931269611968, ""lag_120"": -0.047756380385663544, ""lag_168"": -0.0026875388120521653, ""lag_unit"": ""rows of the decision grid (1 row = 1 market hour; weekend gaps not filled)""}",,laneA_ps1_metrics.v1
fred.rates.t10y2y.diff_1d,trend,MEASURED,"{""ols_slope_per_year"": -0.00021161372787881016, ""slope_in_std_per_year"": -0.005860811797279268, ""ols_r"": -0.01384492905285126, ""kendall_tau_3000"": 0.005869345547446957, ""kendall_p_3000"": 0.6392228141527221, ""caveat"": ""OLS p-value omitted: serial correlation makes it invalid""}",,laneA_ps1_metrics.v1
fred.rates.t10y2y.diff_1d,adf,MEASURED,"{""stat"": -16.167335301138415, ""pvalue"": 4.401650844521066e-29, ""lags"": 24, ""nobs"": 19975, ""crit_5pct"": -2.8616847064863733, ""H0"": ""unit root"", ""regression"": ""c"", ""sample"": ""last 20000 finite TRAIN values (gaps compressed)""}",,laneA_ps1_metrics.v1
fred.rates.t10y2y.diff_1d,kpss,MEASURED,"{""stat"": 0.5493513022208754, ""pvalue"": 0.030551508508811852, ""lags"": 83, ""H0"": ""level stationary"", ""pvalue_truncated_to_table"": false, ""sample"": ""last 20000 finite TRAIN values (gaps compressed)""}",,laneA_ps1_metrics.v1
fred.rates.t10y2y.diff_1d,seasonality,MEASURED,"{""eta2_hour_of_day"": 3.147462730151957e-05, ""eta2_day_of_week"": 0.0017967041893267918, ""eta2_month"": 0.002486812669883869}",,laneA_ps1_metrics.v1
fred.rates.t10y2y.diff_1d,spectrum,MEASURED,"{""top_periods_rows"": [227.55555555555554, 341.3333333333333, 409.6], ""top_power_share"": [0.0425762611947121, 0.03767962751054119, 0.037004957181221765], ""spectral_entropy_norm"": 0.6346963314249764, ""zero_filled_fraction"": 0.0, ""method"": ""Welch nperseg<=2048 on demeaned rows""}",,laneA_ps1_metrics.v1
fred.rates.t10y2y.diff_1d,cost,MEASURED,"{""build_s"": 0.014329546249952892, ""profile_s"": 0.031508914999903936, ""bytes_float64"": 573872}",,laneA_ps1_metrics.v1
fred.rates.t10y2y.diff_5d,missingness,MEASURED,"{""n_rows"": 71734, ""n_finite"": 71734, ""missing_fraction"": 0.0}",,laneA_ps1_metrics.v1
fred.rates.t10y2y.diff_5d,constant,MEASURED,"{""n_unique"": 246, ""is_constant"": false, ""top_value_share"": 0.060598879192572556}",,laneA_ps1_metrics.v1
fred.rates.t10y2y.diff_5d,scale_tails,MEASURED,"{""mean"": -0.0036412301000920064, ""std"": 0.07753181112720126, ""min"": -0.28, ""max"": 0.6500000000000001, ""p001"": -0.26, ""p01"": -0.18, ""p05"": -0.12, ""p25"": -0.05000000000000002, ""median"": -0.010000000000000009, ""p75"": 0.03999999999999998, ""p95"": 0.13, ""p99"": 0.21000000000000002, ""p999"": 0.43000000000000005, ""mad"": 0.040000000000000036, ""skew"": 0.6727449398833155, ""excess_kurtosis"": 3.118571668465898, ""tail_ratio_p99_mad"": 5.499999999999996, ""share_beyond_5mad"": 0.018721944963336772}",,laneA_ps1_metrics.v1
fred.rates.t10y2y.diff_5d,volatility,MEASURED,"{""std_first_diff"": 0.01035772951807854, ""rolling168_std_median"": 0.03951516837251691, ""vol_of_vol_cv"": 0.6220118725989848}",,laneA_ps1_metrics.v1
fred.rates.t10y2y.diff_5d,acf,MEASURED,"{""lag_1"": 0.9910764849622536, ""lag_6"": 0.9464734591210027, ""lag_24"": 0.7850232011417043, ""lag_120"": -0.05204331860251059, ""lag_168"": -0.06306101803989682, ""lag_unit"": ""rows of the decision grid (1 row = 1 market hour; weekend gaps not filled)""}",,laneA_ps1_metrics.v1
fred.rates.t10y2y.diff_5d,trend,MEASURED,"{""ols_slope_per_year"": -0.0005094853846130174, ""slope_in_std_per_year"": -0.0065713076633427125, ""ols_r"": -0.015523325356680535, ""kendall_tau_3000"": -0.00870094323941766, ""kendall_p_3000"": 0.4794025143355918, ""caveat"": ""OLS p-value omitted: serial correlation makes it invalid""}",,laneA_ps1_metrics.v1
fred.rates.t10y2y.diff_5d,adf,MEASURED,"{""stat"": -10.518701775683999, ""pvalue"": 9.810032367862004e-19, ""lags"": 24, ""nobs"": 19975, ""crit_5pct"": -2.8616847064863733, ""H0"": ""unit root"", ""regression"": ""c"", ""sample"": ""last 20000 finite TRAIN values (gaps compressed)""}",,laneA_ps1_metrics.v1
fred.rates.t10y2y.diff_5d,kpss,MEASURED,"{""stat"": 0.4218405380564216, ""pvalue"": 0.06774114738947346, ""lags"": 86, ""H0"": ""level stationary"", ""pvalue_truncated_to_table"": false, ""sample"": ""last 20000 finite TRAIN values (gaps compressed)""}",,laneA_ps1_metrics.v1
fred.rates.t10y2y.diff_5d,seasonality,MEASURED,"{""eta2_hour_of_day"": 1.4719640481722796e-05, ""eta2_day_of_week"": 9.82898543741391e-05, ""eta2_month"": 0.014913776840088487}",,laneA_ps1_metrics.v1
fred.rates.t10y2y.diff_5d,spectrum,MEASURED,"{""top_periods_rows"": [409.6, 512.0, 341.3333333333333], ""top_power_share"": [0.1278798702682773, 0.10618165406259916, 0.10587938795966084], ""spectral_entropy_norm"": 0.44743122880803204, ""zero_filled_fraction"": 0.0, ""method"": ""Welch nperseg<=2048 on demeaned rows""}",,laneA_ps1_metrics.v1
fred.rates.t10y2y.diff_5d,cost,MEASURED,"{""build_s"": 0.014329546249952892, ""profile_s"": 0.031718928000373126, ""bytes_float64"": 573872}",,laneA_ps1_metrics.v1
fred.rates.t10y3m.level,missingness,MEASURED,"{""n_rows"": 71734, ""n_finite"": 71734, ""missing_fraction"": 0.0}",,laneA_ps1_metrics.v1
fred.rates.t10y3m.level,constant,MEASURED,"{""n_unique"": 441, ""is_constant"": false, ""top_value_share"": 0.010511054729974628}",,laneA_ps1_metrics.v1
fred.rates.t10y3m.level,scale_tails,MEASURED,"{""mean"": 1.1710060780104277, ""std"": 1.0534058498550025, ""min"": -1.88, ""max"": 2.97, ""p001"": -1.82, ""p01"": -1.65, ""p05"": -1.13, ""p25"": 0.55, ""median"": 1.4, ""p75"": 1.9, ""p95"": 2.63, ""p99"": 2.82, ""p999"": 2.95, ""mad"": 0.6199999999999999, ""skew"": -0.8073095695209295, ""excess_kurtosis"": 0.2528583471059118, ""tail_ratio_p99_mad"": 2.2903225806451615, ""share_beyond_5mad"": 0.004934898374550422}",,laneA_ps1_metrics.v1
fred.rates.t10y3m.level,volatility,MEASURED,"{""std_first_diff"": 0.010524708179073193, ""rolling168_std_median"": 0.040624403660986706, ""vol_of_vol_cv"": 0.6174215177137719}",,laneA_ps1_metrics.v1
fred.rates.t10y3m.level,acf,MEASURED,"{""lag_1"": 0.9999500878716385, ""lag_6"": 0.9997005271754296, ""lag_24"": 0.9988107725315359, ""lag_120"": 0.9944579471695538, ""lag_168"": 0.992299558010123, ""lag_unit"": ""rows of the decision grid (1 row = 1 market hour; weekend gaps not filled)""}",,laneA_ps1_metrics.v1
fred.rates.t10y3m.level,trend,MEASURED,"{""ols_slope_per_year"": -0.3289866446998816, ""slope_in_std_per_year"": -0.3123075923160721, ""ols_r"": -0.7377606734087697, ""kendall_tau_3000"": -0.5501020730776391, ""kendall_p_3000"": 0.0, ""caveat"": ""OLS p-value omitted: serial correlation makes it invalid""}",,laneA_ps1_metrics.v1
fred.rates.t10y3m.level,adf,MEASURED,"{""stat"": 0.23671211178351104, ""pvalue"": 0.9742471086047656, ""lags"": 24, ""nobs"": 19975, ""crit_5pct"": -2.8616847064863733, ""H0"": ""unit root"", ""regression"": ""c"", ""sample"": ""last 20000 finite TRAIN values (gaps compressed)""}",,laneA_ps1_metrics.v1
fred.rates.t10y3m.level,kpss,MEASURED,"{""stat"": 15.878145723748334, ""pvalue"": 0.01, ""lags"": 87, ""H0"": ""level stationary"", ""pvalue_truncated_to_table"": true, ""sample"": ""last 20000 finite TRAIN values (gaps compressed)""}",,laneA_ps1_metrics.v1
fred.rates.t10y3m.level,seasonality,MEASURED,"{""eta2_hour_of_day"": 0.0005689815155454327, ""eta2_day_of_week"": 4.8271506802145544e-05, ""eta2_month"": 0.008375904795238361}",,laneA_ps1_metrics.v1
fred.rates.t10y3m.level,spectrum,MEASURED,"{""top_periods_rows"": [2048.0, 1024.0, 682.6666666666666], ""top_power_share"": [0.6147337792149216, 0.18842485250163576, 0.049986032822812755], ""spectral_entropy_norm"": 0.22153533155701072, ""zero_filled_fraction"": 0.0, ""method"": ""Welch nperseg<=2048 on demeaned rows""}",,laneA_ps1_metrics.v1
fred.rates.t10y3m.level,cost,MEASURED,"{""build_s"": 0.014329546249952892, ""profile_s"": 0.03219177400023909, ""bytes_float64"": 573872}",,laneA_ps1_metrics.v1
fred.rates.t10y3m.diff_1d,missingness,MEASURED,"{""n_rows"": 71734, ""n_finite"": 71734, ""missing_fraction"": 0.0}",,laneA_ps1_metrics.v1
fred.rates.t10y3m.diff_1d,constant,MEASURED,"{""n_unique"": 194, ""is_constant"": false, ""top_value_share"": 0.08418602057601696}",,laneA_ps1_metrics.v1
fred.rates.t10y3m.diff_1d,scale_tails,MEASURED,"{""mean"": -0.0018162935288705514, ""std"": 0.052913716222085745, ""min"": -0.32000000000000006, ""max"": 0.33999999999999997, ""p001"": -0.29000000000000004, ""p01"": -0.1499999999999999, ""p05"": -0.08000000000000007, ""p25"": -0.030000000000000027, ""median"": 0.0, ""p75"": 0.030000000000000027, ""p95"": 0.08000000000000007, ""p99"": 0.12, ""p999"": 0.21999999999999975, ""mad"": 0.030000000000000027, ""skew"": -0.29359967276492954, ""excess_kurtosis"": 3.4749195451998443, ""tail_ratio_p99_mad"": 3.9999999999999964, ""share_beyond_5mad"": 0.010636518247971674}",,laneA_ps1_metrics.v1
fred.rates.t10y3m.diff_1d,volatility,MEASURED,"{""std_first_diff"": 0.013881115732525756, ""rolling168_std_median"": 0.038606870472444, ""vol_of_vol_cv"": 0.5087883625022614}",,laneA_ps1_metrics.v1
fred.rates.t10y3m.diff_1d,acf,MEASURED,"{""lag_1"": 0.9655899791522377, ""lag_6"": 0.7935529062491614, ""lag_24"": 0.20890653901758632, ""lag_120"": 0.0004763944346812159, ""lag_168"": -0.007939379337374345, ""lag_unit"": ""rows of the decision grid (1 row = 1 market hour; weekend gaps not filled)""}",,laneA_ps1_metrics.v1
fred.rates.t10y3m.diff_1d,trend,MEASURED,"{""ols_slope_per_year"": -0.00044952072428020137, ""slope_in_std_per_year"": -0.008495353499525614, ""ols_r"": -0.020068476953043403, ""kendall_tau_3000"": 0.016374703761714984, ""kendall_p_3000"": 0.18601353536489496, ""caveat"": ""OLS p-value omitted: serial correlation makes it invalid""}",,laneA_ps1_metrics.v1
fred.rates.t10y3m.diff_1d,adf,MEASURED,"{""stat"": -16.788803820634474, ""pvalue"": 1.2468706850360213e-29, ""lags"": 24, ""nobs"": 19975, ""crit_5pct"": -2.8616847064863733, ""H0"": ""unit root"", ""regression"": ""c"", ""sample"": ""last 20000 finite TRAIN values (gaps compressed)""}",,laneA_ps1_metrics.v1
fred.rates.t10y3m.diff_1d,kpss,MEASURED,"{""stat"": 0.5600445673648395, ""pvalue"": 0.028143115458369467, ""lags"": 83, ""H0"": ""level stationary"", ""pvalue_truncated_to_table"": false, ""sample"": ""last 20000 finite TRAIN values (gaps compressed)""}",,laneA_ps1_metrics.v1
fred.rates.t10y3m.diff_1d,seasonality,MEASURED,"{""eta2_hour_of_day"": 8.344498415945443e-06, ""eta2_day_of_week"": 0.00580013752194277, ""eta2_month"": 0.003810358081556837}",,laneA_ps1_metrics.v1
fred.rates.t10y3m.diff_1d,spectrum,MEASURED,"{""top_periods_rows"": [227.55555555555554, 341.3333333333333, 409.6], ""top_power_share"": [0.03515648346071751, 0.03418379780958696, 0.033615221051837625], ""spectral_entropy_norm"": 0.6371482682368499, ""zero_filled_fraction"": 0.0, ""method"": ""Welch nperseg<=2048 on demeaned rows""}",,laneA_ps1_metrics.v1
fred.rates.t10y3m.diff_1d,cost,MEASURED,"{""build_s"": 0.014329546249952892, ""profile_s"": 0.03141766299995652, ""bytes_float64"": 573872}",,laneA_ps1_metrics.v1
fred.rates.t10y3m.diff_5d,missingness,MEASURED,"{""n_rows"": 71734, ""n_finite"": 71734, ""missing_fraction"": 0.0}",,laneA_ps1_metrics.v1
fred.rates.t10y3m.diff_5d,constant,MEASURED,"{""n_unique"": 297, ""is_constant"": false, ""top_value_share"": 0.04561295898737001}",,laneA_ps1_metrics.v1
fred.rates.t10y3m.diff_5d,scale_tails,MEASURED,"{""mean"": -0.005640700365238244, ""std"": 0.11110959080528869, ""min"": -0.6299999999999999, ""max"": 0.7599999999999999, ""p001"": -0.55, ""p01"": -0.29000000000000004, ""p05"": -0.17000000000000004, ""p25"": -0.06999999999999995, ""median"": -0.010000000000000009, ""p75"": 0.06, ""p95"": 0.17999999999999994, ""p99"": 0.27, ""p999"": 0.43, ""mad"": 0.06000000000000005, ""skew"": -0.04780562352481849, ""excess_kurtosis"": 2.8008681365775967, ""tail_ratio_p99_mad"": 4.666666666666663, ""share_beyond_5mad"": 0.015850224440293305}",,laneA_ps1_metrics.v1
fred.rates.t10y3m.diff_5d,volatility,MEASURED,"{""std_first_diff"": 0.014640663988404684, ""rolling168_std_median"": 0.05759954376779375, ""vol_of_vol_cv"": 0.5670388107106706}",,laneA_ps1_metrics.v1
fred.rates.t10y3m.diff_5d,acf,MEASURED,"{""lag_1"": 0.9913186393788717, ""lag_6"": 0.9479362698758498, ""lag_24"": 0.7919201843845616, ""lag_120"": 0.02533212885168069, ""lag_168"": 0.04374825577769411, ""lag_unit"": ""rows of the decision grid (1 row = 1 market hour; weekend gaps not filled)""}",,laneA_ps1_metrics.v1
fred.rates.t10y3m.diff_5d,trend,MEASURED,"{""ols_slope_per_year"": -0.002116070288165828, ""slope_in_std_per_year"": -0.019044893180050353, ""ols_r"": -0.04498953455890402, ""kendall_tau_3000"": -0.00509699666333633, ""kendall_p_3000"": 0.6775821232515062, ""caveat"": ""OLS p-value omitted: serial correlation makes it invalid""}",,laneA_ps1_metrics.v1
fred.rates.t10y3m.diff_5d,adf,MEASURED,"{""stat"": -9.966978787660242, ""pvalue"": 2.2932350598657398e-17, ""lags"": 24, ""nobs"": 19975, ""crit_5pct"": -2.8616847064863733, ""H0"": ""unit root"", ""regression"": ""c"", ""sample"": ""last 20000 finite TRAIN values (gaps compressed)""}",,laneA_ps1_metrics.v1
fred.rates.t10y3m.diff_5d,kpss,MEASURED,"{""stat"": 0.9041616297903418, ""pvalue"": 0.01, ""lags"": 86, ""H0"": ""level stationary"", ""pvalue_truncated_to_table"": true, ""sample"": ""last 20000 finite TRAIN values (gaps compressed)""}",,laneA_ps1_metrics.v1
fred.rates.t10y3m.diff_5d,seasonality,MEASURED,"{""eta2_hour_of_day"": 4.772168715867001e-06, ""eta2_day_of_week"": 0.0001400139470415825, ""eta2_month"": 0.024078631997114058}",,laneA_ps1_metrics.v1
fred.rates.t10y3m.diff_5d,spectrum,MEASURED,"{""top_periods_rows"": [1024.0, 2048.0, 682.6666666666666], ""top_power_share"": [0.1108607012252051, 0.11013510339781286, 0.09706801286009714], ""spectral_entropy_norm"": 0.44591430669966065, ""zero_filled_fraction"": 0.0, ""method"": ""Welch nperseg<=2048 on demeaned rows""}",,laneA_ps1_metrics.v1
fred.rates.t10y3m.diff_5d,cost,MEASURED,"{""build_s"": 0.014329546249952892, ""profile_s"": 0.032158091999917815, ""bytes_float64"": 573872}",,laneA_ps1_metrics.v1
fred.rates.tb3ms.level,missingness,MEASURED,"{""n_rows"": 71734, ""n_finite"": 16712, ""missing_fraction"": 0.7670281874703767}",,laneA_ps1_metrics.v1
fred.rates.tb3ms.level,constant,MEASURED,"{""n_unique"": 78, ""is_constant"": false, ""top_value_share"": 0.08670416467209191}",,laneA_ps1_metrics.v1
fred.rates.tb3ms.level,scale_tails,MEASURED,"{""mean"": 1.0660286022020105, ""std"": 1.479717875247171, ""min"": 0.02, ""max"": 5.34, ""p001"": 0.02, ""p01"": 0.02, ""p05"": 0.02, ""p25"": 0.05, ""median"": 0.27, ""p75"": 1.7, ""p95"": 5.14, ""p99"": 5.32, ""p999"": 5.34, ""mad"": 0.24000000000000002, ""skew"": 1.6278250708962891, ""excess_kurtosis"": 1.7436900215465805, ""tail_ratio_p99_mad"": 21.041666666666668, ""share_beyond_5mad"": 0.30648635710866445}",,laneA_ps1_metrics.v1
fred.rates.tb3ms.level,volatility,MEASURED,"{""std_first_diff"": 0.0, ""rolling168_std_median"": 0.0, ""vol_of_vol_cv"": null}",,laneA_ps1_metrics.v1
fred.rates.tb3ms.level,acf,MEASURED,"{""lag_1"": 1.0, ""lag_6"": 1.0, ""lag_24"": 1.0, ""lag_120"": 1.0, ""lag_168"": NaN, ""lag_unit"": ""rows of the decision grid (1 row = 1 market hour; weekend gaps not filled)""}",,laneA_ps1_metrics.v1
fred.rates.tb3ms.level,trend,MEASURED,"{""ols_slope_per_year"": 0.39322526390207313, ""slope_in_std_per_year"": 0.26574340317162765, ""ols_r"": 0.6275700047926548, ""kendall_tau_3000"": 0.4315477495358997, ""kendall_p_3000"": 1.6900295677578755e-267, ""caveat"": ""OLS p-value omitted: serial correlation makes it invalid""}",,laneA_ps1_metrics.v1
fred.rates.tb3ms.level,adf,MEASURED,"{""stat"": 2.0927193523919994, ""pvalue"": 0.9987819575936212, ""lags"": 24, ""nobs"": 16687, ""crit_5pct"": -2.8617132219017347, ""H0"": ""unit root"", ""regression"": ""c"", ""sample"": ""last 16712 finite TRAIN values (gaps compressed)""}",,laneA_ps1_metrics.v1
fred.rates.tb3ms.level,kpss,MEASURED,"{""stat"": 8.45113566464906, ""pvalue"": 0.01, ""lags"": 76, ""H0"": ""level stationary"", ""pvalue_truncated_to_table"": true, ""sample"": ""last 16712 finite TRAIN values (gaps compressed)""}",,laneA_ps1_metrics.v1
fred.rates.tb3ms.level,seasonality,MEASURED,"{""eta2_hour_of_day"": 0.0005165298204694558, ""eta2_day_of_week"": 4.9407880706163925e-05, ""eta2_month"": 0.0106774993196292}",,laneA_ps1_metrics.v1
fred.rates.tb3ms.level,spectrum,MEASURED,"{""top_periods_rows"": [512.0, 256.0, 409.6], ""top_power_share"": [0.25307810862917546, 0.13053886698818562, 0.10391172028240495], ""spectral_entropy_norm"": 0.422007048712432, ""zero_filled_fraction"": 0.7670281874703767, ""method"": ""Welch nperseg<=2048 on demeaned rows""}",,laneA_ps1_metrics.v1
fred.rates.tb3ms.level,cost,MEASURED,"{""build_s"": 0.014329546249952892, ""profile_s"": 0.02072608200069226, ""bytes_float64"": 573872}",,laneA_ps1_metrics.v1
fred.rates.tb3ms.logret_1d,missingness,MEASURED,"{""n_rows"": 71734, ""n_finite"": 16712, ""missing_fraction"": 0.7670281874703767}",,laneA_ps1_metrics.v1
fred.rates.tb3ms.logret_1d,constant,MEASURED,"{""n_unique"": 99, ""is_constant"": false, ""top_value_share"": 0.1732886548587841}",,laneA_ps1_metrics.v1
fred.rates.tb3ms.logret_1d,scale_tails,MEASURED,"{""mean"": 0.02968510808658406, ""std"": 0.35579481255721573, ""min"": -1.6565846908598025, ""max"": 1.791759469228055, ""p001"": -1.6565846908598025, ""p01"": -1.252762968495368, ""p05"": -0.5108256237659909, ""p25"": -0.03390155167568132, ""median"": 0.004175371410480522, ""p75"": 0.12260232209233246, ""p95"": 0.6505875661411493, ""p99"": 0.9162907318741551, ""p999"": 1.791759469228055, ""mad"": 0.09215573752795152, ""skew"": -0.03532942430732705, ""excess_kurtosis"": 8.070508898033395, ""tail_ratio_p99_mad"": 9.897542843569813, ""share_beyond_5mad"": 0.1086644327429392}",,laneA_ps1_metrics.v1
fred.rates.tb3ms.logret_1d,volatility,MEASURED,"{""std_first_diff"": 0.0, ""rolling168_std_median"": 0.0, ""vol_of_vol_cv"": null}",,laneA_ps1_metrics.v1
fred.rates.tb3ms.logret_1d,acf,MEASURED,"{""lag_1"": 1.0, ""lag_6"": 1.0, ""lag_24"": 1.0, ""lag_120"": 1.0, ""lag_168"": NaN, ""lag_unit"": ""rows of the decision grid (1 row = 1 market hour; weekend gaps not filled)""}",,laneA_ps1_metrics.v1
fred.rates.tb3ms.logret_1d,trend,MEASURED,"{""ols_slope_per_year"": 0.008550896924034485, ""slope_in_std_per_year"": 0.024033225393524833, ""ols_r"": 0.05675599542787679, ""kendall_tau_3000"": 0.03453620253027678, ""kendall_p_3000"": 0.005312010531019247, ""caveat"": ""OLS p-value omitted: serial correlation makes it invalid""}",,laneA_ps1_metrics.v1
fred.rates.tb3ms.logret_1d,adf,MEASURED,"{""stat"": -7.777622477827923, ""pvalue"": 8.584977924347393e-12, ""lags"": 24, ""nobs"": 16687, ""crit_5pct"": -2.8617132219017347, ""H0"": ""unit root"", ""regression"": ""c"", ""sample"": ""last 16712 finite TRAIN values (gaps compressed)""}",,laneA_ps1_metrics.v1
fred.rates.tb3ms.logret_1d,kpss,MEASURED,"{""stat"": 0.3116167333071276, ""pvalue"": 0.1, ""lags"": 76, ""H0"": ""level stationary"", ""pvalue_truncated_to_table"": true, ""sample"": ""last 16712 finite TRAIN values (gaps compressed)""}",,laneA_ps1_metrics.v1
fred.rates.tb3ms.logret_1d,seasonality,MEASURED,"{""eta2_hour_of_day"": 3.679016596245286e-06, ""eta2_day_of_week"": 1.4708602945065478e-05, ""eta2_month"": 0.10999404042856294}",,laneA_ps1_metrics.v1
fred.rates.tb3ms.logret_1d,spectrum,MEASURED,"{""top_periods_rows"": [512.0, 682.6666666666666, 2048.0], ""top_power_share"": [0.12794455310401326, 0.12765846709731815, 0.10751812668260523], ""spectral_entropy_norm"": 0.4318937012940126, ""zero_filled_fraction"": 0.7670281874703767, ""method"": ""Welch nperseg<=2048 on demeaned rows""}",,laneA_ps1_metrics.v1
fred.rates.tb3ms.logret_1d,cost,MEASURED,"{""build_s"": 0.014329546249952892, ""profile_s"": 0.021068944000035117, ""bytes_float64"": 573872}",,laneA_ps1_metrics.v1
fred.rates.tb3ms.logret_5d,missingness,MEASURED,"{""n_rows"": 71734, ""n_finite"": 16712, ""missing_fraction"": 0.7670281874703767}",,laneA_ps1_metrics.v1
fred.rates.tb3ms.logret_5d,constant,MEASURED,"{""n_unique"": 116, ""is_constant"": false, ""top_value_share"": 0.07228338918142652}",,laneA_ps1_metrics.v1
fred.rates.tb3ms.logret_5d,scale_tails,MEASURED,"{""mean"": 0.17041473679057328, ""std"": 0.9367214719468556, ""min"": -2.4720032449520923, ""max"": 2.793208009442517, ""p001"": -2.4720032449520923, ""p01"": -2.4589311633847397, ""p05"": -1.5040773967762737, ""p25"": -0.2491190377174704, ""median"": 0.12800956744021486, ""p75"": 0.5108256237659909, ""p95"": 2.1747517214841605, ""p99"": 2.740840023925201, ""p999"": 2.793208009442517, ""mad"": 0.38281605632577576, ""skew"": 0.2524955991257155, ""excess_kurtosis"": 1.7562969432646867, ""tail_ratio_p99_mad"": 6.825289622286564, ""share_beyond_5mad"": 0.08676400191479176}",,laneA_ps1_metrics.v1
fred.rates.tb3ms.logret_5d,volatility,MEASURED,"{""std_first_diff"": 0.0, ""rolling168_std_median"": 0.0, ""vol_of_vol_cv"": null}",,laneA_ps1_metrics.v1
fred.rates.tb3ms.logret_5d,acf,MEASURED,"{""lag_1"": 1.0, ""lag_6"": 0.9999999999999999, ""lag_24"": 0.9999999999999999, ""lag_120"": 1.0, ""lag_168"": NaN, ""lag_unit"": ""rows of the decision grid (1 row = 1 market hour; weekend gaps not filled)""}",,laneA_ps1_metrics.v1
fred.rates.tb3ms.logret_5d,trend,MEASURED,"{""ols_slope_per_year"": 0.030549428747332723, ""slope_in_std_per_year"": 0.032613140258053064, ""ols_r"": 0.07701801190086906, ""kendall_tau_3000"": 0.04991506876520857, ""kendall_p_3000"": 4.6766439751737777e-05, ""caveat"": ""OLS p-value omitted: serial correlation makes it invalid""}",,laneA_ps1_metrics.v1
fred.rates.tb3ms.logret_5d,adf,MEASURED,"{""stat"": -3.4920355586256906, ""pvalue"": 0.008194009272464229, ""lags"": 24, ""nobs"": 16687, ""crit_5pct"": -2.8617132219017347, ""H0"": ""unit root"", ""regression"": ""c"", ""sample"": ""last 16712 finite TRAIN values (gaps compressed)""}",,laneA_ps1_metrics.v1
fred.rates.tb3ms.logret_5d,kpss,MEASURED,"{""stat"": 0.846600880278639, ""pvalue"": 0.01, ""lags"": 76, ""H0"": ""level stationary"", ""pvalue_truncated_to_table"": true, ""sample"": ""last 16712 finite TRAIN values (gaps compressed)""}",,laneA_ps1_metrics.v1
fred.rates.tb3ms.logret_5d,seasonality,MEASURED,"{""eta2_hour_of_day"": 1.4706515669580296e-06, ""eta2_day_of_week"": 3.7372439432783314e-05, ""eta2_month"": 0.030561425208986564}",,laneA_ps1_metrics.v1
fred.rates.tb3ms.logret_5d,spectrum,MEASURED,"{""top_periods_rows"": [512.0, 256.0, 682.6666666666666], ""top_power_share"": [0.287890088657161, 0.14752190719474478, 0.10924899405481465], ""spectral_entropy_norm"": 0.4009162153765371, ""zero_filled_fraction"": 0.7670281874703767, ""method"": ""Welch nperseg<=2048 on demeaned rows""}",,laneA_ps1_metrics.v1
fred.rates.tb3ms.logret_5d,cost,MEASURED,"{""build_s"": 0.014329546249952892, ""profile_s"": 0.021284417999595462, ""bytes_float64"": 573872}",,laneA_ps1_metrics.v1
fred.stress.anfci.level,missingness,MEASURED,"{""n_rows"": 71734, ""n_finite"": 71734, ""missing_fraction"": 0.0}",,laneA_ps1_metrics.v1
fred.stress.anfci.level,constant,MEASURED,"{""n_unique"": 415, ""is_constant"": false, ""top_value_share"": 0.01003708143976357}",,laneA_ps1_metrics.v1
fred.stress.anfci.level,scale_tails,MEASURED,"{""mean"": -0.48944472635012687, ""std"": 0.22168590161870055, ""min"": -0.91, ""max"": 0.472, ""p001"": -0.91, ""p01"": -0.89, ""p05"": -0.827, ""p25"": -0.63, ""median"": -0.528, ""p75"": -0.321, ""p95"": -0.13, ""p99"": 0.198, ""p999"": 0.472, ""mad"": 0.135, ""skew"": 0.7100606760121221, ""excess_kurtosis"": 1.102902075410304, ""tail_ratio_p99_mad"": 5.377777777777777, ""share_beyond_5mad"": 0.010023141048875011}",,laneA_ps1_metrics.v1
fred.stress.anfci.level,volatility,MEASURED,"{""std_first_diff"": 0.00262245174337103, ""rolling168_std_median"": 0.005427776437669952, ""vol_of_vol_cv"": 1.4259430542985252}",,laneA_ps1_metrics.v1
fred.stress.anfci.level,acf,MEASURED,"{""lag_1"": 0.9999300311376286, ""lag_6"": 0.9995801771533344, ""lag_24"": 0.9983205692709051, ""lag_120"": 0.9914301750268449, ""lag_168"": 0.9820029720215976, ""lag_unit"": ""rows of the decision grid (1 row = 1 market hour; weekend gaps not filled)""}",,laneA_ps1_metrics.v1
fred.stress.anfci.level,trend,MEASURED,"{""ols_slope_per_year"": 0.04083708848500033, ""slope_in_std_per_year"": 0.18421148204201127, ""ols_r"": 0.435160688963974, ""kendall_tau_3000"": 0.24007929044470386, ""kendall_p_3000"": 2.9201083466226215e-86, ""caveat"": ""OLS p-value omitted: serial correlation makes it invalid""}",,laneA_ps1_metrics.v1
fred.stress.anfci.level,adf,MEASURED,"{""stat"": -0.940724204178977, ""pvalue"": 0.7742657979375686, ""lags"": 24, ""nobs"": 19975, ""crit_5pct"": -2.8616847064863733, ""H0"": ""unit root"", ""regression"": ""c"", ""sample"": ""last 20000 finite TRAIN values (gaps compressed)""}",,laneA_ps1_metrics.v1
fred.stress.anfci.level,kpss,MEASURED,"{""stat"": 15.80040372462899, ""pvalue"": 0.01, ""lags"": 87, ""H0"": ""level stationary"", ""pvalue_truncated_to_table"": true, ""sample"": ""last 20000 finite TRAIN values (gaps compressed)""}",,laneA_ps1_metrics.v1
fred.stress.anfci.level,seasonality,MEASURED,"{""eta2_hour_of_day"": 0.00013405222198459323, ""eta2_day_of_week"": 1.8167131182747076e-05, ""eta2_month"": 0.01390356366126369}",,laneA_ps1_metrics.v1
fred.stress.anfci.level,spectrum,MEASURED,"{""top_periods_rows"": [2048.0, 1024.0, 682.6666666666666], ""top_power_share"": [0.7614314361972429, 0.20836036496497903, 0.013744606316816796], ""spectral_entropy_norm"": 0.10360208827627433, ""zero_filled_fraction"": 0.0, ""method"": ""Welch nperseg<=2048 on demeaned rows""}",,laneA_ps1_metrics.v1
fred.stress.anfci.level,cost,MEASURED,"{""build_s"": 0.014329546249952892, ""profile_s"": 0.032406246999926225, ""bytes_float64"": 573872}",,laneA_ps1_metrics.v1
fred.stress.anfci.diff_1d,missingness,MEASURED,"{""n_rows"": 71734, ""n_finite"": 71734, ""missing_fraction"": 0.0}",,laneA_ps1_metrics.v1
fred.stress.anfci.diff_1d,constant,MEASURED,"{""n_unique"": 191, ""is_constant"": false, ""top_value_share"": 0.038475478852427025}",,laneA_ps1_metrics.v1
fred.stress.anfci.diff_1d,scale_tails,MEASURED,"{""mean"": 1.5599297404299115e-05, ""std"": 0.02856428906250877, ""min"": -0.11299999999999999, ""max"": 0.259, ""p001"": -0.11299999999999999, ""p01"": -0.104, ""p05"": -0.029999999999999916, ""p25"": -0.01200000000000001, ""median"": -0.0020000000000000018, ""p75"": 0.009000000000000008, ""p95"": 0.03500000000000003, ""p99"": 0.06400000000000006, ""p999"": 0.259, ""mad"": 0.010000000000000009, ""skew"": 2.809893579022841, ""excess_kurtosis"": 27.31165337783136, ""tail_ratio_p99_mad"": 6.6, ""share_beyond_5mad"": 0.03915855800596649}",,laneA_ps1_metrics.v1
fred.stress.anfci.diff_1d,volatility,MEASURED,"{""std_first_diff"": 0.001154736680779979, ""rolling168_std_median"": 0.0024724025665975526, ""vol_of_vol_cv"": 1.3638784573055849}",,laneA_ps1_metrics.v1
fred.stress.anfci.diff_1d,acf,MEASURED,"{""lag_1"": 0.9991828819185564, ""lag_6"": 0.9950971938919831, ""lag_24"": 0.9803873692488358, ""lag_120"": 0.8993888377052496, ""lag_168"": 0.7980960978389063, ""lag_unit"": ""rows of the decision grid (1 row = 1 market hour; weekend gaps not filled)""}",,laneA_ps1_metrics.v1
fred.stress.anfci.diff_1d,trend,MEASURED,"{""ols_slope_per_year"": 0.000288790638098125, ""slope_in_std_per_year"": 0.010110198698316942, ""ols_r"": 0.0238832074002798, ""kendall_tau_3000"": 0.014232418595135389, ""kendall_p_3000"": 0.24599996005934133, ""caveat"": ""OLS p-value omitted: serial correlation makes it invalid""}",,laneA_ps1_metrics.v1
fred.stress.anfci.diff_1d,adf,MEASURED,"{""stat"": -3.440272998781795, ""pvalue"": 0.009660227190654846, ""lags"": 24, ""nobs"": 19975, ""crit_5pct"": -2.8616847064863733, ""H0"": ""unit root"", ""regression"": ""c"", ""sample"": ""last 20000 finite TRAIN values (gaps compressed)""}",,laneA_ps1_metrics.v1
fred.stress.anfci.diff_1d,kpss,MEASURED,"{""stat"": 0.639400072144561, ""pvalue"": 0.019054538895949002, ""lags"": 87, ""H0"": ""level stationary"", ""pvalue_truncated_to_table"": false, ""sample"": ""last 20000 finite TRAIN values (gaps compressed)""}",,laneA_ps1_metrics.v1
fred.stress.anfci.diff_1d,seasonality,MEASURED,"{""eta2_hour_of_day"": 1.7296608931578e-06, ""eta2_day_of_week"": 1.2391096266047634e-05, ""eta2_month"": 0.07862536347671711}",,laneA_ps1_metrics.v1
fred.stress.anfci.diff_1d,spectrum,MEASURED,"{""top_periods_rows"": [2048.0, 1024.0, 682.6666666666666], ""top_power_share"": [0.5911957461150743, 0.32542054352900024, 0.057366016762089286], ""spectral_entropy_norm"": 0.14869217304353394, ""zero_filled_fraction"": 0.0, ""method"": ""Welch nperseg<=2048 on demeaned rows""}",,laneA_ps1_metrics.v1
fred.stress.anfci.diff_1d,cost,MEASURED,"{""build_s"": 0.014329546249952892, ""profile_s"": 0.031619592000424745, ""bytes_float64"": 573872}",,laneA_ps1_metrics.v1
fred.stress.anfci.diff_5d,missingness,MEASURED,"{""n_rows"": 71734, ""n_finite"": 71734, ""missing_fraction"": 0.0}",,laneA_ps1_metrics.v1
fred.stress.anfci.diff_5d,constant,MEASURED,"{""n_unique"": 398, ""is_constant"": false, ""top_value_share"": 0.015041681768756796}",,laneA_ps1_metrics.v1
fred.stress.anfci.diff_5d,scale_tails,MEASURED,"{""mean"": 0.00035458778264142336, ""std"": 0.12006738883367611, ""min"": -0.538, ""max"": 1.006, ""p001"": -0.538, ""p01"": -0.45499999999999996, ""p05"": -0.117, ""p25"": -0.051000000000000045, ""median"": -0.008000000000000007, ""p75"": 0.039999999999999925, ""p95"": 0.14500000000000002, ""p99"": 0.408, ""p999"": 1.006, ""mad"": 0.04499999999999993, ""skew"": 2.2550041177296927, ""excess_kurtosis"": 23.598527371955, ""tail_ratio_p99_mad"": 9.244444444444458, ""share_beyond_5mad"": 0.030097303928402153}",,laneA_ps1_metrics.v1
fred.stress.anfci.diff_5d,volatility,MEASURED,"{""std_first_diff"": 0.003934650719563513, ""rolling168_std_median"": 0.007674885720962923, ""vol_of_vol_cv"": 1.482388710744944}",,laneA_ps1_metrics.v1
fred.stress.anfci.diff_5d,acf,MEASURED,"{""lag_1"": 0.9994630568799733, ""lag_6"": 0.9967782674742116, ""lag_24"": 0.9871120066236098, ""lag_120"": 0.933866472258149, ""lag_168"": 0.8631368864216887, ""lag_unit"": ""rows of the decision grid (1 row = 1 market hour; weekend gaps not filled)""}",,laneA_ps1_metrics.v1
fred.stress.anfci.diff_5d,trend,MEASURED,"{""ols_slope_per_year"": 0.001275113878013483, ""slope_in_std_per_year"": 0.010619985080044008, ""ols_r"": 0.025087469971959275, ""kendall_tau_3000"": 0.013042675222624351, ""kendall_p_3000"": 0.2850321044834214, ""caveat"": ""OLS p-value omitted: serial correlation makes it invalid""}",,laneA_ps1_metrics.v1
fred.stress.anfci.diff_5d,adf,MEASURED,"{""stat"": -2.698187692168756, ""pvalue"": 0.07435240283064916, ""lags"": 24, ""nobs"": 19975, ""crit_5pct"": -2.8616847064863733, ""H0"": ""unit root"", ""regression"": ""c"", ""sample"": ""last 20000 finite TRAIN values (gaps compressed)""}",,laneA_ps1_metrics.v1
fred.stress.anfci.diff_5d,kpss,MEASURED,"{""stat"": 0.9359019460859235, ""pvalue"": 0.01, ""lags"": 87, ""H0"": ""level stationary"", ""pvalue_truncated_to_table"": true, ""sample"": ""last 20000 finite TRAIN values (gaps compressed)""}",,laneA_ps1_metrics.v1
fred.stress.anfci.diff_5d,seasonality,MEASURED,"{""eta2_hour_of_day"": 1.2297039554616587e-06, ""eta2_day_of_week"": 1.5090095548701481e-05, ""eta2_month"": 0.05819563050881466}",,laneA_ps1_metrics.v1
fred.stress.anfci.diff_5d,spectrum,MEASURED,"{""top_periods_rows"": [2048.0, 1024.0, 682.6666666666666], ""top_power_share"": [0.6879976945503289, 0.2712042604985736, 0.023095455678047314], ""spectral_entropy_norm"": 0.11998236282166656, ""zero_filled_fraction"": 0.0, ""method"": ""Welch nperseg<=2048 on demeaned rows""}",,laneA_ps1_metrics.v1
fred.stress.anfci.diff_5d,cost,MEASURED,"{""build_s"": 0.014329546249952892, ""profile_s"": 0.032085235000522516, ""bytes_float64"": 573872}",,laneA_ps1_metrics.v1
fred.stress.nfci.level,missingness,MEASURED,"{""n_rows"": 71734, ""n_finite"": 71734, ""missing_fraction"": 0.0}",,laneA_ps1_metrics.v1
fred.stress.nfci.level,constant,MEASURED,"{""n_unique"": 362, ""is_constant"": false, ""top_value_share"": 0.011709928346390832}",,laneA_ps1_metrics.v1
fred.stress.nfci.level,scale_tails,MEASURED,"{""mean"": -0.4953093372738171, ""std"": 0.17866047697497545, ""min"": -0.792, ""max"": 0.306, ""p001"": -0.792, ""p01"": -0.779, ""p05"": -0.764, ""p25"": -0.614, ""median"": -0.539, ""p75"": -0.373, ""p95"": -0.182, ""p99"": 0.159, ""p999"": 0.306, ""mad"": 0.10899999999999999, ""skew"": 1.016836643095085, ""excess_kurtosis"": 1.8490941895323614, ""tail_ratio_p99_mad"": 6.403669724770643, ""share_beyond_5mad"": 0.013368834862129534}",,laneA_ps1_metrics.v1
fred.stress.nfci.level,volatility,MEASURED,"{""std_first_diff"": 0.0018274628535502216, ""rolling168_std_median"": 0.0034461931905507316, ""vol_of_vol_cv"": 1.505421247716539}",,laneA_ps1_metrics.v1
fred.stress.nfci.level,acf,MEASURED,"{""lag_1"": 0.9999476872985473, ""lag_6"": 0.9996861127581972, ""lag_24"": 0.9987442920794768, ""lag_120"": 0.9936154104330218, ""lag_168"": 0.9863607218392437, ""lag_unit"": ""rows of the decision grid (1 row = 1 market hour; weekend gaps not filled)""}",,laneA_ps1_metrics.v1
fred.stress.nfci.level,trend,MEASURED,"{""ols_slope_per_year"": 0.03244294409696775, ""slope_in_std_per_year"": 0.18158993329852105, ""ols_r"": 0.42896783418248036, ""kendall_tau_3000"": 0.240282621493515, ""kendall_p_3000"": 2.33082533240943e-86, ""caveat"": ""OLS p-value omitted: serial correlation makes it invalid""}",,laneA_ps1_metrics.v1
fred.stress.nfci.level,adf,MEASURED,"{""stat"": -0.5195470399356262, ""pvalue"": 0.8881452479852163, ""lags"": 24, ""nobs"": 19975, ""crit_5pct"": -2.8616847064863733, ""H0"": ""unit root"", ""regression"": ""c"", ""sample"": ""last 20000 finite TRAIN values (gaps compressed)""}",,laneA_ps1_metrics.v1
fred.stress.nfci.level,kpss,MEASURED,"{""stat"": 16.721077413700204, ""pvalue"": 0.01, ""lags"": 87, ""H0"": ""level stationary"", ""pvalue_truncated_to_table"": true, ""sample"": ""last 20000 finite TRAIN values (gaps compressed)""}",,laneA_ps1_metrics.v1
fred.stress.nfci.level,seasonality,MEASURED,"{""eta2_hour_of_day"": 0.0002138281001212927, ""eta2_day_of_week"": 1.3953459872409311e-05, ""eta2_month"": 0.012307917512502126}",,laneA_ps1_metrics.v1
fred.stress.nfci.level,spectrum,MEASURED,"{""top_periods_rows"": [2048.0, 1024.0, 682.6666666666666], ""top_power_share"": [0.8219540551942178, 0.1613711521283616, 0.0029838740403642203], ""spectral_entropy_norm"": 0.0831823902900901, ""zero_filled_fraction"": 0.0, ""method"": ""Welch nperseg<=2048 on demeaned rows""}",,laneA_ps1_metrics.v1
fred.stress.nfci.level,cost,MEASURED,"{""build_s"": 0.014329546249952892, ""profile_s"": 0.03230550799980847, ""bytes_float64"": 573872}",,laneA_ps1_metrics.v1
fred.stress.nfci.diff_1d,missingness,MEASURED,"{""n_rows"": 71734, ""n_finite"": 71734, ""missing_fraction"": 0.0}",,laneA_ps1_metrics.v1
fred.stress.nfci.diff_1d,constant,MEASURED,"{""n_unique"": 132, ""is_constant"": false, ""top_value_share"": 0.051704909805670954}",,laneA_ps1_metrics.v1
fred.stress.nfci.diff_1d,scale_tails,MEASURED,"{""mean"": 3.030640979173085e-05, ""std"": 0.019942541642292203, ""min"": -0.1, ""max"": 0.166, ""p001"": -0.1, ""p01"": -0.06300000000000003, ""p05"": -0.019000000000000017, ""p25"": -0.008000000000000007, ""median"": -0.0020000000000000018, ""p75"": 0.006000000000000005, ""p95"": 0.02200000000000002, ""p99"": 0.09200000000000003, ""p999"": 0.166, ""mad"": 0.007000000000000006, ""skew"": 2.6463722852084683, ""excess_kurtosis"": 26.63679563116989, ""tail_ratio_p99_mad"": 13.42857142857142, ""share_beyond_5mad"": 0.02675161011514763}",,laneA_ps1_metrics.v1
fred.stress.nfci.diff_1d,volatility,MEASURED,"{""std_first_diff"": 0.0006046417623561081, ""rolling168_std_median"": 0.0010722409238701905, ""vol_of_vol_cv"": 1.5255276992277278}",,laneA_ps1_metrics.v1
fred.stress.nfci.diff_1d,acf,MEASURED,"{""lag_1"": 0.9995403751650039, ""lag_6"": 0.9972421224034856, ""lag_24"": 0.9889666368454891, ""lag_120"": 0.94374296023785, ""lag_168"": 0.8838351296221839, ""lag_unit"": ""rows of the decision grid (1 row = 1 market hour; weekend gaps not filled)""}",,laneA_ps1_metrics.v1
fred.stress.nfci.diff_1d,trend,MEASURED,"{""ols_slope_per_year"": 0.0002818478652277911, ""slope_in_std_per_year"": 0.014132996198943646, ""ols_r"": 0.03338621618415156, ""kendall_tau_3000"": 0.02401320448737952, ""kendall_p_3000"": 0.051251854567971086, ""caveat"": ""OLS p-value omitted: serial correlation makes it invalid""}",,laneA_ps1_metrics.v1
fred.stress.nfci.diff_1d,adf,MEASURED,"{""stat"": -2.373801885120121, ""pvalue"": 0.1492675516260205, ""lags"": 24, ""nobs"": 19975, ""crit_5pct"": -2.8616847064863733, ""H0"": ""unit root"", ""regression"": ""c"", ""sample"": ""last 20000 finite TRAIN values (gaps compressed)""}",,laneA_ps1_metrics.v1
fred.stress.nfci.diff_1d,kpss,MEASURED,"{""stat"": 1.339760258396753, ""pvalue"": 0.01, ""lags"": 87, ""H0"": ""level stationary"", ""pvalue_truncated_to_table"": true, ""sample"": ""last 20000 finite TRAIN values (gaps compressed)""}",,laneA_ps1_metrics.v1
fred.stress.nfci.diff_1d,seasonality,MEASURED,"{""eta2_hour_of_day"": 1.3204979974190472e-06, ""eta2_day_of_week"": 8.113107120761604e-06, ""eta2_month"": 0.0759761094426927}",,laneA_ps1_metrics.v1
fred.stress.nfci.diff_1d,spectrum,MEASURED,"{""top_periods_rows"": [2048.0, 1024.0, 682.6666666666666], ""top_power_share"": [0.7354737771456745, 0.23942904710030713, 0.006983520741521721], ""spectral_entropy_norm"": 0.10695224736233955, ""zero_filled_fraction"": 0.0, ""method"": ""Welch nperseg<=2048 on demeaned rows""}",,laneA_ps1_metrics.v1
fred.stress.nfci.diff_1d,cost,MEASURED,"{""build_s"": 0.014329546249952892, ""profile_s"": 0.03196007999940775, ""bytes_float64"": 573872}",,laneA_ps1_metrics.v1
fred.stress.nfci.diff_5d,missingness,MEASURED,"{""n_rows"": 71734, ""n_finite"": 71734, ""missing_fraction"": 0.0}",,laneA_ps1_metrics.v1
fred.stress.nfci.diff_5d,constant,MEASURED,"{""n_unique"": 344, ""is_constant"": false, ""top_value_share"": 0.015055622159645357}",,laneA_ps1_metrics.v1
fred.stress.nfci.diff_5d,scale_tails,MEASURED,"{""mean"": 0.0004684668358100744, ""std"": 0.08995994035487904, ""min"": -0.44399999999999995, ""max"": 0.71, ""p001"": -0.44399999999999995, ""p01"": -0.308, ""p05"": -0.09000000000000002, ""p25"": -0.035, ""median"": -0.007000000000000006, ""p75"": 0.028000000000000025, ""p95"": 0.09900000000000003, ""p99"": 0.429, ""p999"": 0.71, ""mad"": 0.030000000000000027, ""skew"": 2.3574505864311157, ""excess_kurtosis"": 23.68789331565748, ""tail_ratio_p99_mad"": 14.53333333333332, ""share_beyond_5mad"": 0.030097303928402153}",,laneA_ps1_metrics.v1
fred.stress.nfci.diff_5d,volatility,MEASURED,"{""std_first_diff"": 0.002474271552898639, ""rolling168_std_median"": 0.004492937143392694, ""vol_of_vol_cv"": 1.5609388449970751}",,laneA_ps1_metrics.v1
fred.stress.nfci.diff_5d,acf,MEASURED,"{""lag_1"": 0.9996217643012258, ""lag_6"": 0.9977305334967926, ""lag_24"": 0.9909213803855182, ""lag_120"": 0.9536491748124992, ""lag_168"": 0.9020889943229241, ""lag_unit"": ""rows of the decision grid (1 row = 1 market hour; weekend gaps not filled)""}",,laneA_ps1_metrics.v1
fred.stress.nfci.diff_5d,trend,MEASURED,"{""ols_slope_per_year"": 0.0013272826083047986, ""slope_in_std_per_year"": 0.014754151715406429, ""ols_r"": 0.03485356479619993, ""kendall_tau_3000"": 0.023217258787846938, ""kendall_p_3000"": 0.057191498402049436, ""caveat"": ""OLS p-value omitted: serial correlation makes it invalid""}",,laneA_ps1_metrics.v1
fred.stress.nfci.diff_5d,adf,MEASURED,"{""stat"": -2.186058528367241, ""pvalue"": 0.2113442607929747, ""lags"": 24, ""nobs"": 19975, ""crit_5pct"": -2.8616847064863733, ""H0"": ""unit root"", ""regression"": ""c"", ""sample"": ""last 20000 finite TRAIN values (gaps compressed)""}",,laneA_ps1_metrics.v1
fred.stress.nfci.diff_5d,kpss,MEASURED,"{""stat"": 1.664965515102206, ""pvalue"": 0.01, ""lags"": 87, ""H0"": ""level stationary"", ""pvalue_truncated_to_table"": true, ""sample"": ""last 20000 finite TRAIN values (gaps compressed)""}",,laneA_ps1_metrics.v1
fred.stress.nfci.diff_5d,seasonality,MEASURED,"{""eta2_hour_of_day"": 1.7216176154789503e-06, ""eta2_day_of_week"": 1.2614906031881891e-05, ""eta2_month"": 0.06594426019673708}",,laneA_ps1_metrics.v1
fred.stress.nfci.diff_5d,spectrum,MEASURED,"{""top_periods_rows"": [2048.0, 1024.0, 682.6666666666666], ""top_power_share"": [0.760149176223181, 0.2212929886432308, 0.004679502654284302], ""spectral_entropy_norm"": 0.09708174344128935, ""zero_filled_fraction"": 0.0, ""method"": ""Welch nperseg<=2048 on demeaned rows""}",,laneA_ps1_metrics.v1
fred.stress.nfci.diff_5d,cost,MEASURED,"{""build_s"": 0.014329546249952892, ""profile_s"": 0.03207631799978117, ""bytes_float64"": 573872}",,laneA_ps1_metrics.v1
fred.stress.stlfsi4.level,missingness,MEASURED,"{""n_rows"": 71734, ""n_finite"": 71734, ""missing_fraction"": 0.0}",,laneA_ps1_metrics.v1
fred.stress.stlfsi4.level,constant,MEASURED,"{""n_unique"": 595, ""is_constant"": false, ""top_value_share"": 0.005018540719881785}",,laneA_ps1_metrics.v1
fred.stress.stlfsi4.level,scale_tails,MEASURED,"{""mean"": -0.22816474196336461, ""std"": 0.5817073389611024, ""min"": -0.902, ""max"": 5.6683, ""p001"": -0.902, ""p01"": -0.8175, ""p05"": -0.7613, ""p25"": -0.5834, ""median"": -0.3423, ""p75"": -0.0296, ""p95"": 0.5245, ""p99"": 2.4057, ""p999"": 5.6683, ""mad"": 0.2719, ""skew"": 4.599597733611244, ""excess_kurtosis"": 36.354651530726564, ""tail_ratio_p99_mad"": 10.10665685913939, ""share_beyond_5mad"": 0.01788552151002314}",,laneA_ps1_metrics.v1
fred.stress.stlfsi4.level,volatility,MEASURED,"{""std_first_diff"": 0.02396831222116204, ""rolling168_std_median"": 0.053447203455147356, ""vol_of_vol_cv"": 1.2599469112859798}",,laneA_ps1_metrics.v1
fred.stress.stlfsi4.level,acf,MEASURED,"{""lag_1"": 0.9991511507081596, ""lag_6"": 0.9949068577472754, ""lag_24"": 0.9796267611209526, ""lag_120"": 0.89909501053557, ""lag_168"": 0.8485700893874204, ""lag_unit"": ""rows of the decision grid (1 row = 1 market hour; weekend gaps not filled)""}",,laneA_ps1_metrics.v1
fred.stress.stlfsi4.level,trend,MEASURED,"{""ols_slope_per_year"": 0.0020984883485034773, ""slope_in_std_per_year"": 0.0036074641111650116, ""ols_r"": 0.0085218714415932, ""kendall_tau_3000"": -0.04275457285558538, ""kendall_p_3000"": 0.00045123248793462676, ""caveat"": ""OLS p-value omitted: serial correlation makes it invalid""}",,laneA_ps1_metrics.v1
fred.stress.stlfsi4.level,adf,MEASURED,"{""stat"": -4.361171458658863, ""pvalue"": 0.0003474912025095339, ""lags"": 24, ""nobs"": 19975, ""crit_5pct"": -2.8616847064863733, ""H0"": ""unit root"", ""regression"": ""c"", ""sample"": ""last 20000 finite TRAIN values (gaps compressed)""}",,laneA_ps1_metrics.v1
fred.stress.stlfsi4.level,kpss,MEASURED,"{""stat"": 1.8784258769362654, ""pvalue"": 0.01, ""lags"": 87, ""H0"": ""level stationary"", ""pvalue_truncated_to_table"": true, ""sample"": ""last 20000 finite TRAIN values (gaps compressed)""}",,laneA_ps1_metrics.v1
fred.stress.stlfsi4.level,seasonality,MEASURED,"{""eta2_hour_of_day"": 4.892430099061074e-06, ""eta2_day_of_week"": 2.3517965779963667e-05, ""eta2_month"": 0.032609021845912585}",,laneA_ps1_metrics.v1
fred.stress.stlfsi4.level,spectrum,MEASURED,"{""top_periods_rows"": [2048.0, 1024.0, 682.6666666666666], ""top_power_share"": [0.47968140940532555, 0.2745061989195502, 0.09347677715102706], ""spectral_entropy_norm"": 0.24451431196189885, ""zero_filled_fraction"": 0.0, ""method"": ""Welch nperseg<=2048 on demeaned rows""}",,laneA_ps1_metrics.v1
fred.stress.stlfsi4.level,cost,MEASURED,"{""build_s"": 0.014329546249952892, ""profile_s"": 0.03237225300017599, ""bytes_float64"": 573872}",,laneA_ps1_metrics.v1
fred.stress.stlfsi4.diff_1d,missingness,MEASURED,"{""n_rows"": 71734, ""n_finite"": 71734, ""missing_fraction"": 0.0}",,laneA_ps1_metrics.v1
fred.stress.stlfsi4.diff_1d,constant,MEASURED,"{""n_unique"": 597, ""is_constant"": false, ""top_value_share"": 0.004544567429670728}",,laneA_ps1_metrics.v1
fred.stress.stlfsi4.diff_1d,scale_tails,MEASURED,"{""mean"": -0.0006233571249337827, ""std"": 0.25916926312481475, ""min"": -2.2190000000000003, ""max"": 2.1746999999999996, ""p001"": -2.2190000000000003, ""p01"": -0.6004, ""p05"": -0.33671499999999976, ""p25"": -0.10612499999999997, ""median"": 0.0, ""p75"": 0.0976, ""p95"": 0.3363, ""p99"": 0.5714, ""p999"": 2.1746999999999996, ""mad"": 0.1019, ""skew"": 0.8934522592438701, ""excess_kurtosis"": 25.612872253453926, ""tail_ratio_p99_mad"": 5.607458292443572, ""share_beyond_5mad"": 0.03326177266010539}",,laneA_ps1_metrics.v1
fred.stress.stlfsi4.diff_1d,volatility,MEASURED,"{""std_first_diff"": 0.031793475848924106, ""rolling168_std_median"": 0.08631204829154042, ""vol_of_vol_cv"": 1.0592950603346056}",,laneA_ps1_metrics.v1
fred.stress.stlfsi4.diff_1d,acf,MEASURED,"{""lag_1"": 0.9924755561959122, ""lag_6"": 0.9548526007113907, ""lag_24"": 0.8193997932476385, ""lag_120"": 0.11678002595060685, ""lag_168"": 0.036773586049232115, ""lag_unit"": ""rows of the decision grid (1 row = 1 market hour; weekend gaps not filled)""}",,laneA_ps1_metrics.v1
fred.stress.stlfsi4.diff_1d,trend,MEASURED,"{""ols_slope_per_year"": 4.813043249146875e-05, ""slope_in_std_per_year"": 0.00018571041917223553, ""ols_r"": 0.00043870161109907325, ""kendall_tau_3000"": -0.006881735100803262, ""kendall_p_3000"": 0.5722972439299027, ""caveat"": ""OLS p-value omitted: serial correlation makes it invalid""}",,laneA_ps1_metrics.v1
fred.stress.stlfsi4.diff_1d,adf,MEASURED,"{""stat"": -10.818599060363816, ""pvalue"": 1.829990619390692e-19, ""lags"": 24, ""nobs"": 19975, ""crit_5pct"": -2.8616847064863733, ""H0"": ""unit root"", ""regression"": ""c"", ""sample"": ""last 20000 finite TRAIN values (gaps compressed)""}",,laneA_ps1_metrics.v1
fred.stress.stlfsi4.diff_1d,kpss,MEASURED,"{""stat"": 0.03055137493549278, ""pvalue"": 0.1, ""lags"": 86, ""H0"": ""level stationary"", ""pvalue_truncated_to_table"": true, ""sample"": ""last 20000 finite TRAIN values (gaps compressed)""}",,laneA_ps1_metrics.v1
fred.stress.stlfsi4.diff_1d,seasonality,MEASURED,"{""eta2_hour_of_day"": 2.5106923071088654e-06, ""eta2_day_of_week"": 4.222497040417753e-06, ""eta2_month"": 0.03726920324295323}",,laneA_ps1_metrics.v1
fred.stress.stlfsi4.diff_1d,spectrum,MEASURED,"{""top_periods_rows"": [1024.0, 682.6666666666666, 2048.0], ""top_power_share"": [0.17466120637319899, 0.14233044216168658, 0.13526913148240519], ""spectral_entropy_norm"": 0.41064174381231777, ""zero_filled_fraction"": 0.0, ""method"": ""Welch nperseg<=2048 on demeaned rows""}",,laneA_ps1_metrics.v1
fred.stress.stlfsi4.diff_1d,cost,MEASURED,"{""build_s"": 0.014329546249952892, ""profile_s"": 0.032370979999541305, ""bytes_float64"": 573872}",,laneA_ps1_metrics.v1
fred.stress.stlfsi4.diff_5d,missingness,MEASURED,"{""n_rows"": 71734, ""n_finite"": 71734, ""missing_fraction"": 0.0}",,laneA_ps1_metrics.v1
fred.stress.stlfsi4.diff_5d,constant,MEASURED,"{""n_unique"": 603, ""is_constant"": false, ""top_value_share"": 0.0033456938132545235}",,laneA_ps1_metrics.v1
fred.stress.stlfsi4.diff_5d,scale_tails,MEASURED,"{""mean"": -0.005285719463573745, ""std"": 0.5834600568340603, ""min"": -4.1317, ""max"": 6.244000000000001, ""p001"": -4.1317, ""p01"": -1.6251999999999998, ""p05"": -0.5282, ""p25"": -0.1985, ""median"": -0.038899999999999935, ""p75"": 0.16429999999999995, ""p95"": 0.5836, ""p99"": 1.2865, ""p999"": 6.244000000000001, ""mad"": 0.17729999999999993, ""skew"": 3.24563513894164, ""excess_kurtosis"": 47.14559196577632, ""tail_ratio_p99_mad"": 7.475465313028767, ""share_beyond_5mad"": 0.03411213650430758}",,laneA_ps1_metrics.v1
fred.stress.stlfsi4.diff_5d,volatility,MEASURED,"{""std_first_diff"": 0.03530424324875632, ""rolling168_std_median"": 0.08414931994026788, ""vol_of_vol_cv"": 1.2262314307686604}",,laneA_ps1_metrics.v1
fred.stress.stlfsi4.diff_5d,acf,MEASURED,"{""lag_1"": 0.9981693898066435, ""lag_6"": 0.9890162918225869, ""lag_24"": 0.956064490007594, ""lag_120"": 0.7824144947975704, ""lag_168"": 0.6627238485899234, ""lag_unit"": ""rows of the decision grid (1 row = 1 market hour; weekend gaps not filled)""}",,laneA_ps1_metrics.v1
fred.stress.stlfsi4.diff_5d,trend,MEASURED,"{""ols_slope_per_year"": 7.251789503906342e-05, ""slope_in_std_per_year"": 0.00012428939083260668, ""ols_r"": 0.0002936074144026208, ""kendall_tau_3000"": 0.0073763341156016845, ""kendall_p_3000"": 0.5450023770470152, ""caveat"": ""OLS p-value omitted: serial correlation makes it invalid""}",,laneA_ps1_metrics.v1
fred.stress.stlfsi4.diff_5d,adf,MEASURED,"{""stat"": -6.243360741278776, ""pvalue"": 4.639056925027729e-08, ""lags"": 24, ""nobs"": 19975, ""crit_5pct"": -2.8616847064863733, ""H0"": ""unit root"", ""regression"": ""c"", ""sample"": ""last 20000 finite TRAIN values (gaps compressed)""}",,laneA_ps1_metrics.v1
fred.stress.stlfsi4.diff_5d,kpss,MEASURED,"{""stat"": 0.1637830044570173, ""pvalue"": 0.1, ""lags"": 87, ""H0"": ""level stationary"", ""pvalue_truncated_to_table"": true, ""sample"": ""last 20000 finite TRAIN values (gaps compressed)""}",,laneA_ps1_metrics.v1
fred.stress.stlfsi4.diff_5d,seasonality,MEASURED,"{""eta2_hour_of_day"": 1.5252580733019637e-06, ""eta2_day_of_week"": 4.713921221127005e-06, ""eta2_month"": 0.040349355469234724}",,laneA_ps1_metrics.v1
fred.stress.stlfsi4.diff_5d,spectrum,MEASURED,"{""top_periods_rows"": [2048.0, 1024.0, 682.6666666666666], ""top_power_share"": [0.47393992203683716, 0.330491730417834, 0.07256015439341579], ""spectral_entropy_norm"": 0.22722834123679322, ""zero_filled_fraction"": 0.0, ""method"": ""Welch nperseg<=2048 on demeaned rows""}",,laneA_ps1_metrics.v1
fred.stress.stlfsi4.diff_5d,cost,MEASURED,"{""build_s"": 0.014329546249952892, ""profile_s"": 0.032376499999372754, ""bytes_float64"": 573872}",,laneA_ps1_metrics.v1
fred.stress.tedrate.level,missingness,MEASURED,"{""n_rows"": 71734, ""n_finite"": 60566, ""missing_fraction"": 0.15568628544344387}",,laneA_ps1_metrics.v1
fred.stress.tedrate.level,constant,MEASURED,"{""n_unique"": 80, ""is_constant"": false, ""top_value_share"": 0.05952184393884358}",,laneA_ps1_metrics.v1
fred.stress.tedrate.level,scale_tails,MEASURED,"{""mean"": 0.2768379949146386, ""std"": 0.14804486720778176, ""min"": 0.06, ""max"": 1.42, ""p001"": 0.06, ""p01"": 0.07, ""p05"": 0.11, ""p25"": 0.19, ""median"": 0.24, ""p75"": 0.35, ""p95"": 0.53, ""p99"": 0.9, ""p999"": 1.35, ""mad"": 0.07, ""skew"": 2.5761958697641996, ""excess_kurtosis"": 12.885609050657267, ""tail_ratio_p99_mad"": 9.428571428571429, ""share_beyond_5mad"": 0.020605620315028234}",,laneA_ps1_metrics.v1
fred.stress.tedrate.level,volatility,MEASURED,"{""std_first_diff"": 0.004280471999875634, ""rolling168_std_median"": 0.010498686219068073, ""vol_of_vol_cv"": 1.1971051405527418}",,laneA_ps1_metrics.v1
fred.stress.tedrate.level,acf,MEASURED,"{""lag_1"": 0.9995820090746048, ""lag_6"": 0.997491856196009, ""lag_24"": 0.9898563450320261, ""lag_120"": 0.9449375325097522, ""lag_168"": 0.9107856284571402, ""lag_unit"": ""rows of the decision grid (1 row = 1 market hour; weekend gaps not filled)""}",,laneA_ps1_metrics.v1
fred.stress.tedrate.level,trend,MEASURED,"{""ols_slope_per_year"": -0.0063604949057090646, ""slope_in_std_per_year"": -0.042963292315849604, ""ols_r"": -0.0856908315269321, ""kendall_tau_3000"": -0.12994213421507125, ""kendall_p_3000"": 6.699624439739442e-26, ""caveat"": ""OLS p-value omitted: serial correlation makes it invalid""}",,laneA_ps1_metrics.v1
fred.stress.tedrate.level,adf,MEASURED,"{""stat"": -2.13083733222127, ""pvalue"": 0.23229686499753444, ""lags"": 24, ""nobs"": 19975, ""crit_5pct"": -2.8616847064863733, ""H0"": ""unit root"", ""regression"": ""c"", ""sample"": ""last 20000 finite TRAIN values (gaps compressed)""}",,laneA_ps1_metrics.v1
fred.stress.tedrate.level,kpss,MEASURED,"{""stat"": 4.623836143464021, ""pvalue"": 0.01, ""lags"": 87, ""H0"": ""level stationary"", ""pvalue_truncated_to_table"": true, ""sample"": ""last 20000 finite TRAIN values (gaps compressed)""}",,laneA_ps1_metrics.v1
fred.stress.tedrate.level,seasonality,MEASURED,"{""eta2_hour_of_day"": 6.4371753891432015e-06, ""eta2_day_of_week"": 0.0008584340730213595, ""eta2_month"": 0.061463862552534644}",,laneA_ps1_metrics.v1
fred.stress.tedrate.level,spectrum,MEASURED,"{""top_periods_rows"": [2048.0, 1024.0, 682.6666666666666], ""top_power_share"": [0.613976015258761, 0.2637390252509544, 0.04173698506448668], ""spectral_entropy_norm"": 0.17927706840514057, ""zero_filled_fraction"": 0.15568628544344384, ""method"": ""Welch nperseg<=2048 on demeaned rows""}",,laneA_ps1_metrics.v1
fred.stress.tedrate.level,cost,MEASURED,"{""build_s"": 0.014329546249952892, ""profile_s"": 0.03043147499920451, ""bytes_float64"": 573872}",,laneA_ps1_metrics.v1
fred.stress.tedrate.logret_1d,missingness,MEASURED,"{""n_rows"": 71734, ""n_finite"": 60566, ""missing_fraction"": 0.15568628544344387}",,laneA_ps1_metrics.v1
fred.stress.tedrate.logret_1d,constant,MEASURED,"{""n_unique"": 338, ""is_constant"": false, ""top_value_share"": 0.3365419542317472}",,laneA_ps1_metrics.v1
fred.stress.tedrate.logret_1d,scale_tails,MEASURED,"{""mean"": -0.0024358647223325256, ""std"": 0.07389767636601288, ""min"": -0.47000362924573524, ""max"": 0.9295359586241757, ""p001"": -0.34174929372205665, ""p01"": -0.2006706954621511, ""p05"": -0.1177830356563836, ""p25"": -0.03922071315328135, ""median"": 0.0, ""p75"": 0.03390155167568132, ""p95"": 0.10919929196499178, ""p99"": 0.21130909366720685, ""p999"": 0.37948962170490375, ""mad"": 0.03774032798284699, ""skew"": 0.757415333958355, ""excess_kurtosis"": 13.098100048554883, ""tail_ratio_p99_mad"": 5.5990264250816, ""share_beyond_5mad"": 0.024403130469240166}",,laneA_ps1_metrics.v1
fred.stress.tedrate.logret_1d,volatility,MEASURED,"{""std_first_diff"": 0.021405443063940297, ""rolling168_std_median"": 0.04832158801842771, ""vol_of_vol_cv"": 0.6707345205267338}",,laneA_ps1_metrics.v1
fred.stress.tedrate.logret_1d,acf,MEASURED,"{""lag_1"": 0.9580473690160364, ""lag_6"": 0.7482903370041049, ""lag_24"": 0.008964461135759072, ""lag_120"": 0.09243954055433404, ""lag_168"": 0.0009237550553609177, ""lag_unit"": ""rows of the decision grid (1 row = 1 market hour; weekend gaps not filled)""}",,laneA_ps1_metrics.v1
fred.stress.tedrate.logret_1d,trend,MEASURED,"{""ols_slope_per_year"": 0.0002465843459670501, ""slope_in_std_per_year"": 0.0033368349059546276, ""ols_r"": 0.006655359548734104, ""kendall_tau_3000"": -0.005156193126924334, ""kendall_p_3000"": 0.685086145705853, ""caveat"": ""OLS p-value omitted: serial correlation makes it invalid""}",,laneA_ps1_metrics.v1
fred.stress.tedrate.logret_1d,adf,MEASURED,"{""stat"": -16.608559084818438, ""pvalue"": 1.739070695164146e-29, ""lags"": 24, ""nobs"": 19975, ""crit_5pct"": -2.8616847064863733, ""H0"": ""unit root"", ""regression"": ""c"", ""sample"": ""last 20000 finite TRAIN values (gaps compressed)""}",,laneA_ps1_metrics.v1
fred.stress.tedrate.logret_1d,kpss,MEASURED,"{""stat"": 0.1138836139186324, ""pvalue"": 0.1, ""lags"": 82, ""H0"": ""level stationary"", ""pvalue_truncated_to_table"": true, ""sample"": ""last 20000 finite TRAIN values (gaps compressed)""}",,laneA_ps1_metrics.v1
fred.stress.tedrate.logret_1d,seasonality,MEASURED,"{""eta2_hour_of_day"": 2.446553972104814e-05, ""eta2_day_of_week"": 0.04537564794324573, ""eta2_month"": 0.008316599471982785}",,laneA_ps1_metrics.v1
fred.stress.tedrate.logret_1d,spectrum,MEASURED,"{""top_periods_rows"": [120.47058823529412, 256.0, 2048.0], ""top_power_share"": [0.040306342911577184, 0.031491322582195586, 0.03133914160707386], ""spectral_entropy_norm"": 0.6545573136763402, ""zero_filled_fraction"": 0.15568628544344384, ""method"": ""Welch nperseg<=2048 on demeaned rows""}",,laneA_ps1_metrics.v1
fred.stress.tedrate.logret_1d,cost,MEASURED,"{""build_s"": 0.014329546249952892, ""profile_s"": 0.03060463899964816, ""bytes_float64"": 573872}",,laneA_ps1_metrics.v1
fred.stress.tedrate.logret_5d,missingness,MEASURED,"{""n_rows"": 71734, ""n_finite"": 60566, ""missing_fraction"": 0.15568628544344387}",,laneA_ps1_metrics.v1
fred.stress.tedrate.logret_5d,constant,MEASURED,"{""n_unique"": 458, ""is_constant"": false, ""top_value_share"": 0.1926493412145428}",,laneA_ps1_metrics.v1
fred.stress.tedrate.logret_5d,scale_tails,MEASURED,"{""mean"": -0.005205555452136117, ""std"": 0.1366348688165143, ""min"": -0.7419373447293771, ""max"": 1.1169614273363064, ""p001"": -0.6480267452794756, ""p01"": -0.384411698910332, ""p05"": -0.21357410029805912, ""p25"": -0.06899287148695121, ""median"": 0.0, ""p75"": 0.054067221270275745, ""p95"": 0.1910552367627092, ""p99"": 0.3528213746227423, ""p999"": 0.9985288301111271, ""mad"": 0.06062462181643502, ""skew"": 0.7581105262197343, ""excess_kurtosis"": 9.406848558504173, ""tail_ratio_p99_mad"": 5.819770318585217, ""share_beyond_5mad"": 0.03255952184393884}",,laneA_ps1_metrics.v1
fred.stress.tedrate.logret_5d,volatility,MEASURED,"{""std_first_diff"": 0.019612633808973844, ""rolling168_std_median"": 0.059399027703533884, ""vol_of_vol_cv"": 0.7502937788466002}",,laneA_ps1_metrics.v1
fred.stress.tedrate.logret_5d,acf,MEASURED,"{""lag_1"": 0.9896978714172461, ""lag_6"": 0.9381892223780067, ""lag_24"": 0.7521611391171767, ""lag_120"": 0.07288644437542212, ""lag_168"": 0.1136252084377959, ""lag_unit"": ""rows of the decision grid (1 row = 1 market hour; weekend gaps not filled)""}",,laneA_ps1_metrics.v1
fred.stress.tedrate.logret_5d,trend,MEASURED,"{""ols_slope_per_year"": -0.002066298089400211, ""slope_in_std_per_year"": -0.015122772885851149, ""ols_r"": -0.030162562357993722, ""kendall_tau_3000"": -0.03473476834558177, ""kendall_p_3000"": 0.00501604272982875, ""caveat"": ""OLS p-value omitted: serial correlation makes it invalid""}",,laneA_ps1_metrics.v1
fred.stress.tedrate.logret_5d,adf,MEASURED,"{""stat"": -8.774363791830494, ""pvalue"": 2.471728356392491e-14, ""lags"": 24, ""nobs"": 19975, ""crit_5pct"": -2.8616847064863733, ""H0"": ""unit root"", ""regression"": ""c"", ""sample"": ""last 20000 finite TRAIN values (gaps compressed)""}",,laneA_ps1_metrics.v1
fred.stress.tedrate.logret_5d,kpss,MEASURED,"{""stat"": 0.07503415593905773, ""pvalue"": 0.1, ""lags"": 86, ""H0"": ""level stationary"", ""pvalue_truncated_to_table"": true, ""sample"": ""last 20000 finite TRAIN values (gaps compressed)""}",,laneA_ps1_metrics.v1
fred.stress.tedrate.logret_5d,seasonality,MEASURED,"{""eta2_hour_of_day"": 2.004676890685851e-06, ""eta2_day_of_week"": 0.001555527672471459, ""eta2_month"": 0.06002498906379637}",,laneA_ps1_metrics.v1
fred.stress.tedrate.logret_5d,spectrum,MEASURED,"{""top_periods_rows"": [2048.0, 1024.0, 512.0], ""top_power_share"": [0.1806548214525138, 0.12267962939238056, 0.09324116221049014], ""spectral_entropy_norm"": 0.4497617899431611, ""zero_filled_fraction"": 0.15568628544344384, ""method"": ""Welch nperseg<=2048 on demeaned rows""}",,laneA_ps1_metrics.v1
fred.stress.tedrate.logret_5d,cost,MEASURED,"{""build_s"": 0.014329546249952892, ""profile_s"": 0.030612573999860615, ""bytes_float64"": 573872}",,laneA_ps1_metrics.v1
fred.stress.vixcls.level,missingness,MEASURED,"{""n_rows"": 71734, ""n_finite"": 71734, ""missing_fraction"": 0.0}",,laneA_ps1_metrics.v1
fred.stress.vixcls.level,constant,MEASURED,"{""n_unique"": 1306, ""is_constant"": false, ""top_value_share"": 0.0040287729667939885}",,laneA_ps1_metrics.v1
fred.stress.vixcls.level,scale_tails,MEASURED,"{""mean"": 17.705945297906155, ""std"": 6.859798218662559, ""min"": 9.14, ""max"": 82.69, ""p001"": 9.201310000000001, ""p01"": 9.65, ""p05"": 10.85, ""p25"": 13.18, ""median"": 15.85, ""p75"": 20.56, ""p95"": 29.836999999999826, ""p99"": 41.67, ""p999"": 66.04, ""mad"": 3.16, ""skew"": 2.6371858825041956, ""excess_kurtosis"": 13.19412904654586, ""tail_ratio_p99_mad"": 8.170886075949367, ""share_beyond_5mad"": 0.035129785039172495}",,laneA_ps1_metrics.v1
fred.stress.vixcls.level,volatility,MEASURED,"{""std_first_diff"": 0.34337868980180986, ""rolling168_std_median"": 0.9148602395521134, ""vol_of_vol_cv"": 0.9360592017753092}",,laneA_ps1_metrics.v1
fred.stress.vixcls.level,acf,MEASURED,"{""lag_1"": 0.9987471765957345, ""lag_6"": 0.9924823492339552, ""lag_24"": 0.9700448733076403, ""lag_120"": 0.8766984944515593, ""lag_168"": 0.8387802492930246, ""lag_unit"": ""rows of the decision grid (1 row = 1 market hour; weekend gaps not filled)""}",,laneA_ps1_metrics.v1
fred.stress.vixcls.level,trend,MEASURED,"{""ols_slope_per_year"": 1.070184500710108, ""slope_in_std_per_year"": 0.15600816038562135, ""ols_r"": 0.36853630297554646, ""kendall_tau_3000"": 0.23293968107362992, ""kendall_p_3000"": 1.7668058538457127e-81, ""caveat"": ""OLS p-value omitted: serial correlation makes it invalid""}",,laneA_ps1_metrics.v1
fred.stress.vixcls.level,adf,MEASURED,"{""stat"": -4.271920761669284, ""pvalue"": 0.000496664356242122, ""lags"": 24, ""nobs"": 19975, ""crit_5pct"": -2.8616847064863733, ""H0"": ""unit root"", ""regression"": ""c"", ""sample"": ""last 20000 finite TRAIN values (gaps compressed)""}",,laneA_ps1_metrics.v1
fred.stress.vixcls.level,kpss,MEASURED,"{""stat"": 3.6892961726356033, ""pvalue"": 0.01, ""lags"": 87, ""H0"": ""level stationary"", ""pvalue_truncated_to_table"": true, ""sample"": ""last 20000 finite TRAIN values (gaps compressed)""}",,laneA_ps1_metrics.v1
fred.stress.vixcls.level,seasonality,MEASURED,"{""eta2_hour_of_day"": 1.3241874079593234e-06, ""eta2_day_of_week"": 0.0004723991168300936, ""eta2_month"": 0.03456627565059007}",,laneA_ps1_metrics.v1
fred.stress.vixcls.level,spectrum,MEASURED,"{""top_periods_rows"": [2048.0, 1024.0, 682.6666666666666], ""top_power_share"": [0.43241527894176285, 0.2418253081725383, 0.0896138830308599], ""spectral_entropy_norm"": 0.2959406992227031, ""zero_filled_fraction"": 0.0, ""method"": ""Welch nperseg<=2048 on demeaned rows""}",,laneA_ps1_metrics.v1
fred.stress.vixcls.level,cost,MEASURED,"{""build_s"": 0.014329546249952892, ""profile_s"": 0.03258109400030662, ""bytes_float64"": 573872}",,laneA_ps1_metrics.v1
fred.stress.vixcls.logret_1d,missingness,MEASURED,"{""n_rows"": 71734, ""n_finite"": 71734, ""missing_fraction"": 0.0}",,laneA_ps1_metrics.v1
fred.stress.vixcls.logret_1d,constant,MEASURED,"{""n_unique"": 2344, ""is_constant"": false, ""top_value_share"": 0.00648228176318064}",,laneA_ps1_metrics.v1
fred.stress.vixcls.logret_1d,scale_tails,MEASURED,"{""mean"": -0.004203794883869859, ""std"": 0.07754873545323909, ""min"": -0.299831219020533, ""max"": 0.7682450067910249, ""p001"": -0.2662275541266501, ""p01"": -0.18525579376557078, ""p05"": -0.1150465779504195, ""p25"": -0.04790559975969799, ""median"": -0.009683502111164533, ""p75"": 0.03381725596553431, ""p95"": 0.11990834278241103, ""p99"": 0.23223452301546166, ""p999"": 0.43202004074261247, ""mad"": 0.04047898948095474, ""skew"": 1.1669176152446123, ""excess_kurtosis"": 6.904886753410979, ""tail_ratio_p99_mad"": 5.976384989562251, ""share_beyond_5mad"": 0.021036049850837818}",,laneA_ps1_metrics.v1
fred.stress.vixcls.logret_1d,volatility,MEASURED,"{""std_first_diff"": 0.020601089893903194, ""rolling168_std_median"": 0.05353554150115849, ""vol_of_vol_cv"": 0.5754415032402805}",,laneA_ps1_metrics.v1
fred.stress.vixcls.logret_1d,acf,MEASURED,"{""lag_1"": 0.9647145430991335, ""lag_6"": 0.7883990764094279, ""lag_24"": 0.16908491507949613, ""lag_120"": -0.024316595169290744, ""lag_168"": -0.04746447068626352, ""lag_unit"": ""rows of the decision grid (1 row = 1 market hour; weekend gaps not filled)""}",,laneA_ps1_metrics.v1
fred.stress.vixcls.logret_1d,trend,MEASURED,"{""ols_slope_per_year"": -0.00037225238535225493, ""slope_in_std_per_year"": -0.004800237981658881, ""ols_r"": -0.011339547590270867, ""kendall_tau_3000"": -0.020328051051442413, ""kendall_p_3000"": 0.09512356239207251, ""caveat"": ""OLS p-value omitted: serial correlation makes it invalid""}",,laneA_ps1_metrics.v1
fred.stress.vixcls.logret_1d,adf,MEASURED,"{""stat"": -17.062712961670144, ""pvalue"": 7.925713639411537e-30, ""lags"": 24, ""nobs"": 19975, ""crit_5pct"": -2.8616847064863733, ""H0"": ""unit root"", ""regression"": ""c"", ""sample"": ""last 20000 finite TRAIN values (gaps compressed)""}",,laneA_ps1_metrics.v1
fred.stress.vixcls.logret_1d,kpss,MEASURED,"{""stat"": 0.06028493530053739, ""pvalue"": 0.1, ""lags"": 83, ""H0"": ""level stationary"", ""pvalue_truncated_to_table"": true, ""sample"": ""last 20000 finite TRAIN values (gaps compressed)""}",,laneA_ps1_metrics.v1
fred.stress.vixcls.logret_1d,seasonality,MEASURED,"{""eta2_hour_of_day"": 2.9951637134077466e-05, ""eta2_day_of_week"": 0.02092004774894581, ""eta2_month"": 0.0059452329696003565}",,laneA_ps1_metrics.v1
fred.stress.vixcls.logret_1d,spectrum,MEASURED,"{""top_periods_rows"": [227.55555555555554, 204.8, 409.6], ""top_power_share"": [0.035598530684448376, 0.034561336580943756, 0.03360540079477304], ""spectral_entropy_norm"": 0.6373849117144174, ""zero_filled_fraction"": 0.0, ""method"": ""Welch nperseg<=2048 on demeaned rows""}",,laneA_ps1_metrics.v1
fred.stress.vixcls.logret_1d,cost,MEASURED,"{""build_s"": 0.014329546249952892, ""profile_s"": 0.03243316699990828, ""bytes_float64"": 573872}",,laneA_ps1_metrics.v1
fred.stress.vixcls.logret_5d,missingness,MEASURED,"{""n_rows"": 71734, ""n_finite"": 71734, ""missing_fraction"": 0.0}",,laneA_ps1_metrics.v1
fred.stress.vixcls.logret_5d,constant,MEASURED,"{""n_unique"": 2358, ""is_constant"": false, ""top_value_share"": 0.0026068530961608164}",,laneA_ps1_metrics.v1
fred.stress.vixcls.logret_5d,scale_tails,MEASURED,"{""mean"": -0.0015837928527891868, ""std"": 0.1552687760063575, ""min"": -0.5562248046928646, ""max"": 1.1407237740182365, ""p001"": -0.5562248046928646, ""p01"": -0.35526550043549854, ""p05"": -0.22094333040460734, ""p25"": -0.08957548095856716, ""median"": -0.014100419146695131, ""p75"": 0.07505359870172912, ""p95"": 0.25770422637967716, ""p99"": 0.45928487025212217, ""p999"": 0.8821298042134169, ""mad"": 0.08264037606614894, ""skew"": 0.9055504378145108, ""excess_kurtosis"": 4.289122846751131, ""tail_ratio_p99_mad"": 5.728256718240237, ""share_beyond_5mad"": 0.020994228678172137}",,laneA_ps1_metrics.v1
fred.stress.vixcls.logret_5d,volatility,MEASURED,"{""std_first_diff"": 0.0220355914001923, ""rolling168_std_median"": 0.08339895646256153, ""vol_of_vol_cv"": 0.6218230421495198}",,laneA_ps1_metrics.v1
fred.stress.vixcls.logret_5d,acf,MEASURED,"{""lag_1"": 0.989929624956011, ""lag_6"": 0.9395324720607975, ""lag_24"": 0.7592044558149393, ""lag_120"": -0.14359165984405084, ""lag_168"": -0.13357228214665381, ""lag_unit"": ""rows of the decision grid (1 row = 1 market hour; weekend gaps not filled)""}",,laneA_ps1_metrics.v1
fred.stress.vixcls.logret_5d,trend,MEASURED,"{""ols_slope_per_year"": -0.00017279523681576137, ""slope_in_std_per_year"": -0.0011128782055233452, ""ols_r"": -0.00262893952798276, ""kendall_tau_3000"": -0.00215758460820851, ""kendall_p_3000"": 0.8593952664140314, ""caveat"": ""OLS p-value omitted: serial correlation makes it invalid""}",,laneA_ps1_metrics.v1
fred.stress.vixcls.logret_5d,adf,MEASURED,"{""stat"": -11.080901877855466, ""pvalue"": 4.3139749876564065e-20, ""lags"": 24, ""nobs"": 19975, ""crit_5pct"": -2.8616847064863733, ""H0"": ""unit root"", ""regression"": ""c"", ""sample"": ""last 20000 finite TRAIN values (gaps compressed)""}",,laneA_ps1_metrics.v1
fred.stress.vixcls.logret_5d,kpss,MEASURED,"{""stat"": 0.04227558366744841, ""pvalue"": 0.1, ""lags"": 86, ""H0"": ""level stationary"", ""pvalue_truncated_to_table"": true, ""sample"": ""last 20000 finite TRAIN values (gaps compressed)""}",,laneA_ps1_metrics.v1
fred.stress.vixcls.logret_5d,seasonality,MEASURED,"{""eta2_hour_of_day"": 2.0683752031059544e-06, ""eta2_day_of_week"": 0.00010212108550369025, ""eta2_month"": 0.01708374196103218}",,laneA_ps1_metrics.v1
fred.stress.vixcls.logret_5d,spectrum,MEASURED,"{""top_periods_rows"": [512.0, 409.6, 1024.0], ""top_power_share"": [0.11547998369029733, 0.11023054842870961, 0.10200687470995308], ""spectral_entropy_norm"": 0.44583342594420017, ""zero_filled_fraction"": 0.0, ""method"": ""Welch nperseg<=2048 on demeaned rows""}",,laneA_ps1_metrics.v1
fred.stress.vixcls.logret_5d,cost,MEASURED,"{""build_s"": 0.014329546249952892, ""profile_s"": 0.032416275999821664, ""bytes_float64"": 573872}",,laneA_ps1_metrics.v1
yh.ct_f.logret_1d,missingness,MEASURED,"{""n_rows"": 71734, ""n_finite"": 71734, ""missing_fraction"": 0.0}",,laneA_ps1_metrics.v1
yh.ct_f.logret_1d,constant,MEASURED,"{""n_unique"": 2922, ""is_constant"": false, ""top_value_share"": 0.0037360247581342183}",,laneA_ps1_metrics.v1
yh.ct_f.logret_1d,scale_tails,MEASURED,"{""mean"": 4.075540054487157e-06, ""std"": 0.016798887356518986, ""min"": -0.27292455621275735, ""max"": 0.06779060920198088, ""p001"": -0.07199723396856475, ""p01"": -0.044817061422112836, ""p05"": -0.026830679548221603, ""p25"": -0.008174108698661975, ""median"": 0.0, ""p75"": 0.008637304361983844, ""p95"": 0.02653890615148402, ""p99"": 0.040751403711560386, ""p999"": 0.05459964580398694, ""mad"": 0.00843013266600412, ""skew"": -1.7022348221992227, ""excess_kurtosis"": 26.35176239264071, ""tail_ratio_p99_mad"": 4.834016892272294, ""share_beyond_5mad"": 0.021677307831711602}",,laneA_ps1_metrics.v1
yh.ct_f.logret_1d,volatility,MEASURED,"{""std_first_diff"": 0.0046587834457409594, ""rolling168_std_median"": 0.012369207292090217, ""vol_of_vol_cv"": 0.5323117884754239}",,laneA_ps1_metrics.v1
yh.ct_f.logret_1d,acf,MEASURED,"{""lag_1"": 0.9615449257862699, ""lag_6"": 0.7692558326881591, ""lag_24"": 0.09571848286290757, ""lag_120"": -0.012556494608244073, ""lag_168"": 0.027283087138982934, ""lag_unit"": ""rows of the decision grid (1 row = 1 market hour; weekend gaps not filled)""}",,laneA_ps1_metrics.v1
yh.ct_f.logret_1d,trend,MEASURED,"{""ols_slope_per_year"": 5.5067148228703386e-05, ""slope_in_std_per_year"": 0.003278023541680217, ""ols_r"": 0.0077436377310745935, ""kendall_tau_3000"": 0.010154931566324958, ""kendall_p_3000"": 0.40438869868208493, ""caveat"": ""OLS p-value omitted: serial correlation makes it invalid""}",,laneA_ps1_metrics.v1
yh.ct_f.logret_1d,adf,MEASURED,"{""stat"": -19.68120115513187, ""pvalue"": 0.0, ""lags"": 24, ""nobs"": 19975, ""crit_5pct"": -2.8616847064863733, ""H0"": ""unit root"", ""regression"": ""c"", ""sample"": ""last 20000 finite TRAIN values (gaps compressed)""}",,laneA_ps1_metrics.v1
yh.ct_f.logret_1d,kpss,MEASURED,"{""stat"": 0.24556320460272127, ""pvalue"": 0.1, ""lags"": 83, ""H0"": ""level stationary"", ""pvalue_truncated_to_table"": true, ""sample"": ""last 20000 finite TRAIN values (gaps compressed)""}",,laneA_ps1_metrics.v1
yh.ct_f.logret_1d,seasonality,MEASURED,"{""eta2_hour_of_day"": 6.564765113835658e-06, ""eta2_day_of_week"": 0.0007050021907015467, ""eta2_month"": 0.005392222317459095}",,laneA_ps1_metrics.v1
yh.ct_f.logret_1d,spectrum,MEASURED,"{""top_periods_rows"": [157.53846153846155, 292.57142857142856, 146.28571428571428], ""top_power_share"": [0.035521264774905505, 0.029226053069636864, 0.0289182433853776], ""spectral_entropy_norm"": 0.6486552839955916, ""zero_filled_fraction"": 0.0, ""method"": ""Welch nperseg<=2048 on demeaned rows""}",,laneA_ps1_metrics.v1
yh.ct_f.logret_1d,cost,MEASURED,"{""build_s"": 0.014329546249952892, ""profile_s"": 0.032602445000520675, ""bytes_float64"": 573872}",,laneA_ps1_metrics.v1
yh.ct_f.logret_5d,missingness,MEASURED,"{""n_rows"": 71734, ""n_finite"": 71734, ""missing_fraction"": 0.0}",,laneA_ps1_metrics.v1
yh.ct_f.logret_5d,constant,MEASURED,"{""n_unique"": 2929, ""is_constant"": false, ""top_value_share"": 0.00135221791619037}",,laneA_ps1_metrics.v1
yh.ct_f.logret_5d,scale_tails,MEASURED,"{""mean"": -0.00018749292847040948, ""std"": 0.03920421846694796, ""min"": -0.36003518690914404, ""max"": 0.1948583576852645, ""p001"": -0.3244635034820478, ""p01"": -0.10412682573108135, ""p05"": -0.061028156574876924, ""p25"": -0.01941142204357682, ""median"": 0.0011952873272869091, ""p75"": 0.02152672751306195, ""p95"": 0.05681903958172807, ""p99"": 0.09208557010858964, ""p999"": 0.1619674902725361, ""mad"": 0.020546407030363145, ""skew"": -1.1150428544774393, ""excess_kurtosis"": 9.851494053600652, ""tail_ratio_p99_mad"": 4.423658240926823, ""share_beyond_5mad"": 0.017132740402040873}",,laneA_ps1_metrics.v1
yh.ct_f.logret_5d,volatility,MEASURED,"{""std_first_diff"": 0.004872889123440814, ""rolling168_std_median"": 0.018747265682117334, ""vol_of_vol_cv"": 0.6687748192353867}",,laneA_ps1_metrics.v1
yh.ct_f.logret_5d,acf,MEASURED,"{""lag_1"": 0.9922754212478097, ""lag_6"": 0.9536442553090262, ""lag_24"": 0.812510272902873, ""lag_120"": -0.01969558731847772, ""lag_168"": -0.03800529004799849, ""lag_unit"": ""rows of the decision grid (1 row = 1 market hour; weekend gaps not filled)""}",,laneA_ps1_metrics.v1
yh.ct_f.logret_5d,trend,MEASURED,"{""ols_slope_per_year"": 0.00024343576580618115, ""slope_in_std_per_year"": 0.006209427845409427, ""ols_r"": 0.014668460778488327, ""kendall_tau_3000"": 0.01678276285822102, ""kendall_p_3000"": 0.1681977805264414, ""caveat"": ""OLS p-value omitted: serial correlation makes it invalid""}",,laneA_ps1_metrics.v1
yh.ct_f.logret_5d,adf,MEASURED,"{""stat"": -9.960329075177597, ""pvalue"": 2.3830171963263376e-17, ""lags"": 24, ""nobs"": 19975, ""crit_5pct"": -2.8616847064863733, ""H0"": ""unit root"", ""regression"": ""c"", ""sample"": ""last 20000 finite TRAIN values (gaps compressed)""}",,laneA_ps1_metrics.v1
yh.ct_f.logret_5d,kpss,MEASURED,"{""stat"": 0.5276264883705496, ""pvalue"": 0.035444484601227566, ""lags"": 86, ""H0"": ""level stationary"", ""pvalue_truncated_to_table"": false, ""sample"": ""last 20000 finite TRAIN values (gaps compressed)""}",,laneA_ps1_metrics.v1
yh.ct_f.logret_5d,seasonality,MEASURED,"{""eta2_hour_of_day"": 1.584436843814211e-06, ""eta2_day_of_week"": 1.3543799163330022e-05, ""eta2_month"": 0.022036519234137512}",,laneA_ps1_metrics.v1
yh.ct_f.logret_5d,spectrum,MEASURED,"{""top_periods_rows"": [682.6666666666666, 1024.0, 512.0], ""top_power_share"": [0.12041338083249782, 0.11357698531796658, 0.11018524304250334], ""spectral_entropy_norm"": 0.4273017771635157, ""zero_filled_fraction"": 0.0, ""method"": ""Welch nperseg<=2048 on demeaned rows""}",,laneA_ps1_metrics.v1
yh.ct_f.logret_5d,cost,MEASURED,"{""build_s"": 0.014329546249952892, ""profile_s"": 0.03240399299920682, ""bytes_float64"": 573872}",,laneA_ps1_metrics.v1
yh.kc_f.logret_1d,missingness,MEASURED,"{""n_rows"": 71734, ""n_finite"": 71734, ""missing_fraction"": 0.0}",,laneA_ps1_metrics.v1
yh.kc_f.logret_1d,constant,MEASURED,"{""n_unique"": 2886, ""is_constant"": false, ""top_value_share"": 0.010971087629297126}",,laneA_ps1_metrics.v1
yh.kc_f.logret_1d,scale_tails,MEASURED,"{""mean"": 6.605916192062288e-05, ""std"": 0.021023314143009942, ""min"": -0.09020869364052242, ""max"": 0.11789225190529784, ""p001"": -0.07321358450364901, ""p01"": -0.05010222123776633, ""p05"": -0.03373337263988585, ""p25"": -0.012788719896547285, ""median"": -0.00041258859820292315, ""p75"": 0.011793624385946444, ""p95"": 0.03554669196361715, ""p99"": 0.057858146715688896, ""p999"": 0.08721984115342973, ""mad"": 0.012291847567841518, ""skew"": 0.30501496357729424, ""excess_kurtosis"": 1.5198123447566978, ""tail_ratio_p99_mad"": 4.740600222406136, ""share_beyond_5mad"": 0.011974795773273483}",,laneA_ps1_metrics.v1
yh.kc_f.logret_1d,volatility,MEASURED,"{""std_first_diff"": 0.006101642428393215, ""rolling168_std_median"": 0.01708154607964008, ""vol_of_vol_cv"": 0.40829882277805707}",,laneA_ps1_metrics.v1
yh.kc_f.logret_1d,acf,MEASURED,"{""lag_1"": 0.9578830410412761, ""lag_6"": 0.7472758127653002, ""lag_24"": 0.012982826817433468, ""lag_120"": -0.026440415967999703, ""lag_168"": -0.01634861766182029, ""lag_unit"": ""rows of the decision grid (1 row = 1 market hour; weekend gaps not filled)""}",,laneA_ps1_metrics.v1
yh.kc_f.logret_1d,trend,MEASURED,"{""ols_slope_per_year"": 0.0001361605792619367, ""slope_in_std_per_year"": 0.006476646752063534, ""ols_r"": 0.01529970896255799, ""kendall_tau_3000"": 0.012559989673526914, ""kendall_p_3000"": 0.3024318379778044, ""caveat"": ""OLS p-value omitted: serial correlation makes it invalid""}",,laneA_ps1_metrics.v1
yh.kc_f.logret_1d,adf,MEASURED,"{""stat"": -18.86790735769342, ""pvalue"": 0.0, ""lags"": 24, ""nobs"": 19975, ""crit_5pct"": -2.8616847064863733, ""H0"": ""unit root"", ""regression"": ""c"", ""sample"": ""last 20000 finite TRAIN values (gaps compressed)""}",,laneA_ps1_metrics.v1
yh.kc_f.logret_1d,kpss,MEASURED,"{""stat"": 0.13573334494348527, ""pvalue"": 0.1, ""lags"": 82, ""H0"": ""level stationary"", ""pvalue_truncated_to_table"": true, ""sample"": ""last 20000 finite TRAIN values (gaps compressed)""}",,laneA_ps1_metrics.v1
yh.kc_f.logret_1d,seasonality,MEASURED,"{""eta2_hour_of_day"": 3.083968530637848e-06, ""eta2_day_of_week"": 0.0005059838898590414, ""eta2_month"": 0.001964604342699056}",,laneA_ps1_metrics.v1
yh.kc_f.logret_1d,spectrum,MEASURED,"{""top_periods_rows"": [341.3333333333333, 1024.0, 682.6666666666666], ""top_power_share"": [0.030052350587088283, 0.026830445793130892, 0.02597455029195295], ""spectral_entropy_norm"": 0.6602476613411677, ""zero_filled_fraction"": 0.0, ""method"": ""Welch nperseg<=2048 on demeaned rows""}",,laneA_ps1_metrics.v1
yh.kc_f.logret_1d,cost,MEASURED,"{""build_s"": 0.014329546249952892, ""profile_s"": 0.03264591599963751, ""bytes_float64"": 573872}",,laneA_ps1_metrics.v1
yh.kc_f.logret_5d,missingness,MEASURED,"{""n_rows"": 71734, ""n_finite"": 71734, ""missing_fraction"": 0.0}",,laneA_ps1_metrics.v1
yh.kc_f.logret_5d,constant,MEASURED,"{""n_unique"": 2917, ""is_constant"": false, ""top_value_share"": 0.004014832575905429}",,laneA_ps1_metrics.v1
yh.kc_f.logret_5d,scale_tails,MEASURED,"{""mean"": 0.00011289983429922257, ""std"": 0.04687152049369624, ""min"": -0.18444121932057023, ""max"": 0.29153937253757256, ""p001"": -0.14906062679160714, ""p01"": -0.1052697157422644, ""p05"": -0.07101389897758459, ""p25"": -0.030787450559161655, ""median"": -0.00196316085864634, ""p75"": 0.028812631589826943, ""p95"": 0.07868888406017849, ""p99"": 0.1215395232514993, ""p999"": 0.21432086183705135, ""mad"": 0.029798907349574577, ""skew"": 0.4301151314672174, ""excess_kurtosis"": 1.4914934226680057, ""tail_ratio_p99_mad"": 4.144537336933894, ""share_beyond_5mad"": 0.005994368082081022}",,laneA_ps1_metrics.v1
yh.kc_f.logret_5d,volatility,MEASURED,"{""std_first_diff"": 0.006098761912711362, ""rolling168_std_median"": 0.0257493519175201, ""vol_of_vol_cv"": 0.5075322187043763}",,laneA_ps1_metrics.v1
yh.kc_f.logret_5d,acf,MEASURED,"{""lag_1"": 0.9915349171348092, ""lag_6"": 0.9491982508519375, ""lag_24"": 0.796353050902752, ""lag_120"": -0.008537782658357763, ""lag_168"": -0.0490985482951598, ""lag_unit"": ""rows of the decision grid (1 row = 1 market hour; weekend gaps not filled)""}",,laneA_ps1_metrics.v1
yh.kc_f.logret_5d,trend,MEASURED,"{""ols_slope_per_year"": 0.0007810039143673898, ""slope_in_std_per_year"": 0.016662653699754143, ""ols_r"": 0.03936199732815499, ""kendall_tau_3000"": 0.029635658120092265, ""kendall_p_3000"": 0.014960103104989398, ""caveat"": ""OLS p-value omitted: serial correlation makes it invalid""}",,laneA_ps1_metrics.v1
yh.kc_f.logret_5d,adf,MEASURED,"{""stat"": -10.02422827798768, ""pvalue"": 1.6482232666943608e-17, ""lags"": 24, ""nobs"": 19975, ""crit_5pct"": -2.8616847064863733, ""H0"": ""unit root"", ""regression"": ""c"", ""sample"": ""last 20000 finite TRAIN values (gaps compressed)""}",,laneA_ps1_metrics.v1
yh.kc_f.logret_5d,kpss,MEASURED,"{""stat"": 0.2600979423806905, ""pvalue"": 0.1, ""lags"": 86, ""H0"": ""level stationary"", ""pvalue_truncated_to_table"": true, ""sample"": ""last 20000 finite TRAIN values (gaps compressed)""}",,laneA_ps1_metrics.v1
yh.kc_f.logret_5d,seasonality,MEASURED,"{""eta2_hour_of_day"": 3.507097103367405e-06, ""eta2_day_of_week"": 1.9778224464361526e-05, ""eta2_month"": 0.008481935466796705}",,laneA_ps1_metrics.v1
yh.kc_f.logret_5d,spectrum,MEASURED,"{""top_periods_rows"": [1024.0, 682.6666666666666, 512.0], ""top_power_share"": [0.12631326283353533, 0.11323502349783852, 0.10680062409426823], ""spectral_entropy_norm"": 0.4302667505101823, ""zero_filled_fraction"": 0.0, ""method"": ""Welch nperseg<=2048 on demeaned rows""}",,laneA_ps1_metrics.v1
yh.kc_f.logret_5d,cost,MEASURED,"{""build_s"": 0.014329546249952892, ""profile_s"": 0.0326959590001934, ""bytes_float64"": 573872}",,laneA_ps1_metrics.v1
yh.sb_f.logret_1d,missingness,MEASURED,"{""n_rows"": 71734, ""n_finite"": 71734, ""missing_fraction"": 0.0}",,laneA_ps1_metrics.v1
yh.sb_f.logret_1d,constant,MEASURED,"{""n_unique"": 2838, ""is_constant"": false, ""top_value_share"": 0.018833468090445254}",,laneA_ps1_metrics.v1
yh.sb_f.logret_1d,scale_tails,MEASURED,"{""mean"": 5.998630316226683e-06, ""std"": 0.01755791863102831, ""min"": -0.08178029089229533, ""max"": 0.10813972249140669, ""p001"": -0.057225946604535505, ""p01"": -0.04445180244016189, ""p05"": -0.02701519576302802, ""p25"": -0.010348462113978663, ""median"": -0.0005754429818192186, ""p75"": 0.010133072631443252, ""p95"": 0.028501522195897078, ""p99"": 0.046935998548381264, ""p999"": 0.07765791193740412, ""mad"": 0.010190892496408033, ""skew"": 0.2610167070747066, ""excess_kurtosis"": 2.1526110374255936, ""tail_ratio_p99_mad"": 4.662147260109628, ""share_beyond_5mad"": 0.01218390163660189}",,laneA_ps1_metrics.v1
yh.sb_f.logret_1d,volatility,MEASURED,"{""std_first_diff"": 0.00496874761898413, ""rolling168_std_median"": 0.014201250063855649, ""vol_of_vol_cv"": 0.4041421093757826}",,laneA_ps1_metrics.v1
yh.sb_f.logret_1d,acf,MEASURED,"{""lag_1"": 0.9599556492516513, ""lag_6"": 0.7596379565230748, ""lag_24"": 0.05935934005920757, ""lag_120"": 0.022092168860835613, ""lag_168"": 0.0017277390737910497, ""lag_unit"": ""rows of the decision grid (1 row = 1 market hour; weekend gaps not filled)""}",,laneA_ps1_metrics.v1
yh.sb_f.logret_1d,trend,MEASURED,"{""ols_slope_per_year"": 0.00015267817556277602, ""slope_in_std_per_year"": 0.00869568761373364, ""ols_r"": 0.02054172395260813, ""kendall_tau_3000"": 0.023938649454455473, ""kendall_p_3000"": 0.04938472630376659, ""caveat"": ""OLS p-value omitted: serial correlation makes it invalid""}",,laneA_ps1_metrics.v1
yh.sb_f.logret_1d,adf,MEASURED,"{""stat"": -18.657539105607643, ""pvalue"": 2.0486974349665183e-30, ""lags"": 24, ""nobs"": 19975, ""crit_5pct"": -2.8616847064863733, ""H0"": ""unit root"", ""regression"": ""c"", ""sample"": ""last 20000 finite TRAIN values (gaps compressed)""}",,laneA_ps1_metrics.v1
yh.sb_f.logret_1d,kpss,MEASURED,"{""stat"": 0.08838568963538018, ""pvalue"": 0.1, ""lags"": 82, ""H0"": ""level stationary"", ""pvalue_truncated_to_table"": true, ""sample"": ""last 20000 finite TRAIN values (gaps compressed)""}",,laneA_ps1_metrics.v1
yh.sb_f.logret_1d,seasonality,MEASURED,"{""eta2_hour_of_day"": 1.228944574365856e-05, ""eta2_day_of_week"": 0.0008485471614874079, ""eta2_month"": 0.0059780835353251795}",,laneA_ps1_metrics.v1
yh.sb_f.logret_1d,spectrum,MEASURED,"{""top_periods_rows"": [146.28571428571428, 341.3333333333333, 204.8], ""top_power_share"": [0.028374386992105708, 0.027570069238150967, 0.02592845076213874], ""spectral_entropy_norm"": 0.6554020926069652, ""zero_filled_fraction"": 0.0, ""method"": ""Welch nperseg<=2048 on demeaned rows""}",,laneA_ps1_metrics.v1
yh.sb_f.logret_1d,cost,MEASURED,"{""build_s"": 0.014329546249952892, ""profile_s"": 0.03282733599917265, ""bytes_float64"": 573872}",,laneA_ps1_metrics.v1
yh.sb_f.logret_5d,missingness,MEASURED,"{""n_rows"": 71734, ""n_finite"": 71734, ""missing_fraction"": 0.0}",,laneA_ps1_metrics.v1
yh.sb_f.logret_5d,constant,MEASURED,"{""n_unique"": 2908, ""is_constant"": false, ""top_value_share"": 0.006008308472969582}",,laneA_ps1_metrics.v1
yh.sb_f.logret_5d,scale_tails,MEASURED,"{""mean"": -7.18268340559468e-05, ""std"": 0.0398060880745584, ""min"": -0.15514399788938027, ""max"": 0.21135719366125993, ""p001"": -0.14429594109916383, ""p01"": -0.09340124517715509, ""p05"": -0.06167365277073289, ""p25"": -0.025135977780640584, ""median"": -0.0016992746710995377, ""p75"": 0.023804576657486143, ""p95"": 0.06720872589409144, ""p99"": 0.09883653763656186, ""p999"": 0.17577009187780354, ""mad"": 0.024276220199331622, ""skew"": 0.25913701940689726, ""excess_kurtosis"": 1.317655835992385, ""tail_ratio_p99_mad"": 4.141328900552211, ""share_beyond_5mad"": 0.008880028996013048}",,laneA_ps1_metrics.v1
yh.sb_f.logret_5d,volatility,MEASURED,"{""std_first_diff"": 0.00501347674173223, ""rolling168_std_median"": 0.020668642158540043, ""vol_of_vol_cv"": 0.518162991698975}",,laneA_ps1_metrics.v1
yh.sb_f.logret_5d,acf,MEASURED,"{""lag_1"": 0.9920686306004717, ""lag_6"": 0.9524084912479619, ""lag_24"": 0.808786712417364, ""lag_120"": 0.044601460623007544, ""lag_168"": 0.016516899863744005, ""lag_unit"": ""rows of the decision grid (1 row = 1 market hour; weekend gaps not filled)""}",,laneA_ps1_metrics.v1
yh.sb_f.logret_5d,trend,MEASURED,"{""ols_slope_per_year"": 0.0006808680538151524, ""slope_in_std_per_year"": 0.017104621095643945, ""ols_r"": 0.04040605188090625, ""kendall_tau_3000"": 0.04460362359054726, ""kendall_p_3000"": 0.0002499523617494825, ""caveat"": ""OLS p-value omitted: serial correlation makes it invalid""}",,laneA_ps1_metrics.v1
yh.sb_f.logret_5d,adf,MEASURED,"{""stat"": -9.759716598963541, ""pvalue"": 7.620452686442745e-17, ""lags"": 24, ""nobs"": 19975, ""crit_5pct"": -2.8616847064863733, ""H0"": ""unit root"", ""regression"": ""c"", ""sample"": ""last 20000 finite TRAIN values (gaps compressed)""}",,laneA_ps1_metrics.v1
yh.sb_f.logret_5d,kpss,MEASURED,"{""stat"": 0.2773718362764107, ""pvalue"": 0.1, ""lags"": 86, ""H0"": ""level stationary"", ""pvalue_truncated_to_table"": true, ""sample"": ""last 20000 finite TRAIN values (gaps compressed)""}",,laneA_ps1_metrics.v1
yh.sb_f.logret_5d,seasonality,MEASURED,"{""eta2_hour_of_day"": 2.658571101688816e-06, ""eta2_day_of_week"": 3.0345871410801155e-05, ""eta2_month"": 0.037857091411565305}",,laneA_ps1_metrics.v1
yh.sb_f.logret_5d,spectrum,MEASURED,"{""top_periods_rows"": [2048.0, 1024.0, 682.6666666666666], ""top_power_share"": [0.11914676933550848, 0.11775204344844048, 0.11371055275435683], ""spectral_entropy_norm"": 0.4303878756945797, ""zero_filled_fraction"": 0.0, ""method"": ""Welch nperseg<=2048 on demeaned rows""}",,laneA_ps1_metrics.v1
yh.sb_f.logret_5d,cost,MEASURED,"{""build_s"": 0.014329546249952892, ""profile_s"": 0.032744551000178035, ""bytes_float64"": 573872}",,laneA_ps1_metrics.v1
yh.zc_f.logret_1d,missingness,MEASURED,"{""n_rows"": 71734, ""n_finite"": 71734, ""missing_fraction"": 0.0}",,laneA_ps1_metrics.v1
yh.zc_f.logret_1d,constant,MEASURED,"{""n_unique"": 2797, ""is_constant"": false, ""top_value_share"": 0.016324197730504364}",,laneA_ps1_metrics.v1
yh.zc_f.logret_1d,scale_tails,MEASURED,"{""mean"": 2.3677260156869297e-05, ""std"": 0.017164014370879555, ""min"": -0.26862042930028895, ""max"": 0.07717845607339058, ""p001"": -0.13992382598119946, ""p01"": -0.04608753644121233, ""p05"": -0.024164102890146033, ""p25"": -0.008310297133627742, ""median"": 0.00033766672615254123, ""p75"": 0.008896136308970348, ""p95"": 0.024984265704714126, ""p99"": 0.04236238965236083, ""p999"": 0.06548984513511424, ""mad"": 0.008613550853673324, ""skew"": -2.20585005445204, ""excess_kurtosis"": 30.299894909468335, ""tail_ratio_p99_mad"": 4.878908087979359, ""share_beyond_5mad"": 0.021579725095491678}",,laneA_ps1_metrics.v1
yh.zc_f.logret_1d,volatility,MEASURED,"{""std_first_diff"": 0.004976638001991371, ""rolling168_std_median"": 0.011961598600482157, ""vol_of_vol_cv"": 0.6183010026422111}",,laneA_ps1_metrics.v1
yh.zc_f.logret_1d,acf,MEASURED,"{""lag_1"": 0.9579660896151122, ""lag_6"": 0.7477934112207467, ""lag_24"": 0.03608128353242087, ""lag_120"": 0.013197631780617508, ""lag_168"": 0.03023692375024796, ""lag_unit"": ""rows of the decision grid (1 row = 1 market hour; weekend gaps not filled)""}",,laneA_ps1_metrics.v1
yh.zc_f.logret_1d,trend,MEASURED,"{""ols_slope_per_year"": 0.0001372840311732008, ""slope_in_std_per_year"": 0.00799836379804696, ""ols_r"": 0.018894443833576236, ""kendall_tau_3000"": 0.016977947068955605, ""kendall_p_3000"": 0.1633693795375214, ""caveat"": ""OLS p-value omitted: serial correlation makes it invalid""}",,laneA_ps1_metrics.v1
yh.zc_f.logret_1d,adf,MEASURED,"{""stat"": -20.10756488045489, ""pvalue"": 0.0, ""lags"": 24, ""nobs"": 19975, ""crit_5pct"": -2.8616847064863733, ""H0"": ""unit root"", ""regression"": ""c"", ""sample"": ""last 20000 finite TRAIN values (gaps compressed)""}",,laneA_ps1_metrics.v1
yh.zc_f.logret_1d,kpss,MEASURED,"{""stat"": 0.42385818620413096, ""pvalue"": 0.06687147146373666, ""lags"": 82, ""H0"": ""level stationary"", ""pvalue_truncated_to_table"": false, ""sample"": ""last 20000 finite TRAIN values (gaps compressed)""}",,laneA_ps1_metrics.v1
yh.zc_f.logret_1d,seasonality,MEASURED,"{""eta2_hour_of_day"": 1.4773031908050933e-05, ""eta2_day_of_week"": 0.0004570600212578893, ""eta2_month"": 0.006574368931401755}",,laneA_ps1_metrics.v1
yh.zc_f.logret_1d,spectrum,MEASURED,"{""top_periods_rows"": [186.1818181818182, 1024.0, 256.0], ""top_power_share"": [0.028136107981259546, 0.027560960564966132, 0.027076315652198348], ""spectral_entropy_norm"": 0.6627929180635909, ""zero_filled_fraction"": 0.0, ""method"": ""Welch nperseg<=2048 on demeaned rows""}",,laneA_ps1_metrics.v1
yh.zc_f.logret_1d,cost,MEASURED,"{""build_s"": 0.014329546249952892, ""profile_s"": 0.032587526000497746, ""bytes_float64"": 573872}",,laneA_ps1_metrics.v1
yh.zc_f.logret_5d,missingness,MEASURED,"{""n_rows"": 71734, ""n_finite"": 71734, ""missing_fraction"": 0.0}",,laneA_ps1_metrics.v1
yh.zc_f.logret_5d,constant,MEASURED,"{""n_unique"": 2866, ""is_constant"": false, ""top_value_share"": 0.005255527364987314}",,laneA_ps1_metrics.v1
yh.zc_f.logret_5d,scale_tails,MEASURED,"{""mean"": -0.00023170877310801132, ""std"": 0.038317987547458854, ""min"": -0.2813078259169979, ""max"": 0.167586897037018, ""p001"": -0.2546241484248082, ""p01"": -0.128246367110469, ""p05"": -0.053747803884865775, ""p25"": -0.019355442952956103, ""median"": 0.0011125534246030355, ""p75"": 0.01984192079900371, ""p95"": 0.05704464172537094, ""p99"": 0.091278505290739, ""p999"": 0.1372205610710413, ""mad"": 0.019370971813900795, ""skew"": -1.080901084629864, ""excess_kurtosis"": 7.012532091201814, ""tail_ratio_p99_mad"": 4.654694288565946, ""share_beyond_5mad"": 0.026026709788942483}",,laneA_ps1_metrics.v1
yh.zc_f.logret_5d,volatility,MEASURED,"{""std_first_diff"": 0.004995584622860848, ""rolling168_std_median"": 0.01762536850881061, ""vol_of_vol_cv"": 0.6891058673691556}",,laneA_ps1_metrics.v1
yh.zc_f.logret_5d,acf,MEASURED,"{""lag_1"": 0.9915015720011716, ""lag_6"": 0.9490043318392469, ""lag_24"": 0.7972281826641191, ""lag_120"": 0.03340117519312819, ""lag_168"": 0.06655714062615982, ""lag_unit"": ""rows of the decision grid (1 row = 1 market hour; weekend gaps not filled)""}",,laneA_ps1_metrics.v1
yh.zc_f.logret_5d,trend,MEASURED,"{""ols_slope_per_year"": 0.0005781127965219123, ""slope_in_std_per_year"": 0.015087243185876844, ""ols_r"": 0.035640422988594614, ""kendall_tau_3000"": 0.03685705647206666, ""kendall_p_3000"": 0.002476213041313096, ""caveat"": ""OLS p-value omitted: serial correlation makes it invalid""}",,laneA_ps1_metrics.v1
yh.zc_f.logret_5d,adf,MEASURED,"{""stat"": -10.468414690259252, ""pvalue"": 1.3033468680776728e-18, ""lags"": 24, ""nobs"": 19975, ""crit_5pct"": -2.8616847064863733, ""H0"": ""unit root"", ""regression"": ""c"", ""sample"": ""last 20000 finite TRAIN values (gaps compressed)""}",,laneA_ps1_metrics.v1
yh.zc_f.logret_5d,kpss,MEASURED,"{""stat"": 0.9412566506517742, ""pvalue"": 0.01, ""lags"": 86, ""H0"": ""level stationary"", ""pvalue_truncated_to_table"": true, ""sample"": ""last 20000 finite TRAIN values (gaps compressed)""}",,laneA_ps1_metrics.v1
yh.zc_f.logret_5d,seasonality,MEASURED,"{""eta2_hour_of_day"": 1.0763372713222353e-05, ""eta2_day_of_week"": 3.4967524969128057e-05, ""eta2_month"": 0.027327811018961}",,laneA_ps1_metrics.v1
yh.zc_f.logret_5d,spectrum,MEASURED,"{""top_periods_rows"": [1024.0, 2048.0, 682.6666666666666], ""top_power_share"": [0.140290831484028, 0.11508266329845271, 0.10275158240913317], ""spectral_entropy_norm"": 0.4378059440172084, ""zero_filled_fraction"": 0.0, ""method"": ""Welch nperseg<=2048 on demeaned rows""}",,laneA_ps1_metrics.v1
yh.zc_f.logret_5d,cost,MEASURED,"{""build_s"": 0.014329546249952892, ""profile_s"": 0.032565966000220214, ""bytes_float64"": 573872}",,laneA_ps1_metrics.v1
yh.zs_f.logret_1d,missingness,MEASURED,"{""n_rows"": 71734, ""n_finite"": 71734, ""missing_fraction"": 0.0}",,laneA_ps1_metrics.v1
yh.zs_f.logret_1d,constant,MEASURED,"{""n_unique"": 2892, ""is_constant"": false, ""top_value_share"": 0.008768505868904564}",,laneA_ps1_metrics.v1
yh.zs_f.logret_1d,scale_tails,MEASURED,"{""mean"": -1.5679820371694337e-05, ""std"": 0.013877135163021968, ""min"": -0.11091733704521545, ""max"": 0.06426269711155008, ""p001"": -0.09912938645217295, ""p01"": -0.035991067250589204, ""p05"": -0.020929858217879935, ""p25"": -0.007305820302963895, ""median"": 0.0005838279819432302, ""p75"": 0.007640664229813687, ""p95"": 0.020865138463961763, ""p99"": 0.0326901020410979, ""p999"": 0.05055673560016251, ""mad"": 0.007477765664635427, ""skew"": -0.9953182017689024, ""excess_kurtosis"": 7.184822298092245, ""tail_ratio_p99_mad"": 4.293565150215226, ""share_beyond_5mad"": 0.014233139097220286}",,laneA_ps1_metrics.v1
yh.zs_f.logret_1d,volatility,MEASURED,"{""std_first_diff"": 0.003989941529885139, ""rolling168_std_median"": 0.010008682793098725, ""vol_of_vol_cv"": 0.5271270943764534}",,laneA_ps1_metrics.v1
yh.zs_f.logret_1d,acf,MEASURED,"{""lag_1"": 0.9586668164664344, ""lag_6"": 0.7520025572935659, ""lag_24"": 0.03049022889207452, ""lag_120"": -0.050999766185699145, ""lag_168"": 0.03943607977659354, ""lag_unit"": ""rows of the decision grid (1 row = 1 market hour; weekend gaps not filled)""}",,laneA_ps1_metrics.v1
yh.zs_f.logret_1d,trend,MEASURED,"{""ols_slope_per_year"": 0.00011220989726325067, ""slope_in_std_per_year"": 0.00808595549045695, ""ols_r"": 0.019101360692363355, ""kendall_tau_3000"": 0.011481778073810383, ""kendall_p_3000"": 0.34582210279925474, ""caveat"": ""OLS p-value omitted: serial correlation makes it invalid""}",,laneA_ps1_metrics.v1
yh.zs_f.logret_1d,adf,MEASURED,"{""stat"": -19.53438400227202, ""pvalue"": 0.0, ""lags"": 24, ""nobs"": 19975, ""crit_5pct"": -2.8616847064863733, ""H0"": ""unit root"", ""regression"": ""c"", ""sample"": ""last 20000 finite TRAIN values (gaps compressed)""}",,laneA_ps1_metrics.v1
yh.zs_f.logret_1d,kpss,MEASURED,"{""stat"": 0.3740009105451441, ""pvalue"": 0.08836167648916202, ""lags"": 82, ""H0"": ""level stationary"", ""pvalue_truncated_to_table"": false, ""sample"": ""last 20000 finite TRAIN values (gaps compressed)""}",,laneA_ps1_metrics.v1
yh.zs_f.logret_1d,seasonality,MEASURED,"{""eta2_hour_of_day"": 4.9666334942860885e-06, ""eta2_day_of_week"": 0.0013331968365571298, ""eta2_month"": 0.004327509164492118}",,laneA_ps1_metrics.v1
yh.zs_f.logret_1d,spectrum,MEASURED,"{""top_periods_rows"": [256.0, 227.55555555555554, 186.1818181818182], ""top_power_share"": [0.03479628045124754, 0.033267519350432165, 0.028490197349516577], ""spectral_entropy_norm"": 0.6584435067600601, ""zero_filled_fraction"": 0.0, ""method"": ""Welch nperseg<=2048 on demeaned rows""}",,laneA_ps1_metrics.v1
yh.zs_f.logret_1d,cost,MEASURED,"{""build_s"": 0.014329546249952892, ""profile_s"": 0.03224596600011864, ""bytes_float64"": 573872}",,laneA_ps1_metrics.v1
yh.zs_f.logret_5d,missingness,MEASURED,"{""n_rows"": 71734, ""n_finite"": 71734, ""missing_fraction"": 0.0}",,laneA_ps1_metrics.v1
yh.zs_f.logret_5d,constant,MEASURED,"{""n_unique"": 2911, ""is_constant"": false, ""top_value_share"": 0.004670030947667773}",,laneA_ps1_metrics.v1
yh.zs_f.logret_5d,scale_tails,MEASURED,"{""mean"": 3.315258640924754e-05, ""std"": 0.030477203170658357, ""min"": -0.16434379859686654, ""max"": 0.13204894194971573, ""p001"": -0.1521594553041421, ""p01"": -0.09172283579633955, ""p05"": -0.04867266139526789, ""p25"": -0.01747015409724284, ""median"": 0.0012055456553481392, ""p75"": 0.018761019277824253, ""p95"": 0.04657836379840141, ""p99"": 0.07233810764946291, ""p999"": 0.09973421288346973, ""mad"": 0.018065449154107682, ""skew"": -0.48029530126067416, ""excess_kurtosis"": 2.2131186095377364, ""tail_ratio_p99_mad"": 3.9374920262052164, ""share_beyond_5mad"": 0.012755457663032871}",,laneA_ps1_metrics.v1
yh.zs_f.logret_5d,volatility,MEASURED,"{""std_first_diff"": 0.004059267039830995, ""rolling168_std_median"": 0.01564373924580686, ""vol_of_vol_cv"": 0.6103727229603627}",,laneA_ps1_metrics.v1
yh.zs_f.logret_5d,acf,MEASURED,"{""lag_1"": 0.991130165875627, ""lag_6"": 0.9467796825681022, ""lag_24"": 0.7867877907167538, ""lag_120"": -0.037135535538407385, ""lag_168"": 0.043321374047370936, ""lag_unit"": ""rows of the decision grid (1 row = 1 market hour; weekend gaps not filled)""}",,laneA_ps1_metrics.v1
yh.zs_f.logret_5d,trend,MEASURED,"{""ols_slope_per_year"": 0.00045354719970618497, ""slope_in_std_per_year"": 0.014881522991677705, ""ols_r"": 0.03515445251352357, ""kendall_tau_3000"": 0.013736506808170705, ""kendall_p_3000"": 0.2593702961347175, ""caveat"": ""OLS p-value omitted: serial correlation makes it invalid""}",,laneA_ps1_metrics.v1
yh.zs_f.logret_5d,adf,MEASURED,"{""stat"": -10.676076909377164, ""pvalue"": 4.0507571460518375e-19, ""lags"": 24, ""nobs"": 19975, ""crit_5pct"": -2.8616847064863733, ""H0"": ""unit root"", ""regression"": ""c"", ""sample"": ""last 20000 finite TRAIN values (gaps compressed)""}",,laneA_ps1_metrics.v1
yh.zs_f.logret_5d,kpss,MEASURED,"{""stat"": 0.8079447423117543, ""pvalue"": 0.01, ""lags"": 86, ""H0"": ""level stationary"", ""pvalue_truncated_to_table"": true, ""sample"": ""last 20000 finite TRAIN values (gaps compressed)""}",,laneA_ps1_metrics.v1
yh.zs_f.logret_5d,seasonality,MEASURED,"{""eta2_hour_of_day"": 2.732123331334223e-06, ""eta2_day_of_week"": 4.138862713897627e-05, ""eta2_month"": 0.021216165022242488}",,laneA_ps1_metrics.v1
yh.zs_f.logret_5d,spectrum,MEASURED,"{""top_periods_rows"": [1024.0, 682.6666666666666, 512.0], ""top_power_share"": [0.1170895607362415, 0.10149952440278968, 0.0998354824227558], ""spectral_entropy_norm"": 0.4432523070898929, ""zero_filled_fraction"": 0.0, ""method"": ""Welch nperseg<=2048 on demeaned rows""}",,laneA_ps1_metrics.v1
yh.zs_f.logret_5d,cost,MEASURED,"{""build_s"": 0.014329546249952892, ""profile_s"": 0.03240538499994727, ""bytes_float64"": 573872}",,laneA_ps1_metrics.v1
yh.zw_f.logret_1d,missingness,MEASURED,"{""n_rows"": 71734, ""n_finite"": 71734, ""missing_fraction"": 0.0}",,laneA_ps1_metrics.v1
yh.zw_f.logret_1d,constant,MEASURED,"{""n_unique"": 2854, ""is_constant"": false, ""top_value_share"": 0.014748933560097025}",,laneA_ps1_metrics.v1
yh.zw_f.logret_1d,scale_tails,MEASURED,"{""mean"": -3.12385015583118e-06, ""std"": 0.019427062562287947, ""min"": -0.11297091735428477, ""max"": 0.1970139123642669, ""p001"": -0.08114284223133333, ""p01"": -0.04345956948178653, ""p05"": -0.029423949567885188, ""p25"": -0.011527505171067709, ""median"": -0.0005095541511526136, ""p75"": 0.011064507655713207, ""p95"": 0.031433522601513, ""p99"": 0.055104341058665796, ""p999"": 0.0815610933199995, ""mad"": 0.011249792812044745, ""skew"": 0.4451352533198886, ""excess_kurtosis"": 5.084700244996897, ""tail_ratio_p99_mad"": 4.943548395866867, ""share_beyond_5mad"": 0.012880921181029917}",,laneA_ps1_metrics.v1
yh.zw_f.logret_1d,volatility,MEASURED,"{""std_first_diff"": 0.005481496361930692, ""rolling168_std_median"": 0.015101697298574773, ""vol_of_vol_cv"": 0.4719329063966317}",,laneA_ps1_metrics.v1
yh.zw_f.logret_1d,acf,MEASURED,"{""lag_1"": 0.9601938669569923, ""lag_6"": 0.7611577747669516, ""lag_24"": 0.07056315243750065, ""lag_120"": -0.009293030261915265, ""lag_168"": 0.025868225635386197, ""lag_unit"": ""rows of the decision grid (1 row = 1 market hour; weekend gaps not filled)""}",,laneA_ps1_metrics.v1
yh.zw_f.logret_1d,trend,MEASURED,"{""ols_slope_per_year"": 3.6555732362563346e-05, ""slope_in_std_per_year"": 0.0018816911844164123, ""ols_r"": 0.004445097684200474, ""kendall_tau_3000"": -0.008145515728673171, ""kendall_p_3000"": 0.5036553883263288, ""caveat"": ""OLS p-value omitted: serial correlation makes it invalid""}",,laneA_ps1_metrics.v1
yh.zw_f.logret_1d,adf,MEASURED,"{""stat"": -19.0532695252075, ""pvalue"": 0.0, ""lags"": 24, ""nobs"": 19975, ""crit_5pct"": -2.8616847064863733, ""H0"": ""unit root"", ""regression"": ""c"", ""sample"": ""last 20000 finite TRAIN values (gaps compressed)""}",,laneA_ps1_metrics.v1
yh.zw_f.logret_1d,kpss,MEASURED,"{""stat"": 0.123889534763467, ""pvalue"": 0.1, ""lags"": 82, ""H0"": ""level stationary"", ""pvalue_truncated_to_table"": true, ""sample"": ""last 20000 finite TRAIN values (gaps compressed)""}",,laneA_ps1_metrics.v1
yh.zw_f.logret_1d,seasonality,MEASURED,"{""eta2_hour_of_day"": 6.632393243448735e-06, ""eta2_day_of_week"": 0.0002830035768593629, ""eta2_month"": 0.003687795012221355}",,laneA_ps1_metrics.v1
yh.zw_f.logret_1d,spectrum,MEASURED,"{""top_periods_rows"": [186.1818181818182, 170.66666666666666, 341.3333333333333], ""top_power_share"": [0.032943721050424854, 0.03113303430491848, 0.03018116728727989], ""spectral_entropy_norm"": 0.6540131630627452, ""zero_filled_fraction"": 0.0, ""method"": ""Welch nperseg<=2048 on demeaned rows""}",,laneA_ps1_metrics.v1
yh.zw_f.logret_1d,cost,MEASURED,"{""build_s"": 0.014329546249952892, ""profile_s"": 0.03268818500055204, ""bytes_float64"": 573872}",,laneA_ps1_metrics.v1
yh.zw_f.logret_5d,missingness,MEASURED,"{""n_rows"": 71734, ""n_finite"": 71734, ""missing_fraction"": 0.0}",,laneA_ps1_metrics.v1
yh.zw_f.logret_5d,constant,MEASURED,"{""n_unique"": 2904, ""is_constant"": false, ""top_value_share"": 0.005548275573647085}",,laneA_ps1_metrics.v1
yh.zw_f.logret_5d,scale_tails,MEASURED,"{""mean"": 0.0001036991932722021, ""std"": 0.04435915404452749, ""min"": -0.2681695406885023, ""max"": 0.46941033347039696, ""p001"": -0.1827095296407215, ""p01"": -0.10346195582966189, ""p05"": -0.06212523671146286, ""p25"": -0.026117566171985906, ""median"": -0.0016843527647303347, ""p75"": 0.023302025202844412, ""p95"": 0.06997160418655923, ""p99"": 0.1250519917048294, ""p999"": 0.2639568674820449, ""mad"": 0.024715068508534443, ""skew"": 1.052725227346252, ""excess_kurtosis"": 9.717436885848237, ""tail_ratio_p99_mad"": 5.127897761068151, ""share_beyond_5mad"": 0.014205258315443165}",,laneA_ps1_metrics.v1
yh.zw_f.logret_5d,volatility,MEASURED,"{""std_first_diff"": 0.005657800033557224, ""rolling168_std_median"": 0.022414501032890336, ""vol_of_vol_cv"": 0.6483193235174878}",,laneA_ps1_metrics.v1
yh.zw_f.logret_5d,acf,MEASURED,"{""lag_1"": 0.9918661451658201, ""lag_6"": 0.9511947398783244, ""lag_24"": 0.8030843233919089, ""lag_120"": -0.02197695932054552, ""lag_168"": -0.025416320029780445, ""lag_unit"": ""rows of the decision grid (1 row = 1 market hour; weekend gaps not filled)""}",,laneA_ps1_metrics.v1
yh.zw_f.logret_5d,trend,MEASURED,"{""ols_slope_per_year"": 0.0001489463647542637, ""slope_in_std_per_year"": 0.0033577368180816095, ""ols_r"": 0.007931943497326965, ""kendall_tau_3000"": 0.011909671105893176, ""kendall_p_3000"": 0.3281342979709072, ""caveat"": ""OLS p-value omitted: serial correlation makes it invalid""}",,laneA_ps1_metrics.v1
yh.zw_f.logret_5d,adf,MEASURED,"{""stat"": -11.002602962838793, ""pvalue"": 6.62432367424352e-20, ""lags"": 24, ""nobs"": 19975, ""crit_5pct"": -2.8616847064863733, ""H0"": ""unit root"", ""regression"": ""c"", ""sample"": ""last 20000 finite TRAIN values (gaps compressed)""}",,laneA_ps1_metrics.v1
yh.zw_f.logret_5d,kpss,MEASURED,"{""stat"": 0.3431653840723414, ""pvalue"": 0.1, ""lags"": 86, ""H0"": ""level stationary"", ""pvalue_truncated_to_table"": true, ""sample"": ""last 20000 finite TRAIN values (gaps compressed)""}",,laneA_ps1_metrics.v1
yh.zw_f.logret_5d,seasonality,MEASURED,"{""eta2_hour_of_day"": 4.376350775271685e-06, ""eta2_day_of_week"": 1.5423950840738994e-05, ""eta2_month"": 0.012542459078357883}",,laneA_ps1_metrics.v1
yh.zw_f.logret_5d,spectrum,MEASURED,"{""top_periods_rows"": [1024.0, 682.6666666666666, 2048.0], ""top_power_share"": [0.1205095268189461, 0.10736231552980544, 0.10303562683621374], ""spectral_entropy_norm"": 0.43502835354726915, ""zero_filled_fraction"": 0.0, ""method"": ""Welch nperseg<=2048 on demeaned rows""}",,laneA_ps1_metrics.v1
yh.zw_f.logret_5d,cost,MEASURED,"{""build_s"": 0.014329546249952892, ""profile_s"": 0.03256281999983912, ""bytes_float64"": 573872}",,laneA_ps1_metrics.v1
yh.bz_f.logret_1d,missingness,MEASURED,"{""n_rows"": 71734, ""n_finite"": 71734, ""missing_fraction"": 0.0}",,laneA_ps1_metrics.v1
yh.bz_f.logret_1d,constant,MEASURED,"{""n_unique"": 2899, ""is_constant"": false, ""top_value_share"": 0.007485989907156996}",,laneA_ps1_metrics.v1
yh.bz_f.logret_1d,scale_tails,MEASURED,"{""mean"": -2.178519925811151e-05, ""std"": 0.023911173008460285, ""min"": -0.2797614880948598, ""max"": 0.1907740391162247, ""p001"": -0.1418294322903291, ""p01"": -0.06695610446266631, ""p05"": -0.03759491733233755, ""p25"": -0.009863614277041854, ""median"": 0.0007462596042704384, ""p75"": 0.011119338107459242, ""p95"": 0.03279386133237505, ""p99"": 0.06267993954480033, ""p999"": 0.13039521749510197, ""mad"": 0.010486433809623996, ""skew"": -0.9813979339290545, ""excess_kurtosis"": 16.94939459906308, ""tail_ratio_p99_mad"": 5.906076466499969, ""share_beyond_5mad"": 0.035882566147154765}",,laneA_ps1_metrics.v1
yh.bz_f.logret_1d,volatility,MEASURED,"{""std_first_diff"": 0.006842803387240652, ""rolling168_std_median"": 0.015092367382869048, ""vol_of_vol_cv"": 0.6949197045813345}",,laneA_ps1_metrics.v1
yh.bz_f.logret_1d,acf,MEASURED,"{""lag_1"": 0.9590520938147262, ""lag_6"": 0.7543085650884362, ""lag_24"": 0.038431679232723545, ""lag_120"": -0.0014985505608231709, ""lag_168"": 0.00948276977538447, ""lag_unit"": ""rows of the decision grid (1 row = 1 market hour; weekend gaps not filled)""}",,laneA_ps1_metrics.v1
yh.bz_f.logret_1d,trend,MEASURED,"{""ols_slope_per_year"": 0.00015823102608503376, ""slope_in_std_per_year"": 0.006617451432811274, ""ols_r"": 0.01563233025849635, ""kendall_tau_3000"": 0.03414606009186513, ""kendall_p_3000"": 0.005053217996927585, ""caveat"": ""OLS p-value omitted: serial correlation makes it invalid""}",,laneA_ps1_metrics.v1
yh.bz_f.logret_1d,adf,MEASURED,"{""stat"": -19.143689555909965, ""pvalue"": 0.0, ""lags"": 24, ""nobs"": 19975, ""crit_5pct"": -2.8616847064863733, ""H0"": ""unit root"", ""regression"": ""c"", ""sample"": ""last 20000 finite TRAIN values (gaps compressed)""}",,laneA_ps1_metrics.v1
yh.bz_f.logret_1d,kpss,MEASURED,"{""stat"": 0.2313099024629989, ""pvalue"": 0.1, ""lags"": 82, ""H0"": ""level stationary"", ""pvalue_truncated_to_table"": true, ""sample"": ""last 20000 finite TRAIN values (gaps compressed)""}",,laneA_ps1_metrics.v1
yh.bz_f.logret_1d,seasonality,MEASURED,"{""eta2_hour_of_day"": 2.258042392471535e-06, ""eta2_day_of_week"": 0.002605999887519637, ""eta2_month"": 0.0034843701746987144}",,laneA_ps1_metrics.v1
yh.bz_f.logret_1d,spectrum,MEASURED,"{""top_periods_rows"": [186.1818181818182, 682.6666666666666, 170.66666666666666], ""top_power_share"": [0.03307673957773259, 0.030009502578929932, 0.028094110794449685], ""spectral_entropy_norm"": 0.6578735139971886, ""zero_filled_fraction"": 0.0, ""method"": ""Welch nperseg<=2048 on demeaned rows""}",,laneA_ps1_metrics.v1
yh.bz_f.logret_1d,cost,MEASURED,"{""build_s"": 0.014329546249952892, ""profile_s"": 0.03222654899946065, ""bytes_float64"": 573872}",,laneA_ps1_metrics.v1
yh.bz_f.logret_5d,missingness,MEASURED,"{""n_rows"": 71734, ""n_finite"": 71734, ""missing_fraction"": 0.0}",,laneA_ps1_metrics.v1
yh.bz_f.logret_5d,constant,MEASURED,"{""n_unique"": 2912, ""is_constant"": false, ""top_value_share"": 0.0016728469066272617}",,laneA_ps1_metrics.v1
yh.bz_f.logret_5d,scale_tails,MEASURED,"{""mean"": -0.0003542325864515127, ""std"": 0.05401724782865588, ""min"": -0.42611608494418496, ""max"": 0.41454725603750253, ""p001"": -0.363604316218737, ""p01"": -0.14199637690106215, ""p05"": -0.08220699317792324, ""p25"": -0.024376694769237872, ""median"": 0.0024098121617077695, ""p75"": 0.026293703082953535, ""p95"": 0.07372281253937096, ""p99"": 0.1422254435748207, ""p999"": 0.31993230406026524, ""mad"": 0.02514593680793098, ""skew"": -0.4766937407466018, ""excess_kurtosis"": 10.315973759346289, ""tail_ratio_p99_mad"": 5.560167930153048, ""share_beyond_5mad"": 0.028814787966654584}",,laneA_ps1_metrics.v1
yh.bz_f.logret_5d,volatility,MEASURED,"{""std_first_diff"": 0.006796083618769413, ""rolling168_std_median"": 0.02198664496394764, ""vol_of_vol_cv"": 0.7997707712794924}",,laneA_ps1_metrics.v1
yh.bz_f.logret_5d,acf,MEASURED,"{""lag_1"": 0.9920856219563059, ""lag_6"": 0.9525133326781838, ""lag_24"": 0.8098196155650363, ""lag_120"": 0.047097667717034074, ""lag_168"": -0.0035290514962167756, ""lag_unit"": ""rows of the decision grid (1 row = 1 market hour; weekend gaps not filled)""}",,laneA_ps1_metrics.v1
yh.bz_f.logret_5d,trend,MEASURED,"{""ols_slope_per_year"": 0.0008658791934852201, ""slope_in_std_per_year"": 0.016029679931710176, ""ols_r"": 0.03786673059480707, ""kendall_tau_3000"": 0.04891503936102418, ""kendall_p_3000"": 5.910417259238135e-05, ""caveat"": ""OLS p-value omitted: serial correlation makes it invalid""}",,laneA_ps1_metrics.v1
yh.bz_f.logret_5d,adf,MEASURED,"{""stat"": -10.935303441436387, ""pvalue"": 9.593520947642481e-20, ""lags"": 24, ""nobs"": 19975, ""crit_5pct"": -2.8616847064863733, ""H0"": ""unit root"", ""regression"": ""c"", ""sample"": ""last 20000 finite TRAIN values (gaps compressed)""}",,laneA_ps1_metrics.v1
yh.bz_f.logret_5d,kpss,MEASURED,"{""stat"": 0.439316146318399, ""pvalue"": 0.06020855762137975, ""lags"": 86, ""H0"": ""level stationary"", ""pvalue_truncated_to_table"": false, ""sample"": ""last 20000 finite TRAIN values (gaps compressed)""}",,laneA_ps1_metrics.v1
yh.bz_f.logret_5d,seasonality,MEASURED,"{""eta2_hour_of_day"": 8.298470171653783e-07, ""eta2_day_of_week"": 4.750764059308695e-05, ""eta2_month"": 0.015042161567945404}",,laneA_ps1_metrics.v1
yh.bz_f.logret_5d,spectrum,MEASURED,"{""top_periods_rows"": [682.6666666666666, 512.0, 1024.0], ""top_power_share"": [0.143999687857289, 0.11740674306333547, 0.09911588182817502], ""spectral_entropy_norm"": 0.431840965024415, ""zero_filled_fraction"": 0.0, ""method"": ""Welch nperseg<=2048 on demeaned rows""}",,laneA_ps1_metrics.v1
yh.bz_f.logret_5d,cost,MEASURED,"{""build_s"": 0.014329546249952892, ""profile_s"": 0.03252193300068029, ""bytes_float64"": 573872}",,laneA_ps1_metrics.v1
yh.cl_f.logret_1d,missingness,MEASURED,"{""n_rows"": 71734, ""n_finite"": 71686, ""missing_fraction"": 0.000669138762650956}",,laneA_ps1_metrics.v1
yh.cl_f.logret_1d,constant,MEASURED,"{""n_unique"": 2920, ""is_constant"": false, ""top_value_share"": 0.0036269285495075746}",,laneA_ps1_metrics.v1
yh.cl_f.logret_1d,scale_tails,MEASURED,"{""mean"": 0.00014676077783693422, ""std"": 0.027376001600387778, ""min"": -0.2822061341074851, ""max"": 0.3196336300150673, ""p001"": -0.1840646653004357, ""p01"": -0.07249690607595749, ""p05"": -0.038949558065144885, ""p25"": -0.011793069447452176, ""median"": 0.001208294928896514, ""p75"": 0.012349715457020682, ""p95"": 0.03479406611702185, ""p99"": 0.06572883376029592, ""p999"": 0.21357403187235047, ""mad"": 0.012001346341047991, ""skew"": 0.03981247804967697, ""excess_kurtosis"": 24.109396207238298, ""tail_ratio_p99_mad"": 5.376108396332248, ""share_beyond_5mad"": 0.028485338838824877}",,laneA_ps1_metrics.v1
yh.cl_f.logret_1d,volatility,MEASURED,"{""std_first_diff"": 0.007733018419428634, ""rolling168_std_median"": 0.01626894487819531, ""vol_of_vol_cv"": 0.8111772957805368}",,laneA_ps1_metrics.v1
yh.cl_f.logret_1d,acf,MEASURED,"{""lag_1"": 0.9600646475483094, ""lag_6"": 0.7591645412729175, ""lag_24"": 0.04293309159948337, ""lag_120"": 0.01841494340171996, ""lag_168"": 0.051812449189971514, ""lag_unit"": ""rows of the decision grid (1 row = 1 market hour; weekend gaps not filled)""}",,laneA_ps1_metrics.v1
yh.cl_f.logret_1d,trend,MEASURED,"{""ols_slope_per_year"": 0.00018364861634770108, ""slope_in_std_per_year"": 0.006708379807557423, ""ols_r"": 0.015850121978937162, ""kendall_tau_3000"": 0.029957941779852552, ""kendall_p_3000"": 0.013901055678872676, ""caveat"": ""OLS p-value omitted: serial correlation makes it invalid""}",,laneA_ps1_metrics.v1
yh.cl_f.logret_1d,adf,MEASURED,"{""stat"": -19.611140116437877, ""pvalue"": 0.0, ""lags"": 24, ""nobs"": 19975, ""crit_5pct"": -2.8616847064863733, ""H0"": ""unit root"", ""regression"": ""c"", ""sample"": ""last 20000 finite TRAIN values (gaps compressed)""}",,laneA_ps1_metrics.v1
yh.cl_f.logret_1d,kpss,MEASURED,"{""stat"": 0.2558205205335746, ""pvalue"": 0.1, ""lags"": 82, ""H0"": ""level stationary"", ""pvalue_truncated_to_table"": true, ""sample"": ""last 20000 finite TRAIN values (gaps compressed)""}",,laneA_ps1_metrics.v1
yh.cl_f.logret_1d,seasonality,MEASURED,"{""eta2_hour_of_day"": 1.268379584810692e-06, ""eta2_day_of_week"": 0.0011026285427245678, ""eta2_month"": 0.003475177071208413}",,laneA_ps1_metrics.v1
yh.cl_f.logret_1d,spectrum,MEASURED,"{""top_periods_rows"": [170.66666666666666, 186.1818181818182, 120.47058823529412], ""top_power_share"": [0.04100498422183647, 0.030586962037885385, 0.02714621715737487], ""spectral_entropy_norm"": 0.6593179853791971, ""zero_filled_fraction"": 0.0006691387626509048, ""method"": ""Welch nperseg<=2048 on demeaned rows""}",,laneA_ps1_metrics.v1
yh.cl_f.logret_1d,cost,MEASURED,"{""build_s"": 0.014329546249952892, ""profile_s"": 0.033098865000283695, ""bytes_float64"": 573872}",,laneA_ps1_metrics.v1
yh.cl_f.logret_5d,missingness,MEASURED,"{""n_rows"": 71734, ""n_finite"": 71686, ""missing_fraction"": 0.000669138762650956}",,laneA_ps1_metrics.v1
yh.cl_f.logret_5d,constant,MEASURED,"{""n_unique"": 2929, ""is_constant"": false, ""top_value_share"": 0.0010322796640906174}",,laneA_ps1_metrics.v1
yh.cl_f.logret_5d,scale_tails,MEASURED,"{""mean"": -0.00014262435558543737, ""std"": 0.05930273990564142, ""min"": -0.6976326179427628, ""max"": 0.6882730506913757, ""p001"": -0.38597948301339957, ""p01"": -0.15080299766603034, ""p05"": -0.08575261979000359, ""p25"": -0.027117485984788026, ""median"": 0.002778396120952209, ""p75"": 0.028457543098338256, ""p95"": 0.07932300988703833, ""p99"": 0.14851661051957343, ""p999"": 0.3390362878078603, ""mad"": 0.02800622069937564, ""skew"": -0.306851230299225, ""excess_kurtosis"": 20.163022437585088, ""tail_ratio_p99_mad"": 5.203780115960818, ""share_beyond_5mad"": 0.023519236671037582}",,laneA_ps1_metrics.v1
yh.cl_f.logret_5d,volatility,MEASURED,"{""std_first_diff"": 0.007597450114762084, ""rolling168_std_median"": 0.023827960868445356, ""vol_of_vol_cv"": 0.8353955123823806}",,laneA_ps1_metrics.v1
yh.cl_f.logret_5d,acf,MEASURED,"{""lag_1"": 0.9917847762244267, ""lag_6"": 0.9504328010721875, ""lag_24"": 0.797351315033148, ""lag_120"": 0.10218987422059772, ""lag_168"": 0.0848236460491388, ""lag_unit"": ""rows of the decision grid (1 row = 1 market hour; weekend gaps not filled)""}",,laneA_ps1_metrics.v1
yh.cl_f.logret_5d,trend,MEASURED,"{""ols_slope_per_year"": 0.0008546504292195555, ""slope_in_std_per_year"": 0.01441165164677751, ""ols_r"": 0.03405087487379321, ""kendall_tau_3000"": 0.04154784738667373, ""kendall_p_3000"": 0.0006461613912609772, ""caveat"": ""OLS p-value omitted: serial correlation makes it invalid""}",,laneA_ps1_metrics.v1
yh.cl_f.logret_5d,adf,MEASURED,"{""stat"": -11.038610203506023, ""pvalue"": 5.437110852498333e-20, ""lags"": 24, ""nobs"": 19975, ""crit_5pct"": -2.8616847064863733, ""H0"": ""unit root"", ""regression"": ""c"", ""sample"": ""last 20000 finite TRAIN values (gaps compressed)""}",,laneA_ps1_metrics.v1
yh.cl_f.logret_5d,kpss,MEASURED,"{""stat"": 0.44339531848814134, ""pvalue"": 0.0584502937551115, ""lags"": 86, ""H0"": ""level stationary"", ""pvalue_truncated_to_table"": false, ""sample"": ""last 20000 finite TRAIN values (gaps compressed)""}",,laneA_ps1_metrics.v1
yh.cl_f.logret_5d,seasonality,MEASURED,"{""eta2_hour_of_day"": 1.094464780663114e-06, ""eta2_day_of_week"": 7.86260595624e-05, ""eta2_month"": 0.014620193276384834}",,laneA_ps1_metrics.v1
yh.cl_f.logret_5d,spectrum,MEASURED,"{""top_periods_rows"": [682.6666666666666, 2048.0, 512.0], ""top_power_share"": [0.12668825048422178, 0.11993926236259426, 0.1106457767089873], ""spectral_entropy_norm"": 0.45149530999141885, ""zero_filled_fraction"": 0.0006691387626509048, ""method"": ""Welch nperseg<=2048 on demeaned rows""}",,laneA_ps1_metrics.v1
yh.cl_f.logret_5d,cost,MEASURED,"{""build_s"": 0.014329546249952892, ""profile_s"": 0.03257373999986157, ""bytes_float64"": 573872}",,laneA_ps1_metrics.v1
yh.ng_f.logret_1d,missingness,MEASURED,"{""n_rows"": 71734, ""n_finite"": 71734, ""missing_fraction"": 0.0}",,laneA_ps1_metrics.v1
yh.ng_f.logret_1d,constant,MEASURED,"{""n_unique"": 2914, ""is_constant"": false, ""top_value_share"": 0.00540887166476148}",,laneA_ps1_metrics.v1
yh.ng_f.logret_1d,scale_tails,MEASURED,"{""mean"": 0.00013514784815940245, ""std"": 0.03545030357325094, ""min"": -0.300479754424231, ""max"": 0.3817267493869265, ""p001"": -0.18025609356038141, ""p01"": -0.10312716804338862, ""p05"": -0.05519610859856294, ""p25"": -0.01831242403928779, ""median"": 0.0002863070890393171, ""p75"": 0.018078258940585346, ""p95"": 0.05379447659219916, ""p99"": 0.09307774722337703, ""p999"": 0.15518248670118528, ""mad"": 0.01819507850829405, ""skew"": 0.09752885474487977, ""excess_kurtosis"": 8.356114896485163, ""tail_ratio_p99_mad"": 5.099809824510492, ""share_beyond_5mad"": 0.025566676889619985}",,laneA_ps1_metrics.v1
yh.ng_f.logret_1d,volatility,MEASURED,"{""std_first_diff"": 0.010667779832207786, ""rolling168_std_median"": 0.023869601421079453, ""vol_of_vol_cv"": 0.5956995128163672}",,laneA_ps1_metrics.v1
yh.ng_f.logret_1d,acf,MEASURED,"{""lag_1"": 0.9547229403385771, ""lag_6"": 0.7283146440279926, ""lag_24"": -0.04697101742546716, ""lag_120"": -0.04700742106520131, ""lag_168"": 0.0001649064409490754, ""lag_unit"": ""rows of the decision grid (1 row = 1 market hour; weekend gaps not filled)""}",,laneA_ps1_metrics.v1
yh.ng_f.logret_1d,trend,MEASURED,"{""ols_slope_per_year"": -0.00019439132544397624, ""slope_in_std_per_year"": -0.005483488316039538, ""ols_r"": -0.01295358208447326, ""kendall_tau_3000"": -0.0036193081802650576, ""kendall_p_3000"": 0.7663330473592811, ""caveat"": ""OLS p-value omitted: serial correlation makes it invalid""}",,laneA_ps1_metrics.v1
yh.ng_f.logret_1d,adf,MEASURED,"{""stat"": -20.675621680885197, ""pvalue"": 0.0, ""lags"": 24, ""nobs"": 19975, ""crit_5pct"": -2.8616847064863733, ""H0"": ""unit root"", ""regression"": ""c"", ""sample"": ""last 20000 finite TRAIN values (gaps compressed)""}",,laneA_ps1_metrics.v1
yh.ng_f.logret_1d,kpss,MEASURED,"{""stat"": 0.3354298013822682, ""pvalue"": 0.1, ""lags"": 81, ""H0"": ""level stationary"", ""pvalue_truncated_to_table"": true, ""sample"": ""last 20000 finite TRAIN values (gaps compressed)""}",,laneA_ps1_metrics.v1
yh.ng_f.logret_1d,seasonality,MEASURED,"{""eta2_hour_of_day"": 8.975150148481518e-06, ""eta2_day_of_week"": 0.000846504523342066, ""eta2_month"": 0.006273017188716824}",,laneA_ps1_metrics.v1
yh.ng_f.logret_1d,spectrum,MEASURED,"{""top_periods_rows"": [89.04347826086956, 341.3333333333333, 93.0909090909091], ""top_power_share"": [0.028286781550887877, 0.026271128600218532, 0.024596936219509397], ""spectral_entropy_norm"": 0.6693726269217718, ""zero_filled_fraction"": 0.0, ""method"": ""Welch nperseg<=2048 on demeaned rows""}",,laneA_ps1_metrics.v1
yh.ng_f.logret_1d,cost,MEASURED,"{""build_s"": 0.014329546249952892, ""profile_s"": 0.032360410999899614, ""bytes_float64"": 573872}",,laneA_ps1_metrics.v1
yh.ng_f.logret_5d,missingness,MEASURED,"{""n_rows"": 71734, ""n_finite"": 71734, ""missing_fraction"": 0.0}",,laneA_ps1_metrics.v1
yh.ng_f.logret_5d,constant,MEASURED,"{""n_unique"": 2929, ""is_constant"": false, ""top_value_share"": 0.0019655951152870326}",,laneA_ps1_metrics.v1
yh.ng_f.logret_5d,scale_tails,MEASURED,"{""mean"": 0.0005464064452734599, ""std"": 0.07439612973555457, ""min"": -0.33237728774062125, ""max"": 0.4994513109305605, ""p001"": -0.28599915703827206, ""p01"": -0.22274890718555818, ""p05"": -0.12034923258728325, ""p25"": -0.03976010105877248, ""median"": 0.001789184959053669, ""p75"": 0.04183696230144962, ""p95"": 0.12110215921253742, ""p99"": 0.19089330051892817, ""p999"": 0.28151258810395174, ""mad"": 0.04071389982422757, ""skew"": -0.12535509326109845, ""excess_kurtosis"": 2.2308503568331837, ""tail_ratio_p99_mad"": 4.644706509970448, ""share_beyond_5mad"": 0.01812250815512867}",,laneA_ps1_metrics.v1
yh.ng_f.logret_5d,volatility,MEASURED,"{""std_first_diff"": 0.01051723088012704, ""rolling168_std_median"": 0.035641688788732466, ""vol_of_vol_cv"": 0.6524899180398109}",,laneA_ps1_metrics.v1
yh.ng_f.logret_5d,acf,MEASURED,"{""lag_1"": 0.9900074522914077, ""lag_6"": 0.9400371755438062, ""lag_24"": 0.7623729254395106, ""lag_120"": -0.04340189981046404, ""lag_168"": -0.04198208890316662, ""lag_unit"": ""rows of the decision grid (1 row = 1 market hour; weekend gaps not filled)""}",,laneA_ps1_metrics.v1
yh.ng_f.logret_5d,trend,MEASURED,"{""ols_slope_per_year"": -0.0008417831404134277, ""slope_in_std_per_year"": -0.011314878118063339, ""ols_r"": -0.026729007892553155, ""kendall_tau_3000"": -0.011340644714544334, ""kendall_p_3000"": 0.3517658395712656, ""caveat"": ""OLS p-value omitted: serial correlation makes it invalid""}",,laneA_ps1_metrics.v1
yh.ng_f.logret_5d,adf,MEASURED,"{""stat"": -9.737766373175765, ""pvalue"": 8.657751868521806e-17, ""lags"": 24, ""nobs"": 19975, ""crit_5pct"": -2.8616847064863733, ""H0"": ""unit root"", ""regression"": ""c"", ""sample"": ""last 20000 finite TRAIN values (gaps compressed)""}",,laneA_ps1_metrics.v1
yh.ng_f.logret_5d,kpss,MEASURED,"{""stat"": 0.4867631105837582, ""pvalue"": 0.04464794806672113, ""lags"": 86, ""H0"": ""level stationary"", ""pvalue_truncated_to_table"": false, ""sample"": ""last 20000 finite TRAIN values (gaps compressed)""}",,laneA_ps1_metrics.v1
yh.ng_f.logret_5d,seasonality,MEASURED,"{""eta2_hour_of_day"": 2.782569577174512e-06, ""eta2_day_of_week"": 0.0001469366743883063, ""eta2_month"": 0.029455508346676342}",,laneA_ps1_metrics.v1
yh.ng_f.logret_5d,spectrum,MEASURED,"{""top_periods_rows"": [409.6, 1024.0, 2048.0], ""top_power_share"": [0.11055324189493033, 0.10458841593973439, 0.100490001937409], ""spectral_entropy_norm"": 0.4517937397814981, ""zero_filled_fraction"": 0.0, ""method"": ""Welch nperseg<=2048 on demeaned rows""}",,laneA_ps1_metrics.v1
yh.ng_f.logret_5d,cost,MEASURED,"{""build_s"": 0.014329546249952892, ""profile_s"": 0.03255220000028203, ""bytes_float64"": 573872}",,laneA_ps1_metrics.v1
yh.rb_f.logret_1d,missingness,MEASURED,"{""n_rows"": 71734, ""n_finite"": 71734, ""missing_fraction"": 0.0}",,laneA_ps1_metrics.v1
yh.rb_f.logret_1d,constant,MEASURED,"{""n_unique"": 2934, ""is_constant"": false, ""top_value_share"": 0.0010315889257534782}",,laneA_ps1_metrics.v1
yh.rb_f.logret_1d,scale_tails,MEASURED,"{""mean"": -5.38340696858602e-05, ""std"": 0.02791364117962834, ""min"": -0.38535165174740404, ""max"": 0.22396632453588428, ""p001"": -0.2267061747490187, ""p01"": -0.07820075030605222, ""p05"": -0.03931037279535132, ""p25"": -0.011981617636407482, ""median"": 0.00124465267749517, ""p75"": 0.01326270509799865, ""p95"": 0.03590409754934393, ""p99"": 0.0679963480689264, ""p999"": 0.19720976413669644, ""mad"": 0.012517097478786807, ""skew"": -1.640728409196946, ""excess_kurtosis"": 26.84696055752817, ""tail_ratio_p99_mad"": 5.332841379925164, ""share_beyond_5mad"": 0.026737669724259068}",,laneA_ps1_metrics.v1
yh.rb_f.logret_1d,volatility,MEASURED,"{""std_first_diff"": 0.008002698818721463, ""rolling168_std_median"": 0.017078665504132052, ""vol_of_vol_cv"": 0.7581180156559215}",,laneA_ps1_metrics.v1
yh.rb_f.logret_1d,acf,MEASURED,"{""lag_1"": 0.9589031734084431, ""lag_6"": 0.7534036719730944, ""lag_24"": 0.03466899593997984, ""lag_120"": 0.02899957461924471, ""lag_168"": 0.02377345985204585, ""lag_unit"": ""rows of the decision grid (1 row = 1 market hour; weekend gaps not filled)""}",,laneA_ps1_metrics.v1
yh.rb_f.logret_1d,trend,MEASURED,"{""ols_slope_per_year"": 0.00011673917980018415, ""slope_in_std_per_year"": 0.004182155206801956, ""ols_r"": 0.009879457680771283, ""kendall_tau_3000"": 0.028437708861252114, ""kendall_p_3000"": 0.01954357866503319, ""caveat"": ""OLS p-value omitted: serial correlation makes it invalid""}",,laneA_ps1_metrics.v1
yh.rb_f.logret_1d,adf,MEASURED,"{""stat"": -18.869035625904697, ""pvalue"": 0.0, ""lags"": 24, ""nobs"": 19975, ""crit_5pct"": -2.8616847064863733, ""H0"": ""unit root"", ""regression"": ""c"", ""sample"": ""last 20000 finite TRAIN values (gaps compressed)""}",,laneA_ps1_metrics.v1
yh.rb_f.logret_1d,kpss,MEASURED,"{""stat"": 0.35950562701489297, ""pvalue"": 0.09460964352806338, ""lags"": 83, ""H0"": ""level stationary"", ""pvalue_truncated_to_table"": false, ""sample"": ""last 20000 finite TRAIN values (gaps compressed)""}",,laneA_ps1_metrics.v1
yh.rb_f.logret_1d,seasonality,MEASURED,"{""eta2_hour_of_day"": 7.248263372890615e-06, ""eta2_day_of_week"": 0.005092457264159623, ""eta2_month"": 0.004771676178363472}",,laneA_ps1_metrics.v1
yh.rb_f.logret_1d,spectrum,MEASURED,"{""top_periods_rows"": [128.0, 81.92, 512.0], ""top_power_share"": [0.031902778644396036, 0.028291110528966185, 0.028035612656079113], ""spectral_entropy_norm"": 0.6562555574098841, ""zero_filled_fraction"": 0.0, ""method"": ""Welch nperseg<=2048 on demeaned rows""}",,laneA_ps1_metrics.v1
yh.rb_f.logret_1d,cost,MEASURED,"{""build_s"": 0.014329546249952892, ""profile_s"": 0.032286893000673444, ""bytes_float64"": 573872}",,laneA_ps1_metrics.v1
yh.rb_f.logret_5d,missingness,MEASURED,"{""n_rows"": 71734, ""n_finite"": 71734, ""missing_fraction"": 0.0}",,laneA_ps1_metrics.v1
yh.rb_f.logret_5d,constant,MEASURED,"{""n_unique"": 2934, ""is_constant"": false, ""top_value_share"": 0.0010315889257534782}",,laneA_ps1_metrics.v1
yh.rb_f.logret_5d,scale_tails,MEASURED,"{""mean"": -0.0005773685001313152, ""std"": 0.06115142031621058, ""min"": -0.5545174917431746, ""max"": 0.35192839876512017, ""p001"": -0.4995138614587459, ""p01"": -0.1549242495053924, ""p05"": -0.08757476410239584, ""p25"": -0.029875563225652657, ""median"": 0.0009453507028350794, ""p75"": 0.031942439835961345, ""p95"": 0.08325521520034429, ""p99"": 0.15202175547138408, ""p999"": 0.29158054714631265, ""mad"": 0.030843577509730435, ""skew"": -1.2336110094378583, ""excess_kurtosis"": 13.426196218681461, ""tail_ratio_p99_mad"": 4.898147911696945, ""share_beyond_5mad"": 0.020241447570189867}",,laneA_ps1_metrics.v1
yh.rb_f.logret_5d,volatility,MEASURED,"{""std_first_diff"": 0.007803923887354487, ""rolling168_std_median"": 0.02570330192491603, ""vol_of_vol_cv"": 0.7363094712701074}",,laneA_ps1_metrics.v1
yh.rb_f.logret_5d,acf,MEASURED,"{""lag_1"": 0.9918570980571685, ""lag_6"": 0.9511397602766238, ""lag_24"": 0.8050567453330306, ""lag_120"": 0.0979982652960777, ""lag_168"": 0.046381405065015244, ""lag_unit"": ""rows of the decision grid (1 row = 1 market hour; weekend gaps not filled)""}",,laneA_ps1_metrics.v1
yh.rb_f.logret_5d,trend,MEASURED,"{""ols_slope_per_year"": 0.000651638747842471, ""slope_in_std_per_year"": 0.01065615065803678, ""ols_r"": 0.025172903505535218, ""kendall_tau_3000"": 0.03612839462059452, ""kendall_p_3000"": 0.003012369231111035, ""caveat"": ""OLS p-value omitted: serial correlation makes it invalid""}",,laneA_ps1_metrics.v1
yh.rb_f.logret_5d,adf,MEASURED,"{""stat"": -10.606856243348636, ""pvalue"": 5.971869018251884e-19, ""lags"": 24, ""nobs"": 19975, ""crit_5pct"": -2.8616847064863733, ""H0"": ""unit root"", ""regression"": ""c"", ""sample"": ""last 20000 finite TRAIN values (gaps compressed)""}",,laneA_ps1_metrics.v1
yh.rb_f.logret_5d,kpss,MEASURED,"{""stat"": 0.5054450779074557, ""pvalue"": 0.04044029776859105, ""lags"": 86, ""H0"": ""level stationary"", ""pvalue_truncated_to_table"": false, ""sample"": ""last 20000 finite TRAIN values (gaps compressed)""}",,laneA_ps1_metrics.v1
yh.rb_f.logret_5d,seasonality,MEASURED,"{""eta2_hour_of_day"": 1.8425166405801913e-06, ""eta2_day_of_week"": 8.136659434472287e-05, ""eta2_month"": 0.01879765802703881}",,laneA_ps1_metrics.v1
yh.rb_f.logret_5d,spectrum,MEASURED,"{""top_periods_rows"": [682.6666666666666, 512.0, 2048.0], ""top_power_share"": [0.13072226707753248, 0.1303948141884031, 0.12736680225632221], ""spectral_entropy_norm"": 0.428222889659024, ""zero_filled_fraction"": 0.0, ""method"": ""Welch nperseg<=2048 on demeaned rows""}",,laneA_ps1_metrics.v1
yh.rb_f.logret_5d,cost,MEASURED,"{""build_s"": 0.014329546249952892, ""profile_s"": 0.032781380000415083, ""bytes_float64"": 573872}",,laneA_ps1_metrics.v1
yh.gc_f.logret_1d,missingness,MEASURED,"{""n_rows"": 71734, ""n_finite"": 71734, ""missing_fraction"": 0.0}",,laneA_ps1_metrics.v1
yh.gc_f.logret_1d,constant,MEASURED,"{""n_unique"": 2917, ""is_constant"": false, ""top_value_share"": 0.004391223129896562}",,laneA_ps1_metrics.v1
yh.gc_f.logret_1d,scale_tails,MEASURED,"{""mean"": 0.0001175729034861451, ""std"": 0.00972284545877416, ""min"": -0.09820579166610166, ""max"": 0.05777508425392419, ""p001"": -0.047416352203101475, ""p01"": -0.025436025795696367, ""p05"": -0.015970681578292734, ""p25"": -0.0044634074749696495, ""median"": 0.00015787362465857768, ""p75"": 0.005089088772621153, ""p95"": 0.015009996047209206, ""p99"": 0.026127822516268218, ""p999"": 0.045568126625119554, ""mad"": 0.004780908274023332, ""skew"": -0.4250392596979423, ""excess_kurtosis"": 7.026434191063849, ""tail_ratio_p99_mad"": 5.432011534861524, ""share_beyond_5mad"": 0.025036942035854687}",,laneA_ps1_metrics.v1
yh.gc_f.logret_1d,volatility,MEASURED,"{""std_first_diff"": 0.0028488486987918085, ""rolling168_std_median"": 0.0073140352289870385, ""vol_of_vol_cv"": 0.4978546885165116}",,laneA_ps1_metrics.v1
yh.gc_f.logret_1d,acf,MEASURED,"{""lag_1"": 0.9570743910290995, ""lag_6"": 0.7424576141906014, ""lag_24"": -0.0005313296484638556, ""lag_120"": 0.006125842665495546, ""lag_168"": -0.01866595627199191, ""lag_unit"": ""rows of the decision grid (1 row = 1 market hour; weekend gaps not filled)""}",,laneA_ps1_metrics.v1
yh.gc_f.logret_1d,trend,MEASURED,"{""ols_slope_per_year"": 0.00012351773227598008, ""slope_in_std_per_year"": 0.01270386666122666, ""ols_r"": 0.030010199730899963, ""kendall_tau_3000"": 0.028764307219078904, ""kendall_p_3000"": 0.018186829271605004, ""caveat"": ""OLS p-value omitted: serial correlation makes it invalid""}",,laneA_ps1_metrics.v1
yh.gc_f.logret_1d,adf,MEASURED,"{""stat"": -20.268310126567638, ""pvalue"": 0.0, ""lags"": 24, ""nobs"": 19975, ""crit_5pct"": -2.8616847064863733, ""H0"": ""unit root"", ""regression"": ""c"", ""sample"": ""last 20000 finite TRAIN values (gaps compressed)""}",,laneA_ps1_metrics.v1
yh.gc_f.logret_1d,kpss,MEASURED,"{""stat"": 0.147983606675721, ""pvalue"": 0.1, ""lags"": 82, ""H0"": ""level stationary"", ""pvalue_truncated_to_table"": true, ""sample"": ""last 20000 finite TRAIN values (gaps compressed)""}",,laneA_ps1_metrics.v1
yh.gc_f.logret_1d,seasonality,MEASURED,"{""eta2_hour_of_day"": 2.2083814646273444e-06, ""eta2_day_of_week"": 0.0004549058542200061, ""eta2_month"": 0.004637447889086803}",,laneA_ps1_metrics.v1
yh.gc_f.logret_1d,spectrum,MEASURED,"{""top_periods_rows"": [292.57142857142856, 341.3333333333333, 682.6666666666666], ""top_power_share"": [0.029808252034878555, 0.028326441855336466, 0.026115063152106013], ""spectral_entropy_norm"": 0.6626181497770169, ""zero_filled_fraction"": 0.0, ""method"": ""Welch nperseg<=2048 on demeaned rows""}",,laneA_ps1_metrics.v1
yh.gc_f.logret_1d,cost,MEASURED,"{""build_s"": 0.014329546249952892, ""profile_s"": 0.032751934000771143, ""bytes_float64"": 573872}",,laneA_ps1_metrics.v1
yh.gc_f.logret_5d,missingness,MEASURED,"{""n_rows"": 71734, ""n_finite"": 71734, ""missing_fraction"": 0.0}",,laneA_ps1_metrics.v1
yh.gc_f.logret_5d,constant,MEASURED,"{""n_unique"": 2930, ""is_constant"": false, ""top_value_share"": 0.0013103967435246883}",,laneA_ps1_metrics.v1
yh.gc_f.logret_5d,scale_tails,MEASURED,"{""mean"": 0.00044554748564823264, ""std"": 0.021294316154792572, ""min"": -0.14442293302179188, ""max"": 0.10974019971186166, ""p001"": -0.11960746790835085, ""p01"": -0.052523747977685886, ""p05"": -0.03421504529711239, ""p25"": -0.011666375322096023, ""median"": 0.0011574969209551256, ""p75"": 0.013080985447573745, ""p95"": 0.03266739259089135, ""p99"": 0.05212568093738934, ""p999"": 0.0850091974787075, ""mad"": 0.012440103944277858, ""skew"": -0.4357422283668438, ""excess_kurtosis"": 3.3365715490667576, ""tail_ratio_p99_mad"": 4.0970866678230875, ""share_beyond_5mad"": 0.010343770039311903}",,laneA_ps1_metrics.v1
yh.gc_f.logret_5d,volatility,MEASURED,"{""std_first_diff"": 0.002789119768371759, ""rolling168_std_median"": 0.01090647482010955, ""vol_of_vol_cv"": 0.605042648543784}",,laneA_ps1_metrics.v1
yh.gc_f.logret_5d,acf,MEASURED,"{""lag_1"": 0.9914222071620565, ""lag_6"": 0.9485313508220786, ""lag_24"": 0.7947685438730344, ""lag_120"": -0.009748515374038197, ""lag_168"": -0.042653520243282894, ""lag_unit"": ""rows of the decision grid (1 row = 1 market hour; weekend gaps not filled)""}",,laneA_ps1_metrics.v1
yh.gc_f.logret_5d,trend,MEASURED,"{""ols_slope_per_year"": 0.0005451532559521881, ""slope_in_std_per_year"": 0.02560088109847538, ""ols_r"": 0.060476670256399204, ""kendall_tau_3000"": 0.03404457849107481, ""kendall_p_3000"": 0.005184025216126595, ""caveat"": ""OLS p-value omitted: serial correlation makes it invalid""}",,laneA_ps1_metrics.v1
yh.gc_f.logret_5d,adf,MEASURED,"{""stat"": -9.809681902253717, ""pvalue"": 5.700966267262886e-17, ""lags"": 24, ""nobs"": 19975, ""crit_5pct"": -2.8616847064863733, ""H0"": ""unit root"", ""regression"": ""c"", ""sample"": ""last 20000 finite TRAIN values (gaps compressed)""}",,laneA_ps1_metrics.v1
yh.gc_f.logret_5d,kpss,MEASURED,"{""stat"": 0.23004301561339716, ""pvalue"": 0.1, ""lags"": 86, ""H0"": ""level stationary"", ""pvalue_truncated_to_table"": true, ""sample"": ""last 20000 finite TRAIN values (gaps compressed)""}",,laneA_ps1_metrics.v1
yh.gc_f.logret_5d,seasonality,MEASURED,"{""eta2_hour_of_day"": 3.1062194523253846e-06, ""eta2_day_of_week"": 4.88567478135978e-05, ""eta2_month"": 0.026913304185575092}",,laneA_ps1_metrics.v1
yh.gc_f.logret_5d,spectrum,MEASURED,"{""top_periods_rows"": [682.6666666666666, 1024.0, 341.3333333333333], ""top_power_share"": [0.13217658832181525, 0.13037828775741814, 0.0972530271622666], ""spectral_entropy_norm"": 0.4315471767485021, ""zero_filled_fraction"": 0.0, ""method"": ""Welch nperseg<=2048 on demeaned rows""}",,laneA_ps1_metrics.v1
yh.gc_f.logret_5d,cost,MEASURED,"{""build_s"": 0.014329546249952892, ""profile_s"": 0.03297422099967662, ""bytes_float64"": 573872}",,laneA_ps1_metrics.v1
yh.pa_f.logret_1d,missingness,MEASURED,"{""n_rows"": 71734, ""n_finite"": 71734, ""missing_fraction"": 0.0}",,laneA_ps1_metrics.v1
yh.pa_f.logret_1d,constant,MEASURED,"{""n_unique"": 2931, ""is_constant"": false, ""top_value_share"": 0.0010315889257534782}",,laneA_ps1_metrics.v1
yh.pa_f.logret_1d,scale_tails,MEASURED,"{""mean"": 0.0003259763839118376, ""std"": 0.021875236315953017, ""min"": -0.23399920786415862, ""max"": 0.22597935103217637, ""p001"": -0.12823419609081854, ""p01"": -0.059686910218371914, ""p05"": -0.0342240302911998, ""p25"": -0.010900766114827487, ""median"": 0.0013472076421123802, ""p75"": 0.01175961511355883, ""p95"": 0.03127843369305783, ""p99"": 0.05232294579272523, ""p999"": 0.10480527804306572, ""mad"": 0.011240229912072408, ""skew"": -0.32519209445821656, ""excess_kurtosis"": 12.474758288102239, ""tail_ratio_p99_mad"": 4.535115255593045, ""share_beyond_5mad"": 0.020785122814843727}",,laneA_ps1_metrics.v1
yh.pa_f.logret_1d,volatility,MEASURED,"{""std_first_diff"": 0.006086846492949679, ""rolling168_std_median"": 0.015220946030164837, ""vol_of_vol_cv"": 0.5792713105674524}",,laneA_ps1_metrics.v1
yh.pa_f.logret_1d,acf,MEASURED,"{""lag_1"": 0.9612881632782492, ""lag_6"": 0.7677308312694868, ""lag_24"": 0.0927052785060244, ""lag_120"": -0.0163346527121098, ""lag_168"": -0.049509165561634996, ""lag_unit"": ""rows of the decision grid (1 row = 1 market hour; weekend gaps not filled)""}",,laneA_ps1_metrics.v1
yh.pa_f.logret_1d,trend,MEASURED,"{""ols_slope_per_year"": -0.00010374010610834092, ""slope_in_std_per_year"": -0.004742353618949756, ""ols_r"": -0.011202808018570341, ""kendall_tau_3000"": 0.001111499642132319, ""kendall_p_3000"": 0.9272825883113598, ""caveat"": ""OLS p-value omitted: serial correlation makes it invalid""}",,laneA_ps1_metrics.v1
yh.pa_f.logret_1d,adf,MEASURED,"{""stat"": -18.688110778108584, ""pvalue"": 2.0400672836213855e-30, ""lags"": 24, ""nobs"": 19975, ""crit_5pct"": -2.8616847064863733, ""H0"": ""unit root"", ""regression"": ""c"", ""sample"": ""last 20000 finite TRAIN values (gaps compressed)""}",,laneA_ps1_metrics.v1
yh.pa_f.logret_1d,kpss,MEASURED,"{""stat"": 0.11139980606291491, ""pvalue"": 0.1, ""lags"": 82, ""H0"": ""level stationary"", ""pvalue_truncated_to_table"": true, ""sample"": ""last 20000 finite TRAIN values (gaps compressed)""}",,laneA_ps1_metrics.v1
yh.pa_f.logret_1d,seasonality,MEASURED,"{""eta2_hour_of_day"": 3.2177423333311796e-06, ""eta2_day_of_week"": 0.000140201270054524, ""eta2_month"": 0.0032709917991324234}",,laneA_ps1_metrics.v1
yh.pa_f.logret_1d,spectrum,MEASURED,"{""top_periods_rows"": [292.57142857142856, 341.3333333333333, 682.6666666666666], ""top_power_share"": [0.03874031452551766, 0.03850027770762641, 0.0325736911276453], ""spectral_entropy_norm"": 0.6477641451372008, ""zero_filled_fraction"": 0.0, ""method"": ""Welch nperseg<=2048 on demeaned rows""}",,laneA_ps1_metrics.v1
yh.pa_f.logret_1d,cost,MEASURED,"{""build_s"": 0.014329546249952892, ""profile_s"": 0.0327623040002436, ""bytes_float64"": 573872}",,laneA_ps1_metrics.v1
yh.pa_f.logret_5d,missingness,MEASURED,"{""n_rows"": 71734, ""n_finite"": 71734, ""missing_fraction"": 0.0}",,laneA_ps1_metrics.v1
yh.pa_f.logret_5d,constant,MEASURED,"{""n_unique"": 2932, ""is_constant"": false, ""top_value_share"": 0.0010315889257534782}",,laneA_ps1_metrics.v1
yh.pa_f.logret_5d,scale_tails,MEASURED,"{""mean"": 0.0013688457579484688, ""std"": 0.051568445738217464, ""min"": -0.46763758371607, ""max"": 0.4516715350707541, ""p001"": -0.44360464271302913, ""p01"": -0.13409639323518618, ""p05"": -0.07771373537970394, ""p25"": -0.023106995909569328, ""median"": 0.004312387212793922, ""p75"": 0.0280476648221466, ""p95"": 0.07181813242656254, ""p99"": 0.12288806616929104, ""p999"": 0.33840577779863423, ""mad"": 0.02552956841048104, ""skew"": -0.4822901518197011, ""excess_kurtosis"": 12.940893100528134, ""tail_ratio_p99_mad"": 4.64464095318652, ""share_beyond_5mad"": 0.023628962556110075}",,laneA_ps1_metrics.v1
yh.pa_f.logret_5d,volatility,MEASURED,"{""std_first_diff"": 0.006406461261258453, ""rolling168_std_median"": 0.021913969224485273, ""vol_of_vol_cv"": 0.7872814412186886}",,laneA_ps1_metrics.v1
yh.pa_f.logret_5d,acf,MEASURED,"{""lag_1"": 0.99228318185412, ""lag_6"": 0.9536959928581041, ""lag_24"": 0.8122060812377332, ""lag_120"": -0.05274129567547623, ""lag_168"": -0.14223806339406372, ""lag_unit"": ""rows of the decision grid (1 row = 1 market hour; weekend gaps not filled)""}",,laneA_ps1_metrics.v1
yh.pa_f.logret_5d,trend,MEASURED,"{""ols_slope_per_year"": -0.0004446248753503754, ""slope_in_std_per_year"": -0.008622033667787337, ""ols_r"": -0.020367732073776165, ""kendall_tau_3000"": -0.009346599451799676, ""kendall_p_3000"": 0.44281909001080666, ""caveat"": ""OLS p-value omitted: serial correlation makes it invalid""}",,laneA_ps1_metrics.v1
yh.pa_f.logret_5d,adf,MEASURED,"{""stat"": -10.48446944598605, ""pvalue"": 1.1902373459618148e-18, ""lags"": 24, ""nobs"": 19975, ""crit_5pct"": -2.8616847064863733, ""H0"": ""unit root"", ""regression"": ""c"", ""sample"": ""last 20000 finite TRAIN values (gaps compressed)""}",,laneA_ps1_metrics.v1
yh.pa_f.logret_5d,kpss,MEASURED,"{""stat"": 0.17103596795259596, ""pvalue"": 0.1, ""lags"": 86, ""H0"": ""level stationary"", ""pvalue_truncated_to_table"": true, ""sample"": ""last 20000 finite TRAIN values (gaps compressed)""}",,laneA_ps1_metrics.v1
yh.pa_f.logret_5d,seasonality,MEASURED,"{""eta2_hour_of_day"": 5.7866911192986415e-06, ""eta2_day_of_week"": 2.1221127701951612e-05, ""eta2_month"": 0.010741705202179225}",,laneA_ps1_metrics.v1
yh.pa_f.logret_5d,spectrum,MEASURED,"{""top_periods_rows"": [682.6666666666666, 341.3333333333333, 512.0], ""top_power_share"": [0.1373858615344602, 0.115026659480815, 0.11338264410681279], ""spectral_entropy_norm"": 0.4196241981641537, ""zero_filled_fraction"": 0.0, ""method"": ""Welch nperseg<=2048 on demeaned rows""}",,laneA_ps1_metrics.v1
yh.pa_f.logret_5d,cost,MEASURED,"{""build_s"": 0.014329546249952892, ""profile_s"": 0.032705036999686854, ""bytes_float64"": 573872}",,laneA_ps1_metrics.v1
yh.pl_f.logret_1d,missingness,MEASURED,"{""n_rows"": 71734, ""n_finite"": 71734, ""missing_fraction"": 0.0}",,laneA_ps1_metrics.v1
yh.pl_f.logret_1d,constant,MEASURED,"{""n_unique"": 2924, ""is_constant"": false, ""top_value_share"": 0.00270443583238074}",,laneA_ps1_metrics.v1
yh.pl_f.logret_1d,scale_tails,MEASURED,"{""mean"": -0.00010810894385490624, ""std"": 0.01599709583217165, ""min"": -0.12346873293238847, ""max"": 0.11176230864867165, ""p001"": -0.07902798496586083, ""p01"": -0.04253710782218345, ""p05"": -0.024560530945705317, ""p25"": -0.009266413271943108, ""median"": 0.0002167684098663969, ""p75"": 0.008803440898255133, ""p95"": 0.02496797943581175, ""p99"": 0.04238664369636869, ""p999"": 0.06404377786312218, ""mad"": 0.008944903528133707, ""skew"": -0.1652874069978171, ""excess_kurtosis"": 4.159740872288351, ""tail_ratio_p99_mad"": 4.714402469950477, ""share_beyond_5mad"": 0.013968271670337637}",,laneA_ps1_metrics.v1
yh.pl_f.logret_1d,volatility,MEASURED,"{""std_first_diff"": 0.00459117132693364, ""rolling168_std_median"": 0.012155488798282009, ""vol_of_vol_cv"": 0.4826604947920075}",,laneA_ps1_metrics.v1
yh.pl_f.logret_1d,acf,MEASURED,"{""lag_1"": 0.9588159198097473, ""lag_6"": 0.7528915137864163, ""lag_24"": 0.037980111502321195, ""lag_120"": -0.030587337433433396, ""lag_168"": -0.03751665720273498, ""lag_unit"": ""rows of the decision grid (1 row = 1 market hour; weekend gaps not filled)""}",,laneA_ps1_metrics.v1
yh.pl_f.logret_1d,trend,MEASURED,"{""ols_slope_per_year"": 0.0001174412706355619, ""slope_in_std_per_year"": 0.007341411957999061, ""ols_r"": 0.017342533973439534, ""kendall_tau_3000"": 0.018169518898172744, ""kendall_p_3000"": 0.13573081962249658, ""caveat"": ""OLS p-value omitted: serial correlation makes it invalid""}",,laneA_ps1_metrics.v1
yh.pl_f.logret_1d,adf,MEASURED,"{""stat"": -18.96603978504946, ""pvalue"": 0.0, ""lags"": 24, ""nobs"": 19975, ""crit_5pct"": -2.8616847064863733, ""H0"": ""unit root"", ""regression"": ""c"", ""sample"": ""last 20000 finite TRAIN values (gaps compressed)""}",,laneA_ps1_metrics.v1
yh.pl_f.logret_1d,kpss,MEASURED,"{""stat"": 0.05427536859968216, ""pvalue"": 0.1, ""lags"": 82, ""H0"": ""level stationary"", ""pvalue_truncated_to_table"": true, ""sample"": ""last 20000 finite TRAIN values (gaps compressed)""}",,laneA_ps1_metrics.v1
yh.pl_f.logret_1d,seasonality,MEASURED,"{""eta2_hour_of_day"": 5.829861279867031e-06, ""eta2_day_of_week"": 0.0007721045526564546, ""eta2_month"": 0.005453074788409626}",,laneA_ps1_metrics.v1
yh.pl_f.logret_1d,spectrum,MEASURED,"{""top_periods_rows"": [341.3333333333333, 292.57142857142856, 409.6], ""top_power_share"": [0.038344258938392245, 0.03661381696708203, 0.02943529738684312], ""spectral_entropy_norm"": 0.6558938425684852, ""zero_filled_fraction"": 0.0, ""method"": ""Welch nperseg<=2048 on demeaned rows""}",,laneA_ps1_metrics.v1
yh.pl_f.logret_1d,cost,MEASURED,"{""build_s"": 0.014329546249952892, ""profile_s"": 0.03225660600037372, ""bytes_float64"": 573872}",,laneA_ps1_metrics.v1
yh.pl_f.logret_5d,missingness,MEASURED,"{""n_rows"": 71734, ""n_finite"": 71734, ""missing_fraction"": 0.0}",,laneA_ps1_metrics.v1
yh.pl_f.logret_5d,constant,MEASURED,"{""n_unique"": 2930, ""is_constant"": false, ""top_value_share"": 0.0010315889257534782}",,laneA_ps1_metrics.v1
yh.pl_f.logret_5d,scale_tails,MEASURED,"{""mean"": -0.0006645159836206536, ""std"": 0.0366222975231458, ""min"": -0.3616452168849067, ""max"": 0.21251498346633735, ""p001"": -0.26788317119599014, ""p01"": -0.08770148482770246, ""p05"": -0.05437674254234448, ""p25"": -0.021837475827642727, ""median"": -0.001181579696173607, ""p75"": 0.01992884916387716, ""p95"": 0.056814174361044835, ""p99"": 0.09132711003053107, ""p999"": 0.17435342642094032, ""mad"": 0.020932938606898155, ""skew"": -0.4504580772232484, ""excess_kurtosis"": 7.62275762927821, ""tail_ratio_p99_mad"": 4.419288254933291, ""share_beyond_5mad"": 0.013396715643906655}",,laneA_ps1_metrics.v1
yh.pl_f.logret_5d,volatility,MEASURED,"{""std_first_diff"": 0.004696923087270254, ""rolling168_std_median"": 0.018083129568339913, ""vol_of_vol_cv"": 0.6595991641342801}",,laneA_ps1_metrics.v1
yh.pl_f.logret_5d,acf,MEASURED,"{""lag_1"": 0.9917756225480869, ""lag_6"": 0.9506525835008178, ""lag_24"": 0.8030478565262543, ""lag_120"": -0.07100796270487778, ""lag_168"": -0.1276588279484296, ""lag_unit"": ""rows of the decision grid (1 row = 1 market hour; weekend gaps not filled)""}",,laneA_ps1_metrics.v1
yh.pl_f.logret_5d,trend,MEASURED,"{""ols_slope_per_year"": 0.000434947116712241, ""slope_in_std_per_year"": 0.011876565538722642, ""ols_r"": 0.028055875698224233, ""kendall_tau_3000"": 0.023363502774587704, ""kendall_p_3000"": 0.055065731510056094, ""caveat"": ""OLS p-value omitted: serial correlation makes it invalid""}",,laneA_ps1_metrics.v1
yh.pl_f.logret_5d,adf,MEASURED,"{""stat"": -10.3613872074794, ""pvalue"": 2.3914315850505476e-18, ""lags"": 24, ""nobs"": 19975, ""crit_5pct"": -2.8616847064863733, ""H0"": ""unit root"", ""regression"": ""c"", ""sample"": ""last 20000 finite TRAIN values (gaps compressed)""}",,laneA_ps1_metrics.v1
yh.pl_f.logret_5d,kpss,MEASURED,"{""stat"": 0.08988461513309993, ""pvalue"": 0.1, ""lags"": 86, ""H0"": ""level stationary"", ""pvalue_truncated_to_table"": true, ""sample"": ""last 20000 finite TRAIN values (gaps compressed)""}",,laneA_ps1_metrics.v1
yh.pl_f.logret_5d,seasonality,MEASURED,"{""eta2_hour_of_day"": 1.315382829568162e-06, ""eta2_day_of_week"": 2.325131719527696e-05, ""eta2_month"": 0.026171675742120874}",,laneA_ps1_metrics.v1
yh.pl_f.logret_5d,spectrum,MEASURED,"{""top_periods_rows"": [341.3333333333333, 1024.0, 409.6], ""top_power_share"": [0.12339449287216075, 0.11755794893934779, 0.10424243625019278], ""spectral_entropy_norm"": 0.42472240183608184, ""zero_filled_fraction"": 0.0, ""method"": ""Welch nperseg<=2048 on demeaned rows""}",,laneA_ps1_metrics.v1
yh.pl_f.logret_5d,cost,MEASURED,"{""build_s"": 0.014329546249952892, ""profile_s"": 0.03268044000014925, ""bytes_float64"": 573872}",,laneA_ps1_metrics.v1
yh.si_f.logret_1d,missingness,MEASURED,"{""n_rows"": 71734, ""n_finite"": 71734, ""missing_fraction"": 0.0}",,laneA_ps1_metrics.v1
yh.si_f.logret_1d,constant,MEASURED,"{""n_unique"": 2926, ""is_constant"": false, ""top_value_share"": 0.0026626146597150584}",,laneA_ps1_metrics.v1
yh.si_f.logret_1d,scale_tails,MEASURED,"{""mean"": 2.5040614097579016e-05, ""std"": 0.017959678323591258, ""min"": -0.1238542766398778, ""max"": 0.0888003967879949, ""p001"": -0.11034703357822588, ""p01"": -0.04976677518355954, ""p05"": -0.027209061241177057, ""p25"": -0.00847778079953887, ""median"": 4.7668934528122264e-05, ""p75"": 0.008428876356138648, ""p95"": 0.028561260552987466, ""p99"": 0.05047495633100807, ""p999"": 0.07317313540883541, ""mad"": 0.008421017037646639, ""skew"": -0.46734824028593247, ""excess_kurtosis"": 5.780560622227146, ""tail_ratio_p99_mad"": 5.9882656894104205, ""share_beyond_5mad"": 0.03850335963420414}",,laneA_ps1_metrics.v1
yh.si_f.logret_1d,volatility,MEASURED,"{""std_first_diff"": 0.005273779254143128, ""rolling168_std_median"": 0.01311895820530668, ""vol_of_vol_cv"": 0.5372960220006351}",,laneA_ps1_metrics.v1
yh.si_f.logret_1d,acf,MEASURED,"{""lag_1"": 0.9568865149184779, ""lag_6"": 0.7413382348764429, ""lag_24"": -0.009676207887743387, ""lag_120"": -0.004866492387513897, ""lag_168"": -0.019035147537661078, ""lag_unit"": ""rows of the decision grid (1 row = 1 market hour; weekend gaps not filled)""}",,laneA_ps1_metrics.v1
yh.si_f.logret_1d,trend,MEASURED,"{""ols_slope_per_year"": 0.00014807394231981845, ""slope_in_std_per_year"": 0.008244799247061863, ""ols_r"": 0.01947659549203809, ""kendall_tau_3000"": 0.015182015799641391, ""kendall_p_3000"": 0.21255190090764065, ""caveat"": ""OLS p-value omitted: serial correlation makes it invalid""}",,laneA_ps1_metrics.v1
yh.si_f.logret_1d,adf,MEASURED,"{""stat"": -19.54273586867809, ""pvalue"": 0.0, ""lags"": 24, ""nobs"": 19975, ""crit_5pct"": -2.8616847064863733, ""H0"": ""unit root"", ""regression"": ""c"", ""sample"": ""last 20000 finite TRAIN values (gaps compressed)""}",,laneA_ps1_metrics.v1
yh.si_f.logret_1d,kpss,MEASURED,"{""stat"": 0.05088191782730301, ""pvalue"": 0.1, ""lags"": 82, ""H0"": ""level stationary"", ""pvalue_truncated_to_table"": true, ""sample"": ""last 20000 finite TRAIN values (gaps compressed)""}",,laneA_ps1_metrics.v1
yh.si_f.logret_1d,seasonality,MEASURED,"{""eta2_hour_of_day"": 4.465514662591684e-06, ""eta2_day_of_week"": 0.0009558644939902307, ""eta2_month"": 0.0034039106155193902}",,laneA_ps1_metrics.v1
yh.si_f.logret_1d,spectrum,MEASURED,"{""top_periods_rows"": [292.57142857142856, 1024.0, 341.3333333333333], ""top_power_share"": [0.02961282665759313, 0.029358852147122402, 0.02737196879515588], ""spectral_entropy_norm"": 0.6619397028809741, ""zero_filled_fraction"": 0.0, ""method"": ""Welch nperseg<=2048 on demeaned rows""}",,laneA_ps1_metrics.v1
yh.si_f.logret_1d,cost,MEASURED,"{""build_s"": 0.014329546249952892, ""profile_s"": 0.03277883499958989, ""bytes_float64"": 573872}",,laneA_ps1_metrics.v1
yh.si_f.logret_5d,missingness,MEASURED,"{""n_rows"": 71734, ""n_finite"": 71734, ""missing_fraction"": 0.0}",,laneA_ps1_metrics.v1
yh.si_f.logret_5d,constant,MEASURED,"{""n_unique"": 2932, ""is_constant"": false, ""top_value_share"": 0.0010315889257534782}",,laneA_ps1_metrics.v1
yh.si_f.logret_5d,scale_tails,MEASURED,"{""mean"": -0.0002405661011214476, ""std"": 0.03955374060780609, ""min"": -0.3545679457751598, ""max"": 0.23454825372297883, ""p001"": -0.27954733380046326, ""p01"": -0.09934279097795518, ""p05"": -0.06158225566682729, ""p25"": -0.02031082231012471, ""median"": 0.00011081086052167066, ""p75"": 0.02078833135613334, ""p95"": 0.061166784166792, ""p99"": 0.1000148848400455, ""p999"": 0.19080003391550449, ""mad"": 0.02062141331834111, ""skew"": -0.4670879224126735, ""excess_kurtosis"": 6.934043532136986, ""tail_ratio_p99_mad"": 4.844676377766363, ""share_beyond_5mad"": 0.017467309783366327}",,laneA_ps1_metrics.v1
yh.si_f.logret_5d,volatility,MEASURED,"{""std_first_diff"": 0.005148438558827012, ""rolling168_std_median"": 0.01895737024201431, ""vol_of_vol_cv"": 0.6709401241670768}",,laneA_ps1_metrics.v1
yh.si_f.logret_5d,acf,MEASURED,"{""lag_1"": 0.9915288877502917, ""lag_6"": 0.9491769741794743, ""lag_24"": 0.7966478726357491, ""lag_120"": -0.012943219045648012, ""lag_168"": -0.036691877673930715, ""lag_unit"": ""rows of the decision grid (1 row = 1 market hour; weekend gaps not filled)""}",,laneA_ps1_metrics.v1
yh.si_f.logret_5d,trend,MEASURED,"{""ols_slope_per_year"": 0.000730162083389342, ""slope_in_std_per_year"": 0.018460000803191837, ""ols_r"": 0.04360784994911689, ""kendall_tau_3000"": 0.0413860130747556, ""kendall_p_3000"": 0.0006783794097370372, ""caveat"": ""OLS p-value omitted: serial correlation makes it invalid""}",,laneA_ps1_metrics.v1
yh.si_f.logret_5d,adf,MEASURED,"{""stat"": -9.73679084090162, ""pvalue"": 8.70701209160457e-17, ""lags"": 24, ""nobs"": 19975, ""crit_5pct"": -2.8616847064863733, ""H0"": ""unit root"", ""regression"": ""c"", ""sample"": ""last 20000 finite TRAIN values (gaps compressed)""}",,laneA_ps1_metrics.v1
yh.si_f.logret_5d,kpss,MEASURED,"{""stat"": 0.07914553816110259, ""pvalue"": 0.1, ""lags"": 86, ""H0"": ""level stationary"", ""pvalue_truncated_to_table"": true, ""sample"": ""last 20000 finite TRAIN values (gaps compressed)""}",,laneA_ps1_metrics.v1
yh.si_f.logret_5d,seasonality,MEASURED,"{""eta2_hour_of_day"": 3.117668784820699e-06, ""eta2_day_of_week"": 5.1781108951041776e-05, ""eta2_month"": 0.015137732819421195}",,laneA_ps1_metrics.v1
yh.si_f.logret_5d,spectrum,MEASURED,"{""top_periods_rows"": [1024.0, 682.6666666666666, 341.3333333333333], ""top_power_share"": [0.1384294254767497, 0.12388723647132155, 0.09270925842922856], ""spectral_entropy_norm"": 0.4305034046936874, ""zero_filled_fraction"": 0.0, ""method"": ""Welch nperseg<=2048 on demeaned rows""}",,laneA_ps1_metrics.v1
yh.si_f.logret_5d,cost,MEASURED,"{""build_s"": 0.014329546249952892, ""profile_s"": 0.03274842799964972, ""bytes_float64"": 573872}",,laneA_ps1_metrics.v1
yh.agg.logret_1d,missingness,MEASURED,"{""n_rows"": 71734, ""n_finite"": 71734, ""missing_fraction"": 0.0}",,laneA_ps1_metrics.v1
yh.agg.logret_1d,constant,MEASURED,"{""n_unique"": 2854, ""is_constant"": false, ""top_value_share"": 0.016603005548275575}",,laneA_ps1_metrics.v1
yh.agg.logret_1d,scale_tails,MEASURED,"{""mean"": -3.309825915809117e-05, ""std"": 0.0030608601916714494, ""min"": -0.04083292625462853, ""max"": 0.023443842203582754, ""p001"": -0.01652933836776871, ""p01"": -0.00814218273179712, ""p05"": -0.0046118530356000775, ""p25"": -0.0014007708488117387, ""median"": 9.218983672987235e-05, ""p75"": 0.0014421904425061527, ""p95"": 0.0040031735886545405, ""p99"": 0.007920496446725878, ""p999"": 0.01657915286321643, ""mad"": 0.00142424894597859, ""skew"": -1.2448556307282967, ""excess_kurtosis"": 24.048946601227122, ""tail_ratio_p99_mad"": 5.496445429782107, ""share_beyond_5mad"": 0.028298993503777847}",,laneA_ps1_metrics.v1
yh.agg.logret_1d,volatility,MEASURED,"{""std_first_diff"": 0.0008851361064818885, ""rolling168_std_median"": 0.0018611731821359088, ""vol_of_vol_cv"": 0.7530418566589374}",,laneA_ps1_metrics.v1
yh.agg.logret_1d,acf,MEASURED,"{""lag_1"": 0.9581882212715158, ""lag_6"": 0.7491502094364917, ""lag_24"": 0.04637429783722464, ""lag_120"": -0.011968730213958301, ""lag_168"": -0.06737422250134678, ""lag_unit"": ""rows of the decision grid (1 row = 1 market hour; weekend gaps not filled)""}",,laneA_ps1_metrics.v1
yh.agg.logret_1d,trend,MEASURED,"{""ols_slope_per_year"": -1.939506559999913e-05, ""slope_in_std_per_year"": -0.006336475495605055, ""ols_r"": -0.014968583997614126, ""kendall_tau_3000"": -0.007881857827615774, ""kendall_p_3000"": 0.5175778086651381, ""caveat"": ""OLS p-value omitted: serial correlation makes it invalid""}",,laneA_ps1_metrics.v1
yh.agg.logret_1d,adf,MEASURED,"{""stat"": -19.867682359756646, ""pvalue"": 0.0, ""lags"": 24, ""nobs"": 19975, ""crit_5pct"": -2.8616847064863733, ""H0"": ""unit root"", ""regression"": ""c"", ""sample"": ""last 20000 finite TRAIN values (gaps compressed)""}",,laneA_ps1_metrics.v1
yh.agg.logret_1d,kpss,MEASURED,"{""stat"": 0.1684578667873329, ""pvalue"": 0.1, ""lags"": 82, ""H0"": ""level stationary"", ""pvalue_truncated_to_table"": true, ""sample"": ""last 20000 finite TRAIN values (gaps compressed)""}",,laneA_ps1_metrics.v1
yh.agg.logret_1d,seasonality,MEASURED,"{""eta2_hour_of_day"": 7.190283834643602e-06, ""eta2_day_of_week"": 0.003982641171752947, ""eta2_month"": 0.003783061472574666}",,laneA_ps1_metrics.v1
yh.agg.logret_1d,spectrum,MEASURED,"{""top_periods_rows"": [120.47058823529412, 113.77777777777777, 107.78947368421052], ""top_power_share"": [0.035841180664503466, 0.03515800181546442, 0.029518150956678486], ""spectral_entropy_norm"": 0.6578202842545373, ""zero_filled_fraction"": 0.0, ""method"": ""Welch nperseg<=2048 on demeaned rows""}",,laneA_ps1_metrics.v1
yh.agg.logret_1d,cost,MEASURED,"{""build_s"": 0.014329546249952892, ""profile_s"": 0.03278531700016174, ""bytes_float64"": 573872}",,laneA_ps1_metrics.v1
yh.agg.logret_5d,missingness,MEASURED,"{""n_rows"": 71734, ""n_finite"": 71734, ""missing_fraction"": 0.0}",,laneA_ps1_metrics.v1
yh.agg.logret_5d,constant,MEASURED,"{""n_unique"": 2895, ""is_constant"": false, ""top_value_share"": 0.00836423453313631}",,laneA_ps1_metrics.v1
yh.agg.logret_5d,scale_tails,MEASURED,"{""mean"": -0.000166527548481051, ""std"": 0.006572945108477316, ""min"": -0.07369234412278125, ""max"": 0.07377952770122764, ""p001"": -0.050031888887191275, ""p01"": -0.017137365021328746, ""p05"": -0.010286543453771557, ""p25"": -0.003209938025898751, ""median"": 0.00027110189156864806, ""p75"": 0.003170417456829888, ""p95"": 0.008538473263723034, ""p99"": 0.015724994529485947, ""p999"": 0.03123627097203574, ""mad"": 0.0031752698523828116, ""skew"": -0.4031778050603672, ""excess_kurtosis"": 18.680724177572888, ""tail_ratio_p99_mad"": 4.866954103545015, ""share_beyond_5mad"": 0.02431204170964954}",,laneA_ps1_metrics.v1
yh.agg.logret_5d,volatility,MEASURED,"{""std_first_diff"": 0.0008832397716286093, ""rolling168_std_median"": 0.0027431281066532293, ""vol_of_vol_cv"": 0.837602857950672}",,laneA_ps1_metrics.v1
yh.agg.logret_5d,acf,MEASURED,"{""lag_1"": 0.9909717648500049, ""lag_6"": 0.9458347928191883, ""lag_24"": 0.7851305533028765, ""lag_120"": -0.02451389208395868, ""lag_168"": -0.04507963954131217, ""lag_unit"": ""rows of the decision grid (1 row = 1 market hour; weekend gaps not filled)""}",,laneA_ps1_metrics.v1
yh.agg.logret_5d,trend,MEASURED,"{""ols_slope_per_year"": -9.822963233119814e-05, ""slope_in_std_per_year"": -0.014944538667226746, ""ols_r"": -0.035303313727186654, ""kendall_tau_3000"": -0.023617900457489814, ""kendall_p_3000"": 0.05247890536942842, ""caveat"": ""OLS p-value omitted: serial correlation makes it invalid""}",,laneA_ps1_metrics.v1
yh.agg.logret_5d,adf,MEASURED,"{""stat"": -10.013214564640473, ""pvalue"": 1.7562539743345048e-17, ""lags"": 24, ""nobs"": 19975, ""crit_5pct"": -2.8616847064863733, ""H0"": ""unit root"", ""regression"": ""c"", ""sample"": ""last 20000 finite TRAIN values (gaps compressed)""}",,laneA_ps1_metrics.v1
yh.agg.logret_5d,kpss,MEASURED,"{""stat"": 0.30705401864153725, ""pvalue"": 0.1, ""lags"": 86, ""H0"": ""level stationary"", ""pvalue_truncated_to_table"": true, ""sample"": ""last 20000 finite TRAIN values (gaps compressed)""}",,laneA_ps1_metrics.v1
yh.agg.logret_5d,seasonality,MEASURED,"{""eta2_hour_of_day"": 5.357276830397897e-06, ""eta2_day_of_week"": 0.0001045116872868718, ""eta2_month"": 0.018966952402293086}",,laneA_ps1_metrics.v1
yh.agg.logret_5d,spectrum,MEASURED,"{""top_periods_rows"": [341.3333333333333, 512.0, 1024.0], ""top_power_share"": [0.10771541761817692, 0.10627435934072814, 0.10410042046971539], ""spectral_entropy_norm"": 0.440872133792864, ""zero_filled_fraction"": 0.0, ""method"": ""Welch nperseg<=2048 on demeaned rows""}",,laneA_ps1_metrics.v1
yh.agg.logret_5d,cost,MEASURED,"{""build_s"": 0.014329546249952892, ""profile_s"": 0.032784375000119326, ""bytes_float64"": 573872}",,laneA_ps1_metrics.v1
yh.bnd.logret_1d,missingness,MEASURED,"{""n_rows"": 71734, ""n_finite"": 71734, ""missing_fraction"": 0.0}",,laneA_ps1_metrics.v1
yh.bnd.logret_1d,constant,MEASURED,"{""n_unique"": 2791, ""is_constant"": false, ""top_value_share"": 0.02675161011514763}",,laneA_ps1_metrics.v1
yh.bnd.logret_1d,scale_tails,MEASURED,"{""mean"": -3.725901469510437e-05, ""std"": 0.0031562767100575093, ""min"": -0.05591963921389631, ""max"": 0.04133473917870223, ""p001"": -0.019121480973413263, ""p01"": -0.008569544177325916, ""p05"": -0.004732461543875743, ""p25"": -0.0014357833219111882, ""median"": 0.00011906596173005823, ""p75"": 0.0014922005208797273, ""p95"": 0.003966288153800512, ""p99"": 0.007726379379212389, ""p999"": 0.020491029408088224, ""mad"": 0.0014669703396199552, ""skew"": -0.9627946969401165, ""excess_kurtosis"": 44.35631655986889, ""tail_ratio_p99_mad"": 5.185730898590044, ""share_beyond_5mad"": 0.025817603925614073}",,laneA_ps1_metrics.v1
yh.bnd.logret_1d,volatility,MEASURED,"{""std_first_diff"": 0.0009207542466043735, ""rolling168_std_median"": 0.0018883807127308865, ""vol_of_vol_cv"": 0.794688854054123}",,laneA_ps1_metrics.v1
yh.bnd.logret_1d,acf,MEASURED,"{""lag_1"": 0.9574496493017886, ""lag_6"": 0.7446911391421285, ""lag_24"": 0.03177514475648397, ""lag_120"": 0.046041673751649595, ""lag_168"": -0.06678373997745005, ""lag_unit"": ""rows of the decision grid (1 row = 1 market hour; weekend gaps not filled)""}",,laneA_ps1_metrics.v1
yh.bnd.logret_1d,trend,MEASURED,"{""ols_slope_per_year"": -2.0240446413350516e-05, ""slope_in_std_per_year"": -0.00641276043664173, ""ols_r"": -0.015148791046225385, ""kendall_tau_3000"": -0.008312188698873239, ""kendall_p_3000"": 0.49506208888727665, ""caveat"": ""OLS p-value omitted: serial correlation makes it invalid""}",,laneA_ps1_metrics.v1
yh.bnd.logret_1d,adf,MEASURED,"{""stat"": -19.758782033301586, ""pvalue"": 0.0, ""lags"": 24, ""nobs"": 19975, ""crit_5pct"": -2.8616847064863733, ""H0"": ""unit root"", ""regression"": ""c"", ""sample"": ""last 20000 finite TRAIN values (gaps compressed)""}",,laneA_ps1_metrics.v1
yh.bnd.logret_1d,kpss,MEASURED,"{""stat"": 0.18038896611715755, ""pvalue"": 0.1, ""lags"": 82, ""H0"": ""level stationary"", ""pvalue_truncated_to_table"": true, ""sample"": ""last 20000 finite TRAIN values (gaps compressed)""}",,laneA_ps1_metrics.v1
yh.bnd.logret_1d,seasonality,MEASURED,"{""eta2_hour_of_day"": 1.7753693539648665e-05, ""eta2_day_of_week"": 0.0051124701865820545, ""eta2_month"": 0.003741471409378557}",,laneA_ps1_metrics.v1
yh.bnd.logret_1d,spectrum,MEASURED,"{""top_periods_rows"": [113.77777777777777, 120.47058823529412, 107.78947368421052], ""top_power_share"": [0.037943635020543987, 0.036572852583301764, 0.03383778058319986], ""spectral_entropy_norm"": 0.6607631670883644, ""zero_filled_fraction"": 0.0, ""method"": ""Welch nperseg<=2048 on demeaned rows""}",,laneA_ps1_metrics.v1
yh.bnd.logret_1d,cost,MEASURED,"{""build_s"": 0.014329546249952892, ""profile_s"": 0.032678798000233655, ""bytes_float64"": 573872}",,laneA_ps1_metrics.v1
yh.bnd.logret_5d,missingness,MEASURED,"{""n_rows"": 71734, ""n_finite"": 71734, ""missing_fraction"": 0.0}",,laneA_ps1_metrics.v1
yh.bnd.logret_5d,constant,MEASURED,"{""n_unique"": 2869, ""is_constant"": false, ""top_value_share"": 0.008461817269356233}",,laneA_ps1_metrics.v1
yh.bnd.logret_5d,scale_tails,MEASURED,"{""mean"": -0.00020264409831506744, ""std"": 0.00654481982607632, ""min"": -0.08389434600334056, ""max"": 0.05770826202567925, ""p001"": -0.04555476504579861, ""p01"": -0.0183694721214529, ""p05"": -0.010486882874417347, ""p25"": -0.0033392727163876756, ""median"": 0.0002483746563912703, ""p75"": 0.003190604386337448, ""p95"": 0.00859605582464873, ""p99"": 0.015593758050351347, ""p999"": 0.029957901223627736, ""mad"": 0.003231987847081008, ""skew"": -0.7487727880555793, ""excess_kurtosis"": 16.015098023704105, ""tail_ratio_p99_mad"": 4.747970636034218, ""share_beyond_5mad"": 0.024158697409875373}",,laneA_ps1_metrics.v1
yh.bnd.logret_5d,volatility,MEASURED,"{""std_first_diff"": 0.0008830628295267123, ""rolling168_std_median"": 0.00281955415084967, ""vol_of_vol_cv"": 0.7968674622919334}",,laneA_ps1_metrics.v1
yh.bnd.logret_5d,acf,MEASURED,"{""lag_1"": 0.9908976815186719, ""lag_6"": 0.9453846065846709, ""lag_24"": 0.7862086420850635, ""lag_120"": 0.011192687310506249, ""lag_168"": -0.010760664206186122, ""lag_unit"": ""rows of the decision grid (1 row = 1 market hour; weekend gaps not filled)""}",,laneA_ps1_metrics.v1
yh.bnd.logret_5d,trend,MEASURED,"{""ols_slope_per_year"": -9.335329668332085e-05, ""slope_in_std_per_year"": -0.014263692380251058, ""ols_r"": -0.03369495828682745, ""kendall_tau_3000"": -0.020118517391799057, ""kendall_p_3000"": 0.09856558038275835, ""caveat"": ""OLS p-value omitted: serial correlation makes it invalid""}",,laneA_ps1_metrics.v1
yh.bnd.logret_5d,adf,MEASURED,"{""stat"": -10.008613960164434, ""pvalue"": 1.8034640091511356e-17, ""lags"": 24, ""nobs"": 19975, ""crit_5pct"": -2.8616847064863733, ""H0"": ""unit root"", ""regression"": ""c"", ""sample"": ""last 20000 finite TRAIN values (gaps compressed)""}",,laneA_ps1_metrics.v1
yh.bnd.logret_5d,kpss,MEASURED,"{""stat"": 0.332031751721006, ""pvalue"": 0.1, ""lags"": 86, ""H0"": ""level stationary"", ""pvalue_truncated_to_table"": true, ""sample"": ""last 20000 finite TRAIN values (gaps compressed)""}",,laneA_ps1_metrics.v1
yh.bnd.logret_5d,seasonality,MEASURED,"{""eta2_hour_of_day"": 4.912318241072045e-06, ""eta2_day_of_week"": 9.554776908585263e-05, ""eta2_month"": 0.01990006031488555}",,laneA_ps1_metrics.v1
yh.bnd.logret_5d,spectrum,MEASURED,"{""top_periods_rows"": [1024.0, 512.0, 682.6666666666666], ""top_power_share"": [0.11143279554325843, 0.10959518759248928, 0.10382509684135412], ""spectral_entropy_norm"": 0.4438721032600327, ""zero_filled_fraction"": 0.0, ""method"": ""Welch nperseg<=2048 on demeaned rows""}",,laneA_ps1_metrics.v1
yh.bnd.logret_5d,cost,MEASURED,"{""build_s"": 0.014329546249952892, ""profile_s"": 0.032750030999523005, ""bytes_float64"": 573872}",,laneA_ps1_metrics.v1
yh.dia.logret_1d,missingness,MEASURED,"{""n_rows"": 71734, ""n_finite"": 71734, ""missing_fraction"": 0.0}",,laneA_ps1_metrics.v1
yh.dia.logret_1d,constant,MEASURED,"{""n_unique"": 2926, ""is_constant"": false, ""top_value_share"": 0.004070594139459671}",,laneA_ps1_metrics.v1
yh.dia.logret_1d,scale_tails,MEASURED,"{""mean"": 0.0003685647189004498, ""std"": 0.010506986397333627, ""min"": -0.1365208701197984, ""max"": 0.10453276529030386, ""p001"": -0.07057605824979962, ""p01"": -0.02949065444222314, ""p05"": -0.015407620947710754, ""p25"": -0.0036153994563292713, ""median"": 0.0006136097022642062, ""p75"": 0.005073111249832785, ""p95"": 0.01442901386188744, ""p99"": 0.02418187294583518, ""p999"": 0.07291675241330875, ""mad"": 0.004386159719357963, ""skew"": -0.9175697046873196, ""excess_kurtosis"": 22.76800654372328, ""tail_ratio_p99_mad"": 5.373325357841928, ""share_beyond_5mad"": 0.03720690328156802}",,laneA_ps1_metrics.v1
yh.dia.logret_1d,volatility,MEASURED,"{""std_first_diff"": 0.003209398781437025, ""rolling168_std_median"": 0.006197916643621455, ""vol_of_vol_cv"": 0.8244742750789268}",,laneA_ps1_metrics.v1
yh.dia.logret_1d,acf,MEASURED,"{""lag_1"": 0.9533496297024462, ""lag_6"": 0.7200979843317444, ""lag_24"": -0.0969215523747043, ""lag_120"": 0.034362299027226616, ""lag_168"": 0.1317070908207513, ""lag_unit"": ""rows of the decision grid (1 row = 1 market hour; weekend gaps not filled)""}",,laneA_ps1_metrics.v1
yh.dia.logret_1d,trend,MEASURED,"{""ols_slope_per_year"": -5.246221753185349e-06, ""slope_in_std_per_year"": -0.0004993079418582564, ""ols_r"": -0.0011795094723502085, ""kendall_tau_3000"": 0.004764802087537089, ""kendall_p_3000"": 0.6956259133147082, ""caveat"": ""OLS p-value omitted: serial correlation makes it invalid""}",,laneA_ps1_metrics.v1
yh.dia.logret_1d,adf,MEASURED,"{""stat"": -19.113483537528403, ""pvalue"": 0.0, ""lags"": 24, ""nobs"": 19975, ""crit_5pct"": -2.8616847064863733, ""H0"": ""unit root"", ""regression"": ""c"", ""sample"": ""last 20000 finite TRAIN values (gaps compressed)""}",,laneA_ps1_metrics.v1
yh.dia.logret_1d,kpss,MEASURED,"{""stat"": 0.08593708959410752, ""pvalue"": 0.1, ""lags"": 82, ""H0"": ""level stationary"", ""pvalue_truncated_to_table"": true, ""sample"": ""last 20000 finite TRAIN values (gaps compressed)""}",,laneA_ps1_metrics.v1
yh.dia.logret_1d,seasonality,MEASURED,"{""eta2_hour_of_day"": 6.541315846250393e-07, ""eta2_day_of_week"": 0.00019385379871656767, ""eta2_month"": 0.0043009671262807}",,laneA_ps1_metrics.v1
yh.dia.logret_1d,spectrum,MEASURED,"{""top_periods_rows"": [55.351351351351354, 56.888888888888886, 53.89473684210526], ""top_power_share"": [0.037179641777765865, 0.02999420932122232, 0.02915840104684387], ""spectral_entropy_norm"": 0.6605867337026767, ""zero_filled_fraction"": 0.0, ""method"": ""Welch nperseg<=2048 on demeaned rows""}",,laneA_ps1_metrics.v1
yh.dia.logret_1d,cost,MEASURED,"{""build_s"": 0.014329546249952892, ""profile_s"": 0.032596422999631613, ""bytes_float64"": 573872}",,laneA_ps1_metrics.v1
yh.dia.logret_5d,missingness,MEASURED,"{""n_rows"": 71734, ""n_finite"": 71734, ""missing_fraction"": 0.0}",,laneA_ps1_metrics.v1
yh.dia.logret_5d,constant,MEASURED,"{""n_unique"": 2931, ""is_constant"": false, ""top_value_share"": 0.0019377143335099116}",,laneA_ps1_metrics.v1
yh.dia.logret_5d,scale_tails,MEASURED,"{""mean"": 0.0019013122440918442, ""std"": 0.022172836828910605, ""min"": -0.20917626454350025, ""max"": 0.18117474825265756, ""p001"": -0.1654792486426236, ""p01"": -0.0636439416417165, ""p05"": -0.031662409612033926, ""p25"": -0.007767880269057059, ""median"": 0.0035406066091239197, ""p75"": 0.013239159930350297, ""p95"": 0.03209412609924378, ""p99"": 0.05190670486593888, ""p999"": 0.11257957989276868, ""mad"": 0.010416438327927047, ""skew"": -1.203764240524092, ""excess_kurtosis"": 12.297785213434414, ""tail_ratio_p99_mad"": 4.6432472150430515, ""share_beyond_5mad"": 0.02708617949647308}",,laneA_ps1_metrics.v1
yh.dia.logret_5d,volatility,MEASURED,"{""std_first_diff"": 0.002938639712257165, ""rolling168_std_median"": 0.009516899920171133, ""vol_of_vol_cv"": 0.7912190530180889}",,laneA_ps1_metrics.v1
yh.dia.logret_5d,acf,MEASURED,"{""lag_1"": 0.991217507705519, ""lag_6"": 0.947302782953155, ""lag_24"": 0.7912246311398318, ""lag_120"": 0.006762469689301579, ""lag_168"": 0.02556376002270715, ""lag_unit"": ""rows of the decision grid (1 row = 1 market hour; weekend gaps not filled)""}",,laneA_ps1_metrics.v1
yh.dia.logret_5d,trend,MEASURED,"{""ols_slope_per_year"": -3.512523608598327e-05, ""slope_in_std_per_year"": -0.0015841561617494229, ""ols_r"": -0.0037422340840631584, ""kendall_tau_3000"": 0.0040105170207283556, ""kendall_p_3000"": 0.7419290733050362, ""caveat"": ""OLS p-value omitted: serial correlation makes it invalid""}",,laneA_ps1_metrics.v1
yh.dia.logret_5d,adf,MEASURED,"{""stat"": -9.907953309414818, ""pvalue"": 3.2257056737615996e-17, ""lags"": 24, ""nobs"": 19975, ""crit_5pct"": -2.8616847064863733, ""H0"": ""unit root"", ""regression"": ""c"", ""sample"": ""last 20000 finite TRAIN values (gaps compressed)""}",,laneA_ps1_metrics.v1
yh.dia.logret_5d,kpss,MEASURED,"{""stat"": 0.16844691281573307, ""pvalue"": 0.1, ""lags"": 86, ""H0"": ""level stationary"", ""pvalue_truncated_to_table"": true, ""sample"": ""last 20000 finite TRAIN values (gaps compressed)""}",,laneA_ps1_metrics.v1
yh.dia.logret_5d,seasonality,MEASURED,"{""eta2_hour_of_day"": 2.829797889034665e-06, ""eta2_day_of_week"": 9.702155103823649e-05, ""eta2_month"": 0.022183222340148207}",,laneA_ps1_metrics.v1
yh.dia.logret_5d,spectrum,MEASURED,"{""top_periods_rows"": [1024.0, 2048.0, 682.6666666666666], ""top_power_share"": [0.13087428839893148, 0.11529108341180869, 0.11507415196411044], ""spectral_entropy_norm"": 0.43388089201387936, ""zero_filled_fraction"": 0.0, ""method"": ""Welch nperseg<=2048 on demeaned rows""}",,laneA_ps1_metrics.v1
yh.dia.logret_5d,cost,MEASURED,"{""build_s"": 0.014329546249952892, ""profile_s"": 0.03271615800076688, ""bytes_float64"": 573872}",,laneA_ps1_metrics.v1
yh.eem.logret_1d,missingness,MEASURED,"{""n_rows"": 71734, ""n_finite"": 71734, ""missing_fraction"": 0.0}",,laneA_ps1_metrics.v1
yh.eem.logret_1d,constant,MEASURED,"{""n_unique"": 2890, ""is_constant"": false, ""top_value_share"": 0.00893579055956729}",,laneA_ps1_metrics.v1
yh.eem.logret_1d,scale_tails,MEASURED,"{""mean"": 2.0097040989357746e-05, ""std"": 0.012926898710404408, ""min"": -0.13329425749082224, ""max"": 0.07745064730326279, ""p001"": -0.07072093823010572, ""p01"": -0.03391792396839488, ""p05"": -0.019826560538155125, ""p25"": -0.0070913834838135514, ""median"": 0.0004896072944049479, ""p75"": 0.007507030598715936, ""p95"": 0.01947123913965454, ""p99"": 0.031175633407062756, ""p999"": 0.06960576618850522, ""mad"": 0.007245961713468585, ""skew"": -0.6273581868116546, ""excess_kurtosis"": 7.891108090589368, ""tail_ratio_p99_mad"": 4.234914194429085, ""share_beyond_5mad"": 0.012281484372821814}",,laneA_ps1_metrics.v1
yh.eem.logret_1d,volatility,MEASURED,"{""std_first_diff"": 0.0038781489850457027, ""rolling168_std_median"": 0.009463751519049431, ""vol_of_vol_cv"": 0.5535661853820691}",,laneA_ps1_metrics.v1
yh.eem.logret_1d,acf,MEASURED,"{""lag_1"": 0.954998664895049, ""lag_6"": 0.7300348456807375, ""lag_24"": -0.05734085549110141, ""lag_120"": 0.009415765114714241, ""lag_168"": 0.036528032412766254, ""lag_unit"": ""rows of the decision grid (1 row = 1 market hour; weekend gaps not filled)""}",,laneA_ps1_metrics.v1
yh.eem.logret_1d,trend,MEASURED,"{""ols_slope_per_year"": -9.367704236889052e-06, ""slope_in_std_per_year"": -0.0007246675669663377, ""ols_r"": -0.0017118739516953682, ""kendall_tau_3000"": -0.002396275073704479, ""kendall_p_3000"": 0.844025018925064, ""caveat"": ""OLS p-value omitted: serial correlation makes it invalid""}",,laneA_ps1_metrics.v1
yh.eem.logret_1d,adf,MEASURED,"{""stat"": -19.498090832596315, ""pvalue"": 0.0, ""lags"": 24, ""nobs"": 19975, ""crit_5pct"": -2.8616847064863733, ""H0"": ""unit root"", ""regression"": ""c"", ""sample"": ""last 20000 finite TRAIN values (gaps compressed)""}",,laneA_ps1_metrics.v1
yh.eem.logret_1d,kpss,MEASURED,"{""stat"": 0.14229432743284748, ""pvalue"": 0.1, ""lags"": 82, ""H0"": ""level stationary"", ""pvalue_truncated_to_table"": true, ""sample"": ""last 20000 finite TRAIN values (gaps compressed)""}",,laneA_ps1_metrics.v1
yh.eem.logret_1d,seasonality,MEASURED,"{""eta2_hour_of_day"": 1.242146920309425e-05, ""eta2_day_of_week"": 0.0035225104597505393, ""eta2_month"": 0.003100433246931519}",,laneA_ps1_metrics.v1
yh.eem.logret_1d,spectrum,MEASURED,"{""top_periods_rows"": [227.55555555555554, 292.57142857142856, 56.888888888888886], ""top_power_share"": [0.026445113720340127, 0.023187251691862563, 0.022847863292006894], ""spectral_entropy_norm"": 0.6649633910261629, ""zero_filled_fraction"": 0.0, ""method"": ""Welch nperseg<=2048 on demeaned rows""}",,laneA_ps1_metrics.v1
yh.eem.logret_1d,cost,MEASURED,"{""build_s"": 0.014329546249952892, ""profile_s"": 0.032674089000465756, ""bytes_float64"": 573872}",,laneA_ps1_metrics.v1
yh.eem.logret_5d,missingness,MEASURED,"{""n_rows"": 71734, ""n_finite"": 71734, ""missing_fraction"": 0.0}",,laneA_ps1_metrics.v1
yh.eem.logret_5d,constant,MEASURED,"{""n_unique"": 2916, ""is_constant"": false, ""top_value_share"": 0.004419103911673683}",,laneA_ps1_metrics.v1
yh.eem.logret_5d,scale_tails,MEASURED,"{""mean"": 8.436184347343524e-05, ""std"": 0.02731628277268379, ""min"": -0.19504561926678265, ""max"": 0.12740929753599106, ""p001"": -0.15021339953447033, ""p01"": -0.06857690723554954, ""p05"": -0.04532862042064911, ""p25"": -0.015868519758725164, ""median"": 0.0013755474919183719, ""p75"": 0.01704330983661917, ""p95"": 0.041065810784783, ""p99"": 0.06445755436610945, ""p999"": 0.08895266409582447, ""mad"": 0.01649676478008466, ""skew"": -0.5078958064211843, ""excess_kurtosis"": 3.0713603724955254, ""tail_ratio_p99_mad"": 3.823901699219557, ""share_beyond_5mad"": 0.00839211531491343}",,laneA_ps1_metrics.v1
yh.eem.logret_5d,volatility,MEASURED,"{""std_first_diff"": 0.003664841031586328, ""rolling168_std_median"": 0.014557809028520793, ""vol_of_vol_cv"": 0.5566852509731794}",,laneA_ps1_metrics.v1
yh.eem.logret_5d,acf,MEASURED,"{""lag_1"": 0.9910001111612297, ""lag_6"": 0.9460006669729213, ""lag_24"": 0.7851072750201598, ""lag_120"": -0.030143147716640627, ""lag_168"": -0.03267957918935892, ""lag_unit"": ""rows of the decision grid (1 row = 1 market hour; weekend gaps not filled)""}",,laneA_ps1_metrics.v1
yh.eem.logret_5d,trend,MEASURED,"{""ols_slope_per_year"": -5.429924909660251e-05, ""slope_in_std_per_year"": -0.0019877978840847853, ""ols_r"": -0.004695752334060207, ""kendall_tau_3000"": -2.1563311167284556e-05, ""kendall_p_3000"": 0.9985873242499552, ""caveat"": ""OLS p-value omitted: serial correlation makes it invalid""}",,laneA_ps1_metrics.v1
yh.eem.logret_5d,adf,MEASURED,"{""stat"": -9.920546350351547, ""pvalue"": 2.9990733118491625e-17, ""lags"": 24, ""nobs"": 19975, ""crit_5pct"": -2.8616847064863733, ""H0"": ""unit root"", ""regression"": ""c"", ""sample"": ""last 20000 finite TRAIN values (gaps compressed)""}",,laneA_ps1_metrics.v1
yh.eem.logret_5d,kpss,MEASURED,"{""stat"": 0.28183570998387913, ""pvalue"": 0.1, ""lags"": 86, ""H0"": ""level stationary"", ""pvalue_truncated_to_table"": true, ""sample"": ""last 20000 finite TRAIN values (gaps compressed)""}",,laneA_ps1_metrics.v1
yh.eem.logret_5d,seasonality,MEASURED,"{""eta2_hour_of_day"": 1.8304655367289682e-06, ""eta2_day_of_week"": 7.876305011665876e-06, ""eta2_month"": 0.01926913940909503}",,laneA_ps1_metrics.v1
yh.eem.logret_5d,spectrum,MEASURED,"{""top_periods_rows"": [682.6666666666666, 1024.0, 512.0], ""top_power_share"": [0.1166665036815316, 0.11078540915869099, 0.1024294134740127], ""spectral_entropy_norm"": 0.4393046363383934, ""zero_filled_fraction"": 0.0, ""method"": ""Welch nperseg<=2048 on demeaned rows""}",,laneA_ps1_metrics.v1
yh.eem.logret_5d,cost,MEASURED,"{""build_s"": 0.014329546249952892, ""profile_s"": 0.03279584600022645, ""bytes_float64"": 573872}",,laneA_ps1_metrics.v1
yh.efa.logret_1d,missingness,MEASURED,"{""n_rows"": 71734, ""n_finite"": 71734, ""missing_fraction"": 0.0}",,laneA_ps1_metrics.v1
yh.efa.logret_1d,constant,MEASURED,"{""n_unique"": 2906, ""is_constant"": false, ""top_value_share"": 0.0072629436529400284}",,laneA_ps1_metrics.v1
yh.efa.logret_1d,scale_tails,MEASURED,"{""mean"": 0.00014277063959618734, ""std"": 0.01082793761836231, ""min"": -0.1164235662674038, ""max"": 0.0813321712771784, ""p001"": -0.08074472447752878, ""p01"": -0.028902952000663618, ""p05"": -0.016701476517676284, ""p25"": -0.004831394172570391, ""median"": 0.0005526163791951255, ""p75"": 0.005803146693056149, ""p95"": 0.015118805810323543, ""p99"": 0.02617383927679162, ""p999"": 0.05459538675672082, ""mad"": 0.005314757517423718, ""skew"": -1.0529244028351084, ""excess_kurtosis"": 13.011505901511288, ""tail_ratio_p99_mad"": 4.820769868352556, ""share_beyond_5mad"": 0.023935651155658405}",,laneA_ps1_metrics.v1
yh.efa.logret_1d,volatility,MEASURED,"{""std_first_diff"": 0.0032345879017866967, ""rolling168_std_median"": 0.007478444804521645, ""vol_of_vol_cv"": 0.6547585336020605}",,laneA_ps1_metrics.v1
yh.efa.logret_1d,acf,MEASURED,"{""lag_1"": 0.9553818587160853, ""lag_6"": 0.732290402278466, ""lag_24"": -0.04112142031959174, ""lag_120"": 0.02771334245288789, ""lag_168"": 0.04960400632532435, ""lag_unit"": ""rows of the decision grid (1 row = 1 market hour; weekend gaps not filled)""}",,laneA_ps1_metrics.v1
yh.efa.logret_1d,trend,MEASURED,"{""ols_slope_per_year"": 2.0812301158563025e-07, ""slope_in_std_per_year"": 1.9220928206373263e-05, ""ols_r"": 4.54053800995148e-05, ""kendall_tau_3000"": -0.0018213504842028955, ""kendall_p_3000"": 0.8811230477962043, ""caveat"": ""OLS p-value omitted: serial correlation makes it invalid""}",,laneA_ps1_metrics.v1
yh.efa.logret_1d,adf,MEASURED,"{""stat"": -19.03429795152651, ""pvalue"": 0.0, ""lags"": 24, ""nobs"": 19975, ""crit_5pct"": -2.8616847064863733, ""H0"": ""unit root"", ""regression"": ""c"", ""sample"": ""last 20000 finite TRAIN values (gaps compressed)""}",,laneA_ps1_metrics.v1
yh.efa.logret_1d,kpss,MEASURED,"{""stat"": 0.1337275443371916, ""pvalue"": 0.1, ""lags"": 82, ""H0"": ""level stationary"", ""pvalue_truncated_to_table"": true, ""sample"": ""last 20000 finite TRAIN values (gaps compressed)""}",,laneA_ps1_metrics.v1
yh.efa.logret_1d,seasonality,MEASURED,"{""eta2_hour_of_day"": 1.1331679949751016e-05, ""eta2_day_of_week"": 0.0019686254662600335, ""eta2_month"": 0.005684020182915939}",,laneA_ps1_metrics.v1
yh.efa.logret_1d,spectrum,MEASURED,"{""top_periods_rows"": [227.55555555555554, 341.3333333333333, 204.8], ""top_power_share"": [0.027160945493934868, 0.026703306378992202, 0.026549136070264656], ""spectral_entropy_norm"": 0.6634193020874887, ""zero_filled_fraction"": 0.0, ""method"": ""Welch nperseg<=2048 on demeaned rows""}",,laneA_ps1_metrics.v1
yh.efa.logret_1d,cost,MEASURED,"{""build_s"": 0.014329546249952892, ""profile_s"": 0.03261549900071259, ""bytes_float64"": 573872}",,laneA_ps1_metrics.v1
yh.efa.logret_5d,missingness,MEASURED,"{""n_rows"": 71734, ""n_finite"": 71734, ""missing_fraction"": 0.0}",,laneA_ps1_metrics.v1
yh.efa.logret_5d,constant,MEASURED,"{""n_unique"": 2921, ""is_constant"": false, ""top_value_share"": 0.004460925084339365}",,laneA_ps1_metrics.v1
yh.efa.logret_5d,scale_tails,MEASURED,"{""mean"": 0.0006521793594306538, ""std"": 0.02393302003272289, ""min"": -0.22838135374081503, ""max"": 0.148234602414564, ""p001"": -0.17134248486857118, ""p01"": -0.06672075218455031, ""p05"": -0.03822310397369044, ""p25"": -0.01010520504531609, ""median"": 0.00240101651322977, ""p75"": 0.013819473583562392, ""p95"": 0.033769093022199215, ""p99"": 0.05709919425013332, ""p999"": 0.10455016397122607, ""mad"": 0.011999161384369295, ""skew"": -1.042605363048743, ""excess_kurtosis"": 8.553576249943895, ""tail_ratio_p99_mad"": 4.558500047191308, ""share_beyond_5mad"": 0.021510023141048874}",,laneA_ps1_metrics.v1
yh.efa.logret_5d,volatility,MEASURED,"{""std_first_diff"": 0.003051129279890424, ""rolling168_std_median"": 0.01084667346160304, ""vol_of_vol_cv"": 0.6989662264754193}",,laneA_ps1_metrics.v1
yh.efa.logret_5d,acf,MEASURED,"{""lag_1"": 0.9918736328578539, ""lag_6"": 0.9512382373170019, ""lag_24"": 0.8066209649754609, ""lag_120"": 0.007079148829663736, ""lag_168"": -0.020421171519066084, ""lag_unit"": ""rows of the decision grid (1 row = 1 market hour; weekend gaps not filled)""}",,laneA_ps1_metrics.v1
yh.efa.logret_5d,trend,MEASURED,"{""ols_slope_per_year"": -4.510698982777076e-05, ""slope_in_std_per_year"": -0.0018847178402933414, ""ols_r"": -0.004452247518955947, ""kendall_tau_3000"": 0.0028092276144190335, ""kendall_p_3000"": 0.817577872222192, ""caveat"": ""OLS p-value omitted: serial correlation makes it invalid""}",,laneA_ps1_metrics.v1
yh.efa.logret_5d,adf,MEASURED,"{""stat"": -9.383467612497553, ""pvalue"": 6.857908284126564e-16, ""lags"": 24, ""nobs"": 19975, ""crit_5pct"": -2.8616847064863733, ""H0"": ""unit root"", ""regression"": ""c"", ""sample"": ""last 20000 finite TRAIN values (gaps compressed)""}",,laneA_ps1_metrics.v1
yh.efa.logret_5d,kpss,MEASURED,"{""stat"": 0.23256360657824637, ""pvalue"": 0.1, ""lags"": 86, ""H0"": ""level stationary"", ""pvalue_truncated_to_table"": true, ""sample"": ""last 20000 finite TRAIN values (gaps compressed)""}",,laneA_ps1_metrics.v1
yh.efa.logret_5d,seasonality,MEASURED,"{""eta2_hour_of_day"": 1.5551048214281575e-06, ""eta2_day_of_week"": 3.8136334494394635e-05, ""eta2_month"": 0.022893286383202226}",,laneA_ps1_metrics.v1
yh.efa.logret_5d,spectrum,MEASURED,"{""top_periods_rows"": [1024.0, 682.6666666666666, 512.0], ""top_power_share"": [0.12599188837512365, 0.12248981341417864, 0.10754362801332215], ""spectral_entropy_norm"": 0.42575701987830683, ""zero_filled_fraction"": 0.0, ""method"": ""Welch nperseg<=2048 on demeaned rows""}",,laneA_ps1_metrics.v1
yh.efa.logret_5d,cost,MEASURED,"{""build_s"": 0.014329546249952892, ""profile_s"": 0.03281100499953027, ""bytes_float64"": 573872}",,laneA_ps1_metrics.v1
yh.gld.logret_1d,missingness,MEASURED,"{""n_rows"": 71734, ""n_finite"": 71734, ""missing_fraction"": 0.0}",,laneA_ps1_metrics.v1
yh.gld.logret_1d,constant,MEASURED,"{""n_unique"": 2925, ""is_constant"": false, ""top_value_share"": 0.0037360247581342183}",,laneA_ps1_metrics.v1
yh.gld.logret_1d,scale_tails,MEASURED,"{""mean"": 0.0001060999521234319, ""std"": 0.009356327900487375, ""min"": -0.09190507457983799, ""max"": 0.0478739123034746, ""p001"": -0.048144932178247224, ""p01"": -0.025274496401227253, ""p05"": -0.014775853703027586, ""p25"": -0.004769563349673156, ""median"": 0.00034059751071335853, ""p75"": 0.004928261563008185, ""p95"": 0.014753495270293016, ""p99"": 0.024019005945364214, ""p999"": 0.04323149614629607, ""mad"": 0.0048385027105251055, ""skew"": -0.4468596902839842, ""excess_kurtosis"": 5.919982225868729, ""tail_ratio_p99_mad"": 4.893747064178274, ""share_beyond_5mad"": 0.02142638079571751}",,laneA_ps1_metrics.v1
yh.gld.logret_1d,volatility,MEASURED,"{""std_first_diff"": 0.0026792814570156484, ""rolling168_std_median"": 0.007102139140930015, ""vol_of_vol_cv"": 0.4910870282701052}",,laneA_ps1_metrics.v1
yh.gld.logret_1d,acf,MEASURED,"{""lag_1"": 0.9589992984661684, ""lag_6"": 0.7539902376930258, ""lag_24"": 0.03869982968971911, ""lag_120"": -0.0013032248782184502, ""lag_168"": -0.006172123722662444, ""lag_unit"": ""rows of the decision grid (1 row = 1 market hour; weekend gaps not filled)""}",,laneA_ps1_metrics.v1
yh.gld.logret_1d,trend,MEASURED,"{""ols_slope_per_year"": 0.00011787473933966427, ""slope_in_std_per_year"": 0.012598397639903591, ""ols_r"": 0.029761051461342936, ""kendall_tau_3000"": 0.025206565509690002, ""kendall_p_3000"": 0.03848292896634162, ""caveat"": ""OLS p-value omitted: serial correlation makes it invalid""}",,laneA_ps1_metrics.v1
yh.gld.logret_1d,adf,MEASURED,"{""stat"": -19.8329540834219, ""pvalue"": 0.0, ""lags"": 24, ""nobs"": 19975, ""crit_5pct"": -2.8616847064863733, ""H0"": ""unit root"", ""regression"": ""c"", ""sample"": ""last 20000 finite TRAIN values (gaps compressed)""}",,laneA_ps1_metrics.v1
yh.gld.logret_1d,kpss,MEASURED,"{""stat"": 0.1503256822516118, ""pvalue"": 0.1, ""lags"": 82, ""H0"": ""level stationary"", ""pvalue_truncated_to_table"": true, ""sample"": ""last 20000 finite TRAIN values (gaps compressed)""}",,laneA_ps1_metrics.v1
yh.gld.logret_1d,seasonality,MEASURED,"{""eta2_hour_of_day"": 6.1386423369554034e-06, ""eta2_day_of_week"": 0.0006465660499594678, ""eta2_month"": 0.00526547127467714}",,laneA_ps1_metrics.v1
yh.gld.logret_1d,spectrum,MEASURED,"{""top_periods_rows"": [341.3333333333333, 1024.0, 170.66666666666666], ""top_power_share"": [0.02975816595810705, 0.027720559474045708, 0.027389178946085294], ""spectral_entropy_norm"": 0.6576214225597912, ""zero_filled_fraction"": 0.0, ""method"": ""Welch nperseg<=2048 on demeaned rows""}",,laneA_ps1_metrics.v1
yh.gld.logret_1d,cost,MEASURED,"{""build_s"": 0.014329546249952892, ""profile_s"": 0.032297081999786315, ""bytes_float64"": 573872}",,laneA_ps1_metrics.v1
yh.gld.logret_5d,missingness,MEASURED,"{""n_rows"": 71734, ""n_finite"": 71734, ""missing_fraction"": 0.0}",,laneA_ps1_metrics.v1
yh.gld.logret_5d,constant,MEASURED,"{""n_unique"": 2932, ""is_constant"": false, ""top_value_share"": 0.0013103967435246883}",,laneA_ps1_metrics.v1
yh.gld.logret_5d,scale_tails,MEASURED,"{""mean"": 0.0003797952300981294, ""std"": 0.02086292023838042, ""min"": -0.14737170158634783, ""max"": 0.1044619060865628, ""p001"": -0.11986220446345333, ""p01"": -0.05252664759586523, ""p05"": -0.03317829219838764, ""p25"": -0.011860472584819703, ""median"": 0.0010711390154902745, ""p75"": 0.013023778253019813, ""p95"": 0.03283516218959679, ""p99"": 0.05041092439325645, ""p999"": 0.0739787454252765, ""mad"": 0.012384231274284119, ""skew"": -0.522857276079829, ""excess_kurtosis"": 3.3791168122339004, ""tail_ratio_p99_mad"": 3.9840813922960514, ""share_beyond_5mad"": 0.009242479159115621}",,laneA_ps1_metrics.v1
yh.gld.logret_5d,volatility,MEASURED,"{""std_first_diff"": 0.002695296429303433, ""rolling168_std_median"": 0.01062852709595973, ""vol_of_vol_cv"": 0.597492309535109}",,laneA_ps1_metrics.v1
yh.gld.logret_5d,acf,MEASURED,"{""lag_1"": 0.9916549110940548, ""lag_6"": 0.9499250898971008, ""lag_24"": 0.8002750997703311, ""lag_120"": 0.004607790578348783, ""lag_168"": -0.028754731817295667, ""lag_unit"": ""rows of the decision grid (1 row = 1 market hour; weekend gaps not filled)""}",,laneA_ps1_metrics.v1
yh.gld.logret_5d,trend,MEASURED,"{""ols_slope_per_year"": 0.0005334673703555283, ""slope_in_std_per_year"": 0.025570119823117396, ""ols_r"": 0.06040400324547349, ""kendall_tau_3000"": 0.03349525656947271, ""kendall_p_3000"": 0.005954658285981245, ""caveat"": ""OLS p-value omitted: serial correlation makes it invalid""}",,laneA_ps1_metrics.v1
yh.gld.logret_5d,adf,MEASURED,"{""stat"": -9.936787682475767, ""pvalue"": 2.7302546165185803e-17, ""lags"": 24, ""nobs"": 19975, ""crit_5pct"": -2.8616847064863733, ""H0"": ""unit root"", ""regression"": ""c"", ""sample"": ""last 20000 finite TRAIN values (gaps compressed)""}",,laneA_ps1_metrics.v1
yh.gld.logret_5d,kpss,MEASURED,"{""stat"": 0.2433489729777119, ""pvalue"": 0.1, ""lags"": 86, ""H0"": ""level stationary"", ""pvalue_truncated_to_table"": true, ""sample"": ""last 20000 finite TRAIN values (gaps compressed)""}",,laneA_ps1_metrics.v1
yh.gld.logret_5d,seasonality,MEASURED,"{""eta2_hour_of_day"": 2.918004117798202e-06, ""eta2_day_of_week"": 4.85448623736702e-05, ""eta2_month"": 0.02686045745543733}",,laneA_ps1_metrics.v1
yh.gld.logret_5d,spectrum,MEASURED,"{""top_periods_rows"": [682.6666666666666, 1024.0, 341.3333333333333], ""top_power_share"": [0.13337490422370113, 0.13314477086033485, 0.0990245878290082], ""spectral_entropy_norm"": 0.4296190334319176, ""zero_filled_fraction"": 0.0, ""method"": ""Welch nperseg<=2048 on demeaned rows""}",,laneA_ps1_metrics.v1
yh.gld.logret_5d,cost,MEASURED,"{""build_s"": 0.014329546249952892, ""profile_s"": 0.03262139999969804, ""bytes_float64"": 573872}",,laneA_ps1_metrics.v1
yh.hyg.logret_1d,missingness,MEASURED,"{""n_rows"": 71734, ""n_finite"": 71734, ""missing_fraction"": 0.0}",,laneA_ps1_metrics.v1
yh.hyg.logret_1d,constant,MEASURED,"{""n_unique"": 2861, ""is_constant"": false, ""top_value_share"": 0.014776814341874146}",,laneA_ps1_metrics.v1
yh.hyg.logret_1d,scale_tails,MEASURED,"{""mean"": -2.0168106124791627e-05, ""std"": 0.005384985724208784, ""min"": -0.05653401716126094, ""max"": 0.0634058944975866, ""p001"": -0.041632996269680096, ""p01"": -0.014423215120662396, ""p05"": -0.0074531549502516725, ""p25"": -0.0020620961729616027, ""median"": 0.00011288455835245514, ""p75"": 0.0020699213827439777, ""p95"": 0.007326052224755131, ""p99"": 0.014133536049093287, ""p999"": 0.040408122883112796, ""mad"": 0.002070675956872492, ""skew"": 0.42683971168592605, ""excess_kurtosis"": 25.966557740313235, ""tail_ratio_p99_mad"": 6.771050508509958, ""share_beyond_5mad"": 0.04610087266846962}",,laneA_ps1_metrics.v1
yh.hyg.logret_1d,volatility,MEASURED,"{""std_first_diff"": 0.0014992322907381298, ""rolling168_std_median"": 0.002890472956615888, ""vol_of_vol_cv"": 0.8688216648019693}",,laneA_ps1_metrics.v1
yh.hyg.logret_1d,acf,MEASURED,"{""lag_1"": 0.9612444260994816, ""lag_6"": 0.7674634769068296, ""lag_24"": 0.0921553911521501, ""lag_120"": -0.0060075991581296975, ""lag_168"": -0.014753086328090309, ""lag_unit"": ""rows of the decision grid (1 row = 1 market hour; weekend gaps not filled)""}",,laneA_ps1_metrics.v1
yh.hyg.logret_1d,trend,MEASURED,"{""ols_slope_per_year"": -1.1761415190968474e-06, ""slope_in_std_per_year"": -0.00021841126036961924, ""ols_r"": -0.0005159504363482494, ""kendall_tau_3000"": -0.0030383081435819722, ""kendall_p_3000"": 0.8030173267116882, ""caveat"": ""OLS p-value omitted: serial correlation makes it invalid""}",,laneA_ps1_metrics.v1
yh.hyg.logret_1d,adf,MEASURED,"{""stat"": -18.924449454719134, ""pvalue"": 0.0, ""lags"": 24, ""nobs"": 19975, ""crit_5pct"": -2.8616847064863733, ""H0"": ""unit root"", ""regression"": ""c"", ""sample"": ""last 20000 finite TRAIN values (gaps compressed)""}",,laneA_ps1_metrics.v1
yh.hyg.logret_1d,kpss,MEASURED,"{""stat"": 0.1259889774767683, ""pvalue"": 0.1, ""lags"": 82, ""H0"": ""level stationary"", ""pvalue_truncated_to_table"": true, ""sample"": ""last 20000 finite TRAIN values (gaps compressed)""}",,laneA_ps1_metrics.v1
yh.hyg.logret_1d,seasonality,MEASURED,"{""eta2_hour_of_day"": 2.0699268155570566e-06, ""eta2_day_of_week"": 0.004602894361589151, ""eta2_month"": 0.004421731588272691}",,laneA_ps1_metrics.v1
yh.hyg.logret_1d,spectrum,MEASURED,"{""top_periods_rows"": [227.55555555555554, 256.0, 292.57142857142856], ""top_power_share"": [0.04948645931223013, 0.04482541498106964, 0.04274745628801394], ""spectral_entropy_norm"": 0.6401226614568554, ""zero_filled_fraction"": 0.0, ""method"": ""Welch nperseg<=2048 on demeaned rows""}",,laneA_ps1_metrics.v1
yh.hyg.logret_1d,cost,MEASURED,"{""build_s"": 0.014329546249952892, ""profile_s"": 0.03276354599984188, ""bytes_float64"": 573872}",,laneA_ps1_metrics.v1
yh.hyg.logret_5d,missingness,MEASURED,"{""n_rows"": 71734, ""n_finite"": 71734, ""missing_fraction"": 0.0}",,laneA_ps1_metrics.v1
yh.hyg.logret_5d,constant,MEASURED,"{""n_unique"": 2908, ""is_constant"": false, ""top_value_share"": 0.0035826804583600526}",,laneA_ps1_metrics.v1
yh.hyg.logret_5d,scale_tails,MEASURED,"{""mean"": -0.00019906361057042595, ""std"": 0.012408624900920956, ""min"": -0.1377340568643941, ""max"": 0.12399686348689798, ""p001"": -0.09865911407588907, ""p01"": -0.03509565611276333, ""p05"": -0.017968408576031436, ""p25"": -0.005071500387828998, ""median"": 0.00047093144470622406, ""p75"": 0.005014283342704928, ""p95"": 0.015511470338863909, ""p99"": 0.030447761385861583, ""p999"": 0.09870342663026577, ""mad"": 0.004947259029972173, ""skew"": -0.4165970429225348, ""excess_kurtosis"": 22.049070896655223, ""tail_ratio_p99_mad"": 6.05928045399393, ""share_beyond_5mad"": 0.03687233390024256}",,laneA_ps1_metrics.v1
yh.hyg.logret_5d,volatility,MEASURED,"{""std_first_diff"": 0.001487476597325427, ""rolling168_std_median"": 0.004541858999378393, ""vol_of_vol_cv"": 1.0035591254636103}",,laneA_ps1_metrics.v1
yh.hyg.logret_5d,acf,MEASURED,"{""lag_1"": 0.9928151028516515, ""lag_6"": 0.9568892686195433, ""lag_24"": 0.8274088297246955, ""lag_120"": -0.04617905150163901, ""lag_168"": -0.04001028769538984, ""lag_unit"": ""rows of the decision grid (1 row = 1 market hour; weekend gaps not filled)""}",,laneA_ps1_metrics.v1
yh.hyg.logret_5d,trend,MEASURED,"{""ols_slope_per_year"": -4.088244527787949e-05, ""slope_in_std_per_year"": -0.003294679757371442, ""ols_r"": -0.007782984519968421, ""kendall_tau_3000"": -0.01329585330240969, ""kendall_p_3000"": 0.27496343581133187, ""caveat"": ""OLS p-value omitted: serial correlation makes it invalid""}",,laneA_ps1_metrics.v1
yh.hyg.logret_5d,adf,MEASURED,"{""stat"": -9.949544667132976, ""pvalue"": 2.5362047156187435e-17, ""lags"": 24, ""nobs"": 19975, ""crit_5pct"": -2.8616847064863733, ""H0"": ""unit root"", ""regression"": ""c"", ""sample"": ""last 20000 finite TRAIN values (gaps compressed)""}",,laneA_ps1_metrics.v1
yh.hyg.logret_5d,kpss,MEASURED,"{""stat"": 0.23180118668760322, ""pvalue"": 0.1, ""lags"": 86, ""H0"": ""level stationary"", ""pvalue_truncated_to_table"": true, ""sample"": ""last 20000 finite TRAIN values (gaps compressed)""}",,laneA_ps1_metrics.v1
yh.hyg.logret_5d,seasonality,MEASURED,"{""eta2_hour_of_day"": 2.500285020648345e-06, ""eta2_day_of_week"": 4.419742692506596e-05, ""eta2_month"": 0.017672847361357703}",,laneA_ps1_metrics.v1
yh.hyg.logret_5d,spectrum,MEASURED,"{""top_periods_rows"": [1024.0, 682.6666666666666, 292.57142857142856], ""top_power_share"": [0.14314422276572047, 0.12779949679055838, 0.0915373980804381], ""spectral_entropy_norm"": 0.41277592377593453, ""zero_filled_fraction"": 0.0, ""method"": ""Welch nperseg<=2048 on demeaned rows""}",,laneA_ps1_metrics.v1
yh.hyg.logret_5d,cost,MEASURED,"{""build_s"": 0.014329546249952892, ""profile_s"": 0.03294893400016008, ""bytes_float64"": 573872}",,laneA_ps1_metrics.v1
yh.ief.logret_1d,missingness,MEASURED,"{""n_rows"": 71734, ""n_finite"": 71734, ""missing_fraction"": 0.0}",,laneA_ps1_metrics.v1
yh.ief.logret_1d,constant,MEASURED,"{""n_unique"": 2892, ""is_constant"": false, ""top_value_share"": 0.007681155379596844}",,laneA_ps1_metrics.v1
yh.ief.logret_1d,scale_tails,MEASURED,"{""mean"": -2.8303330310634876e-05, ""std"": 0.00405462050562615, ""min"": -0.025392289748796593, ""max"": 0.026073794430345743, ""p001"": -0.017223620342747475, ""p01"": -0.01031612321539832, ""p05"": -0.006660601227764573, ""p25"": -0.002380800643527081, ""median"": 0.00017469987082430194, ""p75"": 0.002347438240926536, ""p95"": 0.0061977475346246536, ""p99"": 0.010576512846017572, ""p999"": 0.022275481906094186, ""mad"": 0.00235705855055679, ""skew"": 0.05534229413861333, ""excess_kurtosis"": 3.188530394948903, ""tail_ratio_p99_mad"": 4.413048192093544, ""share_beyond_5mad"": 0.01247664984526166}",,laneA_ps1_metrics.v1
yh.ief.logret_1d,volatility,MEASURED,"{""std_first_diff"": 0.0011904589202259995, ""rolling168_std_median"": 0.003013551367977264, ""vol_of_vol_cv"": 0.5083686032401992}",,laneA_ps1_metrics.v1
yh.ief.logret_1d,acf,MEASURED,"{""lag_1"": 0.9568982260755915, ""lag_6"": 0.7413855199893377, ""lag_24"": 0.007577698717893664, ""lag_120"": -0.011843150605285391, ""lag_168"": -0.03240829655280212, ""lag_unit"": ""rows of the decision grid (1 row = 1 market hour; weekend gaps not filled)""}",,laneA_ps1_metrics.v1
yh.ief.logret_1d,trend,MEASURED,"{""ols_slope_per_year"": -3.0663792815354885e-05, ""slope_in_std_per_year"": -0.0075626788679251525, ""ols_r"": -0.017865230278257323, ""kendall_tau_3000"": -0.021721411129503154, ""kendall_p_3000"": 0.0745099767484601, ""caveat"": ""OLS p-value omitted: serial correlation makes it invalid""}",,laneA_ps1_metrics.v1
yh.ief.logret_1d,adf,MEASURED,"{""stat"": -20.080238765122466, ""pvalue"": 0.0, ""lags"": 24, ""nobs"": 19975, ""crit_5pct"": -2.8616847064863733, ""H0"": ""unit root"", ""regression"": ""c"", ""sample"": ""last 20000 finite TRAIN values (gaps compressed)""}",,laneA_ps1_metrics.v1
yh.ief.logret_1d,kpss,MEASURED,"{""stat"": 0.09135679074174427, ""pvalue"": 0.1, ""lags"": 82, ""H0"": ""level stationary"", ""pvalue_truncated_to_table"": true, ""sample"": ""last 20000 finite TRAIN values (gaps compressed)""}",,laneA_ps1_metrics.v1
yh.ief.logret_1d,seasonality,MEASURED,"{""eta2_hour_of_day"": 5.408506990185571e-06, ""eta2_day_of_week"": 0.002409487828217709, ""eta2_month"": 0.0030975943081564604}",,laneA_ps1_metrics.v1
yh.ief.logret_1d,spectrum,MEASURED,"{""top_periods_rows"": [120.47058823529412, 227.55555555555554, 113.77777777777777], ""top_power_share"": [0.030428902806907403, 0.03018052005397875, 0.02538291972104899], ""spectral_entropy_norm"": 0.6640046381599226, ""zero_filled_fraction"": 0.0, ""method"": ""Welch nperseg<=2048 on demeaned rows""}",,laneA_ps1_metrics.v1
yh.ief.logret_1d,cost,MEASURED,"{""build_s"": 0.014329546249952892, ""profile_s"": 0.032460727999932715, ""bytes_float64"": 573872}",,laneA_ps1_metrics.v1
yh.ief.logret_5d,missingness,MEASURED,"{""n_rows"": 71734, ""n_finite"": 71734, ""missing_fraction"": 0.0}",,laneA_ps1_metrics.v1
yh.ief.logret_5d,constant,MEASURED,"{""n_unique"": 2905, ""is_constant"": false, ""top_value_share"": 0.006942314662503136}",,laneA_ps1_metrics.v1
yh.ief.logret_5d,scale_tails,MEASURED,"{""mean"": -0.00013938966862501336, ""std"": 0.008553284871108595, ""min"": -0.04043471164009205, ""max"": 0.041352434886891665, ""p001"": -0.03283417264167963, ""p01"": -0.02196020779174468, ""p05"": -0.014416561140721207, ""p25"": -0.005280678459247845, ""median"": 0.0003664094096187398, ""p75"": 0.004900624919203622, ""p95"": 0.013280120228064796, ""p99"": 0.021786945026427418, ""p999"": 0.033959119662531734, ""mad"": 0.005185986973834211, ""skew"": -0.0665635347225325, ""excess_kurtosis"": 1.384295403620425, ""tail_ratio_p99_mad"": 4.130464601026872, ""share_beyond_5mad"": 0.01137535896506538}",,laneA_ps1_metrics.v1
yh.ief.logret_5d,volatility,MEASURED,"{""std_first_diff"": 0.0011609256888846613, ""rolling168_std_median"": 0.004443007009249369, ""vol_of_vol_cv"": 0.5608394475847284}",,laneA_ps1_metrics.v1
yh.ief.logret_5d,acf,MEASURED,"{""lag_1"": 0.9907889906655585, ""lag_6"": 0.9447346826136568, ""lag_24"": 0.7800484999109235, ""lag_120"": -0.0036484716845494084, ""lag_168"": 0.012564479483184772, ""lag_unit"": ""rows of the decision grid (1 row = 1 market hour; weekend gaps not filled)""}",,laneA_ps1_metrics.v1
yh.ief.logret_5d,trend,MEASURED,"{""ols_slope_per_year"": -0.00015225857211085555, ""slope_in_std_per_year"": -0.017801180997157794, ""ols_r"": -0.042051527414175734, ""kendall_tau_3000"": -0.03933669010003693, ""kendall_p_3000"": 0.0012386569557914806, ""caveat"": ""OLS p-value omitted: serial correlation makes it invalid""}",,laneA_ps1_metrics.v1
yh.ief.logret_5d,adf,MEASURED,"{""stat"": -10.54387748622267, ""pvalue"": 8.5116040345024075e-19, ""lags"": 24, ""nobs"": 19975, ""crit_5pct"": -2.8616847064863733, ""H0"": ""unit root"", ""regression"": ""c"", ""sample"": ""last 20000 finite TRAIN values (gaps compressed)""}",,laneA_ps1_metrics.v1
yh.ief.logret_5d,kpss,MEASURED,"{""stat"": 0.1778693242522055, ""pvalue"": 0.1, ""lags"": 86, ""H0"": ""level stationary"", ""pvalue_truncated_to_table"": true, ""sample"": ""last 20000 finite TRAIN values (gaps compressed)""}",,laneA_ps1_metrics.v1
yh.ief.logret_5d,seasonality,MEASURED,"{""eta2_hour_of_day"": 5.838188628035135e-06, ""eta2_day_of_week"": 7.718919095185215e-05, ""eta2_month"": 0.016211053198493253}",,laneA_ps1_metrics.v1
yh.ief.logret_5d,spectrum,MEASURED,"{""top_periods_rows"": [512.0, 1024.0, 2048.0], ""top_power_share"": [0.10676461307563861, 0.10304952463757115, 0.10177149303821668], ""spectral_entropy_norm"": 0.4472905109964987, ""zero_filled_fraction"": 0.0, ""method"": ""Welch nperseg<=2048 on demeaned rows""}",,laneA_ps1_metrics.v1
yh.ief.logret_5d,cost,MEASURED,"{""build_s"": 0.014329546249952892, ""profile_s"": 0.032600490999357135, ""bytes_float64"": 573872}",,laneA_ps1_metrics.v1
yh.ivv.logret_1d,missingness,MEASURED,"{""n_rows"": 71734, ""n_finite"": 71734, ""missing_fraction"": 0.0}",,laneA_ps1_metrics.v1
yh.ivv.logret_1d,constant,MEASURED,"{""n_unique"": 2931, ""is_constant"": false, ""top_value_share"": 0.0019934758970641536}",,laneA_ps1_metrics.v1
yh.ivv.logret_1d,scale_tails,MEASURED,"{""mean"": 0.0004441285885922558, ""std"": 0.0107559530631568, ""min"": -0.1230074614789336, ""max"": 0.09030002355015743, ""p001"": -0.059596174021876, ""p01"": -0.031187229564120147, ""p05"": -0.01636432737728022, ""p25"": -0.0037291067177633863, ""median"": 0.0006365144327151739, ""p75"": 0.005490094362758491, ""p95"": 0.015228792802375324, ""p99"": 0.025528392674115885, ""p999"": 0.06521086867215242, ""mad"": 0.004551234862891107, ""skew"": -0.7413702527783349, ""excess_kurtosis"": 15.416015811428434, ""tail_ratio_p99_mad"": 5.469258122528201, ""share_beyond_5mad"": 0.04088716647614799}",,laneA_ps1_metrics.v1
yh.ivv.logret_1d,volatility,MEASURED,"{""std_first_diff"": 0.0032809078968140835, ""rolling168_std_median"": 0.006600117032006773, ""vol_of_vol_cv"": 0.7740519535956202}",,laneA_ps1_metrics.v1
yh.ivv.logret_1d,acf,MEASURED,"{""lag_1"": 0.953478376129712, ""lag_6"": 0.7208678093141508, ""lag_24"": -0.093668848249675, ""lag_120"": 0.026144083439250725, ""lag_168"": 0.10938171318599524, ""lag_unit"": ""rows of the decision grid (1 row = 1 market hour; weekend gaps not filled)""}",,laneA_ps1_metrics.v1
yh.ivv.logret_1d,trend,MEASURED,"{""ols_slope_per_year"": -5.8806334067386825e-06, ""slope_in_std_per_year"": -0.0005467328996518284, ""ols_r"": -0.001291540910775047, ""kendall_tau_3000"": 0.006597201575531036, ""kendall_p_3000"": 0.588032013443982, ""caveat"": ""OLS p-value omitted: serial correlation makes it invalid""}",,laneA_ps1_metrics.v1
yh.ivv.logret_1d,adf,MEASURED,"{""stat"": -19.33911567842686, ""pvalue"": 0.0, ""lags"": 24, ""nobs"": 19975, ""crit_5pct"": -2.8616847064863733, ""H0"": ""unit root"", ""regression"": ""c"", ""sample"": ""last 20000 finite TRAIN values (gaps compressed)""}",,laneA_ps1_metrics.v1
yh.ivv.logret_1d,kpss,MEASURED,"{""stat"": 0.09776184333535885, ""pvalue"": 0.1, ""lags"": 82, ""H0"": ""level stationary"", ""pvalue_truncated_to_table"": true, ""sample"": ""last 20000 finite TRAIN values (gaps compressed)""}",,laneA_ps1_metrics.v1
yh.ivv.logret_1d,seasonality,MEASURED,"{""eta2_hour_of_day"": 1.3475888146290347e-06, ""eta2_day_of_week"": 0.00020821042127118323, ""eta2_month"": 0.00565857830261996}",,laneA_ps1_metrics.v1
yh.ivv.logret_1d,spectrum,MEASURED,"{""top_periods_rows"": [55.351351351351354, 227.55555555555554, 56.888888888888886], ""top_power_share"": [0.03478913965040133, 0.02895857124614425, 0.028727834849035565], ""spectral_entropy_norm"": 0.6623575847968445, ""zero_filled_fraction"": 0.0, ""method"": ""Welch nperseg<=2048 on demeaned rows""}",,laneA_ps1_metrics.v1
yh.ivv.logret_1d,cost,MEASURED,"{""build_s"": 0.014329546249952892, ""profile_s"": 0.032752586000242445, ""bytes_float64"": 573872}",,laneA_ps1_metrics.v1
yh.ivv.logret_5d,missingness,MEASURED,"{""n_rows"": 71734, ""n_finite"": 71734, ""missing_fraction"": 0.0}",,laneA_ps1_metrics.v1
yh.ivv.logret_5d,constant,MEASURED,"{""n_unique"": 2933, ""is_constant"": false, ""top_value_share"": 0.0013103967435246883}",,laneA_ps1_metrics.v1
yh.ivv.logret_5d,scale_tails,MEASURED,"{""mean"": 0.0022018530150769637, ""std"": 0.022385470626105367, ""min"": -0.19894568011501335, ""max"": 0.1551739422450149, ""p001"": -0.1337284201181562, ""p01"": -0.06507238926856296, ""p05"": -0.034610406743221134, ""p25"": -0.007210691145447257, ""median"": 0.003979912093332594, ""p75"": 0.014209198350969565, ""p95"": 0.032877515489711406, ""p99"": 0.05363206723970837, ""p999"": 0.10109874272439315, ""mad"": 0.010606181744093668, ""skew"": -1.093213782029288, ""excess_kurtosis"": 7.987839700024541, ""tail_ratio_p99_mad"": 4.681435444383733, ""share_beyond_5mad"": 0.02891237070287451}",,laneA_ps1_metrics.v1
yh.ivv.logret_5d,volatility,MEASURED,"{""std_first_diff"": 0.0030244599480668028, ""rolling168_std_median"": 0.009938135343512478, ""vol_of_vol_cv"": 0.7409491120473102}",,laneA_ps1_metrics.v1
yh.ivv.logret_5d,acf,MEASURED,"{""lag_1"": 0.9908729362842161, ""lag_6"": 0.9452350211313667, ""lag_24"": 0.7825646912700285, ""lag_120"": -0.006895578413050809, ""lag_168"": 0.02315399751716694, ""lag_unit"": ""rows of the decision grid (1 row = 1 market hour; weekend gaps not filled)""}",,laneA_ps1_metrics.v1
yh.ivv.logret_5d,trend,MEASURED,"{""ols_slope_per_year"": -5.820459605132876e-05, ""slope_in_std_per_year"": -0.0026001059805038024, ""ols_r"": -0.006142200786362177, ""kendall_tau_3000"": 0.013020106807937986, ""kendall_p_3000"": 0.28503815207535643, ""caveat"": ""OLS p-value omitted: serial correlation makes it invalid""}",,laneA_ps1_metrics.v1
yh.ivv.logret_5d,adf,MEASURED,"{""stat"": -10.035433096841185, ""pvalue"": 1.5451743842403522e-17, ""lags"": 24, ""nobs"": 19975, ""crit_5pct"": -2.8616847064863733, ""H0"": ""unit root"", ""regression"": ""c"", ""sample"": ""last 20000 finite TRAIN values (gaps compressed)""}",,laneA_ps1_metrics.v1
yh.ivv.logret_5d,kpss,MEASURED,"{""stat"": 0.20029711784721838, ""pvalue"": 0.1, ""lags"": 86, ""H0"": ""level stationary"", ""pvalue_truncated_to_table"": true, ""sample"": ""last 20000 finite TRAIN values (gaps compressed)""}",,laneA_ps1_metrics.v1
yh.ivv.logret_5d,seasonality,MEASURED,"{""eta2_hour_of_day"": 3.957168329261492e-06, ""eta2_day_of_week"": 5.121603569235589e-05, ""eta2_month"": 0.024717699241716455}",,laneA_ps1_metrics.v1
yh.ivv.logret_5d,spectrum,MEASURED,"{""top_periods_rows"": [1024.0, 2048.0, 682.6666666666666], ""top_power_share"": [0.1304987468460553, 0.11566592914782872, 0.1088035627519036], ""spectral_entropy_norm"": 0.43798888847154993, ""zero_filled_fraction"": 0.0, ""method"": ""Welch nperseg<=2048 on demeaned rows""}",,laneA_ps1_metrics.v1
yh.ivv.logret_5d,cost,MEASURED,"{""build_s"": 0.014329546249952892, ""profile_s"": 0.03310340400003042, ""bytes_float64"": 573872}",,laneA_ps1_metrics.v1
yh.iwm.logret_1d,missingness,MEASURED,"{""n_rows"": 71734, ""n_finite"": 71734, ""missing_fraction"": 0.0}",,laneA_ps1_metrics.v1
yh.iwm.logret_1d,constant,MEASURED,"{""n_unique"": 2930, ""is_constant"": false, ""top_value_share"": 0.0019795355061755933}",,laneA_ps1_metrics.v1
yh.iwm.logret_1d,scale_tails,MEASURED,"{""mean"": 0.00037923460003700554, ""std"": 0.013400567601667523, ""min"": -0.1423349161538523, ""max"": 0.08754509485595818, ""p001"": -0.08068117008960662, ""p01"": -0.035670265216967145, ""p05"": -0.020437284853415782, ""p25"": -0.006285671086410538, ""median"": 0.0010015284588087425, ""p75"": 0.0075681379915399916, ""p95"": 0.020394255298226582, ""p99"": 0.03161412687820686, ""p999"": 0.06483431487262603, ""mad"": 0.0068681453807064585, ""skew"": -0.8063623635089691, ""excess_kurtosis"": 9.889953034743005, ""tail_ratio_p99_mad"": 4.457185560659943, ""share_beyond_5mad"": 0.020687540078623806}",,laneA_ps1_metrics.v1
yh.iwm.logret_1d,volatility,MEASURED,"{""std_first_diff"": 0.003965488664720326, ""rolling168_std_median"": 0.00935008235508806, ""vol_of_vol_cv"": 0.6147189901329445}",,laneA_ps1_metrics.v1
yh.iwm.logret_1d,acf,MEASURED,"{""lag_1"": 0.956216194225185, ""lag_6"": 0.737288428362605, ""lag_24"": -0.023728506937573522, ""lag_120"": 0.013804429953485058, ""lag_168"": 0.06739246132452491, ""lag_unit"": ""rows of the decision grid (1 row = 1 market hour; weekend gaps not filled)""}",,laneA_ps1_metrics.v1
yh.iwm.logret_1d,trend,MEASURED,"{""ols_slope_per_year"": -3.2070228973523914e-05, ""slope_in_std_per_year"": -0.0023931992977322242, ""ols_r"": -0.005653427482830546, ""kendall_tau_3000"": -0.005582846607938368, ""kendall_p_3000"": 0.6466634389991759, ""caveat"": ""OLS p-value omitted: serial correlation makes it invalid""}",,laneA_ps1_metrics.v1
yh.iwm.logret_1d,adf,MEASURED,"{""stat"": -18.96258210149836, ""pvalue"": 0.0, ""lags"": 24, ""nobs"": 19975, ""crit_5pct"": -2.8616847064863733, ""H0"": ""unit root"", ""regression"": ""c"", ""sample"": ""last 20000 finite TRAIN values (gaps compressed)""}",,laneA_ps1_metrics.v1
yh.iwm.logret_1d,kpss,MEASURED,"{""stat"": 0.1632043566075827, ""pvalue"": 0.1, ""lags"": 82, ""H0"": ""level stationary"", ""pvalue_truncated_to_table"": true, ""sample"": ""last 20000 finite TRAIN values (gaps compressed)""}",,laneA_ps1_metrics.v1
yh.iwm.logret_1d,seasonality,MEASURED,"{""eta2_hour_of_day"": 7.527384866710728e-06, ""eta2_day_of_week"": 0.0008214195724246955, ""eta2_month"": 0.004484400286805861}",,laneA_ps1_metrics.v1
yh.iwm.logret_1d,spectrum,MEASURED,"{""top_periods_rows"": [292.57142857142856, 227.55555555555554, 1024.0], ""top_power_share"": [0.028818886844754896, 0.02877649181117662, 0.025520703407169366], ""spectral_entropy_norm"": 0.6613487705019218, ""zero_filled_fraction"": 0.0, ""method"": ""Welch nperseg<=2048 on demeaned rows""}",,laneA_ps1_metrics.v1
yh.iwm.logret_1d,cost,MEASURED,"{""build_s"": 0.014329546249952892, ""profile_s"": 0.032360119999793824, ""bytes_float64"": 573872}",,laneA_ps1_metrics.v1
yh.iwm.logret_5d,missingness,MEASURED,"{""n_rows"": 71734, ""n_finite"": 71734, ""missing_fraction"": 0.0}",,laneA_ps1_metrics.v1
yh.iwm.logret_5d,constant,MEASURED,"{""n_unique"": 2931, ""is_constant"": false, ""top_value_share"": 0.0019795355061755933}",,laneA_ps1_metrics.v1
yh.iwm.logret_5d,scale_tails,MEASURED,"{""mean"": 0.0018256742632377745, ""std"": 0.029771335573550044, ""min"": -0.2743761521190944, ""max"": 0.1411102010025047, ""p001"": -0.2154922397032557, ""p01"": -0.0813332175963426, ""p05"": -0.04396551257333048, ""p25"": -0.013300047242180923, ""median"": 0.003542917229537146, ""p75"": 0.018630974419351354, ""p95"": 0.04497722631171808, ""p99"": 0.07335523958865142, ""p999"": 0.13894998086207622, ""mad"": 0.015775358079801904, ""skew"": -1.0039963168919914, ""excess_kurtosis"": 8.326843963096339, ""tail_ratio_p99_mad"": 4.42540334146196, ""share_beyond_5mad"": 0.020673599687735245}",,laneA_ps1_metrics.v1
yh.iwm.logret_5d,volatility,MEASURED,"{""std_first_diff"": 0.0037820976121531883, ""rolling168_std_median"": 0.014348390911271467, ""vol_of_vol_cv"": 0.6700079302857248}",,laneA_ps1_metrics.v1
yh.iwm.logret_5d,acf,MEASURED,"{""lag_1"": 0.9919306219483469, ""lag_6"": 0.9515720620075376, ""lag_24"": 0.8070742958364004, ""lag_120"": 0.014288096660996723, ""lag_168"": 0.02025953054254082, ""lag_unit"": ""rows of the decision grid (1 row = 1 market hour; weekend gaps not filled)""}",,laneA_ps1_metrics.v1
yh.iwm.logret_5d,trend,MEASURED,"{""ols_slope_per_year"": -0.00022165048042035326, ""slope_in_std_per_year"": -0.0074450969750001995, ""ols_r"": -0.017587467909876593, ""kendall_tau_3000"": -0.010593713686758485, ""kendall_p_3000"": 0.3843878511112164, ""caveat"": ""OLS p-value omitted: serial correlation makes it invalid""}",,laneA_ps1_metrics.v1
yh.iwm.logret_5d,adf,MEASURED,"{""stat"": -10.041852363613883, ""pvalue"": 1.48908419766957e-17, ""lags"": 24, ""nobs"": 19975, ""crit_5pct"": -2.8616847064863733, ""H0"": ""unit root"", ""regression"": ""c"", ""sample"": ""last 20000 finite TRAIN values (gaps compressed)""}",,laneA_ps1_metrics.v1
yh.iwm.logret_5d,kpss,MEASURED,"{""stat"": 0.34310971683926317, ""pvalue"": 0.1, ""lags"": 86, ""H0"": ""level stationary"", ""pvalue_truncated_to_table"": true, ""sample"": ""last 20000 finite TRAIN values (gaps compressed)""}",,laneA_ps1_metrics.v1
yh.iwm.logret_5d,seasonality,MEASURED,"{""eta2_hour_of_day"": 1.970207598431501e-06, ""eta2_day_of_week"": 4.340875741014748e-05, ""eta2_month"": 0.020703544094924687}",,laneA_ps1_metrics.v1
yh.iwm.logret_5d,spectrum,MEASURED,"{""top_periods_rows"": [1024.0, 2048.0, 682.6666666666666], ""top_power_share"": [0.13056647906540467, 0.12211034515616226, 0.10688885277928782], ""spectral_entropy_norm"": 0.42769565967889933, ""zero_filled_fraction"": 0.0, ""method"": ""Welch nperseg<=2048 on demeaned rows""}",,laneA_ps1_metrics.v1
yh.iwm.logret_5d,cost,MEASURED,"{""build_s"": 0.014329546249952892, ""profile_s"": 0.0328858359998776, ""bytes_float64"": 573872}",,laneA_ps1_metrics.v1
yh.iyr.logret_1d,missingness,MEASURED,"{""n_rows"": 71734, ""n_finite"": 71734, ""missing_fraction"": 0.0}",,laneA_ps1_metrics.v1
yh.iyr.logret_1d,constant,MEASURED,"{""n_unique"": 2912, ""is_constant"": false, ""top_value_share"": 0.006621685672066245}",,laneA_ps1_metrics.v1
yh.iyr.logret_1d,scale_tails,MEASURED,"{""mean"": 0.00019897781767510737, ""std"": 0.012216089209609862, ""min"": -0.18476449670169703, ""max"": 0.08188262264876567, ""p001"": -0.07701350325259693, ""p01"": -0.0327026230901577, ""p05"": -0.017966440325964506, ""p25"": -0.005073999631277637, ""median"": 0.0007957236146589608, ""p75"": 0.006160962553047433, ""p95"": 0.016807146752997326, ""p99"": 0.02958797638940247, ""p999"": 0.07234962022528002, ""mad"": 0.005599710348405118, ""skew"": -1.4650333905093151, ""excess_kurtosis"": 25.363707146944087, ""tail_ratio_p99_mad"": 5.141739658542156, ""share_beyond_5mad"": 0.027992304904229513}",,laneA_ps1_metrics.v1
yh.iyr.logret_1d,volatility,MEASURED,"{""std_first_diff"": 0.0035833566829573654, ""rolling168_std_median"": 0.007572834222594324, ""vol_of_vol_cv"": 0.7480970646492977}",,laneA_ps1_metrics.v1
yh.iyr.logret_1d,acf,MEASURED,"{""lag_1"": 0.9569790231957719, ""lag_6"": 0.7418743630144747, ""lag_24"": -0.011062800688080592, ""lag_120"": 0.01975105469795327, ""lag_168"": 0.03985659012450661, ""lag_unit"": ""rows of the decision grid (1 row = 1 market hour; weekend gaps not filled)""}",,laneA_ps1_metrics.v1
yh.iyr.logret_1d,trend,MEASURED,"{""ols_slope_per_year"": 2.6826734592270266e-06, ""slope_in_std_per_year"": 0.00021960165918866122, ""ols_r"": 0.0005187625019398937, ""kendall_tau_3000"": 0.0034054765748472472, ""kendall_p_3000"": 0.7797724496901978, ""caveat"": ""OLS p-value omitted: serial correlation makes it invalid""}",,laneA_ps1_metrics.v1
yh.iyr.logret_1d,adf,MEASURED,"{""stat"": -18.992992237222754, ""pvalue"": 0.0, ""lags"": 24, ""nobs"": 19975, ""crit_5pct"": -2.8616847064863733, ""H0"": ""unit root"", ""regression"": ""c"", ""sample"": ""last 20000 finite TRAIN values (gaps compressed)""}",,laneA_ps1_metrics.v1
yh.iyr.logret_1d,kpss,MEASURED,"{""stat"": 0.15963252540660433, ""pvalue"": 0.1, ""lags"": 82, ""H0"": ""level stationary"", ""pvalue_truncated_to_table"": true, ""sample"": ""last 20000 finite TRAIN values (gaps compressed)""}",,laneA_ps1_metrics.v1
yh.iyr.logret_1d,seasonality,MEASURED,"{""eta2_hour_of_day"": 7.141066916363315e-06, ""eta2_day_of_week"": 0.0013794149293641998, ""eta2_month"": 0.0054582299297761955}",,laneA_ps1_metrics.v1
yh.iyr.logret_1d,spectrum,MEASURED,"{""top_periods_rows"": [292.57142857142856, 227.55555555555554, 1024.0], ""top_power_share"": [0.03265082966893722, 0.03027651522858467, 0.029714070718721078], ""spectral_entropy_norm"": 0.6560667939127192, ""zero_filled_fraction"": 0.0, ""method"": ""Welch nperseg<=2048 on demeaned rows""}",,laneA_ps1_metrics.v1
yh.iyr.logret_1d,cost,MEASURED,"{""build_s"": 0.014329546249952892, ""profile_s"": 0.0326757919992815, ""bytes_float64"": 573872}",,laneA_ps1_metrics.v1
yh.iyr.logret_5d,missingness,MEASURED,"{""n_rows"": 71734, ""n_finite"": 71734, ""missing_fraction"": 0.0}",,laneA_ps1_metrics.v1
yh.iyr.logret_5d,constant,MEASURED,"{""n_unique"": 2925, ""is_constant"": false, ""top_value_share"": 0.0016589065157387012}",,laneA_ps1_metrics.v1
yh.iyr.logret_5d,scale_tails,MEASURED,"{""mean"": 0.0008562142317004145, ""std"": 0.02787998924473615, ""min"": -0.2867378147935389, ""max"": 0.2134144721668294, ""p001"": -0.22746274369897534, ""p01"": -0.07623131787923043, ""p05"": -0.04188480823689744, ""p25"": -0.011304252290999628, ""median"": 0.003118522841238036, ""p75"": 0.015087215917898966, ""p95"": 0.0385410924892895, ""p99"": 0.06207873848869738, ""p999"": 0.17064235272162953, ""mad"": 0.013270592923724234, ""skew"": -1.2042398267030545, ""excess_kurtosis"": 15.354600741598095, ""tail_ratio_p99_mad"": 4.442922481787111, ""share_beyond_5mad"": 0.024939359299634763}",,laneA_ps1_metrics.v1
yh.iyr.logret_5d,volatility,MEASURED,"{""std_first_diff"": 0.003432977146812309, ""rolling168_std_median"": 0.011694412641133821, ""vol_of_vol_cv"": 0.8216842993880857}",,laneA_ps1_metrics.v1
yh.iyr.logret_5d,acf,MEASURED,"{""lag_1"": 0.9924189782645508, ""lag_6"": 0.9545112825499572, ""lag_24"": 0.8186530521126252, ""lag_120"": -0.0016117889814725923, ""lag_168"": -0.01459867171885863, ""lag_unit"": ""rows of the decision grid (1 row = 1 market hour; weekend gaps not filled)""}",,laneA_ps1_metrics.v1
yh.iyr.logret_5d,trend,MEASURED,"{""ols_slope_per_year"": -7.422332783701337e-05, ""slope_in_std_per_year"": -0.0026622437758302584, ""ols_r"": -0.006288988193559712, ""kendall_tau_3000"": -0.0008787528868449094, ""kendall_p_3000"": 0.9424797092470666, ""caveat"": ""OLS p-value omitted: serial correlation makes it invalid""}",,laneA_ps1_metrics.v1
yh.iyr.logret_5d,adf,MEASURED,"{""stat"": -9.732447638655099, ""pvalue"": 8.92976599305851e-17, ""lags"": 24, ""nobs"": 19975, ""crit_5pct"": -2.8616847064863733, ""H0"": ""unit root"", ""regression"": ""c"", ""sample"": ""last 20000 finite TRAIN values (gaps compressed)""}",,laneA_ps1_metrics.v1
yh.iyr.logret_5d,kpss,MEASURED,"{""stat"": 0.2572310254076532, ""pvalue"": 0.1, ""lags"": 86, ""H0"": ""level stationary"", ""pvalue_truncated_to_table"": true, ""sample"": ""last 20000 finite TRAIN values (gaps compressed)""}",,laneA_ps1_metrics.v1
yh.iyr.logret_5d,seasonality,MEASURED,"{""eta2_hour_of_day"": 2.7763937685166774e-06, ""eta2_day_of_week"": 2.7870906821409764e-05, ""eta2_month"": 0.023634010142571167}",,laneA_ps1_metrics.v1
yh.iyr.logret_5d,spectrum,MEASURED,"{""top_periods_rows"": [1024.0, 682.6666666666666, 2048.0], ""top_power_share"": [0.14132544786269816, 0.1188027629560539, 0.11221432495906852], ""spectral_entropy_norm"": 0.41950343024406916, ""zero_filled_fraction"": 0.0, ""method"": ""Welch nperseg<=2048 on demeaned rows""}",,laneA_ps1_metrics.v1
yh.iyr.logret_5d,cost,MEASURED,"{""build_s"": 0.014329546249952892, ""profile_s"": 0.032937553000010666, ""bytes_float64"": 573872}",,laneA_ps1_metrics.v1
yh.lqd.logret_1d,missingness,MEASURED,"{""n_rows"": 71734, ""n_finite"": 71734, ""missing_fraction"": 0.0}",,laneA_ps1_metrics.v1
yh.lqd.logret_1d,constant,MEASURED,"{""n_unique"": 2890, ""is_constant"": false, ""top_value_share"": 0.01106867036551705}",,laneA_ps1_metrics.v1
yh.lqd.logret_1d,scale_tails,MEASURED,"{""mean"": 1.0990308286395149e-05, ""std"": 0.005122278549946205, ""min"": -0.05132496163750755, ""max"": 0.0713135752741092, ""p001"": -0.041835845539914374, ""p01"": -0.012973739059336964, ""p05"": -0.007504379423667551, ""p25"": -0.0022316683447636265, ""median"": 0.000328603598436672, ""p75"": 0.0023199842507244384, ""p95"": 0.006339928470172396, ""p99"": 0.012137232781193497, ""p999"": 0.04594583256064855, ""mad"": 0.002248027296226418, ""skew"": 0.6047366575171259, ""excess_kurtosis"": 32.03389111676144, ""tail_ratio_p99_mad"": 5.252885141821461, ""share_beyond_5mad"": 0.027755318259123987}",,laneA_ps1_metrics.v1
yh.lqd.logret_1d,volatility,MEASURED,"{""std_first_diff"": 0.0013872348685587455, ""rolling168_std_median"": 0.0029789891114454276, ""vol_of_vol_cv"": 0.8134053132484275}",,laneA_ps1_metrics.v1
yh.lqd.logret_1d,acf,MEASURED,"{""lag_1"": 0.9633276793222112, ""lag_6"": 0.779992084753052, ""lag_24"": 0.14996726057778556, ""lag_120"": 0.007105238273036476, ""lag_168"": -0.045753300889762615, ""lag_unit"": ""rows of the decision grid (1 row = 1 market hour; weekend gaps not filled)""}",,laneA_ps1_metrics.v1
yh.lqd.logret_1d,trend,MEASURED,"{""ols_slope_per_year"": -2.1472797207746462e-05, ""slope_in_std_per_year"": -0.0041920401240131645, ""ols_r"": -0.009902808708276725, ""kendall_tau_3000"": -0.005042971091584884, ""kendall_p_3000"": 0.6788388322689765, ""caveat"": ""OLS p-value omitted: serial correlation makes it invalid""}",,laneA_ps1_metrics.v1
yh.lqd.logret_1d,adf,MEASURED,"{""stat"": -19.143162673054597, ""pvalue"": 0.0, ""lags"": 24, ""nobs"": 19975, ""crit_5pct"": -2.8616847064863733, ""H0"": ""unit root"", ""regression"": ""c"", ""sample"": ""last 20000 finite TRAIN values (gaps compressed)""}",,laneA_ps1_metrics.v1
yh.lqd.logret_1d,kpss,MEASURED,"{""stat"": 0.17975058630831345, ""pvalue"": 0.1, ""lags"": 82, ""H0"": ""level stationary"", ""pvalue_truncated_to_table"": true, ""sample"": ""last 20000 finite TRAIN values (gaps compressed)""}",,laneA_ps1_metrics.v1
yh.lqd.logret_1d,seasonality,MEASURED,"{""eta2_hour_of_day"": 1.8492312907866327e-05, ""eta2_day_of_week"": 0.005213437471649613, ""eta2_month"": 0.004176338261577475}",,laneA_ps1_metrics.v1
yh.lqd.logret_1d,spectrum,MEASURED,"{""top_periods_rows"": [292.57142857142856, 341.3333333333333, 146.28571428571428], ""top_power_share"": [0.04298701085479177, 0.039676025714507894, 0.03658594094197368], ""spectral_entropy_norm"": 0.636879479275523, ""zero_filled_fraction"": 0.0, ""method"": ""Welch nperseg<=2048 on demeaned rows""}",,laneA_ps1_metrics.v1
yh.lqd.logret_1d,cost,MEASURED,"{""build_s"": 0.014329546249952892, ""profile_s"": 0.03252016100032051, ""bytes_float64"": 573872}",,laneA_ps1_metrics.v1
yh.lqd.logret_5d,missingness,MEASURED,"{""n_rows"": 71734, ""n_finite"": 71734, ""missing_fraction"": 0.0}",,laneA_ps1_metrics.v1
yh.lqd.logret_5d,constant,MEASURED,"{""n_unique"": 2922, ""is_constant"": false, ""top_value_share"": 0.0035547996765829316}",,laneA_ps1_metrics.v1
yh.lqd.logret_5d,scale_tails,MEASURED,"{""mean"": -2.2650775008857662e-05, ""std"": 0.012032395125891741, ""min"": -0.142194850745625, ""max"": 0.15514288539209087, ""p001"": -0.1139651096836456, ""p01"": -0.028900440546617112, ""p05"": -0.016507473781605775, ""p25"": -0.004683854251430475, ""median"": 0.0006565599912216058, ""p75"": 0.005466356109437243, ""p95"": 0.013649811336687634, ""p99"": 0.024775740443415906, ""p999"": 0.07970772266100834, ""mad"": 0.005056408969060122, ""skew"": -0.37589872879942926, ""excess_kurtosis"": 36.867967950383374, ""tail_ratio_p99_mad"": 4.770021689261725, ""share_beyond_5mad"": 0.024995120863189006}",,laneA_ps1_metrics.v1
yh.lqd.logret_5d,volatility,MEASURED,"{""std_first_diff"": 0.0014356178388964759, ""rolling168_std_median"": 0.004451248436435607, ""vol_of_vol_cv"": 1.0310510900838634}",,laneA_ps1_metrics.v1
yh.lqd.logret_5d,acf,MEASURED,"{""lag_1"": 0.9928823187309123, ""lag_6"": 0.9572943103924418, ""lag_24"": 0.8306289211965772, ""lag_120"": -0.007578378757280905, ""lag_168"": -0.0352238705623303, ""lag_unit"": ""rows of the decision grid (1 row = 1 market hour; weekend gaps not filled)""}",,laneA_ps1_metrics.v1
yh.lqd.logret_5d,trend,MEASURED,"{""ols_slope_per_year"": -0.00012563457424777876, ""slope_in_std_per_year"": -0.010441360421869272, ""ols_r"": -0.02466550697347719, ""kendall_tau_3000"": -0.013304951396533284, ""kendall_p_3000"": 0.27463452621322415, ""caveat"": ""OLS p-value omitted: serial correlation makes it invalid""}",,laneA_ps1_metrics.v1
yh.lqd.logret_5d,adf,MEASURED,"{""stat"": -9.655021246749945, ""pvalue"": 1.4016366252661217e-16, ""lags"": 24, ""nobs"": 19975, ""crit_5pct"": -2.8616847064863733, ""H0"": ""unit root"", ""regression"": ""c"", ""sample"": ""last 20000 finite TRAIN values (gaps compressed)""}",,laneA_ps1_metrics.v1
yh.lqd.logret_5d,kpss,MEASURED,"{""stat"": 0.31396134286833527, ""pvalue"": 0.1, ""lags"": 86, ""H0"": ""level stationary"", ""pvalue_truncated_to_table"": true, ""sample"": ""last 20000 finite TRAIN values (gaps compressed)""}",,laneA_ps1_metrics.v1
yh.lqd.logret_5d,seasonality,MEASURED,"{""eta2_hour_of_day"": 3.7180179462709645e-06, ""eta2_day_of_week"": 0.0001015231752580993, ""eta2_month"": 0.018910666912170266}",,laneA_ps1_metrics.v1
yh.lqd.logret_5d,spectrum,MEASURED,"{""top_periods_rows"": [1024.0, 682.6666666666666, 341.3333333333333], ""top_power_share"": [0.13807567675393484, 0.11441534661997947, 0.10692070103492093], ""spectral_entropy_norm"": 0.41654790377230283, ""zero_filled_fraction"": 0.0, ""method"": ""Welch nperseg<=2048 on demeaned rows""}",,laneA_ps1_metrics.v1
yh.lqd.logret_5d,cost,MEASURED,"{""build_s"": 0.014329546249952892, ""profile_s"": 0.03236936700068327, ""bytes_float64"": 573872}",,laneA_ps1_metrics.v1
yh.qqq.logret_1d,missingness,MEASURED,"{""n_rows"": 71734, ""n_finite"": 71734, ""missing_fraction"": 0.0}",,laneA_ps1_metrics.v1
yh.qqq.logret_1d,constant,MEASURED,"{""n_unique"": 2926, ""is_constant"": false, ""top_value_share"": 0.0036384420219142946}",,laneA_ps1_metrics.v1
yh.qqq.logret_1d,scale_tails,MEASURED,"{""mean"": 0.0006207403568596393, ""std"": 0.012959363680996946, ""min"": -0.12759231307973629, ""max"": 0.08130856906262274, ""p001"": -0.056397638469358746, ""p01"": -0.03884904724819549, ""p05"": -0.021257997955583363, ""p25"": -0.004677236641419391, ""median"": 0.0011430843258448675, ""p75"": 0.0071812427819111235, ""p95"": 0.019411790279255214, ""p99"": 0.03236596700324931, ""p999"": 0.0731033116238402, ""mad"": 0.005934086048240417, ""skew"": -0.5366782433714877, ""excess_kurtosis"": 7.5350384424522865, ""tail_ratio_p99_mad"": 5.261616097842514, ""share_beyond_5mad"": 0.038879750188195276}",,laneA_ps1_metrics.v1
yh.qqq.logret_1d,volatility,MEASURED,"{""std_first_diff"": 0.0039051157508437676, ""rolling168_std_median"": 0.008567380375760346, ""vol_of_vol_cv"": 0.6717438263195716}",,laneA_ps1_metrics.v1
yh.qqq.logret_1d,acf,MEASURED,"{""lag_1"": 0.9545989882035794, ""lag_6"": 0.7275892953498778, ""lag_24"": -0.06726735560297535, ""lag_120"": 0.004516949861164478, ""lag_168"": 0.07292004434148283, ""lag_unit"": ""rows of the decision grid (1 row = 1 market hour; weekend gaps not filled)""}",,laneA_ps1_metrics.v1
yh.qqq.logret_1d,trend,MEASURED,"{""ols_slope_per_year"": 9.37555215934146e-06, ""slope_in_std_per_year"": 0.0007234577553440658, ""ols_r"": 0.0017090160274594373, ""kendall_tau_3000"": 0.013974516512198679, ""kendall_p_3000"": 0.2512041544563808, ""caveat"": ""OLS p-value omitted: serial correlation makes it invalid""}",,laneA_ps1_metrics.v1
yh.qqq.logret_1d,adf,MEASURED,"{""stat"": -19.342777063361424, ""pvalue"": 0.0, ""lags"": 24, ""nobs"": 19975, ""crit_5pct"": -2.8616847064863733, ""H0"": ""unit root"", ""regression"": ""c"", ""sample"": ""last 20000 finite TRAIN values (gaps compressed)""}",,laneA_ps1_metrics.v1
yh.qqq.logret_1d,kpss,MEASURED,"{""stat"": 0.11594208139878967, ""pvalue"": 0.1, ""lags"": 82, ""H0"": ""level stationary"", ""pvalue_truncated_to_table"": true, ""sample"": ""last 20000 finite TRAIN values (gaps compressed)""}",,laneA_ps1_metrics.v1
yh.qqq.logret_1d,seasonality,MEASURED,"{""eta2_hour_of_day"": 2.3750988938214996e-06, ""eta2_day_of_week"": 0.0008820430731022567, ""eta2_month"": 0.004925629646654437}",,laneA_ps1_metrics.v1
yh.qqq.logret_1d,spectrum,MEASURED,"{""top_periods_rows"": [55.351351351351354, 227.55555555555554, 56.888888888888886], ""top_power_share"": [0.028122482260765733, 0.02809474850362927, 0.025144212289662064], ""spectral_entropy_norm"": 0.6639726100227042, ""zero_filled_fraction"": 0.0, ""method"": ""Welch nperseg<=2048 on demeaned rows""}",,laneA_ps1_metrics.v1
yh.qqq.logret_1d,cost,MEASURED,"{""build_s"": 0.014329546249952892, ""profile_s"": 0.032666413999322685, ""bytes_float64"": 573872}",,laneA_ps1_metrics.v1
yh.qqq.logret_5d,missingness,MEASURED,"{""n_rows"": 71734, ""n_finite"": 71734, ""missing_fraction"": 0.0}",,laneA_ps1_metrics.v1
yh.qqq.logret_5d,constant,MEASURED,"{""n_unique"": 2933, ""is_constant"": false, ""top_value_share"": 0.0013103967435246883}",,laneA_ps1_metrics.v1
yh.qqq.logret_5d,scale_tails,MEASURED,"{""mean"": 0.0031859528748783787, ""std"": 0.026702306651050018, ""min"": -0.17669437139868105, ""max"": 0.11920294422105293, ""p001"": -0.12374622876609997, ""p01"": -0.077539703823434, ""p05"": -0.041717084505722646, ""p25"": -0.009752025107791162, ""median"": 0.0056356977770777306, ""p75"": 0.018660373932560148, ""p95"": 0.04192656648365589, ""p99"": 0.06665906014133416, ""p999"": 0.09548712441406731, ""mad"": 0.014109421746707262, ""skew"": -0.7258072665724181, ""excess_kurtosis"": 3.045689587882751, ""tail_ratio_p99_mad"": 4.325008030786063, ""share_beyond_5mad"": 0.024521147572977946}",,laneA_ps1_metrics.v1
yh.qqq.logret_5d,volatility,MEASURED,"{""std_first_diff"": 0.003680889065449395, ""rolling168_std_median"": 0.013189381001481083, ""vol_of_vol_cv"": 0.641991026307386}",,laneA_ps1_metrics.v1
yh.qqq.logret_5d,acf,MEASURED,"{""lag_1"": 0.9904988715769094, ""lag_6"": 0.9429896612334076, ""lag_24"": 0.7727553159552099, ""lag_120"": -0.01902591825725854, ""lag_168"": 0.00606613085046664, ""lag_unit"": ""rows of the decision grid (1 row = 1 market hour; weekend gaps not filled)""}",,laneA_ps1_metrics.v1
yh.qqq.logret_5d,trend,MEASURED,"{""ols_slope_per_year"": 1.8921184510934784e-05, ""slope_in_std_per_year"": 0.0007085973791777552, ""ols_r"": 0.0016739115298509725, ""kendall_tau_3000"": 0.021230087764584144, ""kendall_p_3000"": 0.08130138618054078, ""caveat"": ""OLS p-value omitted: serial correlation makes it invalid""}",,laneA_ps1_metrics.v1
yh.qqq.logret_5d,adf,MEASURED,"{""stat"": -9.988549726311225, ""pvalue"": 2.0247490692716302e-17, ""lags"": 24, ""nobs"": 19975, ""crit_5pct"": -2.8616847064863733, ""H0"": ""unit root"", ""regression"": ""c"", ""sample"": ""last 20000 finite TRAIN values (gaps compressed)""}",,laneA_ps1_metrics.v1
yh.qqq.logret_5d,kpss,MEASURED,"{""stat"": 0.22904445623455502, ""pvalue"": 0.1, ""lags"": 86, ""H0"": ""level stationary"", ""pvalue_truncated_to_table"": true, ""sample"": ""last 20000 finite TRAIN values (gaps compressed)""}",,laneA_ps1_metrics.v1
yh.qqq.logret_5d,seasonality,MEASURED,"{""eta2_hour_of_day"": 1.0148537884706866e-05, ""eta2_day_of_week"": 7.449762308059537e-05, ""eta2_month"": 0.017373632442813904}",,laneA_ps1_metrics.v1
yh.qqq.logret_5d,spectrum,MEASURED,"{""top_periods_rows"": [1024.0, 2048.0, 682.6666666666666], ""top_power_share"": [0.12302214502965018, 0.10768216025507511, 0.10295211130823871], ""spectral_entropy_norm"": 0.4441306902526004, ""zero_filled_fraction"": 0.0, ""method"": ""Welch nperseg<=2048 on demeaned rows""}",,laneA_ps1_metrics.v1
yh.qqq.logret_5d,cost,MEASURED,"{""build_s"": 0.014329546249952892, ""profile_s"": 0.03256090699960623, ""bytes_float64"": 573872}",,laneA_ps1_metrics.v1
yh.shy.logret_1d,missingness,MEASURED,"{""n_rows"": 71734, ""n_finite"": 71734, ""missing_fraction"": 0.0}",,laneA_ps1_metrics.v1
yh.shy.logret_1d,constant,MEASURED,"{""n_unique"": 1907, ""is_constant"": false, ""top_value_share"": 0.1111049153818273}",,laneA_ps1_metrics.v1
yh.shy.logret_1d,scale_tails,MEASURED,"{""mean"": -1.2169478777099374e-05, ""std"": 0.000849232632226633, ""min"": -0.005100883024519831, ""max"": 0.009924698014939892, ""p001"": -0.0043940548894063625, ""p01"": -0.002719759648624809, ""p05"": -0.001231205244359046, ""p25"": -0.0003544488551279201, ""median"": 0.0, ""p75"": 0.0003536198122207068, ""p95"": 0.001114531303467281, ""p99"": 0.002530568230969976, ""p999"": 0.00543281312817534, ""mad"": 0.00035390526545064915, ""skew"": 0.44410895113730564, ""excess_kurtosis"": 11.796833356376458, ""tail_ratio_p99_mad"": 7.15041136149147, ""share_beyond_5mad"": 0.053531101012072375}",,laneA_ps1_metrics.v1
yh.shy.logret_1d,volatility,MEASURED,"{""std_first_diff"": 0.0002591981936961516, ""rolling168_std_median"": 0.0004784273257541219, ""vol_of_vol_cv"": 0.7972566707736175}",,laneA_ps1_metrics.v1
yh.shy.logret_1d,acf,MEASURED,"{""lag_1"": 0.9534226415619581, ""lag_6"": 0.7205510484474188, ""lag_24"": -0.01481331361241459, ""lag_120"": -0.0069213833722151724, ""lag_168"": -0.05912442809862914, ""lag_unit"": ""rows of the decision grid (1 row = 1 market hour; weekend gaps not filled)""}",,laneA_ps1_metrics.v1
yh.shy.logret_1d,trend,MEASURED,"{""ols_slope_per_year"": -8.061882192658846e-06, ""slope_in_std_per_year"": -0.009493137553512413, ""ols_r"": -0.02242553087583383, ""kendall_tau_3000"": -0.017502554475865992, ""kendall_p_3000"": 0.15296090102794838, ""caveat"": ""OLS p-value omitted: serial correlation makes it invalid""}",,laneA_ps1_metrics.v1
yh.shy.logret_1d,adf,MEASURED,"{""stat"": -20.006461218925647, ""pvalue"": 0.0, ""lags"": 24, ""nobs"": 19975, ""crit_5pct"": -2.8616847064863733, ""H0"": ""unit root"", ""regression"": ""c"", ""sample"": ""last 20000 finite TRAIN values (gaps compressed)""}",,laneA_ps1_metrics.v1
yh.shy.logret_1d,kpss,MEASURED,"{""stat"": 0.17172432409843916, ""pvalue"": 0.1, ""lags"": 81, ""H0"": ""level stationary"", ""pvalue_truncated_to_table"": true, ""sample"": ""last 20000 finite TRAIN values (gaps compressed)""}",,laneA_ps1_metrics.v1
yh.shy.logret_1d,seasonality,MEASURED,"{""eta2_hour_of_day"": 2.9356485251488078e-05, ""eta2_day_of_week"": 0.0069353071147203, ""eta2_month"": 0.002479914054173203}",,laneA_ps1_metrics.v1
yh.shy.logret_1d,spectrum,MEASURED,"{""top_periods_rows"": [107.78947368421052, 227.55555555555554, 120.47058823529412], ""top_power_share"": [0.029914169537991656, 0.028567474471791945, 0.02823122814004588], ""spectral_entropy_norm"": 0.6743493319639282, ""zero_filled_fraction"": 0.0, ""method"": ""Welch nperseg<=2048 on demeaned rows""}",,laneA_ps1_metrics.v1
yh.shy.logret_1d,cost,MEASURED,"{""build_s"": 0.014329546249952892, ""profile_s"": 0.032150207000086084, ""bytes_float64"": 573872}",,laneA_ps1_metrics.v1
yh.shy.logret_5d,missingness,MEASURED,"{""n_rows"": 71734, ""n_finite"": 71734, ""missing_fraction"": 0.0}",,laneA_ps1_metrics.v1
yh.shy.logret_5d,constant,MEASURED,"{""n_unique"": 2233, ""is_constant"": false, ""top_value_share"": 0.05411659742939192}",,laneA_ps1_metrics.v1
yh.shy.logret_5d,scale_tails,MEASURED,"{""mean"": -5.045604368142877e-05, ""std"": 0.001730895483327223, ""min"": -0.012728160632640595, ""max"": 0.020652243019210204, ""p001"": -0.00806172817466341, ""p01"": -0.0049543455507681244, ""p05"": -0.0027105473925548296, ""p25"": -0.000721211196460736, ""median"": 0.0, ""p75"": 0.0006005817107039846, ""p95"": 0.0024785976548766797, ""p99"": 0.004741766034796591, ""p999"": 0.012968099356236884, ""mad"": 0.000709694351339607, ""skew"": 0.8385601095358207, ""excess_kurtosis"": 13.978105933522954, ""tail_ratio_p99_mad"": 6.681420002633688, ""share_beyond_5mad"": 0.04806646778375666}",,laneA_ps1_metrics.v1
yh.shy.logret_5d,volatility,MEASURED,"{""std_first_diff"": 0.0002449985029319904, ""rolling168_std_median"": 0.0006834230768670172, ""vol_of_vol_cv"": 0.8922462504445168}",,laneA_ps1_metrics.v1
yh.shy.logret_5d,acf,MEASURED,"{""lag_1"": 0.9899826423668673, ""lag_6"": 0.939896169148687, ""lag_24"": 0.7629028079534076, ""lag_120"": 0.0016141560385011004, ""lag_168"": 0.002446147076814972, ""lag_unit"": ""rows of the decision grid (1 row = 1 market hour; weekend gaps not filled)""}",,laneA_ps1_metrics.v1
yh.shy.logret_5d,trend,MEASURED,"{""ols_slope_per_year"": -3.48837964376358e-05, ""slope_in_std_per_year"": -0.020153612262353494, ""ols_r"": -0.047608649037406, ""kendall_tau_3000"": -0.04820341684355653, ""kendall_p_3000"": 7.751925838060095e-05, ""caveat"": ""OLS p-value omitted: serial correlation makes it invalid""}",,laneA_ps1_metrics.v1
yh.shy.logret_5d,adf,MEASURED,"{""stat"": -10.353373036185383, ""pvalue"": 2.5029279999506613e-18, ""lags"": 24, ""nobs"": 19975, ""crit_5pct"": -2.8616847064863733, ""H0"": ""unit root"", ""regression"": ""c"", ""sample"": ""last 20000 finite TRAIN values (gaps compressed)""}",,laneA_ps1_metrics.v1
yh.shy.logret_5d,kpss,MEASURED,"{""stat"": 0.36178030936604955, ""pvalue"": 0.09362917699739243, ""lags"": 86, ""H0"": ""level stationary"", ""pvalue_truncated_to_table"": false, ""sample"": ""last 20000 finite TRAIN values (gaps compressed)""}",,laneA_ps1_metrics.v1
yh.shy.logret_5d,seasonality,MEASURED,"{""eta2_hour_of_day"": 1.9055883772086386e-05, ""eta2_day_of_week"": 0.00017528537663579993, ""eta2_month"": 0.016212337994869583}",,laneA_ps1_metrics.v1
yh.shy.logret_5d,spectrum,MEASURED,"{""top_periods_rows"": [1024.0, 512.0, 682.6666666666666], ""top_power_share"": [0.10856774889128178, 0.10162074427992222, 0.10124651814991095], ""spectral_entropy_norm"": 0.4586256606160204, ""zero_filled_fraction"": 0.0, ""method"": ""Welch nperseg<=2048 on demeaned rows""}",,laneA_ps1_metrics.v1
yh.shy.logret_5d,cost,MEASURED,"{""build_s"": 0.014329546249952892, ""profile_s"": 0.03270740100015246, ""bytes_float64"": 573872}",,laneA_ps1_metrics.v1
yh.slv.logret_1d,missingness,MEASURED,"{""n_rows"": 71734, ""n_finite"": 71734, ""missing_fraction"": 0.0}",,laneA_ps1_metrics.v1
yh.slv.logret_1d,constant,MEASURED,"{""n_unique"": 2810, ""is_constant"": false, ""top_value_share"": 0.02219310229458834}",,laneA_ps1_metrics.v1
yh.slv.logret_1d,scale_tails,MEASURED,"{""mean"": 1.4275376683384335e-05, ""std"": 0.01665669765511625, ""min"": -0.14609678324119812, ""max"": 0.08748747409535262, ""p001"": -0.09866020339023826, ""p01"": -0.046076401150256796, ""p05"": -0.025215179448474068, ""p25"": -0.00787921905636857, ""median"": 0.0, ""p75"": 0.008097163962032194, ""p95"": 0.02609793702302632, ""p99"": 0.0460625440705531, ""p999"": 0.07659989557097546, ""mad"": 0.008007173957486735, ""skew"": -0.47352497216549877, ""excess_kurtosis"": 7.471502593682743, ""tail_ratio_p99_mad"": 5.752659342124629, ""share_beyond_5mad"": 0.03260657428834304}",,laneA_ps1_metrics.v1
yh.slv.logret_1d,volatility,MEASURED,"{""std_first_diff"": 0.004722808076184939, ""rolling168_std_median"": 0.012177001396054163, ""vol_of_vol_cv"": 0.5439875083002585}",,laneA_ps1_metrics.v1
yh.slv.logret_1d,acf,MEASURED,"{""lag_1"": 0.95980344468359, ""lag_6"": 0.7588264651881462, ""lag_24"": 0.05799343416134154, ""lag_120"": -0.002755642014816168, ""lag_168"": -0.00870781673610079, ""lag_unit"": ""rows of the decision grid (1 row = 1 market hour; weekend gaps not filled)""}",,laneA_ps1_metrics.v1
yh.slv.logret_1d,trend,MEASURED,"{""ols_slope_per_year"": 0.00015446226568007902, ""slope_in_std_per_year"": 0.00927328266852671, ""ols_r"": 0.021906170181473564, ""kendall_tau_3000"": 0.017626957709630395, ""kendall_p_3000"": 0.14790602546332354, ""caveat"": ""OLS p-value omitted: serial correlation makes it invalid""}",,laneA_ps1_metrics.v1
yh.slv.logret_1d,adf,MEASURED,"{""stat"": -18.770224847523746, ""pvalue"": 2.0252883394212654e-30, ""lags"": 24, ""nobs"": 19975, ""crit_5pct"": -2.8616847064863733, ""H0"": ""unit root"", ""regression"": ""c"", ""sample"": ""last 20000 finite TRAIN values (gaps compressed)""}",,laneA_ps1_metrics.v1
yh.slv.logret_1d,kpss,MEASURED,"{""stat"": 0.054323014079954005, ""pvalue"": 0.1, ""lags"": 82, ""H0"": ""level stationary"", ""pvalue_truncated_to_table"": true, ""sample"": ""last 20000 finite TRAIN values (gaps compressed)""}",,laneA_ps1_metrics.v1
yh.slv.logret_1d,seasonality,MEASURED,"{""eta2_hour_of_day"": 4.549284110828706e-06, ""eta2_day_of_week"": 0.0008424340972855346, ""eta2_month"": 0.004002898829466506}",,laneA_ps1_metrics.v1
yh.slv.logret_1d,spectrum,MEASURED,"{""top_periods_rows"": [1024.0, 341.3333333333333, 227.55555555555554], ""top_power_share"": [0.03195966019139993, 0.03022224507432707, 0.029126399984632793], ""spectral_entropy_norm"": 0.6550498954307254, ""zero_filled_fraction"": 0.0, ""method"": ""Welch nperseg<=2048 on demeaned rows""}",,laneA_ps1_metrics.v1
yh.slv.logret_1d,cost,MEASURED,"{""build_s"": 0.014329546249952892, ""profile_s"": 0.03270562799934851, ""bytes_float64"": 573872}",,laneA_ps1_metrics.v1
yh.slv.logret_5d,missingness,MEASURED,"{""n_rows"": 71734, ""n_finite"": 71734, ""missing_fraction"": 0.0}",,laneA_ps1_metrics.v1
yh.slv.logret_5d,constant,MEASURED,"{""n_unique"": 2881, ""is_constant"": false, ""top_value_share"": 0.010315889257534782}",,laneA_ps1_metrics.v1
yh.slv.logret_5d,scale_tails,MEASURED,"{""mean"": -0.00033344892302824235, ""std"": 0.0381338019296843, ""min"": -0.332385911268251, ""max"": 0.2113090519272589, ""p001"": -0.2623166888313323, ""p01"": -0.09464340750839462, ""p05"": -0.05960799038711828, ""p25"": -0.019763501908453662, ""median"": 0.0, ""p75"": 0.020175545371656334, ""p95"": 0.057695450542113225, ""p99"": 0.09747079137030124, ""p999"": 0.17833837663059748, ""mad"": 0.0199141949690671, ""skew"": -0.43070695680264787, ""excess_kurtosis"": 6.71043829537739, ""tail_ratio_p99_mad"": 4.8945383693241675, ""share_beyond_5mad"": 0.017732177210248976}",,laneA_ps1_metrics.v1
yh.slv.logret_5d,volatility,MEASURED,"{""std_first_diff"": 0.0047865296860349635, ""rolling168_std_median"": 0.01804629075872111, ""vol_of_vol_cv"": 0.6755092866147652}",,laneA_ps1_metrics.v1
yh.slv.logret_5d,acf,MEASURED,"{""lag_1"": 0.9921225562567563, ""lag_6"": 0.9527354413853953, ""lag_24"": 0.8108183793091043, ""lag_120"": 0.005851032916386078, ""lag_168"": -0.020288934518509653, ""lag_unit"": ""rows of the decision grid (1 row = 1 market hour; weekend gaps not filled)""}",,laneA_ps1_metrics.v1
yh.slv.logret_5d,trend,MEASURED,"{""ols_slope_per_year"": 0.0007236864741546865, ""slope_in_std_per_year"": 0.018977558951218842, ""ols_r"": 0.04483047167593728, ""kendall_tau_3000"": 0.04237992011842221, ""kendall_p_3000"": 0.0005021981155632496, ""caveat"": ""OLS p-value omitted: serial correlation makes it invalid""}",,laneA_ps1_metrics.v1
yh.slv.logret_5d,adf,MEASURED,"{""stat"": -9.730166708327376, ""pvalue"": 9.04903437904607e-17, ""lags"": 24, ""nobs"": 19975, ""crit_5pct"": -2.8616847064863733, ""H0"": ""unit root"", ""regression"": ""c"", ""sample"": ""last 20000 finite TRAIN values (gaps compressed)""}",,laneA_ps1_metrics.v1
yh.slv.logret_5d,kpss,MEASURED,"{""stat"": 0.08510155983564355, ""pvalue"": 0.1, ""lags"": 86, ""H0"": ""level stationary"", ""pvalue_truncated_to_table"": true, ""sample"": ""last 20000 finite TRAIN values (gaps compressed)""}",,laneA_ps1_metrics.v1
yh.slv.logret_5d,seasonality,MEASURED,"{""eta2_hour_of_day"": 3.062651968260493e-06, ""eta2_day_of_week"": 4.023885534262109e-05, ""eta2_month"": 0.016797808569033366}",,laneA_ps1_metrics.v1
yh.slv.logret_5d,spectrum,MEASURED,"{""top_periods_rows"": [1024.0, 682.6666666666666, 341.3333333333333], ""top_power_share"": [0.14175815885769197, 0.12386434603087729, 0.09568677264621377], ""spectral_entropy_norm"": 0.425701677907808, ""zero_filled_fraction"": 0.0, ""method"": ""Welch nperseg<=2048 on demeaned rows""}",,laneA_ps1_metrics.v1
yh.slv.logret_5d,cost,MEASURED,"{""build_s"": 0.014329546249952892, ""profile_s"": 0.03281649499967898, ""bytes_float64"": 573872}",,laneA_ps1_metrics.v1
yh.spy.logret_1d,missingness,MEASURED,"{""n_rows"": 71734, ""n_finite"": 71734, ""missing_fraction"": 0.0}",,laneA_ps1_metrics.v1
yh.spy.logret_1d,constant,MEASURED,"{""n_unique"": 2926, ""is_constant"": false, ""top_value_share"": 0.0036105612401371736}",,laneA_ps1_metrics.v1
yh.spy.logret_1d,scale_tails,MEASURED,"{""mean"": 0.00043496077973524954, ""std"": 0.01065175283343379, ""min"": -0.1158865374770155, ""max"": 0.0867309943625374, ""p001"": -0.0593774079486078, ""p01"": -0.030767008987836242, ""p05"": -0.016215083080727943, ""p25"": -0.0037108747547529575, ""median"": 0.0005906603961287615, ""p75"": 0.00550177414574371, ""p95"": 0.01509420400859618, ""p99"": 0.025307232530281887, ""p999"": 0.0650067374854304, ""mad"": 0.00460420464411726, ""skew"": -0.7438707824239558, ""excess_kurtosis"": 13.719946212855, ""tail_ratio_p99_mad"": 5.368260979827038, ""share_beyond_5mad"": 0.04020408732260852}",,laneA_ps1_metrics.v1
yh.spy.logret_1d,volatility,MEASURED,"{""std_first_diff"": 0.0032244283900390706, ""rolling168_std_median"": 0.006574212509537849, ""vol_of_vol_cv"": 0.7569115555604524}",,laneA_ps1_metrics.v1
yh.spy.logret_1d,acf,MEASURED,"{""lag_1"": 0.9541828869594392, ""lag_6"": 0.7250954613200684, ""lag_24"": -0.0765836912318354, ""lag_120"": 0.0198822516256286, ""lag_168"": 0.10169024086425592, ""lag_unit"": ""rows of the decision grid (1 row = 1 market hour; weekend gaps not filled)""}",,laneA_ps1_metrics.v1
yh.spy.logret_1d,trend,MEASURED,"{""ols_slope_per_year"": -6.2022927248487e-06, ""slope_in_std_per_year"": -0.0005822790691669923, ""ols_r"": -0.0013755112227489849, ""kendall_tau_3000"": 0.006322911301663411, ""kendall_p_3000"": 0.6036449307379498, ""caveat"": ""OLS p-value omitted: serial correlation makes it invalid""}",,laneA_ps1_metrics.v1
yh.spy.logret_1d,adf,MEASURED,"{""stat"": -19.404951874976046, ""pvalue"": 0.0, ""lags"": 24, ""nobs"": 19975, ""crit_5pct"": -2.8616847064863733, ""H0"": ""unit root"", ""regression"": ""c"", ""sample"": ""last 20000 finite TRAIN values (gaps compressed)""}",,laneA_ps1_metrics.v1
yh.spy.logret_1d,kpss,MEASURED,"{""stat"": 0.09963230155877591, ""pvalue"": 0.1, ""lags"": 82, ""H0"": ""level stationary"", ""pvalue_truncated_to_table"": true, ""sample"": ""last 20000 finite TRAIN values (gaps compressed)""}",,laneA_ps1_metrics.v1
yh.spy.logret_1d,seasonality,MEASURED,"{""eta2_hour_of_day"": 9.364844841088264e-07, ""eta2_day_of_week"": 0.00035579496295538924, ""eta2_month"": 0.0058620370357162725}",,laneA_ps1_metrics.v1
yh.spy.logret_1d,spectrum,MEASURED,"{""top_periods_rows"": [55.351351351351354, 227.55555555555554, 56.888888888888886], ""top_power_share"": [0.03275288727380825, 0.029547574133846753, 0.027050099531138502], ""spectral_entropy_norm"": 0.6620841633053969, ""zero_filled_fraction"": 0.0, ""method"": ""Welch nperseg<=2048 on demeaned rows""}",,laneA_ps1_metrics.v1
yh.spy.logret_1d,cost,MEASURED,"{""build_s"": 0.014329546249952892, ""profile_s"": 0.032397611000305915, ""bytes_float64"": 573872}",,laneA_ps1_metrics.v1
yh.spy.logret_5d,missingness,MEASURED,"{""n_rows"": 71734, ""n_finite"": 71734, ""missing_fraction"": 0.0}",,laneA_ps1_metrics.v1
yh.spy.logret_5d,constant,MEASURED,"{""n_unique"": 2934, ""is_constant"": false, ""top_value_share"": 0.0010315889257534782}",,laneA_ps1_metrics.v1
yh.spy.logret_5d,scale_tails,MEASURED,"{""mean"": 0.0021966798157247278, ""std"": 0.022336750417437636, ""min"": -0.19807681039760805, ""max"": 0.1600601921057896, ""p001"": -0.13384253863237472, ""p01"": -0.06368889716107606, ""p05"": -0.03414490194168973, ""p25"": -0.0072148734657639935, ""median"": 0.004042253321235201, ""p75"": 0.014284664702676864, ""p95"": 0.03250440208173089, ""p99"": 0.05377890225198989, ""p999"": 0.10294049789050476, ""mad"": 0.010665670468920752, ""skew"": -1.0757786433420649, ""excess_kurtosis"": 8.133638813543541, ""tail_ratio_p99_mad"": 4.663246354337018, ""share_beyond_5mad"": 0.027615914350238382}",,laneA_ps1_metrics.v1
yh.spy.logret_5d,volatility,MEASURED,"{""std_first_diff"": 0.003004244237763113, ""rolling168_std_median"": 0.00984333787321498, ""vol_of_vol_cv"": 0.7432882057945407}",,laneA_ps1_metrics.v1
yh.spy.logret_5d,acf,MEASURED,"{""lag_1"": 0.9909552124639257, ""lag_6"": 0.9457286888396949, ""lag_24"": 0.7845849702045571, ""lag_120"": -0.005774687930261063, ""lag_168"": 0.02604607994883292, ""lag_unit"": ""rows of the decision grid (1 row = 1 market hour; weekend gaps not filled)""}",,laneA_ps1_metrics.v1
yh.spy.logret_5d,trend,MEASURED,"{""ols_slope_per_year"": -5.857019261448048e-05, ""slope_in_std_per_year"": -0.0026221447399419604, ""ols_r"": -0.006194262697132934, ""kendall_tau_3000"": 0.012925625028239235, ""kendall_p_3000"": 0.2885479151969609, ""caveat"": ""OLS p-value omitted: serial correlation makes it invalid""}",,laneA_ps1_metrics.v1
yh.spy.logret_5d,adf,MEASURED,"{""stat"": -10.039939004584994, ""pvalue"": 1.5055849547135924e-17, ""lags"": 24, ""nobs"": 19975, ""crit_5pct"": -2.8616847064863733, ""H0"": ""unit root"", ""regression"": ""c"", ""sample"": ""last 20000 finite TRAIN values (gaps compressed)""}",,laneA_ps1_metrics.v1
yh.spy.logret_5d,kpss,MEASURED,"{""stat"": 0.20259444062319076, ""pvalue"": 0.1, ""lags"": 86, ""H0"": ""level stationary"", ""pvalue_truncated_to_table"": true, ""sample"": ""last 20000 finite TRAIN values (gaps compressed)""}",,laneA_ps1_metrics.v1
yh.spy.logret_5d,seasonality,MEASURED,"{""eta2_hour_of_day"": 4.266355661658356e-06, ""eta2_day_of_week"": 7.693752870521969e-05, ""eta2_month"": 0.026068824914867356}",,laneA_ps1_metrics.v1
yh.spy.logret_5d,spectrum,MEASURED,"{""top_periods_rows"": [1024.0, 2048.0, 682.6666666666666], ""top_power_share"": [0.13180701274724557, 0.11578542587821349, 0.10907728307028206], ""spectral_entropy_norm"": 0.4372093771447819, ""zero_filled_fraction"": 0.0, ""method"": ""Welch nperseg<=2048 on demeaned rows""}",,laneA_ps1_metrics.v1
yh.spy.logret_5d,cost,MEASURED,"{""build_s"": 0.014329546249952892, ""profile_s"": 0.032784955999886733, ""bytes_float64"": 573872}",,laneA_ps1_metrics.v1
yh.tip.logret_1d,missingness,MEASURED,"{""n_rows"": 71734, ""n_finite"": 71734, ""missing_fraction"": 0.0}",,laneA_ps1_metrics.v1
yh.tip.logret_1d,constant,MEASURED,"{""n_unique"": 2876, ""is_constant"": false, ""top_value_share"": 0.014414364178771573}",,laneA_ps1_metrics.v1
yh.tip.logret_1d,scale_tails,MEASURED,"{""mean"": -2.0544281480119176e-05, ""std"": 0.003714144337803401, ""min"": -0.029080619267755736, ""max"": 0.0435733666967959, ""p001"": -0.022523767340805172, ""p01"": -0.009959671529518488, ""p05"": -0.005608141006330669, ""p25"": -0.001880180637511053, ""median"": 8.877298861964533e-05, ""p75"": 0.0019427356878063406, ""p95"": 0.005303657296571451, ""p99"": 0.009840096477399918, ""p999"": 0.01781653774718828, ""mad"": 0.0018941743678730916, ""skew"": 0.09962040378180026, ""excess_kurtosis"": 12.63129867335703, ""tail_ratio_p99_mad"": 5.148060101631364, ""share_beyond_5mad"": 0.022304625421696825}",,laneA_ps1_metrics.v1
yh.tip.logret_1d,volatility,MEASURED,"{""std_first_diff"": 0.001026159607788059, ""rolling168_std_median"": 0.002497304486028955, ""vol_of_vol_cv"": 0.6242144658193658}",,laneA_ps1_metrics.v1
yh.tip.logret_1d,acf,MEASURED,"{""lag_1"": 0.9618338140894528, ""lag_6"": 0.7709677475816277, ""lag_24"": 0.11292540163657697, ""lag_120"": 0.020173658713840786, ""lag_168"": -0.09411977726686362, ""lag_unit"": ""rows of the decision grid (1 row = 1 market hour; weekend gaps not filled)""}",,laneA_ps1_metrics.v1
yh.tip.logret_1d,trend,MEASURED,"{""ols_slope_per_year"": -8.435296269773647e-06, ""slope_in_std_per_year"": -0.0022711277491069192, ""ols_r"": -0.005365059251850399, ""kendall_tau_3000"": -0.005695264382978345, ""kendall_p_3000"": 0.6400819304913572, ""caveat"": ""OLS p-value omitted: serial correlation makes it invalid""}",,laneA_ps1_metrics.v1
yh.tip.logret_1d,adf,MEASURED,"{""stat"": -20.625882858224095, ""pvalue"": 0.0, ""lags"": 24, ""nobs"": 19975, ""crit_5pct"": -2.8616847064863733, ""H0"": ""unit root"", ""regression"": ""c"", ""sample"": ""last 20000 finite TRAIN values (gaps compressed)""}",,laneA_ps1_metrics.v1
yh.tip.logret_1d,kpss,MEASURED,"{""stat"": 0.14936491706546315, ""pvalue"": 0.1, ""lags"": 82, ""H0"": ""level stationary"", ""pvalue_truncated_to_table"": true, ""sample"": ""last 20000 finite TRAIN values (gaps compressed)""}",,laneA_ps1_metrics.v1
yh.tip.logret_1d,seasonality,MEASURED,"{""eta2_hour_of_day"": 1.716303458675257e-05, ""eta2_day_of_week"": 0.008181752800804264, ""eta2_month"": 0.005933601504121706}",,laneA_ps1_metrics.v1
yh.tip.logret_1d,spectrum,MEASURED,"{""top_periods_rows"": [120.47058823529412, 341.3333333333333, 107.78947368421052], ""top_power_share"": [0.0372343065534279, 0.03575114279520758, 0.03482344824564672], ""spectral_entropy_norm"": 0.6445397689938248, ""zero_filled_fraction"": 0.0, ""method"": ""Welch nperseg<=2048 on demeaned rows""}",,laneA_ps1_metrics.v1
yh.tip.logret_1d,cost,MEASURED,"{""build_s"": 0.014329546249952892, ""profile_s"": 0.03270363399951748, ""bytes_float64"": 573872}",,laneA_ps1_metrics.v1
yh.tip.logret_5d,missingness,MEASURED,"{""n_rows"": 71734, ""n_finite"": 71734, ""missing_fraction"": 0.0}",,laneA_ps1_metrics.v1
yh.tip.logret_5d,constant,MEASURED,"{""n_unique"": 2913, ""is_constant"": false, ""top_value_share"": 0.00593860651852678}",,laneA_ps1_metrics.v1
yh.tip.logret_5d,scale_tails,MEASURED,"{""mean"": -0.00017811231922776365, ""std"": 0.00830499279977646, ""min"": -0.07118696435597194, ""max"": 0.09161891024286373, ""p001"": -0.05886364402746919, ""p01"": -0.02415999969916882, ""p05"": -0.01253989410749945, ""p25"": -0.004119300694845229, ""median"": 0.00034720002536747785, ""p75"": 0.004255511373666421, ""p95"": 0.010994587093266703, ""p99"": 0.018997941089305012, ""p999"": 0.0407196249291184, ""mad"": 0.004192587276716786, ""skew"": -0.2378038842076199, ""excess_kurtosis"": 15.899397126535742, ""tail_ratio_p99_mad"": 4.44850395065429, ""share_beyond_5mad"": 0.018847408481333816}",,laneA_ps1_metrics.v1
yh.tip.logret_5d,volatility,MEASURED,"{""std_first_diff"": 0.001048468360510612, ""rolling168_std_median"": 0.0038337073907074716, ""vol_of_vol_cv"": 0.7693488004054583}",,laneA_ps1_metrics.v1
yh.tip.logret_5d,acf,MEASURED,"{""lag_1"": 0.9920311376807349, ""lag_6"": 0.952167646389476, ""lag_24"": 0.8079867051855016, ""lag_120"": -0.054570687021050224, ""lag_168"": -0.11582614524825761, ""lag_unit"": ""rows of the decision grid (1 row = 1 market hour; weekend gaps not filled)""}",,laneA_ps1_metrics.v1
yh.tip.logret_5d,trend,MEASURED,"{""ols_slope_per_year"": -6.140887203391253e-05, ""slope_in_std_per_year"": -0.00739421135146143, ""ols_r"": -0.017467261380120534, ""kendall_tau_3000"": -0.007803527097185087, ""kendall_p_3000"": 0.5216980016278053, ""caveat"": ""OLS p-value omitted: serial correlation makes it invalid""}",,laneA_ps1_metrics.v1
yh.tip.logret_5d,adf,MEASURED,"{""stat"": -10.424189653891307, ""pvalue"": 1.6742573803627111e-18, ""lags"": 24, ""nobs"": 19975, ""crit_5pct"": -2.8616847064863733, ""H0"": ""unit root"", ""regression"": ""c"", ""sample"": ""last 20000 finite TRAIN values (gaps compressed)""}",,laneA_ps1_metrics.v1
yh.tip.logret_5d,kpss,MEASURED,"{""stat"": 0.34966826340554835, ""pvalue"": 0.0988498864631257, ""lags"": 86, ""H0"": ""level stationary"", ""pvalue_truncated_to_table"": false, ""sample"": ""last 20000 finite TRAIN values (gaps compressed)""}",,laneA_ps1_metrics.v1
yh.tip.logret_5d,seasonality,MEASURED,"{""eta2_hour_of_day"": 3.237703808012298e-06, ""eta2_day_of_week"": 4.819154428574944e-05, ""eta2_month"": 0.024106877090359614}",,laneA_ps1_metrics.v1
yh.tip.logret_5d,spectrum,MEASURED,"{""top_periods_rows"": [341.3333333333333, 512.0, 409.6], ""top_power_share"": [0.11673172051349853, 0.11667154478644821, 0.11207763589738362], ""spectral_entropy_norm"": 0.42656706831465235, ""zero_filled_fraction"": 0.0, ""method"": ""Welch nperseg<=2048 on demeaned rows""}",,laneA_ps1_metrics.v1
yh.tip.logret_5d,cost,MEASURED,"{""build_s"": 0.014329546249952892, ""profile_s"": 0.032911434000197914, ""bytes_float64"": 573872}",,laneA_ps1_metrics.v1
yh.tlt.logret_1d,missingness,MEASURED,"{""n_rows"": 71734, ""n_finite"": 71734, ""missing_fraction"": 0.0}",,laneA_ps1_metrics.v1
yh.tlt.logret_1d,constant,MEASURED,"{""n_unique"": 2919, ""is_constant"": false, ""top_value_share"": 0.004642150165890651}",,laneA_ps1_metrics.v1
yh.tlt.logret_1d,scale_tails,MEASURED,"{""mean"": -4.060176144248058e-05, ""std"": 0.009319926521044396, ""min"": -0.0690103530779771, ""max"": 0.07250253842913246, ""p001"": -0.0458310517505324, ""p01"": -0.02326997110697704, ""p05"": -0.015068676640195733, ""p25"": -0.005561622329038229, ""median"": 0.00047466423256281587, ""p75"": 0.0054449885017504585, ""p95"": 0.014277945780112766, ""p99"": 0.022414610390458556, ""p999"": 0.050734847977946806, ""mad"": 0.005446517465439449, ""skew"": -0.024558126827016007, ""excess_kurtosis"": 4.515873157746237, ""tail_ratio_p99_mad"": 4.028252235876293, ""share_beyond_5mad"": 0.007555691861599799}",,laneA_ps1_metrics.v1
yh.tlt.logret_1d,volatility,MEASURED,"{""std_first_diff"": 0.0027176310010276587, ""rolling168_std_median"": 0.007128206569994923, ""vol_of_vol_cv"": 0.49866043215348926}",,laneA_ps1_metrics.v1
yh.tlt.logret_1d,acf,MEASURED,"{""lag_1"": 0.9574869969715889, ""lag_6"": 0.7449316747888703, ""lag_24"": 0.00888061249744593, ""lag_120"": 0.01677879639893651, ""lag_168"": -0.04517820033860473, ""lag_unit"": ""rows of the decision grid (1 row = 1 market hour; weekend gaps not filled)""}",,laneA_ps1_metrics.v1
yh.tlt.logret_1d,trend,MEASURED,"{""ols_slope_per_year"": -7.947746460271424e-05, ""slope_in_std_per_year"": -0.008527692189767172, ""ols_r"": -0.020144870273208416, ""kendall_tau_3000"": -0.021805359458000204, ""kendall_p_3000"": 0.07338886594932564, ""caveat"": ""OLS p-value omitted: serial correlation makes it invalid""}",,laneA_ps1_metrics.v1
yh.tlt.logret_1d,adf,MEASURED,"{""stat"": -20.19804381061446, ""pvalue"": 0.0, ""lags"": 24, ""nobs"": 19975, ""crit_5pct"": -2.8616847064863733, ""H0"": ""unit root"", ""regression"": ""c"", ""sample"": ""last 20000 finite TRAIN values (gaps compressed)""}",,laneA_ps1_metrics.v1
yh.tlt.logret_1d,kpss,MEASURED,"{""stat"": 0.10039222441755338, ""pvalue"": 0.1, ""lags"": 82, ""H0"": ""level stationary"", ""pvalue_truncated_to_table"": true, ""sample"": ""last 20000 finite TRAIN values (gaps compressed)""}",,laneA_ps1_metrics.v1
yh.tlt.logret_1d,seasonality,MEASURED,"{""eta2_hour_of_day"": 5.094627919394998e-06, ""eta2_day_of_week"": 0.002714896431071998, ""eta2_month"": 0.004114530805986315}",,laneA_ps1_metrics.v1
yh.tlt.logret_1d,spectrum,MEASURED,"{""top_periods_rows"": [120.47058823529412, 113.77777777777777, 128.0], ""top_power_share"": [0.03577913134315576, 0.03224901522208164, 0.029535338052742756], ""spectral_entropy_norm"": 0.66019325672132, ""zero_filled_fraction"": 0.0, ""method"": ""Welch nperseg<=2048 on demeaned rows""}",,laneA_ps1_metrics.v1
yh.tlt.logret_1d,cost,MEASURED,"{""build_s"": 0.014329546249952892, ""profile_s"": 0.03232139800002187, ""bytes_float64"": 573872}",,laneA_ps1_metrics.v1
yh.tlt.logret_5d,missingness,MEASURED,"{""n_rows"": 71734, ""n_finite"": 71734, ""missing_fraction"": 0.0}",,laneA_ps1_metrics.v1
yh.tlt.logret_5d,constant,MEASURED,"{""n_unique"": 2926, ""is_constant"": false, ""top_value_share"": 0.002955362868374829}",,laneA_ps1_metrics.v1
yh.tlt.logret_5d,scale_tails,MEASURED,"{""mean"": -0.00023717443940814048, ""std"": 0.01908270327690516, ""min"": -0.08100672870990877, ""max"": 0.11868313562742205, ""p001"": -0.07648145755922364, ""p01"": -0.047671349050037115, ""p05"": -0.03191890193894498, ""p25"": -0.011393551324945683, ""median"": 0.0008265703437997374, ""p75"": 0.011758049837703233, ""p95"": 0.028550868046417044, ""p99"": 0.04442648363096158, ""p999"": 0.0711925393900188, ""mad"": 0.01156435498708408, ""skew"": -0.054705310409696596, ""excess_kurtosis"": 1.48929946000698, ""tail_ratio_p99_mad"": 3.770198453424979, ""share_beyond_5mad"": 0.006719268408286168}",,laneA_ps1_metrics.v1
yh.tlt.logret_5d,volatility,MEASURED,"{""std_first_diff"": 0.0026261167743980825, ""rolling168_std_median"": 0.010505356852218872, ""vol_of_vol_cv"": 0.5307589753160344}",,laneA_ps1_metrics.v1
yh.tlt.logret_5d,acf,MEASURED,"{""lag_1"": 0.9905308178837792, ""lag_6"": 0.943185910176097, ""lag_24"": 0.7734234950695169, ""lag_120"": -0.02610616140010985, ""lag_168"": -0.0019455542122199165, ""lag_unit"": ""rows of the decision grid (1 row = 1 market hour; weekend gaps not filled)""}",,laneA_ps1_metrics.v1
yh.tlt.logret_5d,trend,MEASURED,"{""ols_slope_per_year"": -0.000367740483571098, ""slope_in_std_per_year"": -0.01927087992905889, ""ols_r"": -0.04552338048590686, ""kendall_tau_3000"": -0.03119746408820992, ""kendall_p_3000"": 0.010419483891509112, ""caveat"": ""OLS p-value omitted: serial correlation makes it invalid""}",,laneA_ps1_metrics.v1
yh.tlt.logret_5d,adf,MEASURED,"{""stat"": -10.56209295017572, ""pvalue"": 7.681526567288083e-19, ""lags"": 24, ""nobs"": 19975, ""crit_5pct"": -2.8616847064863733, ""H0"": ""unit root"", ""regression"": ""c"", ""sample"": ""last 20000 finite TRAIN values (gaps compressed)""}",,laneA_ps1_metrics.v1
yh.tlt.logret_5d,kpss,MEASURED,"{""stat"": 0.17583290968521836, ""pvalue"": 0.1, ""lags"": 86, ""H0"": ""level stationary"", ""pvalue_truncated_to_table"": true, ""sample"": ""last 20000 finite TRAIN values (gaps compressed)""}",,laneA_ps1_metrics.v1
yh.tlt.logret_5d,seasonality,MEASURED,"{""eta2_hour_of_day"": 2.8762784405174097e-06, ""eta2_day_of_week"": 6.879052173742014e-05, ""eta2_month"": 0.022553723287114233}",,laneA_ps1_metrics.v1
yh.tlt.logret_5d,spectrum,MEASURED,"{""top_periods_rows"": [512.0, 409.6, 1024.0], ""top_power_share"": [0.11034526946731167, 0.10055607843815931, 0.09713115648485579], ""spectral_entropy_norm"": 0.450139911616313, ""zero_filled_fraction"": 0.0, ""method"": ""Welch nperseg<=2048 on demeaned rows""}",,laneA_ps1_metrics.v1
yh.tlt.logret_5d,cost,MEASURED,"{""build_s"": 0.014329546249952892, ""profile_s"": 0.03241678599988518, ""bytes_float64"": 573872}",,laneA_ps1_metrics.v1
yh.uso.logret_1d,missingness,MEASURED,"{""n_rows"": 71734, ""n_finite"": 71734, ""missing_fraction"": 0.0}",,laneA_ps1_metrics.v1
yh.uso.logret_1d,constant,MEASURED,"{""n_unique"": 2895, ""is_constant"": false, ""top_value_share"": 0.008475757660244793}",,laneA_ps1_metrics.v1
yh.uso.logret_1d,scale_tails,MEASURED,"{""mean"": -0.0004520022220051478, ""std"": 0.023814522567355785, ""min"": -0.2918909444026281, ""max"": 0.15415067982725805, ""p001"": -0.16868896157779562, ""p01"": -0.06548988707498626, ""p05"": -0.03651948649422465, ""p25"": -0.011084540199705728, ""median"": 0.0008544226887039486, ""p75"": 0.011955683757086888, ""p95"": 0.03190364020493064, ""p99"": 0.054224711849098384, ""p999"": 0.11467022340914834, ""mad"": 0.01143652222974989, ""skew"": -1.562195398011587, ""excess_kurtosis"": 19.448309106701462, ""tail_ratio_p99_mad"": 4.666653733384263, ""share_beyond_5mad"": 0.023475618256335908}",,laneA_ps1_metrics.v1
yh.uso.logret_1d,volatility,MEASURED,"{""std_first_diff"": 0.006719479278498443, ""rolling168_std_median"": 0.015440037169805205, ""vol_of_vol_cv"": 0.6759901983192433}",,laneA_ps1_metrics.v1
yh.uso.logret_1d,acf,MEASURED,"{""lag_1"": 0.9601934244742416, ""lag_6"": 0.7611524872421814, ""lag_24"": 0.06484703588237807, ""lag_120"": 0.005197221026982198, ""lag_168"": 0.05383388848582558, ""lag_unit"": ""rows of the decision grid (1 row = 1 market hour; weekend gaps not filled)""}",,laneA_ps1_metrics.v1
yh.uso.logret_1d,trend,MEASURED,"{""ols_slope_per_year"": 0.0001680570128844716, ""slope_in_std_per_year"": 0.00705691295759332, ""ols_r"": 0.016670465220429392, ""kendall_tau_3000"": 0.03224906109777127, ""kendall_p_3000"": 0.008100502881455938, ""caveat"": ""OLS p-value omitted: serial correlation makes it invalid""}",,laneA_ps1_metrics.v1
yh.uso.logret_1d,adf,MEASURED,"{""stat"": -19.632763470529856, ""pvalue"": 0.0, ""lags"": 24, ""nobs"": 19975, ""crit_5pct"": -2.8616847064863733, ""H0"": ""unit root"", ""regression"": ""c"", ""sample"": ""last 20000 finite TRAIN values (gaps compressed)""}",,laneA_ps1_metrics.v1
yh.uso.logret_1d,kpss,MEASURED,"{""stat"": 0.21322779181439838, ""pvalue"": 0.1, ""lags"": 82, ""H0"": ""level stationary"", ""pvalue_truncated_to_table"": true, ""sample"": ""last 20000 finite TRAIN values (gaps compressed)""}",,laneA_ps1_metrics.v1
yh.uso.logret_1d,seasonality,MEASURED,"{""eta2_hour_of_day"": 1.183968385366676e-06, ""eta2_day_of_week"": 0.0013369078306575465, ""eta2_month"": 0.0018959504013118685}",,laneA_ps1_metrics.v1
yh.uso.logret_1d,spectrum,MEASURED,"{""top_periods_rows"": [186.1818181818182, 682.6666666666666, 170.66666666666666], ""top_power_share"": [0.03600786890240901, 0.03489436347111236, 0.026254025915600984], ""spectral_entropy_norm"": 0.6560743005073482, ""zero_filled_fraction"": 0.0, ""method"": ""Welch nperseg<=2048 on demeaned rows""}",,laneA_ps1_metrics.v1
yh.uso.logret_1d,cost,MEASURED,"{""build_s"": 0.014329546249952892, ""profile_s"": 0.03245978699942498, ""bytes_float64"": 573872}",,laneA_ps1_metrics.v1
yh.uso.logret_5d,missingness,MEASURED,"{""n_rows"": 71734, ""n_finite"": 71734, ""missing_fraction"": 0.0}",,laneA_ps1_metrics.v1
yh.uso.logret_5d,constant,MEASURED,"{""n_unique"": 2920, ""is_constant"": false, ""top_value_share"": 0.003624501631025734}",,laneA_ps1_metrics.v1
yh.uso.logret_5d,scale_tails,MEASURED,"{""mean"": -0.0023221990481538165, ""std"": 0.055237071959317964, ""min"": -0.5681167959631037, ""max"": 0.27756400538715953, ""p001"": -0.5027979293818355, ""p01"": -0.14598203465881365, ""p05"": -0.08237442844179999, ""p25"": -0.026847257724501805, ""median"": 0.0025614376652116633, ""p75"": 0.025599274640703662, ""p95"": 0.07078418931151287, ""p99"": 0.11766923468045754, ""p999"": 0.2407616963425605, ""mad"": 0.026382630815969144, ""skew"": -2.0356026442254063, ""excess_kurtosis"": 17.854875109315678, ""tail_ratio_p99_mad"": 4.3630143566111785, ""share_beyond_5mad"": 0.02033903030640979}",,laneA_ps1_metrics.v1
yh.uso.logret_5d,volatility,MEASURED,"{""std_first_diff"": 0.006733218405464001, ""rolling168_std_median"": 0.022915382572470076, ""vol_of_vol_cv"": 0.7626018229633738}",,laneA_ps1_metrics.v1
yh.uso.logret_5d,acf,MEASURED,"{""lag_1"": 0.9925706834997758, ""lag_6"": 0.9554231585275356, ""lag_24"": 0.8214495667923082, ""lag_120"": 0.1278598416596105, ""lag_168"": 0.09393223639015334, ""lag_unit"": ""rows of the decision grid (1 row = 1 market hour; weekend gaps not filled)""}",,laneA_ps1_metrics.v1
yh.uso.logret_5d,trend,MEASURED,"{""ols_slope_per_year"": 0.0009764975139753885, ""slope_in_std_per_year"": 0.01767829972404362, ""ols_r"": 0.04176124638024469, ""kendall_tau_3000"": 0.0566445847552376, ""kendall_p_3000"": 3.3031153234336304e-06, ""caveat"": ""OLS p-value omitted: serial correlation makes it invalid""}",,laneA_ps1_metrics.v1
yh.uso.logret_5d,adf,MEASURED,"{""stat"": -11.120409816599663, ""pvalue"": 3.4773806183317714e-20, ""lags"": 24, ""nobs"": 19975, ""crit_5pct"": -2.8616847064863733, ""H0"": ""unit root"", ""regression"": ""c"", ""sample"": ""last 20000 finite TRAIN values (gaps compressed)""}",,laneA_ps1_metrics.v1
yh.uso.logret_5d,kpss,MEASURED,"{""stat"": 0.36487214670364376, ""pvalue"": 0.09229648848980872, ""lags"": 86, ""H0"": ""level stationary"", ""pvalue_truncated_to_table"": false, ""sample"": ""last 20000 finite TRAIN values (gaps compressed)""}",,laneA_ps1_metrics.v1
yh.uso.logret_5d,seasonality,MEASURED,"{""eta2_hour_of_day"": 1.0990489457950706e-06, ""eta2_day_of_week"": 3.211820455115354e-05, ""eta2_month"": 0.008979765946384236}",,laneA_ps1_metrics.v1
yh.uso.logret_5d,spectrum,MEASURED,"{""top_periods_rows"": [682.6666666666666, 1024.0, 512.0], ""top_power_share"": [0.16477480473427542, 0.11888577685429712, 0.10911356003754552], ""spectral_entropy_norm"": 0.429669019389791, ""zero_filled_fraction"": 0.0, ""method"": ""Welch nperseg<=2048 on demeaned rows""}",,laneA_ps1_metrics.v1
yh.uso.logret_5d,cost,MEASURED,"{""build_s"": 0.014329546249952892, ""profile_s"": 0.032602935000795696, ""bytes_float64"": 573872}",,laneA_ps1_metrics.v1
yh.vea.logret_1d,missingness,MEASURED,"{""n_rows"": 71734, ""n_finite"": 71734, ""missing_fraction"": 0.0}",,laneA_ps1_metrics.v1
yh.vea.logret_1d,constant,MEASURED,"{""n_unique"": 2882, ""is_constant"": false, ""top_value_share"": 0.010998968411074247}",,laneA_ps1_metrics.v1
yh.vea.logret_1d,scale_tails,MEASURED,"{""mean"": 0.00014962656367243323, ""std"": 0.010790082796174029, ""min"": -0.11856179263757083, ""max"": 0.08521451647901745, ""p001"": -0.08480559475439797, ""p01"": -0.027956686427619726, ""p05"": -0.016811395510787364, ""p25"": -0.004880717528211953, ""median"": 0.0006661214723608921, ""p75"": 0.005814855108075001, ""p95"": 0.015345628065938755, ""p99"": 0.026752239995719407, ""p999"": 0.054147100964552664, ""mad"": 0.0053673210592957155, ""skew"": -1.0868090744072487, ""excess_kurtosis"": 14.269389617645409, ""tail_ratio_p99_mad"": 4.860174793937418, ""share_beyond_5mad"": 0.022095519558368415}",,laneA_ps1_metrics.v1
yh.vea.logret_1d,volatility,MEASURED,"{""std_first_diff"": 0.0032121529890028937, ""rolling168_std_median"": 0.0074581151723576, ""vol_of_vol_cv"": 0.6546696203182372}",,laneA_ps1_metrics.v1
yh.vea.logret_1d,acf,MEASURED,"{""lag_1"": 0.9556893811248807, ""lag_6"": 0.7341358832034648, ""lag_24"": -0.03603708021650658, ""lag_120"": 0.029831047971904737, ""lag_168"": 0.05479709678425179, ""lag_unit"": ""rows of the decision grid (1 row = 1 market hour; weekend gaps not filled)""}",,laneA_ps1_metrics.v1
yh.vea.logret_1d,trend,MEASURED,"{""ols_slope_per_year"": -3.393269455476923e-06, ""slope_in_std_per_year"": -0.0003144803908900603, ""ols_r"": -0.0007428934507685492, ""kendall_tau_3000"": -0.002453903722305491, ""kendall_p_3000"": 0.8403270115037554, ""caveat"": ""OLS p-value omitted: serial correlation makes it invalid""}",,laneA_ps1_metrics.v1
yh.vea.logret_1d,adf,MEASURED,"{""stat"": -18.949926326759066, ""pvalue"": 0.0, ""lags"": 24, ""nobs"": 19975, ""crit_5pct"": -2.8616847064863733, ""H0"": ""unit root"", ""regression"": ""c"", ""sample"": ""last 20000 finite TRAIN values (gaps compressed)""}",,laneA_ps1_metrics.v1
yh.vea.logret_1d,kpss,MEASURED,"{""stat"": 0.14082607636952735, ""pvalue"": 0.1, ""lags"": 82, ""H0"": ""level stationary"", ""pvalue_truncated_to_table"": true, ""sample"": ""last 20000 finite TRAIN values (gaps compressed)""}",,laneA_ps1_metrics.v1
yh.vea.logret_1d,seasonality,MEASURED,"{""eta2_hour_of_day"": 5.2566690453090114e-06, ""eta2_day_of_week"": 0.002272915065545668, ""eta2_month"": 0.005517959480306906}",,laneA_ps1_metrics.v1
yh.vea.logret_1d,spectrum,MEASURED,"{""top_periods_rows"": [227.55555555555554, 204.8, 292.57142857142856], ""top_power_share"": [0.02727187151602265, 0.026527861720587655, 0.026380430641630884], ""spectral_entropy_norm"": 0.6624871098403675, ""zero_filled_fraction"": 0.0, ""method"": ""Welch nperseg<=2048 on demeaned rows""}",,laneA_ps1_metrics.v1
yh.vea.logret_1d,cost,MEASURED,"{""build_s"": 0.014329546249952892, ""profile_s"": 0.03225360000033106, ""bytes_float64"": 573872}",,laneA_ps1_metrics.v1
yh.vea.logret_5d,missingness,MEASURED,"{""n_rows"": 71734, ""n_finite"": 71734, ""missing_fraction"": 0.0}",,laneA_ps1_metrics.v1
yh.vea.logret_5d,constant,MEASURED,"{""n_unique"": 2914, ""is_constant"": false, ""top_value_share"": 0.004265759611899518}",,laneA_ps1_metrics.v1
yh.vea.logret_5d,scale_tails,MEASURED,"{""mean"": 0.0006927704144793341, ""std"": 0.023970361864177513, ""min"": -0.2349285116338713, ""max"": 0.15126750663087662, ""p001"": -0.18098089432243425, ""p01"": -0.06690062882441739, ""p05"": -0.03836348075177609, ""p25"": -0.010652901122538694, ""median"": 0.002434082382559044, ""p75"": 0.014021880002656584, ""p95"": 0.03434211097844031, ""p99"": 0.057954422059780075, ""p999"": 0.10443705003168757, ""mad"": 0.01225500251208933, ""skew"": -1.102214661756897, ""excess_kurtosis"": 9.278755540590288, ""tail_ratio_p99_mad"": 4.530422545605458, ""share_beyond_5mad"": 0.020450553433518277}",,laneA_ps1_metrics.v1
yh.vea.logret_5d,volatility,MEASURED,"{""std_first_diff"": 0.0030351864656843375, ""rolling168_std_median"": 0.010912001339025194, ""vol_of_vol_cv"": 0.6913861110904849}",,laneA_ps1_metrics.v1
yh.vea.logret_5d,acf,MEASURED,"{""lag_1"": 0.9919833635193213, ""lag_6"": 0.9518964042130011, ""lag_24"": 0.8092934483010537, ""lag_120"": 0.01599024744826891, ""lag_168"": -0.00855169609212287, ""lag_unit"": ""rows of the decision grid (1 row = 1 market hour; weekend gaps not filled)""}",,laneA_ps1_metrics.v1
yh.vea.logret_5d,trend,MEASURED,"{""ols_slope_per_year"": -7.433199175598284e-05, ""slope_in_std_per_year"": -0.003100995812126984, ""ols_r"": -0.007325447138913, ""kendall_tau_3000"": 0.0006609029029298114, ""kendall_p_3000"": 0.9567234356309295, ""caveat"": ""OLS p-value omitted: serial correlation makes it invalid""}",,laneA_ps1_metrics.v1
yh.vea.logret_5d,adf,MEASURED,"{""stat"": -9.406946853822548, ""pvalue"": 5.976093567109546e-16, ""lags"": 24, ""nobs"": 19975, ""crit_5pct"": -2.8616847064863733, ""H0"": ""unit root"", ""regression"": ""c"", ""sample"": ""last 20000 finite TRAIN values (gaps compressed)""}",,laneA_ps1_metrics.v1
yh.vea.logret_5d,kpss,MEASURED,"{""stat"": 0.25126726975118774, ""pvalue"": 0.1, ""lags"": 86, ""H0"": ""level stationary"", ""pvalue_truncated_to_table"": true, ""sample"": ""last 20000 finite TRAIN values (gaps compressed)""}",,laneA_ps1_metrics.v1
yh.vea.logret_5d,seasonality,MEASURED,"{""eta2_hour_of_day"": 1.4722076323336761e-06, ""eta2_day_of_week"": 4.5248042360597687e-05, ""eta2_month"": 0.023301408686351263}",,laneA_ps1_metrics.v1
yh.vea.logret_5d,spectrum,MEASURED,"{""top_periods_rows"": [1024.0, 682.6666666666666, 512.0], ""top_power_share"": [0.1295731332068741, 0.12065867566415349, 0.1066226169409974], ""spectral_entropy_norm"": 0.4245076504067519, ""zero_filled_fraction"": 0.0, ""method"": ""Welch nperseg<=2048 on demeaned rows""}",,laneA_ps1_metrics.v1
yh.vea.logret_5d,cost,MEASURED,"{""build_s"": 0.014329546249952892, ""profile_s"": 0.03239057700011472, ""bytes_float64"": 573872}",,laneA_ps1_metrics.v1
yh.vnq.logret_1d,missingness,MEASURED,"{""n_rows"": 71734, ""n_finite"": 71734, ""missing_fraction"": 0.0}",,laneA_ps1_metrics.v1
yh.vnq.logret_1d,constant,MEASURED,"{""n_unique"": 2917, ""is_constant"": false, ""top_value_share"": 0.005018540719881785}",,laneA_ps1_metrics.v1
yh.vnq.logret_1d,scale_tails,MEASURED,"{""mean"": 0.0001851992199060617, ""std"": 0.012509502428746249, ""min"": -0.19513612768065602, ""max"": 0.08614704937197004, ""p001"": -0.08022651749969967, ""p01"": -0.0322236259981791, ""p05"": -0.01865526018008712, ""p25"": -0.005422769570585295, ""median"": 0.0007031292281332036, ""p75"": 0.006383765792837615, ""p95"": 0.01725345568622849, ""p99"": 0.031552994416681024, ""p999"": 0.07145894767453154, ""mad"": 0.005939703288875275, ""skew"": -1.5293475367859657, ""excess_kurtosis"": 27.288142804090686, ""tail_ratio_p99_mad"": 5.1938394374560515, ""share_beyond_5mad"": 0.025371511417180137}",,laneA_ps1_metrics.v1
yh.vnq.logret_1d,volatility,MEASURED,"{""std_first_diff"": 0.003672066451442495, ""rolling168_std_median"": 0.007902875871529201, ""vol_of_vol_cv"": 0.7373679405243788}",,laneA_ps1_metrics.v1
yh.vnq.logret_1d,acf,MEASURED,"{""lag_1"": 0.9569169929049881, ""lag_6"": 0.7414994595640174, ""lag_24"": -0.012838017602705353, ""lag_120"": 0.022072796153877784, ""lag_168"": 0.03747465915790369, ""lag_unit"": ""rows of the decision grid (1 row = 1 market hour; weekend gaps not filled)""}",,laneA_ps1_metrics.v1
yh.vnq.logret_1d,trend,MEASURED,"{""ols_slope_per_year"": -7.246110140210228e-06, ""slope_in_std_per_year"": -0.0005792484698319421, ""ols_r"": -0.0013683520724072423, ""kendall_tau_3000"": 3.490143402735517e-05, ""kendall_p_3000"": 0.9977135061340738, ""caveat"": ""OLS p-value omitted: serial correlation makes it invalid""}",,laneA_ps1_metrics.v1
yh.vnq.logret_1d,adf,MEASURED,"{""stat"": -19.015980322983324, ""pvalue"": 0.0, ""lags"": 24, ""nobs"": 19975, ""crit_5pct"": -2.8616847064863733, ""H0"": ""unit root"", ""regression"": ""c"", ""sample"": ""last 20000 finite TRAIN values (gaps compressed)""}",,laneA_ps1_metrics.v1
yh.vnq.logret_1d,kpss,MEASURED,"{""stat"": 0.1695886452932583, ""pvalue"": 0.1, ""lags"": 82, ""H0"": ""level stationary"", ""pvalue_truncated_to_table"": true, ""sample"": ""last 20000 finite TRAIN values (gaps compressed)""}",,laneA_ps1_metrics.v1
yh.vnq.logret_1d,seasonality,MEASURED,"{""eta2_hour_of_day"": 1.2179029297758741e-05, ""eta2_day_of_week"": 0.0015825183667736206, ""eta2_month"": 0.0054795979224678305}",,laneA_ps1_metrics.v1
yh.vnq.logret_1d,spectrum,MEASURED,"{""top_periods_rows"": [292.57142857142856, 1024.0, 227.55555555555554], ""top_power_share"": [0.032072661430035426, 0.03006029503456291, 0.02972435074381868], ""spectral_entropy_norm"": 0.6567034949438844, ""zero_filled_fraction"": 0.0, ""method"": ""Welch nperseg<=2048 on demeaned rows""}",,laneA_ps1_metrics.v1
yh.vnq.logret_1d,cost,MEASURED,"{""build_s"": 0.014329546249952892, ""profile_s"": 0.03214702100012801, ""bytes_float64"": 573872}",,laneA_ps1_metrics.v1
yh.vnq.logret_5d,missingness,MEASURED,"{""n_rows"": 71734, ""n_finite"": 71734, ""missing_fraction"": 0.0}",,laneA_ps1_metrics.v1
yh.vnq.logret_5d,constant,MEASURED,"{""n_unique"": 2929, ""is_constant"": false, ""top_value_share"": 0.002411687623720969}",,laneA_ps1_metrics.v1
yh.vnq.logret_5d,scale_tails,MEASURED,"{""mean"": 0.0007537948772575693, ""std"": 0.02850769386172038, ""min"": -0.2865084989107807, ""max"": 0.22934466098459616, ""p001"": -0.24663067172438602, ""p01"": -0.07614759733881904, ""p05"": -0.0435793064291774, ""p25"": -0.012023139904124847, ""median"": 0.00295072512119976, ""p75"": 0.015967354212024887, ""p95"": 0.03875507829982894, ""p99"": 0.061053545784774066, ""p999"": 0.16724803224492793, ""mad"": 0.013883354314868868, ""skew"": -1.1563629802751805, ""excess_kurtosis"": 14.99709193217625, ""tail_ratio_p99_mad"": 4.185070793831649, ""share_beyond_5mad"": 0.0222767446399197}",,laneA_ps1_metrics.v1
yh.vnq.logret_5d,volatility,MEASURED,"{""std_first_diff"": 0.003513347839441673, ""rolling168_std_median"": 0.012198933815292922, ""vol_of_vol_cv"": 0.8012883482697795}",,laneA_ps1_metrics.v1
yh.vnq.logret_5d,acf,MEASURED,"{""lag_1"": 0.9924057076375056, ""lag_6"": 0.9544327437034694, ""lag_24"": 0.8183942942862822, ""lag_120"": 0.0032860107350248763, ""lag_168"": -0.012576363959889307, ""lag_unit"": ""rows of the decision grid (1 row = 1 market hour; weekend gaps not filled)""}",,laneA_ps1_metrics.v1
yh.vnq.logret_5d,trend,MEASURED,"{""ols_slope_per_year"": -0.00013145325840481566, ""slope_in_std_per_year"": -0.0046111502053601304, ""ols_r"": -0.010892867686842996, ""kendall_tau_3000"": -0.005061337147113447, ""kendall_p_3000"": 0.6777165619403076, ""caveat"": ""OLS p-value omitted: serial correlation makes it invalid""}",,laneA_ps1_metrics.v1
yh.vnq.logret_5d,adf,MEASURED,"{""stat"": -9.642462192328766, ""pvalue"": 1.508106744556024e-16, ""lags"": 24, ""nobs"": 19975, ""crit_5pct"": -2.8616847064863733, ""H0"": ""unit root"", ""regression"": ""c"", ""sample"": ""last 20000 finite TRAIN values (gaps compressed)""}",,laneA_ps1_metrics.v1
yh.vnq.logret_5d,kpss,MEASURED,"{""stat"": 0.28996136249424187, ""pvalue"": 0.1, ""lags"": 86, ""H0"": ""level stationary"", ""pvalue_truncated_to_table"": true, ""sample"": ""last 20000 finite TRAIN values (gaps compressed)""}",,laneA_ps1_metrics.v1
yh.vnq.logret_5d,seasonality,MEASURED,"{""eta2_hour_of_day"": 3.6056196063761966e-06, ""eta2_day_of_week"": 2.5423342144469187e-05, ""eta2_month"": 0.024699182127431475}",,laneA_ps1_metrics.v1
yh.vnq.logret_5d,spectrum,MEASURED,"{""top_periods_rows"": [1024.0, 682.6666666666666, 2048.0], ""top_power_share"": [0.1437401191665784, 0.11796591728509585, 0.11203314301418071], ""spectral_entropy_norm"": 0.41966854090146416, ""zero_filled_fraction"": 0.0, ""method"": ""Welch nperseg<=2048 on demeaned rows""}",,laneA_ps1_metrics.v1
yh.vnq.logret_5d,cost,MEASURED,"{""build_s"": 0.014329546249952892, ""profile_s"": 0.03256008500011376, ""bytes_float64"": 573872}",,laneA_ps1_metrics.v1
yh.voo.logret_1d,missingness,MEASURED,"{""n_rows"": 71734, ""n_finite"": 71734, ""missing_fraction"": 0.0}",,laneA_ps1_metrics.v1
yh.voo.logret_1d,constant,MEASURED,"{""n_unique"": 2919, ""is_constant"": false, ""top_value_share"": 0.005882844954972538}",,laneA_ps1_metrics.v1
yh.voo.logret_1d,scale_tails,MEASURED,"{""mean"": 0.00044773541751320846, ""std"": 0.010706969166068949, ""min"": -0.12486971331454644, ""max"": 0.09108668807622688, ""p001"": -0.05936354376855402, ""p01"": -0.03119491568035295, ""p05"": -0.016319040586907363, ""p25"": -0.0036407560749225354, ""median"": 0.000639466125160304, ""p75"": 0.005556826969071338, ""p95"": 0.01506234150603536, ""p99"": 0.025089594214252386, ""p999"": 0.0658067700638334, ""mad"": 0.0045620598405244905, ""skew"": -0.7445034988706677, ""excess_kurtosis"": 16.072181374775756, ""tail_ratio_p99_mad"": 5.359449227715764, ""share_beyond_5mad"": 0.038810048233752475}",,laneA_ps1_metrics.v1
yh.voo.logret_1d,volatility,MEASURED,"{""std_first_diff"": 0.003255633387793583, ""rolling168_std_median"": 0.006518206075550686, ""vol_of_vol_cv"": 0.7750149427593646}",,laneA_ps1_metrics.v1
yh.voo.logret_1d,acf,MEASURED,"{""lag_1"": 0.9537722827720058, ""lag_6"": 0.722631792801786, ""lag_24"": -0.08656334564264476, ""lag_120"": 0.024048170466533056, ""lag_168"": 0.10641357731843283, ""lag_unit"": ""rows of the decision grid (1 row = 1 market hour; weekend gaps not filled)""}",,laneA_ps1_metrics.v1
yh.voo.logret_1d,trend,MEASURED,"{""ols_slope_per_year"": -6.141089407752211e-06, ""slope_in_std_per_year"": -0.0005735600161447841, ""ols_r"": -0.0013549143029576748, ""kendall_tau_3000"": 0.0064243391763195495, ""kendall_p_3000"": 0.5978537606874219, ""caveat"": ""OLS p-value omitted: serial correlation makes it invalid""}",,laneA_ps1_metrics.v1
yh.voo.logret_1d,adf,MEASURED,"{""stat"": -19.289180285194963, ""pvalue"": 0.0, ""lags"": 24, ""nobs"": 19975, ""crit_5pct"": -2.8616847064863733, ""H0"": ""unit root"", ""regression"": ""c"", ""sample"": ""last 20000 finite TRAIN values (gaps compressed)""}",,laneA_ps1_metrics.v1
yh.voo.logret_1d,kpss,MEASURED,"{""stat"": 0.09839855967964167, ""pvalue"": 0.1, ""lags"": 82, ""H0"": ""level stationary"", ""pvalue_truncated_to_table"": true, ""sample"": ""last 20000 finite TRAIN values (gaps compressed)""}",,laneA_ps1_metrics.v1
yh.voo.logret_1d,seasonality,MEASURED,"{""eta2_hour_of_day"": 1.97894430816338e-06, ""eta2_day_of_week"": 0.00034033679780567076, ""eta2_month"": 0.005666004201793602}",,laneA_ps1_metrics.v1
yh.voo.logret_1d,spectrum,MEASURED,"{""top_periods_rows"": [55.351351351351354, 227.55555555555554, 56.888888888888886], ""top_power_share"": [0.03405091947081143, 0.029913363748550525, 0.02833568874896425], ""spectral_entropy_norm"": 0.6620006838515952, ""zero_filled_fraction"": 0.0, ""method"": ""Welch nperseg<=2048 on demeaned rows""}",,laneA_ps1_metrics.v1
yh.voo.logret_1d,cost,MEASURED,"{""build_s"": 0.014329546249952892, ""profile_s"": 0.03229520799959573, ""bytes_float64"": 573872}",,laneA_ps1_metrics.v1
yh.voo.logret_5d,missingness,MEASURED,"{""n_rows"": 71734, ""n_finite"": 71734, ""missing_fraction"": 0.0}",,laneA_ps1_metrics.v1
yh.voo.logret_5d,constant,MEASURED,"{""n_unique"": 2933, ""is_constant"": false, ""top_value_share"": 0.0013661583070789306}",,laneA_ps1_metrics.v1
yh.voo.logret_5d,scale_tails,MEASURED,"{""mean"": 0.00219405383321884, ""std"": 0.022407960481643535, ""min"": -0.20442479975385908, ""max"": 0.16281993284034524, ""p001"": -0.1383740003559883, ""p01"": -0.06358799576582808, ""p05"": -0.03469068447939616, ""p25"": -0.0072888081859865395, ""median"": 0.004084302535778406, ""p75"": 0.014186979991075432, ""p95"": 0.03285094999840954, ""p99"": 0.05328174660214913, ""p999"": 0.10111910226515895, ""mad"": 0.01064429439812642, ""skew"": -1.0787270642103195, ""excess_kurtosis"": 8.341537083961766, ""tail_ratio_p99_mad"": 4.621954469338083, ""share_beyond_5mad"": 0.02729528535980149}",,laneA_ps1_metrics.v1
yh.voo.logret_5d,volatility,MEASURED,"{""std_first_diff"": 0.003012833732318369, ""rolling168_std_median"": 0.009982638086084475, ""vol_of_vol_cv"": 0.7419373954142929}",,laneA_ps1_metrics.v1
yh.voo.logret_5d,acf,MEASURED,"{""lag_1"": 0.9909611422220825, ""lag_6"": 0.9457641810555467, ""lag_24"": 0.7846194213794458, ""lag_120"": -0.009537825938667989, ""lag_168"": 0.02411958553464193, ""lag_unit"": ""rows of the decision grid (1 row = 1 market hour; weekend gaps not filled)""}",,laneA_ps1_metrics.v1
yh.voo.logret_5d,trend,MEASURED,"{""ols_slope_per_year"": -6.237115041114859e-05, ""slope_in_std_per_year"": -0.0027834371835063995, ""ols_r"": -0.006575282002162883, ""kendall_tau_3000"": 0.011247931778522216, ""kendall_p_3000"": 0.3557164082320471, ""caveat"": ""OLS p-value omitted: serial correlation makes it invalid""}",,laneA_ps1_metrics.v1
yh.voo.logret_5d,adf,MEASURED,"{""stat"": -10.086339262371903, ""pvalue"": 1.1527517748705199e-17, ""lags"": 24, ""nobs"": 19975, ""crit_5pct"": -2.8616847064863733, ""H0"": ""unit root"", ""regression"": ""c"", ""sample"": ""last 20000 finite TRAIN values (gaps compressed)""}",,laneA_ps1_metrics.v1
yh.voo.logret_5d,kpss,MEASURED,"{""stat"": 0.20483675401840087, ""pvalue"": 0.1, ""lags"": 86, ""H0"": ""level stationary"", ""pvalue_truncated_to_table"": true, ""sample"": ""last 20000 finite TRAIN values (gaps compressed)""}",,laneA_ps1_metrics.v1
yh.voo.logret_5d,seasonality,MEASURED,"{""eta2_hour_of_day"": 3.8981478024416264e-06, ""eta2_day_of_week"": 5.59309900616623e-05, ""eta2_month"": 0.023896888270975532}",,laneA_ps1_metrics.v1
yh.voo.logret_5d,spectrum,MEASURED,"{""top_periods_rows"": [1024.0, 2048.0, 682.6666666666666], ""top_power_share"": [0.13147983328950913, 0.11543605098032247, 0.10767121718797217], ""spectral_entropy_norm"": 0.43719479599760985, ""zero_filled_fraction"": 0.0, ""method"": ""Welch nperseg<=2048 on demeaned rows""}",,laneA_ps1_metrics.v1
yh.voo.logret_5d,cost,MEASURED,"{""build_s"": 0.014329546249952892, ""profile_s"": 0.03272656700028165, ""bytes_float64"": 573872}",,laneA_ps1_metrics.v1
yh.vti.logret_1d,missingness,MEASURED,"{""n_rows"": 71734, ""n_finite"": 71734, ""missing_fraction"": 0.0}",,laneA_ps1_metrics.v1
yh.vti.logret_1d,constant,MEASURED,"{""n_unique"": 2927, ""is_constant"": false, ""top_value_share"": 0.003303872640588842}",,laneA_ps1_metrics.v1
yh.vti.logret_1d,scale_tails,MEASURED,"{""mean"": 0.0004391469845714745, ""std"": 0.010850199575866862, ""min"": -0.12082225344955688, ""max"": 0.0906608784452354, ""p001"": -0.060798932674974715, ""p01"": -0.031524306313242434, ""p05"": -0.016542920255340654, ""p25"": -0.003889660660798988, ""median"": 0.0007336781893796385, ""p75"": 0.005552871262459291, ""p95"": 0.01542100496378307, ""p99"": 0.025365284661352128, ""p999"": 0.06760863416060925, ""mad"": 0.00472397544071157, ""skew"": -0.7669265965497423, ""excess_kurtosis"": 14.369526291972594, ""tail_ratio_p99_mad"": 5.214169036463543, ""share_beyond_5mad"": 0.037499651490227784}",,laneA_ps1_metrics.v1
yh.vti.logret_1d,volatility,MEASURED,"{""std_first_diff"": 0.0032741364201698993, ""rolling168_std_median"": 0.006670836846631382, ""vol_of_vol_cv"": 0.7519550445743121}",,laneA_ps1_metrics.v1
yh.vti.logret_1d,acf,MEASURED,"{""lag_1"": 0.954471550365916, ""lag_6"": 0.7268279341510574, ""lag_24"": -0.0694540720359952, ""lag_120"": 0.01775285338033326, ""lag_168"": 0.09786804106108024, ""lag_unit"": ""rows of the decision grid (1 row = 1 market hour; weekend gaps not filled)""}",,laneA_ps1_metrics.v1
yh.vti.logret_1d,trend,MEASURED,"{""ols_slope_per_year"": -9.01468066919997e-06, ""slope_in_std_per_year"": -0.0008308308622498083, ""ols_r"": -0.001962662296732974, ""kendall_tau_3000"": 0.005692014341833922, ""kendall_p_3000"": 0.6402391439150525, ""caveat"": ""OLS p-value omitted: serial correlation makes it invalid""}",,laneA_ps1_metrics.v1
yh.vti.logret_1d,adf,MEASURED,"{""stat"": -19.146857732817953, ""pvalue"": 0.0, ""lags"": 24, ""nobs"": 19975, ""crit_5pct"": -2.8616847064863733, ""H0"": ""unit root"", ""regression"": ""c"", ""sample"": ""last 20000 finite TRAIN values (gaps compressed)""}",,laneA_ps1_metrics.v1
yh.vti.logret_1d,kpss,MEASURED,"{""stat"": 0.11251864388487724, ""pvalue"": 0.1, ""lags"": 82, ""H0"": ""level stationary"", ""pvalue_truncated_to_table"": true, ""sample"": ""last 20000 finite TRAIN values (gaps compressed)""}",,laneA_ps1_metrics.v1
yh.vti.logret_1d,seasonality,MEASURED,"{""eta2_hour_of_day"": 2.0958576083073667e-06, ""eta2_day_of_week"": 0.00042256587075751613, ""eta2_month"": 0.005619454591595779}",,laneA_ps1_metrics.v1
yh.vti.logret_1d,spectrum,MEASURED,"{""top_periods_rows"": [55.351351351351354, 227.55555555555554, 56.888888888888886], ""top_power_share"": [0.0319772559787043, 0.030165014169344022, 0.026962589877475664], ""spectral_entropy_norm"": 0.6616757244841334, ""zero_filled_fraction"": 0.0, ""method"": ""Welch nperseg<=2048 on demeaned rows""}",,laneA_ps1_metrics.v1
yh.vti.logret_1d,cost,MEASURED,"{""build_s"": 0.014329546249952892, ""profile_s"": 0.03230389500004094, ""bytes_float64"": 573872}",,laneA_ps1_metrics.v1
yh.vti.logret_5d,missingness,MEASURED,"{""n_rows"": 71734, ""n_finite"": 71734, ""missing_fraction"": 0.0}",,laneA_ps1_metrics.v1
yh.vti.logret_5d,constant,MEASURED,"{""n_unique"": 2932, ""is_constant"": false, ""top_value_share"": 0.0012825159617475673}",,laneA_ps1_metrics.v1
yh.vti.logret_5d,scale_tails,MEASURED,"{""mean"": 0.0021718459948653333, ""std"": 0.02304974465049966, ""min"": -0.20828131012878703, ""max"": 0.15582150324547417, ""p001"": -0.14163028803028677, ""p01"": -0.0656230273417906, ""p05"": -0.034856211530681414, ""p25"": -0.007799227600830072, ""median"": 0.004143923599079002, ""p75"": 0.014623977029097013, ""p95"": 0.03374965903420435, ""p99"": 0.05465557004002175, ""p999"": 0.10514692427894431, ""mad"": 0.010968699608342014, ""skew"": -1.1036345980055706, ""excess_kurtosis"": 8.054957347905706, ""tail_ratio_p99_mad"": 4.605071543989332, ""share_beyond_5mad"": 0.027490450832241334}",,laneA_ps1_metrics.v1
yh.vti.logret_5d,volatility,MEASURED,"{""std_first_diff"": 0.0030619377212988915, ""rolling168_std_median"": 0.010265980542823306, ""vol_of_vol_cv"": 0.7356261780877686}",,laneA_ps1_metrics.v1
yh.vti.logret_5d,acf,MEASURED,"{""lag_1"": 0.9911767672935471, ""lag_6"": 0.947057919695817, ""lag_24"": 0.7897930751276914, ""lag_120"": -0.005513012289729791, ""lag_168"": 0.024672412193918934, ""lag_unit"": ""rows of the decision grid (1 row = 1 market hour; weekend gaps not filled)""}",,laneA_ps1_metrics.v1
yh.vti.logret_5d,trend,MEASURED,"{""ols_slope_per_year"": -8.190105098929788e-05, ""slope_in_std_per_year"": -0.003553230295222488, ""ols_r"": -0.008393755515001227, ""kendall_tau_3000"": 0.010272258534438227, ""kendall_p_3000"": 0.39897885407147204, ""caveat"": ""OLS p-value omitted: serial correlation makes it invalid""}",,laneA_ps1_metrics.v1
yh.vti.logret_5d,adf,MEASURED,"{""stat"": -10.00994207886739, ""pvalue"": 1.789705640625158e-17, ""lags"": 24, ""nobs"": 19975, ""crit_5pct"": -2.8616847064863733, ""H0"": ""unit root"", ""regression"": ""c"", ""sample"": ""last 20000 finite TRAIN values (gaps compressed)""}",,laneA_ps1_metrics.v1
yh.vti.logret_5d,kpss,MEASURED,"{""stat"": 0.23703624774517906, ""pvalue"": 0.1, ""lags"": 86, ""H0"": ""level stationary"", ""pvalue_truncated_to_table"": true, ""sample"": ""last 20000 finite TRAIN values (gaps compressed)""}",,laneA_ps1_metrics.v1
yh.vti.logret_5d,seasonality,MEASURED,"{""eta2_hour_of_day"": 3.455539711512448e-06, ""eta2_day_of_week"": 5.417827495209215e-05, ""eta2_month"": 0.024574176553059175}",,laneA_ps1_metrics.v1
yh.vti.logret_5d,spectrum,MEASURED,"{""top_periods_rows"": [1024.0, 2048.0, 682.6666666666666], ""top_power_share"": [0.13188726939380901, 0.11637735845954224, 0.10825306754684956], ""spectral_entropy_norm"": 0.43512742922209297, ""zero_filled_fraction"": 0.0, ""method"": ""Welch nperseg<=2048 on demeaned rows""}",,laneA_ps1_metrics.v1
yh.vti.logret_5d,cost,MEASURED,"{""build_s"": 0.014329546249952892, ""profile_s"": 0.03282086399940454, ""bytes_float64"": 573872}",,laneA_ps1_metrics.v1
yh.vwo.logret_1d,missingness,MEASURED,"{""n_rows"": 71734, ""n_finite"": 71734, ""missing_fraction"": 0.0}",,laneA_ps1_metrics.v1
yh.vwo.logret_1d,constant,MEASURED,"{""n_unique"": 2895, ""is_constant"": false, ""top_value_share"": 0.007360526389159952}",,laneA_ps1_metrics.v1
yh.vwo.logret_1d,scale_tails,MEASURED,"{""mean"": 2.2345490363716816e-05, ""std"": 0.012518957552120286, ""min"": -0.12884685894212744, ""max"": 0.07494222041682796, ""p001"": -0.07746981585556068, ""p01"": -0.03282179947238095, ""p05"": -0.019329818025010326, ""p25"": -0.00681908091157668, ""median"": 0.0005059564341745038, ""p75"": 0.007148424452169344, ""p95"": 0.018759631323043813, ""p99"": 0.029377180738721087, ""p999"": 0.06112666382606369, ""mad"": 0.006967483278151665, ""skew"": -0.6919854635800563, ""excess_kurtosis"": 7.98070443841215, ""tail_ratio_p99_mad"": 4.143709163261249, ""share_beyond_5mad"": 0.013591881116346502}",,laneA_ps1_metrics.v1
yh.vwo.logret_1d,volatility,MEASURED,"{""std_first_diff"": 0.0037552683491367295, ""rolling168_std_median"": 0.009226311414533386, ""vol_of_vol_cv"": 0.5536678212135311}",,laneA_ps1_metrics.v1
yh.vwo.logret_1d,acf,MEASURED,"{""lag_1"": 0.9550105749344538, ""lag_6"": 0.730105709551183, ""lag_24"": -0.05721441472260048, ""lag_120"": 0.017545969361938057, ""lag_168"": 0.031553901443458536, ""lag_unit"": ""rows of the decision grid (1 row = 1 market hour; weekend gaps not filled)""}",,laneA_ps1_metrics.v1
yh.vwo.logret_1d,trend,MEASURED,"{""ols_slope_per_year"": -2.5897405570273723e-06, ""slope_in_std_per_year"": -0.00020686551146495088, ""ols_r"": -0.0004886760450222256, ""kendall_tau_3000"": -0.0023617847950875423, ""kendall_p_3000"": 0.8462397603415868, ""caveat"": ""OLS p-value omitted: serial correlation makes it invalid""}",,laneA_ps1_metrics.v1
yh.vwo.logret_1d,adf,MEASURED,"{""stat"": -19.42212229546141, ""pvalue"": 0.0, ""lags"": 24, ""nobs"": 19975, ""crit_5pct"": -2.8616847064863733, ""H0"": ""unit root"", ""regression"": ""c"", ""sample"": ""last 20000 finite TRAIN values (gaps compressed)""}",,laneA_ps1_metrics.v1
yh.vwo.logret_1d,kpss,MEASURED,"{""stat"": 0.13042771782182566, ""pvalue"": 0.1, ""lags"": 82, ""H0"": ""level stationary"", ""pvalue_truncated_to_table"": true, ""sample"": ""last 20000 finite TRAIN values (gaps compressed)""}",,laneA_ps1_metrics.v1
yh.vwo.logret_1d,seasonality,MEASURED,"{""eta2_hour_of_day"": 6.565273011224348e-06, ""eta2_day_of_week"": 0.003584212353733743, ""eta2_month"": 0.003760817551947981}",,laneA_ps1_metrics.v1
yh.vwo.logret_1d,spectrum,MEASURED,"{""top_periods_rows"": [227.55555555555554, 256.0, 56.888888888888886], ""top_power_share"": [0.026129653784349567, 0.02330896757335317, 0.02282423886117436], ""spectral_entropy_norm"": 0.6652092544216451, ""zero_filled_fraction"": 0.0, ""method"": ""Welch nperseg<=2048 on demeaned rows""}",,laneA_ps1_metrics.v1
yh.vwo.logret_1d,cost,MEASURED,"{""build_s"": 0.014329546249952892, ""profile_s"": 0.032345061999876634, ""bytes_float64"": 573872}",,laneA_ps1_metrics.v1
yh.vwo.logret_5d,missingness,MEASURED,"{""n_rows"": 71734, ""n_finite"": 71734, ""missing_fraction"": 0.0}",,laneA_ps1_metrics.v1
yh.vwo.logret_5d,constant,MEASURED,"{""n_unique"": 2912, ""is_constant"": false, ""top_value_share"": 0.004182117266568155}",,laneA_ps1_metrics.v1
yh.vwo.logret_5d,scale_tails,MEASURED,"{""mean"": 9.280021487724231e-05, ""std"": 0.02658039333762227, ""min"": -0.1976041313461927, ""max"": 0.11598819526704984, ""p001"": -0.1505664623515095, ""p01"": -0.06890596843690126, ""p05"": -0.04308062423904602, ""p25"": -0.015514718949858786, ""median"": 0.001611239361106076, ""p75"": 0.016488671332690163, ""p95"": 0.0395267372016197, ""p99"": 0.060765169413596, ""p999"": 0.0898179220330726, ""mad"": 0.016058336475802903, ""skew"": -0.6062435178518786, ""excess_kurtosis"": 3.446292937136322, ""tail_ratio_p99_mad"": 3.6836897857772826, ""share_beyond_5mad"": 0.00867092313268464}",,laneA_ps1_metrics.v1
yh.vwo.logret_5d,volatility,MEASURED,"{""std_first_diff"": 0.00353584683742791, ""rolling168_std_median"": 0.013981155785819528, ""vol_of_vol_cv"": 0.5640919051870069}",,laneA_ps1_metrics.v1
yh.vwo.logret_5d,acf,MEASURED,"{""lag_1"": 0.9911522324304968, ""lag_6"": 0.9469139762649832, ""lag_24"": 0.7889056726193514, ""lag_120"": -0.012930104568616067, ""lag_168"": -0.019704133457225572, ""lag_unit"": ""rows of the decision grid (1 row = 1 market hour; weekend gaps not filled)""}",,laneA_ps1_metrics.v1
yh.vwo.logret_5d,trend,MEASURED,"{""ols_slope_per_year"": -1.95739838475071e-05, ""slope_in_std_per_year"": -0.0007364068544388995, ""ols_r"": -0.0017396055369791833, ""kendall_tau_3000"": 0.0019898223626386618, ""kendall_p_3000"": 0.8702181891522636, ""caveat"": ""OLS p-value omitted: serial correlation makes it invalid""}",,laneA_ps1_metrics.v1
yh.vwo.logret_5d,adf,MEASURED,"{""stat"": -9.861744078563428, ""pvalue"": 4.215284606363531e-17, ""lags"": 24, ""nobs"": 19975, ""crit_5pct"": -2.8616847064863733, ""H0"": ""unit root"", ""regression"": ""c"", ""sample"": ""last 20000 finite TRAIN values (gaps compressed)""}",,laneA_ps1_metrics.v1
yh.vwo.logret_5d,kpss,MEASURED,"{""stat"": 0.27614189156657415, ""pvalue"": 0.1, ""lags"": 86, ""H0"": ""level stationary"", ""pvalue_truncated_to_table"": true, ""sample"": ""last 20000 finite TRAIN values (gaps compressed)""}",,laneA_ps1_metrics.v1
yh.vwo.logret_5d,seasonality,MEASURED,"{""eta2_hour_of_day"": 1.6227196513979665e-06, ""eta2_day_of_week"": 2.0544564264677906e-05, ""eta2_month"": 0.022326802929341097}",,laneA_ps1_metrics.v1
yh.vwo.logret_5d,spectrum,MEASURED,"{""top_periods_rows"": [682.6666666666666, 1024.0, 512.0], ""top_power_share"": [0.12063759925243842, 0.1136294895994565, 0.1062822876757339], ""spectral_entropy_norm"": 0.4372106980233214, ""zero_filled_fraction"": 0.0, ""method"": ""Welch nperseg<=2048 on demeaned rows""}",,laneA_ps1_metrics.v1
yh.vwo.logret_5d,cost,MEASURED,"{""build_s"": 0.014329546249952892, ""profile_s"": 0.0324645460004831, ""bytes_float64"": 573872}",,laneA_ps1_metrics.v1
yh.xlb.logret_1d,missingness,MEASURED,"{""n_rows"": 71734, ""n_finite"": 71734, ""missing_fraction"": 0.0}",,laneA_ps1_metrics.v1
yh.xlb.logret_1d,constant,MEASURED,"{""n_unique"": 2905, ""is_constant"": false, ""top_value_share"": 0.007709036161373965}",,laneA_ps1_metrics.v1
yh.xlb.logret_1d,scale_tails,MEASURED,"{""mean"": 0.00034398970966623436, ""std"": 0.012627908527010352, ""min"": -0.11662801613341811, ""max"": 0.11118451626099102, ""p001"": -0.08039877579463717, ""p01"": -0.032226191464518106, ""p05"": -0.01957821788263958, ""p25"": -0.005964597100204916, ""median"": 0.0007235596060808369, ""p75"": 0.007054296128257143, ""p95"": 0.018559665378885537, ""p99"": 0.03197840352618497, ""p999"": 0.06782635338539889, ""mad"": 0.006518222007788399, ""skew"": -0.4457489017039823, ""excess_kurtosis"": 8.968839501431578, ""tail_ratio_p99_mad"": 4.794995304357354, ""share_beyond_5mad"": 0.019697772325536007}",,laneA_ps1_metrics.v1
yh.xlb.logret_1d,volatility,MEASURED,"{""std_first_diff"": 0.0037110277729246097, ""rolling168_std_median"": 0.00872942155647099, ""vol_of_vol_cv"": 0.6240937577386914}",,laneA_ps1_metrics.v1
yh.xlb.logret_1d,acf,MEASURED,"{""lag_1"": 0.9568191807006049, ""lag_6"": 0.740918628772095, ""lag_24"": -0.013506728837878882, ""lag_120"": 0.0076467687837505965, ""lag_168"": 0.05824888862889061, ""lag_unit"": ""rows of the decision grid (1 row = 1 market hour; weekend gaps not filled)""}",,laneA_ps1_metrics.v1
yh.xlb.logret_1d,trend,MEASURED,"{""ols_slope_per_year"": 8.971596635777295e-06, ""slope_in_std_per_year"": 0.0007104578415806211, ""ols_r"": 0.0016783064790259544, ""kendall_tau_3000"": -0.0028412959192014664, ""kendall_p_3000"": 0.8155363430601281, ""caveat"": ""OLS p-value omitted: serial correlation makes it invalid""}",,laneA_ps1_metrics.v1
yh.xlb.logret_1d,adf,MEASURED,"{""stat"": -19.250084741541162, ""pvalue"": 0.0, ""lags"": 24, ""nobs"": 19975, ""crit_5pct"": -2.8616847064863733, ""H0"": ""unit root"", ""regression"": ""c"", ""sample"": ""last 20000 finite TRAIN values (gaps compressed)""}",,laneA_ps1_metrics.v1
yh.xlb.logret_1d,kpss,MEASURED,"{""stat"": 0.1076684444912225, ""pvalue"": 0.1, ""lags"": 82, ""H0"": ""level stationary"", ""pvalue_truncated_to_table"": true, ""sample"": ""last 20000 finite TRAIN values (gaps compressed)""}",,laneA_ps1_metrics.v1
yh.xlb.logret_1d,seasonality,MEASURED,"{""eta2_hour_of_day"": 5.94328686024643e-06, ""eta2_day_of_week"": 0.0017027573595337208, ""eta2_month"": 0.005970109201323309}",,laneA_ps1_metrics.v1
yh.xlb.logret_1d,spectrum,MEASURED,"{""top_periods_rows"": [227.55555555555554, 292.57142857142856, 204.8], ""top_power_share"": [0.031631159227572224, 0.030204217310638545, 0.0272241008550573], ""spectral_entropy_norm"": 0.6589804875755596, ""zero_filled_fraction"": 0.0, ""method"": ""Welch nperseg<=2048 on demeaned rows""}",,laneA_ps1_metrics.v1
yh.xlb.logret_1d,cost,MEASURED,"{""build_s"": 0.014329546249952892, ""profile_s"": 0.032639603999996325, ""bytes_float64"": 573872}",,laneA_ps1_metrics.v1
yh.xlb.logret_5d,missingness,MEASURED,"{""n_rows"": 71734, ""n_finite"": 71734, ""missing_fraction"": 0.0}",,laneA_ps1_metrics.v1
yh.xlb.logret_5d,constant,MEASURED,"{""n_unique"": 2924, ""is_constant"": false, ""top_value_share"": 0.002676555050603619}",,laneA_ps1_metrics.v1
yh.xlb.logret_5d,scale_tails,MEASURED,"{""mean"": 0.0015828645847548969, ""std"": 0.02800570040585064, ""min"": -0.23476467749372, ""max"": 0.17468709907871816, ""p001"": -0.15609338907368953, ""p01"": -0.07819230503020824, ""p05"": -0.044811138982869814, ""p25"": -0.011732852539104055, ""median"": 0.0030147679073562195, ""p75"": 0.01706923534356397, ""p95"": 0.04180015690257033, ""p99"": 0.06531111157355163, ""p999"": 0.16359481860108138, ""mad"": 0.014422784936353406, ""skew"": -0.5398509965064655, ""excess_kurtosis"": 5.86294998348623, ""tail_ratio_p99_mad"": 4.3193006025607525, ""share_beyond_5mad"": 0.021747009786154403}",,laneA_ps1_metrics.v1
yh.xlb.logret_5d,volatility,MEASURED,"{""std_first_diff"": 0.0035822773023676184, ""rolling168_std_median"": 0.013417945673939788, ""vol_of_vol_cv"": 0.6721969756279632}",,laneA_ps1_metrics.v1
yh.xlb.logret_5d,acf,MEASURED,"{""lag_1"": 0.9918192753578935, ""lag_6"": 0.9509139624595941, ""lag_24"": 0.8047156308073339, ""lag_120"": -0.02795264933745056, ""lag_168"": -0.016495449608161867, ""lag_unit"": ""rows of the decision grid (1 row = 1 market hour; weekend gaps not filled)""}",,laneA_ps1_metrics.v1
yh.xlb.logret_5d,trend,MEASURED,"{""ols_slope_per_year"": 2.340886379394015e-05, ""slope_in_std_per_year"": 0.0008358606803152772, ""ols_r"": 0.001974544178744182, ""kendall_tau_3000"": 0.004326191890451577, ""kendall_p_3000"": 0.7224256131728858, ""caveat"": ""OLS p-value omitted: serial correlation makes it invalid""}",,laneA_ps1_metrics.v1
yh.xlb.logret_5d,adf,MEASURED,"{""stat"": -9.752764226670239, ""pvalue"": 7.934723801030678e-17, ""lags"": 24, ""nobs"": 19975, ""crit_5pct"": -2.8616847064863733, ""H0"": ""unit root"", ""regression"": ""c"", ""sample"": ""last 20000 finite TRAIN values (gaps compressed)""}",,laneA_ps1_metrics.v1
yh.xlb.logret_5d,kpss,MEASURED,"{""stat"": 0.22756125339101543, ""pvalue"": 0.1, ""lags"": 86, ""H0"": ""level stationary"", ""pvalue_truncated_to_table"": true, ""sample"": ""last 20000 finite TRAIN values (gaps compressed)""}",,laneA_ps1_metrics.v1
yh.xlb.logret_5d,seasonality,MEASURED,"{""eta2_hour_of_day"": 1.4965643842031634e-06, ""eta2_day_of_week"": 1.5984512241291093e-05, ""eta2_month"": 0.02691823212912043}",,laneA_ps1_metrics.v1
yh.xlb.logret_5d,spectrum,MEASURED,"{""top_periods_rows"": [1024.0, 2048.0, 682.6666666666666], ""top_power_share"": [0.13238830293121667, 0.1124967621427431, 0.10624636565292184], ""spectral_entropy_norm"": 0.42742992032430505, ""zero_filled_fraction"": 0.0, ""method"": ""Welch nperseg<=2048 on demeaned rows""}",,laneA_ps1_metrics.v1
yh.xlb.logret_5d,cost,MEASURED,"{""build_s"": 0.014329546249952892, ""profile_s"": 0.03247748000012507, ""bytes_float64"": 573872}",,laneA_ps1_metrics.v1
yh.xlc.logret_1d,missingness,MEASURED,"{""n_rows"": 71734, ""n_finite"": 33606, ""missing_fraction"": 0.5315192237990354}",,laneA_ps1_metrics.v1
yh.xlc.logret_1d,constant,MEASURED,"{""n_unique"": 1380, ""is_constant"": false, ""top_value_share"": 0.0073498779979765515}",,laneA_ps1_metrics.v1
yh.xlc.logret_1d,scale_tails,MEASURED,"{""mean"": 0.0002587690102943709, ""std"": 0.0152517803910768, ""min"": -0.11967916307082715, ""max"": 0.08608671666772638, ""p001"": -0.0985654034819059, ""p01"": -0.04078463548074884, ""p05"": -0.024652345658318975, ""p25"": -0.007240780216118736, ""median"": 0.0009781715987702277, ""p75"": 0.00803756510533038, ""p95"": 0.022022002493532256, ""p99"": 0.04137782586198924, ""p999"": 0.06387100922529454, ""mad"": 0.007484321281892914, ""skew"": -0.5166189183511415, ""excess_kurtosis"": 6.141054421567345, ""tail_ratio_p99_mad"": 5.397904865596742, ""share_beyond_5mad"": 0.029339998809736357}",,laneA_ps1_metrics.v1
yh.xlc.logret_1d,volatility,MEASURED,"{""std_first_diff"": 0.004668720318705661, ""rolling168_std_median"": 0.010707965673500906, ""vol_of_vol_cv"": 0.6178138518457088}",,laneA_ps1_metrics.v1
yh.xlc.logret_1d,acf,MEASURED,"{""lag_1"": 0.9531493164557112, ""lag_6"": 0.7188822405688243, ""lag_24"": -0.09079667163154401, ""lag_120"": 0.00863449065989541, ""lag_168"": 0.0961243584943569, ""lag_unit"": ""rows of the decision grid (1 row = 1 market hour; weekend gaps not filled)""}",,laneA_ps1_metrics.v1
yh.xlc.logret_1d,trend,MEASURED,"{""ols_slope_per_year"": 8.63713194283284e-05, ""slope_in_std_per_year"": 0.005663031935528049, ""ols_r"": 0.0062672027427726285, ""kendall_tau_3000"": -0.0012711804963332581, ""kendall_p_3000"": 0.9168902859092878, ""caveat"": ""OLS p-value omitted: serial correlation makes it invalid""}",,laneA_ps1_metrics.v1
yh.xlc.logret_1d,adf,MEASURED,"{""stat"": -19.30811911062888, ""pvalue"": 0.0, ""lags"": 24, ""nobs"": 19975, ""crit_5pct"": -2.8616847064863733, ""H0"": ""unit root"", ""regression"": ""c"", ""sample"": ""last 20000 finite TRAIN values (gaps compressed)""}",,laneA_ps1_metrics.v1
yh.xlc.logret_1d,kpss,MEASURED,"{""stat"": 0.18915939202312354, ""pvalue"": 0.1, ""lags"": 82, ""H0"": ""level stationary"", ""pvalue_truncated_to_table"": true, ""sample"": ""last 20000 finite TRAIN values (gaps compressed)""}",,laneA_ps1_metrics.v1
yh.xlc.logret_1d,seasonality,MEASURED,"{""eta2_hour_of_day"": 1.1946420780212234e-05, ""eta2_day_of_week"": 0.0005234201906142154, ""eta2_month"": 0.007600817558829195}",,laneA_ps1_metrics.v1
yh.xlc.logret_1d,spectrum,MEASURED,"{""top_periods_rows"": [55.351351351351354, 227.55555555555554, 56.888888888888886], ""top_power_share"": [0.03442941591632484, 0.030925856171551653, 0.02910553563277704], ""spectral_entropy_norm"": 0.6643249331927324, ""zero_filled_fraction"": 0.5315192237990354, ""method"": ""Welch nperseg<=2048 on demeaned rows""}",,laneA_ps1_metrics.v1
yh.xlc.logret_1d,cost,MEASURED,"{""build_s"": 0.014329546249952892, ""profile_s"": 0.026697915999648103, ""bytes_float64"": 573872}",,laneA_ps1_metrics.v1
yh.xlc.logret_5d,missingness,MEASURED,"{""n_rows"": 71734, ""n_finite"": 33510, ""missing_fraction"": 0.5328575013243371}",,laneA_ps1_metrics.v1
yh.xlc.logret_5d,constant,MEASURED,"{""n_unique"": 1384, ""is_constant"": false, ""top_value_share"": 0.0022082960310355116}",,laneA_ps1_metrics.v1
yh.xlc.logret_5d,scale_tails,MEASURED,"{""mean"": 0.0013348377020399806, ""std"": 0.03136459659564432, ""min"": -0.17924934760181488, ""max"": 0.10122380830677269, ""p001"": -0.13839888001600942, ""p01"": -0.09512359970141786, ""p05"": -0.05193385771134551, ""p25"": -0.015186180001871552, ""median"": 0.0046555793191203065, ""p75"": 0.019906422914779398, ""p95"": 0.04825322442314928, ""p99"": 0.07110958721046078, ""p999"": 0.09458841935902385, ""mad"": 0.017561497035657903, ""skew"": -0.7057226514490706, ""excess_kurtosis"": 2.220772715688595, ""tail_ratio_p99_mad"": 3.7840742025812673, ""share_beyond_5mad"": 0.0153088630259624}",,laneA_ps1_metrics.v1
yh.xlc.logret_5d,volatility,MEASURED,"{""std_first_diff"": 0.00438659085424135, ""rolling168_std_median"": 0.016267680627632328, ""vol_of_vol_cv"": 0.5780675019342155}",,laneA_ps1_metrics.v1
yh.xlc.logret_5d,acf,MEASURED,"{""lag_1"": 0.9902201072224723, ""lag_6"": 0.9413191627549934, ""lag_24"": 0.7672894565908523, ""lag_120"": -0.029649666272682604, ""lag_168"": 0.019457881077696654, ""lag_unit"": ""rows of the decision grid (1 row = 1 market hour; weekend gaps not filled)""}",,laneA_ps1_metrics.v1
yh.xlc.logret_5d,trend,MEASURED,"{""ols_slope_per_year"": 0.00016821772399868302, ""slope_in_std_per_year"": 0.005363299460451018, ""ols_r"": 0.00591853724333075, ""kendall_tau_3000"": 0.0027813183868144607, ""kendall_p_3000"": 0.8193935173165487, ""caveat"": ""OLS p-value omitted: serial correlation makes it invalid""}",,laneA_ps1_metrics.v1
yh.xlc.logret_5d,adf,MEASURED,"{""stat"": -10.589345769504595, ""pvalue"": 6.589475025138669e-19, ""lags"": 24, ""nobs"": 19975, ""crit_5pct"": -2.8616847064863733, ""H0"": ""unit root"", ""regression"": ""c"", ""sample"": ""last 20000 finite TRAIN values (gaps compressed)""}",,laneA_ps1_metrics.v1
yh.xlc.logret_5d,kpss,MEASURED,"{""stat"": 0.40703372009213495, ""pvalue"": 0.0741233965120108, ""lags"": 86, ""H0"": ""level stationary"", ""pvalue_truncated_to_table"": false, ""sample"": ""last 20000 finite TRAIN values (gaps compressed)""}",,laneA_ps1_metrics.v1
yh.xlc.logret_5d,seasonality,MEASURED,"{""eta2_hour_of_day"": 3.7706496489466816e-05, ""eta2_day_of_week"": 0.0002430481269308624, ""eta2_month"": 0.029313707004093102}",,laneA_ps1_metrics.v1
yh.xlc.logret_5d,spectrum,MEASURED,"{""top_periods_rows"": [1024.0, 2048.0, 682.6666666666666], ""top_power_share"": [0.12095494765854589, 0.10380353622002159, 0.09495968252609317], ""spectral_entropy_norm"": 0.4500815415557298, ""zero_filled_fraction"": 0.5328575013243372, ""method"": ""Welch nperseg<=2048 on demeaned rows""}",,laneA_ps1_metrics.v1
yh.xlc.logret_5d,cost,MEASURED,"{""build_s"": 0.014329546249952892, ""profile_s"": 0.027191080999728, ""bytes_float64"": 573872}",,laneA_ps1_metrics.v1
yh.xle.logret_1d,missingness,MEASURED,"{""n_rows"": 71734, ""n_finite"": 71734, ""missing_fraction"": 0.0}",,laneA_ps1_metrics.v1
yh.xle.logret_1d,constant,MEASURED,"{""n_unique"": 2924, ""is_constant"": false, ""top_value_share"": 0.0038754286670198233}",,laneA_ps1_metrics.v1
yh.xle.logret_1d,scale_tails,MEASURED,"{""mean"": 0.00010379616315163552, ""std"": 0.017943182960267586, ""min"": -0.22490985658660811, ""max"": 0.14874183881529124, ""p001"": -0.13671228012777908, ""p01"": -0.04648187084600508, ""p05"": -0.026782674812877882, ""p25"": -0.007718730542255692, ""median"": 0.00033434398887166594, ""p75"": 0.00869217929288002, ""p95"": 0.027465916720603722, ""p99"": 0.042459750245408934, ""p999"": 0.10095199044382186, ""mad"": 0.008241811704679858, ""skew"": -0.8690527109604492, ""excess_kurtosis"": 16.714092230687633, ""tail_ratio_p99_mad"": 5.111182803729629, ""share_beyond_5mad"": 0.027211643014470127}",,laneA_ps1_metrics.v1
yh.xle.logret_1d,volatility,MEASURED,"{""std_first_diff"": 0.005240640622217872, ""rolling168_std_median"": 0.011684442130070272, ""vol_of_vol_cv"": 0.6936403746458794}",,laneA_ps1_metrics.v1
yh.xle.logret_1d,acf,MEASURED,"{""lag_1"": 0.9573483013781815, ""lag_6"": 0.7440817444915792, ""lag_24"": -0.0006797889433178074, ""lag_120"": 0.04732813258770389, ""lag_168"": 0.10558055242190552, ""lag_unit"": ""rows of the decision grid (1 row = 1 market hour; weekend gaps not filled)""}",,laneA_ps1_metrics.v1
yh.xle.logret_1d,trend,MEASURED,"{""ols_slope_per_year"": 6.463165691401912e-05, ""slope_in_std_per_year"": 0.0036020173821520946, ""ols_r"": 0.008509004695592433, ""kendall_tau_3000"": 0.0031346725447017345, ""kendall_p_3000"": 0.7968826829988334, ""caveat"": ""OLS p-value omitted: serial correlation makes it invalid""}",,laneA_ps1_metrics.v1
yh.xle.logret_1d,adf,MEASURED,"{""stat"": -18.55591001430771, ""pvalue"": 2.089954745922758e-30, ""lags"": 24, ""nobs"": 19975, ""crit_5pct"": -2.8616847064863733, ""H0"": ""unit root"", ""regression"": ""c"", ""sample"": ""last 20000 finite TRAIN values (gaps compressed)""}",,laneA_ps1_metrics.v1
yh.xle.logret_1d,kpss,MEASURED,"{""stat"": 0.11126503200512021, ""pvalue"": 0.1, ""lags"": 82, ""H0"": ""level stationary"", ""pvalue_truncated_to_table"": true, ""sample"": ""last 20000 finite TRAIN values (gaps compressed)""}",,laneA_ps1_metrics.v1
yh.xle.logret_1d,seasonality,MEASURED,"{""eta2_hour_of_day"": 4.589263720117158e-06, ""eta2_day_of_week"": 0.0010542702750864523, ""eta2_month"": 0.0035857692831838535}",,laneA_ps1_metrics.v1
yh.xle.logret_1d,spectrum,MEASURED,"{""top_periods_rows"": [1024.0, 2048.0, 186.1818181818182], ""top_power_share"": [0.027316365446218314, 0.02660993470980162, 0.026165716793797738], ""spectral_entropy_norm"": 0.6586561282168585, ""zero_filled_fraction"": 0.0, ""method"": ""Welch nperseg<=2048 on demeaned rows""}",,laneA_ps1_metrics.v1
yh.xle.logret_1d,cost,MEASURED,"{""build_s"": 0.014329546249952892, ""profile_s"": 0.03303367300031823, ""bytes_float64"": 573872}",,laneA_ps1_metrics.v1
yh.xle.logret_5d,missingness,MEASURED,"{""n_rows"": 71734, ""n_finite"": 71734, ""missing_fraction"": 0.0}",,laneA_ps1_metrics.v1
yh.xle.logret_5d,constant,MEASURED,"{""n_unique"": 2927, ""is_constant"": false, ""top_value_share"": 0.003025064822817632}",,laneA_ps1_metrics.v1
yh.xle.logret_5d,scale_tails,MEASURED,"{""mean"": 0.0004760509649189751, ""std"": 0.040118721200708, ""min"": -0.4239561337550266, ""max"": 0.21427012577012494, ""p001"": -0.32767874928202856, ""p01"": -0.11348476440976496, ""p05"": -0.05829475961957664, ""p25"": -0.018038321226818255, ""median"": 0.001994282331276409, ""p75"": 0.020672579795282253, ""p95"": 0.057788815692360274, ""p99"": 0.10144006551309426, ""p999"": 0.1737724150247244, ""mad"": 0.01915063089136204, ""skew"": -1.2878690420083743, ""excess_kurtosis"": 12.264828367152134, ""tail_ratio_p99_mad"": 5.192820212866889, ""share_beyond_5mad"": 0.02818747037666936}",,laneA_ps1_metrics.v1
yh.xle.logret_5d,volatility,MEASURED,"{""std_first_diff"": 0.005051725607582277, ""rolling168_std_median"": 0.017072591035776928, ""vol_of_vol_cv"": 0.7395085805288711}",,laneA_ps1_metrics.v1
yh.xle.logret_5d,acf,MEASURED,"{""lag_1"": 0.9920722235665312, ""lag_6"": 0.952432190648888, ""lag_24"": 0.8104992832049998, ""lag_120"": 0.08518957957409128, ""lag_168"": 0.09002678357757954, ""lag_unit"": ""rows of the decision grid (1 row = 1 market hour; weekend gaps not filled)""}",,laneA_ps1_metrics.v1
yh.xle.logret_5d,trend,MEASURED,"{""ols_slope_per_year"": 0.0003503337927660463, ""slope_in_std_per_year"": 0.008732426714535052, ""ols_r"": 0.020628512312592186, ""kendall_tau_3000"": 0.018677482043663596, ""kendall_p_3000"": 0.12513129437261175, ""caveat"": ""OLS p-value omitted: serial correlation makes it invalid""}",,laneA_ps1_metrics.v1
yh.xle.logret_5d,adf,MEASURED,"{""stat"": -9.68546028860614, ""pvalue"": 1.1738520567338246e-16, ""lags"": 24, ""nobs"": 19975, ""crit_5pct"": -2.8616847064863733, ""H0"": ""unit root"", ""regression"": ""c"", ""sample"": ""last 20000 finite TRAIN values (gaps compressed)""}",,laneA_ps1_metrics.v1
yh.xle.logret_5d,kpss,MEASURED,"{""stat"": 0.19081706213793465, ""pvalue"": 0.1, ""lags"": 86, ""H0"": ""level stationary"", ""pvalue_truncated_to_table"": true, ""sample"": ""last 20000 finite TRAIN values (gaps compressed)""}",,laneA_ps1_metrics.v1
yh.xle.logret_5d,seasonality,MEASURED,"{""eta2_hour_of_day"": 1.5824726960946895e-06, ""eta2_day_of_week"": 3.0356564172356156e-05, ""eta2_month"": 0.0193717753173939}",,laneA_ps1_metrics.v1
yh.xle.logret_5d,spectrum,MEASURED,"{""top_periods_rows"": [1024.0, 2048.0, 682.6666666666666], ""top_power_share"": [0.14658850099432133, 0.13752593490787138, 0.11407510576503029], ""spectral_entropy_norm"": 0.4255958875940192, ""zero_filled_fraction"": 0.0, ""method"": ""Welch nperseg<=2048 on demeaned rows""}",,laneA_ps1_metrics.v1
yh.xle.logret_5d,cost,MEASURED,"{""build_s"": 0.014329546249952892, ""profile_s"": 0.032707180000215885, ""bytes_float64"": 573872}",,laneA_ps1_metrics.v1
yh.xlf.logret_1d,missingness,MEASURED,"{""n_rows"": 71734, ""n_finite"": 71734, ""missing_fraction"": 0.0}",,laneA_ps1_metrics.v1
yh.xlf.logret_1d,constant,MEASURED,"{""n_unique"": 2866, ""is_constant"": false, ""top_value_share"": 0.015738701313184823}",,laneA_ps1_metrics.v1
yh.xlf.logret_1d,scale_tails,MEASURED,"{""mean"": 0.00042144593610381735, ""std"": 0.013458742502641912, ""min"": -0.14744867416380414, ""max"": 0.12360246490513838, ""p001"": -0.08870347432004166, ""p01"": -0.036548856474799774, ""p05"": -0.020162050052304537, ""p25"": -0.005561457473119535, ""median"": 0.0007245207461314962, ""p75"": 0.007060666520863901, ""p95"": 0.018854057867618845, ""p99"": 0.03443106060606249, ""p999"": 0.0789326694570458, ""mad"": 0.006318968603197916, ""skew"": -0.5102038051461119, ""excess_kurtosis"": 15.328237834970661, ""tail_ratio_p99_mad"": 5.334183784814617, ""share_beyond_5mad"": 0.028772966793988903}",,laneA_ps1_metrics.v1
yh.xlf.logret_1d,volatility,MEASURED,"{""std_first_diff"": 0.004051952868626125, ""rolling168_std_median"": 0.008580368494239501, ""vol_of_vol_cv"": 0.7300890824310814}",,laneA_ps1_metrics.v1
yh.xlf.logret_1d,acf,MEASURED,"{""lag_1"": 0.9546805629463059, ""lag_6"": 0.7280810169385472, ""lag_24"": -0.05964997713813457, ""lag_120"": 0.0201732958788278, ""lag_168"": 0.12323342870719105, ""lag_unit"": ""rows of the decision grid (1 row = 1 market hour; weekend gaps not filled)""}",,laneA_ps1_metrics.v1
yh.xlf.logret_1d,trend,MEASURED,"{""ols_slope_per_year"": -2.4728693474276082e-05, ""slope_in_std_per_year"": -0.0018373702795355445, ""ols_r"": -0.004340398914668472, ""kendall_tau_3000"": -0.0023235652031993034, ""kendall_p_3000"": 0.8487128003288245, ""caveat"": ""OLS p-value omitted: serial correlation makes it invalid""}",,laneA_ps1_metrics.v1
yh.xlf.logret_1d,adf,MEASURED,"{""stat"": -18.967990199559786, ""pvalue"": 0.0, ""lags"": 24, ""nobs"": 19975, ""crit_5pct"": -2.8616847064863733, ""H0"": ""unit root"", ""regression"": ""c"", ""sample"": ""last 20000 finite TRAIN values (gaps compressed)""}",,laneA_ps1_metrics.v1
yh.xlf.logret_1d,kpss,MEASURED,"{""stat"": 0.21942129689869055, ""pvalue"": 0.1, ""lags"": 82, ""H0"": ""level stationary"", ""pvalue_truncated_to_table"": true, ""sample"": ""last 20000 finite TRAIN values (gaps compressed)""}",,laneA_ps1_metrics.v1
yh.xlf.logret_1d,seasonality,MEASURED,"{""eta2_hour_of_day"": 2.7062389130798227e-06, ""eta2_day_of_week"": 0.00017964720284968018, ""eta2_month"": 0.005958209718976696}",,laneA_ps1_metrics.v1
yh.xlf.logret_1d,spectrum,MEASURED,"{""top_periods_rows"": [227.55555555555554, 55.351351351351354, 204.8], ""top_power_share"": [0.031674326587445435, 0.03001644617870327, 0.029279478211854816], ""spectral_entropy_norm"": 0.661978641612641, ""zero_filled_fraction"": 0.0, ""method"": ""Welch nperseg<=2048 on demeaned rows""}",,laneA_ps1_metrics.v1
yh.xlf.logret_1d,cost,MEASURED,"{""build_s"": 0.014329546249952892, ""profile_s"": 0.032085374999951455, ""bytes_float64"": 573872}",,laneA_ps1_metrics.v1
yh.xlf.logret_5d,missingness,MEASURED,"{""n_rows"": 71734, ""n_finite"": 71734, ""missing_fraction"": 0.0}",,laneA_ps1_metrics.v1
yh.xlf.logret_5d,constant,MEASURED,"{""n_unique"": 2898, ""is_constant"": false, ""top_value_share"": 0.008991552123121532}",,laneA_ps1_metrics.v1
yh.xlf.logret_5d,scale_tails,MEASURED,"{""mean"": 0.0020560839011186877, ""std"": 0.028756108005218092, ""min"": -0.2611929157107067, ""max"": 0.19255590893914354, ""p001"": -0.19664668295900256, ""p01"": -0.07907208406792288, ""p05"": -0.04376238257916043, ""p25"": -0.011106845088052264, ""median"": 0.0034452757342959828, ""p75"": 0.017904646637107557, ""p95"": 0.04075991428355811, ""p99"": 0.06899282956720221, ""p999"": 0.14178409281362875, ""mad"": 0.014547371029403955, ""skew"": -0.8256825343820968, ""excess_kurtosis"": 7.953215065574939, ""tail_ratio_p99_mad"": 4.505800649506901, ""share_beyond_5mad"": 0.023921710764769843}",,laneA_ps1_metrics.v1
yh.xlf.logret_5d,volatility,MEASURED,"{""std_first_diff"": 0.0037892238713492722, ""rolling168_std_median"": 0.013594274265264257, ""vol_of_vol_cv"": 0.7017144560721561}",,laneA_ps1_metrics.v1
yh.xlf.logret_5d,acf,MEASURED,"{""lag_1"": 0.9913182491674536, ""lag_6"": 0.9479076269776079, ""lag_24"": 0.7938894132510846, ""lag_120"": 0.018680847225020107, ""lag_168"": 0.06439426650444398, ""lag_unit"": ""rows of the decision grid (1 row = 1 market hour; weekend gaps not filled)""}",,laneA_ps1_metrics.v1
yh.xlf.logret_5d,trend,MEASURED,"{""ols_slope_per_year"": -0.00019901299992943625, ""slope_in_std_per_year"": -0.006920720978420421, ""ols_r"": -0.01634874045696035, ""kendall_tau_3000"": -0.004421944330839373, ""kendall_p_3000"": 0.7165542700637559, ""caveat"": ""OLS p-value omitted: serial correlation makes it invalid""}",,laneA_ps1_metrics.v1
yh.xlf.logret_5d,adf,MEASURED,"{""stat"": -9.507962828674463, ""pvalue"": 3.3079362109315684e-16, ""lags"": 24, ""nobs"": 19975, ""crit_5pct"": -2.8616847064863733, ""H0"": ""unit root"", ""regression"": ""c"", ""sample"": ""last 20000 finite TRAIN values (gaps compressed)""}",,laneA_ps1_metrics.v1
yh.xlf.logret_5d,kpss,MEASURED,"{""stat"": 0.40321274062329704, ""pvalue"": 0.07577037042099266, ""lags"": 86, ""H0"": ""level stationary"", ""pvalue_truncated_to_table"": false, ""sample"": ""last 20000 finite TRAIN values (gaps compressed)""}",,laneA_ps1_metrics.v1
yh.xlf.logret_5d,seasonality,MEASURED,"{""eta2_hour_of_day"": 3.941660234028014e-06, ""eta2_day_of_week"": 5.279608692148478e-05, ""eta2_month"": 0.0325918180898661}",,laneA_ps1_metrics.v1
yh.xlf.logret_5d,spectrum,MEASURED,"{""top_periods_rows"": [1024.0, 682.6666666666666, 2048.0], ""top_power_share"": [0.13960126397830463, 0.1179978266921845, 0.11486213887477298], ""spectral_entropy_norm"": 0.43431970549939525, ""zero_filled_fraction"": 0.0, ""method"": ""Welch nperseg<=2048 on demeaned rows""}",,laneA_ps1_metrics.v1
yh.xlf.logret_5d,cost,MEASURED,"{""build_s"": 0.014329546249952892, ""profile_s"": 0.032306079000591126, ""bytes_float64"": 573872}",,laneA_ps1_metrics.v1
yh.xli.logret_1d,missingness,MEASURED,"{""n_rows"": 71734, ""n_finite"": 71734, ""missing_fraction"": 0.0}",,laneA_ps1_metrics.v1
yh.xli.logret_1d,constant,MEASURED,"{""n_unique"": 2911, ""is_constant"": false, ""top_value_share"": 0.007653274597819723}",,laneA_ps1_metrics.v1
yh.xli.logret_1d,scale_tails,MEASURED,"{""mean"": 0.0004106186949373836, ""std"": 0.011934993012442949, ""min"": -0.1204080141026953, ""max"": 0.11912627656279673, ""p001"": -0.0765225431668286, ""p01"": -0.03116329908510007, ""p05"": -0.01832787467716468, ""p25"": -0.004927092286608037, ""median"": 0.0008760047350246936, ""p75"": 0.006209988953531198, ""p95"": 0.017327176265749422, ""p99"": 0.028640917856776582, ""p999"": 0.06693184619806569, ""mad"": 0.0055463110700832985, ""skew"": -0.5829143697927487, ""excess_kurtosis"": 13.53375226886573, ""tail_ratio_p99_mad"": 5.006014406857799, ""share_beyond_5mad"": 0.02977667493796526}",,laneA_ps1_metrics.v1
yh.xli.logret_1d,volatility,MEASURED,"{""std_first_diff"": 0.003518435547461948, ""rolling168_std_median"": 0.007847665577965424, ""vol_of_vol_cv"": 0.6898750141588766}",,laneA_ps1_metrics.v1
yh.xli.logret_1d,acf,MEASURED,"{""lag_1"": 0.9565468902436448, ""lag_6"": 0.7392798858670333, ""lag_24"": -0.02187494465620425, ""lag_120"": 0.022044782152755106, ""lag_168"": 0.11700746938840345, ""lag_unit"": ""rows of the decision grid (1 row = 1 market hour; weekend gaps not filled)""}",,laneA_ps1_metrics.v1
yh.xli.logret_1d,trend,MEASURED,"{""ols_slope_per_year"": -1.9015548570920802e-05, ""slope_in_std_per_year"": -0.001593260134387674, ""ols_r"": -0.003763740295085698, ""kendall_tau_3000"": 0.001167776700474568, ""kendall_p_3000"": 0.9236140572769747, ""caveat"": ""OLS p-value omitted: serial correlation makes it invalid""}",,laneA_ps1_metrics.v1
yh.xli.logret_1d,adf,MEASURED,"{""stat"": -19.08760523005382, ""pvalue"": 0.0, ""lags"": 24, ""nobs"": 19975, ""crit_5pct"": -2.8616847064863733, ""H0"": ""unit root"", ""regression"": ""c"", ""sample"": ""last 20000 finite TRAIN values (gaps compressed)""}",,laneA_ps1_metrics.v1
yh.xli.logret_1d,kpss,MEASURED,"{""stat"": 0.10796928590072602, ""pvalue"": 0.1, ""lags"": 82, ""H0"": ""level stationary"", ""pvalue_truncated_to_table"": true, ""sample"": ""last 20000 finite TRAIN values (gaps compressed)""}",,laneA_ps1_metrics.v1
yh.xli.logret_1d,seasonality,MEASURED,"{""eta2_hour_of_day"": 3.3359854272261744e-06, ""eta2_day_of_week"": 0.0005443820672199618, ""eta2_month"": 0.00612610685636665}",,laneA_ps1_metrics.v1
yh.xli.logret_1d,spectrum,MEASURED,"{""top_periods_rows"": [227.55555555555554, 204.8, 186.1818181818182], ""top_power_share"": [0.03135808777184356, 0.03055909745892211, 0.029811517455177704], ""spectral_entropy_norm"": 0.6569912545319024, ""zero_filled_fraction"": 0.0, ""method"": ""Welch nperseg<=2048 on demeaned rows""}",,laneA_ps1_metrics.v1
yh.xli.logret_1d,cost,MEASURED,"{""build_s"": 0.014329546249952892, ""profile_s"": 0.03248184800031595, ""bytes_float64"": 573872}",,laneA_ps1_metrics.v1
yh.xli.logret_5d,missingness,MEASURED,"{""n_rows"": 71734, ""n_finite"": 71734, ""missing_fraction"": 0.0}",,laneA_ps1_metrics.v1
yh.xli.logret_5d,constant,MEASURED,"{""n_unique"": 2926, ""is_constant"": false, ""top_value_share"": 0.0036105612401371736}",,laneA_ps1_metrics.v1
yh.xli.logret_5d,scale_tails,MEASURED,"{""mean"": 0.002063724304622614, ""std"": 0.026298300495239346, ""min"": -0.22471812466631036, ""max"": 0.2030538117034859, ""p001"": -0.17419311426820416, ""p01"": -0.07341490767948766, ""p05"": -0.0392834483624398, ""p25"": -0.010786822577178334, ""median"": 0.003522727282232907, ""p75"": 0.016565610083895344, ""p95"": 0.03840539177026692, ""p99"": 0.06644513827107934, ""p999"": 0.11768474790505579, ""mad"": 0.013617079927957576, ""skew"": -0.8927331190403914, ""excess_kurtosis"": 8.576253716334481, ""tail_ratio_p99_mad"": 4.620844654047952, ""share_beyond_5mad"": 0.020520255387961078}",,laneA_ps1_metrics.v1
yh.xli.logret_5d,volatility,MEASURED,"{""std_first_diff"": 0.0033668524855559163, ""rolling168_std_median"": 0.012224744610796874, ""vol_of_vol_cv"": 0.7119326350953894}",,laneA_ps1_metrics.v1
yh.xli.logret_5d,acf,MEASURED,"{""lag_1"": 0.9918047933159252, ""lag_6"": 0.9508267519998267, ""lag_24"": 0.8044126403728936, ""lag_120"": 0.012114411803336313, ""lag_168"": 0.04925084871906011, ""lag_unit"": ""rows of the decision grid (1 row = 1 market hour; weekend gaps not filled)""}",,laneA_ps1_metrics.v1
yh.xli.logret_5d,trend,MEASURED,"{""ols_slope_per_year"": -9.914900122283913e-05, ""slope_in_std_per_year"": -0.0037701676289229255, ""ols_r"": -0.008906224111142051, ""kendall_tau_3000"": -0.0012348842007497268, ""kendall_p_3000"": 0.9192371953396467, ""caveat"": ""OLS p-value omitted: serial correlation makes it invalid""}",,laneA_ps1_metrics.v1
yh.xli.logret_5d,adf,MEASURED,"{""stat"": -9.891959393112119, ""pvalue"": 3.538548409811182e-17, ""lags"": 24, ""nobs"": 19975, ""crit_5pct"": -2.8616847064863733, ""H0"": ""unit root"", ""regression"": ""c"", ""sample"": ""last 20000 finite TRAIN values (gaps compressed)""}",,laneA_ps1_metrics.v1
yh.xli.logret_5d,kpss,MEASURED,"{""stat"": 0.21003280785905382, ""pvalue"": 0.1, ""lags"": 86, ""H0"": ""level stationary"", ""pvalue_truncated_to_table"": true, ""sample"": ""last 20000 finite TRAIN values (gaps compressed)""}",,laneA_ps1_metrics.v1
yh.xli.logret_5d,seasonality,MEASURED,"{""eta2_hour_of_day"": 2.789523938768801e-06, ""eta2_day_of_week"": 7.285615074178529e-05, ""eta2_month"": 0.02899237456855235}",,laneA_ps1_metrics.v1
yh.xli.logret_5d,spectrum,MEASURED,"{""top_periods_rows"": [1024.0, 2048.0, 682.6666666666666], ""top_power_share"": [0.13363579083656477, 0.12063232406819754, 0.10793584264338439], ""spectral_entropy_norm"": 0.4299172086911556, ""zero_filled_fraction"": 0.0, ""method"": ""Welch nperseg<=2048 on demeaned rows""}",,laneA_ps1_metrics.v1
yh.xli.logret_5d,cost,MEASURED,"{""build_s"": 0.014329546249952892, ""profile_s"": 0.03264117700018687, ""bytes_float64"": 573872}",,laneA_ps1_metrics.v1
yh.xlk.logret_1d,missingness,MEASURED,"{""n_rows"": 71734, ""n_finite"": 71734, ""missing_fraction"": 0.0}",,laneA_ps1_metrics.v1
yh.xlk.logret_1d,constant,MEASURED,"{""n_unique"": 2906, ""is_constant"": false, ""top_value_share"": 0.007973903588256614}",,laneA_ps1_metrics.v1
yh.xlk.logret_1d,scale_tails,MEASURED,"{""mean"": 0.0006360588631394907, ""std"": 0.01352234856202424, ""min"": -0.1486624061881825, ""max"": 0.11093227352638513, ""p001"": -0.05905301390666118, ""p01"": -0.03919434835520885, ""p05"": -0.02094322538733273, ""p25"": -0.00519171890347625, ""median"": 0.0010186126437412568, ""p75"": 0.007177278395691378, ""p95"": 0.019849912191334695, ""p99"": 0.033589100966425534, ""p999"": 0.08187625511807894, ""mad"": 0.006184909280292139, ""skew"": -0.42356459347791997, ""excess_kurtosis"": 11.144902782329847, ""tail_ratio_p99_mad"": 5.266122241512625, ""share_beyond_5mad"": 0.034460646276521595}",,laneA_ps1_metrics.v1
yh.xlk.logret_1d,volatility,MEASURED,"{""std_first_diff"": 0.004134073210892194, ""rolling168_std_median"": 0.008689842755407413, ""vol_of_vol_cv"": 0.7138518665001485}",,laneA_ps1_metrics.v1
yh.xlk.logret_1d,acf,MEASURED,"{""lag_1"": 0.9532677169227954, ""lag_6"": 0.7196012259814443, ""lag_24"": -0.09905690344187476, ""lag_120"": 0.013078832309502502, ""lag_168"": 0.08838725351126336, ""lag_unit"": ""rows of the decision grid (1 row = 1 market hour; weekend gaps not filled)""}",,laneA_ps1_metrics.v1
yh.xlk.logret_1d,trend,MEASURED,"{""ols_slope_per_year"": 5.344812261812973e-05, ""slope_in_std_per_year"": 0.003952576904298403, ""ols_r"": 0.009337127467794427, ""kendall_tau_3000"": 0.018022368028655502, ""kendall_p_3000"": 0.13893740645656122, ""caveat"": ""OLS p-value omitted: serial correlation makes it invalid""}",,laneA_ps1_metrics.v1
yh.xlk.logret_1d,adf,MEASURED,"{""stat"": -19.509662747573113, ""pvalue"": 0.0, ""lags"": 24, ""nobs"": 19975, ""crit_5pct"": -2.8616847064863733, ""H0"": ""unit root"", ""regression"": ""c"", ""sample"": ""last 20000 finite TRAIN values (gaps compressed)""}",,laneA_ps1_metrics.v1
yh.xlk.logret_1d,kpss,MEASURED,"{""stat"": 0.0916732469451188, ""pvalue"": 0.1, ""lags"": 82, ""H0"": ""level stationary"", ""pvalue_truncated_to_table"": true, ""sample"": ""last 20000 finite TRAIN values (gaps compressed)""}",,laneA_ps1_metrics.v1
yh.xlk.logret_1d,seasonality,MEASURED,"{""eta2_hour_of_day"": 2.8786562365757606e-06, ""eta2_day_of_week"": 0.0006031489603110035, ""eta2_month"": 0.004316807515625412}",,laneA_ps1_metrics.v1
yh.xlk.logret_1d,spectrum,MEASURED,"{""top_periods_rows"": [55.351351351351354, 56.888888888888886, 227.55555555555554], ""top_power_share"": [0.031594110948165194, 0.027870803247847003, 0.026640186658232312], ""spectral_entropy_norm"": 0.664973261935153, ""zero_filled_fraction"": 0.0, ""method"": ""Welch nperseg<=2048 on demeaned rows""}",,laneA_ps1_metrics.v1
yh.xlk.logret_1d,cost,MEASURED,"{""build_s"": 0.014329546249952892, ""profile_s"": 0.03244870599974092, ""bytes_float64"": 573872}",,laneA_ps1_metrics.v1
yh.xlk.logret_5d,missingness,MEASURED,"{""n_rows"": 71734, ""n_finite"": 71734, ""missing_fraction"": 0.0}",,laneA_ps1_metrics.v1
yh.xlk.logret_5d,constant,MEASURED,"{""n_unique"": 2929, ""is_constant"": false, ""top_value_share"": 0.0026068530961608164}",,laneA_ps1_metrics.v1
yh.xlk.logret_5d,scale_tails,MEASURED,"{""mean"": 0.0032434952058573337, ""std"": 0.02710794231047904, ""min"": -0.1868457428513075, ""max"": 0.15130572465161096, ""p001"": -0.12907893538817028, ""p01"": -0.07965972206982608, ""p05"": -0.041783272662673454, ""p25"": -0.009695430106370306, ""median"": 0.0053631378072207525, ""p75"": 0.01858431964490359, ""p95"": 0.04243378467564485, ""p99"": 0.06915127351947348, ""p999"": 0.09817021178252498, ""mad"": 0.014154061292868114, ""skew"": -0.7308257770050332, ""excess_kurtosis"": 3.849042691639565, ""tail_ratio_p99_mad"": 4.506701955882726, ""share_beyond_5mad"": 0.023852008810327043}",,laneA_ps1_metrics.v1
yh.xlk.logret_5d,volatility,MEASURED,"{""std_first_diff"": 0.0038228277667421468, ""rolling168_std_median"": 0.013159517156025835, ""vol_of_vol_cv"": 0.6724094502008573}",,laneA_ps1_metrics.v1
yh.xlk.logret_5d,acf,MEASURED,"{""lag_1"": 0.9900564069861911, ""lag_6"": 0.9403360450629602, ""lag_24"": 0.7623823653395199, ""lag_120"": -0.025800505113468705, ""lag_168"": 0.011010892196078106, ""lag_unit"": ""rows of the decision grid (1 row = 1 market hour; weekend gaps not filled)""}",,laneA_ps1_metrics.v1
yh.xlk.logret_5d,trend,MEASURED,"{""ols_slope_per_year"": 0.0002575270349282537, ""slope_in_std_per_year"": 0.00950005839538408, ""ols_r"": 0.02244187990187553, ""kendall_tau_3000"": 0.03841663377289456, ""kendall_p_3000"": 0.0016085626918169698, ""caveat"": ""OLS p-value omitted: serial correlation makes it invalid""}",,laneA_ps1_metrics.v1
yh.xlk.logret_5d,adf,MEASURED,"{""stat"": -10.002486556205744, ""pvalue"": 1.8683306332409632e-17, ""lags"": 24, ""nobs"": 19975, ""crit_5pct"": -2.8616847064863733, ""H0"": ""unit root"", ""regression"": ""c"", ""sample"": ""last 20000 finite TRAIN values (gaps compressed)""}",,laneA_ps1_metrics.v1
yh.xlk.logret_5d,kpss,MEASURED,"{""stat"": 0.18346833423610878, ""pvalue"": 0.1, ""lags"": 86, ""H0"": ""level stationary"", ""pvalue_truncated_to_table"": true, ""sample"": ""last 20000 finite TRAIN values (gaps compressed)""}",,laneA_ps1_metrics.v1
yh.xlk.logret_5d,seasonality,MEASURED,"{""eta2_hour_of_day"": 9.906520361642242e-06, ""eta2_day_of_week"": 8.242799329298529e-05, ""eta2_month"": 0.017632451869296902}",,laneA_ps1_metrics.v1
yh.xlk.logret_5d,spectrum,MEASURED,"{""top_periods_rows"": [1024.0, 2048.0, 682.6666666666666], ""top_power_share"": [0.11403032545041664, 0.10866933429283461, 0.10273713830890294], ""spectral_entropy_norm"": 0.44960858874083076, ""zero_filled_fraction"": 0.0, ""method"": ""Welch nperseg<=2048 on demeaned rows""}",,laneA_ps1_metrics.v1
yh.xlk.logret_5d,cost,MEASURED,"{""build_s"": 0.014329546249952892, ""profile_s"": 0.03264421299991227, ""bytes_float64"": 573872}",,laneA_ps1_metrics.v1
yh.xlp.logret_1d,missingness,MEASURED,"{""n_rows"": 71734, ""n_finite"": 71734, ""missing_fraction"": 0.0}",,laneA_ps1_metrics.v1
yh.xlp.logret_1d,constant,MEASURED,"{""n_unique"": 2887, ""is_constant"": false, ""top_value_share"": 0.013954331279449075}",,laneA_ps1_metrics.v1
yh.xlp.logret_1d,scale_tails,MEASURED,"{""mean"": 0.0002764045960746837, ""std"": 0.00893918948656003, ""min"": -0.0986677350477616, ""max"": 0.08167807689380657, ""p001"": -0.06662968401698745, ""p01"": -0.024816141245386003, ""p05"": -0.0132656926614092, ""p25"": -0.0038129702404070542, ""median"": 0.0005547624529449457, ""p75"": 0.0048716044407681736, ""p95"": 0.012407608042004803, ""p99"": 0.02009814617486283, ""p999"": 0.05240194017047549, ""mad"": 0.00435064035501842, ""skew"": -0.4436401221920978, ""excess_kurtosis"": 14.910466006972591, ""tail_ratio_p99_mad"": 4.492070621138515, ""share_beyond_5mad"": 0.018819527699556696}",,laneA_ps1_metrics.v1
yh.xlp.logret_1d,volatility,MEASURED,"{""std_first_diff"": 0.0026832807180589896, ""rolling168_std_median"": 0.006007955278982042, ""vol_of_vol_cv"": 0.6965323626883577}",,laneA_ps1_metrics.v1
yh.xlp.logret_1d,acf,MEASURED,"{""lag_1"": 0.9549494389518941, ""lag_6"": 0.7296954170328054, ""lag_24"": -0.06117566381728072, ""lag_120"": 0.025787093055030918, ""lag_168"": 0.08653138036688558, ""lag_unit"": ""rows of the decision grid (1 row = 1 market hour; weekend gaps not filled)""}",,laneA_ps1_metrics.v1
yh.xlp.logret_1d,trend,MEASURED,"{""ols_slope_per_year"": -3.896874577281339e-05, ""slope_in_std_per_year"": -0.0043593153307022355, ""ols_r"": -0.010297961026593165, ""kendall_tau_3000"": -0.00201734329566599, ""kendall_p_3000"": 0.8684507521074712, ""caveat"": ""OLS p-value omitted: serial correlation makes it invalid""}",,laneA_ps1_metrics.v1
yh.xlp.logret_1d,adf,MEASURED,"{""stat"": -19.61751129949449, ""pvalue"": 0.0, ""lags"": 24, ""nobs"": 19975, ""crit_5pct"": -2.8616847064863733, ""H0"": ""unit root"", ""regression"": ""c"", ""sample"": ""last 20000 finite TRAIN values (gaps compressed)""}",,laneA_ps1_metrics.v1
yh.xlp.logret_1d,kpss,MEASURED,"{""stat"": 0.054584157109505725, ""pvalue"": 0.1, ""lags"": 82, ""H0"": ""level stationary"", ""pvalue_truncated_to_table"": true, ""sample"": ""last 20000 finite TRAIN values (gaps compressed)""}",,laneA_ps1_metrics.v1
yh.xlp.logret_1d,seasonality,MEASURED,"{""eta2_hour_of_day"": 5.5443727915565895e-06, ""eta2_day_of_week"": 0.0005115308797540622, ""eta2_month"": 0.006262285235570895}",,laneA_ps1_metrics.v1
yh.xlp.logret_1d,spectrum,MEASURED,"{""top_periods_rows"": [186.1818181818182, 170.66666666666666, 55.351351351351354], ""top_power_share"": [0.032371863627882136, 0.029245734377822415, 0.02835587361749628], ""spectral_entropy_norm"": 0.6603552856718599, ""zero_filled_fraction"": 0.0, ""method"": ""Welch nperseg<=2048 on demeaned rows""}",,laneA_ps1_metrics.v1
yh.xlp.logret_1d,cost,MEASURED,"{""build_s"": 0.014329546249952892, ""profile_s"": 0.0324722200002725, ""bytes_float64"": 573872}",,laneA_ps1_metrics.v1
yh.xlp.logret_5d,missingness,MEASURED,"{""n_rows"": 71734, ""n_finite"": 71734, ""missing_fraction"": 0.0}",,laneA_ps1_metrics.v1
yh.xlp.logret_5d,constant,MEASURED,"{""n_unique"": 2913, ""is_constant"": false, ""top_value_share"": 0.005492514010092843}",,laneA_ps1_metrics.v1
yh.xlp.logret_5d,scale_tails,MEASURED,"{""mean"": 0.0013457517785111545, ""std"": 0.018349593787095997, ""min"": -0.17311053736933468, ""max"": 0.13394252743285584, ""p001"": -0.11020797913185444, ""p01"": -0.05206158312703657, ""p05"": -0.02802248024024756, ""p25"": -0.007369492249387655, ""median"": 0.002740355705168618, ""p75"": 0.011479349317140564, ""p95"": 0.02786885498301528, ""p99"": 0.04100554255537059, ""p999"": 0.060968229089458155, ""mad"": 0.009400826792460126, ""skew"": -1.0369850272888301, ""excess_kurtosis"": 7.259733886773315, ""tail_ratio_p99_mad"": 4.070406539230392, ""share_beyond_5mad"": 0.020478434215295396}",,laneA_ps1_metrics.v1
yh.xlp.logret_5d,volatility,MEASURED,"{""std_first_diff"": 0.0025076707642596023, ""rolling168_std_median"": 0.00850257637032668, ""vol_of_vol_cv"": 0.7261335770050104}",,laneA_ps1_metrics.v1
yh.xlp.logret_5d,acf,MEASURED,"{""lag_1"": 0.9906619202194197, ""lag_6"": 0.9439711000347758, ""lag_24"": 0.7773586237362651, ""lag_120"": -0.022932983140203526, ""lag_168"": 0.03018450162289926, ""lag_unit"": ""rows of the decision grid (1 row = 1 market hour; weekend gaps not filled)""}",,laneA_ps1_metrics.v1
yh.xlp.logret_5d,trend,MEASURED,"{""ols_slope_per_year"": -0.00027578707053191505, ""slope_in_std_per_year"": -0.015029600858295678, ""ols_r"": -0.0355042551737242, ""kendall_tau_3000"": -0.021001586247824996, ""kendall_p_3000"": 0.08463521407986734, ""caveat"": ""OLS p-value omitted: serial correlation makes it invalid""}",,laneA_ps1_metrics.v1
yh.xlp.logret_5d,adf,MEASURED,"{""stat"": -10.0651644286635, ""pvalue"": 1.3020691513090624e-17, ""lags"": 24, ""nobs"": 19975, ""crit_5pct"": -2.8616847064863733, ""H0"": ""unit root"", ""regression"": ""c"", ""sample"": ""last 20000 finite TRAIN values (gaps compressed)""}",,laneA_ps1_metrics.v1
yh.xlp.logret_5d,kpss,MEASURED,"{""stat"": 0.15055445169709, ""pvalue"": 0.1, ""lags"": 86, ""H0"": ""level stationary"", ""pvalue_truncated_to_table"": true, ""sample"": ""last 20000 finite TRAIN values (gaps compressed)""}",,laneA_ps1_metrics.v1
yh.xlp.logret_5d,seasonality,MEASURED,"{""eta2_hour_of_day"": 1.8256298031242815e-06, ""eta2_day_of_week"": 7.082227498000488e-05, ""eta2_month"": 0.03097299772106283}",,laneA_ps1_metrics.v1
yh.xlp.logret_5d,spectrum,MEASURED,"{""top_periods_rows"": [1024.0, 682.6666666666666, 2048.0], ""top_power_share"": [0.12307566858979724, 0.11115794510051406, 0.10682062491756131], ""spectral_entropy_norm"": 0.44329639397061643, ""zero_filled_fraction"": 0.0, ""method"": ""Welch nperseg<=2048 on demeaned rows""}",,laneA_ps1_metrics.v1
yh.xlp.logret_5d,cost,MEASURED,"{""build_s"": 0.014329546249952892, ""profile_s"": 0.032432856000014, ""bytes_float64"": 573872}",,laneA_ps1_metrics.v1
yh.xlre.logret_1d,missingness,MEASURED,"{""n_rows"": 71734, ""n_finite"": 50356, ""missing_fraction"": 0.2980176764156467}",,laneA_ps1_metrics.v1
yh.xlre.logret_1d,constant,MEASURED,"{""n_unique"": 2030, ""is_constant"": false, ""top_value_share"": 0.015032965287155453}",,laneA_ps1_metrics.v1
yh.xlre.logret_1d,scale_tails,MEASURED,"{""mean"": 0.00023241126871381408, ""std"": 0.013575993817652407, ""min"": -0.17436691726748688, ""max"": 0.08415771495104574, ""p001"": -0.07326919733007875, ""p01"": -0.03776267592507132, ""p05"": -0.01923653265788472, ""p25"": -0.005755323749524699, ""median"": 0.0008980897483996664, ""p75"": 0.006726155530234479, ""p95"": 0.018728178322230615, ""p99"": 0.0341077853987648, ""p999"": 0.08018748646435321, ""mad"": 0.006111612123087529, ""skew"": -1.061046299638988, ""excess_kurtosis"": 18.619728197749293, ""tail_ratio_p99_mad"": 5.4338683446402865, ""share_beyond_5mad"": 0.028953848597982366}",,laneA_ps1_metrics.v1
yh.xlre.logret_1d,volatility,MEASURED,"{""std_first_diff"": 0.004033718056344251, ""rolling168_std_median"": 0.008518867928627645, ""vol_of_vol_cv"": 0.7395045232548297}",,laneA_ps1_metrics.v1
yh.xlre.logret_1d,acf,MEASURED,"{""lag_1"": 0.9558602255626547, ""lag_6"": 0.7351585667446788, ""lag_24"": -0.035692367686224497, ""lag_120"": 0.03307762942181921, ""lag_168"": 0.051130365842162045, ""lag_unit"": ""rows of the decision grid (1 row = 1 market hour; weekend gaps not filled)""}",,laneA_ps1_metrics.v1
yh.xlre.logret_1d,trend,MEASURED,"{""ols_slope_per_year"": 6.257604707483029e-07, ""slope_in_std_per_year"": 4.6093161145569145e-05, ""ols_r"": 7.64355912353302e-05, ""kendall_tau_3000"": -0.008256530274470245, ""kendall_p_3000"": 0.4978966925494561, ""caveat"": ""OLS p-value omitted: serial correlation makes it invalid""}",,laneA_ps1_metrics.v1
yh.xlre.logret_1d,adf,MEASURED,"{""stat"": -18.839760951249303, ""pvalue"": 0.0, ""lags"": 24, ""nobs"": 19975, ""crit_5pct"": -2.8616847064863733, ""H0"": ""unit root"", ""regression"": ""c"", ""sample"": ""last 20000 finite TRAIN values (gaps compressed)""}",,laneA_ps1_metrics.v1
yh.xlre.logret_1d,kpss,MEASURED,"{""stat"": 0.16330366517814132, ""pvalue"": 0.1, ""lags"": 82, ""H0"": ""level stationary"", ""pvalue_truncated_to_table"": true, ""sample"": ""last 20000 finite TRAIN values (gaps compressed)""}",,laneA_ps1_metrics.v1
yh.xlre.logret_1d,seasonality,MEASURED,"{""eta2_hour_of_day"": 4.802807609125266e-06, ""eta2_day_of_week"": 0.001029186860482342, ""eta2_month"": 0.005824420283214755}",,laneA_ps1_metrics.v1
yh.xlre.logret_1d,spectrum,MEASURED,"{""top_periods_rows"": [204.8, 227.55555555555554, 186.1818181818182], ""top_power_share"": [0.030571604908752114, 0.028291114294097433, 0.028108674346867757], ""spectral_entropy_norm"": 0.6584834046094541, ""zero_filled_fraction"": 0.2980176764156467, ""method"": ""Welch nperseg<=2048 on demeaned rows""}",,laneA_ps1_metrics.v1
yh.xlre.logret_1d,cost,MEASURED,"{""build_s"": 0.014329546249952892, ""profile_s"": 0.0291047279997656, ""bytes_float64"": 573872}",,laneA_ps1_metrics.v1
yh.xlre.logret_5d,missingness,MEASURED,"{""n_rows"": 71734, ""n_finite"": 50258, ""missing_fraction"": 0.2993838347227257}",,laneA_ps1_metrics.v1
yh.xlre.logret_5d,constant,MEASURED,"{""n_unique"": 2051, ""is_constant"": false, ""top_value_share"": 0.004715667157467468}",,laneA_ps1_metrics.v1
yh.xlre.logret_5d,scale_tails,MEASURED,"{""mean"": 0.000935666213120355, ""std"": 0.02996846489741928, ""min"": -0.26242095176032043, ""max"": 0.2292521646949286, ""p001"": -0.192384461156979, ""p01"": -0.08104724373347416, ""p05"": -0.04502223291523322, ""p25"": -0.012619526810392134, ""median"": 0.0027957981596196113, ""p75"": 0.016557138409786898, ""p95"": 0.0410938029461807, ""p99"": 0.06697056147711677, ""p999"": 0.18429365764245276, ""mad"": 0.014536369468909793, ""skew"": -0.6924155171967127, ""excess_kurtosis"": 10.257578953326844, ""tail_ratio_p99_mad"": 4.414772440584518, ""share_beyond_5mad"": 0.028134824306578057}",,laneA_ps1_metrics.v1
yh.xlre.logret_5d,volatility,MEASURED,"{""std_first_diff"": 0.0037685434670933467, ""rolling168_std_median"": 0.012966782117401394, ""vol_of_vol_cv"": 0.7850107937473874}",,laneA_ps1_metrics.v1
yh.xlre.logret_5d,acf,MEASURED,"{""lag_1"": 0.9920935032167987, ""lag_6"": 0.9525584755938087, ""lag_24"": 0.8110405549085855, ""lag_120"": 0.009473122735610006, ""lag_168"": -0.003628843422729958, ""lag_unit"": ""rows of the decision grid (1 row = 1 market hour; weekend gaps not filled)""}",,laneA_ps1_metrics.v1
yh.xlre.logret_5d,trend,MEASURED,"{""ols_slope_per_year"": -8.43064307565853e-05, ""slope_in_std_per_year"": -0.002813171480259748, ""ols_r"": -0.00465596083529609, ""kendall_tau_3000"": 0.00701117221567589, ""kendall_p_3000"": 0.5648705252400612, ""caveat"": ""OLS p-value omitted: serial correlation makes it invalid""}",,laneA_ps1_metrics.v1
yh.xlre.logret_5d,adf,MEASURED,"{""stat"": -9.552182848520504, ""pvalue"": 2.554386897329459e-16, ""lags"": 24, ""nobs"": 19975, ""crit_5pct"": -2.8616847064863733, ""H0"": ""unit root"", ""regression"": ""c"", ""sample"": ""last 20000 finite TRAIN values (gaps compressed)""}",,laneA_ps1_metrics.v1
yh.xlre.logret_5d,kpss,MEASURED,"{""stat"": 0.2500362071291196, ""pvalue"": 0.1, ""lags"": 86, ""H0"": ""level stationary"", ""pvalue_truncated_to_table"": true, ""sample"": ""last 20000 finite TRAIN values (gaps compressed)""}",,laneA_ps1_metrics.v1
yh.xlre.logret_5d,seasonality,MEASURED,"{""eta2_hour_of_day"": 6.848316523020501e-06, ""eta2_day_of_week"": 8.467278024467428e-05, ""eta2_month"": 0.027624135995594313}",,laneA_ps1_metrics.v1
yh.xlre.logret_5d,spectrum,MEASURED,"{""top_periods_rows"": [1024.0, 682.6666666666666, 2048.0], ""top_power_share"": [0.1400167124568687, 0.12679603942537168, 0.10716222637185778], ""spectral_entropy_norm"": 0.4234780929719807, ""zero_filled_fraction"": 0.2993838347227256, ""method"": ""Welch nperseg<=2048 on demeaned rows""}",,laneA_ps1_metrics.v1
yh.xlre.logret_5d,cost,MEASURED,"{""build_s"": 0.014329546249952892, ""profile_s"": 0.029778060000353435, ""bytes_float64"": 573872}",,laneA_ps1_metrics.v1
yh.xlu.logret_1d,missingness,MEASURED,"{""n_rows"": 71734, ""n_finite"": 71734, ""missing_fraction"": 0.0}",,laneA_ps1_metrics.v1
yh.xlu.logret_1d,constant,MEASURED,"{""n_unique"": 2904, ""is_constant"": false, ""top_value_share"": 0.00998131987620933}",,laneA_ps1_metrics.v1
yh.xlu.logret_1d,scale_tails,MEASURED,"{""mean"": 0.00021161571014701746, ""std"": 0.011452016677208122, ""min"": -0.12056128670175648, ""max"": 0.120387900388911, ""p001"": -0.06776019433945944, ""p01"": -0.03273699001226893, ""p05"": -0.016515430228218442, ""p25"": -0.005278352444336942, ""median"": 0.000804580422098855, ""p75"": 0.006030823972077659, ""p95"": 0.0148700977085503, ""p99"": 0.02575074497651153, ""p999"": 0.07439756015419219, ""mad"": 0.00558989648969721, ""skew"": -0.2718991261566821, ""excess_kurtosis"": 16.7375776440599, ""tail_ratio_p99_mad"": 4.4627238805568545, ""share_beyond_5mad"": 0.023447737474558788}",,laneA_ps1_metrics.v1
yh.xlu.logret_1d,volatility,MEASURED,"{""std_first_diff"": 0.00340818166443727, ""rolling168_std_median"": 0.00757911121983645, ""vol_of_vol_cv"": 0.7178520888366773}",,laneA_ps1_metrics.v1
yh.xlu.logret_1d,acf,MEASURED,"{""lag_1"": 0.9557160233827772, ""lag_6"": 0.7342980847700421, ""lag_24"": -0.04336939806155759, ""lag_120"": 0.05276707973046926, ""lag_168"": 0.06378277946505155, ""lag_unit"": ""rows of the decision grid (1 row = 1 market hour; weekend gaps not filled)""}",,laneA_ps1_metrics.v1
yh.xlu.logret_1d,trend,MEASURED,"{""ols_slope_per_year"": -2.0171799701629716e-05, ""slope_in_std_per_year"": -0.001761418994592958, ""ols_r"": -0.004160980058053568, ""kendall_tau_3000"": 0.0018164940853263453, ""kendall_p_3000"": 0.8814398644888518, ""caveat"": ""OLS p-value omitted: serial correlation makes it invalid""}",,laneA_ps1_metrics.v1
yh.xlu.logret_1d,adf,MEASURED,"{""stat"": -18.97204265716766, ""pvalue"": 0.0, ""lags"": 24, ""nobs"": 19975, ""crit_5pct"": -2.8616847064863733, ""H0"": ""unit root"", ""regression"": ""c"", ""sample"": ""last 20000 finite TRAIN values (gaps compressed)""}",,laneA_ps1_metrics.v1
yh.xlu.logret_1d,kpss,MEASURED,"{""stat"": 0.08393688138390619, ""pvalue"": 0.1, ""lags"": 82, ""H0"": ""level stationary"", ""pvalue_truncated_to_table"": true, ""sample"": ""last 20000 finite TRAIN values (gaps compressed)""}",,laneA_ps1_metrics.v1
yh.xlu.logret_1d,seasonality,MEASURED,"{""eta2_hour_of_day"": 1.8733229210648962e-06, ""eta2_day_of_week"": 0.000585480171002334, ""eta2_month"": 0.0050656687263917494}",,laneA_ps1_metrics.v1
yh.xlu.logret_1d,spectrum,MEASURED,"{""top_periods_rows"": [186.1818181818182, 55.351351351351354, 204.8], ""top_power_share"": [0.03296694531236062, 0.03138639788189335, 0.03126217485898618], ""spectral_entropy_norm"": 0.6570674850050056, ""zero_filled_fraction"": 0.0, ""method"": ""Welch nperseg<=2048 on demeaned rows""}",,laneA_ps1_metrics.v1
yh.xlu.logret_1d,cost,MEASURED,"{""build_s"": 0.014329546249952892, ""profile_s"": 0.032648190000145405, ""bytes_float64"": 573872}",,laneA_ps1_metrics.v1
yh.xlu.logret_5d,missingness,MEASURED,"{""n_rows"": 71734, ""n_finite"": 71734, ""missing_fraction"": 0.0}",,laneA_ps1_metrics.v1
yh.xlu.logret_5d,constant,MEASURED,"{""n_unique"": 2911, ""is_constant"": false, ""top_value_share"": 0.005910725736749658}",,laneA_ps1_metrics.v1
yh.xlu.logret_5d,scale_tails,MEASURED,"{""mean"": 0.001063297144076318, ""std"": 0.024406468201963367, ""min"": -0.2162339825532018, ""max"": 0.25084447342986405, ""p001"": -0.16112712918650246, ""p01"": -0.06974061020355249, ""p05"": -0.03711883386394366, ""p25"": -0.010702733373214368, ""median"": 0.002528044479899627, ""p75"": 0.014509577454441036, ""p95"": 0.03378437059968542, ""p99"": 0.05169339117680938, ""p999"": 0.12864401845031814, ""mad"": 0.012557863218270349, ""skew"": -0.7196353467542188, ""excess_kurtosis"": 12.28160571899063, ""tail_ratio_p99_mad"": 3.9151044920906153, ""share_beyond_5mad"": 0.01732790587448072}",,laneA_ps1_metrics.v1
yh.xlu.logret_5d,volatility,MEASURED,"{""std_first_diff"": 0.0031691557307851888, ""rolling168_std_median"": 0.011263377316750747, ""vol_of_vol_cv"": 0.7532496734374895}",,laneA_ps1_metrics.v1
yh.xlu.logret_5d,acf,MEASURED,"{""lag_1"": 0.9915696627466374, ""lag_6"": 0.9494159733722531, ""lag_24"": 0.7967176031015538, ""lag_120"": 0.009235893030152775, ""lag_168"": 0.020681704019575385, ""lag_unit"": ""rows of the decision grid (1 row = 1 market hour; weekend gaps not filled)""}",,laneA_ps1_metrics.v1
yh.xlu.logret_5d,trend,MEASURED,"{""ols_slope_per_year"": -0.00022079704682552843, ""slope_in_std_per_year"": -0.00904666111452236, ""ols_r"": -0.021370824661848843, ""kendall_tau_3000"": -0.0048844674100352835, ""kendall_p_3000"": 0.6883819345505396, ""caveat"": ""OLS p-value omitted: serial correlation makes it invalid""}",,laneA_ps1_metrics.v1
yh.xlu.logret_5d,adf,MEASURED,"{""stat"": -9.230047386568986, ""pvalue"": 1.6879290646584816e-15, ""lags"": 24, ""nobs"": 19975, ""crit_5pct"": -2.8616847064863733, ""H0"": ""unit root"", ""regression"": ""c"", ""sample"": ""last 20000 finite TRAIN values (gaps compressed)""}",,laneA_ps1_metrics.v1
yh.xlu.logret_5d,kpss,MEASURED,"{""stat"": 0.1692323659377513, ""pvalue"": 0.1, ""lags"": 86, ""H0"": ""level stationary"", ""pvalue_truncated_to_table"": true, ""sample"": ""last 20000 finite TRAIN values (gaps compressed)""}",,laneA_ps1_metrics.v1
yh.xlu.logret_5d,seasonality,MEASURED,"{""eta2_hour_of_day"": 3.7283821985067393e-06, ""eta2_day_of_week"": 5.2295001180699717e-05, ""eta2_month"": 0.017077859844279508}",,laneA_ps1_metrics.v1
yh.xlu.logret_5d,spectrum,MEASURED,"{""top_periods_rows"": [1024.0, 2048.0, 682.6666666666666], ""top_power_share"": [0.13561061699513635, 0.11486189969595921, 0.11255221304870276], ""spectral_entropy_norm"": 0.4334357944506423, ""zero_filled_fraction"": 0.0, ""method"": ""Welch nperseg<=2048 on demeaned rows""}",,laneA_ps1_metrics.v1
yh.xlu.logret_5d,cost,MEASURED,"{""build_s"": 0.014329546249952892, ""profile_s"": 0.032738478999817744, ""bytes_float64"": 573872}",,laneA_ps1_metrics.v1
yh.xlv.logret_1d,missingness,MEASURED,"{""n_rows"": 71734, ""n_finite"": 71734, ""missing_fraction"": 0.0}",,laneA_ps1_metrics.v1
yh.xlv.logret_1d,constant,MEASURED,"{""n_unique"": 2915, ""is_constant"": false, ""top_value_share"": 0.00731870521649427}",,laneA_ps1_metrics.v1
yh.xlv.logret_1d,scale_tails,MEASURED,"{""mean"": 0.0004673351619247922, ""std"": 0.010286531129703095, ""min"": -0.10381750101953369, ""max"": 0.07423240179824919, ""p001"": -0.05721569407012783, ""p01"": -0.029180714215335968, ""p05"": -0.015755211436105476, ""p25"": -0.004393128810816549, ""median"": 0.0008065272528341438, ""p75"": 0.0059573631846632225, ""p95"": 0.015038050708051484, ""p99"": 0.02386154297795251, ""p999"": 0.061800088193490324, ""mad"": 0.005156993809166011, ""skew"": -0.40417453295530636, ""excess_kurtosis"": 9.018167094136908, ""tail_ratio_p99_mad"": 4.470630871059127, ""share_beyond_5mad"": 0.02243008893969387}",,laneA_ps1_metrics.v1
yh.xlv.logret_1d,volatility,MEASURED,"{""std_first_diff"": 0.0030823691951949654, ""rolling168_std_median"": 0.006984724598639443, ""vol_of_vol_cv"": 0.6346152829021064}",,laneA_ps1_metrics.v1
yh.xlv.logret_1d,acf,MEASURED,"{""lag_1"": 0.9551052530992281, ""lag_6"": 0.7306291855424193, ""lag_24"": -0.05732680999176204, ""lag_120"": 0.03738841826908142, ""lag_168"": 0.07380340619376258, ""lag_unit"": ""rows of the decision grid (1 row = 1 market hour; weekend gaps not filled)""}",,laneA_ps1_metrics.v1
yh.xlv.logret_1d,trend,MEASURED,"{""ols_slope_per_year"": -6.714039510436089e-05, ""slope_in_std_per_year"": -0.006527020067094162, ""ols_r"": -0.01541870527175184, ""kendall_tau_3000"": -0.0063830574817331865, ""kendall_p_3000"": 0.6002128502660113, ""caveat"": ""OLS p-value omitted: serial correlation makes it invalid""}",,laneA_ps1_metrics.v1
yh.xlv.logret_1d,adf,MEASURED,"{""stat"": -19.036180424486627, ""pvalue"": 0.0, ""lags"": 24, ""nobs"": 19975, ""crit_5pct"": -2.8616847064863733, ""H0"": ""unit root"", ""regression"": ""c"", ""sample"": ""last 20000 finite TRAIN values (gaps compressed)""}",,laneA_ps1_metrics.v1
yh.xlv.logret_1d,kpss,MEASURED,"{""stat"": 0.08414364221363389, ""pvalue"": 0.1, ""lags"": 82, ""H0"": ""level stationary"", ""pvalue_truncated_to_table"": true, ""sample"": ""last 20000 finite TRAIN values (gaps compressed)""}",,laneA_ps1_metrics.v1
yh.xlv.logret_1d,seasonality,MEASURED,"{""eta2_hour_of_day"": 4.5664430701624946e-06, ""eta2_day_of_week"": 0.001238967630480468, ""eta2_month"": 0.004777467362133118}",,laneA_ps1_metrics.v1
yh.xlv.logret_1d,spectrum,MEASURED,"{""top_periods_rows"": [55.351351351351354, 227.55555555555554, 204.8], ""top_power_share"": [0.029406175173438655, 0.026873281664390673, 0.026104137815456445], ""spectral_entropy_norm"": 0.6611163596260179, ""zero_filled_fraction"": 0.0, ""method"": ""Welch nperseg<=2048 on demeaned rows""}",,laneA_ps1_metrics.v1
yh.xlv.logret_1d,cost,MEASURED,"{""build_s"": 0.014329546249952892, ""profile_s"": 0.03219266599990078, ""bytes_float64"": 573872}",,laneA_ps1_metrics.v1
yh.xlv.logret_5d,missingness,MEASURED,"{""n_rows"": 71734, ""n_finite"": 71734, ""missing_fraction"": 0.0}",,laneA_ps1_metrics.v1
yh.xlv.logret_5d,constant,MEASURED,"{""n_unique"": 2926, ""is_constant"": false, ""top_value_share"": 0.002411687623720969}",,laneA_ps1_metrics.v1
yh.xlv.logret_5d,scale_tails,MEASURED,"{""mean"": 0.0023017323604585167, ""std"": 0.021815426210250358, ""min"": -0.14153477918601443, ""max"": 0.1758906433764693, ""p001"": -0.11417580685433479, ""p01"": -0.06505874830825853, ""p05"": -0.03225801179933363, ""p25"": -0.009022569100543443, ""median"": 0.003535341940903436, ""p75"": 0.015657522098041277, ""p95"": 0.03230766401249552, ""p99"": 0.05426286055669571, ""p999"": 0.08503386148627361, ""mad"": 0.012333771497467616, ""skew"": -0.5346497621256001, ""excess_kurtosis"": 4.935047069821967, ""tail_ratio_p99_mad"": 4.112895931808669, ""share_beyond_5mad"": 0.018289792845791394}",,laneA_ps1_metrics.v1
yh.xlv.logret_5d,volatility,MEASURED,"{""std_first_diff"": 0.002886279908610603, ""rolling168_std_median"": 0.010808685574867348, ""vol_of_vol_cv"": 0.6583946793394824}",,laneA_ps1_metrics.v1
yh.xlv.logret_5d,acf,MEASURED,"{""lag_1"": 0.9912477872755514, ""lag_6"": 0.9474842067445601, ""lag_24"": 0.7903581622978946, ""lag_120"": -0.03347879375680522, ""lag_168"": -0.037914663500126525, ""lag_unit"": ""rows of the decision grid (1 row = 1 market hour; weekend gaps not filled)""}",,laneA_ps1_metrics.v1
yh.xlv.logret_5d,trend,MEASURED,"{""ols_slope_per_year"": -0.0003822857760809825, ""slope_in_std_per_year"": -0.017523644617191064, ""ols_r"": -0.04139590638024181, ""kendall_tau_3000"": -0.033209882586246776, ""kendall_p_3000"": 0.006394575916970397, ""caveat"": ""OLS p-value omitted: serial correlation makes it invalid""}",,laneA_ps1_metrics.v1
yh.xlv.logret_5d,adf,MEASURED,"{""stat"": -10.085780853748076, ""pvalue"": 1.1564590548452324e-17, ""lags"": 24, ""nobs"": 19975, ""crit_5pct"": -2.8616847064863733, ""H0"": ""unit root"", ""regression"": ""c"", ""sample"": ""last 20000 finite TRAIN values (gaps compressed)""}",,laneA_ps1_metrics.v1
yh.xlv.logret_5d,kpss,MEASURED,"{""stat"": 0.1580752116132797, ""pvalue"": 0.1, ""lags"": 86, ""H0"": ""level stationary"", ""pvalue_truncated_to_table"": true, ""sample"": ""last 20000 finite TRAIN values (gaps compressed)""}",,laneA_ps1_metrics.v1
yh.xlv.logret_5d,seasonality,MEASURED,"{""eta2_hour_of_day"": 2.591932256038448e-06, ""eta2_day_of_week"": 2.9386765089189837e-05, ""eta2_month"": 0.022305320780482897}",,laneA_ps1_metrics.v1
yh.xlv.logret_5d,spectrum,MEASURED,"{""top_periods_rows"": [1024.0, 682.6666666666666, 512.0], ""top_power_share"": [0.12453486793782793, 0.11807520957925667, 0.10453388629680586], ""spectral_entropy_norm"": 0.4344766594763892, ""zero_filled_fraction"": 0.0, ""method"": ""Welch nperseg<=2048 on demeaned rows""}",,laneA_ps1_metrics.v1
yh.xlv.logret_5d,cost,MEASURED,"{""build_s"": 0.014329546249952892, ""profile_s"": 0.03263893199982704, ""bytes_float64"": 573872}",,laneA_ps1_metrics.v1
yh.xly.logret_1d,missingness,MEASURED,"{""n_rows"": 71734, ""n_finite"": 71734, ""missing_fraction"": 0.0}",,laneA_ps1_metrics.v1
yh.xly.logret_1d,constant,MEASURED,"{""n_unique"": 2919, ""is_constant"": false, ""top_value_share"": 0.004948838765438983}",,laneA_ps1_metrics.v1
yh.xly.logret_1d,scale_tails,MEASURED,"{""mean"": 0.0005099240597710895, ""std"": 0.012535766815179499, ""min"": -0.13546042785576606, ""max"": 0.08965458385329583, ""p001"": -0.0650445470937866, ""p01"": -0.03666058038257081, ""p05"": -0.019813049002145977, ""p25"": -0.0049255303570578945, ""median"": 0.0012050890087893507, ""p75"": 0.006840729831679937, ""p95"": 0.01878682469191606, ""p99"": 0.032558470779902926, ""p999"": 0.060026139599306916, ""mad"": 0.005901194605729465, ""skew"": -0.7891799559660525, ""excess_kurtosis"": 10.002529071786288, ""tail_ratio_p99_mad"": 5.313056739507049, ""share_beyond_5mad"": 0.03277385897900577}",,laneA_ps1_metrics.v1
yh.xly.logret_1d,volatility,MEASURED,"{""std_first_diff"": 0.0037011230831144317, ""rolling168_std_median"": 0.007811278400731855, ""vol_of_vol_cv"": 0.6862857284767143}",,laneA_ps1_metrics.v1
yh.xly.logret_1d,acf,MEASURED,"{""lag_1"": 0.9564156507705841, ""lag_6"": 0.7384911645437143, ""lag_24"": -0.01966882358789112, ""lag_120"": -0.0016938747982878978, ""lag_168"": 0.06775103532415254, ""lag_unit"": ""rows of the decision grid (1 row = 1 market hour; weekend gaps not filled)""}",,laneA_ps1_metrics.v1
yh.xly.logret_1d,trend,MEASURED,"{""ols_slope_per_year"": -3.7077955091507046e-05, ""slope_in_std_per_year"": -0.0029577731971377717, ""ols_r"": -0.0069871139844155305, ""kendall_tau_3000"": 0.007540943667867677, ""kendall_p_3000"": 0.5358020527705452, ""caveat"": ""OLS p-value omitted: serial correlation makes it invalid""}",,laneA_ps1_metrics.v1
yh.xly.logret_1d,adf,MEASURED,"{""stat"": -18.780418742163995, ""pvalue"": 2.024298405645954e-30, ""lags"": 24, ""nobs"": 19975, ""crit_5pct"": -2.8616847064863733, ""H0"": ""unit root"", ""regression"": ""c"", ""sample"": ""last 20000 finite TRAIN values (gaps compressed)""}",,laneA_ps1_metrics.v1
yh.xly.logret_1d,kpss,MEASURED,"{""stat"": 0.08008605607129801, ""pvalue"": 0.1, ""lags"": 82, ""H0"": ""level stationary"", ""pvalue_truncated_to_table"": true, ""sample"": ""last 20000 finite TRAIN values (gaps compressed)""}",,laneA_ps1_metrics.v1
yh.xly.logret_1d,seasonality,MEASURED,"{""eta2_hour_of_day"": 1.2753085668873098e-06, ""eta2_day_of_week"": 0.0006885765899060346, ""eta2_month"": 0.00509932586966394}",,laneA_ps1_metrics.v1
yh.xly.logret_1d,spectrum,MEASURED,"{""top_periods_rows"": [292.57142857142856, 227.55555555555554, 55.351351351351354], ""top_power_share"": [0.028996364460901005, 0.028712250272435035, 0.02782035081733621], ""spectral_entropy_norm"": 0.6595904286172608, ""zero_filled_fraction"": 0.0, ""method"": ""Welch nperseg<=2048 on demeaned rows""}",,laneA_ps1_metrics.v1
yh.xly.logret_1d,cost,MEASURED,"{""build_s"": 0.014329546249952892, ""profile_s"": 0.03252247399996122, ""bytes_float64"": 573872}",,laneA_ps1_metrics.v1
yh.xly.logret_5d,missingness,MEASURED,"{""n_rows"": 71734, ""n_finite"": 71734, ""missing_fraction"": 0.0}",,laneA_ps1_metrics.v1
yh.xly.logret_5d,constant,MEASURED,"{""n_unique"": 2927, ""is_constant"": false, ""top_value_share"": 0.002927482086597708}",,laneA_ps1_metrics.v1
yh.xly.logret_5d,scale_tails,MEASURED,"{""mean"": 0.0025198819158704427, ""std"": 0.027747067685513434, ""min"": -0.20334917507195271, ""max"": 0.14331722169583205, ""p001"": -0.18439020058587596, ""p01"": -0.08069230127616667, ""p05"": -0.04331078013872869, ""p25"": -0.01013709414030517, ""median"": 0.004142705625906906, ""p75"": 0.018197969057780483, ""p95"": 0.04042587580682966, ""p99"": 0.06864968450049691, ""p999"": 0.1260071139791914, ""mad"": 0.0142212807353852, ""skew"": -0.7971979970189561, ""excess_kurtosis"": 6.024074895488466, ""tail_ratio_p99_mad"": 4.535947224084017, ""share_beyond_5mad"": 0.02488359773608052}",,laneA_ps1_metrics.v1
yh.xly.logret_5d,volatility,MEASURED,"{""std_first_diff"": 0.0035945169330790544, ""rolling168_std_median"": 0.012511328013072021, ""vol_of_vol_cv"": 0.7290271978652297}",,laneA_ps1_metrics.v1
yh.xly.logret_5d,acf,MEASURED,"{""lag_1"": 0.9916089840257152, ""lag_6"": 0.9496510358693742, ""lag_24"": 0.7999520827241061, ""lag_120"": 0.006388304598584459, ""lag_168"": 0.004770508260200176, ""lag_unit"": ""rows of the decision grid (1 row = 1 market hour; weekend gaps not filled)""}",,laneA_ps1_metrics.v1
yh.xly.logret_5d,trend,MEASURED,"{""ols_slope_per_year"": -0.0002497923315259099, ""slope_in_std_per_year"": -0.009002476743022646, ""ols_r"": -0.021266448423570335, ""kendall_tau_3000"": 0.0020911826323182074, ""kendall_p_3000"": 0.8636697327840641, ""caveat"": ""OLS p-value omitted: serial correlation makes it invalid""}",,laneA_ps1_metrics.v1
yh.xly.logret_5d,adf,MEASURED,"{""stat"": -9.860150117235122, ""pvalue"": 4.2543994858822487e-17, ""lags"": 24, ""nobs"": 19975, ""crit_5pct"": -2.8616847064863733, ""H0"": ""unit root"", ""regression"": ""c"", ""sample"": ""last 20000 finite TRAIN values (gaps compressed)""}",,laneA_ps1_metrics.v1
yh.xly.logret_5d,kpss,MEASURED,"{""stat"": 0.16433584768326182, ""pvalue"": 0.1, ""lags"": 86, ""H0"": ""level stationary"", ""pvalue_truncated_to_table"": true, ""sample"": ""last 20000 finite TRAIN values (gaps compressed)""}",,laneA_ps1_metrics.v1
yh.xly.logret_5d,seasonality,MEASURED,"{""eta2_hour_of_day"": 4.216970604477779e-06, ""eta2_day_of_week"": 4.7638388053570404e-05, ""eta2_month"": 0.02093532611931909}",,laneA_ps1_metrics.v1
yh.xly.logret_5d,spectrum,MEASURED,"{""top_periods_rows"": [1024.0, 2048.0, 682.6666666666666], ""top_power_share"": [0.1347139237773627, 0.11784754323301726, 0.10957355378630115], ""spectral_entropy_norm"": 0.42928531137627374, ""zero_filled_fraction"": 0.0, ""method"": ""Welch nperseg<=2048 on demeaned rows""}",,laneA_ps1_metrics.v1
yh.xly.logret_5d,cost,MEASURED,"{""build_s"": 0.014329546249952892, ""profile_s"": 0.03264161700008117, ""bytes_float64"": 573872}",,laneA_ps1_metrics.v1
yh.000001_ss.logret_1d,missingness,MEASURED,"{""n_rows"": 71734, ""n_finite"": 71088, ""missing_fraction"": 0.00900549251401006}",,laneA_ps1_metrics.v1
yh.000001_ss.logret_1d,constant,MEASURED,"{""n_unique"": 2834, ""is_constant"": false, ""top_value_share"": 0.0017021156875984694}",,laneA_ps1_metrics.v1
yh.000001_ss.logret_1d,scale_tails,MEASURED,"{""mean"": 0.0001522989631043849, ""std"": 0.012761322023150124, ""min"": -0.08873171546629521, ""max"": 0.060399095154011206, ""p001"": -0.08037278825801114, ""p01"": -0.041370423771221354, ""p05"": -0.01832306737300904, ""p25"": -0.005373299307882107, ""median"": 0.0005768885390207146, ""p75"": 0.006113053580440564, ""p95"": 0.019460645021000644, ""p99"": 0.031790538699694615, ""p999"": 0.05449501498549303, ""mad"": 0.0057505409355300685, ""skew"": -1.0093817493256496, ""excess_kurtosis"": 7.591651850266205, ""tail_ratio_p99_mad"": 5.427950259047537, ""share_beyond_5mad"": 0.03475973441368445}",,laneA_ps1_metrics.v1
yh.000001_ss.logret_1d,volatility,MEASURED,"{""std_first_diff"": 0.003519863565368378, ""rolling168_std_median"": 0.008159814618378993, ""vol_of_vol_cv"": 0.6558655759766384}",,laneA_ps1_metrics.v1
yh.000001_ss.logret_1d,acf,MEASURED,"{""lag_1"": 0.9619461534277115, ""lag_6"": 0.7708302351776666, ""lag_24"": 0.08690358727037538, ""lag_120"": 0.013609706492720915, ""lag_168"": 0.021133872465059815, ""lag_unit"": ""rows of the decision grid (1 row = 1 market hour; weekend gaps not filled)""}",,laneA_ps1_metrics.v1
yh.000001_ss.logret_1d,trend,MEASURED,"{""ols_slope_per_year"": -3.787116674996038e-05, ""slope_in_std_per_year"": -0.0029676523075946883, ""ols_r"": -0.007010936683187312, ""kendall_tau_3000"": -0.011802944002525129, ""kendall_p_3000"": 0.3324957367759489, ""caveat"": ""OLS p-value omitted: serial correlation makes it invalid""}",,laneA_ps1_metrics.v1
yh.000001_ss.logret_1d,adf,MEASURED,"{""stat"": -18.195293393205446, ""pvalue"": 2.413508071051727e-30, ""lags"": 24, ""nobs"": 19975, ""crit_5pct"": -2.8616847064863733, ""H0"": ""unit root"", ""regression"": ""c"", ""sample"": ""last 20000 finite TRAIN values (gaps compressed)""}",,laneA_ps1_metrics.v1
yh.000001_ss.logret_1d,kpss,MEASURED,"{""stat"": 0.06994788526380773, ""pvalue"": 0.1, ""lags"": 82, ""H0"": ""level stationary"", ""pvalue_truncated_to_table"": true, ""sample"": ""last 20000 finite TRAIN values (gaps compressed)""}",,laneA_ps1_metrics.v1
yh.000001_ss.logret_1d,seasonality,MEASURED,"{""eta2_hour_of_day"": 3.185153466807702e-05, ""eta2_day_of_week"": 0.00206139743069565, ""eta2_month"": 0.0038025139259483874}",,laneA_ps1_metrics.v1
yh.000001_ss.logret_1d,spectrum,MEASURED,"{""top_periods_rows"": [102.4, 682.6666666666666, 512.0], ""top_power_share"": [0.038187018755667435, 0.03356650081685435, 0.03300644744401469], ""spectral_entropy_norm"": 0.6467072162061662, ""zero_filled_fraction"": 0.009005492514010094, ""method"": ""Welch nperseg<=2048 on demeaned rows""}",,laneA_ps1_metrics.v1
yh.000001_ss.logret_1d,cost,MEASURED,"{""build_s"": 0.014329546249952892, ""profile_s"": 0.03298268700018525, ""bytes_float64"": 573872}",,laneA_ps1_metrics.v1
yh.000001_ss.logret_5d,missingness,MEASURED,"{""n_rows"": 71734, ""n_finite"": 71088, ""missing_fraction"": 0.00900549251401006}",,laneA_ps1_metrics.v1
yh.000001_ss.logret_5d,constant,MEASURED,"{""n_unique"": 2834, ""is_constant"": false, ""top_value_share"": 0.0017021156875984694}",,laneA_ps1_metrics.v1
yh.000001_ss.logret_5d,scale_tails,MEASURED,"{""mean"": 0.0002420663395934466, ""std"": 0.02962287227136209, ""min"": -0.2593731443289409, ""max"": 0.11970116307455214, ""p001"": -0.21447294898608846, ""p01"": -0.0938503994840012, ""p05"": -0.04348489700355351, ""p25"": -0.014224297951613174, ""median"": 0.0016771128160719684, ""p75"": 0.0161595370980665, ""p95"": 0.043520854733147374, ""p99"": 0.07414540918070145, ""p999"": 0.11808494198417657, ""mad"": 0.015174939509883245, ""skew"": -0.9795809757341701, ""excess_kurtosis"": 7.124172954982811, ""tail_ratio_p99_mad"": 4.775524562548128, ""share_beyond_5mad"": 0.025630204816565385}",,laneA_ps1_metrics.v1
yh.000001_ss.logret_5d,volatility,MEASURED,"{""std_first_diff"": 0.0036057323062042047, ""rolling168_std_median"": 0.013032036620470243, ""vol_of_vol_cv"": 0.7046580569495282}",,laneA_ps1_metrics.v1
yh.000001_ss.logret_5d,acf,MEASURED,"{""lag_1"": 0.9925917113298466, ""lag_6"": 0.9554674976401135, ""lag_24"": 0.8197260212337519, ""lag_120"": 0.06885001634606623, ""lag_168"": 0.04032401856914058, ""lag_unit"": ""rows of the decision grid (1 row = 1 market hour; weekend gaps not filled)""}",,laneA_ps1_metrics.v1
yh.000001_ss.logret_5d,trend,MEASURED,"{""ols_slope_per_year"": -0.00028178736229190435, ""slope_in_std_per_year"": -0.009512492904488612, ""ols_r"": -0.022472809662359778, ""kendall_tau_3000"": -0.021274110187965403, ""kendall_p_3000"": 0.08068175667975055, ""caveat"": ""OLS p-value omitted: serial correlation makes it invalid""}",,laneA_ps1_metrics.v1
yh.000001_ss.logret_5d,adf,MEASURED,"{""stat"": -9.991472321472441, ""pvalue"": 1.9908910753531657e-17, ""lags"": 24, ""nobs"": 19975, ""crit_5pct"": -2.8616847064863733, ""H0"": ""unit root"", ""regression"": ""c"", ""sample"": ""last 20000 finite TRAIN values (gaps compressed)""}",,laneA_ps1_metrics.v1
yh.000001_ss.logret_5d,kpss,MEASURED,"{""stat"": 0.13202630792304706, ""pvalue"": 0.1, ""lags"": 86, ""H0"": ""level stationary"", ""pvalue_truncated_to_table"": true, ""sample"": ""last 20000 finite TRAIN values (gaps compressed)""}",,laneA_ps1_metrics.v1
yh.000001_ss.logret_5d,seasonality,MEASURED,"{""eta2_hour_of_day"": 2.8420242805534446e-06, ""eta2_day_of_week"": 9.734653305509822e-05, ""eta2_month"": 0.007380630538725048}",,laneA_ps1_metrics.v1
yh.000001_ss.logret_5d,spectrum,MEASURED,"{""top_periods_rows"": [1024.0, 682.6666666666666, 512.0], ""top_power_share"": [0.13074808331185134, 0.12208555016279124, 0.11780781411888658], ""spectral_entropy_norm"": 0.42573617438458605, ""zero_filled_fraction"": 0.009005492514010094, ""method"": ""Welch nperseg<=2048 on demeaned rows""}",,laneA_ps1_metrics.v1
yh.000001_ss.logret_5d,cost,MEASURED,"{""build_s"": 0.014329546249952892, ""profile_s"": 0.032719052999709675, ""bytes_float64"": 573872}",,laneA_ps1_metrics.v1
yh.axjo.logret_1d,missingness,MEASURED,"{""n_rows"": 71734, ""n_finite"": 71734, ""missing_fraction"": 0.0}",,laneA_ps1_metrics.v1
yh.axjo.logret_1d,constant,MEASURED,"{""n_unique"": 2951, ""is_constant"": false, ""top_value_share"": 0.0010176485348649177}",,laneA_ps1_metrics.v1
yh.axjo.logret_1d,scale_tails,MEASURED,"{""mean"": 0.0002006828469292118, ""std"": 0.009427004417099594, ""min"": -0.10203027127041864, ""max"": 0.06766482574933974, ""p001"": -0.06642687129094149, ""p01"": -0.024815626990045914, ""p05"": -0.015251501712254978, ""p25"": -0.004375108695670704, ""median"": 0.0007290488734348344, ""p75"": 0.005207396293487321, ""p95"": 0.01312154987780012, ""p99"": 0.021669582219690398, ""p999"": 0.04613314174152768, ""mad"": 0.004723652841208903, ""skew"": -0.9533038424638505, ""excess_kurtosis"": 11.677610974067317, ""tail_ratio_p99_mad"": 4.433122850089963, ""share_beyond_5mad"": 0.02131485766860903}",,laneA_ps1_metrics.v1
yh.axjo.logret_1d,volatility,MEASURED,"{""std_first_diff"": 0.002824117404104296, ""rolling168_std_median"": 0.0063447618123659635, ""vol_of_vol_cv"": 0.6516670227073064}",,laneA_ps1_metrics.v1
yh.axjo.logret_1d,acf,MEASURED,"{""lag_1"": 0.9551269483835876, ""lag_6"": 0.7307611868022443, ""lag_24"": -0.0593194866274465, ""lag_120"": 0.047989028177281436, ""lag_168"": 0.007693046938381669, ""lag_unit"": ""rows of the decision grid (1 row = 1 market hour; weekend gaps not filled)""}",,laneA_ps1_metrics.v1
yh.axjo.logret_1d,trend,MEASURED,"{""ols_slope_per_year"": -2.1640389976351395e-05, ""slope_in_std_per_year"": -0.002295574396581167, ""ols_r"": -0.005422809289143551, ""kendall_tau_3000"": 0.0050793271125844875, ""kendall_p_3000"": 0.6766348334782614, ""caveat"": ""OLS p-value omitted: serial correlation makes it invalid""}",,laneA_ps1_metrics.v1
yh.axjo.logret_1d,adf,MEASURED,"{""stat"": -19.77263050421132, ""pvalue"": 0.0, ""lags"": 24, ""nobs"": 19975, ""crit_5pct"": -2.8616847064863733, ""H0"": ""unit root"", ""regression"": ""c"", ""sample"": ""last 20000 finite TRAIN values (gaps compressed)""}",,laneA_ps1_metrics.v1
yh.axjo.logret_1d,kpss,MEASURED,"{""stat"": 0.12969289059001424, ""pvalue"": 0.1, ""lags"": 82, ""H0"": ""level stationary"", ""pvalue_truncated_to_table"": true, ""sample"": ""last 20000 finite TRAIN values (gaps compressed)""}",,laneA_ps1_metrics.v1
yh.axjo.logret_1d,seasonality,MEASURED,"{""eta2_hour_of_day"": 9.059744442224429e-06, ""eta2_day_of_week"": 0.0021237670050400365, ""eta2_month"": 0.007322724396166122}",,laneA_ps1_metrics.v1
yh.axjo.logret_1d,spectrum,MEASURED,"{""top_periods_rows"": [1024.0, 66.06451612903226, 227.55555555555554], ""top_power_share"": [0.03102720022874804, 0.028615850156991838, 0.027395494194912554], ""spectral_entropy_norm"": 0.662486700361066, ""zero_filled_fraction"": 0.0, ""method"": ""Welch nperseg<=2048 on demeaned rows""}",,laneA_ps1_metrics.v1
yh.axjo.logret_1d,cost,MEASURED,"{""build_s"": 0.014329546249952892, ""profile_s"": 0.03256388199952198, ""bytes_float64"": 573872}",,laneA_ps1_metrics.v1
yh.axjo.logret_5d,missingness,MEASURED,"{""n_rows"": 71734, ""n_finite"": 71734, ""missing_fraction"": 0.0}",,laneA_ps1_metrics.v1
yh.axjo.logret_5d,constant,MEASURED,"{""n_unique"": 2952, ""is_constant"": false, ""top_value_share"": 0.0010176485348649177}",,laneA_ps1_metrics.v1
yh.axjo.logret_5d,scale_tails,MEASURED,"{""mean"": 0.0009704965982142238, ""std"": 0.020170295863452543, ""min"": -0.1870515330271587, ""max"": 0.13082754574741706, ""p001"": -0.13979979848681623, ""p01"": -0.058742507698930524, ""p05"": -0.03040438900544018, ""p25"": -0.009192219116012978, ""median"": 0.002292657827192457, ""p75"": 0.012765586739895696, ""p95"": 0.030202259290261324, ""p99"": 0.04408511042699814, ""p999"": 0.06753312404849224, ""mad"": 0.010990242804766126, ""skew"": -1.1549873401338644, ""excess_kurtosis"": 7.6307952961861325, ""tail_ratio_p99_mad"": 3.802686923502873, ""share_beyond_5mad"": 0.013327013689463853}",,laneA_ps1_metrics.v1
yh.axjo.logret_5d,volatility,MEASURED,"{""std_first_diff"": 0.0026439930750962602, ""rolling168_std_median"": 0.009776801417735126, ""vol_of_vol_cv"": 0.6169790593112273}",,laneA_ps1_metrics.v1
yh.axjo.logret_5d,acf,MEASURED,"{""lag_1"": 0.9914086361716947, ""lag_6"": 0.9484511291914677, ""lag_24"": 0.7946391638105537, ""lag_120"": 0.07945604101715921, ""lag_168"": 0.0892731517616453, ""lag_unit"": ""rows of the decision grid (1 row = 1 market hour; weekend gaps not filled)""}",,laneA_ps1_metrics.v1
yh.axjo.logret_5d,trend,MEASURED,"{""ols_slope_per_year"": -9.001490394026773e-05, ""slope_in_std_per_year"": -0.004462745839210506, ""ols_r"": -0.010542293740512089, ""kendall_tau_3000"": 0.0013418011748340835, ""kendall_p_3000"": 0.9122711783112689, ""caveat"": ""OLS p-value omitted: serial correlation makes it invalid""}",,laneA_ps1_metrics.v1
yh.axjo.logret_5d,adf,MEASURED,"{""stat"": -9.755004732328384, ""pvalue"": 7.832048188531201e-17, ""lags"": 24, ""nobs"": 19975, ""crit_5pct"": -2.8616847064863733, ""H0"": ""unit root"", ""regression"": ""c"", ""sample"": ""last 20000 finite TRAIN values (gaps compressed)""}",,laneA_ps1_metrics.v1
yh.axjo.logret_5d,kpss,MEASURED,"{""stat"": 0.1623724575934038, ""pvalue"": 0.1, ""lags"": 86, ""H0"": ""level stationary"", ""pvalue_truncated_to_table"": true, ""sample"": ""last 20000 finite TRAIN values (gaps compressed)""}",,laneA_ps1_metrics.v1
yh.axjo.logret_5d,seasonality,MEASURED,"{""eta2_hour_of_day"": 2.406626489856722e-06, ""eta2_day_of_week"": 2.5407312860463636e-05, ""eta2_month"": 0.03680256659928571}",,laneA_ps1_metrics.v1
yh.axjo.logret_5d,spectrum,MEASURED,"{""top_periods_rows"": [1024.0, 2048.0, 682.6666666666666], ""top_power_share"": [0.15549787456784608, 0.13061292793050785, 0.12087830537156553], ""spectral_entropy_norm"": 0.4309272275268544, ""zero_filled_fraction"": 0.0, ""method"": ""Welch nperseg<=2048 on demeaned rows""}",,laneA_ps1_metrics.v1
yh.axjo.logret_5d,cost,MEASURED,"{""build_s"": 0.014329546249952892, ""profile_s"": 0.03282685500016669, ""bytes_float64"": 573872}",,laneA_ps1_metrics.v1
yh.bsesn.logret_1d,missingness,MEASURED,"{""n_rows"": 71734, ""n_finite"": 71734, ""missing_fraction"": 0.0}",,laneA_ps1_metrics.v1
yh.bsesn.logret_1d,constant,MEASURED,"{""n_unique"": 2864, ""is_constant"": false, ""top_value_share"": 0.0013382775253018096}",,laneA_ps1_metrics.v1
yh.bsesn.logret_1d,scale_tails,MEASURED,"{""mean"": 0.0005662985342490699, ""std"": 0.010516428307763125, ""min"": -0.1410174004424487, ""max"": 0.08594744828432255, ""p001"": -0.06121980332793875, ""p01"": -0.02669304414737539, ""p05"": -0.014908446581248569, ""p25"": -0.0043900508464655985, ""median"": 0.0007551801057026353, ""p75"": 0.0061622141947643705, ""p95"": 0.015658400272522854, ""p99"": 0.02552208589312599, ""p999"": 0.055946314940381825, ""mad"": 0.0052454047025687345, ""skew"": -1.139205414873328, ""excess_kurtosis"": 18.07903225472518, ""tail_ratio_p99_mad"": 4.7216386898221065, ""share_beyond_5mad"": 0.02007416287952714}",,laneA_ps1_metrics.v1
yh.bsesn.logret_1d,volatility,MEASURED,"{""std_first_diff"": 0.0029551012582088973, ""rolling168_std_median"": 0.007046813005713102, ""vol_of_vol_cv"": 0.6620531851106808}",,laneA_ps1_metrics.v1
yh.bsesn.logret_1d,acf,MEASURED,"{""lag_1"": 0.9605201452564754, ""lag_6"": 0.763123075539968, ""lag_24"": 0.06753684751827964, ""lag_120"": 0.06620104246207324, ""lag_168"": 0.03468300787061278, ""lag_unit"": ""rows of the decision grid (1 row = 1 market hour; weekend gaps not filled)""}",,laneA_ps1_metrics.v1
yh.bsesn.logret_1d,trend,MEASURED,"{""ols_slope_per_year"": 5.854408643444651e-06, ""slope_in_std_per_year"": 0.0005566917276584279, ""ols_r"": 0.0013150665369118443, ""kendall_tau_3000"": 0.007329518559643388, ""kendall_p_3000"": 0.5472972750245945, ""caveat"": ""OLS p-value omitted: serial correlation makes it invalid""}",,laneA_ps1_metrics.v1
yh.bsesn.logret_1d,adf,MEASURED,"{""stat"": -18.58441529286741, ""pvalue"": 2.0763967845048498e-30, ""lags"": 24, ""nobs"": 19975, ""crit_5pct"": -2.8616847064863733, ""H0"": ""unit root"", ""regression"": ""c"", ""sample"": ""last 20000 finite TRAIN values (gaps compressed)""}",,laneA_ps1_metrics.v1
yh.bsesn.logret_1d,kpss,MEASURED,"{""stat"": 0.15286656197536422, ""pvalue"": 0.1, ""lags"": 83, ""H0"": ""level stationary"", ""pvalue_truncated_to_table"": true, ""sample"": ""last 20000 finite TRAIN values (gaps compressed)""}",,laneA_ps1_metrics.v1
yh.bsesn.logret_1d,seasonality,MEASURED,"{""eta2_hour_of_day"": 1.659602909737088e-05, ""eta2_day_of_week"": 0.0016095054772658419, ""eta2_month"": 0.003041868954282444}",,laneA_ps1_metrics.v1
yh.bsesn.logret_1d,spectrum,MEASURED,"{""top_periods_rows"": [204.8, 102.4, 97.52380952380952], ""top_power_share"": [0.03172577854342343, 0.029198368010976875, 0.02802019254613658], ""spectral_entropy_norm"": 0.6495252022003787, ""zero_filled_fraction"": 0.0, ""method"": ""Welch nperseg<=2048 on demeaned rows""}",,laneA_ps1_metrics.v1
yh.bsesn.logret_1d,cost,MEASURED,"{""build_s"": 0.014329546249952892, ""profile_s"": 0.03264427300018724, ""bytes_float64"": 573872}",,laneA_ps1_metrics.v1
yh.bsesn.logret_5d,missingness,MEASURED,"{""n_rows"": 71734, ""n_finite"": 71734, ""missing_fraction"": 0.0}",,laneA_ps1_metrics.v1
yh.bsesn.logret_5d,constant,MEASURED,"{""n_unique"": 2864, ""is_constant"": false, ""top_value_share"": 0.0013382775253018096}",,laneA_ps1_metrics.v1
yh.bsesn.logret_5d,scale_tails,MEASURED,"{""mean"": 0.0026546805198480305, ""std"": 0.02342021978756825, ""min"": -0.2122918004546488, ""max"": 0.09991196989694728, ""p001"": -0.1642423832850006, ""p01"": -0.056550250146246483, ""p05"": -0.033633253235057836, ""p25"": -0.009709886826204439, ""median"": 0.0040233693506905865, ""p75"": 0.01661189822231357, ""p95"": 0.036427407939118694, ""p99"": 0.056983670626040706, ""p999"": 0.0933511904164869, ""mad"": 0.01303049582982041, ""skew"": -1.043749670452995, ""excess_kurtosis"": 8.19051661498897, ""tail_ratio_p99_mad"": 4.064335077269276, ""share_beyond_5mad"": 0.01406585440655756}",,laneA_ps1_metrics.v1
yh.bsesn.logret_5d,volatility,MEASURED,"{""std_first_diff"": 0.0028361014601983683, ""rolling168_std_median"": 0.011391252506658386, ""vol_of_vol_cv"": 0.611290138525525}",,laneA_ps1_metrics.v1
yh.bsesn.logret_5d,acf,MEASURED,"{""lag_1"": 0.9926678844521288, ""lag_6"": 0.9560288565703285, ""lag_24"": 0.8245818604953256, ""lag_120"": 0.08139968401864063, ""lag_168"": 0.021070949451217087, ""lag_unit"": ""rows of the decision grid (1 row = 1 market hour; weekend gaps not filled)""}",,laneA_ps1_metrics.v1
yh.bsesn.logret_5d,trend,MEASURED,"{""ols_slope_per_year"": -1.7135031333222456e-05, ""slope_in_std_per_year"": -0.0007316340960351682, ""ols_r"": -0.0017283309040833222, ""kendall_tau_3000"": 0.004900647133764171, ""kendall_p_3000"": 0.6874012362138613, ""caveat"": ""OLS p-value omitted: serial correlation makes it invalid""}",,laneA_ps1_metrics.v1
yh.bsesn.logret_5d,adf,MEASURED,"{""stat"": -9.693073846803614, ""pvalue"": 1.1229433165294328e-16, ""lags"": 24, ""nobs"": 19975, ""crit_5pct"": -2.8616847064863733, ""H0"": ""unit root"", ""regression"": ""c"", ""sample"": ""last 20000 finite TRAIN values (gaps compressed)""}",,laneA_ps1_metrics.v1
yh.bsesn.logret_5d,kpss,MEASURED,"{""stat"": 0.2982064064160733, ""pvalue"": 0.1, ""lags"": 86, ""H0"": ""level stationary"", ""pvalue_truncated_to_table"": true, ""sample"": ""last 20000 finite TRAIN values (gaps compressed)""}",,laneA_ps1_metrics.v1
yh.bsesn.logret_5d,seasonality,MEASURED,"{""eta2_hour_of_day"": 1.6313453112730014e-06, ""eta2_day_of_week"": 7.906194575169633e-05, ""eta2_month"": 0.0172049768342057}",,laneA_ps1_metrics.v1
yh.bsesn.logret_5d,spectrum,MEASURED,"{""top_periods_rows"": [1024.0, 2048.0, 682.6666666666666], ""top_power_share"": [0.14343681631896862, 0.1282173999449265, 0.11696051812486347], ""spectral_entropy_norm"": 0.41898421926261564, ""zero_filled_fraction"": 0.0, ""method"": ""Welch nperseg<=2048 on demeaned rows""}",,laneA_ps1_metrics.v1
yh.bsesn.logret_5d,cost,MEASURED,"{""build_s"": 0.014329546249952892, ""profile_s"": 0.03265884999927948, ""bytes_float64"": 573872}",,laneA_ps1_metrics.v1
yh.bvsp.logret_1d,missingness,MEASURED,"{""n_rows"": 71734, ""n_finite"": 71734, ""missing_fraction"": 0.0}",,laneA_ps1_metrics.v1
yh.bvsp.logret_1d,constant,MEASURED,"{""n_unique"": 2889, ""is_constant"": false, ""top_value_share"": 0.0010176485348649177}",,laneA_ps1_metrics.v1
yh.bvsp.logret_1d,scale_tails,MEASURED,"{""mean"": 0.0003231807779629801, ""std"": 0.015449329607940517, ""min"": -0.15993026567604396, ""max"": 0.13022281024270832, ""p001"": -0.10924413736049843, ""p01"": -0.03619258110793844, ""p05"": -0.02345814449592254, ""p25"": -0.00804126401918559, ""median"": 0.00034157727704631213, ""p75"": 0.00900063462445111, ""p95"": 0.022605122236749153, ""p99"": 0.03677900149513924, ""p999"": 0.07228497461301941, ""mad"": 0.008547878297264333, ""skew"": -0.7417564055560241, ""excess_kurtosis"": 11.946507252126299, ""tail_ratio_p99_mad"": 4.262744853275974, ""share_beyond_5mad"": 0.011723868737279394}",,laneA_ps1_metrics.v1
yh.bvsp.logret_1d,volatility,MEASURED,"{""std_first_diff"": 0.0045785687868304566, ""rolling168_std_median"": 0.011281404441379199, ""vol_of_vol_cv"": 0.578518703066612}",,laneA_ps1_metrics.v1
yh.bvsp.logret_1d,acf,MEASURED,"{""lag_1"": 0.956085878376301, ""lag_6"": 0.7365512572070261, ""lag_24"": -0.03290646273435322, ""lag_120"": 0.03566594696726746, ""lag_168"": 0.06114485568386324, ""lag_unit"": ""rows of the decision grid (1 row = 1 market hour; weekend gaps not filled)""}",,laneA_ps1_metrics.v1
yh.bvsp.logret_1d,trend,MEASURED,"{""ols_slope_per_year"": 5.4803121888777693e-05, ""slope_in_std_per_year"": 0.0035472815506900988, ""ols_r"": 0.008379702863448298, ""kendall_tau_3000"": 0.01408878556177992, ""kendall_p_3000"": 0.24734940185985954, ""caveat"": ""OLS p-value omitted: serial correlation makes it invalid""}",,laneA_ps1_metrics.v1
yh.bvsp.logret_1d,adf,MEASURED,"{""stat"": -19.757889914278778, ""pvalue"": 0.0, ""lags"": 24, ""nobs"": 19975, ""crit_5pct"": -2.8616847064863733, ""H0"": ""unit root"", ""regression"": ""c"", ""sample"": ""last 20000 finite TRAIN values (gaps compressed)""}",,laneA_ps1_metrics.v1
yh.bvsp.logret_1d,kpss,MEASURED,"{""stat"": 0.11571964844401676, ""pvalue"": 0.1, ""lags"": 82, ""H0"": ""level stationary"", ""pvalue_truncated_to_table"": true, ""sample"": ""last 20000 finite TRAIN values (gaps compressed)""}",,laneA_ps1_metrics.v1
yh.bvsp.logret_1d,seasonality,MEASURED,"{""eta2_hour_of_day"": 1.5709966594822558e-06, ""eta2_day_of_week"": 0.0013209607424886096, ""eta2_month"": 0.0023886504915048117}",,laneA_ps1_metrics.v1
yh.bvsp.logret_1d,spectrum,MEASURED,"{""top_periods_rows"": [204.8, 186.1818181818182, 227.55555555555554], ""top_power_share"": [0.02667772731499507, 0.02573041944233727, 0.025317005110311142], ""spectral_entropy_norm"": 0.6636490749222039, ""zero_filled_fraction"": 0.0, ""method"": ""Welch nperseg<=2048 on demeaned rows""}",,laneA_ps1_metrics.v1
yh.bvsp.logret_1d,cost,MEASURED,"{""build_s"": 0.014329546249952892, ""profile_s"": 0.03250025199940865, ""bytes_float64"": 573872}",,laneA_ps1_metrics.v1
yh.bvsp.logret_5d,missingness,MEASURED,"{""n_rows"": 71734, ""n_finite"": 71734, ""missing_fraction"": 0.0}",,laneA_ps1_metrics.v1
yh.bvsp.logret_5d,constant,MEASURED,"{""n_unique"": 2889, ""is_constant"": false, ""top_value_share"": 0.0010176485348649177}",,laneA_ps1_metrics.v1
yh.bvsp.logret_5d,scale_tails,MEASURED,"{""mean"": 0.001304581822551653, ""std"": 0.03280579061582082, ""min"": -0.3425237873001663, ""max"": 0.1656216052668924, ""p001"": -0.21419194310821865, ""p01"": -0.07490745298976798, ""p05"": -0.04829470446476414, ""p25"": -0.018220793261411572, ""median"": 0.002282100521997066, ""p75"": 0.021960816718376464, ""p95"": 0.04915090275292755, ""p99"": 0.07728468969631308, ""p999"": 0.14043024020084438, ""mad"": 0.020141471051005055, ""skew"": -0.8967907280828614, ""excess_kurtosis"": 8.006759863826819, ""tail_ratio_p99_mad"": 3.7237890412464885, ""share_beyond_5mad"": 0.007667214988708283}",,laneA_ps1_metrics.v1
yh.bvsp.logret_5d,volatility,MEASURED,"{""std_first_diff"": 0.0042877968042799395, ""rolling168_std_median"": 0.016052968713872167, ""vol_of_vol_cv"": 0.6046919206873164}",,laneA_ps1_metrics.v1
yh.bvsp.logret_5d,acf,MEASURED,"{""lag_1"": 0.9914585224466202, ""lag_6"": 0.9487506974197241, ""lag_24"": 0.7970762004468239, ""lag_120"": 0.05933695534828305, ""lag_168"": 0.056849005783120195, ""lag_unit"": ""rows of the decision grid (1 row = 1 market hour; weekend gaps not filled)""}",,laneA_ps1_metrics.v1
yh.bvsp.logret_5d,trend,MEASURED,"{""ols_slope_per_year"": 0.0004042078444895947, ""slope_in_std_per_year"": 0.012321234663207985, ""ols_r"": 0.029106312513709563, ""kendall_tau_3000"": 0.026756843911395562, ""kendall_p_3000"": 0.028022668695558525, ""caveat"": ""OLS p-value omitted: serial correlation makes it invalid""}",,laneA_ps1_metrics.v1
yh.bvsp.logret_5d,adf,MEASURED,"{""stat"": -10.232137390367999, ""pvalue"": 4.9966657784432365e-18, ""lags"": 24, ""nobs"": 19975, ""crit_5pct"": -2.8616847064863733, ""H0"": ""unit root"", ""regression"": ""c"", ""sample"": ""last 20000 finite TRAIN values (gaps compressed)""}",,laneA_ps1_metrics.v1
yh.bvsp.logret_5d,kpss,MEASURED,"{""stat"": 0.17487447072145598, ""pvalue"": 0.1, ""lags"": 86, ""H0"": ""level stationary"", ""pvalue_truncated_to_table"": true, ""sample"": ""last 20000 finite TRAIN values (gaps compressed)""}",,laneA_ps1_metrics.v1
yh.bvsp.logret_5d,seasonality,MEASURED,"{""eta2_hour_of_day"": 4.188385169683124e-06, ""eta2_day_of_week"": 9.261276761717626e-05, ""eta2_month"": 0.015594063147539545}",,laneA_ps1_metrics.v1
yh.bvsp.logret_5d,spectrum,MEASURED,"{""top_periods_rows"": [2048.0, 1024.0, 682.6666666666666], ""top_power_share"": [0.12607156404980005, 0.12212290529220265, 0.11321091676864234], ""spectral_entropy_norm"": 0.43855251242850407, ""zero_filled_fraction"": 0.0, ""method"": ""Welch nperseg<=2048 on demeaned rows""}",,laneA_ps1_metrics.v1
yh.bvsp.logret_5d,cost,MEASURED,"{""build_s"": 0.014329546249952892, ""profile_s"": 0.03255930300019827, ""bytes_float64"": 573872}",,laneA_ps1_metrics.v1
yh.fchi.logret_1d,missingness,MEASURED,"{""n_rows"": 71734, ""n_finite"": 71734, ""missing_fraction"": 0.0}",,laneA_ps1_metrics.v1
yh.fchi.logret_1d,constant,MEASURED,"{""n_unique"": 2984, ""is_constant"": false, ""top_value_share"": 0.0010037081439763572}",,laneA_ps1_metrics.v1
yh.fchi.logret_1d,scale_tails,MEASURED,"{""mean"": 0.00026511764763643714, ""std"": 0.011894053967522557, ""min"": -0.130983491187445, ""max"": 0.08056082139722953, ""p001"": -0.06119155618742056, ""p01"": -0.03437480554410577, ""p05"": -0.01833898265432765, ""p25"": -0.0051649582352251144, ""median"": 0.0007059106456228648, ""p75"": 0.006204456796352176, ""p95"": 0.017900873510470205, ""p99"": 0.03091819575723065, ""p999"": 0.05525370594815007, ""mad"": 0.005716786362985005, ""skew"": -0.6675563202368662, ""excess_kurtosis"": 9.340299517114781, ""tail_ratio_p99_mad"": 5.2848371783185755, ""share_beyond_5mad"": 0.03136587949926116}",,laneA_ps1_metrics.v1
yh.fchi.logret_1d,volatility,MEASURED,"{""std_first_diff"": 0.0034699782579216587, ""rolling168_std_median"": 0.008319754972206996, ""vol_of_vol_cv"": 0.6042377912368317}",,laneA_ps1_metrics.v1
yh.fchi.logret_1d,acf,MEASURED,"{""lag_1"": 0.9574436642849591, ""lag_6"": 0.7446433320200888, ""lag_24"": 0.005075030869625812, ""lag_120"": -0.020728873658465437, ""lag_168"": 0.04223316600021873, ""lag_unit"": ""rows of the decision grid (1 row = 1 market hour; weekend gaps not filled)""}",,laneA_ps1_metrics.v1
yh.fchi.logret_1d,trend,MEASURED,"{""ols_slope_per_year"": 3.6409595708858423e-06, ""slope_in_std_per_year"": 0.00030611594506193646, ""ols_r"": 0.0007231342155188263, ""kendall_tau_3000"": 0.005232472451411271, ""kendall_p_3000"": 0.66746059746032, ""caveat"": ""OLS p-value omitted: serial correlation makes it invalid""}",,laneA_ps1_metrics.v1
yh.fchi.logret_1d,adf,MEASURED,"{""stat"": -19.660514685000688, ""pvalue"": 0.0, ""lags"": 24, ""nobs"": 19975, ""crit_5pct"": -2.8616847064863733, ""H0"": ""unit root"", ""regression"": ""c"", ""sample"": ""last 20000 finite TRAIN values (gaps compressed)""}",,laneA_ps1_metrics.v1
yh.fchi.logret_1d,kpss,MEASURED,"{""stat"": 0.09661911624582101, ""pvalue"": 0.1, ""lags"": 82, ""H0"": ""level stationary"", ""pvalue_truncated_to_table"": true, ""sample"": ""last 20000 finite TRAIN values (gaps compressed)""}",,laneA_ps1_metrics.v1
yh.fchi.logret_1d,seasonality,MEASURED,"{""eta2_hour_of_day"": 2.919729301976699e-06, ""eta2_day_of_week"": 0.001731470321289934, ""eta2_month"": 0.004795252615337481}",,laneA_ps1_metrics.v1
yh.fchi.logret_1d,spectrum,MEASURED,"{""top_periods_rows"": [204.8, 186.1818181818182, 170.66666666666666], ""top_power_share"": [0.028352100566058424, 0.026143318721378424, 0.025825814456927387], ""spectral_entropy_norm"": 0.6604467390881715, ""zero_filled_fraction"": 0.0, ""method"": ""Welch nperseg<=2048 on demeaned rows""}",,laneA_ps1_metrics.v1
yh.fchi.logret_1d,cost,MEASURED,"{""build_s"": 0.014329546249952892, ""profile_s"": 0.03254616899994289, ""bytes_float64"": 573872}",,laneA_ps1_metrics.v1
yh.fchi.logret_5d,missingness,MEASURED,"{""n_rows"": 71734, ""n_finite"": 71734, ""missing_fraction"": 0.0}",,laneA_ps1_metrics.v1
yh.fchi.logret_5d,constant,MEASURED,"{""n_unique"": 2984, ""is_constant"": false, ""top_value_share"": 0.0010037081439763572}",,laneA_ps1_metrics.v1
yh.fchi.logret_5d,scale_tails,MEASURED,"{""mean"": 0.001540551818058798, ""std"": 0.02663217284338082, ""min"": -0.28187060183783075, ""max"": 0.16587289475707934, ""p001"": -0.19629111725040227, ""p01"": -0.07175581228909463, ""p05"": -0.04071805713429555, ""p25"": -0.010471852487974331, ""median"": 0.0037872570341015432, ""p75"": 0.015542815605343208, ""p95"": 0.03825436510429192, ""p99"": 0.06553590218739735, ""p999"": 0.12012184313105045, ""mad"": 0.012854177808813816, ""skew"": -1.1159956612100475, ""excess_kurtosis"": 10.835428662640927, ""tail_ratio_p99_mad"": 4.80378022396393, ""share_beyond_5mad"": 0.025246047899183093}",,laneA_ps1_metrics.v1
yh.fchi.logret_5d,volatility,MEASURED,"{""std_first_diff"": 0.003469193327843618, ""rolling168_std_median"": 0.012449482599280751, ""vol_of_vol_cv"": 0.711100695639885}",,laneA_ps1_metrics.v1
yh.fchi.logret_5d,acf,MEASURED,"{""lag_1"": 0.9915157571205956, ""lag_6"": 0.9490895435142094, ""lag_24"": 0.79694194477237, ""lag_120"": -0.010423793515200615, ""lag_168"": -0.01309042614804636, ""lag_unit"": ""rows of the decision grid (1 row = 1 market hour; weekend gaps not filled)""}",,laneA_ps1_metrics.v1
yh.fchi.logret_5d,trend,MEASURED,"{""ols_slope_per_year"": -7.398101711927184e-05, ""slope_in_std_per_year"": -0.002777881382579685, ""ols_r"": -0.006562157596820628, ""kendall_tau_3000"": 0.006884598174025282, ""kendall_p_3000"": 0.5718758235703092, ""caveat"": ""OLS p-value omitted: serial correlation makes it invalid""}",,laneA_ps1_metrics.v1
yh.fchi.logret_5d,adf,MEASURED,"{""stat"": -9.500602708624102, ""pvalue"": 3.453458859278324e-16, ""lags"": 24, ""nobs"": 19975, ""crit_5pct"": -2.8616847064863733, ""H0"": ""unit root"", ""regression"": ""c"", ""sample"": ""last 20000 finite TRAIN values (gaps compressed)""}",,laneA_ps1_metrics.v1
yh.fchi.logret_5d,kpss,MEASURED,"{""stat"": 0.182463001628082, ""pvalue"": 0.1, ""lags"": 86, ""H0"": ""level stationary"", ""pvalue_truncated_to_table"": true, ""sample"": ""last 20000 finite TRAIN values (gaps compressed)""}",,laneA_ps1_metrics.v1
yh.fchi.logret_5d,seasonality,MEASURED,"{""eta2_hour_of_day"": 6.677524154070989e-07, ""eta2_day_of_week"": 7.917641072828143e-06, ""eta2_month"": 0.020580568426658563}",,laneA_ps1_metrics.v1
yh.fchi.logret_5d,spectrum,MEASURED,"{""top_periods_rows"": [1024.0, 682.6666666666666, 512.0], ""top_power_share"": [0.12301324124243426, 0.11724798376381071, 0.10578599526292781], ""spectral_entropy_norm"": 0.4302391125764, ""zero_filled_fraction"": 0.0, ""method"": ""Welch nperseg<=2048 on demeaned rows""}",,laneA_ps1_metrics.v1
yh.fchi.logret_5d,cost,MEASURED,"{""build_s"": 0.014329546249952892, ""profile_s"": 0.032697231999918586, ""bytes_float64"": 573872}",,laneA_ps1_metrics.v1
yh.ftse.logret_1d,missingness,MEASURED,"{""n_rows"": 71734, ""n_finite"": 71734, ""missing_fraction"": 0.0}",,laneA_ps1_metrics.v1
yh.ftse.logret_1d,constant,MEASURED,"{""n_unique"": 2941, ""is_constant"": false, ""top_value_share"": 0.0020352970697298353}",,laneA_ps1_metrics.v1
yh.ftse.logret_1d,scale_tails,MEASURED,"{""mean"": 0.00012869240245727618, ""std"": 0.009703633840930058, ""min"": -0.11511706134251476, ""max"": 0.0866642461784135, ""p001"": -0.04779760587289417, ""p01"": -0.02873821747578198, ""p05"": -0.015045121720769217, ""p25"": -0.0044449548815421736, ""median"": 0.0005866544832677789, ""p75"": 0.004938903153011154, ""p95"": 0.014324241000322147, ""p99"": 0.025301793303928122, ""p999"": 0.04240636901595716, ""mad"": 0.004761097187200747, ""skew"": -0.734043134726124, ""excess_kurtosis"": 11.598155997432379, ""tail_ratio_p99_mad"": 5.191059507691216, ""share_beyond_5mad"": 0.03059915800039033}",,laneA_ps1_metrics.v1
yh.ftse.logret_1d,volatility,MEASURED,"{""std_first_diff"": 0.0028223758284066816, ""rolling168_std_median"": 0.006548835827982474, ""vol_of_vol_cv"": 0.6305971603538862}",,laneA_ps1_metrics.v1
yh.ftse.logret_1d,acf,MEASURED,"{""lag_1"": 0.9577013605744041, ""lag_6"": 0.7462173049236506, ""lag_24"": 0.010801526370538267, ""lag_120"": 0.009450749469467837, ""lag_168"": 0.05942711220060782, ""lag_unit"": ""rows of the decision grid (1 row = 1 market hour; weekend gaps not filled)""}",,laneA_ps1_metrics.v1
yh.ftse.logret_1d,trend,MEASURED,"{""ols_slope_per_year"": 7.927315155680231e-06, ""slope_in_std_per_year"": 0.0008169429396895325, ""ols_r"": 0.00192985501521819, ""kendall_tau_3000"": 0.006073467820853921, ""kendall_p_3000"": 0.6180003536080467, ""caveat"": ""OLS p-value omitted: serial correlation makes it invalid""}",,laneA_ps1_metrics.v1
yh.ftse.logret_1d,adf,MEASURED,"{""stat"": -20.05817087323399, ""pvalue"": 0.0, ""lags"": 24, ""nobs"": 19975, ""crit_5pct"": -2.8616847064863733, ""H0"": ""unit root"", ""regression"": ""c"", ""sample"": ""last 20000 finite TRAIN values (gaps compressed)""}",,laneA_ps1_metrics.v1
yh.ftse.logret_1d,kpss,MEASURED,"{""stat"": 0.05379614581021964, ""pvalue"": 0.1, ""lags"": 82, ""H0"": ""level stationary"", ""pvalue_truncated_to_table"": true, ""sample"": ""last 20000 finite TRAIN values (gaps compressed)""}",,laneA_ps1_metrics.v1
yh.ftse.logret_1d,seasonality,MEASURED,"{""eta2_hour_of_day"": 3.126689929655864e-05, ""eta2_day_of_week"": 0.004038236098176774, ""eta2_month"": 0.0047238204232835255}",,laneA_ps1_metrics.v1
yh.ftse.logret_1d,spectrum,MEASURED,"{""top_periods_rows"": [227.55555555555554, 204.8, 1024.0], ""top_power_share"": [0.02794637156503021, 0.02536418731751207, 0.02466745293703925], ""spectral_entropy_norm"": 0.6590440667636016, ""zero_filled_fraction"": 0.0, ""method"": ""Welch nperseg<=2048 on demeaned rows""}",,laneA_ps1_metrics.v1
yh.ftse.logret_1d,cost,MEASURED,"{""build_s"": 0.014329546249952892, ""profile_s"": 0.032135828999344085, ""bytes_float64"": 573872}",,laneA_ps1_metrics.v1
yh.ftse.logret_5d,missingness,MEASURED,"{""n_rows"": 71734, ""n_finite"": 71734, ""missing_fraction"": 0.0}",,laneA_ps1_metrics.v1
yh.ftse.logret_5d,constant,MEASURED,"{""n_unique"": 2945, ""is_constant"": false, ""top_value_share"": 0.0010315889257534782}",,laneA_ps1_metrics.v1
yh.ftse.logret_5d,scale_tails,MEASURED,"{""mean"": 0.0006355722526933563, ""std"": 0.021259014716029572, ""min"": -0.24706887211456596, ""max"": 0.12125382564843257, ""p001"": -0.14721195139177512, ""p01"": -0.05777957602816031, ""p05"": -0.03244939668241997, ""p25"": -0.009468494677728145, ""median"": 0.0023102230499443266, ""p75"": 0.012180418223797673, ""p95"": 0.029673286385614617, ""p99"": 0.05242738810731851, ""p999"": 0.0897970285523293, ""mad"": 0.010658408937747055, ""skew"": -1.2615336026770336, ""excess_kurtosis"": 12.299485897704985, ""tail_ratio_p99_mad"": 4.7021244305876495, ""share_beyond_5mad"": 0.022806479493685004}",,laneA_ps1_metrics.v1
yh.ftse.logret_5d,volatility,MEASURED,"{""std_first_diff"": 0.0027785532464603547, ""rolling168_std_median"": 0.009800596041969773, ""vol_of_vol_cv"": 0.6992433867195892}",,laneA_ps1_metrics.v1
yh.ftse.logret_5d,acf,MEASURED,"{""lag_1"": 0.9914588406429248, ""lag_6"": 0.9487528914972633, ""lag_24"": 0.7959062390973342, ""lag_120"": -0.004270376236336195, ""lag_168"": -0.006985215954653366, ""lag_unit"": ""rows of the decision grid (1 row = 1 market hour; weekend gaps not filled)""}",,laneA_ps1_metrics.v1
yh.ftse.logret_5d,trend,MEASURED,"{""ols_slope_per_year"": -2.8973715142599428e-05, ""slope_in_std_per_year"": -0.001362890779728981, ""ols_r"": -0.003219541388599511, ""kendall_tau_3000"": 0.007863862590333283, ""kendall_p_3000"": 0.5184769730544965, ""caveat"": ""OLS p-value omitted: serial correlation makes it invalid""}",,laneA_ps1_metrics.v1
yh.ftse.logret_5d,adf,MEASURED,"{""stat"": -9.746187645250455, ""pvalue"": 8.243988169839964e-17, ""lags"": 24, ""nobs"": 19975, ""crit_5pct"": -2.8616847064863733, ""H0"": ""unit root"", ""regression"": ""c"", ""sample"": ""last 20000 finite TRAIN values (gaps compressed)""}",,laneA_ps1_metrics.v1
yh.ftse.logret_5d,kpss,MEASURED,"{""stat"": 0.11081015705621695, ""pvalue"": 0.1, ""lags"": 86, ""H0"": ""level stationary"", ""pvalue_truncated_to_table"": true, ""sample"": ""last 20000 finite TRAIN values (gaps compressed)""}",,laneA_ps1_metrics.v1
yh.ftse.logret_5d,seasonality,MEASURED,"{""eta2_hour_of_day"": 2.0574974395873775e-06, ""eta2_day_of_week"": 9.365055102983616e-06, ""eta2_month"": 0.02371832646073176}",,laneA_ps1_metrics.v1
yh.ftse.logret_5d,spectrum,MEASURED,"{""top_periods_rows"": [1024.0, 512.0, 682.6666666666666], ""top_power_share"": [0.12727886617532957, 0.1157224095669718, 0.10722517284132842], ""spectral_entropy_norm"": 0.43111335984560784, ""zero_filled_fraction"": 0.0, ""method"": ""Welch nperseg<=2048 on demeaned rows""}",,laneA_ps1_metrics.v1
yh.ftse.logret_5d,cost,MEASURED,"{""build_s"": 0.014329546249952892, ""profile_s"": 0.03267181499995786, ""bytes_float64"": 573872}",,laneA_ps1_metrics.v1
yh.gdaxi.logret_1d,missingness,MEASURED,"{""n_rows"": 71734, ""n_finite"": 71734, ""missing_fraction"": 0.0}",,laneA_ps1_metrics.v1
yh.gdaxi.logret_1d,constant,MEASURED,"{""n_unique"": 2956, ""is_constant"": false, ""top_value_share"": 0.0011570524437505229}",,laneA_ps1_metrics.v1
yh.gdaxi.logret_1d,scale_tails,MEASURED,"{""mean"": 0.0003262470435698261, ""std"": 0.012034246451851659, ""min"": -0.13054858701122818, ""max"": 0.10414287423694901, ""p001"": -0.05724997918466812, ""p01"": -0.03477339101937993, ""p05"": -0.01917689250758059, ""p25"": -0.004978395633902011, ""median"": 0.0008241245128886021, ""p75"": 0.006551057661928539, ""p95"": 0.018231893364038854, ""p99"": 0.03067601682223753, ""p999"": 0.055418676609671015, ""mad"": 0.005751262258867129, ""skew"": -0.4909544147936093, ""excess_kurtosis"": 8.960657914499253, ""tail_ratio_p99_mad"": 5.190494010827648, ""share_beyond_5mad"": 0.029107536175314357}",,laneA_ps1_metrics.v1
yh.gdaxi.logret_1d,volatility,MEASURED,"{""std_first_diff"": 0.0034834627893945143, ""rolling168_std_median"": 0.008626195921410488, ""vol_of_vol_cv"": 0.5777545637912757}",,laneA_ps1_metrics.v1
yh.gdaxi.logret_1d,acf,MEASURED,"{""lag_1"": 0.9581062273105376, ""lag_6"": 0.7486345258325429, ""lag_24"": 0.019711517198923792, ""lag_120"": -0.012511414684413176, ""lag_168"": 0.047455806831676994, ""lag_unit"": ""rows of the decision grid (1 row = 1 market hour; weekend gaps not filled)""}",,laneA_ps1_metrics.v1
yh.gdaxi.logret_1d,trend,MEASURED,"{""ols_slope_per_year"": -1.8948349730435918e-05, ""slope_in_std_per_year"": -0.0015745356226704512, ""ols_r"": -0.0037195075940126866, ""kendall_tau_3000"": 4.757215295690039e-05, ""kendall_p_3000"": 0.9968833816165992, ""caveat"": ""OLS p-value omitted: serial correlation makes it invalid""}",,laneA_ps1_metrics.v1
yh.gdaxi.logret_1d,adf,MEASURED,"{""stat"": -19.346289868164337, ""pvalue"": 0.0, ""lags"": 24, ""nobs"": 19975, ""crit_5pct"": -2.8616847064863733, ""H0"": ""unit root"", ""regression"": ""c"", ""sample"": ""last 20000 finite TRAIN values (gaps compressed)""}",,laneA_ps1_metrics.v1
yh.gdaxi.logret_1d,kpss,MEASURED,"{""stat"": 0.07256537463915763, ""pvalue"": 0.1, ""lags"": 82, ""H0"": ""level stationary"", ""pvalue_truncated_to_table"": true, ""sample"": ""last 20000 finite TRAIN values (gaps compressed)""}",,laneA_ps1_metrics.v1
yh.gdaxi.logret_1d,seasonality,MEASURED,"{""eta2_hour_of_day"": 5.565715434632944e-06, ""eta2_day_of_week"": 0.0024356465617905365, ""eta2_month"": 0.004595234298198598}",,laneA_ps1_metrics.v1
yh.gdaxi.logret_1d,spectrum,MEASURED,"{""top_periods_rows"": [1024.0, 204.8, 227.55555555555554], ""top_power_share"": [0.02770467061770699, 0.02757038441639583, 0.026406587179931225], ""spectral_entropy_norm"": 0.6587881750173855, ""zero_filled_fraction"": 0.0, ""method"": ""Welch nperseg<=2048 on demeaned rows""}",,laneA_ps1_metrics.v1
yh.gdaxi.logret_1d,cost,MEASURED,"{""build_s"": 0.014329546249952892, ""profile_s"": 0.0326158090001627, ""bytes_float64"": 573872}",,laneA_ps1_metrics.v1
yh.gdaxi.logret_5d,missingness,MEASURED,"{""n_rows"": 71734, ""n_finite"": 71734, ""missing_fraction"": 0.0}",,laneA_ps1_metrics.v1
yh.gdaxi.logret_5d,constant,MEASURED,"{""n_unique"": 2956, ""is_constant"": false, ""top_value_share"": 0.0011570524437505229}",,laneA_ps1_metrics.v1
yh.gdaxi.logret_5d,scale_tails,MEASURED,"{""mean"": 0.0017244764832058494, ""std"": 0.027274712299807876, ""min"": -0.2653197961098055, ""max"": 0.15674645744080884, ""p001"": -0.1996601913794738, ""p01"": -0.07605211852063931, ""p05"": -0.0428231070311309, ""p25"": -0.011047978442414674, ""median"": 0.003468627354662246, ""p75"": 0.016545650093634734, ""p95"": 0.04015446716245563, ""p99"": 0.06439220229314735, ""p999"": 0.11592144584764341, ""mad"": 0.013924519475667196, ""skew"": -1.0554045597648318, ""excess_kurtosis"": 8.917965029463563, ""tail_ratio_p99_mad"": 4.375273060226442, ""share_beyond_5mad"": 0.02134273845038615}",,laneA_ps1_metrics.v1
yh.gdaxi.logret_5d,volatility,MEASURED,"{""std_first_diff"": 0.0034689773386644696, ""rolling168_std_median"": 0.012679430476694257, ""vol_of_vol_cv"": 0.674088859928035}",,laneA_ps1_metrics.v1
yh.gdaxi.logret_5d,acf,MEASURED,"{""lag_1"": 0.9919118102036719, ""lag_6"": 0.9514661989529205, ""lag_24"": 0.8061982174301626, ""lag_120"": 0.020244278256553318, ""lag_168"": 0.008133291079186361, ""lag_unit"": ""rows of the decision grid (1 row = 1 market hour; weekend gaps not filled)""}",,laneA_ps1_metrics.v1
yh.gdaxi.logret_5d,trend,MEASURED,"{""ols_slope_per_year"": -0.00019841123289984842, ""slope_in_std_per_year"": -0.0072745490665082485, ""ols_r"": -0.017184584525312137, ""kendall_tau_3000"": -0.01097627394579399, ""kendall_p_3000"": 0.3674537303640196, ""caveat"": ""OLS p-value omitted: serial correlation makes it invalid""}",,laneA_ps1_metrics.v1
yh.gdaxi.logret_5d,adf,MEASURED,"{""stat"": -9.533237939099896, ""pvalue"": 2.853465142305211e-16, ""lags"": 24, ""nobs"": 19975, ""crit_5pct"": -2.8616847064863733, ""H0"": ""unit root"", ""regression"": ""c"", ""sample"": ""last 20000 finite TRAIN values (gaps compressed)""}",,laneA_ps1_metrics.v1
yh.gdaxi.logret_5d,kpss,MEASURED,"{""stat"": 0.14121181646035444, ""pvalue"": 0.1, ""lags"": 86, ""H0"": ""level stationary"", ""pvalue_truncated_to_table"": true, ""sample"": ""last 20000 finite TRAIN values (gaps compressed)""}",,laneA_ps1_metrics.v1
yh.gdaxi.logret_5d,seasonality,MEASURED,"{""eta2_hour_of_day"": 8.401240693674747e-07, ""eta2_day_of_week"": 4.1026383039320704e-05, ""eta2_month"": 0.020521601158082218}",,laneA_ps1_metrics.v1
yh.gdaxi.logret_5d,spectrum,MEASURED,"{""top_periods_rows"": [1024.0, 682.6666666666666, 2048.0], ""top_power_share"": [0.13390491062723836, 0.11744181793550187, 0.11188999243432977], ""spectral_entropy_norm"": 0.42630146563147464, ""zero_filled_fraction"": 0.0, ""method"": ""Welch nperseg<=2048 on demeaned rows""}",,laneA_ps1_metrics.v1
yh.gdaxi.logret_5d,cost,MEASURED,"{""build_s"": 0.014329546249952892, ""profile_s"": 0.032730584999626444, ""bytes_float64"": 573872}",,laneA_ps1_metrics.v1
yh.gsptse.logret_1d,missingness,MEASURED,"{""n_rows"": 71734, ""n_finite"": 71734, ""missing_fraction"": 0.0}",,laneA_ps1_metrics.v1
yh.gsptse.logret_1d,constant,MEASURED,"{""n_unique"": 2927, ""is_constant"": false, ""top_value_share"": 0.0010176485348649177}",,laneA_ps1_metrics.v1
yh.gsptse.logret_1d,scale_tails,MEASURED,"{""mean"": 0.00023603658393717166, ""std"": 0.009173522569163288, ""min"": -0.13175799858598936, ""max"": 0.11294530860798169, ""p001"": -0.07901971071183311, ""p01"": -0.0233433132868317, ""p05"": -0.012955971262432087, ""p25"": -0.0035877162564101894, ""median"": 0.0007381588647881188, ""p75"": 0.00450658891559641, ""p95"": 0.011994088983604101, ""p99"": 0.020297874964052554, ""p999"": 0.04934100852836032, ""mad"": 0.004031092031178574, ""skew"": -1.3974137413561223, ""excess_kurtosis"": 39.050871241188204, ""tail_ratio_p99_mad"": 4.852212737387131, ""share_beyond_5mad"": 0.02732316614157861}",,laneA_ps1_metrics.v1
yh.gsptse.logret_1d,volatility,MEASURED,"{""std_first_diff"": 0.0027276168468955485, ""rolling168_std_median"": 0.0053249430569437955, ""vol_of_vol_cv"": 0.8679464449821733}",,laneA_ps1_metrics.v1
yh.gsptse.logret_1d,acf,MEASURED,"{""lag_1"": 0.9557961861340423, ""lag_6"": 0.7347695183662845, ""lag_24"": -0.03547984598465307, ""lag_120"": 0.019944721255984576, ""lag_168"": 0.13306568361314405, ""lag_unit"": ""rows of the decision grid (1 row = 1 market hour; weekend gaps not filled)""}",,laneA_ps1_metrics.v1
yh.gsptse.logret_1d,trend,MEASURED,"{""ols_slope_per_year"": 7.132896724552425e-06, ""slope_in_std_per_year"": 0.0007775526435754998, ""ols_r"": 0.0018368037666995527, ""kendall_tau_3000"": 0.004375313027178892, ""kendall_p_3000"": 0.7194060028718958, ""caveat"": ""OLS p-value omitted: serial correlation makes it invalid""}",,laneA_ps1_metrics.v1
yh.gsptse.logret_1d,adf,MEASURED,"{""stat"": -18.040931498954944, ""pvalue"": 2.6578861842474074e-30, ""lags"": 24, ""nobs"": 19975, ""crit_5pct"": -2.8616847064863733, ""H0"": ""unit root"", ""regression"": ""c"", ""sample"": ""last 20000 finite TRAIN values (gaps compressed)""}",,laneA_ps1_metrics.v1
yh.gsptse.logret_1d,kpss,MEASURED,"{""stat"": 0.10381978918796238, ""pvalue"": 0.1, ""lags"": 83, ""H0"": ""level stationary"", ""pvalue_truncated_to_table"": true, ""sample"": ""last 20000 finite TRAIN values (gaps compressed)""}",,laneA_ps1_metrics.v1
yh.gsptse.logret_1d,seasonality,MEASURED,"{""eta2_hour_of_day"": 4.588876641197054e-06, ""eta2_day_of_week"": 0.0012703037724496392, ""eta2_month"": 0.00485011836544681}",,laneA_ps1_metrics.v1
yh.gsptse.logret_1d,spectrum,MEASURED,"{""top_periods_rows"": [55.351351351351354, 56.888888888888886, 1024.0], ""top_power_share"": [0.03105013359384029, 0.029160045020164508, 0.02872552035307822], ""spectral_entropy_norm"": 0.65730570525126, ""zero_filled_fraction"": 0.0, ""method"": ""Welch nperseg<=2048 on demeaned rows""}",,laneA_ps1_metrics.v1
yh.gsptse.logret_1d,cost,MEASURED,"{""build_s"": 0.014329546249952892, ""profile_s"": 0.03211290699982783, ""bytes_float64"": 573872}",,laneA_ps1_metrics.v1
yh.gsptse.logret_5d,missingness,MEASURED,"{""n_rows"": 71734, ""n_finite"": 71734, ""missing_fraction"": 0.0}",,laneA_ps1_metrics.v1
yh.gsptse.logret_5d,constant,MEASURED,"{""n_unique"": 2927, ""is_constant"": false, ""top_value_share"": 0.0010176485348649177}",,laneA_ps1_metrics.v1
yh.gsptse.logret_5d,scale_tails,MEASURED,"{""mean"": 0.0009894934407283556, ""std"": 0.020437984897478147, ""min"": -0.28021935125019226, ""max"": 0.14945133017066503, ""p001"": -0.16483431035970394, ""p01"": -0.05425997109444758, ""p05"": -0.030780955274236632, ""p25"": -0.007578278236691105, ""median"": 0.002387777217009557, ""p75"": 0.01179747274153975, ""p95"": 0.027429688545291597, ""p99"": 0.0457666957723859, ""p999"": 0.08427225312750153, ""mad"": 0.009699367675935378, ""skew"": -2.083436147619824, ""excess_kurtosis"": 22.32970098129827, ""tail_ratio_p99_mad"": 4.47234500275741, ""share_beyond_5mad"": 0.02414475701898681}",,laneA_ps1_metrics.v1
yh.gsptse.logret_5d,volatility,MEASURED,"{""std_first_diff"": 0.00259207434941447, ""rolling168_std_median"": 0.008320748597220923, ""vol_of_vol_cv"": 0.8045697818615654}",,laneA_ps1_metrics.v1
yh.gsptse.logret_5d,acf,MEASURED,"{""lag_1"": 0.9919575758873549, ""lag_6"": 0.9517428873665431, ""lag_24"": 0.809824764116732, ""lag_120"": 0.055588040811960664, ""lag_168"": 0.04381277821445568, ""lag_unit"": ""rows of the decision grid (1 row = 1 market hour; weekend gaps not filled)""}",,laneA_ps1_metrics.v1
yh.gsptse.logret_5d,trend,MEASURED,"{""ols_slope_per_year"": 4.804795168646682e-05, ""slope_in_std_per_year"": 0.002350914335610233, ""ols_r"": 0.005553538197722768, ""kendall_tau_3000"": 0.015384953967330393, ""kendall_p_3000"": 0.2065015534843787, ""caveat"": ""OLS p-value omitted: serial correlation makes it invalid""}",,laneA_ps1_metrics.v1
yh.gsptse.logret_5d,adf,MEASURED,"{""stat"": -10.041121339970422, ""pvalue"": 1.4953669349204554e-17, ""lags"": 24, ""nobs"": 19975, ""crit_5pct"": -2.8616847064863733, ""H0"": ""unit root"", ""regression"": ""c"", ""sample"": ""last 20000 finite TRAIN values (gaps compressed)""}",,laneA_ps1_metrics.v1
yh.gsptse.logret_5d,kpss,MEASURED,"{""stat"": 0.20267515855414825, ""pvalue"": 0.1, ""lags"": 86, ""H0"": ""level stationary"", ""pvalue_truncated_to_table"": true, ""sample"": ""last 20000 finite TRAIN values (gaps compressed)""}",,laneA_ps1_metrics.v1
yh.gsptse.logret_5d,seasonality,MEASURED,"{""eta2_hour_of_day"": 1.871634956458834e-06, ""eta2_day_of_week"": 5.4164243606439706e-05, ""eta2_month"": 0.022588603853835095}",,laneA_ps1_metrics.v1
yh.gsptse.logret_5d,spectrum,MEASURED,"{""top_periods_rows"": [1024.0, 2048.0, 682.6666666666666], ""top_power_share"": [0.15189266146217378, 0.12521571868623443, 0.12098126682087755], ""spectral_entropy_norm"": 0.42151658710996154, ""zero_filled_fraction"": 0.0, ""method"": ""Welch nperseg<=2048 on demeaned rows""}",,laneA_ps1_metrics.v1
yh.gsptse.logret_5d,cost,MEASURED,"{""build_s"": 0.014329546249952892, ""profile_s"": 0.03256496399990283, ""bytes_float64"": 573872}",,laneA_ps1_metrics.v1
yh.hsi.logret_1d,missingness,MEASURED,"{""n_rows"": 71734, ""n_finite"": 71734, ""missing_fraction"": 0.0}",,laneA_ps1_metrics.v1
yh.hsi.logret_1d,constant,MEASURED,"{""n_unique"": 2873, ""is_constant"": false, ""top_value_share"": 0.00135221791619037}",,laneA_ps1_metrics.v1
yh.hsi.logret_1d,scale_tails,MEASURED,"{""mean"": 6.283346524754321e-05, ""std"": 0.012542689796995089, ""min"": -0.06567317995718902, ""max"": 0.08692783264904058, ""p001"": -0.05764647284007646, ""p01"": -0.03259260869211822, ""p05"": -0.020557341130890805, ""p25"": -0.0065184997385578924, ""median"": 0.00044183469724679014, ""p75"": 0.006736036641617815, ""p95"": 0.019554673257353272, ""p99"": 0.03229143972261994, ""p999"": 0.05736762958692765, ""mad"": 0.006646447918610576, ""skew"": 0.03760757711793225, ""excess_kurtosis"": 3.247747753027822, ""tail_ratio_p99_mad"": 4.791973910785001, ""share_beyond_5mad"": 0.01784370033735746}",,laneA_ps1_metrics.v1
yh.hsi.logret_1d,volatility,MEASURED,"{""std_first_diff"": 0.003552841422899032, ""rolling168_std_median"": 0.009573976743380702, ""vol_of_vol_cv"": 0.4974801944543204}",,laneA_ps1_metrics.v1
yh.hsi.logret_1d,acf,MEASURED,"{""lag_1"": 0.9598808697153999, ""lag_6"": 0.7592373285583166, ""lag_24"": 0.0648420595395691, ""lag_120"": -0.03757621162945946, ""lag_168"": 0.00883660168735742, ""lag_unit"": ""rows of the decision grid (1 row = 1 market hour; weekend gaps not filled)""}",,laneA_ps1_metrics.v1
yh.hsi.logret_1d,trend,MEASURED,"{""ols_slope_per_year"": -0.00010338777467736667, ""slope_in_std_per_year"": -0.00824287105483034, ""ols_r"": -0.019472040545459174, ""kendall_tau_3000"": -0.026297715707661044, ""kendall_p_3000"": 0.030830117587397052, ""caveat"": ""OLS p-value omitted: serial correlation makes it invalid""}",,laneA_ps1_metrics.v1
yh.hsi.logret_1d,adf,MEASURED,"{""stat"": -19.029719069696657, ""pvalue"": 0.0, ""lags"": 24, ""nobs"": 19975, ""crit_5pct"": -2.8616847064863733, ""H0"": ""unit root"", ""regression"": ""c"", ""sample"": ""last 20000 finite TRAIN values (gaps compressed)""}",,laneA_ps1_metrics.v1
yh.hsi.logret_1d,kpss,MEASURED,"{""stat"": 0.11995052217472293, ""pvalue"": 0.1, ""lags"": 82, ""H0"": ""level stationary"", ""pvalue_truncated_to_table"": true, ""sample"": ""last 20000 finite TRAIN values (gaps compressed)""}",,laneA_ps1_metrics.v1
yh.hsi.logret_1d,seasonality,MEASURED,"{""eta2_hour_of_day"": 2.403376528547825e-05, ""eta2_day_of_week"": 0.001310359526841048, ""eta2_month"": 0.005360946581686057}",,laneA_ps1_metrics.v1
yh.hsi.logret_1d,spectrum,MEASURED,"{""top_periods_rows"": [227.55555555555554, 97.52380952380952, 157.53846153846155], ""top_power_share"": [0.029905504041057993, 0.02913618542564774, 0.028926576613712406], ""spectral_entropy_norm"": 0.6537251881653118, ""zero_filled_fraction"": 0.0, ""method"": ""Welch nperseg<=2048 on demeaned rows""}",,laneA_ps1_metrics.v1
yh.hsi.logret_1d,cost,MEASURED,"{""build_s"": 0.014329546249952892, ""profile_s"": 0.03261075000045821, ""bytes_float64"": 573872}",,laneA_ps1_metrics.v1
yh.hsi.logret_5d,missingness,MEASURED,"{""n_rows"": 71734, ""n_finite"": 71734, ""missing_fraction"": 0.0}",,laneA_ps1_metrics.v1
yh.hsi.logret_5d,constant,MEASURED,"{""n_unique"": 2873, ""is_constant"": false, ""top_value_share"": 0.00135221791619037}",,laneA_ps1_metrics.v1
yh.hsi.logret_5d,scale_tails,MEASURED,"{""mean"": -0.00023990435473636326, ""std"": 0.02787735545257107, ""min"": -0.12387773971994598, ""max"": 0.1728270887259633, ""p001"": -0.11331779843517431, ""p01"": -0.07403055673670345, ""p05"": -0.04638686254382485, ""p25"": -0.017540790777729853, ""median"": 0.0014485616150672342, ""p75"": 0.017829981392928573, ""p95"": 0.04064973885524026, ""p99"": 0.06447588751748334, ""p999"": 0.11673284959915593, ""mad"": 0.017641077015277062, ""skew"": -0.14700168282167947, ""excess_kurtosis"": 1.5530363149128332, ""tail_ratio_p99_mad"": 3.5727595230061544, ""share_beyond_5mad"": 0.00865698274179608}",,laneA_ps1_metrics.v1
yh.hsi.logret_5d,volatility,MEASURED,"{""std_first_diff"": 0.003588178222044388, ""rolling168_std_median"": 0.014438328468497796, ""vol_of_vol_cv"": 0.5630279350861265}",,laneA_ps1_metrics.v1
yh.hsi.logret_5d,acf,MEASURED,"{""lag_1"": 0.9917164802799382, ""lag_6"": 0.9502953945931832, ""lag_24"": 0.8017630135864631, ""lag_120"": 0.025751885565787114, ""lag_168"": -0.005112280502663614, ""lag_unit"": ""rows of the decision grid (1 row = 1 market hour; weekend gaps not filled)""}",,laneA_ps1_metrics.v1
yh.hsi.logret_5d,trend,MEASURED,"{""ols_slope_per_year"": -0.0005489339042742056, ""slope_in_std_per_year"": -0.01969103221459188, ""ols_r"": -0.046515901451568656, ""kendall_tau_3000"": -0.03486436382646732, ""kendall_p_3000"": 0.004201134355006885, ""caveat"": ""OLS p-value omitted: serial correlation makes it invalid""}",,laneA_ps1_metrics.v1
yh.hsi.logret_5d,adf,MEASURED,"{""stat"": -9.817927886520803, ""pvalue"": 5.4345883836952526e-17, ""lags"": 24, ""nobs"": 19975, ""crit_5pct"": -2.8616847064863733, ""H0"": ""unit root"", ""regression"": ""c"", ""sample"": ""last 20000 finite TRAIN values (gaps compressed)""}",,laneA_ps1_metrics.v1
yh.hsi.logret_5d,kpss,MEASURED,"{""stat"": 0.18118536629612159, ""pvalue"": 0.1, ""lags"": 86, ""H0"": ""level stationary"", ""pvalue_truncated_to_table"": true, ""sample"": ""last 20000 finite TRAIN values (gaps compressed)""}",,laneA_ps1_metrics.v1
yh.hsi.logret_5d,seasonality,MEASURED,"{""eta2_hour_of_day"": 4.517583338297571e-06, ""eta2_day_of_week"": 1.1234107573382683e-05, ""eta2_month"": 0.0264131055199039}",,laneA_ps1_metrics.v1
yh.hsi.logret_5d,spectrum,MEASURED,"{""top_periods_rows"": [1024.0, 682.6666666666666, 512.0], ""top_power_share"": [0.12374436761693422, 0.1233367695821644, 0.10968724309237946], ""spectral_entropy_norm"": 0.4314280538799823, ""zero_filled_fraction"": 0.0, ""method"": ""Welch nperseg<=2048 on demeaned rows""}",,laneA_ps1_metrics.v1
yh.hsi.logret_5d,cost,MEASURED,"{""build_s"": 0.014329546249952892, ""profile_s"": 0.03241069500018057, ""bytes_float64"": 573872}",,laneA_ps1_metrics.v1
yh.ks11.logret_1d,missingness,MEASURED,"{""n_rows"": 71734, ""n_finite"": 71684, ""missing_fraction"": 0.0006970195444280236}",,laneA_ps1_metrics.v1
yh.ks11.logret_1d,constant,MEASURED,"{""n_unique"": 2869, ""is_constant"": false, ""top_value_share"": 0.0016740137269125608}",,laneA_ps1_metrics.v1
yh.ks11.logret_1d,scale_tails,MEASURED,"{""mean"": 0.00017950120223582608, ""std"": 0.009807861692393116, ""min"": -0.08766971830380843, ""max"": 0.08251268335953554, ""p001"": -0.048761606318993955, ""p01"": -0.02716326954413706, ""p05"": -0.015656668484549385, ""p25"": -0.004633052982299546, ""median"": 0.000514562616229064, ""p75"": 0.005491819980125712, ""p95"": 0.014651843402767817, ""p99"": 0.022727056507127585, ""p999"": 0.05720881700738101, ""mad"": 0.0050287055048707785, ""skew"": -0.15314699042804003, ""excess_kurtosis"": 7.0439824283034405, ""tail_ratio_p99_mad"": 4.417139534097515, ""share_beyond_5mad"": 0.021999330394509235}",,laneA_ps1_metrics.v1
yh.ks11.logret_1d,volatility,MEASURED,"{""std_first_diff"": 0.002785514981675286, ""rolling168_std_median"": 0.0068896120355028696, ""vol_of_vol_cv"": 0.5717275045098447}",,laneA_ps1_metrics.v1
yh.ks11.logret_1d,acf,MEASURED,"{""lag_1"": 0.9596690102034671, ""lag_6"": 0.7583860748790122, ""lag_24"": 0.05650151450382557, ""lag_120"": -0.006276329009477162, ""lag_168"": 0.001585607435878437, ""lag_unit"": ""rows of the decision grid (1 row = 1 market hour; weekend gaps not filled)""}",,laneA_ps1_metrics.v1
yh.ks11.logret_1d,trend,MEASURED,"{""ols_slope_per_year"": 3.864341226984341e-06, ""slope_in_std_per_year"": 0.00039400445766700476, ""ols_r"": 0.0009310735816090464, ""kendall_tau_3000"": 0.011134255301568174, ""kendall_p_3000"": 0.3606050831881584, ""caveat"": ""OLS p-value omitted: serial correlation makes it invalid""}",,laneA_ps1_metrics.v1
yh.ks11.logret_1d,adf,MEASURED,"{""stat"": -17.823119062924153, ""pvalue"": 3.1551475825972307e-30, ""lags"": 24, ""nobs"": 19975, ""crit_5pct"": -2.8616847064863733, ""H0"": ""unit root"", ""regression"": ""c"", ""sample"": ""last 20000 finite TRAIN values (gaps compressed)""}",,laneA_ps1_metrics.v1
yh.ks11.logret_1d,kpss,MEASURED,"{""stat"": 0.2742089787766193, ""pvalue"": 0.1, ""lags"": 83, ""H0"": ""level stationary"", ""pvalue_truncated_to_table"": true, ""sample"": ""last 20000 finite TRAIN values (gaps compressed)""}",,laneA_ps1_metrics.v1
yh.ks11.logret_1d,seasonality,MEASURED,"{""eta2_hour_of_day"": 3.493422231330922e-06, ""eta2_day_of_week"": 0.004315843495783328, ""eta2_month"": 0.003987643200129213}",,laneA_ps1_metrics.v1
yh.ks11.logret_1d,spectrum,MEASURED,"{""top_periods_rows"": [409.6, 1024.0, 341.3333333333333], ""top_power_share"": [0.03605775232416202, 0.03239946984572067, 0.031103809210919178], ""spectral_entropy_norm"": 0.6522788663887037, ""zero_filled_fraction"": 0.0006970195444280258, ""method"": ""Welch nperseg<=2048 on demeaned rows""}",,laneA_ps1_metrics.v1
yh.ks11.logret_1d,cost,MEASURED,"{""build_s"": 0.014329546249952892, ""profile_s"": 0.03290719600045122, ""bytes_float64"": 573872}",,laneA_ps1_metrics.v1
yh.ks11.logret_5d,missingness,MEASURED,"{""n_rows"": 71734, ""n_finite"": 71684, ""missing_fraction"": 0.0006970195444280236}",,laneA_ps1_metrics.v1
yh.ks11.logret_5d,constant,MEASURED,"{""n_unique"": 2869, ""is_constant"": false, ""top_value_share"": 0.0016740137269125608}",,laneA_ps1_metrics.v1
yh.ks11.logret_5d,scale_tails,MEASURED,"{""mean"": 0.00024787559266992637, ""std"": 0.023022192604771483, ""min"": -0.2298605686926276, ""max"": 0.14694562224576124, ""p001"": -0.14562859236495473, ""p01"": -0.0627379385925142, ""p05"": -0.036649577043748494, ""p25"": -0.011235862332930502, ""median"": 0.001871656988916115, ""p75"": 0.013721830941729962, ""p95"": 0.03151555548626117, ""p99"": 0.05544479152736592, ""p999"": 0.09238324634237927, ""mad"": 0.012417302466110947, ""skew"": -0.9444115807423216, ""excess_kurtosis"": 8.215216739572904, ""tail_ratio_p99_mad"": 4.314393942215753, ""share_beyond_5mad"": 0.018790804084593493}",,laneA_ps1_metrics.v1
yh.ks11.logret_5d,volatility,MEASURED,"{""std_first_diff"": 0.0027980967205020048, ""rolling168_std_median"": 0.01054427513305413, ""vol_of_vol_cv"": 0.6816939481325259}",,laneA_ps1_metrics.v1
yh.ks11.logret_5d,acf,MEASURED,"{""lag_1"": 0.9926142546505852, ""lag_6"": 0.9556939154099118, ""lag_24"": 0.8234132077579185, ""lag_120"": 0.04434784861151446, ""lag_168"": -0.003138671525293996, ""lag_unit"": ""rows of the decision grid (1 row = 1 market hour; weekend gaps not filled)""}",,laneA_ps1_metrics.v1
yh.ks11.logret_5d,trend,MEASURED,"{""ols_slope_per_year"": -6.081589181052001e-05, ""slope_in_std_per_year"": -0.002641620320642942, ""ols_r"": -0.006242424026763065, ""kendall_tau_3000"": 0.010839926466778487, ""kendall_p_3000"": 0.37344122362653065, ""caveat"": ""OLS p-value omitted: serial correlation makes it invalid""}",,laneA_ps1_metrics.v1
yh.ks11.logret_5d,adf,MEASURED,"{""stat"": -9.44167188844866, ""pvalue"": 4.875974050798383e-16, ""lags"": 24, ""nobs"": 19975, ""crit_5pct"": -2.8616847064863733, ""H0"": ""unit root"", ""regression"": ""c"", ""sample"": ""last 20000 finite TRAIN values (gaps compressed)""}",,laneA_ps1_metrics.v1
yh.ks11.logret_5d,kpss,MEASURED,"{""stat"": 0.5226157905222825, ""pvalue"": 0.03657302015263909, ""lags"": 86, ""H0"": ""level stationary"", ""pvalue_truncated_to_table"": false, ""sample"": ""last 20000 finite TRAIN values (gaps compressed)""}",,laneA_ps1_metrics.v1
yh.ks11.logret_5d,seasonality,MEASURED,"{""eta2_hour_of_day"": 3.4070574164591694e-06, ""eta2_day_of_week"": 4.179872063207393e-05, ""eta2_month"": 0.02004487546199006}",,laneA_ps1_metrics.v1
yh.ks11.logret_5d,spectrum,MEASURED,"{""top_periods_rows"": [1024.0, 2048.0, 409.6], ""top_power_share"": [0.1380326496724542, 0.12012773083068218, 0.10961730201111168], ""spectral_entropy_norm"": 0.41717355246911286, ""zero_filled_fraction"": 0.0006970195444280258, ""method"": ""Welch nperseg<=2048 on demeaned rows""}",,laneA_ps1_metrics.v1
yh.ks11.logret_5d,cost,MEASURED,"{""build_s"": 0.014329546249952892, ""profile_s"": 0.03244588100005785, ""bytes_float64"": 573872}",,laneA_ps1_metrics.v1
yh.mxx.logret_1d,missingness,MEASURED,"{""n_rows"": 71734, ""n_finite"": 71734, ""missing_fraction"": 0.0}",,laneA_ps1_metrics.v1
yh.mxx.logret_1d,constant,MEASURED,"{""n_unique"": 2930, ""is_constant"": false, ""top_value_share"": 0.0010037081439763572}",,laneA_ps1_metrics.v1
yh.mxx.logret_1d,scale_tails,MEASURED,"{""mean"": 0.0001948720069920777, ""std"": 0.00968761115656121, ""min"": -0.0663809436196292, ""max"": 0.04180594889786171, ""p001"": -0.05440945148151, ""p01"": -0.0238075797710664, ""p05"": -0.015086072539103768, ""p25"": -0.005154778080957101, ""median"": 0.0002213564349364816, ""p75"": 0.005704542769590759, ""p95"": 0.01552563426639253, ""p99"": 0.02569220006660977, ""p999"": 0.03877138826665849, ""mad"": 0.005427998764769626, ""skew"": -0.29570381558324976, ""excess_kurtosis"": 3.088007476166707, ""tail_ratio_p99_mad"": 4.692492525420521, ""share_beyond_5mad"": 0.01406585440655756}",,laneA_ps1_metrics.v1
yh.mxx.logret_1d,volatility,MEASURED,"{""std_first_diff"": 0.0026775409822865927, ""rolling168_std_median"": 0.007344303681685562, ""vol_of_vol_cv"": 0.5009873128743496}",,laneA_ps1_metrics.v1
yh.mxx.logret_1d,acf,MEASURED,"{""lag_1"": 0.9618052868045663, ""lag_6"": 0.7709760740304562, ""lag_24"": 0.10510086678767194, ""lag_120"": -0.041582214511636614, ""lag_168"": 0.024806122785916183, ""lag_unit"": ""rows of the decision grid (1 row = 1 market hour; weekend gaps not filled)""}",,laneA_ps1_metrics.v1
yh.mxx.logret_1d,trend,MEASURED,"{""ols_slope_per_year"": 1.4534206650957024e-05, ""slope_in_std_per_year"": 0.001500287988036485, ""ols_r"": 0.003544113251145975, ""kendall_tau_3000"": -0.002846332712824674, ""kendall_p_3000"": 0.8152104293716798, ""caveat"": ""OLS p-value omitted: serial correlation makes it invalid""}",,laneA_ps1_metrics.v1
yh.mxx.logret_1d,adf,MEASURED,"{""stat"": -18.30015028415266, ""pvalue"": 2.2875104382975957e-30, ""lags"": 24, ""nobs"": 19975, ""crit_5pct"": -2.8616847064863733, ""H0"": ""unit root"", ""regression"": ""c"", ""sample"": ""last 20000 finite TRAIN values (gaps compressed)""}",,laneA_ps1_metrics.v1
yh.mxx.logret_1d,kpss,MEASURED,"{""stat"": 0.10860536457878316, ""pvalue"": 0.1, ""lags"": 82, ""H0"": ""level stationary"", ""pvalue_truncated_to_table"": true, ""sample"": ""last 20000 finite TRAIN values (gaps compressed)""}",,laneA_ps1_metrics.v1
yh.mxx.logret_1d,seasonality,MEASURED,"{""eta2_hour_of_day"": 1.061630804630776e-05, ""eta2_day_of_week"": 0.0014927657078821779, ""eta2_month"": 0.002841733892250002}",,laneA_ps1_metrics.v1
yh.mxx.logret_1d,spectrum,MEASURED,"{""top_periods_rows"": [204.8, 186.1818181818182, 227.55555555555554], ""top_power_share"": [0.03480749266456981, 0.03266462278581563, 0.03217454853440404], ""spectral_entropy_norm"": 0.6475151616390264, ""zero_filled_fraction"": 0.0, ""method"": ""Welch nperseg<=2048 on demeaned rows""}",,laneA_ps1_metrics.v1
yh.mxx.logret_1d,cost,MEASURED,"{""build_s"": 0.014329546249952892, ""profile_s"": 0.032337196999833395, ""bytes_float64"": 573872}",,laneA_ps1_metrics.v1
yh.mxx.logret_5d,missingness,MEASURED,"{""n_rows"": 71734, ""n_finite"": 71734, ""missing_fraction"": 0.0}",,laneA_ps1_metrics.v1
yh.mxx.logret_5d,constant,MEASURED,"{""n_unique"": 2930, ""is_constant"": false, ""top_value_share"": 0.0010037081439763572}",,laneA_ps1_metrics.v1
yh.mxx.logret_5d,scale_tails,MEASURED,"{""mean"": 0.0007105230382474934, ""std"": 0.021865431495297183, ""min"": -0.14479658050951372, ""max"": 0.09307126739808425, ""p001"": -0.107501568864798, ""p01"": -0.0567700305354073, ""p05"": -0.03354683445927975, ""p25"": -0.011886431873952219, ""median"": 0.0015002982646912244, ""p75"": 0.013768015570388314, ""p95"": 0.034570949106358384, ""p99"": 0.05604409534859123, ""p999"": 0.0759933159286232, ""mad"": 0.012846057892165419, ""skew"": -0.3504266588220738, ""excess_kurtosis"": 2.6713726352128333, ""tail_ratio_p99_mad"": 4.245956038946804, ""share_beyond_5mad"": 0.01242088828170742}",,laneA_ps1_metrics.v1
yh.mxx.logret_5d,volatility,MEASURED,"{""std_first_diff"": 0.0027566669009476664, ""rolling168_std_median"": 0.011272752319029682, ""vol_of_vol_cv"": 0.56280993570633}",,laneA_ps1_metrics.v1
yh.mxx.logret_5d,acf,MEASURED,"{""lag_1"": 0.9920527320407599, ""lag_6"": 0.952325800556321, ""lag_24"": 0.8090105461703747, ""lag_120"": 0.006828372360149957, ""lag_168"": 0.009350840327875637, ""lag_unit"": ""rows of the decision grid (1 row = 1 market hour; weekend gaps not filled)""}",,laneA_ps1_metrics.v1
yh.mxx.logret_5d,trend,MEASURED,"{""ols_slope_per_year"": 0.00010083790108284556, ""slope_in_std_per_year"": 0.004611749880377791, ""ols_r"": 0.01089428429231702, ""kendall_tau_3000"": -0.0015485437111478191, ""kendall_p_3000"": 0.8988221407359624, ""caveat"": ""OLS p-value omitted: serial correlation makes it invalid""}",,laneA_ps1_metrics.v1
yh.mxx.logret_5d,adf,MEASURED,"{""stat"": -9.423692138128876, ""pvalue"": 5.417545640515267e-16, ""lags"": 24, ""nobs"": 19975, ""crit_5pct"": -2.8616847064863733, ""H0"": ""unit root"", ""regression"": ""c"", ""sample"": ""last 20000 finite TRAIN values (gaps compressed)""}",,laneA_ps1_metrics.v1
yh.mxx.logret_5d,kpss,MEASURED,"{""stat"": 0.2529669329100401, ""pvalue"": 0.1, ""lags"": 86, ""H0"": ""level stationary"", ""pvalue_truncated_to_table"": true, ""sample"": ""last 20000 finite TRAIN values (gaps compressed)""}",,laneA_ps1_metrics.v1
yh.mxx.logret_5d,seasonality,MEASURED,"{""eta2_hour_of_day"": 3.791525957088929e-07, ""eta2_day_of_week"": 1.996872941552641e-05, ""eta2_month"": 0.013039189290990356}",,laneA_ps1_metrics.v1
yh.mxx.logret_5d,spectrum,MEASURED,"{""top_periods_rows"": [2048.0, 512.0, 1024.0], ""top_power_share"": [0.12067485105758344, 0.1159201414485796, 0.11342109757644149], ""spectral_entropy_norm"": 0.43172170235543267, ""zero_filled_fraction"": 0.0, ""method"": ""Welch nperseg<=2048 on demeaned rows""}",,laneA_ps1_metrics.v1
yh.mxx.logret_5d,cost,MEASURED,"{""build_s"": 0.014329546249952892, ""profile_s"": 0.03259982900090108, ""bytes_float64"": 573872}",,laneA_ps1_metrics.v1
yh.n225.logret_1d,missingness,MEASURED,"{""n_rows"": 71734, ""n_finite"": 71684, ""missing_fraction"": 0.0006970195444280236}",,laneA_ps1_metrics.v1
yh.n225.logret_1d,constant,MEASURED,"{""n_unique"": 2853, ""is_constant"": false, ""top_value_share"": 0.0016740137269125608}",,laneA_ps1_metrics.v1
yh.n225.logret_1d,scale_tails,MEASURED,"{""mean"": 0.0003153446518109747, ""std"": 0.01288219761165407, ""min"": -0.08252932811508806, ""max"": 0.07731376161628667, ""p001"": -0.06273569461715311, ""p01"": -0.03611927626110756, ""p05"": -0.021035855672675297, ""p25"": -0.005977208381185761, ""median"": 0.0007338025305294593, ""p75"": 0.00704457125196889, ""p95"": 0.020298033413430616, ""p99"": 0.030787132943748574, ""p999"": 0.06896682185888374, ""mad"": 0.00654553866669616, ""skew"": -0.23500045512594386, ""excess_kurtosis"": 3.913526378590709, ""tail_ratio_p99_mad"": 4.5914220270565504, ""share_beyond_5mad"": 0.02071591987054294}",,laneA_ps1_metrics.v1
yh.n225.logret_1d,volatility,MEASURED,"{""std_first_diff"": 0.003704166817364094, ""rolling168_std_median"": 0.009524581048108135, ""vol_of_vol_cv"": 0.5340243424583492}",,laneA_ps1_metrics.v1
yh.n225.logret_1d,acf,MEASURED,"{""lag_1"": 0.9586605877356428, ""lag_6"": 0.751938091131067, ""lag_24"": 0.030407022218759655, ""lag_120"": 0.007967404429191203, ""lag_168"": -0.023812776742268005, ""lag_unit"": ""rows of the decision grid (1 row = 1 market hour; weekend gaps not filled)""}",,laneA_ps1_metrics.v1
yh.n225.logret_1d,trend,MEASURED,"{""ols_slope_per_year"": -7.046742610621502e-05, ""slope_in_std_per_year"": -0.005470140129077482, ""ols_r"": -0.012925933423052578, ""kendall_tau_3000"": -0.016168776127590913, ""kendall_p_3000"": 0.18431516713063545, ""caveat"": ""OLS p-value omitted: serial correlation makes it invalid""}",,laneA_ps1_metrics.v1
yh.n225.logret_1d,adf,MEASURED,"{""stat"": -19.23832611349508, ""pvalue"": 0.0, ""lags"": 24, ""nobs"": 19975, ""crit_5pct"": -2.8616847064863733, ""H0"": ""unit root"", ""regression"": ""c"", ""sample"": ""last 20000 finite TRAIN values (gaps compressed)""}",,laneA_ps1_metrics.v1
yh.n225.logret_1d,kpss,MEASURED,"{""stat"": 0.08847831727122879, ""pvalue"": 0.1, ""lags"": 82, ""H0"": ""level stationary"", ""pvalue_truncated_to_table"": true, ""sample"": ""last 20000 finite TRAIN values (gaps compressed)""}",,laneA_ps1_metrics.v1
yh.n225.logret_1d,seasonality,MEASURED,"{""eta2_hour_of_day"": 8.715893275286922e-06, ""eta2_day_of_week"": 0.00047904842690987966, ""eta2_month"": 0.00456820034916308}",,laneA_ps1_metrics.v1
yh.n225.logret_1d,spectrum,MEASURED,"{""top_periods_rows"": [682.6666666666666, 1024.0, 292.57142857142856], ""top_power_share"": [0.030196402357325784, 0.029354479869281642, 0.02887642631205946], ""spectral_entropy_norm"": 0.6558308870237549, ""zero_filled_fraction"": 0.0006970195444280258, ""method"": ""Welch nperseg<=2048 on demeaned rows""}",,laneA_ps1_metrics.v1
yh.n225.logret_1d,cost,MEASURED,"{""build_s"": 0.014329546249952892, ""profile_s"": 0.03247633799946925, ""bytes_float64"": 573872}",,laneA_ps1_metrics.v1
yh.n225.logret_5d,missingness,MEASURED,"{""n_rows"": 71734, ""n_finite"": 71684, ""missing_fraction"": 0.0006970195444280236}",,laneA_ps1_metrics.v1
yh.n225.logret_5d,constant,MEASURED,"{""n_unique"": 2853, ""is_constant"": false, ""top_value_share"": 0.0016740137269125608}",,laneA_ps1_metrics.v1
yh.n225.logret_5d,scale_tails,MEASURED,"{""mean"": 0.002013450651700746, ""std"": 0.028710514720293973, ""min"": -0.1742810549105407, ""max"": 0.15817096720591728, ""p001"": -0.14910326275787078, ""p01"": -0.08317532317754761, ""p05"": -0.0468629007629211, ""p25"": -0.012655885148806334, ""median"": 0.0035831993084869396, ""p75"": 0.01919210660399706, ""p95"": 0.042763196451472654, ""p99"": 0.07052221850637785, ""p999"": 0.12231090929804722, ""mad"": 0.01592185185330841, ""skew"": -0.5688850539283856, ""excess_kurtosis"": 3.0904324020189886, ""tail_ratio_p99_mad"": 4.204223215654504, ""share_beyond_5mad"": 0.018790804084593493}",,laneA_ps1_metrics.v1
yh.n225.logret_5d,volatility,MEASURED,"{""std_first_diff"": 0.003648355810917719, ""rolling168_std_median"": 0.014184369463496556, ""vol_of_vol_cv"": 0.6128818075804764}",,laneA_ps1_metrics.v1
yh.n225.logret_5d,acf,MEASURED,"{""lag_1"": 0.9919263172792582, ""lag_6"": 0.951565088520173, ""lag_24"": 0.8062594368094588, ""lag_120"": 0.02810545018876237, ""lag_168"": -0.012970968409586335, ""lag_unit"": ""rows of the decision grid (1 row = 1 market hour; weekend gaps not filled)""}",,laneA_ps1_metrics.v1
yh.n225.logret_5d,trend,MEASURED,"{""ols_slope_per_year"": -0.0003477703786521575, ""slope_in_std_per_year"": -0.012112996999191264, ""ols_r"": -0.028622994853988722, ""kendall_tau_3000"": -0.030405960051194125, ""kendall_p_3000"": 0.012540043472439272, ""caveat"": ""OLS p-value omitted: serial correlation makes it invalid""}",,laneA_ps1_metrics.v1
yh.n225.logret_5d,adf,MEASURED,"{""stat"": -9.5271151469134, ""pvalue"": 2.957452378911985e-16, ""lags"": 24, ""nobs"": 19975, ""crit_5pct"": -2.8616847064863733, ""H0"": ""unit root"", ""regression"": ""c"", ""sample"": ""last 20000 finite TRAIN values (gaps compressed)""}",,laneA_ps1_metrics.v1
yh.n225.logret_5d,kpss,MEASURED,"{""stat"": 0.15396652197822736, ""pvalue"": 0.1, ""lags"": 86, ""H0"": ""level stationary"", ""pvalue_truncated_to_table"": true, ""sample"": ""last 20000 finite TRAIN values (gaps compressed)""}",,laneA_ps1_metrics.v1
yh.n225.logret_5d,seasonality,MEASURED,"{""eta2_hour_of_day"": 6.972498420866763e-06, ""eta2_day_of_week"": 5.1899653088706086e-05, ""eta2_month"": 0.023272280408901676}",,laneA_ps1_metrics.v1
yh.n225.logret_5d,spectrum,MEASURED,"{""top_periods_rows"": [1024.0, 682.6666666666666, 512.0], ""top_power_share"": [0.12862088208273664, 0.12544141383458907, 0.10727054726340368], ""spectral_entropy_norm"": 0.4269972373193505, ""zero_filled_fraction"": 0.0006970195444280258, ""method"": ""Welch nperseg<=2048 on demeaned rows""}",,laneA_ps1_metrics.v1
yh.n225.logret_5d,cost,MEASURED,"{""build_s"": 0.014329546249952892, ""profile_s"": 0.03292886700000963, ""bytes_float64"": 573872}",,laneA_ps1_metrics.v1
yh.stoxx50e.logret_1d,missingness,MEASURED,"{""n_rows"": 71734, ""n_finite"": 71734, ""missing_fraction"": 0.0}",,laneA_ps1_metrics.v1
yh.stoxx50e.logret_1d,constant,MEASURED,"{""n_unique"": 2926, ""is_constant"": false, ""top_value_share"": 0.0012964563526361278}",,laneA_ps1_metrics.v1
yh.stoxx50e.logret_1d,scale_tails,MEASURED,"{""mean"": 0.00022421739155097746, ""std"": 0.012199482638888086, ""min"": -0.13240515144998977, ""max"": 0.08834255230302723, ""p001"": -0.05887400225671424, ""p01"": -0.035655814430650815, ""p05"": -0.018884173677407468, ""p25"": -0.005399531454839845, ""median"": 0.0005904350012428949, ""p75"": 0.006217236536780746, ""p95"": 0.017969574304273806, ""p99"": 0.03217783028522181, ""p999"": 0.052898796382974116, ""mad"": 0.0057937787341861835, ""skew"": -0.6452993512781366, ""excess_kurtosis"": 8.921264318306354, ""tail_ratio_p99_mad"": 5.451950572015726, ""share_beyond_5mad"": 0.03238352803412608}",,laneA_ps1_metrics.v1
yh.stoxx50e.logret_1d,volatility,MEASURED,"{""std_first_diff"": 0.003540442753047828, ""rolling168_std_median"": 0.00860305230761849, ""vol_of_vol_cv"": 0.5948390699863201}",,laneA_ps1_metrics.v1
yh.stoxx50e.logret_1d,acf,MEASURED,"{""lag_1"": 0.9578883784656407, ""lag_6"": 0.7473140343260158, ""lag_24"": 0.015367538302169713, ""lag_120"": -0.03229079475503799, ""lag_168"": 0.03840557551442759, ""lag_unit"": ""rows of the decision grid (1 row = 1 market hour; weekend gaps not filled)""}",,laneA_ps1_metrics.v1
yh.stoxx50e.logret_1d,trend,MEASURED,"{""ols_slope_per_year"": 1.836270738229963e-05, ""slope_in_std_per_year"": 0.0015052037800164684, ""ols_r"": 0.0035557257706322763, ""kendall_tau_3000"": 0.00913989101883787, ""kendall_p_3000"": 0.4529739127334058, ""caveat"": ""OLS p-value omitted: serial correlation makes it invalid""}",,laneA_ps1_metrics.v1
yh.stoxx50e.logret_1d,adf,MEASURED,"{""stat"": -19.51728301864732, ""pvalue"": 0.0, ""lags"": 24, ""nobs"": 19975, ""crit_5pct"": -2.8616847064863733, ""H0"": ""unit root"", ""regression"": ""c"", ""sample"": ""last 20000 finite TRAIN values (gaps compressed)""}",,laneA_ps1_metrics.v1
yh.stoxx50e.logret_1d,kpss,MEASURED,"{""stat"": 0.06853885135195462, ""pvalue"": 0.1, ""lags"": 82, ""H0"": ""level stationary"", ""pvalue_truncated_to_table"": true, ""sample"": ""last 20000 finite TRAIN values (gaps compressed)""}",,laneA_ps1_metrics.v1
yh.stoxx50e.logret_1d,seasonality,MEASURED,"{""eta2_hour_of_day"": 4.6761578732222125e-06, ""eta2_day_of_week"": 0.002294194286832084, ""eta2_month"": 0.003919183704027067}",,laneA_ps1_metrics.v1
yh.stoxx50e.logret_1d,spectrum,MEASURED,"{""top_periods_rows"": [204.8, 227.55555555555554, 409.6], ""top_power_share"": [0.029717751694498123, 0.026831300681028097, 0.025634766258251042], ""spectral_entropy_norm"": 0.659378701106898, ""zero_filled_fraction"": 0.0, ""method"": ""Welch nperseg<=2048 on demeaned rows""}",,laneA_ps1_metrics.v1
yh.stoxx50e.logret_1d,cost,MEASURED,"{""build_s"": 0.014329546249952892, ""profile_s"": 0.032418849999885424, ""bytes_float64"": 573872}",,laneA_ps1_metrics.v1
yh.stoxx50e.logret_5d,missingness,MEASURED,"{""n_rows"": 71734, ""n_finite"": 71734, ""missing_fraction"": 0.0}",,laneA_ps1_metrics.v1
yh.stoxx50e.logret_5d,constant,MEASURED,"{""n_unique"": 2926, ""is_constant"": false, ""top_value_share"": 0.0012964563526361278}",,laneA_ps1_metrics.v1
yh.stoxx50e.logret_5d,scale_tails,MEASURED,"{""mean"": 0.0013505366855688485, ""std"": 0.027162088898737356, ""min"": -0.2787848946490987, ""max"": 0.16012646815288, ""p001"": -0.19089139580581685, ""p01"": -0.0731307974105016, ""p05"": -0.0424080601676895, ""p25"": -0.011593573120416423, ""median"": 0.003446101131414636, ""p75"": 0.015568746468755279, ""p95"": 0.04118416750606624, ""p99"": 0.06874794778895321, ""p999"": 0.1067749281955006, ""mad"": 0.013266347946942147, ""skew"": -1.0449920160138717, ""excess_kurtosis"": 9.267100707898656, ""tail_ratio_p99_mad"": 4.922368003516028, ""share_beyond_5mad"": 0.02627763682493657}",,laneA_ps1_metrics.v1
yh.stoxx50e.logret_5d,volatility,MEASURED,"{""std_first_diff"": 0.003541096342755885, ""rolling168_std_median"": 0.012657978503302829, ""vol_of_vol_cv"": 0.696347755273654}",,laneA_ps1_metrics.v1
yh.stoxx50e.logret_5d,acf,MEASURED,"{""lag_1"": 0.9915020149238568, ""lag_6"": 0.9490103136272285, ""lag_24"": 0.7966370365546774, ""lag_120"": 0.00176501174030768, ""lag_168"": -0.003211668392570873, ""lag_unit"": ""rows of the decision grid (1 row = 1 market hour; weekend gaps not filled)""}",,laneA_ps1_metrics.v1
yh.stoxx50e.logret_5d,trend,MEASURED,"{""ols_slope_per_year"": -0.00011405931292177012, ""slope_in_std_per_year"": -0.0041992099115422685, ""ols_r"": -0.009919745815813692, ""kendall_tau_3000"": -0.003046185738322639, ""kendall_p_3000"": 0.8024953788117093, ""caveat"": ""OLS p-value omitted: serial correlation makes it invalid""}",,laneA_ps1_metrics.v1
yh.stoxx50e.logret_5d,adf,MEASURED,"{""stat"": -9.6113393399076, ""pvalue"": 1.808302580768711e-16, ""lags"": 24, ""nobs"": 19975, ""crit_5pct"": -2.8616847064863733, ""H0"": ""unit root"", ""regression"": ""c"", ""sample"": ""last 20000 finite TRAIN values (gaps compressed)""}",,laneA_ps1_metrics.v1
yh.stoxx50e.logret_5d,kpss,MEASURED,"{""stat"": 0.13919272744896513, ""pvalue"": 0.1, ""lags"": 86, ""H0"": ""level stationary"", ""pvalue_truncated_to_table"": true, ""sample"": ""last 20000 finite TRAIN values (gaps compressed)""}",,laneA_ps1_metrics.v1
yh.stoxx50e.logret_5d,seasonality,MEASURED,"{""eta2_hour_of_day"": 6.019176047652121e-07, ""eta2_day_of_week"": 4.1575845176142154e-05, ""eta2_month"": 0.016374504474320886}",,laneA_ps1_metrics.v1
yh.stoxx50e.logret_5d,spectrum,MEASURED,"{""top_periods_rows"": [1024.0, 682.6666666666666, 512.0], ""top_power_share"": [0.12776897093117084, 0.12129060362747027, 0.10552299989327901], ""spectral_entropy_norm"": 0.4308252777778113, ""zero_filled_fraction"": 0.0, ""method"": ""Welch nperseg<=2048 on demeaned rows""}",,laneA_ps1_metrics.v1
yh.stoxx50e.logret_5d,cost,MEASURED,"{""build_s"": 0.014329546249952892, ""profile_s"": 0.032857623000381864, ""bytes_float64"": 573872}",,laneA_ps1_metrics.v1
yh.twii.logret_1d,missingness,MEASURED,"{""n_rows"": 71734, ""n_finite"": 71022, ""missing_fraction"": 0.00992555831265507}",,laneA_ps1_metrics.v1
yh.twii.logret_1d,constant,MEASURED,"{""n_unique"": 2846, ""is_constant"": false, ""top_value_share"": 0.0017036974458618456}",,laneA_ps1_metrics.v1
yh.twii.logret_1d,scale_tails,MEASURED,"{""mean"": 0.0002622436453995745, ""std"": 0.009300744280798268, ""min"": -0.06520552004457691, ""max"": 0.061726177065965615, ""p001"": -0.05080658426789242, ""p01"": -0.02720754510134782, ""p05"": -0.014545708665023582, ""p25"": -0.004318786398927799, ""median"": 0.0006613747972092909, ""p75"": 0.005404741736457552, ""p95"": 0.013793896519954885, ""p99"": 0.02307174769905629, ""p999"": 0.04353652470687308, ""mad"": 0.0048194701353061475, ""skew"": -0.490389701691183, ""excess_kurtosis"": 4.8269080219716916, ""tail_ratio_p99_mad"": 4.649966131686263, ""share_beyond_5mad"": 0.024175607558221394}",,laneA_ps1_metrics.v1
yh.twii.logret_1d,volatility,MEASURED,"{""std_first_diff"": 0.0026248014282595376, ""rolling168_std_median"": 0.006738903819812854, ""vol_of_vol_cv"": 0.537625720773832}",,laneA_ps1_metrics.v1
yh.twii.logret_1d,acf,MEASURED,"{""lag_1"": 0.9601580291339723, ""lag_6"": 0.7602053633548846, ""lag_24"": 0.052547179842966585, ""lag_120"": -0.02978163713143502, ""lag_168"": 0.0353118652976703, ""lag_unit"": ""rows of the decision grid (1 row = 1 market hour; weekend gaps not filled)""}",,laneA_ps1_metrics.v1
yh.twii.logret_1d,trend,MEASURED,"{""ols_slope_per_year"": 4.545105485061901e-05, ""slope_in_std_per_year"": 0.0048868191059133195, ""ols_r"": 0.011545240277936578, ""kendall_tau_3000"": 0.01758851362492289, ""kendall_p_3000"": 0.1486973441015426, ""caveat"": ""OLS p-value omitted: serial correlation makes it invalid""}",,laneA_ps1_metrics.v1
yh.twii.logret_1d,adf,MEASURED,"{""stat"": -17.634081310116247, ""pvalue"": 3.786199291961223e-30, ""lags"": 24, ""nobs"": 19975, ""crit_5pct"": -2.8616847064863733, ""H0"": ""unit root"", ""regression"": ""c"", ""sample"": ""last 20000 finite TRAIN values (gaps compressed)""}",,laneA_ps1_metrics.v1
yh.twii.logret_1d,kpss,MEASURED,"{""stat"": 0.24445820389536735, ""pvalue"": 0.1, ""lags"": 82, ""H0"": ""level stationary"", ""pvalue_truncated_to_table"": true, ""sample"": ""last 20000 finite TRAIN values (gaps compressed)""}",,laneA_ps1_metrics.v1
yh.twii.logret_1d,seasonality,MEASURED,"{""eta2_hour_of_day"": 9.672840934700069e-06, ""eta2_day_of_week"": 0.0012384452456792366, ""eta2_month"": 0.004585923401589087}",,laneA_ps1_metrics.v1
yh.twii.logret_1d,spectrum,MEASURED,"{""top_periods_rows"": [227.55555555555554, 1024.0, 204.8], ""top_power_share"": [0.029634392941817963, 0.029317736642890856, 0.02917409531163186], ""spectral_entropy_norm"": 0.6552667358896378, ""zero_filled_fraction"": 0.009925558312655087, ""method"": ""Welch nperseg<=2048 on demeaned rows""}",,laneA_ps1_metrics.v1
yh.twii.logret_1d,cost,MEASURED,"{""build_s"": 0.014329546249952892, ""profile_s"": 0.0325758950002637, ""bytes_float64"": 573872}",,laneA_ps1_metrics.v1
yh.twii.logret_5d,missingness,MEASURED,"{""n_rows"": 71734, ""n_finite"": 71022, ""missing_fraction"": 0.00992555831265507}",,laneA_ps1_metrics.v1
yh.twii.logret_5d,constant,MEASURED,"{""n_unique"": 2847, ""is_constant"": false, ""top_value_share"": 0.0017036974458618456}",,laneA_ps1_metrics.v1
yh.twii.logret_5d,scale_tails,MEASURED,"{""mean"": 0.0014546315679063917, ""std"": 0.02171984433398691, ""min"": -0.18277381363976097, ""max"": 0.11469149064171091, ""p001"": -0.12190432466025314, ""p01"": -0.05827063719740089, ""p05"": -0.03515465610317747, ""p25"": -0.009831144604184772, ""median"": 0.003005306862911894, ""p75"": 0.0143121476388135, ""p95"": 0.03357801589858056, ""p99"": 0.045182958794182326, ""p999"": 0.07989354671842008, ""mad"": 0.012085256462080807, ""skew"": -0.9737805817999002, ""excess_kurtosis"": 5.614634310788974, ""tail_ratio_p99_mad"": 3.4900088437186874, ""share_beyond_5mad"": 0.013122694376390414}",,laneA_ps1_metrics.v1
yh.twii.logret_5d,volatility,MEASURED,"{""std_first_diff"": 0.00263665801712321, ""rolling168_std_median"": 0.010413599076355263, ""vol_of_vol_cv"": 0.6301433638294945}",,laneA_ps1_metrics.v1
yh.twii.logret_5d,acf,MEASURED,"{""lag_1"": 0.9926306999358421, ""lag_6"": 0.9557164941429616, ""lag_24"": 0.8222063723293541, ""lag_120"": 0.06228806491945219, ""lag_168"": 0.045416092772876546, ""lag_unit"": ""rows of the decision grid (1 row = 1 market hour; weekend gaps not filled)""}",,laneA_ps1_metrics.v1
yh.twii.logret_5d,trend,MEASURED,"{""ols_slope_per_year"": 0.00013345901420744845, ""slope_in_std_per_year"": 0.006144565870511956, ""ols_r"": 0.01451670050418424, ""kendall_tau_3000"": 0.025148866241819477, ""kendall_p_3000"": 0.03893156173399415, ""caveat"": ""OLS p-value omitted: serial correlation makes it invalid""}",,laneA_ps1_metrics.v1
yh.twii.logret_5d,adf,MEASURED,"{""stat"": -9.249787332441846, ""pvalue"": 1.5030500862334205e-15, ""lags"": 24, ""nobs"": 19975, ""crit_5pct"": -2.8616847064863733, ""H0"": ""unit root"", ""regression"": ""c"", ""sample"": ""last 20000 finite TRAIN values (gaps compressed)""}",,laneA_ps1_metrics.v1
yh.twii.logret_5d,kpss,MEASURED,"{""stat"": 0.43098939389539914, ""pvalue"": 0.06379767504508659, ""lags"": 86, ""H0"": ""level stationary"", ""pvalue_truncated_to_table"": false, ""sample"": ""last 20000 finite TRAIN values (gaps compressed)""}",,laneA_ps1_metrics.v1
yh.twii.logret_5d,seasonality,MEASURED,"{""eta2_hour_of_day"": 4.622130530807557e-06, ""eta2_day_of_week"": 6.366553023847354e-05, ""eta2_month"": 0.020196904147160067}",,laneA_ps1_metrics.v1
yh.twii.logret_5d,spectrum,MEASURED,"{""top_periods_rows"": [1024.0, 682.6666666666666, 2048.0], ""top_power_share"": [0.14415204426925315, 0.13021382082132338, 0.11167697152132938], ""spectral_entropy_norm"": 0.4221962918645161, ""zero_filled_fraction"": 0.009925558312655087, ""method"": ""Welch nperseg<=2048 on demeaned rows""}",,laneA_ps1_metrics.v1
yh.twii.logret_5d,cost,MEASURED,"{""build_s"": 0.014329546249952892, ""profile_s"": 0.03235798599962436, ""bytes_float64"": 573872}",,laneA_ps1_metrics.v1
yh.dji.logret_1d,missingness,MEASURED,"{""n_rows"": 71734, ""n_finite"": 71734, ""missing_fraction"": 0.0}",,laneA_ps1_metrics.v1
yh.dji.logret_1d,constant,MEASURED,"{""n_unique"": 2934, ""is_constant"": false, ""top_value_share"": 0.0010315889257534782}",,laneA_ps1_metrics.v1
yh.dji.logret_1d,scale_tails,MEASURED,"{""mean"": 0.0003828362293873789, ""std"": 0.010534653105260361, ""min"": -0.13841811904491408, ""max"": 0.10764327896465709, ""p001"": -0.07147654074027443, ""p01"": -0.02970432695292751, ""p05"": -0.015500284285444366, ""p25"": -0.0036362188144405394, ""median"": 0.0005988247326911278, ""p75"": 0.005196774325181508, ""p95"": 0.01447962413262971, ""p99"": 0.023989878059023084, ""p999"": 0.07446233874504316, ""mad"": 0.004415030962478639, ""skew"": -0.8933264664254666, ""excess_kurtosis"": 23.361916399321238, ""tail_ratio_p99_mad"": 5.298049668308556, ""share_beyond_5mad"": 0.03620319513759166}",,laneA_ps1_metrics.v1
yh.dji.logret_1d,volatility,MEASURED,"{""std_first_diff"": 0.0032255909402840134, ""rolling168_std_median"": 0.006203104893683245, ""vol_of_vol_cv"": 0.8225087750254296}",,laneA_ps1_metrics.v1
yh.dji.logret_1d,acf,MEASURED,"{""lag_1"": 0.9531249069414668, ""lag_6"": 0.7187494898449547, ""lag_24"": -0.1024089836027883, ""lag_120"": 0.03714738844311157, ""lag_168"": 0.1302462886815991, ""lag_unit"": ""rows of the decision grid (1 row = 1 market hour; weekend gaps not filled)""}",,laneA_ps1_metrics.v1
yh.dji.logret_1d,trend,MEASURED,"{""ols_slope_per_year"": -5.624573580387229e-06, ""slope_in_std_per_year"": -0.0005339116081172774, ""ols_r"": -0.0012612533196013848, ""kendall_tau_3000"": 0.00423636832338387, ""kendall_p_3000"": 0.7279567933640163, ""caveat"": ""OLS p-value omitted: serial correlation makes it invalid""}",,laneA_ps1_metrics.v1
yh.dji.logret_1d,adf,MEASURED,"{""stat"": -19.15680538082438, ""pvalue"": 0.0, ""lags"": 24, ""nobs"": 19975, ""crit_5pct"": -2.8616847064863733, ""H0"": ""unit root"", ""regression"": ""c"", ""sample"": ""last 20000 finite TRAIN values (gaps compressed)""}",,laneA_ps1_metrics.v1
yh.dji.logret_1d,kpss,MEASURED,"{""stat"": 0.08489315829015454, ""pvalue"": 0.1, ""lags"": 82, ""H0"": ""level stationary"", ""pvalue_truncated_to_table"": true, ""sample"": ""last 20000 finite TRAIN values (gaps compressed)""}",,laneA_ps1_metrics.v1
yh.dji.logret_1d,seasonality,MEASURED,"{""eta2_hour_of_day"": 3.759016463138813e-06, ""eta2_day_of_week"": 0.00023521750790518551, ""eta2_month"": 0.004029502855736286}",,laneA_ps1_metrics.v1
yh.dji.logret_1d,spectrum,MEASURED,"{""top_periods_rows"": [55.351351351351354, 56.888888888888886, 53.89473684210526], ""top_power_share"": [0.03778083388728278, 0.03018939512574638, 0.029749162729735244], ""spectral_entropy_norm"": 0.6606794212205361, ""zero_filled_fraction"": 0.0, ""method"": ""Welch nperseg<=2048 on demeaned rows""}",,laneA_ps1_metrics.v1
yh.dji.logret_1d,cost,MEASURED,"{""build_s"": 0.014329546249952892, ""profile_s"": 0.032470987000124296, ""bytes_float64"": 573872}",,laneA_ps1_metrics.v1
yh.dji.logret_5d,missingness,MEASURED,"{""n_rows"": 71734, ""n_finite"": 71734, ""missing_fraction"": 0.0}",,laneA_ps1_metrics.v1
yh.dji.logret_5d,constant,MEASURED,"{""n_unique"": 2936, ""is_constant"": false, ""top_value_share"": 0.0010315889257534782}",,laneA_ps1_metrics.v1
yh.dji.logret_5d,scale_tails,MEASURED,"{""mean"": 0.0019000312044308082, ""std"": 0.022162312736926395, ""min"": -0.2087198948860376, ""max"": 0.18309062901965234, ""p001"": -0.16721595736917258, ""p01"": -0.06324359087647835, ""p05"": -0.0322385277991355, ""p25"": -0.007604537896328978, ""median"": 0.0035558648482485467, ""p75"": 0.013275228701420616, ""p95"": 0.03169276787261843, ""p99"": 0.05224306605196993, ""p999"": 0.11234082102521903, ""mad"": 0.01035020174307899, ""skew"": -1.2068382083671154, ""excess_kurtosis"": 12.522354969846027, ""tail_ratio_p99_mad"": 4.703985720498416, ""share_beyond_5mad"": 0.026807371678701872}",,laneA_ps1_metrics.v1
yh.dji.logret_5d,volatility,MEASURED,"{""std_first_diff"": 0.002945539310216418, ""rolling168_std_median"": 0.00948841550320702, ""vol_of_vol_cv"": 0.7899570179646093}",,laneA_ps1_metrics.v1
yh.dji.logret_5d,acf,MEASURED,"{""lag_1"": 0.9911678329373305, ""lag_6"": 0.9470047194163471, ""lag_24"": 0.7899810329362501, ""lag_120"": 0.0055270356550070595, ""lag_168"": 0.022403329289360865, ""lag_unit"": ""rows of the decision grid (1 row = 1 market hour; weekend gaps not filled)""}",,laneA_ps1_metrics.v1
yh.dji.logret_5d,trend,MEASURED,"{""ols_slope_per_year"": -3.318547388499378e-05, ""slope_in_std_per_year"": -0.0014973831602737389, ""ols_r"": -0.003537251209559062, ""kendall_tau_3000"": 0.0040356302092503255, ""kendall_p_3000"": 0.7403707621015162, ""caveat"": ""OLS p-value omitted: serial correlation makes it invalid""}",,laneA_ps1_metrics.v1
yh.dji.logret_5d,adf,MEASURED,"{""stat"": -9.890747373981293, ""pvalue"": 3.563463983764697e-17, ""lags"": 24, ""nobs"": 19975, ""crit_5pct"": -2.8616847064863733, ""H0"": ""unit root"", ""regression"": ""c"", ""sample"": ""last 20000 finite TRAIN values (gaps compressed)""}",,laneA_ps1_metrics.v1
yh.dji.logret_5d,kpss,MEASURED,"{""stat"": 0.16937730195482997, ""pvalue"": 0.1, ""lags"": 86, ""H0"": ""level stationary"", ""pvalue_truncated_to_table"": true, ""sample"": ""last 20000 finite TRAIN values (gaps compressed)""}",,laneA_ps1_metrics.v1
yh.dji.logret_5d,seasonality,MEASURED,"{""eta2_hour_of_day"": 2.535223732509974e-06, ""eta2_day_of_week"": 6.952369750496082e-05, ""eta2_month"": 0.021877315350401126}",,laneA_ps1_metrics.v1
yh.dji.logret_5d,spectrum,MEASURED,"{""top_periods_rows"": [1024.0, 2048.0, 682.6666666666666], ""top_power_share"": [0.13077066087243788, 0.11497648143150348, 0.11459169746591727], ""spectral_entropy_norm"": 0.43427607690714704, ""zero_filled_fraction"": 0.0, ""method"": ""Welch nperseg<=2048 on demeaned rows""}",,laneA_ps1_metrics.v1
yh.dji.logret_5d,cost,MEASURED,"{""build_s"": 0.014329546249952892, ""profile_s"": 0.03268909599955805, ""bytes_float64"": 573872}",,laneA_ps1_metrics.v1
yh.gspc.logret_1d,missingness,MEASURED,"{""n_rows"": 71734, ""n_finite"": 71734, ""missing_fraction"": 0.0}",,laneA_ps1_metrics.v1
yh.gspc.logret_1d,constant,MEASURED,"{""n_unique"": 2936, ""is_constant"": false, ""top_value_share"": 0.0010315889257534782}",,laneA_ps1_metrics.v1
yh.gspc.logret_1d,scale_tails,MEASURED,"{""mean"": 0.0004462713867988081, ""std"": 0.010722223997362255, ""min"": -0.12765219747281709, ""max"": 0.08968323251796306, ""p001"": -0.060752692996288715, ""p01"": -0.03203314786383466, ""p05"": -0.016083502390602966, ""p25"": -0.0037050524235047178, ""median"": 0.0006425807598766653, ""p75"": 0.005464550227672227, ""p95"": 0.015018346267301474, ""p99"": 0.02537359812214035, ""p999"": 0.06796824414483105, ""mad"": 0.004539407876071877, ""skew"": -0.7560522556678783, ""excess_kurtosis"": 16.18628351174416, ""tail_ratio_p99_mad"": 5.448071210482276, ""share_beyond_5mad"": 0.04088716647614799}",,laneA_ps1_metrics.v1
yh.gspc.logret_1d,volatility,MEASURED,"{""std_first_diff"": 0.0032745391317033274, ""rolling168_std_median"": 0.006557341137713854, ""vol_of_vol_cv"": 0.7742530513039685}",,laneA_ps1_metrics.v1
yh.gspc.logret_1d,acf,MEASURED,"{""lag_1"": 0.9533668166017838, ""lag_6"": 0.7201983549434902, ""lag_24"": -0.09595041986695575, ""lag_120"": 0.024041380341041467, ""lag_168"": 0.10770755969584656, ""lag_unit"": ""rows of the decision grid (1 row = 1 market hour; weekend gaps not filled)""}",,laneA_ps1_metrics.v1
yh.gspc.logret_1d,trend,MEASURED,"{""ols_slope_per_year"": -5.729709591613509e-06, ""slope_in_std_per_year"": -0.000534376971887834, ""ols_r"": -0.0012623526431439203, ""kendall_tau_3000"": 0.006893516183147108, ""kendall_p_3000"": 0.5713793998502937, ""caveat"": ""OLS p-value omitted: serial correlation makes it invalid""}",,laneA_ps1_metrics.v1
yh.gspc.logret_1d,adf,MEASURED,"{""stat"": -19.332756107852415, ""pvalue"": 0.0, ""lags"": 24, ""nobs"": 19975, ""crit_5pct"": -2.8616847064863733, ""H0"": ""unit root"", ""regression"": ""c"", ""sample"": ""last 20000 finite TRAIN values (gaps compressed)""}",,laneA_ps1_metrics.v1
yh.gspc.logret_1d,kpss,MEASURED,"{""stat"": 0.09982653689971976, ""pvalue"": 0.1, ""lags"": 82, ""H0"": ""level stationary"", ""pvalue_truncated_to_table"": true, ""sample"": ""last 20000 finite TRAIN values (gaps compressed)""}",,laneA_ps1_metrics.v1
yh.gspc.logret_1d,seasonality,MEASURED,"{""eta2_hour_of_day"": 2.9972995355914384e-06, ""eta2_day_of_week"": 0.000394194914389863, ""eta2_month"": 0.004733360803838874}",,laneA_ps1_metrics.v1
yh.gspc.logret_1d,spectrum,MEASURED,"{""top_periods_rows"": [55.351351351351354, 227.55555555555554, 56.888888888888886], ""top_power_share"": [0.03468964386637359, 0.028946050188197396, 0.028435242603172046], ""spectral_entropy_norm"": 0.6625718727104699, ""zero_filled_fraction"": 0.0, ""method"": ""Welch nperseg<=2048 on demeaned rows""}",,laneA_ps1_metrics.v1
yh.gspc.logret_1d,cost,MEASURED,"{""build_s"": 0.014329546249952892, ""profile_s"": 0.032275630999720306, ""bytes_float64"": 573872}",,laneA_ps1_metrics.v1
yh.gspc.logret_5d,missingness,MEASURED,"{""n_rows"": 71734, ""n_finite"": 71734, ""missing_fraction"": 0.0}",,laneA_ps1_metrics.v1
yh.gspc.logret_5d,constant,MEASURED,"{""n_unique"": 2936, ""is_constant"": false, ""top_value_share"": 0.0010315889257534782}",,laneA_ps1_metrics.v1
yh.gspc.logret_5d,scale_tails,MEASURED,"{""mean"": 0.0022015358676775866, ""std"": 0.022258783375783346, ""min"": -0.1980440493779767, ""max"": 0.16039479904138076, ""p001"": -0.13562473476570053, ""p01"": -0.06376732668819862, ""p05"": -0.034027433734571844, ""p25"": -0.007022243765922198, ""median"": 0.004034955984890232, ""p75"": 0.014155077440349828, ""p95"": 0.03228339910820033, ""p99"": 0.053987147206055575, ""p999"": 0.1003447317343424, ""mad"": 0.010587123811420796, ""skew"": -1.0862427082133341, ""excess_kurtosis"": 8.288673226571541, ""tail_ratio_p99_mad"": 4.718202234234734, ""share_beyond_5mad"": 0.02868932444865754}",,laneA_ps1_metrics.v1
yh.gspc.logret_5d,volatility,MEASURED,"{""std_first_diff"": 0.0030170277707373683, ""rolling168_std_median"": 0.009853347959083632, ""vol_of_vol_cv"": 0.7445179812008069}",,laneA_ps1_metrics.v1
yh.gspc.logret_5d,acf,MEASURED,"{""lag_1"": 0.9908140574567258, ""lag_6"": 0.9448817009394136, ""lag_24"": 0.7812478329115937, ""lag_120"": -0.010097369651024951, ""lag_168"": 0.02176866724726507, ""lag_unit"": ""rows of the decision grid (1 row = 1 market hour; weekend gaps not filled)""}",,laneA_ps1_metrics.v1
yh.gspc.logret_5d,trend,MEASURED,"{""ols_slope_per_year"": -5.355905534654134e-05, ""slope_in_std_per_year"": -0.0024061986876071323, ""ols_r"": -0.005684135793688103, ""kendall_tau_3000"": 0.013291303856509694, ""kendall_p_3000"": 0.27512399189051606, ""caveat"": ""OLS p-value omitted: serial correlation makes it invalid""}",,laneA_ps1_metrics.v1
yh.gspc.logret_5d,adf,MEASURED,"{""stat"": -9.995367632417375, ""pvalue"": 1.9466480142678968e-17, ""lags"": 24, ""nobs"": 19975, ""crit_5pct"": -2.8616847064863733, ""H0"": ""unit root"", ""regression"": ""c"", ""sample"": ""last 20000 finite TRAIN values (gaps compressed)""}",,laneA_ps1_metrics.v1
yh.gspc.logret_5d,kpss,MEASURED,"{""stat"": 0.20590041435204484, ""pvalue"": 0.1, ""lags"": 86, ""H0"": ""level stationary"", ""pvalue_truncated_to_table"": true, ""sample"": ""last 20000 finite TRAIN values (gaps compressed)""}",,laneA_ps1_metrics.v1
yh.gspc.logret_5d,seasonality,MEASURED,"{""eta2_hour_of_day"": 4.18144978575899e-06, ""eta2_day_of_week"": 5.165015844073382e-05, ""eta2_month"": 0.021874917549891355}",,laneA_ps1_metrics.v1
yh.gspc.logret_5d,spectrum,MEASURED,"{""top_periods_rows"": [1024.0, 2048.0, 682.6666666666666], ""top_power_share"": [0.13000837013352512, 0.11418051796090252, 0.10767888379327777], ""spectral_entropy_norm"": 0.43874167664023755, ""zero_filled_fraction"": 0.0, ""method"": ""Welch nperseg<=2048 on demeaned rows""}",,laneA_ps1_metrics.v1
yh.gspc.logret_5d,cost,MEASURED,"{""build_s"": 0.014329546249952892, ""profile_s"": 0.03224917199986521, ""bytes_float64"": 573872}",,laneA_ps1_metrics.v1
yh.ixic.logret_1d,missingness,MEASURED,"{""n_rows"": 71734, ""n_finite"": 71734, ""missing_fraction"": 0.0}",,laneA_ps1_metrics.v1
yh.ixic.logret_1d,constant,MEASURED,"{""n_unique"": 2936, ""is_constant"": false, ""top_value_share"": 0.0010315889257534782}",,laneA_ps1_metrics.v1
yh.ixic.logret_1d,scale_tails,MEASURED,"{""mean"": 0.0005696091752142676, ""std"": 0.012674122861167451, ""min"": -0.13149154641354954, ""max"": 0.08934696396191733, ""p001"": -0.05409169433805516, ""p01"": -0.038491684997804754, ""p05"": -0.020867052853814627, ""p25"": -0.0046724340576602685, ""median"": 0.0010905961710996337, ""p75"": 0.00695931119426163, ""p95"": 0.018539894816271385, ""p99"": 0.032067301372975976, ""p999"": 0.07092636093978832, ""mad"": 0.005836236524062954, ""skew"": -0.6238438408193866, ""excess_kurtosis"": 8.821216769474768, ""tail_ratio_p99_mad"": 5.307650756469274, ""share_beyond_5mad"": 0.03552011598405219}",,laneA_ps1_metrics.v1
yh.ixic.logret_1d,volatility,MEASURED,"{""std_first_diff"": 0.0038311622229209776, ""rolling168_std_median"": 0.00830920527547074, ""vol_of_vol_cv"": 0.6783706313606739}",,laneA_ps1_metrics.v1
yh.ixic.logret_1d,acf,MEASURED,"{""lag_1"": 0.9543132316932661, ""lag_6"": 0.7258754791936014, ""lag_24"": -0.07230175573675378, ""lag_120"": 0.005652298238875201, ""lag_168"": 0.0793945813190704, ""lag_unit"": ""rows of the decision grid (1 row = 1 market hour; weekend gaps not filled)""}",,laneA_ps1_metrics.v1
yh.ixic.logret_1d,trend,MEASURED,"{""ols_slope_per_year"": -1.3392231871353786e-05, ""slope_in_std_per_year"": -0.0010566594641737747, ""ols_r"": -0.002496134634676557, ""kendall_tau_3000"": 0.010660608257949138, ""kendall_p_3000"": 0.38139214422051215, ""caveat"": ""OLS p-value omitted: serial correlation makes it invalid""}",,laneA_ps1_metrics.v1
yh.ixic.logret_1d,adf,MEASURED,"{""stat"": -19.173546452607603, ""pvalue"": 0.0, ""lags"": 24, ""nobs"": 19975, ""crit_5pct"": -2.8616847064863733, ""H0"": ""unit root"", ""regression"": ""c"", ""sample"": ""last 20000 finite TRAIN values (gaps compressed)""}",,laneA_ps1_metrics.v1
yh.ixic.logret_1d,kpss,MEASURED,"{""stat"": 0.11321794887882117, ""pvalue"": 0.1, ""lags"": 82, ""H0"": ""level stationary"", ""pvalue_truncated_to_table"": true, ""sample"": ""last 20000 finite TRAIN values (gaps compressed)""}",,laneA_ps1_metrics.v1
yh.ixic.logret_1d,seasonality,MEASURED,"{""eta2_hour_of_day"": 1.7803364687565896e-06, ""eta2_day_of_week"": 0.00040906602173614536, ""eta2_month"": 0.00431133701757848}",,laneA_ps1_metrics.v1
yh.ixic.logret_1d,spectrum,MEASURED,"{""top_periods_rows"": [55.351351351351354, 227.55555555555554, 56.888888888888886], ""top_power_share"": [0.029328340398257144, 0.028109611829901855, 0.025791689595239763], ""spectral_entropy_norm"": 0.664133991729926, ""zero_filled_fraction"": 0.0, ""method"": ""Welch nperseg<=2048 on demeaned rows""}",,laneA_ps1_metrics.v1
yh.ixic.logret_1d,cost,MEASURED,"{""build_s"": 0.014329546249952892, ""profile_s"": 0.032602604999738105, ""bytes_float64"": 573872}",,laneA_ps1_metrics.v1
yh.ixic.logret_5d,missingness,MEASURED,"{""n_rows"": 71734, ""n_finite"": 71734, ""missing_fraction"": 0.0}",,laneA_ps1_metrics.v1
yh.ixic.logret_5d,constant,MEASURED,"{""n_unique"": 2935, ""is_constant"": false, ""top_value_share"": 0.0010315889257534782}",,laneA_ps1_metrics.v1
yh.ixic.logret_5d,scale_tails,MEASURED,"{""mean"": 0.0028476231137143752, ""std"": 0.026390603039213242, ""min"": -0.19341786388396542, ""max"": 0.12499902154867293, ""p001"": -0.13266763074480578, ""p01"": -0.07811759140708574, ""p05"": -0.04138822844373102, ""p25"": -0.010023512930825262, ""median"": 0.005503499889400132, ""p75"": 0.0182483413015202, ""p95"": 0.039362504227852924, ""p99"": 0.06508621711357954, ""p999"": 0.09477349806246334, ""mad"": 0.013838216259786762, ""skew"": -0.8422368086372525, ""excess_kurtosis"": 3.8225008377495504, ""tail_ratio_p99_mad"": 4.305664552831431, ""share_beyond_5mad"": 0.024228399364318174}",,laneA_ps1_metrics.v1
yh.ixic.logret_5d,volatility,MEASURED,"{""std_first_diff"": 0.00359803378582752, ""rolling168_std_median"": 0.012586807101743088, ""vol_of_vol_cv"": 0.6567331858850711}",,laneA_ps1_metrics.v1
yh.ixic.logret_5d,acf,MEASURED,"{""lag_1"": 0.9907060689986402, ""lag_6"": 0.9442316837813608, ""lag_24"": 0.7781876223125511, ""lag_120"": -0.01012241548400385, ""lag_168"": 0.01058352777487758, ""lag_unit"": ""rows of the decision grid (1 row = 1 market hour; weekend gaps not filled)""}",,laneA_ps1_metrics.v1
yh.ixic.logret_5d,trend,MEASURED,"{""ols_slope_per_year"": -0.0001001005026913729, ""slope_in_std_per_year"": -0.0037930358219793485, ""ols_r"": -0.008960245383515966, ""kendall_tau_3000"": 0.01572971189360415, ""kendall_p_3000"": 0.19651162791039312, ""caveat"": ""OLS p-value omitted: serial correlation makes it invalid""}",,laneA_ps1_metrics.v1
yh.ixic.logret_5d,adf,MEASURED,"{""stat"": -9.918621244800278, ""pvalue"": 3.032652882356501e-17, ""lags"": 24, ""nobs"": 19975, ""crit_5pct"": -2.8616847064863733, ""H0"": ""unit root"", ""regression"": ""c"", ""sample"": ""last 20000 finite TRAIN values (gaps compressed)""}",,laneA_ps1_metrics.v1
yh.ixic.logret_5d,kpss,MEASURED,"{""stat"": 0.2357865151483747, ""pvalue"": 0.1, ""lags"": 86, ""H0"": ""level stationary"", ""pvalue_truncated_to_table"": true, ""sample"": ""last 20000 finite TRAIN values (gaps compressed)""}",,laneA_ps1_metrics.v1
yh.ixic.logret_5d,seasonality,MEASURED,"{""eta2_hour_of_day"": 7.334651856143138e-06, ""eta2_day_of_week"": 5.8761374771311534e-05, ""eta2_month"": 0.016428476917086415}",,laneA_ps1_metrics.v1
yh.ixic.logret_5d,spectrum,MEASURED,"{""top_periods_rows"": [1024.0, 2048.0, 682.6666666666666], ""top_power_share"": [0.12484543213004096, 0.10906261216451718, 0.10615358534357974], ""spectral_entropy_norm"": 0.44157393369462156, ""zero_filled_fraction"": 0.0, ""method"": ""Welch nperseg<=2048 on demeaned rows""}",,laneA_ps1_metrics.v1
yh.ixic.logret_5d,cost,MEASURED,"{""build_s"": 0.014329546249952892, ""profile_s"": 0.03279537599973992, ""bytes_float64"": 573872}",,laneA_ps1_metrics.v1
yh.rut.logret_1d,missingness,MEASURED,"{""n_rows"": 71734, ""n_finite"": 71734, ""missing_fraction"": 0.0}",,laneA_ps1_metrics.v1
yh.rut.logret_1d,constant,MEASURED,"{""n_unique"": 2934, ""is_constant"": false, ""top_value_share"": 0.0013661583070789306}",,laneA_ps1_metrics.v1
yh.rut.logret_1d,scale_tails,MEASURED,"{""mean"": 0.00038516554921542073, ""std"": 0.013653670550005517, ""min"": -0.15399089181291092, ""max"": 0.08976265458668475, ""p001"": -0.09837585543866645, ""p01"": -0.03598990321962692, ""p05"": -0.0202189757024831, ""p25"": -0.006200490077413079, ""median"": 0.000942487179418805, ""p75"": 0.007770392620783717, ""p95"": 0.02051872575482694, ""p99"": 0.031224492383094216, ""p999"": 0.07478640728100139, ""mad"": 0.0070014586204170115, ""skew"": -0.898875675610482, ""excess_kurtosis"": 12.014442500048572, ""tail_ratio_p99_mad"": 4.325099503604835, ""share_beyond_5mad"": 0.019056514344662226}",,laneA_ps1_metrics.v1
yh.rut.logret_1d,volatility,MEASURED,"{""std_first_diff"": 0.0041055450007856905, ""rolling168_std_median"": 0.009411372227406898, ""vol_of_vol_cv"": 0.6423158783400649}",,laneA_ps1_metrics.v1
yh.rut.logret_1d,acf,MEASURED,"{""lag_1"": 0.9547926613165952, ""lag_6"": 0.7287490482040805, ""lag_24"": -0.05548810494374878, ""lag_120"": 0.016134390704777644, ""lag_168"": 0.0786778945950756, ""lag_unit"": ""rows of the decision grid (1 row = 1 market hour; weekend gaps not filled)""}",,laneA_ps1_metrics.v1
yh.rut.logret_1d,trend,MEASURED,"{""ols_slope_per_year"": -3.503890991439902e-05, ""slope_in_std_per_year"": -0.0025662630269327, ""ols_r"": -0.006062253962041971, ""kendall_tau_3000"": -0.006571407453791181, ""kendall_p_3000"": 0.589491704573387, ""caveat"": ""OLS p-value omitted: serial correlation makes it invalid""}",,laneA_ps1_metrics.v1
yh.rut.logret_1d,adf,MEASURED,"{""stat"": -18.956596024669526, ""pvalue"": 0.0, ""lags"": 24, ""nobs"": 19975, ""crit_5pct"": -2.8616847064863733, ""H0"": ""unit root"", ""regression"": ""c"", ""sample"": ""last 20000 finite TRAIN values (gaps compressed)""}",,laneA_ps1_metrics.v1
yh.rut.logret_1d,kpss,MEASURED,"{""stat"": 0.16468429350078256, ""pvalue"": 0.1, ""lags"": 82, ""H0"": ""level stationary"", ""pvalue_truncated_to_table"": true, ""sample"": ""last 20000 finite TRAIN values (gaps compressed)""}",,laneA_ps1_metrics.v1
yh.rut.logret_1d,seasonality,MEASURED,"{""eta2_hour_of_day"": 7.423855812375097e-06, ""eta2_day_of_week"": 0.0010173840852432884, ""eta2_month"": 0.0040774692547852955}",,laneA_ps1_metrics.v1
yh.rut.logret_1d,spectrum,MEASURED,"{""top_periods_rows"": [227.55555555555554, 55.351351351351354, 292.57142857142856], ""top_power_share"": [0.027828739996551194, 0.0275182192328483, 0.027097305759508448], ""spectral_entropy_norm"": 0.6636857920336878, ""zero_filled_fraction"": 0.0, ""method"": ""Welch nperseg<=2048 on demeaned rows""}",,laneA_ps1_metrics.v1
yh.rut.logret_1d,cost,MEASURED,"{""build_s"": 0.014329546249952892, ""profile_s"": 0.03254559800006973, ""bytes_float64"": 573872}",,laneA_ps1_metrics.v1
yh.rut.logret_5d,missingness,MEASURED,"{""n_rows"": 71734, ""n_finite"": 71734, ""missing_fraction"": 0.0}",,laneA_ps1_metrics.v1
yh.rut.logret_5d,constant,MEASURED,"{""n_unique"": 2936, ""is_constant"": false, ""top_value_share"": 0.0010315889257534782}",,laneA_ps1_metrics.v1
yh.rut.logret_5d,scale_tails,MEASURED,"{""mean"": 0.0018372191012388471, ""std"": 0.02973562936431257, ""min"": -0.27530304753998447, ""max"": 0.1445734841660098, ""p001"": -0.19956012826655378, ""p01"": -0.08068235156782233, ""p05"": -0.04347820532267033, ""p25"": -0.013090012235656978, ""median"": 0.0034645126948511518, ""p75"": 0.018505509820806232, ""p95"": 0.04484788378355287, ""p99"": 0.07292883200817446, ""p999"": 0.13819780173180174, ""mad"": 0.015664198750338088, ""skew"": -1.0137076702816226, ""excess_kurtosis"": 8.59525098770013, ""tail_ratio_p99_mad"": 4.434591288100455, ""share_beyond_5mad"": 0.020980288287283575}",,laneA_ps1_metrics.v1
yh.rut.logret_5d,volatility,MEASURED,"{""std_first_diff"": 0.0038470158152279074, ""rolling168_std_median"": 0.014357938241918118, ""vol_of_vol_cv"": 0.6727317883127655}",,laneA_ps1_metrics.v1
yh.rut.logret_5d,acf,MEASURED,"{""lag_1"": 0.9916311673847183, ""lag_6"": 0.9497756998993911, ""lag_24"": 0.8003162831897924, ""lag_120"": 0.011304778332897614, ""lag_168"": 0.02101089040364219, ""lag_unit"": ""rows of the decision grid (1 row = 1 market hour; weekend gaps not filled)""}",,laneA_ps1_metrics.v1
yh.rut.logret_5d,trend,MEASURED,"{""ols_slope_per_year"": -0.00022534051196750637, ""slope_in_std_per_year"": -0.007578131581030211, ""ols_r"": -0.01790173404667946, ""kendall_tau_3000"": -0.010836669683845702, ""kendall_p_3000"": 0.3735784606009479, ""caveat"": ""OLS p-value omitted: serial correlation makes it invalid""}",,laneA_ps1_metrics.v1
yh.rut.logret_5d,adf,MEASURED,"{""stat"": -10.012356552627528, ""pvalue"": 1.7649633259072682e-17, ""lags"": 24, ""nobs"": 19975, ""crit_5pct"": -2.8616847064863733, ""H0"": ""unit root"", ""regression"": ""c"", ""sample"": ""last 20000 finite TRAIN values (gaps compressed)""}",,laneA_ps1_metrics.v1
yh.rut.logret_5d,kpss,MEASURED,"{""stat"": 0.3501278506734669, ""pvalue"": 0.09865178850281599, ""lags"": 86, ""H0"": ""level stationary"", ""pvalue_truncated_to_table"": false, ""sample"": ""last 20000 finite TRAIN values (gaps compressed)""}",,laneA_ps1_metrics.v1
yh.rut.logret_5d,seasonality,MEASURED,"{""eta2_hour_of_day"": 2.155881967272332e-06, ""eta2_day_of_week"": 3.633381527214882e-05, ""eta2_month"": 0.020009038611583693}",,laneA_ps1_metrics.v1
yh.rut.logret_5d,spectrum,MEASURED,"{""top_periods_rows"": [1024.0, 2048.0, 682.6666666666666], ""top_power_share"": [0.12972738493505104, 0.12003080163221944, 0.10633835683943987], ""spectral_entropy_norm"": 0.43101256298826846, ""zero_filled_fraction"": 0.0, ""method"": ""Welch nperseg<=2048 on demeaned rows""}",,laneA_ps1_metrics.v1
yh.rut.logret_5d,cost,MEASURED,"{""build_s"": 0.014329546249952892, ""profile_s"": 0.03271312099968782, ""bytes_float64"": 573872}",,laneA_ps1_metrics.v1
yh.vix.level,missingness,MEASURED,"{""n_rows"": 71734, ""n_finite"": 71734, ""missing_fraction"": 0.0}",,laneA_ps1_metrics.v1
yh.vix.level,constant,MEASURED,"{""n_unique"": 1461, ""is_constant"": false, ""top_value_share"": 0.003680263194579976}",,laneA_ps1_metrics.v1
yh.vix.level,scale_tails,MEASURED,"{""mean"": 17.754005219309065, ""std"": 6.904363392029373, ""min"": 9.140000343322754, ""max"": 82.69000244140625, ""p001"": 9.220000267028809, ""p01"": 9.729999542236328, ""p05"": 10.880000114440918, ""p25"": 13.220000267028809, ""median"": 15.90999984741211, ""p75"": 20.549999237060547, ""p95"": 29.959999084472656, ""p99"": 41.380001068115234, ""p999"": 75.58748187256172, ""mad"": 3.1499996185302734, ""skew"": 2.7324257732557364, ""excess_kurtosis"": 14.201718555992745, ""tail_ratio_p99_mad"": 8.085715652431386, ""share_beyond_5mad"": 0.03550617559316363}",,laneA_ps1_metrics.v1
yh.vix.level,volatility,MEASURED,"{""std_first_diff"": 0.35953803153427666, ""rolling168_std_median"": 0.9215445600464638, ""vol_of_vol_cv"": 0.943212197900152}",,laneA_ps1_metrics.v1
yh.vix.level,acf,MEASURED,"{""lag_1"": 0.9986441609627412, ""lag_6"": 0.9918648170086968, ""lag_24"": 0.9678407329326923, ""lag_120"": 0.8766024603471174, ""lag_168"": 0.837033890286071, ""lag_unit"": ""rows of the decision grid (1 row = 1 market hour; weekend gaps not filled)""}",,laneA_ps1_metrics.v1
yh.vix.level,trend,MEASURED,"{""ols_slope_per_year"": 1.0739862305581607, ""slope_in_std_per_year"": 0.15555181116306915, ""ols_r"": 0.367458274397237, ""kendall_tau_3000"": 0.2329329110962614, ""kendall_p_3000"": 1.7357478108628657e-81, ""caveat"": ""OLS p-value omitted: serial correlation makes it invalid""}",,laneA_ps1_metrics.v1
yh.vix.level,adf,MEASURED,"{""stat"": -4.215084431635721, ""pvalue"": 0.0006212133499724231, ""lags"": 24, ""nobs"": 19975, ""crit_5pct"": -2.8616847064863733, ""H0"": ""unit root"", ""regression"": ""c"", ""sample"": ""last 20000 finite TRAIN values (gaps compressed)""}",,laneA_ps1_metrics.v1
yh.vix.level,kpss,MEASURED,"{""stat"": 3.800273610398109, ""pvalue"": 0.01, ""lags"": 87, ""H0"": ""level stationary"", ""pvalue_truncated_to_table"": true, ""sample"": ""last 20000 finite TRAIN values (gaps compressed)""}",,laneA_ps1_metrics.v1
yh.vix.level,seasonality,MEASURED,"{""eta2_hour_of_day"": 2.272439845423347e-06, ""eta2_day_of_week"": 0.000200174645714905, ""eta2_month"": 0.03479429017823533}",,laneA_ps1_metrics.v1
yh.vix.level,spectrum,MEASURED,"{""top_periods_rows"": [2048.0, 1024.0, 682.6666666666666], ""top_power_share"": [0.4366775729098891, 0.23592595273812803, 0.09008968471617755], ""spectral_entropy_norm"": 0.298288967625632, ""zero_filled_fraction"": 0.0, ""method"": ""Welch nperseg<=2048 on demeaned rows""}",,laneA_ps1_metrics.v1
yh.vix.level,cost,MEASURED,"{""build_s"": 0.014329546249952892, ""profile_s"": 0.03247423399989202, ""bytes_float64"": 573872}",,laneA_ps1_metrics.v1
yh.vix.logret_1d,missingness,MEASURED,"{""n_rows"": 71734, ""n_finite"": 71734, ""missing_fraction"": 0.0}",,laneA_ps1_metrics.v1
yh.vix.logret_1d,constant,MEASURED,"{""n_unique"": 2914, ""is_constant"": false, ""top_value_share"": 0.004614269384113531}",,laneA_ps1_metrics.v1
yh.vix.logret_1d,scale_tails,MEASURED,"{""mean"": -0.0008521890742587881, ""std"": 0.07713903274837959, ""min"": -0.2998312127665046, ""max"": 0.7682450294663026, ""p001"": -0.2648219043454909, ""p01"": -0.17982022644575002, ""p05"": -0.11163159780983856, ""p25"": -0.044137791123023185, ""median"": -0.007208694017032169, ""p75"": 0.03468554054099071, ""p95"": 0.12540792857154504, ""p99"": 0.23371023589641604, ""p999"": 0.4320200741721716, ""mad"": 0.039537583770495655, ""skew"": 1.1885357661980516, ""excess_kurtosis"": 6.7947788069396395, ""tail_ratio_p99_mad"": 6.09341560455271, ""share_beyond_5mad"": 0.02357320099255583}",,laneA_ps1_metrics.v1
yh.vix.logret_1d,volatility,MEASURED,"{""std_first_diff"": 0.023009766278748817, ""rolling168_std_median"": 0.05478095230509756, ""vol_of_vol_cv"": 0.5500926488466951}",,laneA_ps1_metrics.v1
yh.vix.logret_1d,acf,MEASURED,"{""lag_1"": 0.9555121630273206, ""lag_6"": 0.7330697348296681, ""lag_24"": -0.04670864126115757, ""lag_120"": -0.011121343682597363, ""lag_168"": -0.02342098666301092, ""lag_unit"": ""rows of the decision grid (1 row = 1 market hour; weekend gaps not filled)""}",,laneA_ps1_metrics.v1
yh.vix.logret_1d,trend,MEASURED,"{""ols_slope_per_year"": -0.00016046682994294134, ""slope_in_std_per_year"": -0.002080228701679075, ""ols_r"": -0.004914100603234118, ""kendall_tau_3000"": -0.014690381698368688, ""kendall_p_3000"": 0.22773894550299723, ""caveat"": ""OLS p-value omitted: serial correlation makes it invalid""}",,laneA_ps1_metrics.v1
yh.vix.logret_1d,adf,MEASURED,"{""stat"": -20.97806474676113, ""pvalue"": 0.0, ""lags"": 24, ""nobs"": 19975, ""crit_5pct"": -2.8616847064863733, ""H0"": ""unit root"", ""regression"": ""c"", ""sample"": ""last 20000 finite TRAIN values (gaps compressed)""}",,laneA_ps1_metrics.v1
yh.vix.logret_1d,kpss,MEASURED,"{""stat"": 0.026315627818558, ""pvalue"": 0.1, ""lags"": 82, ""H0"": ""level stationary"", ""pvalue_truncated_to_table"": true, ""sample"": ""last 20000 finite TRAIN values (gaps compressed)""}",,laneA_ps1_metrics.v1
yh.vix.logret_1d,seasonality,MEASURED,"{""eta2_hour_of_day"": 0.00011786315558462013, ""eta2_day_of_week"": 0.01588555939166226, ""eta2_month"": 0.003100389966127543}",,laneA_ps1_metrics.v1
yh.vix.logret_1d,spectrum,MEASURED,"{""top_periods_rows"": [227.55555555555554, 292.57142857142856, 204.8], ""top_power_share"": [0.026576768964694356, 0.024349879257555718, 0.024145874956064], ""spectral_entropy_norm"": 0.6644049450649336, ""zero_filled_fraction"": 0.0, ""method"": ""Welch nperseg<=2048 on demeaned rows""}",,laneA_ps1_metrics.v1
yh.vix.logret_1d,cost,MEASURED,"{""build_s"": 0.014329546249952892, ""profile_s"": 0.03264267899976403, ""bytes_float64"": 573872}",,laneA_ps1_metrics.v1
yh.vix.logret_5d,missingness,MEASURED,"{""n_rows"": 71734, ""n_finite"": 71734, ""missing_fraction"": 0.0}",,laneA_ps1_metrics.v1
yh.vix.logret_5d,constant,MEASURED,"{""n_unique"": 2924, ""is_constant"": false, ""top_value_share"": 0.0030111244319290715}",,laneA_ps1_metrics.v1
yh.vix.logret_5d,scale_tails,MEASURED,"{""mean"": -0.0014318783174099485, ""std"": 0.15560951555594554, ""min"": -0.5590929286146875, ""max"": 1.1407237800592158, ""p001"": -0.556224782585228, ""p01"": -0.34991264115498355, ""p05"": -0.22371639790893605, ""p25"": -0.09082412624086933, ""median"": -0.013058960992963886, ""p75"": 0.07494141914869923, ""p95"": 0.261517526888273, ""p99"": 0.453652339455374, ""p999"": 0.9328788996118302, ""mad"": 0.08326182712957753, ""skew"": 0.9332733585316564, ""excess_kurtosis"": 4.4559452845372824, ""tail_ratio_p99_mad"": 5.605345409031333, ""share_beyond_5mad"": 0.02006022248863858}",,laneA_ps1_metrics.v1
yh.vix.logret_5d,volatility,MEASURED,"{""std_first_diff"": 0.02219875649550337, ""rolling168_std_median"": 0.08395513922912479, ""vol_of_vol_cv"": 0.6047309088951004}",,laneA_ps1_metrics.v1
yh.vix.logret_5d,acf,MEASURED,"{""lag_1"": 0.9898246067618897, ""lag_6"": 0.9389481389222694, ""lag_24"": 0.7562173201028746, ""lag_120"": -0.15034579553561872, ""lag_168"": -0.13428529353026386, ""lag_unit"": ""rows of the decision grid (1 row = 1 market hour; weekend gaps not filled)""}",,laneA_ps1_metrics.v1
yh.vix.logret_5d,trend,MEASURED,"{""ols_slope_per_year"": -0.0002553910939857839, ""slope_in_std_per_year"": -0.0016412305704657524, ""ols_r"": -0.003877060310658227, ""kendall_tau_3000"": -0.0069202229245956684, ""kendall_p_3000"": 0.5698913590167247, ""caveat"": ""OLS p-value omitted: serial correlation makes it invalid""}",,laneA_ps1_metrics.v1
yh.vix.logret_5d,adf,MEASURED,"{""stat"": -11.172858315259145, ""pvalue"": 2.6142119932159078e-20, ""lags"": 24, ""nobs"": 19975, ""crit_5pct"": -2.8616847064863733, ""H0"": ""unit root"", ""regression"": ""c"", ""sample"": ""last 20000 finite TRAIN values (gaps compressed)""}",,laneA_ps1_metrics.v1
yh.vix.logret_5d,kpss,MEASURED,"{""stat"": 0.06223717611990772, ""pvalue"": 0.1, ""lags"": 86, ""H0"": ""level stationary"", ""pvalue_truncated_to_table"": true, ""sample"": ""last 20000 finite TRAIN values (gaps compressed)""}",,laneA_ps1_metrics.v1
yh.vix.logret_5d,seasonality,MEASURED,"{""eta2_hour_of_day"": 3.659798905909635e-06, ""eta2_day_of_week"": 7.885939125002742e-05, ""eta2_month"": 0.017371934379074857}",,laneA_ps1_metrics.v1
yh.vix.logret_5d,spectrum,MEASURED,"{""top_periods_rows"": [512.0, 409.6, 1024.0], ""top_power_share"": [0.11397522966613073, 0.10956590143659252, 0.09949517970637252], ""spectral_entropy_norm"": 0.4471361103281789, ""zero_filled_fraction"": 0.0, ""method"": ""Welch nperseg<=2048 on demeaned rows""}",,laneA_ps1_metrics.v1
yh.vix.logret_5d,cost,MEASURED,"{""build_s"": 0.014329546249952892, ""profile_s"": 0.03252748300019448, ""bytes_float64"": 573872}",,laneA_ps1_metrics.v1
yh.usdbrl_x.logret_1d,missingness,MEASURED,"{""n_rows"": 71734, ""n_finite"": 71734, ""missing_fraction"": 0.0}",,laneA_ps1_metrics.v1
yh.usdbrl_x.logret_1d,constant,MEASURED,"{""n_unique"": 3013, ""is_constant"": false, ""top_value_share"": 0.006719268408286168}",,laneA_ps1_metrics.v1
yh.usdbrl_x.logret_1d,scale_tails,MEASURED,"{""mean"": 0.0003362603118953698, ""std"": 0.010528386649128646, ""min"": -0.06223972554197643, ""max"": 0.07249728667927058, ""p001"": -0.051499772940650335, ""p01"": -0.027413529949624812, ""p05"": -0.016198139078136498, ""p25"": -0.005498668399795126, ""median"": 0.00014826396245271045, ""p75"": 0.00609554881834351, ""p95"": 0.017513440351748066, ""p99"": 0.02815814294558261, ""p999"": 0.060244315051314334, ""mad"": 0.0058030315393667875, ""skew"": 0.131014713956223, ""excess_kurtosis"": 3.6305948956001473, ""tail_ratio_p99_mad"": 4.826766629323933, ""share_beyond_5mad"": 0.015334429977416566}",,laneA_ps1_metrics.v1
yh.usdbrl_x.logret_1d,volatility,MEASURED,"{""std_first_diff"": 0.0032029626916888648, ""rolling168_std_median"": 0.008088469194883666, ""vol_of_vol_cv"": 0.49414929508069716}",,laneA_ps1_metrics.v1
yh.usdbrl_x.logret_1d,acf,MEASURED,"{""lag_1"": 0.9537252353054103, ""lag_6"": 0.722654217429122, ""lag_24"": -0.08709600765729748, ""lag_120"": -0.016088683970689185, ""lag_168"": -0.0021279130255598385, ""lag_unit"": ""rows of the decision grid (1 row = 1 market hour; weekend gaps not filled)""}",,laneA_ps1_metrics.v1
yh.usdbrl_x.logret_1d,trend,MEASURED,"{""ols_slope_per_year"": -7.20450838461907e-05, ""slope_in_std_per_year"": -0.006842936743033969, ""ols_r"": -0.016164991642358323, ""kendall_tau_3000"": -0.010448615564618962, ""kendall_p_3000"": 0.3909361085978449, ""caveat"": ""OLS p-value omitted: serial correlation makes it invalid""}",,laneA_ps1_metrics.v1
yh.usdbrl_x.logret_1d,adf,MEASURED,"{""stat"": -19.490053499364514, ""pvalue"": 0.0, ""lags"": 24, ""nobs"": 19975, ""crit_5pct"": -2.8616847064863733, ""H0"": ""unit root"", ""regression"": ""c"", ""sample"": ""last 20000 finite TRAIN values (gaps compressed)""}",,laneA_ps1_metrics.v1
yh.usdbrl_x.logret_1d,kpss,MEASURED,"{""stat"": 0.021945229448112887, ""pvalue"": 0.1, ""lags"": 82, ""H0"": ""level stationary"", ""pvalue_truncated_to_table"": true, ""sample"": ""last 20000 finite TRAIN values (gaps compressed)""}",,laneA_ps1_metrics.v1
yh.usdbrl_x.logret_1d,seasonality,MEASURED,"{""eta2_hour_of_day"": 2.521036952064388e-05, ""eta2_day_of_week"": 0.010899818640096669, ""eta2_month"": 0.004223581219257018}",,laneA_ps1_metrics.v1
yh.usdbrl_x.logret_1d,spectrum,MEASURED,"{""top_periods_rows"": [85.33333333333333, 81.92, 102.4], ""top_power_share"": [0.02492215722924452, 0.023664983177165977, 0.023128819809001645], ""spectral_entropy_norm"": 0.6690574979938876, ""zero_filled_fraction"": 0.0, ""method"": ""Welch nperseg<=2048 on demeaned rows""}",,laneA_ps1_metrics.v1
yh.usdbrl_x.logret_1d,cost,MEASURED,"{""build_s"": 0.014329546249952892, ""profile_s"": 0.03260379699986515, ""bytes_float64"": 573872}",,laneA_ps1_metrics.v1
yh.usdbrl_x.logret_5d,missingness,MEASURED,"{""n_rows"": 71734, ""n_finite"": 71734, ""missing_fraction"": 0.0}",,laneA_ps1_metrics.v1
yh.usdbrl_x.logret_5d,constant,MEASURED,"{""n_unique"": 3027, ""is_constant"": false, ""top_value_share"": 0.002676555050603619}",,laneA_ps1_metrics.v1
yh.usdbrl_x.logret_5d,scale_tails,MEASURED,"{""mean"": 0.001663166764199519, ""std"": 0.02136386110037273, ""min"": -0.10707009349917929, ""max"": 0.0866390913258297, ""p001"": -0.07294645587487225, ""p01"": -0.05198933469804712, ""p05"": -0.033200669990947285, ""p25"": -0.011529707436996661, ""median"": 0.0016969071001260438, ""p75"": 0.014249983745173722, ""p95"": 0.03761215891061531, ""p99"": 0.05853032648911505, ""p999"": 0.0768373802561333, ""mad"": 0.012876128089410743, ""skew"": 0.08464830912404142, ""excess_kurtosis"": 0.976708138382218, ""tail_ratio_p99_mad"": 4.413859429973246, ""share_beyond_5mad"": 0.007987843979145176}",,laneA_ps1_metrics.v1
yh.usdbrl_x.logret_5d,volatility,MEASURED,"{""std_first_diff"": 0.0030645692226351842, ""rolling168_std_median"": 0.011573296340649502, ""vol_of_vol_cv"": 0.538242429015912}",,laneA_ps1_metrics.v1
yh.usdbrl_x.logret_5d,acf,MEASURED,"{""lag_1"": 0.9897116395984429, ""lag_6"": 0.9382978031532899, ""lag_24"": 0.754709139872287, ""lag_120"": -0.037681013483873545, ""lag_168"": 0.018469082000275663, ""lag_unit"": ""rows of the decision grid (1 row = 1 market hour; weekend gaps not filled)""}",,laneA_ps1_metrics.v1
yh.usdbrl_x.logret_5d,trend,MEASURED,"{""ols_slope_per_year"": -0.0003829076293165904, ""slope_in_std_per_year"": -0.017923147296155652, ""ols_r"": -0.04233964701515801, ""kendall_tau_3000"": -0.02352739277343645, ""kendall_p_3000"": 0.05338076099416548, ""caveat"": ""OLS p-value omitted: serial correlation makes it invalid""}",,laneA_ps1_metrics.v1
yh.usdbrl_x.logret_5d,adf,MEASURED,"{""stat"": -10.341707200911706, ""pvalue"": 2.6746624374220024e-18, ""lags"": 24, ""nobs"": 19975, ""crit_5pct"": -2.8616847064863733, ""H0"": ""unit root"", ""regression"": ""c"", ""sample"": ""last 20000 finite TRAIN values (gaps compressed)""}",,laneA_ps1_metrics.v1
yh.usdbrl_x.logret_5d,kpss,MEASURED,"{""stat"": 0.03735282474835702, ""pvalue"": 0.1, ""lags"": 86, ""H0"": ""level stationary"", ""pvalue_truncated_to_table"": true, ""sample"": ""last 20000 finite TRAIN values (gaps compressed)""}",,laneA_ps1_metrics.v1
yh.usdbrl_x.logret_5d,seasonality,MEASURED,"{""eta2_hour_of_day"": 7.002178288892848e-06, ""eta2_day_of_week"": 8.308743414906692e-06, ""eta2_month"": 0.01624542964516501}",,laneA_ps1_metrics.v1
yh.usdbrl_x.logret_5d,spectrum,MEASURED,"{""top_periods_rows"": [1024.0, 682.6666666666666, 2048.0], ""top_power_share"": [0.11383632734501349, 0.10145502343858945, 0.09599977481078721], ""spectral_entropy_norm"": 0.4559853315049702, ""zero_filled_fraction"": 0.0, ""method"": ""Welch nperseg<=2048 on demeaned rows""}",,laneA_ps1_metrics.v1
yh.usdbrl_x.logret_5d,cost,MEASURED,"{""build_s"": 0.014329546249952892, ""profile_s"": 0.032611831999929564, ""bytes_float64"": 573872}",,laneA_ps1_metrics.v1
yh.usdclp_x.logret_1d,missingness,MEASURED,"{""n_rows"": 71734, ""n_finite"": 71734, ""missing_fraction"": 0.0}",,laneA_ps1_metrics.v1
yh.usdclp_x.logret_1d,constant,MEASURED,"{""n_unique"": 2936, ""is_constant"": false, ""top_value_share"": 0.03143558145370396}",,laneA_ps1_metrics.v1
yh.usdclp_x.logret_1d,scale_tails,MEASURED,"{""mean"": -0.0004884105448362786, ""std"": 0.15787308753304027, ""min"": -4.888497820919561, ""max"": 4.888467660122048, ""p001"": -0.06495199760243953, ""p01"": -0.02293890931880238, ""p05"": -0.015016370831930637, ""p25"": -0.0040538332303201585, ""median"": 0.0, ""p75"": 0.004519032489375796, ""p95"": 0.015484841273167405, ""p99"": 0.026103912172155574, ""p999"": 0.042771776404531, ""mad"": 0.004302667926159742, ""skew"": -4.416589793906502, ""excess_kurtosis"": 890.7774765298539, ""tail_ratio_p99_mad"": 6.066913045612163, ""share_beyond_5mad"": 0.03461399057629576}",,laneA_ps1_metrics.v1
yh.usdclp_x.logret_1d,volatility,MEASURED,"{""std_first_diff"": 0.061443120969684545, ""rolling168_std_median"": 0.0063135820328347, ""vol_of_vol_cv"": 8.241342643767261}",,laneA_ps1_metrics.v1
yh.usdclp_x.logret_1d,acf,MEASURED,"{""lag_1"": 0.9242654080533786, ""lag_6"": 0.545594485253409, ""lag_24"": -0.34369812957106244, ""lag_120"": 5.229920704575551e-05, ""lag_168"": 0.0019130701616979105, ""lag_unit"": ""rows of the decision grid (1 row = 1 market hour; weekend gaps not filled)""}",,laneA_ps1_metrics.v1
yh.usdclp_x.logret_1d,trend,MEASURED,"{""ols_slope_per_year"": 7.66793403855873e-06, ""slope_in_std_per_year"": 4.857024182132345e-05, ""ols_r"": 0.0001147369298581165, ""kendall_tau_3000"": -0.012474206404883063, ""kendall_p_3000"": 0.30594648318375617, ""caveat"": ""OLS p-value omitted: serial correlation makes it invalid""}",,laneA_ps1_metrics.v1
yh.usdclp_x.logret_1d,adf,MEASURED,"{""stat"": -19.66643725721857, ""pvalue"": 0.0, ""lags"": 24, ""nobs"": 19975, ""crit_5pct"": -2.8616847064863733, ""H0"": ""unit root"", ""regression"": ""c"", ""sample"": ""last 20000 finite TRAIN values (gaps compressed)""}",,laneA_ps1_metrics.v1
yh.usdclp_x.logret_1d,kpss,MEASURED,"{""stat"": 0.06192283915099623, ""pvalue"": 0.1, ""lags"": 81, ""H0"": ""level stationary"", ""pvalue_truncated_to_table"": true, ""sample"": ""last 20000 finite TRAIN values (gaps compressed)""}",,laneA_ps1_metrics.v1
yh.usdclp_x.logret_1d,seasonality,MEASURED,"{""eta2_hour_of_day"": 8.68295418194485e-05, ""eta2_day_of_week"": 0.0029576116696657683, ""eta2_month"": 0.0005246133824647395}",,laneA_ps1_metrics.v1
yh.usdclp_x.logret_1d,spectrum,MEASURED,"{""top_periods_rows"": [64.0, 58.51428571428571, 66.06451612903226], ""top_power_share"": [0.019612699624524686, 0.01942967310848841, 0.01942174885034872], ""spectral_entropy_norm"": 0.7207914049603077, ""zero_filled_fraction"": 0.0, ""method"": ""Welch nperseg<=2048 on demeaned rows""}",,laneA_ps1_metrics.v1
yh.usdclp_x.logret_1d,cost,MEASURED,"{""build_s"": 0.014329546249952892, ""profile_s"": 0.03208124699995096, ""bytes_float64"": 573872}",,laneA_ps1_metrics.v1
yh.usdclp_x.logret_5d,missingness,MEASURED,"{""n_rows"": 71734, ""n_finite"": 71734, ""missing_fraction"": 0.0}",,laneA_ps1_metrics.v1
yh.usdclp_x.logret_5d,constant,MEASURED,"{""n_unique"": 3019, ""is_constant"": false, ""top_value_share"": 0.0026486742688264977}",,laneA_ps1_metrics.v1
yh.usdclp_x.logret_5d,scale_tails,MEASURED,"{""mean"": 0.000983189701707238, ""std"": 0.16936738967625098, ""min"": -4.8802228234964655, ""max"": 4.883407836580471, ""p001"": -0.11471827597203532, ""p01"": -0.042927117227781864, ""p05"": -0.0258616395445177, ""p25"": -0.00973144765979761, ""median"": 0.0007250967947873832, ""p75"": 0.011669986527685694, ""p95"": 0.029527551481627334, ""p99"": 0.0473695736387878, ""p999"": 0.07577271231582294, ""mad"": 0.010675444434301795, ""skew"": 0.02350663437621166, ""excess_kurtosis"": 779.0317059353068, ""tail_ratio_p99_mad"": 4.3693241186404155, ""share_beyond_5mad"": 0.012337245936376057}",,laneA_ps1_metrics.v1
yh.usdclp_x.logret_5d,volatility,MEASURED,"{""std_first_diff"": 0.05025825597775067, ""rolling168_std_median"": 0.009325076759822807, ""vol_of_vol_cv"": 6.44048442554807}",,laneA_ps1_metrics.v1
yh.usdclp_x.logret_5d,acf,MEASURED,"{""lag_1"": 0.9559729877914432, ""lag_6"": 0.7358379771922261, ""lag_24"": 0.008723320939868847, ""lag_120"": -0.3095314863257754, ""lag_168"": 0.003516520029421847, ""lag_unit"": ""rows of the decision grid (1 row = 1 market hour; weekend gaps not filled)""}",,laneA_ps1_metrics.v1
yh.usdclp_x.logret_5d,trend,MEASURED,"{""ols_slope_per_year"": -6.260814417229431e-05, ""slope_in_std_per_year"": -0.00036965878905007027, ""ols_r"": -0.0008732407531900256, ""kendall_tau_3000"": -0.0045844633976079826, ""kendall_p_3000"": 0.7065982066480682, ""caveat"": ""OLS p-value omitted: serial correlation makes it invalid""}",,laneA_ps1_metrics.v1
yh.usdclp_x.logret_5d,adf,MEASURED,"{""stat"": -10.0996875109035, ""pvalue"": 1.0676064479525543e-17, ""lags"": 24, ""nobs"": 19975, ""crit_5pct"": -2.8616847064863733, ""H0"": ""unit root"", ""regression"": ""c"", ""sample"": ""last 20000 finite TRAIN values (gaps compressed)""}",,laneA_ps1_metrics.v1
yh.usdclp_x.logret_5d,kpss,MEASURED,"{""stat"": 0.10061157629479242, ""pvalue"": 0.1, ""lags"": 86, ""H0"": ""level stationary"", ""pvalue_truncated_to_table"": true, ""sample"": ""last 20000 finite TRAIN values (gaps compressed)""}",,laneA_ps1_metrics.v1
yh.usdclp_x.logret_5d,seasonality,MEASURED,"{""eta2_hour_of_day"": 6.484768125944879e-09, ""eta2_day_of_week"": 7.244819190123484e-08, ""eta2_month"": 0.0001525655753820939}",,laneA_ps1_metrics.v1
yh.usdclp_x.logret_5d,spectrum,MEASURED,"{""top_periods_rows"": [227.55555555555554, 204.8, 256.0], ""top_power_share"": [0.04255281662046035, 0.04089896075398578, 0.04063472778954805], ""spectral_entropy_norm"": 0.6408163184779596, ""zero_filled_fraction"": 0.0, ""method"": ""Welch nperseg<=2048 on demeaned rows""}",,laneA_ps1_metrics.v1
yh.usdclp_x.logret_5d,cost,MEASURED,"{""build_s"": 0.014329546249952892, ""profile_s"": 0.03229899599955388, ""bytes_float64"": 573872}",,laneA_ps1_metrics.v1
yh.usdcop_x.logret_1d,missingness,MEASURED,"{""n_rows"": 71734, ""n_finite"": 71562, ""missing_fraction"": 0.00239774723283237}",,laneA_ps1_metrics.v1
yh.usdcop_x.logret_1d,constant,MEASURED,"{""n_unique"": 2890, ""is_constant"": false, ""top_value_share"": 0.04140465610240072}",,laneA_ps1_metrics.v1
yh.usdcop_x.logret_1d,scale_tails,MEASURED,"{""mean"": 5.9015720510271166e-05, ""std"": 0.3470869516386275, ""min"": -6.254296782721057, ""max"": 6.24654735141303, ""p001"": -4.605994588343109, ""p01"": -0.026543864858073363, ""p05"": -0.0174908970806964, ""p25"": -0.005048160827136883, ""median"": 0.0, ""p75"": 0.005217098836062917, ""p95"": 0.01860310815417366, ""p99"": 0.03612332450777256, ""p999"": 4.605065654970286, ""mad"": 0.005149542413901642, ""skew"": -0.18675035049416647, ""excess_kurtosis"": 198.45546189975326, ""tail_ratio_p99_mad"": 7.014861050615774, ""share_beyond_5mad"": 0.03566138453369107}",,laneA_ps1_metrics.v1
yh.usdcop_x.logret_1d,volatility,MEASURED,"{""std_first_diff"": 0.12179283134203693, ""rolling168_std_median"": 0.008075275682469421, ""vol_of_vol_cv"": 5.8881115067864105}",,laneA_ps1_metrics.v1
yh.usdcop_x.logret_1d,acf,MEASURED,"{""lag_1"": 0.9384371555126948, ""lag_6"": 0.6306228166752973, ""lag_24"": -0.4712653682680163, ""lag_120"": -0.00017752167526117777, ""lag_168"": -2.1888214074134387e-05, ""lag_unit"": ""rows of the decision grid (1 row = 1 market hour; weekend gaps not filled)""}",,laneA_ps1_metrics.v1
yh.usdcop_x.logret_1d,trend,MEASURED,"{""ols_slope_per_year"": 0.0001037144522838006, ""slope_in_std_per_year"": 0.00029881403433392037, ""ols_r"": 0.0007053469076057312, ""kendall_tau_3000"": -0.015138658612243849, ""kendall_p_3000"": 0.21422784797734917, ""caveat"": ""OLS p-value omitted: serial correlation makes it invalid""}",,laneA_ps1_metrics.v1
yh.usdcop_x.logret_1d,adf,MEASURED,"{""stat"": -17.63104330266685, ""pvalue"": 3.798271702888111e-30, ""lags"": 24, ""nobs"": 19975, ""crit_5pct"": -2.8616847064863733, ""H0"": ""unit root"", ""regression"": ""c"", ""sample"": ""last 20000 finite TRAIN values (gaps compressed)""}",,laneA_ps1_metrics.v1
yh.usdcop_x.logret_1d,kpss,MEASURED,"{""stat"": 0.11939740777810479, ""pvalue"": 0.1, ""lags"": 82, ""H0"": ""level stationary"", ""pvalue_truncated_to_table"": true, ""sample"": ""last 20000 finite TRAIN values (gaps compressed)""}",,laneA_ps1_metrics.v1
yh.usdcop_x.logret_1d,seasonality,MEASURED,"{""eta2_hour_of_day"": 7.2443257465893615e-06, ""eta2_day_of_week"": 0.0025689721959680375, ""eta2_month"": 6.112392108340507e-06}",,laneA_ps1_metrics.v1
yh.usdcop_x.logret_1d,spectrum,MEASURED,"{""top_periods_rows"": [68.26666666666667, 70.62068965517241, 78.76923076923077], ""top_power_share"": [0.035748701710465784, 0.03564392807508576, 0.03384145585041598], ""spectral_entropy_norm"": 0.6602971107620768, ""zero_filled_fraction"": 0.0023977472328324087, ""method"": ""Welch nperseg<=2048 on demeaned rows""}",,laneA_ps1_metrics.v1
yh.usdcop_x.logret_1d,cost,MEASURED,"{""build_s"": 0.014329546249952892, ""profile_s"": 0.032751683999777015, ""bytes_float64"": 573872}",,laneA_ps1_metrics.v1
yh.usdcop_x.logret_5d,missingness,MEASURED,"{""n_rows"": 71734, ""n_finite"": 71562, ""missing_fraction"": 0.00239774723283237}",,laneA_ps1_metrics.v1
yh.usdcop_x.logret_5d,constant,MEASURED,"{""n_unique"": 2963, ""is_constant"": false, ""top_value_share"": 0.012283055252787792}",,laneA_ps1_metrics.v1
yh.usdcop_x.logret_5d,scale_tails,MEASURED,"{""mean"": 0.0012730240091471767, ""std"": 0.34788663326258995, ""min"": -6.259256333476855, ""max"": 6.238604497899093, ""p001"": -4.590991482184129, ""p01"": -0.056245549865231226, ""p05"": -0.03200461368223628, ""p25"": -0.01050456712189618, ""median"": 0.00029040220909770653, ""p75"": 0.012587931253397855, ""p95"": 0.036997519584888394, ""p99"": 0.0698120104731732, ""p999"": 4.6229700086893, ""mad"": 0.011460361627179338, ""skew"": -0.07636507704883444, ""excess_kurtosis"": 197.79262655771325, ""tail_ratio_p99_mad"": 6.066266539024247, ""share_beyond_5mad"": 0.023224616416533915}",,laneA_ps1_metrics.v1
yh.usdcop_x.logret_5d,volatility,MEASURED,"{""std_first_diff"": 0.09942613975238503, ""rolling168_std_median"": 0.011505820668124656, ""vol_of_vol_cv"": 4.710988871399371}",,laneA_ps1_metrics.v1
yh.usdcop_x.logret_5d,acf,MEASURED,"{""lag_1"": 0.9591607750946521, ""lag_6"": 0.7549646409341452, ""lag_24"": 0.0331479069359694, ""lag_120"": -0.4976737404967409, ""lag_168"": -0.0026710902848034387, ""lag_unit"": ""rows of the decision grid (1 row = 1 market hour; weekend gaps not filled)""}",,laneA_ps1_metrics.v1
yh.usdcop_x.logret_5d,trend,MEASURED,"{""ols_slope_per_year"": -0.00013502075221373872, ""slope_in_std_per_year"": -0.00038811710282591705, ""ols_r"": -0.000916145718782527, ""kendall_tau_3000"": -0.03165208792038197, ""kendall_p_3000"": 0.009356298850276322, ""caveat"": ""OLS p-value omitted: serial correlation makes it invalid""}",,laneA_ps1_metrics.v1
yh.usdcop_x.logret_5d,adf,MEASURED,"{""stat"": -10.456542993408934, ""pvalue"": 1.393906059777146e-18, ""lags"": 24, ""nobs"": 19975, ""crit_5pct"": -2.8616847064863733, ""H0"": ""unit root"", ""regression"": ""c"", ""sample"": ""last 20000 finite TRAIN values (gaps compressed)""}",,laneA_ps1_metrics.v1
yh.usdcop_x.logret_5d,kpss,MEASURED,"{""stat"": 0.16146679885552057, ""pvalue"": 0.1, ""lags"": 86, ""H0"": ""level stationary"", ""pvalue_truncated_to_table"": true, ""sample"": ""last 20000 finite TRAIN values (gaps compressed)""}",,laneA_ps1_metrics.v1
yh.usdcop_x.logret_5d,seasonality,MEASURED,"{""eta2_hour_of_day"": 2.090046553204096e-06, ""eta2_day_of_week"": 1.1478421820275554e-06, ""eta2_month"": 0.00036347402796672987}",,laneA_ps1_metrics.v1
yh.usdcop_x.logret_5d,spectrum,MEASURED,"{""top_periods_rows"": [78.76923076923077, 292.57142857142856, 81.92], ""top_power_share"": [0.04882994100884404, 0.04632127188867966, 0.04372480867483021], ""spectral_entropy_norm"": 0.6108046874136227, ""zero_filled_fraction"": 0.0023977472328324087, ""method"": ""Welch nperseg<=2048 on demeaned rows""}",,laneA_ps1_metrics.v1
yh.usdcop_x.logret_5d,cost,MEASURED,"{""build_s"": 0.014329546249952892, ""profile_s"": 0.032675993000339076, ""bytes_float64"": 573872}",,laneA_ps1_metrics.v1
yh.usdidr_x.logret_1d,missingness,MEASURED,"{""n_rows"": 71734, ""n_finite"": 71734, ""missing_fraction"": 0.0}",,laneA_ps1_metrics.v1
yh.usdidr_x.logret_1d,constant,MEASURED,"{""n_unique"": 2952, ""is_constant"": false, ""top_value_share"": 0.023099227702344773}",,laneA_ps1_metrics.v1
yh.usdidr_x.logret_1d,scale_tails,MEASURED,"{""mean"": 0.00018745972896752828, ""std"": 0.013765690516852776, ""min"": -0.21951143641398474, ""max"": 0.21221794723568976, ""p001"": -0.19430499320513306, ""p01"": -0.02180474084911488, ""p05"": -0.009379390370948926, ""p25"": -0.0024562054769763364, ""median"": 9.287596059515124e-05, ""p75"": 0.002828028604795918, ""p95"": 0.010337945092407708, ""p99"": 0.02104100403998288, ""p999"": 0.19098692236887052, ""mad"": 0.0026290247552189783, ""skew"": -0.10600754979217383, ""excess_kurtosis"": 150.08261065987875, ""tail_ratio_p99_mad"": 7.968022377044108, ""share_beyond_5mad"": 0.05969275378481612}",,laneA_ps1_metrics.v1
yh.usdidr_x.logret_1d,volatility,MEASURED,"{""std_first_diff"": 0.004489421617984996, ""rolling168_std_median"": 0.00425080983276059, ""vol_of_vol_cv"": 1.8764019446159892}",,laneA_ps1_metrics.v1
yh.usdidr_x.logret_1d,acf,MEASURED,"{""lag_1"": 0.9468199218223191, ""lag_6"": 0.6809589584574954, ""lag_24"": -0.27359487582301767, ""lag_120"": 0.38161763031950524, ""lag_168"": -0.14049349906607378, ""lag_unit"": ""rows of the decision grid (1 row = 1 market hour; weekend gaps not filled)""}",,laneA_ps1_metrics.v1
yh.usdidr_x.logret_1d,trend,MEASURED,"{""ols_slope_per_year"": -4.009408727195796e-05, ""slope_in_std_per_year"": -0.002912609957551522, ""ols_r"": -0.006880425377189017, ""kendall_tau_3000"": -0.018126231877544145, ""kendall_p_3000"": 0.13676038112074476, ""caveat"": ""OLS p-value omitted: serial correlation makes it invalid""}",,laneA_ps1_metrics.v1
yh.usdidr_x.logret_1d,adf,MEASURED,"{""stat"": -22.415422453132706, ""pvalue"": 0.0, ""lags"": 24, ""nobs"": 19975, ""crit_5pct"": -2.8616847064863733, ""H0"": ""unit root"", ""regression"": ""c"", ""sample"": ""last 20000 finite TRAIN values (gaps compressed)""}",,laneA_ps1_metrics.v1
yh.usdidr_x.logret_1d,kpss,MEASURED,"{""stat"": 0.035820269771112946, ""pvalue"": 0.1, ""lags"": 81, ""H0"": ""level stationary"", ""pvalue_truncated_to_table"": true, ""sample"": ""last 20000 finite TRAIN values (gaps compressed)""}",,laneA_ps1_metrics.v1
yh.usdidr_x.logret_1d,seasonality,MEASURED,"{""eta2_hour_of_day"": 1.7024194628713935e-06, ""eta2_day_of_week"": 0.020658165787492095, ""eta2_month"": 0.0007046288201844403}",,laneA_ps1_metrics.v1
yh.usdidr_x.logret_1d,spectrum,MEASURED,"{""top_periods_rows"": [120.47058823529412, 113.77777777777777, 60.23529411764706], ""top_power_share"": [0.08577299248473441, 0.06947046721010197, 0.045709195785006616], ""spectral_entropy_norm"": 0.6328812707394464, ""zero_filled_fraction"": 0.0, ""method"": ""Welch nperseg<=2048 on demeaned rows""}",,laneA_ps1_metrics.v1
yh.usdidr_x.logret_1d,cost,MEASURED,"{""build_s"": 0.014329546249952892, ""profile_s"": 0.0324283079999077, ""bytes_float64"": 573872}",,laneA_ps1_metrics.v1
yh.usdidr_x.logret_5d,missingness,MEASURED,"{""n_rows"": 71734, ""n_finite"": 71734, ""missing_fraction"": 0.0}",,laneA_ps1_metrics.v1
yh.usdidr_x.logret_5d,constant,MEASURED,"{""n_unique"": 2990, ""is_constant"": false, ""top_value_share"": 0.011751749519056514}",,laneA_ps1_metrics.v1
yh.usdidr_x.logret_5d,scale_tails,MEASURED,"{""mean"": 0.0008852606389485194, ""std"": 0.014769534259667346, ""min"": -0.19815230269999873, ""max"": 0.22176415940578487, ""p001"": -0.1624512862548766, ""p01"": -0.03174394343404785, ""p05"": -0.016068122506810667, ""p25"": -0.00404707140107341, ""median"": 0.0009624996115658035, ""p75"": 0.0060139407685237956, ""p95"": 0.01715307922624909, ""p99"": 0.03129213449047441, ""p999"": 0.2061414663899157, ""mad"": 0.005021358557728561, ""skew"": 1.3451932941464038, ""excess_kurtosis"": 80.16229059076677, ""tail_ratio_p99_mad"": 6.040125302788252, ""share_beyond_5mad"": 0.035757102629157725}",,laneA_ps1_metrics.v1
yh.usdidr_x.logret_5d,volatility,MEASURED,"{""std_first_diff"": 0.003121942145309261, ""rolling168_std_median"": 0.005695347194297442, ""vol_of_vol_cv"": 1.2373206292624994}",,laneA_ps1_metrics.v1
yh.usdidr_x.logret_5d,acf,MEASURED,"{""lag_1"": 0.9776600733696162, ""lag_6"": 0.8659565236229001, ""lag_24"": 0.46490900060226104, ""lag_120"": -0.10936461295939551, ""lag_168"": 0.0028588535881584813, ""lag_unit"": ""rows of the decision grid (1 row = 1 market hour; weekend gaps not filled)""}",,laneA_ps1_metrics.v1
yh.usdidr_x.logret_5d,trend,MEASURED,"{""ols_slope_per_year"": -0.0002462396928429964, ""slope_in_std_per_year"": -0.016672136609982884, ""ols_r"": -0.03938439869913784, ""kendall_tau_3000"": -0.03192064187394674, ""kendall_p_3000"": 0.008771375197256707, ""caveat"": ""OLS p-value omitted: serial correlation makes it invalid""}",,laneA_ps1_metrics.v1
yh.usdidr_x.logret_5d,adf,MEASURED,"{""stat"": -11.340486410742264, ""pvalue"": 1.0575832481536105e-20, ""lags"": 24, ""nobs"": 19975, ""crit_5pct"": -2.8616847064863733, ""H0"": ""unit root"", ""regression"": ""c"", ""sample"": ""last 20000 finite TRAIN values (gaps compressed)""}",,laneA_ps1_metrics.v1
yh.usdidr_x.logret_5d,kpss,MEASURED,"{""stat"": 0.14405802847601493, ""pvalue"": 0.1, ""lags"": 86, ""H0"": ""level stationary"", ""pvalue_truncated_to_table"": true, ""sample"": ""last 20000 finite TRAIN values (gaps compressed)""}",,laneA_ps1_metrics.v1
yh.usdidr_x.logret_5d,seasonality,MEASURED,"{""eta2_hour_of_day"": 1.4867717826829426e-06, ""eta2_day_of_week"": 4.500815519154484e-06, ""eta2_month"": 0.013005992710552554}",,laneA_ps1_metrics.v1
yh.usdidr_x.logret_5d,spectrum,MEASURED,"{""top_periods_rows"": [1024.0, 682.6666666666666, 2048.0], ""top_power_share"": [0.08657719120106076, 0.08404114575431011, 0.0783215718643632], ""spectral_entropy_norm"": 0.5424730227980533, ""zero_filled_fraction"": 0.0, ""method"": ""Welch nperseg<=2048 on demeaned rows""}",,laneA_ps1_metrics.v1
yh.usdidr_x.logret_5d,cost,MEASURED,"{""build_s"": 0.014329546249952892, ""profile_s"": 0.03261233299963351, ""bytes_float64"": 573872}",,laneA_ps1_metrics.v1
yh.usdinr_x.logret_1d,missingness,MEASURED,"{""n_rows"": 71734, ""n_finite"": 71734, ""missing_fraction"": 0.0}",,laneA_ps1_metrics.v1
yh.usdinr_x.logret_1d,constant,MEASURED,"{""n_unique"": 3003, ""is_constant"": false, ""top_value_share"": 0.010343770039311903}",,laneA_ps1_metrics.v1
yh.usdinr_x.logret_1d,scale_tails,MEASURED,"{""mean"": 0.00015686226637688652, ""std"": 0.004527412806471799, ""min"": -0.034701050154025026, ""max"": 0.03915014089204227, ""p001"": -0.022104791248267475, ""p01"": -0.011461842864894933, ""p05"": -0.006535765454089848, ""p25"": -0.002120978159951825, ""median"": 0.0, ""p75"": 0.0022297197303240424, ""p95"": 0.00738015485932042, ""p99"": 0.012059351229043003, ""p999"": 0.026395343402005444, ""mad"": 0.0021769331611718457, ""skew"": 0.3574156982805396, ""excess_kurtosis"": 6.821495348294196, ""tail_ratio_p99_mad"": 5.539605645288365, ""share_beyond_5mad"": 0.024869657345191958}",,laneA_ps1_metrics.v1
yh.usdinr_x.logret_1d,volatility,MEASURED,"{""std_first_diff"": 0.0013885725336715367, ""rolling168_std_median"": 0.0030950572867191623, ""vol_of_vol_cv"": 0.6016625627657531}",,laneA_ps1_metrics.v1
yh.usdinr_x.logret_1d,acf,MEASURED,"{""lag_1"": 0.9529670876532, ""lag_6"": 0.7179288642172166, ""lag_24"": -0.1020513956186632, ""lag_120"": 0.05031437521726162, ""lag_168"": 0.005761905057939651, ""lag_unit"": ""rows of the decision grid (1 row = 1 market hour; weekend gaps not filled)""}",,laneA_ps1_metrics.v1
yh.usdinr_x.logret_1d,trend,MEASURED,"{""ols_slope_per_year"": -1.0870936364476546e-05, ""slope_in_std_per_year"": -0.0024011365495403628, ""ols_r"": -0.0056721775625053995, ""kendall_tau_3000"": -0.0011104344284860739, ""kendall_p_3000"": 0.9273550637002094, ""caveat"": ""OLS p-value omitted: serial correlation makes it invalid""}",,laneA_ps1_metrics.v1
yh.usdinr_x.logret_1d,adf,MEASURED,"{""stat"": -21.208027282602696, ""pvalue"": 0.0, ""lags"": 24, ""nobs"": 19975, ""crit_5pct"": -2.8616847064863733, ""H0"": ""unit root"", ""regression"": ""c"", ""sample"": ""last 20000 finite TRAIN values (gaps compressed)""}",,laneA_ps1_metrics.v1
yh.usdinr_x.logret_1d,kpss,MEASURED,"{""stat"": 0.1106947665397325, ""pvalue"": 0.1, ""lags"": 81, ""H0"": ""level stationary"", ""pvalue_truncated_to_table"": true, ""sample"": ""last 20000 finite TRAIN values (gaps compressed)""}",,laneA_ps1_metrics.v1
yh.usdinr_x.logret_1d,seasonality,MEASURED,"{""eta2_hour_of_day"": 3.5697649366333418e-06, ""eta2_day_of_week"": 0.015567071575656809, ""eta2_month"": 0.0051820858089879586}",,laneA_ps1_metrics.v1
yh.usdinr_x.logret_1d,spectrum,MEASURED,"{""top_periods_rows"": [120.47058823529412, 89.04347826086956, 113.77777777777777], ""top_power_share"": [0.028200781930591293, 0.022902341246421883, 0.022764737740527993], ""spectral_entropy_norm"": 0.670027687659027, ""zero_filled_fraction"": 0.0, ""method"": ""Welch nperseg<=2048 on demeaned rows""}",,laneA_ps1_metrics.v1
yh.usdinr_x.logret_1d,cost,MEASURED,"{""build_s"": 0.014329546249952892, ""profile_s"": 0.032514018999791006, ""bytes_float64"": 573872}",,laneA_ps1_metrics.v1
yh.usdinr_x.logret_5d,missingness,MEASURED,"{""n_rows"": 71734, ""n_finite"": 71734, ""missing_fraction"": 0.0}",,laneA_ps1_metrics.v1
yh.usdinr_x.logret_5d,constant,MEASURED,"{""n_unique"": 3028, ""is_constant"": false, ""top_value_share"": 0.0016867872975158224}",,laneA_ps1_metrics.v1
yh.usdinr_x.logret_5d,scale_tails,MEASURED,"{""mean"": 0.000773895423405878, ""std"": 0.008928656228047619, ""min"": -0.07551043606674313, ""max"": 0.05398995536071105, ""p001"": -0.042619231144419345, ""p01"": -0.02242620010246199, ""p05"": -0.012768009494129373, ""p25"": -0.003865411561820409, ""median"": 0.000642153718672489, ""p75"": 0.005153669021732199, ""p95"": 0.015228777372620073, ""p99"": 0.026411671753145072, ""p999"": 0.046539766802671155, ""mad"": 0.004510876938937258, ""skew"": 0.0933427749449267, ""excess_kurtosis"": 5.135178659434283, ""tail_ratio_p99_mad"": 5.712751286126586, ""share_beyond_5mad"": 0.02590124627094544}",,laneA_ps1_metrics.v1
yh.usdinr_x.logret_5d,volatility,MEASURED,"{""std_first_diff"": 0.00128133629426129, ""rolling168_std_median"": 0.004423297424005958, ""vol_of_vol_cv"": 0.6396060564305599}",,laneA_ps1_metrics.v1
yh.usdinr_x.logret_5d,acf,MEASURED,"{""lag_1"": 0.9897027659391621, ""lag_6"": 0.9382087509510562, ""lag_24"": 0.7538708447722846, ""lag_120"": 0.027379137453201263, ""lag_168"": 0.06530931109487591, ""lag_unit"": ""rows of the decision grid (1 row = 1 market hour; weekend gaps not filled)""}",,laneA_ps1_metrics.v1
yh.usdinr_x.logret_5d,trend,MEASURED,"{""ols_slope_per_year"": -6.0324735964325534e-05, ""slope_in_std_per_year"": -0.006756306259706498, ""ols_r"": -0.01596034543685487, ""kendall_tau_3000"": -0.011813581361887121, ""kendall_p_3000"": 0.33204067530227477, ""caveat"": ""OLS p-value omitted: serial correlation makes it invalid""}",,laneA_ps1_metrics.v1
yh.usdinr_x.logret_5d,adf,MEASURED,"{""stat"": -9.599545229614298, ""pvalue"": 1.9371495021368405e-16, ""lags"": 24, ""nobs"": 19975, ""crit_5pct"": -2.8616847064863733, ""H0"": ""unit root"", ""regression"": ""c"", ""sample"": ""last 20000 finite TRAIN values (gaps compressed)""}",,laneA_ps1_metrics.v1
yh.usdinr_x.logret_5d,kpss,MEASURED,"{""stat"": 0.21815097948359305, ""pvalue"": 0.1, ""lags"": 86, ""H0"": ""level stationary"", ""pvalue_truncated_to_table"": true, ""sample"": ""last 20000 finite TRAIN values (gaps compressed)""}",,laneA_ps1_metrics.v1
yh.usdinr_x.logret_5d,seasonality,MEASURED,"{""eta2_hour_of_day"": 2.643280295567657e-06, ""eta2_day_of_week"": 2.995008839214923e-06, ""eta2_month"": 0.022376656376961502}",,laneA_ps1_metrics.v1
yh.usdinr_x.logret_5d,spectrum,MEASURED,"{""top_periods_rows"": [1024.0, 2048.0, 682.6666666666666], ""top_power_share"": [0.13456135410567005, 0.12441418267867782, 0.11057738525793209], ""spectral_entropy_norm"": 0.45025133294379427, ""zero_filled_fraction"": 0.0, ""method"": ""Welch nperseg<=2048 on demeaned rows""}",,laneA_ps1_metrics.v1
yh.usdinr_x.logret_5d,cost,MEASURED,"{""build_s"": 0.014329546249952892, ""profile_s"": 0.0322362080005405, ""bytes_float64"": 573872}",,laneA_ps1_metrics.v1
yh.usdkrw_x.logret_1d,missingness,MEASURED,"{""n_rows"": 71734, ""n_finite"": 71734, ""missing_fraction"": 0.0}",,laneA_ps1_metrics.v1
yh.usdkrw_x.logret_1d,constant,MEASURED,"{""n_unique"": 3011, ""is_constant"": false, ""top_value_share"": 0.0074720495162684366}",,laneA_ps1_metrics.v1
yh.usdkrw_x.logret_1d,scale_tails,MEASURED,"{""mean"": 5.3974946658219217e-05, ""std"": 0.006751006947261245, ""min"": -0.037331587191186344, ""max"": 0.03250882424257817, ""p001"": -0.031747755912673856, ""p01"": -0.022302681798278004, ""p05"": -0.010026545843854429, ""p25"": -0.003107181927870961, ""median"": 0.0, ""p75"": 0.003319992231763713, ""p95"": 0.009780534440428923, ""p99"": 0.022209555138196002, ""p999"": 0.030890149751587437, ""mad"": 0.0031994096928986693, ""skew"": -0.1282319093728377, ""excess_kurtosis"": 4.678722859262255, ""tail_ratio_p99_mad"": 6.9417665350867015, ""share_beyond_5mad"": 0.04067806061281958}",,laneA_ps1_metrics.v1
yh.usdkrw_x.logret_1d,volatility,MEASURED,"{""std_first_diff"": 0.002172871864775725, ""rolling168_std_median"": 0.004696407856870957, ""vol_of_vol_cv"": 0.591580248902977}",,laneA_ps1_metrics.v1
yh.usdkrw_x.logret_1d,acf,MEASURED,"{""lag_1"": 0.9482041341937184, ""lag_6"": 0.6918557469642274, ""lag_24"": -0.2085445038276159, ""lag_120"": 0.12786750843307162, ""lag_168"": 0.021794384533818607, ""lag_unit"": ""rows of the decision grid (1 row = 1 market hour; weekend gaps not filled)""}",,laneA_ps1_metrics.v1
yh.usdkrw_x.logret_1d,trend,MEASURED,"{""ols_slope_per_year"": 2.8352522562657045e-05, ""slope_in_std_per_year"": 0.004199747205734861, ""ols_r"": 0.009921015059774135, ""kendall_tau_3000"": 0.022609643646709438, ""kendall_p_3000"": 0.06339290660449821, ""caveat"": ""OLS p-value omitted: serial correlation makes it invalid""}",,laneA_ps1_metrics.v1
yh.usdkrw_x.logret_1d,adf,MEASURED,"{""stat"": -20.41199815781473, ""pvalue"": 0.0, ""lags"": 24, ""nobs"": 19975, ""crit_5pct"": -2.8616847064863733, ""H0"": ""unit root"", ""regression"": ""c"", ""sample"": ""last 20000 finite TRAIN values (gaps compressed)""}",,laneA_ps1_metrics.v1
yh.usdkrw_x.logret_1d,kpss,MEASURED,"{""stat"": 0.13593474404830688, ""pvalue"": 0.1, ""lags"": 81, ""H0"": ""level stationary"", ""pvalue_truncated_to_table"": true, ""sample"": ""last 20000 finite TRAIN values (gaps compressed)""}",,laneA_ps1_metrics.v1
yh.usdkrw_x.logret_1d,seasonality,MEASURED,"{""eta2_hour_of_day"": 1.2103572983942044e-05, ""eta2_day_of_week"": 0.02466736059844744, ""eta2_month"": 0.002218856489800852}",,laneA_ps1_metrics.v1
yh.usdkrw_x.logret_1d,spectrum,MEASURED,"{""top_periods_rows"": [60.23529411764706, 58.51428571428571, 120.47058823529412], ""top_power_share"": [0.05920863712284622, 0.031662137186407834, 0.029749963861290852], ""spectral_entropy_norm"": 0.6662160239075281, ""zero_filled_fraction"": 0.0, ""method"": ""Welch nperseg<=2048 on demeaned rows""}",,laneA_ps1_metrics.v1
yh.usdkrw_x.logret_1d,cost,MEASURED,"{""build_s"": 0.014329546249952892, ""profile_s"": 0.032577157000559964, ""bytes_float64"": 573872}",,laneA_ps1_metrics.v1
yh.usdkrw_x.logret_5d,missingness,MEASURED,"{""n_rows"": 71734, ""n_finite"": 71734, ""missing_fraction"": 0.0}",,laneA_ps1_metrics.v1
yh.usdkrw_x.logret_5d,constant,MEASURED,"{""n_unique"": 3027, ""is_constant"": false, ""top_value_share"": 0.0019655951152870326}",,laneA_ps1_metrics.v1
yh.usdkrw_x.logret_5d,scale_tails,MEASURED,"{""mean"": 0.00022718627655463983, ""std"": 0.011777887905155571, ""min"": -0.06564076862025026, ""max"": 0.05397381574637716, ""p001"": -0.05052642855603384, ""p01"": -0.03112504971446306, ""p05"": -0.019383605157510253, ""p25"": -0.006685167846864459, ""median"": 0.0002359075097189134, ""p75"": 0.007463663222577743, ""p95"": 0.018887769499642104, ""p99"": 0.02876230499773591, ""p999"": 0.04505766471740724, ""mad"": 0.007099212119924481, ""skew"": -0.142647460529856, ""excess_kurtosis"": 1.3741410636678397, ""tail_ratio_p99_mad"": 4.018248364203048, ""share_beyond_5mad"": 0.007012016616945939}",,laneA_ps1_metrics.v1
yh.usdkrw_x.logret_5d,volatility,MEASURED,"{""std_first_diff"": 0.0018090448619327267, ""rolling168_std_median"": 0.006809497384297039, ""vol_of_vol_cv"": 0.5126742956742658}",,laneA_ps1_metrics.v1
yh.usdkrw_x.logret_5d,acf,MEASURED,"{""lag_1"": 0.9882041615937726, ""lag_6"": 0.9296731899677668, ""lag_24"": 0.7193627859531183, ""lag_120"": -0.09249604453974856, ""lag_168"": -0.03683645942807362, ""lag_unit"": ""rows of the decision grid (1 row = 1 market hour; weekend gaps not filled)""}",,laneA_ps1_metrics.v1
yh.usdkrw_x.logret_5d,trend,MEASURED,"{""ols_slope_per_year"": 0.00013466852740927116, ""slope_in_std_per_year"": 0.01143401333870076, ""ols_r"": 0.027010439669322803, ""kendall_tau_3000"": 0.03071315008954706, ""kendall_p_3000"": 0.011673898919109284, ""caveat"": ""OLS p-value omitted: serial correlation makes it invalid""}",,laneA_ps1_metrics.v1
yh.usdkrw_x.logret_5d,adf,MEASURED,"{""stat"": -10.006374914647706, ""pvalue"": 1.8269003016908516e-17, ""lags"": 24, ""nobs"": 19975, ""crit_5pct"": -2.8616847064863733, ""H0"": ""unit root"", ""regression"": ""c"", ""sample"": ""last 20000 finite TRAIN values (gaps compressed)""}",,laneA_ps1_metrics.v1
yh.usdkrw_x.logret_5d,kpss,MEASURED,"{""stat"": 0.22322603135891167, ""pvalue"": 0.1, ""lags"": 86, ""H0"": ""level stationary"", ""pvalue_truncated_to_table"": true, ""sample"": ""last 20000 finite TRAIN values (gaps compressed)""}",,laneA_ps1_metrics.v1
yh.usdkrw_x.logret_5d,seasonality,MEASURED,"{""eta2_hour_of_day"": 1.958465380513112e-06, ""eta2_day_of_week"": 8.162045189763236e-06, ""eta2_month"": 0.01153197169999143}",,laneA_ps1_metrics.v1
yh.usdkrw_x.logret_5d,spectrum,MEASURED,"{""top_periods_rows"": [409.6, 512.0, 682.6666666666666], ""top_power_share"": [0.10126915226603393, 0.10013659585511081, 0.09757407913129085], ""spectral_entropy_norm"": 0.46811467173804205, ""zero_filled_fraction"": 0.0, ""method"": ""Welch nperseg<=2048 on demeaned rows""}",,laneA_ps1_metrics.v1
yh.usdkrw_x.logret_5d,cost,MEASURED,"{""build_s"": 0.014329546249952892, ""profile_s"": 0.032578268999714055, ""bytes_float64"": 573872}",,laneA_ps1_metrics.v1
yh.usdmxn_x.logret_1d,missingness,MEASURED,"{""n_rows"": 71734, ""n_finite"": 71734, ""missing_fraction"": 0.0}",,laneA_ps1_metrics.v1
yh.usdmxn_x.logret_1d,constant,MEASURED,"{""n_unique"": 3033, ""is_constant"": false, ""top_value_share"": 0.001756489251958625}",,laneA_ps1_metrics.v1
yh.usdmxn_x.logret_1d,scale_tails,MEASURED,"{""mean"": 9.352241349803777e-05, ""std"": 0.007629767873287434, ""min"": -0.03264112941962338, ""max"": 0.08295184152356194, ""p001"": -0.029294089164309423, ""p01"": -0.01773004849364579, ""p05"": -0.011316865586384228, ""p25"": -0.004159208994848562, ""median"": -0.0001538992156926433, ""p75"": 0.004090754815844644, ""p95"": 0.012444864061484928, ""p99"": 0.020321189884126678, ""p999"": 0.0397820011652729, ""mad"": 0.004131570872469181, ""skew"": 0.8755908283068736, ""excess_kurtosis"": 7.586718376179206, ""tail_ratio_p99_mad"": 4.955763735351983, ""share_beyond_5mad"": 0.016101151476287396}",,laneA_ps1_metrics.v1
yh.usdmxn_x.logret_1d,volatility,MEASURED,"{""std_first_diff"": 0.002208629768998933, ""rolling168_std_median"": 0.005665246826552307, ""vol_of_vol_cv"": 0.533583393026836}",,laneA_ps1_metrics.v1
yh.usdmxn_x.logret_1d,acf,MEASURED,"{""lag_1"": 0.9581025270229169, ""lag_6"": 0.7491865845147228, ""lag_24"": 0.02729819347405995, ""lag_120"": -0.004238233060126168, ""lag_168"": -0.010270194822848617, ""lag_unit"": ""rows of the decision grid (1 row = 1 market hour; weekend gaps not filled)""}",,laneA_ps1_metrics.v1
yh.usdmxn_x.logret_1d,trend,MEASURED,"{""ols_slope_per_year"": -7.191275299686665e-05, ""slope_in_std_per_year"": -0.009425287137324356, ""ols_r"": -0.02226524860934539, ""kendall_tau_3000"": -0.03082737704834529, ""kendall_p_3000"": 0.0113662177001129, ""caveat"": ""OLS p-value omitted: serial correlation makes it invalid""}",,laneA_ps1_metrics.v1
yh.usdmxn_x.logret_1d,adf,MEASURED,"{""stat"": -19.17855277469204, ""pvalue"": 0.0, ""lags"": 24, ""nobs"": 19975, ""crit_5pct"": -2.8616847064863733, ""H0"": ""unit root"", ""regression"": ""c"", ""sample"": ""last 20000 finite TRAIN values (gaps compressed)""}",,laneA_ps1_metrics.v1
yh.usdmxn_x.logret_1d,kpss,MEASURED,"{""stat"": 0.047927077189867884, ""pvalue"": 0.1, ""lags"": 82, ""H0"": ""level stationary"", ""pvalue_truncated_to_table"": true, ""sample"": ""last 20000 finite TRAIN values (gaps compressed)""}",,laneA_ps1_metrics.v1
yh.usdmxn_x.logret_1d,seasonality,MEASURED,"{""eta2_hour_of_day"": 7.522443884057596e-06, ""eta2_day_of_week"": 0.0013803125939279512, ""eta2_month"": 0.0010452887724286678}",,laneA_ps1_metrics.v1
yh.usdmxn_x.logret_1d,spectrum,MEASURED,"{""top_periods_rows"": [227.55555555555554, 204.8, 1024.0], ""top_power_share"": [0.03120683320154593, 0.029316058419669007, 0.026196407293860555], ""spectral_entropy_norm"": 0.6589948080040434, ""zero_filled_fraction"": 0.0, ""method"": ""Welch nperseg<=2048 on demeaned rows""}",,laneA_ps1_metrics.v1
yh.usdmxn_x.logret_1d,cost,MEASURED,"{""build_s"": 0.014329546249952892, ""profile_s"": 0.032276914000249235, ""bytes_float64"": 573872}",,laneA_ps1_metrics.v1
yh.usdmxn_x.logret_5d,missingness,MEASURED,"{""n_rows"": 71734, ""n_finite"": 71734, ""missing_fraction"": 0.0}",,laneA_ps1_metrics.v1
yh.usdmxn_x.logret_5d,constant,MEASURED,"{""n_unique"": 3036, ""is_constant"": false, ""top_value_share"": 0.0006970195444280258}",,laneA_ps1_metrics.v1
yh.usdmxn_x.logret_5d,scale_tails,MEASURED,"{""mean"": 0.0004520014752228796, ""std"": 0.017071398761048292, ""min"": -0.07456722100432511, ""max"": 0.12636746198904225, ""p001"": -0.056302457476546545, ""p01"": -0.035972951122409426, ""p05"": -0.02485472797586974, ""p25"": -0.009544300748055345, ""median"": -0.000427728486084078, ""p75"": 0.008910132970492146, ""p95"": 0.028436363439761525, ""p99"": 0.04675948350889536, ""p999"": 0.10578049198276551, ""mad"": 0.009205209123867686, ""skew"": 1.0096561804287165, ""excess_kurtosis"": 5.057339081098213, ""tail_ratio_p99_mad"": 5.126142313554864, ""share_beyond_5mad"": 0.01409373518833468}",,laneA_ps1_metrics.v1
yh.usdmxn_x.logret_5d,volatility,MEASURED,"{""std_first_diff"": 0.002226281168626361, ""rolling168_std_median"": 0.00837850817480193, ""vol_of_vol_cv"": 0.6577588474711139}",,laneA_ps1_metrics.v1
yh.usdmxn_x.logret_5d,acf,MEASURED,"{""lag_1"": 0.9914966407008508, ""lag_6"": 0.9490000518837051, ""lag_24"": 0.7968372151927976, ""lag_120"": -0.017808594402406834, ""lag_168"": 0.0325583035304903, ""lag_unit"": ""rows of the decision grid (1 row = 1 market hour; weekend gaps not filled)""}",,laneA_ps1_metrics.v1
yh.usdmxn_x.logret_5d,trend,MEASURED,"{""ols_slope_per_year"": -0.00033755614589981765, ""slope_in_std_per_year"": -0.019773197886398006, ""ols_r"": -0.046710000483594145, ""kendall_tau_3000"": -0.04589001135687071, ""kendall_p_3000"": 0.00016454167524329678, ""caveat"": ""OLS p-value omitted: serial correlation makes it invalid""}",,laneA_ps1_metrics.v1
yh.usdmxn_x.logret_5d,adf,MEASURED,"{""stat"": -10.445886042302744, ""pvalue"": 1.480593972360003e-18, ""lags"": 24, ""nobs"": 19975, ""crit_5pct"": -2.8616847064863733, ""H0"": ""unit root"", ""regression"": ""c"", ""sample"": ""last 20000 finite TRAIN values (gaps compressed)""}",,laneA_ps1_metrics.v1
yh.usdmxn_x.logret_5d,kpss,MEASURED,"{""stat"": 0.07392933762777844, ""pvalue"": 0.1, ""lags"": 86, ""H0"": ""level stationary"", ""pvalue_truncated_to_table"": true, ""sample"": ""last 20000 finite TRAIN values (gaps compressed)""}",,laneA_ps1_metrics.v1
yh.usdmxn_x.logret_5d,seasonality,MEASURED,"{""eta2_hour_of_day"": 8.814442578979518e-06, ""eta2_day_of_week"": 5.4392071021700335e-06, ""eta2_month"": 0.004781959691510631}",,laneA_ps1_metrics.v1
yh.usdmxn_x.logret_5d,spectrum,MEASURED,"{""top_periods_rows"": [1024.0, 2048.0, 682.6666666666666], ""top_power_share"": [0.1268116588250936, 0.11509998286526932, 0.09602073175306448], ""spectral_entropy_norm"": 0.43292533778456666, ""zero_filled_fraction"": 0.0, ""method"": ""Welch nperseg<=2048 on demeaned rows""}",,laneA_ps1_metrics.v1
yh.usdmxn_x.logret_5d,cost,MEASURED,"{""build_s"": 0.014329546249952892, ""profile_s"": 0.03258943000037107, ""bytes_float64"": 573872}",,laneA_ps1_metrics.v1
yh.usdtry_x.logret_1d,missingness,MEASURED,"{""n_rows"": 71734, ""n_finite"": 71734, ""missing_fraction"": 0.0}",,laneA_ps1_metrics.v1
yh.usdtry_x.logret_1d,constant,MEASURED,"{""n_unique"": 3034, ""is_constant"": false, ""top_value_share"": 0.0006691387626509048}",,laneA_ps1_metrics.v1
yh.usdtry_x.logret_1d,scale_tails,MEASURED,"{""mean"": 0.0009223008743242443, ""std"": 0.01105231075638345, ""min"": -0.20904064133259048, ""max"": 0.2053786143226941, ""p001"": -0.07684878400574258, ""p01"": -0.02350233544175273, ""p05"": -0.011206132820445136, ""p25"": -0.0031254671622003016, ""median"": 0.0004938384646926419, ""p75"": 0.004323070285033204, ""p95"": 0.014659291202108848, ""p99"": 0.030782050076596956, ""p999"": 0.07710445883167498, ""mad"": 0.003687215129994481, ""skew"": 0.27370159355573215, ""excess_kurtosis"": 94.98221980944936, ""tail_ratio_p99_mad"": 8.214386886601229, ""share_beyond_5mad"": 0.042880642373212145}",,laneA_ps1_metrics.v1
yh.usdtry_x.logret_1d,volatility,MEASURED,"{""std_first_diff"": 0.0030456627565710577, ""rolling168_std_median"": 0.00546178313662693, ""vol_of_vol_cv"": 1.0941732479483244}",,laneA_ps1_metrics.v1
yh.usdtry_x.logret_1d,acf,MEASURED,"{""lag_1"": 0.9620316352862004, ""lag_6"": 0.77283566797591, ""lag_24"": 0.10616958652080535, ""lag_120"": -0.028078244765216715, ""lag_168"": -0.016683163398517557, ""lag_unit"": ""rows of the decision grid (1 row = 1 market hour; weekend gaps not filled)""}",,laneA_ps1_metrics.v1
yh.usdtry_x.logret_1d,trend,MEASURED,"{""ols_slope_per_year"": 0.00017520996501084956, ""slope_in_std_per_year"": 0.01585279032347639, ""ols_r"": 0.037448866285067585, ""kendall_tau_3000"": 0.04858249105759425, ""kendall_p_3000"": 6.63223628493652e-05, ""caveat"": ""OLS p-value omitted: serial correlation makes it invalid""}",,laneA_ps1_metrics.v1
yh.usdtry_x.logret_1d,adf,MEASURED,"{""stat"": -16.94368373073347, ""pvalue"": 9.575413494352724e-30, ""lags"": 24, ""nobs"": 19975, ""crit_5pct"": -2.8616847064863733, ""H0"": ""unit root"", ""regression"": ""c"", ""sample"": ""last 20000 finite TRAIN values (gaps compressed)""}",,laneA_ps1_metrics.v1
yh.usdtry_x.logret_1d,kpss,MEASURED,"{""stat"": 0.07686940632562138, ""pvalue"": 0.1, ""lags"": 83, ""H0"": ""level stationary"", ""pvalue_truncated_to_table"": true, ""sample"": ""last 20000 finite TRAIN values (gaps compressed)""}",,laneA_ps1_metrics.v1
yh.usdtry_x.logret_1d,seasonality,MEASURED,"{""eta2_hour_of_day"": 8.963289591626258e-06, ""eta2_day_of_week"": 0.0013404548684766199, ""eta2_month"": 0.0018127655216985175}",,laneA_ps1_metrics.v1
yh.usdtry_x.logret_1d,spectrum,MEASURED,"{""top_periods_rows"": [157.53846153846155, 170.66666666666666, 102.4], ""top_power_share"": [0.03180856592788262, 0.029857795677618322, 0.029063502363987255], ""spectral_entropy_norm"": 0.6495494315614595, ""zero_filled_fraction"": 0.0, ""method"": ""Welch nperseg<=2048 on demeaned rows""}",,laneA_ps1_metrics.v1
yh.usdtry_x.logret_1d,cost,MEASURED,"{""build_s"": 0.014329546249952892, ""profile_s"": 0.03268469899921911, ""bytes_float64"": 573872}",,laneA_ps1_metrics.v1
yh.usdtry_x.logret_5d,missingness,MEASURED,"{""n_rows"": 71734, ""n_finite"": 71734, ""missing_fraction"": 0.0}",,laneA_ps1_metrics.v1
yh.usdtry_x.logret_5d,constant,MEASURED,"{""n_unique"": 3034, ""is_constant"": false, ""top_value_share"": 0.0006691387626509048}",,laneA_ps1_metrics.v1
yh.usdtry_x.logret_5d,scale_tails,MEASURED,"{""mean"": 0.00449046693957369, ""std"": 0.025570754514256357, ""min"": -0.4297429946348492, ""max"": 0.2901002797360932, ""p001"": -0.17169060509824075, ""p01"": -0.04362851398162759, ""p05"": -0.023524593759369106, ""p25"": -0.005972292226089637, ""median"": 0.0028136885752516605, ""p75"": 0.012657796758598128, ""p95"": 0.03796303151591718, ""p99"": 0.08233330638858538, ""p999"": 0.21257850378276524, ""mad"": 0.009222334922133868, ""skew"": -0.6417604512193593, ""excess_kurtosis"": 54.92948630477263, ""tail_ratio_p99_mad"": 8.622503789412848, ""share_beyond_5mad"": 0.03634259904647726}",,laneA_ps1_metrics.v1
yh.usdtry_x.logret_5d,volatility,MEASURED,"{""std_first_diff"": 0.003247755443225907, ""rolling168_std_median"": 0.008494437415772401, ""vol_of_vol_cv"": 1.2536230317933423}",,laneA_ps1_metrics.v1
yh.usdtry_x.logret_5d,acf,MEASURED,"{""lag_1"": 0.9919342301125681, ""lag_6"": 0.9516711859331688, ""lag_24"": 0.804871212359291, ""lag_120"": -0.08053286085530217, ""lag_168"": -0.053759749158718874, ""lag_unit"": ""rows of the decision grid (1 row = 1 market hour; weekend gaps not filled)""}",,laneA_ps1_metrics.v1
yh.usdtry_x.logret_5d,trend,MEASURED,"{""ols_slope_per_year"": 0.0008800031849191619, ""slope_in_std_per_year"": 0.0344144395281155, ""ols_r"": 0.08129683909686136, ""kendall_tau_3000"": 0.06710166617793935, ""kendall_p_3000"": 3.594117921017527e-08, ""caveat"": ""OLS p-value omitted: serial correlation makes it invalid""}",,laneA_ps1_metrics.v1
yh.usdtry_x.logret_5d,adf,MEASURED,"{""stat"": -10.288090720346716, ""pvalue"": 3.630115426703063e-18, ""lags"": 24, ""nobs"": 19975, ""crit_5pct"": -2.8616847064863733, ""H0"": ""unit root"", ""regression"": ""c"", ""sample"": ""last 20000 finite TRAIN values (gaps compressed)""}",,laneA_ps1_metrics.v1
yh.usdtry_x.logret_5d,kpss,MEASURED,"{""stat"": 0.12443380236406233, ""pvalue"": 0.1, ""lags"": 86, ""H0"": ""level stationary"", ""pvalue_truncated_to_table"": true, ""sample"": ""last 20000 finite TRAIN values (gaps compressed)""}",,laneA_ps1_metrics.v1
yh.usdtry_x.logret_5d,seasonality,MEASURED,"{""eta2_hour_of_day"": 1.6740706759198413e-05, ""eta2_day_of_week"": 6.630076464836388e-06, ""eta2_month"": 0.009313606780962403}",,laneA_ps1_metrics.v1
yh.usdtry_x.logret_5d,spectrum,MEASURED,"{""top_periods_rows"": [409.6, 1024.0, 341.3333333333333], ""top_power_share"": [0.10112609329995119, 0.1007940340101949, 0.09849355425286618], ""spectral_entropy_norm"": 0.4376827308616445, ""zero_filled_fraction"": 0.0, ""method"": ""Welch nperseg<=2048 on demeaned rows""}",,laneA_ps1_metrics.v1
yh.usdtry_x.logret_5d,cost,MEASURED,"{""build_s"": 0.014329546249952892, ""profile_s"": 0.03244103100041684, ""bytes_float64"": 573872}",,laneA_ps1_metrics.v1
yh.usdtwd_x.logret_1d,missingness,MEASURED,"{""n_rows"": 71734, ""n_finite"": 71734, ""missing_fraction"": 0.0}",,laneA_ps1_metrics.v1
yh.usdtwd_x.logret_1d,constant,MEASURED,"{""n_unique"": 2910, ""is_constant"": false, ""top_value_share"": 0.0297627345470767}",,laneA_ps1_metrics.v1
yh.usdtwd_x.logret_1d,scale_tails,MEASURED,"{""mean"": 0.0006055046595810695, ""std"": 0.041774045719097326, ""min"": -2.132439770211308, ""max"": 2.1537562641926646, ""p001"": -0.04502159428620578, ""p01"": -0.032142717430760026, ""p05"": -0.00802293067134574, ""p25"": -0.001752484456007064, ""median"": 3.327600037250633e-05, ""p75"": 0.0020073431047231693, ""p95"": 0.007883286236623821, ""p99"": 0.030975460083961348, ""p999"": 0.04148051784644213, ""mad"": 0.0018841723614291261, ""skew"": 38.333050054212976, ""excess_kurtosis"": 2544.262772828631, ""tail_ratio_p99_mad"": 16.42216217422885, ""share_beyond_5mad"": 0.08697409875372905}",,laneA_ps1_metrics.v1
yh.usdtwd_x.logret_1d,volatility,MEASURED,"{""std_first_diff"": 0.019767943455370342, ""rolling168_std_median"": 0.002936700694298378, ""vol_of_vol_cv"": 5.302650791033342}",,laneA_ps1_metrics.v1
yh.usdtwd_x.logret_1d,acf,MEASURED,"{""lag_1"": 0.8880371596447548, ""lag_6"": 0.5447833542838592, ""lag_24"": -0.09738905061803398, ""lag_120"": 0.002989276566938294, ""lag_168"": -0.0010366403290117713, ""lag_unit"": ""rows of the decision grid (1 row = 1 market hour; weekend gaps not filled)""}",,laneA_ps1_metrics.v1
yh.usdtwd_x.logret_1d,trend,MEASURED,"{""ols_slope_per_year"": -0.00023351974831324848, ""slope_in_std_per_year"": -0.0055900678110880975, ""ols_r"": -0.013205353613482494, ""kendall_tau_3000"": -0.0032534866077210084, ""kendall_p_3000"": 0.7894500237311467, ""caveat"": ""OLS p-value omitted: serial correlation makes it invalid""}",,laneA_ps1_metrics.v1
yh.usdtwd_x.logret_1d,adf,MEASURED,"{""stat"": -20.791886181699123, ""pvalue"": 0.0, ""lags"": 24, ""nobs"": 19975, ""crit_5pct"": -2.8616847064863733, ""H0"": ""unit root"", ""regression"": ""c"", ""sample"": ""last 20000 finite TRAIN values (gaps compressed)""}",,laneA_ps1_metrics.v1
yh.usdtwd_x.logret_1d,kpss,MEASURED,"{""stat"": 0.2930065350604135, ""pvalue"": 0.1, ""lags"": 81, ""H0"": ""level stationary"", ""pvalue_truncated_to_table"": true, ""sample"": ""last 20000 finite TRAIN values (gaps compressed)""}",,laneA_ps1_metrics.v1
yh.usdtwd_x.logret_1d,seasonality,MEASURED,"{""eta2_hour_of_day"": 6.685487668147827e-05, ""eta2_day_of_week"": 0.001626036209895316, ""eta2_month"": 0.0023551844579095763}",,laneA_ps1_metrics.v1
yh.usdtwd_x.logret_1d,spectrum,MEASURED,"{""top_periods_rows"": [128.0, 409.6, 227.55555555555554], ""top_power_share"": [0.015089853826728807, 0.015048425105104587, 0.01495753363202588], ""spectral_entropy_norm"": 0.7618088170667404, ""zero_filled_fraction"": 0.0, ""method"": ""Welch nperseg<=2048 on demeaned rows""}",,laneA_ps1_metrics.v1
yh.usdtwd_x.logret_1d,cost,MEASURED,"{""build_s"": 0.014329546249952892, ""profile_s"": 0.032663097999829915, ""bytes_float64"": 573872}",,laneA_ps1_metrics.v1
yh.usdtwd_x.logret_5d,missingness,MEASURED,"{""n_rows"": 71734, ""n_finite"": 71734, ""missing_fraction"": 0.0}",,laneA_ps1_metrics.v1
yh.usdtwd_x.logret_5d,constant,MEASURED,"{""n_unique"": 2988, ""is_constant"": false, ""top_value_share"": 0.008085426715365098}",,laneA_ps1_metrics.v1
yh.usdtwd_x.logret_5d,scale_tails,MEASURED,"{""mean"": 0.0007030401419062963, ""std"": 0.04305967654534939, ""min"": -2.1316642202541978, ""max"": 2.165231663951614, ""p001"": -0.04960205591429334, ""p01"": -0.03084679088084208, ""p05"": -0.01381826668062125, ""p25"": -0.0036256802908924968, ""median"": 6.198440415339235e-05, ""p75"": 0.0039371686498994585, ""p95"": 0.013397244876388825, ""p99"": 0.03267044158649801, ""p999"": 0.04582406624165625, ""mad"": 0.0037839467737055266, ""skew"": 37.4164604150706, ""excess_kurtosis"": 2384.8096700713168, ""tail_ratio_p99_mad"": 8.617578188186815, ""share_beyond_5mad"": 0.06982741796079962}",,laneA_ps1_metrics.v1
yh.usdtwd_x.logret_5d,volatility,MEASURED,"{""std_first_diff"": 0.01613241824979992, ""rolling168_std_median"": 0.004016382517854016, ""vol_of_vol_cv"": 4.652486737306652}",,laneA_ps1_metrics.v1
yh.usdtwd_x.logret_5d,acf,MEASURED,"{""lag_1"": 0.9298186175773386, ""lag_6"": 0.6815111242438461, ""lag_24"": 0.033834788351132856, ""lag_120"": -0.12740613371882858, ""lag_168"": -0.00929668708838469, ""lag_unit"": ""rows of the decision grid (1 row = 1 market hour; weekend gaps not filled)""}",,laneA_ps1_metrics.v1
yh.usdtwd_x.logret_5d,trend,MEASURED,"{""ols_slope_per_year"": -0.0002475998739005982, ""slope_in_std_per_year"": -0.0057501563821509925, ""ols_r"": -0.01358352902419379, ""kendall_tau_3000"": 0.01308532382654762, ""kendall_p_3000"": 0.2826434151530788, ""caveat"": ""OLS p-value omitted: serial correlation makes it invalid""}",,laneA_ps1_metrics.v1
yh.usdtwd_x.logret_5d,adf,MEASURED,"{""stat"": -9.9397334524224, ""pvalue"": 2.684159545764279e-17, ""lags"": 24, ""nobs"": 19975, ""crit_5pct"": -2.8616847064863733, ""H0"": ""unit root"", ""regression"": ""c"", ""sample"": ""last 20000 finite TRAIN values (gaps compressed)""}",,laneA_ps1_metrics.v1
yh.usdtwd_x.logret_5d,kpss,MEASURED,"{""stat"": 0.5126324401874699, ""pvalue"": 0.038821522480299575, ""lags"": 86, ""H0"": ""level stationary"", ""pvalue_truncated_to_table"": false, ""sample"": ""last 20000 finite TRAIN values (gaps compressed)""}",,laneA_ps1_metrics.v1
yh.usdtwd_x.logret_5d,seasonality,MEASURED,"{""eta2_hour_of_day"": 3.057844460261948e-05, ""eta2_day_of_week"": 0.0007469817014699226, ""eta2_month"": 0.002415797609124942}",,laneA_ps1_metrics.v1
yh.usdtwd_x.logret_5d,spectrum,MEASURED,"{""top_periods_rows"": [256.0, 227.55555555555554, 409.6], ""top_power_share"": [0.03267166670917906, 0.027886748702929884, 0.02655767187618207], ""spectral_entropy_norm"": 0.699468228692595, ""zero_filled_fraction"": 0.0, ""method"": ""Welch nperseg<=2048 on demeaned rows""}",,laneA_ps1_metrics.v1
yh.usdtwd_x.logret_5d,cost,MEASURED,"{""build_s"": 0.014329546249952892, ""profile_s"": 0.032685209999726794, ""bytes_float64"": 573872}",,laneA_ps1_metrics.v1
yh.usdzar_x.logret_1d,missingness,MEASURED,"{""n_rows"": 71734, ""n_finite"": 71734, ""missing_fraction"": 0.0}",,laneA_ps1_metrics.v1
yh.usdzar_x.logret_1d,constant,MEASURED,"{""n_unique"": 3032, ""is_constant"": false, ""top_value_share"": 0.0006830791535394653}",,laneA_ps1_metrics.v1
yh.usdzar_x.logret_1d,scale_tails,MEASURED,"{""mean"": 0.00030463387965310666, ""std"": 0.009610722015229162, ""min"": -0.03498341634820212, ""max"": 0.0461526675280548, ""p001"": -0.03027369262304891, ""p01"": -0.022368960043386288, ""p05"": -0.014642770828642515, ""p25"": -0.005792050792719827, ""median"": -0.00018586389523278513, ""p75"": 0.006197006258314985, ""p95"": 0.015928406899596848, ""p99"": 0.026318700107969217, ""p999"": 0.04291348122495098, ""mad"": 0.005996949779407235, ""skew"": 0.3176639290913973, ""excess_kurtosis"": 1.078794993110474, ""tail_ratio_p99_mad"": 4.419674164058421, ""share_beyond_5mad"": 0.00676108958095185}",,laneA_ps1_metrics.v1
yh.usdzar_x.logret_1d,volatility,MEASURED,"{""std_first_diff"": 0.0027869273117129625, ""rolling168_std_median"": 0.008014949075287157, ""vol_of_vol_cv"": 0.3795514370878907}",,laneA_ps1_metrics.v1
yh.usdzar_x.logret_1d,acf,MEASURED,"{""lag_1"": 0.9579551545227315, ""lag_6"": 0.7483188054079654, ""lag_24"": 0.018968263860801825, ""lag_120"": 0.0015201897708128254, ""lag_168"": 0.0014316621835368131, ""lag_unit"": ""rows of the decision grid (1 row = 1 market hour; weekend gaps not filled)""}",,laneA_ps1_metrics.v1
yh.usdzar_x.logret_1d,trend,MEASURED,"{""ols_slope_per_year"": -4.638794750394364e-05, ""slope_in_std_per_year"": -0.0048266870512368625, ""ols_r"": -0.01140202792652583, ""kendall_tau_3000"": -0.00797893239975408, ""kendall_p_3000"": 0.5123712757705761, ""caveat"": ""OLS p-value omitted: serial correlation makes it invalid""}",,laneA_ps1_metrics.v1
yh.usdzar_x.logret_1d,adf,MEASURED,"{""stat"": -20.671256446990096, ""pvalue"": 0.0, ""lags"": 24, ""nobs"": 19975, ""crit_5pct"": -2.8616847064863733, ""H0"": ""unit root"", ""regression"": ""c"", ""sample"": ""last 20000 finite TRAIN values (gaps compressed)""}",,laneA_ps1_metrics.v1
yh.usdzar_x.logret_1d,kpss,MEASURED,"{""stat"": 0.2234640470985321, ""pvalue"": 0.1, ""lags"": 82, ""H0"": ""level stationary"", ""pvalue_truncated_to_table"": true, ""sample"": ""last 20000 finite TRAIN values (gaps compressed)""}",,laneA_ps1_metrics.v1
yh.usdzar_x.logret_1d,seasonality,MEASURED,"{""eta2_hour_of_day"": 7.000245185630306e-05, ""eta2_day_of_week"": 0.0040195960067728334, ""eta2_month"": 0.0042547757929089665}",,laneA_ps1_metrics.v1
yh.usdzar_x.logret_1d,spectrum,MEASURED,"{""top_periods_rows"": [227.55555555555554, 512.0, 170.66666666666666], ""top_power_share"": [0.02961745662621981, 0.026921994902280512, 0.026313594459783703], ""spectral_entropy_norm"": 0.6598389871180911, ""zero_filled_fraction"": 0.0, ""method"": ""Welch nperseg<=2048 on demeaned rows""}",,laneA_ps1_metrics.v1
yh.usdzar_x.logret_1d,cost,MEASURED,"{""build_s"": 0.014329546249952892, ""profile_s"": 0.03262326299955021, ""bytes_float64"": 573872}",,laneA_ps1_metrics.v1
yh.usdzar_x.logret_5d,missingness,MEASURED,"{""n_rows"": 71734, ""n_finite"": 71734, ""missing_fraction"": 0.0}",,laneA_ps1_metrics.v1
yh.usdzar_x.logret_5d,constant,MEASURED,"{""n_unique"": 3032, ""is_constant"": false, ""top_value_share"": 0.0006830791535394653}",,laneA_ps1_metrics.v1
yh.usdzar_x.logret_5d,scale_tails,MEASURED,"{""mean"": 0.00148943559195784, ""std"": 0.021135386969401128, ""min"": -0.07086657429887655, ""max"": 0.08567376516119962, ""p001"": -0.063985364458628, ""p01"": -0.045711636991975446, ""p05"": -0.03199111660957055, ""p25"": -0.012763943221826946, ""median"": 0.0006728301226845979, ""p75"": 0.014556713025500212, ""p95"": 0.036932232634044215, ""p99"": 0.05976017979652459, ""p999"": 0.0819827335003871, ""mad"": 0.013622603951165324, ""skew"": 0.28891666453886805, ""excess_kurtosis"": 0.5563900681044589, ""tail_ratio_p99_mad"": 4.337448984471538, ""share_beyond_5mad"": 0.005367050492095798}",,laneA_ps1_metrics.v1
yh.usdzar_x.logret_5d,volatility,MEASURED,"{""std_first_diff"": 0.0027790558830954964, ""rolling168_std_median"": 0.01164806150304466, ""vol_of_vol_cv"": 0.4818083650895973}",,laneA_ps1_metrics.v1
yh.usdzar_x.logret_5d,acf,MEASURED,"{""lag_1"": 0.9913555228823564, ""lag_6"": 0.948018391527595, ""lag_24"": 0.7917135289353672, ""lag_120"": -0.020615555376857258, ""lag_168"": -0.014963083258338655, ""lag_unit"": ""rows of the decision grid (1 row = 1 market hour; weekend gaps not filled)""}",,laneA_ps1_metrics.v1
yh.usdzar_x.logret_5d,trend,MEASURED,"{""ols_slope_per_year"": -0.0002639454834215918, ""slope_in_std_per_year"": -0.012488320360716381, ""ols_r"": -0.029501017156643827, ""kendall_tau_3000"": -0.022422949662351834, ""kendall_p_3000"": 0.06559993196437573, ""caveat"": ""OLS p-value omitted: serial correlation makes it invalid""}",,laneA_ps1_metrics.v1
yh.usdzar_x.logret_5d,adf,MEASURED,"{""stat"": -10.252519273538653, ""pvalue"": 4.447304521577497e-18, ""lags"": 24, ""nobs"": 19975, ""crit_5pct"": -2.8616847064863733, ""H0"": ""unit root"", ""regression"": ""c"", ""sample"": ""last 20000 finite TRAIN values (gaps compressed)""}",,laneA_ps1_metrics.v1
yh.usdzar_x.logret_5d,kpss,MEASURED,"{""stat"": 0.39173212375026906, ""pvalue"": 0.08071891217660816, ""lags"": 86, ""H0"": ""level stationary"", ""pvalue_truncated_to_table"": false, ""sample"": ""last 20000 finite TRAIN values (gaps compressed)""}",,laneA_ps1_metrics.v1
yh.usdzar_x.logret_5d,seasonality,MEASURED,"{""eta2_hour_of_day"": 1.9972365780980267e-06, ""eta2_day_of_week"": 1.8694587552786e-05, ""eta2_month"": 0.01331358141416189}",,laneA_ps1_metrics.v1
yh.usdzar_x.logret_5d,spectrum,MEASURED,"{""top_periods_rows"": [512.0, 682.6666666666666, 1024.0], ""top_power_share"": [0.1216713995594725, 0.12055522988351491, 0.11595489141287105], ""spectral_entropy_norm"": 0.43738815830912137, ""zero_filled_fraction"": 0.0, ""method"": ""Welch nperseg<=2048 on demeaned rows""}",,laneA_ps1_metrics.v1
yh.usdzar_x.logret_5d,cost,MEASURED,"{""build_s"": 0.014329546249952892, ""profile_s"": 0.032678065999789396, ""bytes_float64"": 573872}",,laneA_ps1_metrics.v1
