feature,fold,basic_complete,full_complete,fam_quality,fam_distribution,fam_volatility,fam_acf_selected,fam_seasonality,fam_cost,fam_stationarity,fam_spectral,fam_stl
0,outer_train,True,True,COMPLETE,COMPLETE,COMPLETE,COMPLETE,COMPLETE,COMPLETE,COMPLETE,COMPLETE,COMPLETE
0,inner_1,True,False,COMPLETE,COMPLETE,COMPLETE,COMPLETE,COMPLETE,COMPLETE,NOT_RUN,NOT_RUN,NOT_RUN
0,inner_2,True,False,COMPLETE,COMPLETE,COMPLETE,COMPLETE,COMPLETE,COMPLETE,NOT_RUN,NOT_RUN,NOT_RUN
0,inner_3,True,False,COMPLETE,COMPLETE,COMPLETE,COMPLETE,COMPLETE,COMPLETE,NOT_RUN,NOT_RUN,NOT_RUN
1,outer_train,True,True,COMPLETE,COMPLETE,COMPLETE,COMPLETE,COMPLETE,COMPLETE,COMPLETE,COMPLETE,COMPLETE
1,inner_1,True,False,COMPLETE,COMPLETE,COMPLETE,COMPLETE,COMPLETE,COMPLETE,NOT_RUN,NOT_RUN,NOT_RUN
1,inner_2,True,False,COMPLETE,COMPLETE,COMPLETE,COMPLETE,COMPLETE,COMPLETE,NOT_RUN,NOT_RUN,NOT_RUN
1,inner_3,True,False,COMPLETE,COMPLETE,COMPLETE,COMPLETE,COMPLETE,COMPLETE,NOT_RUN,NOT_RUN,NOT_RUN
2,outer_train,False,False,COMPLETE,PARTIAL,COMPLETE,COMPLETE,COMPLETE,COMPLETE,COMPLETE,COMPLETE,COMPLETE
2,inner_1,True,False,COMPLETE,COMPLETE,COMPLETE,COMPLETE,COMPLETE,COMPLETE,NOT_RUN,NOT_RUN,NOT_RUN
2,inner_2,True,False,COMPLETE,COMPLETE,COMPLETE,COMPLETE,COMPLETE,COMPLETE,NOT_RUN,NOT_RUN,NOT_RUN
2,inner_3,False,False,COMPLETE,PARTIAL,COMPLETE,COMPLETE,COMPLETE,COMPLETE,NOT_RUN,NOT_RUN,NOT_RUN
3,outer_train,True,True,COMPLETE,COMPLETE,COMPLETE,COMPLETE,COMPLETE,COMPLETE,COMPLETE,COMPLETE,COMPLETE
3,inner_1,True,False,COMPLETE,COMPLETE,COMPLETE,COMPLETE,COMPLETE,COMPLETE,NOT_RUN,NOT_RUN,NOT_RUN
3,inner_2,True,False,COMPLETE,COMPLETE,COMPLETE,COMPLETE,COMPLETE,COMPLETE,NOT_RUN,NOT_RUN,NOT_RUN
3,inner_3,True,False,COMPLETE,COMPLETE,COMPLETE,COMPLETE,COMPLETE,COMPLETE,NOT_RUN,NOT_RUN,NOT_RUN
4,outer_train,True,True,COMPLETE,COMPLETE,COMPLETE,COMPLETE,COMPLETE,COMPLETE,COMPLETE,COMPLETE,COMPLETE
4,inner_1,True,False,COMPLETE,COMPLETE,COMPLETE,COMPLETE,COMPLETE,COMPLETE,NOT_RUN,NOT_RUN,NOT_RUN
4,inner_2,True,False,COMPLETE,COMPLETE,COMPLETE,COMPLETE,COMPLETE,COMPLETE,NOT_RUN,NOT_RUN,NOT_RUN
4,inner_3,True,False,COMPLETE,COMPLETE,COMPLETE,COMPLETE,COMPLETE,COMPLETE,NOT_RUN,NOT_RUN,NOT_RUN
5,outer_train,True,True,COMPLETE,COMPLETE,COMPLETE,COMPLETE,COMPLETE,COMPLETE,COMPLETE,COMPLETE,COMPLETE
5,inner_1,True,False,COMPLETE,COMPLETE,COMPLETE,COMPLETE,COMPLETE,COMPLETE,NOT_RUN,NOT_RUN,NOT_RUN
5,inner_2,True,False,COMPLETE,COMPLETE,COMPLETE,COMPLETE,COMPLETE,COMPLETE,NOT_RUN,NOT_RUN,NOT_RUN
5,inner_3,True,False,COMPLETE,COMPLETE,COMPLETE,COMPLETE,COMPLETE,COMPLETE,NOT_RUN,NOT_RUN,NOT_RUN
6,outer_train,True,True,COMPLETE,COMPLETE,COMPLETE,COMPLETE,COMPLETE,COMPLETE,COMPLETE,COMPLETE,COMPLETE
6,inner_1,True,False,COMPLETE,COMPLETE,COMPLETE,COMPLETE,COMPLETE,COMPLETE,NOT_RUN,NOT_RUN,NOT_RUN
6,inner_2,True,False,COMPLETE,COMPLETE,COMPLETE,COMPLETE,COMPLETE,COMPLETE,NOT_RUN,NOT_RUN,NOT_RUN
6,inner_3,True,False,COMPLETE,COMPLETE,COMPLETE,COMPLETE,COMPLETE,COMPLETE,NOT_RUN,NOT_RUN,NOT_RUN
7,outer_train,True,True,COMPLETE,COMPLETE,COMPLETE,COMPLETE,COMPLETE,COMPLETE,COMPLETE,COMPLETE,COMPLETE
7,inner_1,True,False,COMPLETE,COMPLETE,COMPLETE,COMPLETE,COMPLETE,COMPLETE,NOT_RUN,NOT_RUN,NOT_RUN
7,inner_2,True,False,COMPLETE,COMPLETE,COMPLETE,COMPLETE,COMPLETE,COMPLETE,NOT_RUN,NOT_RUN,NOT_RUN
7,inner_3,True,False,COMPLETE,COMPLETE,COMPLETE,COMPLETE,COMPLETE,COMPLETE,NOT_RUN,NOT_RUN,NOT_RUN
8,outer_train,True,True,COMPLETE,COMPLETE,COMPLETE,COMPLETE,COMPLETE,COMPLETE,COMPLETE,COMPLETE,COMPLETE
8,inner_1,True,False,COMPLETE,COMPLETE,COMPLETE,COMPLETE,COMPLETE,COMPLETE,NOT_RUN,NOT_RUN,NOT_RUN
8,inner_2,True,False,COMPLETE,COMPLETE,COMPLETE,COMPLETE,COMPLETE,COMPLETE,NOT_RUN,NOT_RUN,NOT_RUN
8,inner_3,True,False,COMPLETE,COMPLETE,COMPLETE,COMPLETE,COMPLETE,COMPLETE,NOT_RUN,NOT_RUN,NOT_RUN
9,outer_train,True,True,COMPLETE,COMPLETE,COMPLETE,COMPLETE,COMPLETE,COMPLETE,COMPLETE,COMPLETE,COMPLETE
9,inner_1,True,False,COMPLETE,COMPLETE,COMPLETE,COMPLETE,COMPLETE,COMPLETE,NOT_RUN,NOT_RUN,NOT_RUN
9,inner_2,True,False,COMPLETE,COMPLETE,COMPLETE,COMPLETE,COMPLETE,COMPLETE,NOT_RUN,NOT_RUN,NOT_RUN
9,inner_3,True,False,COMPLETE,COMPLETE,COMPLETE,COMPLETE,COMPLETE,COMPLETE,NOT_RUN,NOT_RUN,NOT_RUN
10,outer_train,True,True,COMPLETE,COMPLETE,COMPLETE,COMPLETE,COMPLETE,COMPLETE,COMPLETE,COMPLETE,COMPLETE
10,inner_1,True,False,COMPLETE,COMPLETE,COMPLETE,COMPLETE,COMPLETE,COMPLETE,NOT_RUN,NOT_RUN,NOT_RUN
10,inner_2,True,False,COMPLETE,COMPLETE,COMPLETE,COMPLETE,COMPLETE,COMPLETE,NOT_RUN,NOT_RUN,NOT_RUN
10,inner_3,True,False,COMPLETE,COMPLETE,COMPLETE,COMPLETE,COMPLETE,COMPLETE,NOT_RUN,NOT_RUN,NOT_RUN
11,outer_train,True,True,COMPLETE,COMPLETE,COMPLETE,COMPLETE,COMPLETE,COMPLETE,COMPLETE,COMPLETE,COMPLETE
11,inner_1,True,False,COMPLETE,COMPLETE,COMPLETE,COMPLETE,COMPLETE,COMPLETE,NOT_RUN,NOT_RUN,NOT_RUN
11,inner_2,True,False,COMPLETE,COMPLETE,COMPLETE,COMPLETE,COMPLETE,COMPLETE,NOT_RUN,NOT_RUN,NOT_RUN
11,inner_3,True,False,COMPLETE,COMPLETE,COMPLETE,COMPLETE,COMPLETE,COMPLETE,NOT_RUN,NOT_RUN,NOT_RUN
12,outer_train,True,True,COMPLETE,COMPLETE,COMPLETE,COMPLETE,COMPLETE,COMPLETE,COMPLETE,COMPLETE,COMPLETE
12,inner_1,True,False,COMPLETE,COMPLETE,COMPLETE,COMPLETE,COMPLETE,COMPLETE,NOT_RUN,NOT_RUN,NOT_RUN
12,inner_2,True,False,COMPLETE,COMPLETE,COMPLETE,COMPLETE,COMPLETE,COMPLETE,NOT_RUN,NOT_RUN,NOT_RUN
12,inner_3,True,False,COMPLETE,COMPLETE,COMPLETE,COMPLETE,COMPLETE,COMPLETE,NOT_RUN,NOT_RUN,NOT_RUN
13,outer_train,True,True,COMPLETE,COMPLETE,COMPLETE,COMPLETE,COMPLETE,COMPLETE,COMPLETE,COMPLETE,COMPLETE
13,inner_1,True,False,COMPLETE,COMPLETE,COMPLETE,COMPLETE,COMPLETE,COMPLETE,NOT_RUN,NOT_RUN,NOT_RUN
13,inner_2,True,False,COMPLETE,COMPLETE,COMPLETE,COMPLETE,COMPLETE,COMPLETE,NOT_RUN,NOT_RUN,NOT_RUN
13,inner_3,True,False,COMPLETE,COMPLETE,COMPLETE,COMPLETE,COMPLETE,COMPLETE,NOT_RUN,NOT_RUN,NOT_RUN
14,outer_train,True,True,COMPLETE,COMPLETE,COMPLETE,COMPLETE,COMPLETE,COMPLETE,COMPLETE,COMPLETE,COMPLETE
14,inner_1,True,False,COMPLETE,COMPLETE,COMPLETE,COMPLETE,COMPLETE,COMPLETE,NOT_RUN,NOT_RUN,NOT_RUN
14,inner_2,True,False,COMPLETE,COMPLETE,COMPLETE,COMPLETE,COMPLETE,COMPLETE,NOT_RUN,NOT_RUN,NOT_RUN
14,inner_3,True,False,COMPLETE,COMPLETE,COMPLETE,COMPLETE,COMPLETE,COMPLETE,NOT_RUN,NOT_RUN,NOT_RUN
15,outer_train,True,True,COMPLETE,COMPLETE,COMPLETE,COMPLETE,COMPLETE,COMPLETE,COMPLETE,COMPLETE,COMPLETE
15,inner_1,True,False,COMPLETE,COMPLETE,COMPLETE,COMPLETE,COMPLETE,COMPLETE,NOT_RUN,NOT_RUN,NOT_RUN
15,inner_2,True,False,COMPLETE,COMPLETE,COMPLETE,COMPLETE,COMPLETE,COMPLETE,NOT_RUN,NOT_RUN,NOT_RUN
15,inner_3,True,False,COMPLETE,COMPLETE,COMPLETE,COMPLETE,COMPLETE,COMPLETE,NOT_RUN,NOT_RUN,NOT_RUN
16,outer_train,True,True,COMPLETE,COMPLETE,COMPLETE,COMPLETE,COMPLETE,COMPLETE,COMPLETE,COMPLETE,COMPLETE
16,inner_1,True,False,COMPLETE,COMPLETE,COMPLETE,COMPLETE,COMPLETE,COMPLETE,NOT_RUN,NOT_RUN,NOT_RUN
16,inner_2,True,False,COMPLETE,COMPLETE,COMPLETE,COMPLETE,COMPLETE,COMPLETE,NOT_RUN,NOT_RUN,NOT_RUN
16,inner_3,True,False,COMPLETE,COMPLETE,COMPLETE,COMPLETE,COMPLETE,COMPLETE,NOT_RUN,NOT_RUN,NOT_RUN
17,outer_train,True,True,COMPLETE,COMPLETE,COMPLETE,COMPLETE,COMPLETE,COMPLETE,COMPLETE,COMPLETE,COMPLETE
17,inner_1,True,False,COMPLETE,COMPLETE,COMPLETE,COMPLETE,COMPLETE,COMPLETE,NOT_RUN,NOT_RUN,NOT_RUN
17,inner_2,True,False,COMPLETE,COMPLETE,COMPLETE,COMPLETE,COMPLETE,COMPLETE,NOT_RUN,NOT_RUN,NOT_RUN
17,inner_3,True,False,COMPLETE,COMPLETE,COMPLETE,COMPLETE,COMPLETE,COMPLETE,NOT_RUN,NOT_RUN,NOT_RUN
18,outer_train,True,True,COMPLETE,COMPLETE,COMPLETE,COMPLETE,COMPLETE,COMPLETE,COMPLETE,COMPLETE,COMPLETE
18,inner_1,True,False,COMPLETE,COMPLETE,COMPLETE,COMPLETE,COMPLETE,COMPLETE,NOT_RUN,NOT_RUN,NOT_RUN
18,inner_2,True,False,COMPLETE,COMPLETE,COMPLETE,COMPLETE,COMPLETE,COMPLETE,NOT_RUN,NOT_RUN,NOT_RUN
18,inner_3,True,False,COMPLETE,COMPLETE,COMPLETE,COMPLETE,COMPLETE,COMPLETE,NOT_RUN,NOT_RUN,NOT_RUN
19,outer_train,True,True,COMPLETE,COMPLETE,COMPLETE,COMPLETE,COMPLETE,COMPLETE,COMPLETE,COMPLETE,COMPLETE
19,inner_1,True,False,COMPLETE,COMPLETE,COMPLETE,COMPLETE,COMPLETE,COMPLETE,NOT_RUN,NOT_RUN,NOT_RUN
19,inner_2,True,False,COMPLETE,COMPLETE,COMPLETE,COMPLETE,COMPLETE,COMPLETE,NOT_RUN,NOT_RUN,NOT_RUN
19,inner_3,True,False,COMPLETE,COMPLETE,COMPLETE,COMPLETE,COMPLETE,COMPLETE,NOT_RUN,NOT_RUN,NOT_RUN
20,outer_train,True,True,COMPLETE,COMPLETE,COMPLETE,COMPLETE,COMPLETE,COMPLETE,COMPLETE,COMPLETE,COMPLETE
20,inner_1,True,False,COMPLETE,COMPLETE,COMPLETE,COMPLETE,COMPLETE,COMPLETE,NOT_RUN,NOT_RUN,NOT_RUN
20,inner_2,True,False,COMPLETE,COMPLETE,COMPLETE,COMPLETE,COMPLETE,COMPLETE,NOT_RUN,NOT_RUN,NOT_RUN
20,inner_3,True,False,COMPLETE,COMPLETE,COMPLETE,COMPLETE,COMPLETE,COMPLETE,NOT_RUN,NOT_RUN,NOT_RUN
21,outer_train,True,True,COMPLETE,COMPLETE,COMPLETE,COMPLETE,COMPLETE,COMPLETE,COMPLETE,COMPLETE,COMPLETE
21,inner_1,True,False,COMPLETE,COMPLETE,COMPLETE,COMPLETE,COMPLETE,COMPLETE,NOT_RUN,NOT_RUN,NOT_RUN
21,inner_2,True,False,COMPLETE,COMPLETE,COMPLETE,COMPLETE,COMPLETE,COMPLETE,NOT_RUN,NOT_RUN,NOT_RUN
21,inner_3,True,False,COMPLETE,COMPLETE,COMPLETE,COMPLETE,COMPLETE,COMPLETE,NOT_RUN,NOT_RUN,NOT_RUN
22,outer_train,True,True,COMPLETE,COMPLETE,COMPLETE,COMPLETE,COMPLETE,COMPLETE,COMPLETE,COMPLETE,COMPLETE
22,inner_1,True,False,COMPLETE,COMPLETE,COMPLETE,COMPLETE,COMPLETE,COMPLETE,NOT_RUN,NOT_RUN,NOT_RUN
22,inner_2,True,False,COMPLETE,COMPLETE,COMPLETE,COMPLETE,COMPLETE,COMPLETE,NOT_RUN,NOT_RUN,NOT_RUN
22,inner_3,True,False,COMPLETE,COMPLETE,COMPLETE,COMPLETE,COMPLETE,COMPLETE,NOT_RUN,NOT_RUN,NOT_RUN
23,outer_train,True,True,COMPLETE,COMPLETE,COMPLETE,COMPLETE,COMPLETE,COMPLETE,COMPLETE,COMPLETE,COMPLETE
23,inner_1,True,False,COMPLETE,COMPLETE,COMPLETE,COMPLETE,COMPLETE,COMPLETE,NOT_RUN,NOT_RUN,NOT_RUN
23,inner_2,True,False,COMPLETE,COMPLETE,COMPLETE,COMPLETE,COMPLETE,COMPLETE,NOT_RUN,NOT_RUN,NOT_RUN
23,inner_3,True,False,COMPLETE,COMPLETE,COMPLETE,COMPLETE,COMPLETE,COMPLETE,NOT_RUN,NOT_RUN,NOT_RUN
24,outer_train,True,True,COMPLETE,COMPLETE,COMPLETE,COMPLETE,COMPLETE,COMPLETE,COMPLETE,COMPLETE,COMPLETE
24,inner_1,True,False,COMPLETE,COMPLETE,COMPLETE,COMPLETE,COMPLETE,COMPLETE,NOT_RUN,NOT_RUN,NOT_RUN
24,inner_2,True,False,COMPLETE,COMPLETE,COMPLETE,COMPLETE,COMPLETE,COMPLETE,NOT_RUN,NOT_RUN,NOT_RUN
24,inner_3,True,False,COMPLETE,COMPLETE,COMPLETE,COMPLETE,COMPLETE,COMPLETE,NOT_RUN,NOT_RUN,NOT_RUN
25,outer_train,True,True,COMPLETE,COMPLETE,COMPLETE,COMPLETE,COMPLETE,COMPLETE,COMPLETE,COMPLETE,COMPLETE
25,inner_1,True,False,COMPLETE,COMPLETE,COMPLETE,COMPLETE,COMPLETE,COMPLETE,NOT_RUN,NOT_RUN,NOT_RUN
25,inner_2,True,False,COMPLETE,COMPLETE,COMPLETE,COMPLETE,COMPLETE,COMPLETE,NOT_RUN,NOT_RUN,NOT_RUN
25,inner_3,True,False,COMPLETE,COMPLETE,COMPLETE,COMPLETE,COMPLETE,COMPLETE,NOT_RUN,NOT_RUN,NOT_RUN
26,outer_train,True,True,COMPLETE,COMPLETE,COMPLETE,COMPLETE,COMPLETE,COMPLETE,COMPLETE,COMPLETE,COMPLETE
26,inner_1,True,False,COMPLETE,COMPLETE,COMPLETE,COMPLETE,COMPLETE,COMPLETE,NOT_RUN,NOT_RUN,NOT_RUN
26,inner_2,True,False,COMPLETE,COMPLETE,COMPLETE,COMPLETE,COMPLETE,COMPLETE,NOT_RUN,NOT_RUN,NOT_RUN
26,inner_3,True,False,COMPLETE,COMPLETE,COMPLETE,COMPLETE,COMPLETE,COMPLETE,NOT_RUN,NOT_RUN,NOT_RUN
27,outer_train,True,True,COMPLETE,COMPLETE,COMPLETE,COMPLETE,COMPLETE,COMPLETE,COMPLETE,COMPLETE,COMPLETE
27,inner_1,True,False,COMPLETE,COMPLETE,COMPLETE,COMPLETE,COMPLETE,COMPLETE,NOT_RUN,NOT_RUN,NOT_RUN
27,inner_2,True,False,COMPLETE,COMPLETE,COMPLETE,COMPLETE,COMPLETE,COMPLETE,NOT_RUN,NOT_RUN,NOT_RUN
27,inner_3,True,False,COMPLETE,COMPLETE,COMPLETE,COMPLETE,COMPLETE,COMPLETE,NOT_RUN,NOT_RUN,NOT_RUN
28,outer_train,True,True,COMPLETE,COMPLETE,COMPLETE,COMPLETE,COMPLETE,COMPLETE,COMPLETE,COMPLETE,COMPLETE
28,inner_1,True,False,COMPLETE,COMPLETE,COMPLETE,COMPLETE,COMPLETE,COMPLETE,NOT_RUN,NOT_RUN,NOT_RUN
28,inner_2,True,False,COMPLETE,COMPLETE,COMPLETE,COMPLETE,COMPLETE,COMPLETE,NOT_RUN,NOT_RUN,NOT_RUN
28,inner_3,True,False,COMPLETE,COMPLETE,COMPLETE,COMPLETE,COMPLETE,COMPLETE,NOT_RUN,NOT_RUN,NOT_RUN
29,outer_train,True,True,COMPLETE,COMPLETE,COMPLETE,COMPLETE,COMPLETE,COMPLETE,COMPLETE,COMPLETE,COMPLETE
29,inner_1,True,False,COMPLETE,COMPLETE,COMPLETE,COMPLETE,COMPLETE,COMPLETE,NOT_RUN,NOT_RUN,NOT_RUN
29,inner_2,True,False,COMPLETE,COMPLETE,COMPLETE,COMPLETE,COMPLETE,COMPLETE,NOT_RUN,NOT_RUN,NOT_RUN
29,inner_3,True,False,COMPLETE,COMPLETE,COMPLETE,COMPLETE,COMPLETE,COMPLETE,NOT_RUN,NOT_RUN,NOT_RUN
30,outer_train,True,True,COMPLETE,COMPLETE,COMPLETE,COMPLETE,COMPLETE,COMPLETE,COMPLETE,COMPLETE,COMPLETE
30,inner_1,True,False,COMPLETE,COMPLETE,COMPLETE,COMPLETE,COMPLETE,COMPLETE,NOT_RUN,NOT_RUN,NOT_RUN
30,inner_2,True,False,COMPLETE,COMPLETE,COMPLETE,COMPLETE,COMPLETE,COMPLETE,NOT_RUN,NOT_RUN,NOT_RUN
30,inner_3,True,False,COMPLETE,COMPLETE,COMPLETE,COMPLETE,COMPLETE,COMPLETE,NOT_RUN,NOT_RUN,NOT_RUN
31,outer_train,True,True,COMPLETE,COMPLETE,COMPLETE,COMPLETE,COMPLETE,COMPLETE,COMPLETE,COMPLETE,COMPLETE
31,inner_1,True,False,COMPLETE,COMPLETE,COMPLETE,COMPLETE,COMPLETE,COMPLETE,NOT_RUN,NOT_RUN,NOT_RUN
31,inner_2,True,False,COMPLETE,COMPLETE,COMPLETE,COMPLETE,COMPLETE,COMPLETE,NOT_RUN,NOT_RUN,NOT_RUN
31,inner_3,True,False,COMPLETE,COMPLETE,COMPLETE,COMPLETE,COMPLETE,COMPLETE,NOT_RUN,NOT_RUN,NOT_RUN
32,outer_train,True,True,COMPLETE,COMPLETE,COMPLETE,COMPLETE,COMPLETE,COMPLETE,COMPLETE,COMPLETE,COMPLETE
32,inner_1,True,False,COMPLETE,COMPLETE,COMPLETE,COMPLETE,COMPLETE,COMPLETE,NOT_RUN,NOT_RUN,NOT_RUN
32,inner_2,True,False,COMPLETE,COMPLETE,COMPLETE,COMPLETE,COMPLETE,COMPLETE,NOT_RUN,NOT_RUN,NOT_RUN
32,inner_3,True,False,COMPLETE,COMPLETE,COMPLETE,COMPLETE,COMPLETE,COMPLETE,NOT_RUN,NOT_RUN,NOT_RUN
33,outer_train,True,True,COMPLETE,COMPLETE,COMPLETE,COMPLETE,COMPLETE,COMPLETE,COMPLETE,COMPLETE,COMPLETE
33,inner_1,True,False,COMPLETE,COMPLETE,COMPLETE,COMPLETE,COMPLETE,COMPLETE,NOT_RUN,NOT_RUN,NOT_RUN
33,inner_2,True,False,COMPLETE,COMPLETE,COMPLETE,COMPLETE,COMPLETE,COMPLETE,NOT_RUN,NOT_RUN,NOT_RUN
33,inner_3,True,False,COMPLETE,COMPLETE,COMPLETE,COMPLETE,COMPLETE,COMPLETE,NOT_RUN,NOT_RUN,NOT_RUN
34,outer_train,True,True,COMPLETE,COMPLETE,COMPLETE,COMPLETE,COMPLETE,COMPLETE,COMPLETE,COMPLETE,COMPLETE
34,inner_1,True,False,COMPLETE,COMPLETE,COMPLETE,COMPLETE,COMPLETE,COMPLETE,NOT_RUN,NOT_RUN,NOT_RUN
34,inner_2,True,False,COMPLETE,COMPLETE,COMPLETE,COMPLETE,COMPLETE,COMPLETE,NOT_RUN,NOT_RUN,NOT_RUN
34,inner_3,True,False,COMPLETE,COMPLETE,COMPLETE,COMPLETE,COMPLETE,COMPLETE,NOT_RUN,NOT_RUN,NOT_RUN
35,outer_train,True,True,COMPLETE,COMPLETE,COMPLETE,COMPLETE,COMPLETE,COMPLETE,COMPLETE,COMPLETE,COMPLETE
35,inner_1,True,False,COMPLETE,COMPLETE,COMPLETE,COMPLETE,COMPLETE,COMPLETE,NOT_RUN,NOT_RUN,NOT_RUN
35,inner_2,True,False,COMPLETE,COMPLETE,COMPLETE,COMPLETE,COMPLETE,COMPLETE,NOT_RUN,NOT_RUN,NOT_RUN
35,inner_3,True,False,COMPLETE,COMPLETE,COMPLETE,COMPLETE,COMPLETE,COMPLETE,NOT_RUN,NOT_RUN,NOT_RUN
36,outer_train,True,True,COMPLETE,COMPLETE,COMPLETE,COMPLETE,COMPLETE,COMPLETE,COMPLETE,COMPLETE,COMPLETE
36,inner_1,True,False,COMPLETE,COMPLETE,COMPLETE,COMPLETE,COMPLETE,COMPLETE,NOT_RUN,NOT_RUN,NOT_RUN
36,inner_2,True,False,COMPLETE,COMPLETE,COMPLETE,COMPLETE,COMPLETE,COMPLETE,NOT_RUN,NOT_RUN,NOT_RUN
36,inner_3,True,False,COMPLETE,COMPLETE,COMPLETE,COMPLETE,COMPLETE,COMPLETE,NOT_RUN,NOT_RUN,NOT_RUN
37,outer_train,True,True,COMPLETE,COMPLETE,COMPLETE,COMPLETE,COMPLETE,COMPLETE,COMPLETE,COMPLETE,COMPLETE
37,inner_1,True,False,COMPLETE,COMPLETE,COMPLETE,COMPLETE,COMPLETE,COMPLETE,NOT_RUN,NOT_RUN,NOT_RUN
37,inner_2,True,False,COMPLETE,COMPLETE,COMPLETE,COMPLETE,COMPLETE,COMPLETE,NOT_RUN,NOT_RUN,NOT_RUN
37,inner_3,True,False,COMPLETE,COMPLETE,COMPLETE,COMPLETE,COMPLETE,COMPLETE,NOT_RUN,NOT_RUN,NOT_RUN
38,outer_train,True,True,COMPLETE,COMPLETE,COMPLETE,COMPLETE,COMPLETE,COMPLETE,COMPLETE,COMPLETE,COMPLETE
38,inner_1,True,False,COMPLETE,COMPLETE,COMPLETE,COMPLETE,COMPLETE,COMPLETE,NOT_RUN,NOT_RUN,NOT_RUN
38,inner_2,True,False,COMPLETE,COMPLETE,COMPLETE,COMPLETE,COMPLETE,COMPLETE,NOT_RUN,NOT_RUN,NOT_RUN
38,inner_3,True,False,COMPLETE,COMPLETE,COMPLETE,COMPLETE,COMPLETE,COMPLETE,NOT_RUN,NOT_RUN,NOT_RUN
39,outer_train,True,True,COMPLETE,COMPLETE,COMPLETE,COMPLETE,COMPLETE,COMPLETE,COMPLETE,COMPLETE,COMPLETE
39,inner_1,True,False,COMPLETE,COMPLETE,COMPLETE,COMPLETE,COMPLETE,COMPLETE,NOT_RUN,NOT_RUN,NOT_RUN
39,inner_2,True,False,COMPLETE,COMPLETE,COMPLETE,COMPLETE,COMPLETE,COMPLETE,NOT_RUN,NOT_RUN,NOT_RUN
39,inner_3,True,False,COMPLETE,COMPLETE,COMPLETE,COMPLETE,COMPLETE,COMPLETE,NOT_RUN,NOT_RUN,NOT_RUN
40,outer_train,True,True,COMPLETE,COMPLETE,COMPLETE,COMPLETE,COMPLETE,COMPLETE,COMPLETE,COMPLETE,COMPLETE
40,inner_1,True,False,COMPLETE,COMPLETE,COMPLETE,COMPLETE,COMPLETE,COMPLETE,NOT_RUN,NOT_RUN,NOT_RUN
40,inner_2,True,False,COMPLETE,COMPLETE,COMPLETE,COMPLETE,COMPLETE,COMPLETE,NOT_RUN,NOT_RUN,NOT_RUN
40,inner_3,True,False,COMPLETE,COMPLETE,COMPLETE,COMPLETE,COMPLETE,COMPLETE,NOT_RUN,NOT_RUN,NOT_RUN
41,outer_train,True,True,COMPLETE,COMPLETE,COMPLETE,COMPLETE,COMPLETE,COMPLETE,COMPLETE,COMPLETE,COMPLETE
41,inner_1,True,False,COMPLETE,COMPLETE,COMPLETE,COMPLETE,COMPLETE,COMPLETE,NOT_RUN,NOT_RUN,NOT_RUN
41,inner_2,True,False,COMPLETE,COMPLETE,COMPLETE,COMPLETE,COMPLETE,COMPLETE,NOT_RUN,NOT_RUN,NOT_RUN
41,inner_3,True,False,COMPLETE,COMPLETE,COMPLETE,COMPLETE,COMPLETE,COMPLETE,NOT_RUN,NOT_RUN,NOT_RUN
42,outer_train,True,True,COMPLETE,COMPLETE,COMPLETE,COMPLETE,COMPLETE,COMPLETE,COMPLETE,COMPLETE,COMPLETE
42,inner_1,True,False,COMPLETE,COMPLETE,COMPLETE,COMPLETE,COMPLETE,COMPLETE,NOT_RUN,NOT_RUN,NOT_RUN
42,inner_2,True,False,COMPLETE,COMPLETE,COMPLETE,COMPLETE,COMPLETE,COMPLETE,NOT_RUN,NOT_RUN,NOT_RUN
42,inner_3,True,False,COMPLETE,COMPLETE,COMPLETE,COMPLETE,COMPLETE,COMPLETE,NOT_RUN,NOT_RUN,NOT_RUN
43,outer_train,True,True,COMPLETE,COMPLETE,COMPLETE,COMPLETE,COMPLETE,COMPLETE,COMPLETE,COMPLETE,COMPLETE
43,inner_1,True,False,COMPLETE,COMPLETE,COMPLETE,COMPLETE,COMPLETE,COMPLETE,NOT_RUN,NOT_RUN,NOT_RUN
43,inner_2,True,False,COMPLETE,COMPLETE,COMPLETE,COMPLETE,COMPLETE,COMPLETE,NOT_RUN,NOT_RUN,NOT_RUN
43,inner_3,True,False,COMPLETE,COMPLETE,COMPLETE,COMPLETE,COMPLETE,COMPLETE,NOT_RUN,NOT_RUN,NOT_RUN
44,outer_train,True,True,COMPLETE,COMPLETE,COMPLETE,COMPLETE,COMPLETE,COMPLETE,COMPLETE,COMPLETE,COMPLETE
44,inner_1,True,False,COMPLETE,COMPLETE,COMPLETE,COMPLETE,COMPLETE,COMPLETE,NOT_RUN,NOT_RUN,NOT_RUN
44,inner_2,True,False,COMPLETE,COMPLETE,COMPLETE,COMPLETE,COMPLETE,COMPLETE,NOT_RUN,NOT_RUN,NOT_RUN
44,inner_3,True,False,COMPLETE,COMPLETE,COMPLETE,COMPLETE,COMPLETE,COMPLETE,NOT_RUN,NOT_RUN,NOT_RUN
45,outer_train,True,True,COMPLETE,COMPLETE,COMPLETE,COMPLETE,COMPLETE,COMPLETE,COMPLETE,COMPLETE,COMPLETE
45,inner_1,True,False,COMPLETE,COMPLETE,COMPLETE,COMPLETE,COMPLETE,COMPLETE,NOT_RUN,NOT_RUN,NOT_RUN
45,inner_2,True,False,COMPLETE,COMPLETE,COMPLETE,COMPLETE,COMPLETE,COMPLETE,NOT_RUN,NOT_RUN,NOT_RUN
45,inner_3,True,False,COMPLETE,COMPLETE,COMPLETE,COMPLETE,COMPLETE,COMPLETE,NOT_RUN,NOT_RUN,NOT_RUN
46,outer_train,True,True,COMPLETE,COMPLETE,COMPLETE,COMPLETE,COMPLETE,COMPLETE,COMPLETE,COMPLETE,COMPLETE
46,inner_1,True,False,COMPLETE,COMPLETE,COMPLETE,COMPLETE,COMPLETE,COMPLETE,NOT_RUN,NOT_RUN,NOT_RUN
46,inner_2,True,False,COMPLETE,COMPLETE,COMPLETE,COMPLETE,COMPLETE,COMPLETE,NOT_RUN,NOT_RUN,NOT_RUN
46,inner_3,True,False,COMPLETE,COMPLETE,COMPLETE,COMPLETE,COMPLETE,COMPLETE,NOT_RUN,NOT_RUN,NOT_RUN
47,outer_train,True,True,COMPLETE,COMPLETE,COMPLETE,COMPLETE,COMPLETE,COMPLETE,COMPLETE,COMPLETE,COMPLETE
47,inner_1,True,False,COMPLETE,COMPLETE,COMPLETE,COMPLETE,COMPLETE,COMPLETE,NOT_RUN,NOT_RUN,NOT_RUN
47,inner_2,True,False,COMPLETE,COMPLETE,COMPLETE,COMPLETE,COMPLETE,COMPLETE,NOT_RUN,NOT_RUN,NOT_RUN
47,inner_3,True,False,COMPLETE,COMPLETE,COMPLETE,COMPLETE,COMPLETE,COMPLETE,NOT_RUN,NOT_RUN,NOT_RUN
48,outer_train,True,True,COMPLETE,COMPLETE,COMPLETE,COMPLETE,COMPLETE,COMPLETE,COMPLETE,COMPLETE,COMPLETE
48,inner_1,True,False,COMPLETE,COMPLETE,COMPLETE,COMPLETE,COMPLETE,COMPLETE,NOT_RUN,NOT_RUN,NOT_RUN
48,inner_2,True,False,COMPLETE,COMPLETE,COMPLETE,COMPLETE,COMPLETE,COMPLETE,NOT_RUN,NOT_RUN,NOT_RUN
48,inner_3,True,False,COMPLETE,COMPLETE,COMPLETE,COMPLETE,COMPLETE,COMPLETE,NOT_RUN,NOT_RUN,NOT_RUN
49,outer_train,True,True,COMPLETE,COMPLETE,COMPLETE,COMPLETE,COMPLETE,COMPLETE,COMPLETE,COMPLETE,COMPLETE
49,inner_1,True,False,COMPLETE,COMPLETE,COMPLETE,COMPLETE,COMPLETE,COMPLETE,NOT_RUN,NOT_RUN,NOT_RUN
49,inner_2,True,False,COMPLETE,COMPLETE,COMPLETE,COMPLETE,COMPLETE,COMPLETE,NOT_RUN,NOT_RUN,NOT_RUN
49,inner_3,True,False,COMPLETE,COMPLETE,COMPLETE,COMPLETE,COMPLETE,COMPLETE,NOT_RUN,NOT_RUN,NOT_RUN
50,outer_train,True,True,COMPLETE,COMPLETE,COMPLETE,COMPLETE,COMPLETE,COMPLETE,COMPLETE,COMPLETE,COMPLETE
50,inner_1,True,False,COMPLETE,COMPLETE,COMPLETE,COMPLETE,COMPLETE,COMPLETE,NOT_RUN,NOT_RUN,NOT_RUN
50,inner_2,True,False,COMPLETE,COMPLETE,COMPLETE,COMPLETE,COMPLETE,COMPLETE,NOT_RUN,NOT_RUN,NOT_RUN
50,inner_3,True,False,COMPLETE,COMPLETE,COMPLETE,COMPLETE,COMPLETE,COMPLETE,NOT_RUN,NOT_RUN,NOT_RUN
51,outer_train,True,True,COMPLETE,COMPLETE,COMPLETE,COMPLETE,COMPLETE,COMPLETE,COMPLETE,COMPLETE,COMPLETE
51,inner_1,True,False,COMPLETE,COMPLETE,COMPLETE,COMPLETE,COMPLETE,COMPLETE,NOT_RUN,NOT_RUN,NOT_RUN
51,inner_2,True,False,COMPLETE,COMPLETE,COMPLETE,COMPLETE,COMPLETE,COMPLETE,NOT_RUN,NOT_RUN,NOT_RUN
51,inner_3,True,False,COMPLETE,COMPLETE,COMPLETE,COMPLETE,COMPLETE,COMPLETE,NOT_RUN,NOT_RUN,NOT_RUN
52,outer_train,True,True,COMPLETE,COMPLETE,COMPLETE,COMPLETE,COMPLETE,COMPLETE,COMPLETE,COMPLETE,COMPLETE
52,inner_1,True,False,COMPLETE,COMPLETE,COMPLETE,COMPLETE,COMPLETE,COMPLETE,NOT_RUN,NOT_RUN,NOT_RUN
52,inner_2,True,False,COMPLETE,COMPLETE,COMPLETE,COMPLETE,COMPLETE,COMPLETE,NOT_RUN,NOT_RUN,NOT_RUN
52,inner_3,True,False,COMPLETE,COMPLETE,COMPLETE,COMPLETE,COMPLETE,COMPLETE,NOT_RUN,NOT_RUN,NOT_RUN
53,outer_train,True,True,COMPLETE,COMPLETE,COMPLETE,COMPLETE,COMPLETE,COMPLETE,COMPLETE,COMPLETE,COMPLETE
53,inner_1,True,False,COMPLETE,COMPLETE,COMPLETE,COMPLETE,COMPLETE,COMPLETE,NOT_RUN,NOT_RUN,NOT_RUN
53,inner_2,True,False,COMPLETE,COMPLETE,COMPLETE,COMPLETE,COMPLETE,COMPLETE,NOT_RUN,NOT_RUN,NOT_RUN
53,inner_3,True,False,COMPLETE,COMPLETE,COMPLETE,COMPLETE,COMPLETE,COMPLETE,NOT_RUN,NOT_RUN,NOT_RUN
54,outer_train,True,True,COMPLETE,COMPLETE,COMPLETE,COMPLETE,COMPLETE,COMPLETE,COMPLETE,COMPLETE,COMPLETE
54,inner_1,True,False,COMPLETE,COMPLETE,COMPLETE,COMPLETE,COMPLETE,COMPLETE,NOT_RUN,NOT_RUN,NOT_RUN
54,inner_2,True,False,COMPLETE,COMPLETE,COMPLETE,COMPLETE,COMPLETE,COMPLETE,NOT_RUN,NOT_RUN,NOT_RUN
54,inner_3,True,False,COMPLETE,COMPLETE,COMPLETE,COMPLETE,COMPLETE,COMPLETE,NOT_RUN,NOT_RUN,NOT_RUN
55,outer_train,True,True,COMPLETE,COMPLETE,COMPLETE,COMPLETE,COMPLETE,COMPLETE,COMPLETE,COMPLETE,COMPLETE
55,inner_1,True,False,COMPLETE,COMPLETE,COMPLETE,COMPLETE,COMPLETE,COMPLETE,NOT_RUN,NOT_RUN,NOT_RUN
55,inner_2,True,False,COMPLETE,COMPLETE,COMPLETE,COMPLETE,COMPLETE,COMPLETE,NOT_RUN,NOT_RUN,NOT_RUN
55,inner_3,True,False,COMPLETE,COMPLETE,COMPLETE,COMPLETE,COMPLETE,COMPLETE,NOT_RUN,NOT_RUN,NOT_RUN
56,outer_train,True,True,COMPLETE,COMPLETE,COMPLETE,COMPLETE,COMPLETE,COMPLETE,COMPLETE,COMPLETE,COMPLETE
56,inner_1,True,False,COMPLETE,COMPLETE,COMPLETE,COMPLETE,COMPLETE,COMPLETE,NOT_RUN,NOT_RUN,NOT_RUN
56,inner_2,True,False,COMPLETE,COMPLETE,COMPLETE,COMPLETE,COMPLETE,COMPLETE,NOT_RUN,NOT_RUN,NOT_RUN
56,inner_3,True,False,COMPLETE,COMPLETE,COMPLETE,COMPLETE,COMPLETE,COMPLETE,NOT_RUN,NOT_RUN,NOT_RUN
57,outer_train,True,True,COMPLETE,COMPLETE,COMPLETE,COMPLETE,COMPLETE,COMPLETE,COMPLETE,COMPLETE,COMPLETE
57,inner_1,True,False,COMPLETE,COMPLETE,COMPLETE,COMPLETE,COMPLETE,COMPLETE,NOT_RUN,NOT_RUN,NOT_RUN
57,inner_2,True,False,COMPLETE,COMPLETE,COMPLETE,COMPLETE,COMPLETE,COMPLETE,NOT_RUN,NOT_RUN,NOT_RUN
57,inner_3,True,False,COMPLETE,COMPLETE,COMPLETE,COMPLETE,COMPLETE,COMPLETE,NOT_RUN,NOT_RUN,NOT_RUN
58,outer_train,True,True,COMPLETE,COMPLETE,COMPLETE,COMPLETE,COMPLETE,COMPLETE,COMPLETE,COMPLETE,COMPLETE
58,inner_1,True,False,COMPLETE,COMPLETE,COMPLETE,COMPLETE,COMPLETE,COMPLETE,NOT_RUN,NOT_RUN,NOT_RUN
58,inner_2,True,False,COMPLETE,COMPLETE,COMPLETE,COMPLETE,COMPLETE,COMPLETE,NOT_RUN,NOT_RUN,NOT_RUN
58,inner_3,True,False,COMPLETE,COMPLETE,COMPLETE,COMPLETE,COMPLETE,COMPLETE,NOT_RUN,NOT_RUN,NOT_RUN
59,outer_train,True,True,COMPLETE,COMPLETE,COMPLETE,COMPLETE,COMPLETE,COMPLETE,COMPLETE,COMPLETE,COMPLETE
59,inner_1,True,False,COMPLETE,COMPLETE,COMPLETE,COMPLETE,COMPLETE,COMPLETE,NOT_RUN,NOT_RUN,NOT_RUN
59,inner_2,True,False,COMPLETE,COMPLETE,COMPLETE,COMPLETE,COMPLETE,COMPLETE,NOT_RUN,NOT_RUN,NOT_RUN
59,inner_3,True,False,COMPLETE,COMPLETE,COMPLETE,COMPLETE,COMPLETE,COMPLETE,NOT_RUN,NOT_RUN,NOT_RUN
60,outer_train,True,True,COMPLETE,COMPLETE,COMPLETE,COMPLETE,COMPLETE,COMPLETE,COMPLETE,COMPLETE,COMPLETE
60,inner_1,True,False,COMPLETE,COMPLETE,COMPLETE,COMPLETE,COMPLETE,COMPLETE,NOT_RUN,NOT_RUN,NOT_RUN
60,inner_2,True,False,COMPLETE,COMPLETE,COMPLETE,COMPLETE,COMPLETE,COMPLETE,NOT_RUN,NOT_RUN,NOT_RUN
60,inner_3,True,False,COMPLETE,COMPLETE,COMPLETE,COMPLETE,COMPLETE,COMPLETE,NOT_RUN,NOT_RUN,NOT_RUN
61,outer_train,True,True,COMPLETE,COMPLETE,COMPLETE,COMPLETE,COMPLETE,COMPLETE,COMPLETE,COMPLETE,COMPLETE
61,inner_1,True,False,COMPLETE,COMPLETE,COMPLETE,COMPLETE,COMPLETE,COMPLETE,NOT_RUN,NOT_RUN,NOT_RUN
61,inner_2,True,False,COMPLETE,COMPLETE,COMPLETE,COMPLETE,COMPLETE,COMPLETE,NOT_RUN,NOT_RUN,NOT_RUN
61,inner_3,True,False,COMPLETE,COMPLETE,COMPLETE,COMPLETE,COMPLETE,COMPLETE,NOT_RUN,NOT_RUN,NOT_RUN
62,outer_train,True,True,COMPLETE,COMPLETE,COMPLETE,COMPLETE,COMPLETE,COMPLETE,COMPLETE,COMPLETE,COMPLETE
62,inner_1,True,False,COMPLETE,COMPLETE,COMPLETE,COMPLETE,COMPLETE,COMPLETE,NOT_RUN,NOT_RUN,NOT_RUN
62,inner_2,True,False,COMPLETE,COMPLETE,COMPLETE,COMPLETE,COMPLETE,COMPLETE,NOT_RUN,NOT_RUN,NOT_RUN
62,inner_3,True,False,COMPLETE,COMPLETE,COMPLETE,COMPLETE,COMPLETE,COMPLETE,NOT_RUN,NOT_RUN,NOT_RUN
63,outer_train,True,True,COMPLETE,COMPLETE,COMPLETE,COMPLETE,COMPLETE,COMPLETE,COMPLETE,COMPLETE,COMPLETE
63,inner_1,True,False,COMPLETE,COMPLETE,COMPLETE,COMPLETE,COMPLETE,COMPLETE,NOT_RUN,NOT_RUN,NOT_RUN
63,inner_2,True,False,COMPLETE,COMPLETE,COMPLETE,COMPLETE,COMPLETE,COMPLETE,NOT_RUN,NOT_RUN,NOT_RUN
63,inner_3,True,False,COMPLETE,COMPLETE,COMPLETE,COMPLETE,COMPLETE,COMPLETE,NOT_RUN,NOT_RUN,NOT_RUN
64,outer_train,True,True,COMPLETE,COMPLETE,COMPLETE,COMPLETE,COMPLETE,COMPLETE,COMPLETE,COMPLETE,COMPLETE
64,inner_1,True,False,COMPLETE,COMPLETE,COMPLETE,COMPLETE,COMPLETE,COMPLETE,NOT_RUN,NOT_RUN,NOT_RUN
64,inner_2,True,False,COMPLETE,COMPLETE,COMPLETE,COMPLETE,COMPLETE,COMPLETE,NOT_RUN,NOT_RUN,NOT_RUN
64,inner_3,True,False,COMPLETE,COMPLETE,COMPLETE,COMPLETE,COMPLETE,COMPLETE,NOT_RUN,NOT_RUN,NOT_RUN
65,outer_train,True,True,COMPLETE,COMPLETE,COMPLETE,COMPLETE,COMPLETE,COMPLETE,COMPLETE,COMPLETE,COMPLETE
65,inner_1,True,False,COMPLETE,COMPLETE,COMPLETE,COMPLETE,COMPLETE,COMPLETE,NOT_RUN,NOT_RUN,NOT_RUN
65,inner_2,True,False,COMPLETE,COMPLETE,COMPLETE,COMPLETE,COMPLETE,COMPLETE,NOT_RUN,NOT_RUN,NOT_RUN
65,inner_3,True,False,COMPLETE,COMPLETE,COMPLETE,COMPLETE,COMPLETE,COMPLETE,NOT_RUN,NOT_RUN,NOT_RUN
66,outer_train,True,True,COMPLETE,COMPLETE,COMPLETE,COMPLETE,COMPLETE,COMPLETE,COMPLETE,COMPLETE,COMPLETE
66,inner_1,True,False,COMPLETE,COMPLETE,COMPLETE,COMPLETE,COMPLETE,COMPLETE,NOT_RUN,NOT_RUN,NOT_RUN
66,inner_2,True,False,COMPLETE,COMPLETE,COMPLETE,COMPLETE,COMPLETE,COMPLETE,NOT_RUN,NOT_RUN,NOT_RUN
66,inner_3,True,False,COMPLETE,COMPLETE,COMPLETE,COMPLETE,COMPLETE,COMPLETE,NOT_RUN,NOT_RUN,NOT_RUN
67,outer_train,True,True,COMPLETE,COMPLETE,COMPLETE,COMPLETE,COMPLETE,COMPLETE,COMPLETE,COMPLETE,COMPLETE
67,inner_1,True,False,COMPLETE,COMPLETE,COMPLETE,COMPLETE,COMPLETE,COMPLETE,NOT_RUN,NOT_RUN,NOT_RUN
67,inner_2,True,False,COMPLETE,COMPLETE,COMPLETE,COMPLETE,COMPLETE,COMPLETE,NOT_RUN,NOT_RUN,NOT_RUN
67,inner_3,True,False,COMPLETE,COMPLETE,COMPLETE,COMPLETE,COMPLETE,COMPLETE,NOT_RUN,NOT_RUN,NOT_RUN
68,outer_train,True,True,COMPLETE,COMPLETE,COMPLETE,COMPLETE,COMPLETE,COMPLETE,COMPLETE,COMPLETE,COMPLETE
68,inner_1,True,False,COMPLETE,COMPLETE,COMPLETE,COMPLETE,COMPLETE,COMPLETE,NOT_RUN,NOT_RUN,NOT_RUN
68,inner_2,True,False,COMPLETE,COMPLETE,COMPLETE,COMPLETE,COMPLETE,COMPLETE,NOT_RUN,NOT_RUN,NOT_RUN
68,inner_3,True,False,COMPLETE,COMPLETE,COMPLETE,COMPLETE,COMPLETE,COMPLETE,NOT_RUN,NOT_RUN,NOT_RUN
69,outer_train,True,True,COMPLETE,COMPLETE,COMPLETE,COMPLETE,COMPLETE,COMPLETE,COMPLETE,COMPLETE,COMPLETE
69,inner_1,True,False,COMPLETE,COMPLETE,COMPLETE,COMPLETE,COMPLETE,COMPLETE,NOT_RUN,NOT_RUN,NOT_RUN
69,inner_2,True,False,COMPLETE,COMPLETE,COMPLETE,COMPLETE,COMPLETE,COMPLETE,NOT_RUN,NOT_RUN,NOT_RUN
69,inner_3,True,False,COMPLETE,COMPLETE,COMPLETE,COMPLETE,COMPLETE,COMPLETE,NOT_RUN,NOT_RUN,NOT_RUN
70,outer_train,True,True,COMPLETE,COMPLETE,COMPLETE,COMPLETE,COMPLETE,COMPLETE,COMPLETE,COMPLETE,COMPLETE
70,inner_1,True,False,COMPLETE,COMPLETE,COMPLETE,COMPLETE,COMPLETE,COMPLETE,NOT_RUN,NOT_RUN,NOT_RUN
70,inner_2,True,False,COMPLETE,COMPLETE,COMPLETE,COMPLETE,COMPLETE,COMPLETE,NOT_RUN,NOT_RUN,NOT_RUN
70,inner_3,True,False,COMPLETE,COMPLETE,COMPLETE,COMPLETE,COMPLETE,COMPLETE,NOT_RUN,NOT_RUN,NOT_RUN
71,outer_train,True,True,COMPLETE,COMPLETE,COMPLETE,COMPLETE,COMPLETE,COMPLETE,COMPLETE,COMPLETE,COMPLETE
71,inner_1,True,False,COMPLETE,COMPLETE,COMPLETE,COMPLETE,COMPLETE,COMPLETE,NOT_RUN,NOT_RUN,NOT_RUN
71,inner_2,True,False,COMPLETE,COMPLETE,COMPLETE,COMPLETE,COMPLETE,COMPLETE,NOT_RUN,NOT_RUN,NOT_RUN
71,inner_3,True,False,COMPLETE,COMPLETE,COMPLETE,COMPLETE,COMPLETE,COMPLETE,NOT_RUN,NOT_RUN,NOT_RUN
72,outer_train,True,True,COMPLETE,COMPLETE,COMPLETE,COMPLETE,COMPLETE,COMPLETE,COMPLETE,COMPLETE,COMPLETE
72,inner_1,True,False,COMPLETE,COMPLETE,COMPLETE,COMPLETE,COMPLETE,COMPLETE,NOT_RUN,NOT_RUN,NOT_RUN
72,inner_2,True,False,COMPLETE,COMPLETE,COMPLETE,COMPLETE,COMPLETE,COMPLETE,NOT_RUN,NOT_RUN,NOT_RUN
72,inner_3,True,False,COMPLETE,COMPLETE,COMPLETE,COMPLETE,COMPLETE,COMPLETE,NOT_RUN,NOT_RUN,NOT_RUN
73,outer_train,True,True,COMPLETE,COMPLETE,COMPLETE,COMPLETE,COMPLETE,COMPLETE,COMPLETE,COMPLETE,COMPLETE
73,inner_1,True,False,COMPLETE,COMPLETE,COMPLETE,COMPLETE,COMPLETE,COMPLETE,NOT_RUN,NOT_RUN,NOT_RUN
73,inner_2,True,False,COMPLETE,COMPLETE,COMPLETE,COMPLETE,COMPLETE,COMPLETE,NOT_RUN,NOT_RUN,NOT_RUN
73,inner_3,True,False,COMPLETE,COMPLETE,COMPLETE,COMPLETE,COMPLETE,COMPLETE,NOT_RUN,NOT_RUN,NOT_RUN
74,outer_train,True,True,COMPLETE,COMPLETE,COMPLETE,COMPLETE,COMPLETE,COMPLETE,COMPLETE,COMPLETE,COMPLETE
74,inner_1,True,False,COMPLETE,COMPLETE,COMPLETE,COMPLETE,COMPLETE,COMPLETE,NOT_RUN,NOT_RUN,NOT_RUN
74,inner_2,True,False,COMPLETE,COMPLETE,COMPLETE,COMPLETE,COMPLETE,COMPLETE,NOT_RUN,NOT_RUN,NOT_RUN
74,inner_3,True,False,COMPLETE,COMPLETE,COMPLETE,COMPLETE,COMPLETE,COMPLETE,NOT_RUN,NOT_RUN,NOT_RUN
75,outer_train,True,True,COMPLETE,COMPLETE,COMPLETE,COMPLETE,COMPLETE,COMPLETE,COMPLETE,COMPLETE,COMPLETE
75,inner_1,True,False,COMPLETE,COMPLETE,COMPLETE,COMPLETE,COMPLETE,COMPLETE,NOT_RUN,NOT_RUN,NOT_RUN
75,inner_2,True,False,COMPLETE,COMPLETE,COMPLETE,COMPLETE,COMPLETE,COMPLETE,NOT_RUN,NOT_RUN,NOT_RUN
75,inner_3,True,False,COMPLETE,COMPLETE,COMPLETE,COMPLETE,COMPLETE,COMPLETE,NOT_RUN,NOT_RUN,NOT_RUN
76,outer_train,True,True,COMPLETE,COMPLETE,COMPLETE,COMPLETE,COMPLETE,COMPLETE,COMPLETE,COMPLETE,COMPLETE
76,inner_1,True,False,COMPLETE,COMPLETE,COMPLETE,COMPLETE,COMPLETE,COMPLETE,NOT_RUN,NOT_RUN,NOT_RUN
76,inner_2,True,False,COMPLETE,COMPLETE,COMPLETE,COMPLETE,COMPLETE,COMPLETE,NOT_RUN,NOT_RUN,NOT_RUN
76,inner_3,True,False,COMPLETE,COMPLETE,COMPLETE,COMPLETE,COMPLETE,COMPLETE,NOT_RUN,NOT_RUN,NOT_RUN
77,outer_train,True,True,COMPLETE,COMPLETE,COMPLETE,COMPLETE,COMPLETE,COMPLETE,COMPLETE,COMPLETE,COMPLETE
77,inner_1,True,False,COMPLETE,COMPLETE,COMPLETE,COMPLETE,COMPLETE,COMPLETE,NOT_RUN,NOT_RUN,NOT_RUN
77,inner_2,True,False,COMPLETE,COMPLETE,COMPLETE,COMPLETE,COMPLETE,COMPLETE,NOT_RUN,NOT_RUN,NOT_RUN
77,inner_3,True,False,COMPLETE,COMPLETE,COMPLETE,COMPLETE,COMPLETE,COMPLETE,NOT_RUN,NOT_RUN,NOT_RUN
78,outer_train,True,True,COMPLETE,COMPLETE,COMPLETE,COMPLETE,COMPLETE,COMPLETE,COMPLETE,COMPLETE,COMPLETE
78,inner_1,True,False,COMPLETE,COMPLETE,COMPLETE,COMPLETE,COMPLETE,COMPLETE,NOT_RUN,NOT_RUN,NOT_RUN
78,inner_2,True,False,COMPLETE,COMPLETE,COMPLETE,COMPLETE,COMPLETE,COMPLETE,NOT_RUN,NOT_RUN,NOT_RUN
78,inner_3,True,False,COMPLETE,COMPLETE,COMPLETE,COMPLETE,COMPLETE,COMPLETE,NOT_RUN,NOT_RUN,NOT_RUN
79,outer_train,True,True,COMPLETE,COMPLETE,COMPLETE,COMPLETE,COMPLETE,COMPLETE,COMPLETE,COMPLETE,COMPLETE
79,inner_1,True,False,COMPLETE,COMPLETE,COMPLETE,COMPLETE,COMPLETE,COMPLETE,NOT_RUN,NOT_RUN,NOT_RUN
79,inner_2,True,False,COMPLETE,COMPLETE,COMPLETE,COMPLETE,COMPLETE,COMPLETE,NOT_RUN,NOT_RUN,NOT_RUN
79,inner_3,True,False,COMPLETE,COMPLETE,COMPLETE,COMPLETE,COMPLETE,COMPLETE,NOT_RUN,NOT_RUN,NOT_RUN
80,outer_train,True,True,COMPLETE,COMPLETE,COMPLETE,COMPLETE,COMPLETE,COMPLETE,COMPLETE,COMPLETE,COMPLETE
80,inner_1,True,False,COMPLETE,COMPLETE,COMPLETE,COMPLETE,COMPLETE,COMPLETE,NOT_RUN,NOT_RUN,NOT_RUN
80,inner_2,True,False,COMPLETE,COMPLETE,COMPLETE,COMPLETE,COMPLETE,COMPLETE,NOT_RUN,NOT_RUN,NOT_RUN
80,inner_3,True,False,COMPLETE,COMPLETE,COMPLETE,COMPLETE,COMPLETE,COMPLETE,NOT_RUN,NOT_RUN,NOT_RUN
81,outer_train,True,True,COMPLETE,COMPLETE,COMPLETE,COMPLETE,COMPLETE,COMPLETE,COMPLETE,COMPLETE,COMPLETE
81,inner_1,True,False,COMPLETE,COMPLETE,COMPLETE,COMPLETE,COMPLETE,COMPLETE,NOT_RUN,NOT_RUN,NOT_RUN
81,inner_2,True,False,COMPLETE,COMPLETE,COMPLETE,COMPLETE,COMPLETE,COMPLETE,NOT_RUN,NOT_RUN,NOT_RUN
81,inner_3,True,False,COMPLETE,COMPLETE,COMPLETE,COMPLETE,COMPLETE,COMPLETE,NOT_RUN,NOT_RUN,NOT_RUN
82,outer_train,True,True,COMPLETE,COMPLETE,COMPLETE,COMPLETE,COMPLETE,COMPLETE,COMPLETE,COMPLETE,COMPLETE
82,inner_1,True,False,COMPLETE,COMPLETE,COMPLETE,COMPLETE,COMPLETE,COMPLETE,NOT_RUN,NOT_RUN,NOT_RUN
82,inner_2,True,False,COMPLETE,COMPLETE,COMPLETE,COMPLETE,COMPLETE,COMPLETE,NOT_RUN,NOT_RUN,NOT_RUN
82,inner_3,True,False,COMPLETE,COMPLETE,COMPLETE,COMPLETE,COMPLETE,COMPLETE,NOT_RUN,NOT_RUN,NOT_RUN
83,outer_train,True,True,COMPLETE,COMPLETE,COMPLETE,COMPLETE,COMPLETE,COMPLETE,COMPLETE,COMPLETE,COMPLETE
83,inner_1,True,False,COMPLETE,COMPLETE,COMPLETE,COMPLETE,COMPLETE,COMPLETE,NOT_RUN,NOT_RUN,NOT_RUN
83,inner_2,True,False,COMPLETE,COMPLETE,COMPLETE,COMPLETE,COMPLETE,COMPLETE,NOT_RUN,NOT_RUN,NOT_RUN
83,inner_3,True,False,COMPLETE,COMPLETE,COMPLETE,COMPLETE,COMPLETE,COMPLETE,NOT_RUN,NOT_RUN,NOT_RUN
84,outer_train,True,True,COMPLETE,COMPLETE,COMPLETE,COMPLETE,COMPLETE,COMPLETE,COMPLETE,COMPLETE,COMPLETE
84,inner_1,True,False,COMPLETE,COMPLETE,COMPLETE,COMPLETE,COMPLETE,COMPLETE,NOT_RUN,NOT_RUN,NOT_RUN
84,inner_2,True,False,COMPLETE,COMPLETE,COMPLETE,COMPLETE,COMPLETE,COMPLETE,NOT_RUN,NOT_RUN,NOT_RUN
84,inner_3,True,False,COMPLETE,COMPLETE,COMPLETE,COMPLETE,COMPLETE,COMPLETE,NOT_RUN,NOT_RUN,NOT_RUN
85,outer_train,True,True,COMPLETE,COMPLETE,COMPLETE,COMPLETE,COMPLETE,COMPLETE,COMPLETE,COMPLETE,COMPLETE
85,inner_1,True,False,COMPLETE,COMPLETE,COMPLETE,COMPLETE,COMPLETE,COMPLETE,NOT_RUN,NOT_RUN,NOT_RUN
85,inner_2,True,False,COMPLETE,COMPLETE,COMPLETE,COMPLETE,COMPLETE,COMPLETE,NOT_RUN,NOT_RUN,NOT_RUN
85,inner_3,True,False,COMPLETE,COMPLETE,COMPLETE,COMPLETE,COMPLETE,COMPLETE,NOT_RUN,NOT_RUN,NOT_RUN
86,outer_train,True,True,COMPLETE,COMPLETE,COMPLETE,COMPLETE,COMPLETE,COMPLETE,COMPLETE,COMPLETE,COMPLETE
86,inner_1,True,False,COMPLETE,COMPLETE,COMPLETE,COMPLETE,COMPLETE,COMPLETE,NOT_RUN,NOT_RUN,NOT_RUN
86,inner_2,True,False,COMPLETE,COMPLETE,COMPLETE,COMPLETE,COMPLETE,COMPLETE,NOT_RUN,NOT_RUN,NOT_RUN
86,inner_3,True,False,COMPLETE,COMPLETE,COMPLETE,COMPLETE,COMPLETE,COMPLETE,NOT_RUN,NOT_RUN,NOT_RUN
87,outer_train,True,True,COMPLETE,COMPLETE,COMPLETE,COMPLETE,COMPLETE,COMPLETE,COMPLETE,COMPLETE,COMPLETE
87,inner_1,True,False,COMPLETE,COMPLETE,COMPLETE,COMPLETE,COMPLETE,COMPLETE,NOT_RUN,NOT_RUN,NOT_RUN
87,inner_2,True,False,COMPLETE,COMPLETE,COMPLETE,COMPLETE,COMPLETE,COMPLETE,NOT_RUN,NOT_RUN,NOT_RUN
87,inner_3,True,False,COMPLETE,COMPLETE,COMPLETE,COMPLETE,COMPLETE,COMPLETE,NOT_RUN,NOT_RUN,NOT_RUN
88,outer_train,True,True,COMPLETE,COMPLETE,COMPLETE,COMPLETE,COMPLETE,COMPLETE,COMPLETE,COMPLETE,COMPLETE
88,inner_1,True,False,COMPLETE,COMPLETE,COMPLETE,COMPLETE,COMPLETE,COMPLETE,NOT_RUN,NOT_RUN,NOT_RUN
88,inner_2,True,False,COMPLETE,COMPLETE,COMPLETE,COMPLETE,COMPLETE,COMPLETE,NOT_RUN,NOT_RUN,NOT_RUN
88,inner_3,True,False,COMPLETE,COMPLETE,COMPLETE,COMPLETE,COMPLETE,COMPLETE,NOT_RUN,NOT_RUN,NOT_RUN
89,outer_train,True,True,COMPLETE,COMPLETE,COMPLETE,COMPLETE,COMPLETE,COMPLETE,COMPLETE,COMPLETE,COMPLETE
89,inner_1,True,False,COMPLETE,COMPLETE,COMPLETE,COMPLETE,COMPLETE,COMPLETE,NOT_RUN,NOT_RUN,NOT_RUN
89,inner_2,True,False,COMPLETE,COMPLETE,COMPLETE,COMPLETE,COMPLETE,COMPLETE,NOT_RUN,NOT_RUN,NOT_RUN
89,inner_3,True,False,COMPLETE,COMPLETE,COMPLETE,COMPLETE,COMPLETE,COMPLETE,NOT_RUN,NOT_RUN,NOT_RUN
90,outer_train,True,True,COMPLETE,COMPLETE,COMPLETE,COMPLETE,COMPLETE,COMPLETE,COMPLETE,COMPLETE,COMPLETE
90,inner_1,True,False,COMPLETE,COMPLETE,COMPLETE,COMPLETE,COMPLETE,COMPLETE,NOT_RUN,NOT_RUN,NOT_RUN
90,inner_2,True,False,COMPLETE,COMPLETE,COMPLETE,COMPLETE,COMPLETE,COMPLETE,NOT_RUN,NOT_RUN,NOT_RUN
90,inner_3,True,False,COMPLETE,COMPLETE,COMPLETE,COMPLETE,COMPLETE,COMPLETE,NOT_RUN,NOT_RUN,NOT_RUN
91,outer_train,True,True,COMPLETE,COMPLETE,COMPLETE,COMPLETE,COMPLETE,COMPLETE,COMPLETE,COMPLETE,COMPLETE
91,inner_1,True,False,COMPLETE,COMPLETE,COMPLETE,COMPLETE,COMPLETE,COMPLETE,NOT_RUN,NOT_RUN,NOT_RUN
91,inner_2,True,False,COMPLETE,COMPLETE,COMPLETE,COMPLETE,COMPLETE,COMPLETE,NOT_RUN,NOT_RUN,NOT_RUN
91,inner_3,True,False,COMPLETE,COMPLETE,COMPLETE,COMPLETE,COMPLETE,COMPLETE,NOT_RUN,NOT_RUN,NOT_RUN
92,outer_train,True,True,COMPLETE,COMPLETE,COMPLETE,COMPLETE,COMPLETE,COMPLETE,COMPLETE,COMPLETE,COMPLETE
92,inner_1,True,False,COMPLETE,COMPLETE,COMPLETE,COMPLETE,COMPLETE,COMPLETE,NOT_RUN,NOT_RUN,NOT_RUN
92,inner_2,True,False,COMPLETE,COMPLETE,COMPLETE,COMPLETE,COMPLETE,COMPLETE,NOT_RUN,NOT_RUN,NOT_RUN
92,inner_3,True,False,COMPLETE,COMPLETE,COMPLETE,COMPLETE,COMPLETE,COMPLETE,NOT_RUN,NOT_RUN,NOT_RUN
93,outer_train,True,True,COMPLETE,COMPLETE,COMPLETE,COMPLETE,COMPLETE,COMPLETE,COMPLETE,COMPLETE,COMPLETE
93,inner_1,True,False,COMPLETE,COMPLETE,COMPLETE,COMPLETE,COMPLETE,COMPLETE,NOT_RUN,NOT_RUN,NOT_RUN
93,inner_2,True,False,COMPLETE,COMPLETE,COMPLETE,COMPLETE,COMPLETE,COMPLETE,NOT_RUN,NOT_RUN,NOT_RUN
93,inner_3,True,False,COMPLETE,COMPLETE,COMPLETE,COMPLETE,COMPLETE,COMPLETE,NOT_RUN,NOT_RUN,NOT_RUN
94,outer_train,True,True,COMPLETE,COMPLETE,COMPLETE,COMPLETE,COMPLETE,COMPLETE,COMPLETE,COMPLETE,COMPLETE
94,inner_1,True,False,COMPLETE,COMPLETE,COMPLETE,COMPLETE,COMPLETE,COMPLETE,NOT_RUN,NOT_RUN,NOT_RUN
94,inner_2,True,False,COMPLETE,COMPLETE,COMPLETE,COMPLETE,COMPLETE,COMPLETE,NOT_RUN,NOT_RUN,NOT_RUN
94,inner_3,True,False,COMPLETE,COMPLETE,COMPLETE,COMPLETE,COMPLETE,COMPLETE,NOT_RUN,NOT_RUN,NOT_RUN
95,outer_train,True,True,COMPLETE,COMPLETE,COMPLETE,COMPLETE,COMPLETE,COMPLETE,COMPLETE,COMPLETE,COMPLETE
95,inner_1,True,False,COMPLETE,COMPLETE,COMPLETE,COMPLETE,COMPLETE,COMPLETE,NOT_RUN,NOT_RUN,NOT_RUN
95,inner_2,True,False,COMPLETE,COMPLETE,COMPLETE,COMPLETE,COMPLETE,COMPLETE,NOT_RUN,NOT_RUN,NOT_RUN
95,inner_3,True,False,COMPLETE,COMPLETE,COMPLETE,COMPLETE,COMPLETE,COMPLETE,NOT_RUN,NOT_RUN,NOT_RUN
96,outer_train,True,True,COMPLETE,COMPLETE,COMPLETE,COMPLETE,COMPLETE,COMPLETE,COMPLETE,COMPLETE,COMPLETE
96,inner_1,True,False,COMPLETE,COMPLETE,COMPLETE,COMPLETE,COMPLETE,COMPLETE,NOT_RUN,NOT_RUN,NOT_RUN
96,inner_2,True,False,COMPLETE,COMPLETE,COMPLETE,COMPLETE,COMPLETE,COMPLETE,NOT_RUN,NOT_RUN,NOT_RUN
96,inner_3,True,False,COMPLETE,COMPLETE,COMPLETE,COMPLETE,COMPLETE,COMPLETE,NOT_RUN,NOT_RUN,NOT_RUN
97,outer_train,True,True,COMPLETE,COMPLETE,COMPLETE,COMPLETE,COMPLETE,COMPLETE,COMPLETE,COMPLETE,COMPLETE
97,inner_1,True,False,COMPLETE,COMPLETE,COMPLETE,COMPLETE,COMPLETE,COMPLETE,NOT_RUN,NOT_RUN,NOT_RUN
97,inner_2,True,False,COMPLETE,COMPLETE,COMPLETE,COMPLETE,COMPLETE,COMPLETE,NOT_RUN,NOT_RUN,NOT_RUN
97,inner_3,True,False,COMPLETE,COMPLETE,COMPLETE,COMPLETE,COMPLETE,COMPLETE,NOT_RUN,NOT_RUN,NOT_RUN
98,outer_train,True,True,COMPLETE,COMPLETE,COMPLETE,COMPLETE,COMPLETE,COMPLETE,COMPLETE,COMPLETE,COMPLETE
98,inner_1,True,False,COMPLETE,COMPLETE,COMPLETE,COMPLETE,COMPLETE,COMPLETE,NOT_RUN,NOT_RUN,NOT_RUN
98,inner_2,True,False,COMPLETE,COMPLETE,COMPLETE,COMPLETE,COMPLETE,COMPLETE,NOT_RUN,NOT_RUN,NOT_RUN
98,inner_3,True,False,COMPLETE,COMPLETE,COMPLETE,COMPLETE,COMPLETE,COMPLETE,NOT_RUN,NOT_RUN,NOT_RUN
99,outer_train,True,True,COMPLETE,COMPLETE,COMPLETE,COMPLETE,COMPLETE,COMPLETE,COMPLETE,COMPLETE,COMPLETE
99,inner_1,True,False,COMPLETE,COMPLETE,COMPLETE,COMPLETE,COMPLETE,COMPLETE,NOT_RUN,NOT_RUN,NOT_RUN
99,inner_2,True,False,COMPLETE,COMPLETE,COMPLETE,COMPLETE,COMPLETE,COMPLETE,NOT_RUN,NOT_RUN,NOT_RUN
99,inner_3,True,False,COMPLETE,COMPLETE,COMPLETE,COMPLETE,COMPLETE,COMPLETE,NOT_RUN,NOT_RUN,NOT_RUN
100,outer_train,True,True,COMPLETE,COMPLETE,COMPLETE,COMPLETE,COMPLETE,COMPLETE,COMPLETE,COMPLETE,COMPLETE
100,inner_1,True,False,COMPLETE,COMPLETE,COMPLETE,COMPLETE,COMPLETE,COMPLETE,NOT_RUN,NOT_RUN,NOT_RUN
100,inner_2,True,False,COMPLETE,COMPLETE,COMPLETE,COMPLETE,COMPLETE,COMPLETE,NOT_RUN,NOT_RUN,NOT_RUN
100,inner_3,True,False,COMPLETE,COMPLETE,COMPLETE,COMPLETE,COMPLETE,COMPLETE,NOT_RUN,NOT_RUN,NOT_RUN
101,outer_train,True,True,COMPLETE,COMPLETE,COMPLETE,COMPLETE,COMPLETE,COMPLETE,COMPLETE,COMPLETE,COMPLETE
101,inner_1,True,False,COMPLETE,COMPLETE,COMPLETE,COMPLETE,COMPLETE,COMPLETE,NOT_RUN,NOT_RUN,NOT_RUN
101,inner_2,True,False,COMPLETE,COMPLETE,COMPLETE,COMPLETE,COMPLETE,COMPLETE,NOT_RUN,NOT_RUN,NOT_RUN
101,inner_3,True,False,COMPLETE,COMPLETE,COMPLETE,COMPLETE,COMPLETE,COMPLETE,NOT_RUN,NOT_RUN,NOT_RUN
102,outer_train,True,True,COMPLETE,COMPLETE,COMPLETE,COMPLETE,COMPLETE,COMPLETE,COMPLETE,COMPLETE,COMPLETE
102,inner_1,True,False,COMPLETE,COMPLETE,COMPLETE,COMPLETE,COMPLETE,COMPLETE,NOT_RUN,NOT_RUN,NOT_RUN
102,inner_2,True,False,COMPLETE,COMPLETE,COMPLETE,COMPLETE,COMPLETE,COMPLETE,NOT_RUN,NOT_RUN,NOT_RUN
102,inner_3,True,False,COMPLETE,COMPLETE,COMPLETE,COMPLETE,COMPLETE,COMPLETE,NOT_RUN,NOT_RUN,NOT_RUN
103,outer_train,True,True,COMPLETE,COMPLETE,COMPLETE,COMPLETE,COMPLETE,COMPLETE,COMPLETE,COMPLETE,COMPLETE
103,inner_1,True,False,COMPLETE,COMPLETE,COMPLETE,COMPLETE,COMPLETE,COMPLETE,NOT_RUN,NOT_RUN,NOT_RUN
103,inner_2,True,False,COMPLETE,COMPLETE,COMPLETE,COMPLETE,COMPLETE,COMPLETE,NOT_RUN,NOT_RUN,NOT_RUN
103,inner_3,True,False,COMPLETE,COMPLETE,COMPLETE,COMPLETE,COMPLETE,COMPLETE,NOT_RUN,NOT_RUN,NOT_RUN
104,outer_train,True,True,COMPLETE,COMPLETE,COMPLETE,COMPLETE,COMPLETE,COMPLETE,COMPLETE,COMPLETE,COMPLETE
104,inner_1,True,False,COMPLETE,COMPLETE,COMPLETE,COMPLETE,COMPLETE,COMPLETE,NOT_RUN,NOT_RUN,NOT_RUN
104,inner_2,True,False,COMPLETE,COMPLETE,COMPLETE,COMPLETE,COMPLETE,COMPLETE,NOT_RUN,NOT_RUN,NOT_RUN
104,inner_3,True,False,COMPLETE,COMPLETE,COMPLETE,COMPLETE,COMPLETE,COMPLETE,NOT_RUN,NOT_RUN,NOT_RUN
105,outer_train,False,False,COMPLETE,PARTIAL,COMPLETE,COMPLETE,COMPLETE,COMPLETE,COMPLETE,COMPLETE,COMPLETE
105,inner_1,False,False,COMPLETE,PARTIAL,COMPLETE,COMPLETE,COMPLETE,COMPLETE,NOT_RUN,NOT_RUN,NOT_RUN
105,inner_2,False,False,COMPLETE,PARTIAL,COMPLETE,COMPLETE,COMPLETE,COMPLETE,NOT_RUN,NOT_RUN,NOT_RUN
105,inner_3,False,False,COMPLETE,PARTIAL,COMPLETE,COMPLETE,COMPLETE,COMPLETE,NOT_RUN,NOT_RUN,NOT_RUN
106,outer_train,True,True,COMPLETE,COMPLETE,COMPLETE,COMPLETE,COMPLETE,COMPLETE,COMPLETE,COMPLETE,COMPLETE
106,inner_1,True,False,COMPLETE,COMPLETE,COMPLETE,COMPLETE,COMPLETE,COMPLETE,NOT_RUN,NOT_RUN,NOT_RUN
106,inner_2,True,False,COMPLETE,COMPLETE,COMPLETE,COMPLETE,COMPLETE,COMPLETE,NOT_RUN,NOT_RUN,NOT_RUN
106,inner_3,True,False,COMPLETE,COMPLETE,COMPLETE,COMPLETE,COMPLETE,COMPLETE,NOT_RUN,NOT_RUN,NOT_RUN
107,outer_train,False,False,COMPLETE,PARTIAL,COMPLETE,COMPLETE,COMPLETE,COMPLETE,COMPLETE,COMPLETE,COMPLETE
107,inner_1,False,False,COMPLETE,PARTIAL,COMPLETE,COMPLETE,COMPLETE,COMPLETE,NOT_RUN,NOT_RUN,NOT_RUN
107,inner_2,False,False,COMPLETE,PARTIAL,COMPLETE,COMPLETE,COMPLETE,COMPLETE,NOT_RUN,NOT_RUN,NOT_RUN
107,inner_3,False,False,COMPLETE,PARTIAL,COMPLETE,COMPLETE,COMPLETE,COMPLETE,NOT_RUN,NOT_RUN,NOT_RUN
108,outer_train,True,True,COMPLETE,COMPLETE,COMPLETE,COMPLETE,COMPLETE,COMPLETE,COMPLETE,COMPLETE,COMPLETE
108,inner_1,True,False,COMPLETE,COMPLETE,COMPLETE,COMPLETE,COMPLETE,COMPLETE,NOT_RUN,NOT_RUN,NOT_RUN
108,inner_2,True,False,COMPLETE,COMPLETE,COMPLETE,COMPLETE,COMPLETE,COMPLETE,NOT_RUN,NOT_RUN,NOT_RUN
108,inner_3,True,False,COMPLETE,COMPLETE,COMPLETE,COMPLETE,COMPLETE,COMPLETE,NOT_RUN,NOT_RUN,NOT_RUN
109,outer_train,True,True,COMPLETE,COMPLETE,COMPLETE,COMPLETE,COMPLETE,COMPLETE,COMPLETE,COMPLETE,COMPLETE
109,inner_1,True,False,COMPLETE,COMPLETE,COMPLETE,COMPLETE,COMPLETE,COMPLETE,NOT_RUN,NOT_RUN,NOT_RUN
109,inner_2,True,False,COMPLETE,COMPLETE,COMPLETE,COMPLETE,COMPLETE,COMPLETE,NOT_RUN,NOT_RUN,NOT_RUN
109,inner_3,True,False,COMPLETE,COMPLETE,COMPLETE,COMPLETE,COMPLETE,COMPLETE,NOT_RUN,NOT_RUN,NOT_RUN
110,outer_train,True,True,COMPLETE,COMPLETE,COMPLETE,COMPLETE,COMPLETE,COMPLETE,COMPLETE,COMPLETE,COMPLETE
110,inner_1,True,False,COMPLETE,COMPLETE,COMPLETE,COMPLETE,COMPLETE,COMPLETE,NOT_RUN,NOT_RUN,NOT_RUN
110,inner_2,True,False,COMPLETE,COMPLETE,COMPLETE,COMPLETE,COMPLETE,COMPLETE,NOT_RUN,NOT_RUN,NOT_RUN
110,inner_3,True,False,COMPLETE,COMPLETE,COMPLETE,COMPLETE,COMPLETE,COMPLETE,NOT_RUN,NOT_RUN,NOT_RUN
111,outer_train,True,True,COMPLETE,COMPLETE,COMPLETE,COMPLETE,COMPLETE,COMPLETE,COMPLETE,COMPLETE,COMPLETE
111,inner_1,True,False,COMPLETE,COMPLETE,COMPLETE,COMPLETE,COMPLETE,COMPLETE,NOT_RUN,NOT_RUN,NOT_RUN
111,inner_2,True,False,COMPLETE,COMPLETE,COMPLETE,COMPLETE,COMPLETE,COMPLETE,NOT_RUN,NOT_RUN,NOT_RUN
111,inner_3,True,False,COMPLETE,COMPLETE,COMPLETE,COMPLETE,COMPLETE,COMPLETE,NOT_RUN,NOT_RUN,NOT_RUN
112,outer_train,True,True,COMPLETE,COMPLETE,COMPLETE,COMPLETE,COMPLETE,COMPLETE,COMPLETE,COMPLETE,COMPLETE
112,inner_1,True,False,COMPLETE,COMPLETE,COMPLETE,COMPLETE,COMPLETE,COMPLETE,NOT_RUN,NOT_RUN,NOT_RUN
112,inner_2,True,False,COMPLETE,COMPLETE,COMPLETE,COMPLETE,COMPLETE,COMPLETE,NOT_RUN,NOT_RUN,NOT_RUN
112,inner_3,True,False,COMPLETE,COMPLETE,COMPLETE,COMPLETE,COMPLETE,COMPLETE,NOT_RUN,NOT_RUN,NOT_RUN
113,outer_train,True,True,COMPLETE,COMPLETE,COMPLETE,COMPLETE,COMPLETE,COMPLETE,COMPLETE,COMPLETE,COMPLETE
113,inner_1,True,False,COMPLETE,COMPLETE,COMPLETE,COMPLETE,COMPLETE,COMPLETE,NOT_RUN,NOT_RUN,NOT_RUN
113,inner_2,True,False,COMPLETE,COMPLETE,COMPLETE,COMPLETE,COMPLETE,COMPLETE,NOT_RUN,NOT_RUN,NOT_RUN
113,inner_3,True,False,COMPLETE,COMPLETE,COMPLETE,COMPLETE,COMPLETE,COMPLETE,NOT_RUN,NOT_RUN,NOT_RUN
114,outer_train,True,True,COMPLETE,COMPLETE,COMPLETE,COMPLETE,COMPLETE,COMPLETE,COMPLETE,COMPLETE,COMPLETE
114,inner_1,True,False,COMPLETE,COMPLETE,COMPLETE,COMPLETE,COMPLETE,COMPLETE,NOT_RUN,NOT_RUN,NOT_RUN
114,inner_2,True,False,COMPLETE,COMPLETE,COMPLETE,COMPLETE,COMPLETE,COMPLETE,NOT_RUN,NOT_RUN,NOT_RUN
114,inner_3,True,False,COMPLETE,COMPLETE,COMPLETE,COMPLETE,COMPLETE,COMPLETE,NOT_RUN,NOT_RUN,NOT_RUN
115,outer_train,True,True,COMPLETE,COMPLETE,COMPLETE,COMPLETE,COMPLETE,COMPLETE,COMPLETE,COMPLETE,COMPLETE
115,inner_1,True,False,COMPLETE,COMPLETE,COMPLETE,COMPLETE,COMPLETE,COMPLETE,NOT_RUN,NOT_RUN,NOT_RUN
115,inner_2,True,False,COMPLETE,COMPLETE,COMPLETE,COMPLETE,COMPLETE,COMPLETE,NOT_RUN,NOT_RUN,NOT_RUN
115,inner_3,True,False,COMPLETE,COMPLETE,COMPLETE,COMPLETE,COMPLETE,COMPLETE,NOT_RUN,NOT_RUN,NOT_RUN
116,outer_train,True,True,COMPLETE,COMPLETE,COMPLETE,COMPLETE,COMPLETE,COMPLETE,COMPLETE,COMPLETE,COMPLETE
116,inner_1,True,False,COMPLETE,COMPLETE,COMPLETE,COMPLETE,COMPLETE,COMPLETE,NOT_RUN,NOT_RUN,NOT_RUN
116,inner_2,True,False,COMPLETE,COMPLETE,COMPLETE,COMPLETE,COMPLETE,COMPLETE,NOT_RUN,NOT_RUN,NOT_RUN
116,inner_3,True,False,COMPLETE,COMPLETE,COMPLETE,COMPLETE,COMPLETE,COMPLETE,NOT_RUN,NOT_RUN,NOT_RUN
117,outer_train,True,True,COMPLETE,COMPLETE,COMPLETE,COMPLETE,COMPLETE,COMPLETE,COMPLETE,COMPLETE,COMPLETE
117,inner_1,True,False,COMPLETE,COMPLETE,COMPLETE,COMPLETE,COMPLETE,COMPLETE,NOT_RUN,NOT_RUN,NOT_RUN
117,inner_2,True,False,COMPLETE,COMPLETE,COMPLETE,COMPLETE,COMPLETE,COMPLETE,NOT_RUN,NOT_RUN,NOT_RUN
117,inner_3,True,False,COMPLETE,COMPLETE,COMPLETE,COMPLETE,COMPLETE,COMPLETE,NOT_RUN,NOT_RUN,NOT_RUN
118,outer_train,True,True,COMPLETE,COMPLETE,COMPLETE,COMPLETE,COMPLETE,COMPLETE,COMPLETE,COMPLETE,COMPLETE
118,inner_1,True,False,COMPLETE,COMPLETE,COMPLETE,COMPLETE,COMPLETE,COMPLETE,NOT_RUN,NOT_RUN,NOT_RUN
118,inner_2,True,False,COMPLETE,COMPLETE,COMPLETE,COMPLETE,COMPLETE,COMPLETE,NOT_RUN,NOT_RUN,NOT_RUN
118,inner_3,True,False,COMPLETE,COMPLETE,COMPLETE,COMPLETE,COMPLETE,COMPLETE,NOT_RUN,NOT_RUN,NOT_RUN
119,outer_train,True,True,COMPLETE,COMPLETE,COMPLETE,COMPLETE,COMPLETE,COMPLETE,COMPLETE,COMPLETE,COMPLETE
119,inner_1,True,False,COMPLETE,COMPLETE,COMPLETE,COMPLETE,COMPLETE,COMPLETE,NOT_RUN,NOT_RUN,NOT_RUN
119,inner_2,True,False,COMPLETE,COMPLETE,COMPLETE,COMPLETE,COMPLETE,COMPLETE,NOT_RUN,NOT_RUN,NOT_RUN
119,inner_3,True,False,COMPLETE,COMPLETE,COMPLETE,COMPLETE,COMPLETE,COMPLETE,NOT_RUN,NOT_RUN,NOT_RUN
120,outer_train,True,True,COMPLETE,COMPLETE,COMPLETE,COMPLETE,COMPLETE,COMPLETE,COMPLETE,COMPLETE,COMPLETE
120,inner_1,True,False,COMPLETE,COMPLETE,COMPLETE,COMPLETE,COMPLETE,COMPLETE,NOT_RUN,NOT_RUN,NOT_RUN
120,inner_2,True,False,COMPLETE,COMPLETE,COMPLETE,COMPLETE,COMPLETE,COMPLETE,NOT_RUN,NOT_RUN,NOT_RUN
120,inner_3,True,False,COMPLETE,COMPLETE,COMPLETE,COMPLETE,COMPLETE,COMPLETE,NOT_RUN,NOT_RUN,NOT_RUN
121,outer_train,True,True,COMPLETE,COMPLETE,COMPLETE,COMPLETE,COMPLETE,COMPLETE,COMPLETE,COMPLETE,COMPLETE
121,inner_1,True,False,COMPLETE,COMPLETE,COMPLETE,COMPLETE,COMPLETE,COMPLETE,NOT_RUN,NOT_RUN,NOT_RUN
121,inner_2,True,False,COMPLETE,COMPLETE,COMPLETE,COMPLETE,COMPLETE,COMPLETE,NOT_RUN,NOT_RUN,NOT_RUN
121,inner_3,True,False,COMPLETE,COMPLETE,COMPLETE,COMPLETE,COMPLETE,COMPLETE,NOT_RUN,NOT_RUN,NOT_RUN
122,outer_train,True,True,COMPLETE,COMPLETE,COMPLETE,COMPLETE,COMPLETE,COMPLETE,COMPLETE,COMPLETE,COMPLETE
122,inner_1,True,False,COMPLETE,COMPLETE,COMPLETE,COMPLETE,COMPLETE,COMPLETE,NOT_RUN,NOT_RUN,NOT_RUN
122,inner_2,True,False,COMPLETE,COMPLETE,COMPLETE,COMPLETE,COMPLETE,COMPLETE,NOT_RUN,NOT_RUN,NOT_RUN
122,inner_3,True,False,COMPLETE,COMPLETE,COMPLETE,COMPLETE,COMPLETE,COMPLETE,NOT_RUN,NOT_RUN,NOT_RUN
123,outer_train,True,True,COMPLETE,COMPLETE,COMPLETE,COMPLETE,COMPLETE,COMPLETE,COMPLETE,COMPLETE,COMPLETE
123,inner_1,True,False,COMPLETE,COMPLETE,COMPLETE,COMPLETE,COMPLETE,COMPLETE,NOT_RUN,NOT_RUN,NOT_RUN
123,inner_2,True,False,COMPLETE,COMPLETE,COMPLETE,COMPLETE,COMPLETE,COMPLETE,NOT_RUN,NOT_RUN,NOT_RUN
123,inner_3,True,False,COMPLETE,COMPLETE,COMPLETE,COMPLETE,COMPLETE,COMPLETE,NOT_RUN,NOT_RUN,NOT_RUN
124,outer_train,True,True,COMPLETE,COMPLETE,COMPLETE,COMPLETE,COMPLETE,COMPLETE,COMPLETE,COMPLETE,COMPLETE
124,inner_1,True,False,COMPLETE,COMPLETE,COMPLETE,COMPLETE,COMPLETE,COMPLETE,NOT_RUN,NOT_RUN,NOT_RUN
124,inner_2,True,False,COMPLETE,COMPLETE,COMPLETE,COMPLETE,COMPLETE,COMPLETE,NOT_RUN,NOT_RUN,NOT_RUN
124,inner_3,True,False,COMPLETE,COMPLETE,COMPLETE,COMPLETE,COMPLETE,COMPLETE,NOT_RUN,NOT_RUN,NOT_RUN
125,outer_train,True,True,COMPLETE,COMPLETE,COMPLETE,COMPLETE,COMPLETE,COMPLETE,COMPLETE,COMPLETE,COMPLETE
125,inner_1,True,False,COMPLETE,COMPLETE,COMPLETE,COMPLETE,COMPLETE,COMPLETE,NOT_RUN,NOT_RUN,NOT_RUN
125,inner_2,True,False,COMPLETE,COMPLETE,COMPLETE,COMPLETE,COMPLETE,COMPLETE,NOT_RUN,NOT_RUN,NOT_RUN
125,inner_3,True,False,COMPLETE,COMPLETE,COMPLETE,COMPLETE,COMPLETE,COMPLETE,NOT_RUN,NOT_RUN,NOT_RUN
126,outer_train,True,True,COMPLETE,COMPLETE,COMPLETE,COMPLETE,COMPLETE,COMPLETE,COMPLETE,COMPLETE,COMPLETE
126,inner_1,True,False,COMPLETE,COMPLETE,COMPLETE,COMPLETE,COMPLETE,COMPLETE,NOT_RUN,NOT_RUN,NOT_RUN
126,inner_2,True,False,COMPLETE,COMPLETE,COMPLETE,COMPLETE,COMPLETE,COMPLETE,NOT_RUN,NOT_RUN,NOT_RUN
126,inner_3,True,False,COMPLETE,COMPLETE,COMPLETE,COMPLETE,COMPLETE,COMPLETE,NOT_RUN,NOT_RUN,NOT_RUN
127,outer_train,True,True,COMPLETE,COMPLETE,COMPLETE,COMPLETE,COMPLETE,COMPLETE,COMPLETE,COMPLETE,COMPLETE
127,inner_1,True,False,COMPLETE,COMPLETE,COMPLETE,COMPLETE,COMPLETE,COMPLETE,NOT_RUN,NOT_RUN,NOT_RUN
127,inner_2,True,False,COMPLETE,COMPLETE,COMPLETE,COMPLETE,COMPLETE,COMPLETE,NOT_RUN,NOT_RUN,NOT_RUN
127,inner_3,True,False,COMPLETE,COMPLETE,COMPLETE,COMPLETE,COMPLETE,COMPLETE,NOT_RUN,NOT_RUN,NOT_RUN
128,outer_train,True,True,COMPLETE,COMPLETE,COMPLETE,COMPLETE,COMPLETE,COMPLETE,COMPLETE,COMPLETE,COMPLETE
128,inner_1,True,False,COMPLETE,COMPLETE,COMPLETE,COMPLETE,COMPLETE,COMPLETE,NOT_RUN,NOT_RUN,NOT_RUN
128,inner_2,True,False,COMPLETE,COMPLETE,COMPLETE,COMPLETE,COMPLETE,COMPLETE,NOT_RUN,NOT_RUN,NOT_RUN
128,inner_3,True,False,COMPLETE,COMPLETE,COMPLETE,COMPLETE,COMPLETE,COMPLETE,NOT_RUN,NOT_RUN,NOT_RUN
129,outer_train,True,True,COMPLETE,COMPLETE,COMPLETE,COMPLETE,COMPLETE,COMPLETE,COMPLETE,COMPLETE,COMPLETE
129,inner_1,True,False,COMPLETE,COMPLETE,COMPLETE,COMPLETE,COMPLETE,COMPLETE,NOT_RUN,NOT_RUN,NOT_RUN
129,inner_2,True,False,COMPLETE,COMPLETE,COMPLETE,COMPLETE,COMPLETE,COMPLETE,NOT_RUN,NOT_RUN,NOT_RUN
129,inner_3,True,False,COMPLETE,COMPLETE,COMPLETE,COMPLETE,COMPLETE,COMPLETE,NOT_RUN,NOT_RUN,NOT_RUN
130,outer_train,True,True,COMPLETE,COMPLETE,COMPLETE,COMPLETE,COMPLETE,COMPLETE,COMPLETE,COMPLETE,COMPLETE
130,inner_1,True,False,COMPLETE,COMPLETE,COMPLETE,COMPLETE,COMPLETE,COMPLETE,NOT_RUN,NOT_RUN,NOT_RUN
130,inner_2,True,False,COMPLETE,COMPLETE,COMPLETE,COMPLETE,COMPLETE,COMPLETE,NOT_RUN,NOT_RUN,NOT_RUN
130,inner_3,True,False,COMPLETE,COMPLETE,COMPLETE,COMPLETE,COMPLETE,COMPLETE,NOT_RUN,NOT_RUN,NOT_RUN
131,outer_train,True,True,COMPLETE,COMPLETE,COMPLETE,COMPLETE,COMPLETE,COMPLETE,COMPLETE,COMPLETE,COMPLETE
131,inner_1,True,False,COMPLETE,COMPLETE,COMPLETE,COMPLETE,COMPLETE,COMPLETE,NOT_RUN,NOT_RUN,NOT_RUN
131,inner_2,True,False,COMPLETE,COMPLETE,COMPLETE,COMPLETE,COMPLETE,COMPLETE,NOT_RUN,NOT_RUN,NOT_RUN
131,inner_3,True,False,COMPLETE,COMPLETE,COMPLETE,COMPLETE,COMPLETE,COMPLETE,NOT_RUN,NOT_RUN,NOT_RUN
132,outer_train,True,True,COMPLETE,COMPLETE,COMPLETE,COMPLETE,COMPLETE,COMPLETE,COMPLETE,COMPLETE,COMPLETE
132,inner_1,True,False,COMPLETE,COMPLETE,COMPLETE,COMPLETE,COMPLETE,COMPLETE,NOT_RUN,NOT_RUN,NOT_RUN
132,inner_2,True,False,COMPLETE,COMPLETE,COMPLETE,COMPLETE,COMPLETE,COMPLETE,NOT_RUN,NOT_RUN,NOT_RUN
132,inner_3,True,False,COMPLETE,COMPLETE,COMPLETE,COMPLETE,COMPLETE,COMPLETE,NOT_RUN,NOT_RUN,NOT_RUN
133,outer_train,True,True,COMPLETE,COMPLETE,COMPLETE,COMPLETE,COMPLETE,COMPLETE,COMPLETE,COMPLETE,COMPLETE
133,inner_1,True,False,COMPLETE,COMPLETE,COMPLETE,COMPLETE,COMPLETE,COMPLETE,NOT_RUN,NOT_RUN,NOT_RUN
133,inner_2,True,False,COMPLETE,COMPLETE,COMPLETE,COMPLETE,COMPLETE,COMPLETE,NOT_RUN,NOT_RUN,NOT_RUN
133,inner_3,True,False,COMPLETE,COMPLETE,COMPLETE,COMPLETE,COMPLETE,COMPLETE,NOT_RUN,NOT_RUN,NOT_RUN
134,outer_train,True,True,COMPLETE,COMPLETE,COMPLETE,COMPLETE,COMPLETE,COMPLETE,COMPLETE,COMPLETE,COMPLETE
134,inner_1,True,False,COMPLETE,COMPLETE,COMPLETE,COMPLETE,COMPLETE,COMPLETE,NOT_RUN,NOT_RUN,NOT_RUN
134,inner_2,True,False,COMPLETE,COMPLETE,COMPLETE,COMPLETE,COMPLETE,COMPLETE,NOT_RUN,NOT_RUN,NOT_RUN
134,inner_3,True,False,COMPLETE,COMPLETE,COMPLETE,COMPLETE,COMPLETE,COMPLETE,NOT_RUN,NOT_RUN,NOT_RUN
135,outer_train,True,True,COMPLETE,COMPLETE,COMPLETE,COMPLETE,COMPLETE,COMPLETE,COMPLETE,COMPLETE,COMPLETE
135,inner_1,True,False,COMPLETE,COMPLETE,COMPLETE,COMPLETE,COMPLETE,COMPLETE,NOT_RUN,NOT_RUN,NOT_RUN
135,inner_2,True,False,COMPLETE,COMPLETE,COMPLETE,COMPLETE,COMPLETE,COMPLETE,NOT_RUN,NOT_RUN,NOT_RUN
135,inner_3,True,False,COMPLETE,COMPLETE,COMPLETE,COMPLETE,COMPLETE,COMPLETE,NOT_RUN,NOT_RUN,NOT_RUN
136,outer_train,True,True,COMPLETE,COMPLETE,COMPLETE,COMPLETE,COMPLETE,COMPLETE,COMPLETE,COMPLETE,COMPLETE
136,inner_1,True,False,COMPLETE,COMPLETE,COMPLETE,COMPLETE,COMPLETE,COMPLETE,NOT_RUN,NOT_RUN,NOT_RUN
136,inner_2,True,False,COMPLETE,COMPLETE,COMPLETE,COMPLETE,COMPLETE,COMPLETE,NOT_RUN,NOT_RUN,NOT_RUN
136,inner_3,True,False,COMPLETE,COMPLETE,COMPLETE,COMPLETE,COMPLETE,COMPLETE,NOT_RUN,NOT_RUN,NOT_RUN
137,outer_train,True,True,COMPLETE,COMPLETE,COMPLETE,COMPLETE,COMPLETE,COMPLETE,COMPLETE,COMPLETE,COMPLETE
137,inner_1,True,False,COMPLETE,COMPLETE,COMPLETE,COMPLETE,COMPLETE,COMPLETE,NOT_RUN,NOT_RUN,NOT_RUN
137,inner_2,True,False,COMPLETE,COMPLETE,COMPLETE,COMPLETE,COMPLETE,COMPLETE,NOT_RUN,NOT_RUN,NOT_RUN
137,inner_3,True,False,COMPLETE,COMPLETE,COMPLETE,COMPLETE,COMPLETE,COMPLETE,NOT_RUN,NOT_RUN,NOT_RUN
138,outer_train,True,True,COMPLETE,COMPLETE,COMPLETE,COMPLETE,COMPLETE,COMPLETE,COMPLETE,COMPLETE,COMPLETE
138,inner_1,True,False,COMPLETE,COMPLETE,COMPLETE,COMPLETE,COMPLETE,COMPLETE,NOT_RUN,NOT_RUN,NOT_RUN
138,inner_2,True,False,COMPLETE,COMPLETE,COMPLETE,COMPLETE,COMPLETE,COMPLETE,NOT_RUN,NOT_RUN,NOT_RUN
138,inner_3,True,False,COMPLETE,COMPLETE,COMPLETE,COMPLETE,COMPLETE,COMPLETE,NOT_RUN,NOT_RUN,NOT_RUN
139,outer_train,True,True,COMPLETE,COMPLETE,COMPLETE,COMPLETE,COMPLETE,COMPLETE,COMPLETE,COMPLETE,COMPLETE
139,inner_1,True,False,COMPLETE,COMPLETE,COMPLETE,COMPLETE,COMPLETE,COMPLETE,NOT_RUN,NOT_RUN,NOT_RUN
139,inner_2,True,False,COMPLETE,COMPLETE,COMPLETE,COMPLETE,COMPLETE,COMPLETE,NOT_RUN,NOT_RUN,NOT_RUN
139,inner_3,True,False,COMPLETE,COMPLETE,COMPLETE,COMPLETE,COMPLETE,COMPLETE,NOT_RUN,NOT_RUN,NOT_RUN
140,outer_train,True,True,COMPLETE,COMPLETE,COMPLETE,COMPLETE,COMPLETE,COMPLETE,COMPLETE,COMPLETE,COMPLETE
140,inner_1,True,False,COMPLETE,COMPLETE,COMPLETE,COMPLETE,COMPLETE,COMPLETE,NOT_RUN,NOT_RUN,NOT_RUN
140,inner_2,True,False,COMPLETE,COMPLETE,COMPLETE,COMPLETE,COMPLETE,COMPLETE,NOT_RUN,NOT_RUN,NOT_RUN
140,inner_3,True,False,COMPLETE,COMPLETE,COMPLETE,COMPLETE,COMPLETE,COMPLETE,NOT_RUN,NOT_RUN,NOT_RUN
141,outer_train,True,True,COMPLETE,COMPLETE,COMPLETE,COMPLETE,COMPLETE,COMPLETE,COMPLETE,COMPLETE,COMPLETE
141,inner_1,True,False,COMPLETE,COMPLETE,COMPLETE,COMPLETE,COMPLETE,COMPLETE,NOT_RUN,NOT_RUN,NOT_RUN
141,inner_2,True,False,COMPLETE,COMPLETE,COMPLETE,COMPLETE,COMPLETE,COMPLETE,NOT_RUN,NOT_RUN,NOT_RUN
141,inner_3,True,False,COMPLETE,COMPLETE,COMPLETE,COMPLETE,COMPLETE,COMPLETE,NOT_RUN,NOT_RUN,NOT_RUN
142,outer_train,True,True,COMPLETE,COMPLETE,COMPLETE,COMPLETE,COMPLETE,COMPLETE,COMPLETE,COMPLETE,COMPLETE
142,inner_1,True,False,COMPLETE,COMPLETE,COMPLETE,COMPLETE,COMPLETE,COMPLETE,NOT_RUN,NOT_RUN,NOT_RUN
142,inner_2,True,False,COMPLETE,COMPLETE,COMPLETE,COMPLETE,COMPLETE,COMPLETE,NOT_RUN,NOT_RUN,NOT_RUN
142,inner_3,True,False,COMPLETE,COMPLETE,COMPLETE,COMPLETE,COMPLETE,COMPLETE,NOT_RUN,NOT_RUN,NOT_RUN
143,outer_train,True,True,COMPLETE,COMPLETE,COMPLETE,COMPLETE,COMPLETE,COMPLETE,COMPLETE,COMPLETE,COMPLETE
143,inner_1,True,False,COMPLETE,COMPLETE,COMPLETE,COMPLETE,COMPLETE,COMPLETE,NOT_RUN,NOT_RUN,NOT_RUN
143,inner_2,True,False,COMPLETE,COMPLETE,COMPLETE,COMPLETE,COMPLETE,COMPLETE,NOT_RUN,NOT_RUN,NOT_RUN
143,inner_3,True,False,COMPLETE,COMPLETE,COMPLETE,COMPLETE,COMPLETE,COMPLETE,NOT_RUN,NOT_RUN,NOT_RUN
144,outer_train,True,True,COMPLETE,COMPLETE,COMPLETE,COMPLETE,COMPLETE,COMPLETE,COMPLETE,COMPLETE,COMPLETE
144,inner_1,True,False,COMPLETE,COMPLETE,COMPLETE,COMPLETE,COMPLETE,COMPLETE,NOT_RUN,NOT_RUN,NOT_RUN
144,inner_2,True,False,COMPLETE,COMPLETE,COMPLETE,COMPLETE,COMPLETE,COMPLETE,NOT_RUN,NOT_RUN,NOT_RUN
144,inner_3,True,False,COMPLETE,COMPLETE,COMPLETE,COMPLETE,COMPLETE,COMPLETE,NOT_RUN,NOT_RUN,NOT_RUN
145,outer_train,True,True,COMPLETE,COMPLETE,COMPLETE,COMPLETE,COMPLETE,COMPLETE,COMPLETE,COMPLETE,COMPLETE
145,inner_1,True,False,COMPLETE,COMPLETE,COMPLETE,COMPLETE,COMPLETE,COMPLETE,NOT_RUN,NOT_RUN,NOT_RUN
145,inner_2,True,False,COMPLETE,COMPLETE,COMPLETE,COMPLETE,COMPLETE,COMPLETE,NOT_RUN,NOT_RUN,NOT_RUN
145,inner_3,True,False,COMPLETE,COMPLETE,COMPLETE,COMPLETE,COMPLETE,COMPLETE,NOT_RUN,NOT_RUN,NOT_RUN
146,outer_train,True,True,COMPLETE,COMPLETE,COMPLETE,COMPLETE,COMPLETE,COMPLETE,COMPLETE,COMPLETE,COMPLETE
146,inner_1,False,False,COMPLETE,PARTIAL,COMPLETE,COMPLETE,COMPLETE,COMPLETE,NOT_RUN,NOT_RUN,NOT_RUN
146,inner_2,True,False,COMPLETE,COMPLETE,COMPLETE,COMPLETE,COMPLETE,COMPLETE,NOT_RUN,NOT_RUN,NOT_RUN
146,inner_3,True,False,COMPLETE,COMPLETE,COMPLETE,COMPLETE,COMPLETE,COMPLETE,NOT_RUN,NOT_RUN,NOT_RUN
147,outer_train,True,True,COMPLETE,COMPLETE,COMPLETE,COMPLETE,COMPLETE,COMPLETE,COMPLETE,COMPLETE,COMPLETE
147,inner_1,True,False,COMPLETE,COMPLETE,COMPLETE,COMPLETE,COMPLETE,COMPLETE,NOT_RUN,NOT_RUN,NOT_RUN
147,inner_2,True,False,COMPLETE,COMPLETE,COMPLETE,COMPLETE,COMPLETE,COMPLETE,NOT_RUN,NOT_RUN,NOT_RUN
147,inner_3,True,False,COMPLETE,COMPLETE,COMPLETE,COMPLETE,COMPLETE,COMPLETE,NOT_RUN,NOT_RUN,NOT_RUN
148,outer_train,True,True,COMPLETE,COMPLETE,COMPLETE,COMPLETE,COMPLETE,COMPLETE,COMPLETE,COMPLETE,COMPLETE
148,inner_1,True,False,COMPLETE,COMPLETE,COMPLETE,COMPLETE,COMPLETE,COMPLETE,NOT_RUN,NOT_RUN,NOT_RUN
148,inner_2,True,False,COMPLETE,COMPLETE,COMPLETE,COMPLETE,COMPLETE,COMPLETE,NOT_RUN,NOT_RUN,NOT_RUN
148,inner_3,True,False,COMPLETE,COMPLETE,COMPLETE,COMPLETE,COMPLETE,COMPLETE,NOT_RUN,NOT_RUN,NOT_RUN
149,outer_train,True,True,COMPLETE,COMPLETE,COMPLETE,COMPLETE,COMPLETE,COMPLETE,COMPLETE,COMPLETE,COMPLETE
149,inner_1,True,False,COMPLETE,COMPLETE,COMPLETE,COMPLETE,COMPLETE,COMPLETE,NOT_RUN,NOT_RUN,NOT_RUN
149,inner_2,True,False,COMPLETE,COMPLETE,COMPLETE,COMPLETE,COMPLETE,COMPLETE,NOT_RUN,NOT_RUN,NOT_RUN
149,inner_3,True,False,COMPLETE,COMPLETE,COMPLETE,COMPLETE,COMPLETE,COMPLETE,NOT_RUN,NOT_RUN,NOT_RUN
150,outer_train,True,True,COMPLETE,COMPLETE,COMPLETE,COMPLETE,COMPLETE,COMPLETE,COMPLETE,COMPLETE,COMPLETE
150,inner_1,True,False,COMPLETE,COMPLETE,COMPLETE,COMPLETE,COMPLETE,COMPLETE,NOT_RUN,NOT_RUN,NOT_RUN
150,inner_2,True,False,COMPLETE,COMPLETE,COMPLETE,COMPLETE,COMPLETE,COMPLETE,NOT_RUN,NOT_RUN,NOT_RUN
150,inner_3,True,False,COMPLETE,COMPLETE,COMPLETE,COMPLETE,COMPLETE,COMPLETE,NOT_RUN,NOT_RUN,NOT_RUN
151,outer_train,True,True,COMPLETE,COMPLETE,COMPLETE,COMPLETE,COMPLETE,COMPLETE,COMPLETE,COMPLETE,COMPLETE
151,inner_1,True,False,COMPLETE,COMPLETE,COMPLETE,COMPLETE,COMPLETE,COMPLETE,NOT_RUN,NOT_RUN,NOT_RUN
151,inner_2,True,False,COMPLETE,COMPLETE,COMPLETE,COMPLETE,COMPLETE,COMPLETE,NOT_RUN,NOT_RUN,NOT_RUN
151,inner_3,True,False,COMPLETE,COMPLETE,COMPLETE,COMPLETE,COMPLETE,COMPLETE,NOT_RUN,NOT_RUN,NOT_RUN
152,outer_train,True,True,COMPLETE,COMPLETE,COMPLETE,COMPLETE,COMPLETE,COMPLETE,COMPLETE,COMPLETE,COMPLETE
152,inner_1,True,False,COMPLETE,COMPLETE,COMPLETE,COMPLETE,COMPLETE,COMPLETE,NOT_RUN,NOT_RUN,NOT_RUN
152,inner_2,True,False,COMPLETE,COMPLETE,COMPLETE,COMPLETE,COMPLETE,COMPLETE,NOT_RUN,NOT_RUN,NOT_RUN
152,inner_3,True,False,COMPLETE,COMPLETE,COMPLETE,COMPLETE,COMPLETE,COMPLETE,NOT_RUN,NOT_RUN,NOT_RUN
153,outer_train,True,True,COMPLETE,COMPLETE,COMPLETE,COMPLETE,COMPLETE,COMPLETE,COMPLETE,COMPLETE,COMPLETE
153,inner_1,True,False,COMPLETE,COMPLETE,COMPLETE,COMPLETE,COMPLETE,COMPLETE,NOT_RUN,NOT_RUN,NOT_RUN
153,inner_2,True,False,COMPLETE,COMPLETE,COMPLETE,COMPLETE,COMPLETE,COMPLETE,NOT_RUN,NOT_RUN,NOT_RUN
153,inner_3,True,False,COMPLETE,COMPLETE,COMPLETE,COMPLETE,COMPLETE,COMPLETE,NOT_RUN,NOT_RUN,NOT_RUN
154,outer_train,True,True,COMPLETE,COMPLETE,COMPLETE,COMPLETE,COMPLETE,COMPLETE,COMPLETE,COMPLETE,COMPLETE
154,inner_1,True,False,COMPLETE,COMPLETE,COMPLETE,COMPLETE,COMPLETE,COMPLETE,NOT_RUN,NOT_RUN,NOT_RUN
154,inner_2,True,False,COMPLETE,COMPLETE,COMPLETE,COMPLETE,COMPLETE,COMPLETE,NOT_RUN,NOT_RUN,NOT_RUN
154,inner_3,True,False,COMPLETE,COMPLETE,COMPLETE,COMPLETE,COMPLETE,COMPLETE,NOT_RUN,NOT_RUN,NOT_RUN
155,outer_train,True,True,COMPLETE,COMPLETE,COMPLETE,COMPLETE,COMPLETE,COMPLETE,COMPLETE,COMPLETE,COMPLETE
155,inner_1,True,False,COMPLETE,COMPLETE,COMPLETE,COMPLETE,COMPLETE,COMPLETE,NOT_RUN,NOT_RUN,NOT_RUN
155,inner_2,True,False,COMPLETE,COMPLETE,COMPLETE,COMPLETE,COMPLETE,COMPLETE,NOT_RUN,NOT_RUN,NOT_RUN
155,inner_3,True,False,COMPLETE,COMPLETE,COMPLETE,COMPLETE,COMPLETE,COMPLETE,NOT_RUN,NOT_RUN,NOT_RUN
156,outer_train,True,True,COMPLETE,COMPLETE,COMPLETE,COMPLETE,COMPLETE,COMPLETE,COMPLETE,COMPLETE,COMPLETE
156,inner_1,True,False,COMPLETE,COMPLETE,COMPLETE,COMPLETE,COMPLETE,COMPLETE,NOT_RUN,NOT_RUN,NOT_RUN
156,inner_2,True,False,COMPLETE,COMPLETE,COMPLETE,COMPLETE,COMPLETE,COMPLETE,NOT_RUN,NOT_RUN,NOT_RUN
156,inner_3,True,False,COMPLETE,COMPLETE,COMPLETE,COMPLETE,COMPLETE,COMPLETE,NOT_RUN,NOT_RUN,NOT_RUN
157,outer_train,True,True,COMPLETE,COMPLETE,COMPLETE,COMPLETE,COMPLETE,COMPLETE,COMPLETE,COMPLETE,COMPLETE
157,inner_1,True,False,COMPLETE,COMPLETE,COMPLETE,COMPLETE,COMPLETE,COMPLETE,NOT_RUN,NOT_RUN,NOT_RUN
157,inner_2,True,False,COMPLETE,COMPLETE,COMPLETE,COMPLETE,COMPLETE,COMPLETE,NOT_RUN,NOT_RUN,NOT_RUN
157,inner_3,True,False,COMPLETE,COMPLETE,COMPLETE,COMPLETE,COMPLETE,COMPLETE,NOT_RUN,NOT_RUN,NOT_RUN
158,outer_train,True,True,COMPLETE,COMPLETE,COMPLETE,COMPLETE,COMPLETE,COMPLETE,COMPLETE,COMPLETE,COMPLETE
158,inner_1,True,False,COMPLETE,COMPLETE,COMPLETE,COMPLETE,COMPLETE,COMPLETE,NOT_RUN,NOT_RUN,NOT_RUN
158,inner_2,True,False,COMPLETE,COMPLETE,COMPLETE,COMPLETE,COMPLETE,COMPLETE,NOT_RUN,NOT_RUN,NOT_RUN
158,inner_3,True,False,COMPLETE,COMPLETE,COMPLETE,COMPLETE,COMPLETE,COMPLETE,NOT_RUN,NOT_RUN,NOT_RUN
159,outer_train,True,True,COMPLETE,COMPLETE,COMPLETE,COMPLETE,COMPLETE,COMPLETE,COMPLETE,COMPLETE,COMPLETE
159,inner_1,True,False,COMPLETE,COMPLETE,COMPLETE,COMPLETE,COMPLETE,COMPLETE,NOT_RUN,NOT_RUN,NOT_RUN
159,inner_2,True,False,COMPLETE,COMPLETE,COMPLETE,COMPLETE,COMPLETE,COMPLETE,NOT_RUN,NOT_RUN,NOT_RUN
159,inner_3,True,False,COMPLETE,COMPLETE,COMPLETE,COMPLETE,COMPLETE,COMPLETE,NOT_RUN,NOT_RUN,NOT_RUN
160,outer_train,True,True,COMPLETE,COMPLETE,COMPLETE,COMPLETE,COMPLETE,COMPLETE,COMPLETE,COMPLETE,COMPLETE
160,inner_1,True,False,COMPLETE,COMPLETE,COMPLETE,COMPLETE,COMPLETE,COMPLETE,NOT_RUN,NOT_RUN,NOT_RUN
160,inner_2,True,False,COMPLETE,COMPLETE,COMPLETE,COMPLETE,COMPLETE,COMPLETE,NOT_RUN,NOT_RUN,NOT_RUN
160,inner_3,True,False,COMPLETE,COMPLETE,COMPLETE,COMPLETE,COMPLETE,COMPLETE,NOT_RUN,NOT_RUN,NOT_RUN
161,outer_train,True,True,COMPLETE,COMPLETE,COMPLETE,COMPLETE,COMPLETE,COMPLETE,COMPLETE,COMPLETE,COMPLETE
161,inner_1,True,False,COMPLETE,COMPLETE,COMPLETE,COMPLETE,COMPLETE,COMPLETE,NOT_RUN,NOT_RUN,NOT_RUN
161,inner_2,True,False,COMPLETE,COMPLETE,COMPLETE,COMPLETE,COMPLETE,COMPLETE,NOT_RUN,NOT_RUN,NOT_RUN
161,inner_3,True,False,COMPLETE,COMPLETE,COMPLETE,COMPLETE,COMPLETE,COMPLETE,NOT_RUN,NOT_RUN,NOT_RUN
162,outer_train,True,True,COMPLETE,COMPLETE,COMPLETE,COMPLETE,COMPLETE,COMPLETE,COMPLETE,COMPLETE,COMPLETE
162,inner_1,True,False,COMPLETE,COMPLETE,COMPLETE,COMPLETE,COMPLETE,COMPLETE,NOT_RUN,NOT_RUN,NOT_RUN
162,inner_2,True,False,COMPLETE,COMPLETE,COMPLETE,COMPLETE,COMPLETE,COMPLETE,NOT_RUN,NOT_RUN,NOT_RUN
162,inner_3,True,False,COMPLETE,COMPLETE,COMPLETE,COMPLETE,COMPLETE,COMPLETE,NOT_RUN,NOT_RUN,NOT_RUN
163,outer_train,True,True,COMPLETE,COMPLETE,COMPLETE,COMPLETE,COMPLETE,COMPLETE,COMPLETE,COMPLETE,COMPLETE
163,inner_1,True,False,COMPLETE,COMPLETE,COMPLETE,COMPLETE,COMPLETE,COMPLETE,NOT_RUN,NOT_RUN,NOT_RUN
163,inner_2,True,False,COMPLETE,COMPLETE,COMPLETE,COMPLETE,COMPLETE,COMPLETE,NOT_RUN,NOT_RUN,NOT_RUN
163,inner_3,True,False,COMPLETE,COMPLETE,COMPLETE,COMPLETE,COMPLETE,COMPLETE,NOT_RUN,NOT_RUN,NOT_RUN
164,outer_train,True,True,COMPLETE,COMPLETE,COMPLETE,COMPLETE,COMPLETE,COMPLETE,COMPLETE,COMPLETE,COMPLETE
164,inner_1,True,False,COMPLETE,COMPLETE,COMPLETE,COMPLETE,COMPLETE,COMPLETE,NOT_RUN,NOT_RUN,NOT_RUN
164,inner_2,True,False,COMPLETE,COMPLETE,COMPLETE,COMPLETE,COMPLETE,COMPLETE,NOT_RUN,NOT_RUN,NOT_RUN
164,inner_3,True,False,COMPLETE,COMPLETE,COMPLETE,COMPLETE,COMPLETE,COMPLETE,NOT_RUN,NOT_RUN,NOT_RUN
165,outer_train,True,True,COMPLETE,COMPLETE,COMPLETE,COMPLETE,COMPLETE,COMPLETE,COMPLETE,COMPLETE,COMPLETE
165,inner_1,True,False,COMPLETE,COMPLETE,COMPLETE,COMPLETE,COMPLETE,COMPLETE,NOT_RUN,NOT_RUN,NOT_RUN
165,inner_2,True,False,COMPLETE,COMPLETE,COMPLETE,COMPLETE,COMPLETE,COMPLETE,NOT_RUN,NOT_RUN,NOT_RUN
165,inner_3,True,False,COMPLETE,COMPLETE,COMPLETE,COMPLETE,COMPLETE,COMPLETE,NOT_RUN,NOT_RUN,NOT_RUN
166,outer_train,True,True,COMPLETE,COMPLETE,COMPLETE,COMPLETE,COMPLETE,COMPLETE,COMPLETE,COMPLETE,COMPLETE
166,inner_1,True,False,COMPLETE,COMPLETE,COMPLETE,COMPLETE,COMPLETE,COMPLETE,NOT_RUN,NOT_RUN,NOT_RUN
166,inner_2,True,False,COMPLETE,COMPLETE,COMPLETE,COMPLETE,COMPLETE,COMPLETE,NOT_RUN,NOT_RUN,NOT_RUN
166,inner_3,True,False,COMPLETE,COMPLETE,COMPLETE,COMPLETE,COMPLETE,COMPLETE,NOT_RUN,NOT_RUN,NOT_RUN
167,outer_train,True,True,COMPLETE,COMPLETE,COMPLETE,COMPLETE,COMPLETE,COMPLETE,COMPLETE,COMPLETE,COMPLETE
167,inner_1,True,False,COMPLETE,COMPLETE,COMPLETE,COMPLETE,COMPLETE,COMPLETE,NOT_RUN,NOT_RUN,NOT_RUN
167,inner_2,True,False,COMPLETE,COMPLETE,COMPLETE,COMPLETE,COMPLETE,COMPLETE,NOT_RUN,NOT_RUN,NOT_RUN
167,inner_3,True,False,COMPLETE,COMPLETE,COMPLETE,COMPLETE,COMPLETE,COMPLETE,NOT_RUN,NOT_RUN,NOT_RUN
168,outer_train,True,True,COMPLETE,COMPLETE,COMPLETE,COMPLETE,COMPLETE,COMPLETE,COMPLETE,COMPLETE,COMPLETE
168,inner_1,True,False,COMPLETE,COMPLETE,COMPLETE,COMPLETE,COMPLETE,COMPLETE,NOT_RUN,NOT_RUN,NOT_RUN
168,inner_2,True,False,COMPLETE,COMPLETE,COMPLETE,COMPLETE,COMPLETE,COMPLETE,NOT_RUN,NOT_RUN,NOT_RUN
168,inner_3,True,False,COMPLETE,COMPLETE,COMPLETE,COMPLETE,COMPLETE,COMPLETE,NOT_RUN,NOT_RUN,NOT_RUN
169,outer_train,True,True,COMPLETE,COMPLETE,COMPLETE,COMPLETE,COMPLETE,COMPLETE,COMPLETE,COMPLETE,COMPLETE
169,inner_1,True,False,COMPLETE,COMPLETE,COMPLETE,COMPLETE,COMPLETE,COMPLETE,NOT_RUN,NOT_RUN,NOT_RUN
169,inner_2,True,False,COMPLETE,COMPLETE,COMPLETE,COMPLETE,COMPLETE,COMPLETE,NOT_RUN,NOT_RUN,NOT_RUN
169,inner_3,True,False,COMPLETE,COMPLETE,COMPLETE,COMPLETE,COMPLETE,COMPLETE,NOT_RUN,NOT_RUN,NOT_RUN
170,outer_train,True,True,COMPLETE,COMPLETE,COMPLETE,COMPLETE,COMPLETE,COMPLETE,COMPLETE,COMPLETE,COMPLETE
170,inner_1,True,False,COMPLETE,COMPLETE,COMPLETE,COMPLETE,COMPLETE,COMPLETE,NOT_RUN,NOT_RUN,NOT_RUN
170,inner_2,True,False,COMPLETE,COMPLETE,COMPLETE,COMPLETE,COMPLETE,COMPLETE,NOT_RUN,NOT_RUN,NOT_RUN
170,inner_3,True,False,COMPLETE,COMPLETE,COMPLETE,COMPLETE,COMPLETE,COMPLETE,NOT_RUN,NOT_RUN,NOT_RUN
171,outer_train,True,True,COMPLETE,COMPLETE,COMPLETE,COMPLETE,COMPLETE,COMPLETE,COMPLETE,COMPLETE,COMPLETE
171,inner_1,True,False,COMPLETE,COMPLETE,COMPLETE,COMPLETE,COMPLETE,COMPLETE,NOT_RUN,NOT_RUN,NOT_RUN
171,inner_2,True,False,COMPLETE,COMPLETE,COMPLETE,COMPLETE,COMPLETE,COMPLETE,NOT_RUN,NOT_RUN,NOT_RUN
171,inner_3,True,False,COMPLETE,COMPLETE,COMPLETE,COMPLETE,COMPLETE,COMPLETE,NOT_RUN,NOT_RUN,NOT_RUN
172,outer_train,True,True,COMPLETE,COMPLETE,COMPLETE,COMPLETE,COMPLETE,COMPLETE,COMPLETE,COMPLETE,COMPLETE
172,inner_1,True,False,COMPLETE,COMPLETE,COMPLETE,COMPLETE,COMPLETE,COMPLETE,NOT_RUN,NOT_RUN,NOT_RUN
172,inner_2,True,False,COMPLETE,COMPLETE,COMPLETE,COMPLETE,COMPLETE,COMPLETE,NOT_RUN,NOT_RUN,NOT_RUN
172,inner_3,True,False,COMPLETE,COMPLETE,COMPLETE,COMPLETE,COMPLETE,COMPLETE,NOT_RUN,NOT_RUN,NOT_RUN
173,outer_train,True,True,COMPLETE,COMPLETE,COMPLETE,COMPLETE,COMPLETE,COMPLETE,COMPLETE,COMPLETE,COMPLETE
173,inner_1,True,False,COMPLETE,COMPLETE,COMPLETE,COMPLETE,COMPLETE,COMPLETE,NOT_RUN,NOT_RUN,NOT_RUN
173,inner_2,True,False,COMPLETE,COMPLETE,COMPLETE,COMPLETE,COMPLETE,COMPLETE,NOT_RUN,NOT_RUN,NOT_RUN
173,inner_3,True,False,COMPLETE,COMPLETE,COMPLETE,COMPLETE,COMPLETE,COMPLETE,NOT_RUN,NOT_RUN,NOT_RUN
174,outer_train,True,True,COMPLETE,COMPLETE,COMPLETE,COMPLETE,COMPLETE,COMPLETE,COMPLETE,COMPLETE,COMPLETE
174,inner_1,True,False,COMPLETE,COMPLETE,COMPLETE,COMPLETE,COMPLETE,COMPLETE,NOT_RUN,NOT_RUN,NOT_RUN
174,inner_2,True,False,COMPLETE,COMPLETE,COMPLETE,COMPLETE,COMPLETE,COMPLETE,NOT_RUN,NOT_RUN,NOT_RUN
174,inner_3,True,False,COMPLETE,COMPLETE,COMPLETE,COMPLETE,COMPLETE,COMPLETE,NOT_RUN,NOT_RUN,NOT_RUN
175,outer_train,True,True,COMPLETE,COMPLETE,COMPLETE,COMPLETE,COMPLETE,COMPLETE,COMPLETE,COMPLETE,COMPLETE
175,inner_1,True,False,COMPLETE,COMPLETE,COMPLETE,COMPLETE,COMPLETE,COMPLETE,NOT_RUN,NOT_RUN,NOT_RUN
175,inner_2,True,False,COMPLETE,COMPLETE,COMPLETE,COMPLETE,COMPLETE,COMPLETE,NOT_RUN,NOT_RUN,NOT_RUN
175,inner_3,True,False,COMPLETE,COMPLETE,COMPLETE,COMPLETE,COMPLETE,COMPLETE,NOT_RUN,NOT_RUN,NOT_RUN
176,outer_train,True,True,COMPLETE,COMPLETE,COMPLETE,COMPLETE,COMPLETE,COMPLETE,COMPLETE,COMPLETE,COMPLETE
176,inner_1,True,False,COMPLETE,COMPLETE,COMPLETE,COMPLETE,COMPLETE,COMPLETE,NOT_RUN,NOT_RUN,NOT_RUN
176,inner_2,True,False,COMPLETE,COMPLETE,COMPLETE,COMPLETE,COMPLETE,COMPLETE,NOT_RUN,NOT_RUN,NOT_RUN
176,inner_3,True,False,COMPLETE,COMPLETE,COMPLETE,COMPLETE,COMPLETE,COMPLETE,NOT_RUN,NOT_RUN,NOT_RUN
177,outer_train,True,True,COMPLETE,COMPLETE,COMPLETE,COMPLETE,COMPLETE,COMPLETE,COMPLETE,COMPLETE,COMPLETE
177,inner_1,True,False,COMPLETE,COMPLETE,COMPLETE,COMPLETE,COMPLETE,COMPLETE,NOT_RUN,NOT_RUN,NOT_RUN
177,inner_2,True,False,COMPLETE,COMPLETE,COMPLETE,COMPLETE,COMPLETE,COMPLETE,NOT_RUN,NOT_RUN,NOT_RUN
177,inner_3,True,False,COMPLETE,COMPLETE,COMPLETE,COMPLETE,COMPLETE,COMPLETE,NOT_RUN,NOT_RUN,NOT_RUN
178,outer_train,True,True,COMPLETE,COMPLETE,COMPLETE,COMPLETE,COMPLETE,COMPLETE,COMPLETE,COMPLETE,COMPLETE
178,inner_1,True,False,COMPLETE,COMPLETE,COMPLETE,COMPLETE,COMPLETE,COMPLETE,NOT_RUN,NOT_RUN,NOT_RUN
178,inner_2,True,False,COMPLETE,COMPLETE,COMPLETE,COMPLETE,COMPLETE,COMPLETE,NOT_RUN,NOT_RUN,NOT_RUN
178,inner_3,True,False,COMPLETE,COMPLETE,COMPLETE,COMPLETE,COMPLETE,COMPLETE,NOT_RUN,NOT_RUN,NOT_RUN
179,outer_train,True,True,COMPLETE,COMPLETE,COMPLETE,COMPLETE,COMPLETE,COMPLETE,COMPLETE,COMPLETE,COMPLETE
179,inner_1,True,False,COMPLETE,COMPLETE,COMPLETE,COMPLETE,COMPLETE,COMPLETE,NOT_RUN,NOT_RUN,NOT_RUN
179,inner_2,True,False,COMPLETE,COMPLETE,COMPLETE,COMPLETE,COMPLETE,COMPLETE,NOT_RUN,NOT_RUN,NOT_RUN
179,inner_3,True,False,COMPLETE,COMPLETE,COMPLETE,COMPLETE,COMPLETE,COMPLETE,NOT_RUN,NOT_RUN,NOT_RUN
180,outer_train,True,True,COMPLETE,COMPLETE,COMPLETE,COMPLETE,COMPLETE,COMPLETE,COMPLETE,COMPLETE,COMPLETE
180,inner_1,True,False,COMPLETE,COMPLETE,COMPLETE,COMPLETE,COMPLETE,COMPLETE,NOT_RUN,NOT_RUN,NOT_RUN
180,inner_2,True,False,COMPLETE,COMPLETE,COMPLETE,COMPLETE,COMPLETE,COMPLETE,NOT_RUN,NOT_RUN,NOT_RUN
180,inner_3,True,False,COMPLETE,COMPLETE,COMPLETE,COMPLETE,COMPLETE,COMPLETE,NOT_RUN,NOT_RUN,NOT_RUN
181,outer_train,True,True,COMPLETE,COMPLETE,COMPLETE,COMPLETE,COMPLETE,COMPLETE,COMPLETE,COMPLETE,COMPLETE
181,inner_1,True,False,COMPLETE,COMPLETE,COMPLETE,COMPLETE,COMPLETE,COMPLETE,NOT_RUN,NOT_RUN,NOT_RUN
181,inner_2,True,False,COMPLETE,COMPLETE,COMPLETE,COMPLETE,COMPLETE,COMPLETE,NOT_RUN,NOT_RUN,NOT_RUN
181,inner_3,True,False,COMPLETE,COMPLETE,COMPLETE,COMPLETE,COMPLETE,COMPLETE,NOT_RUN,NOT_RUN,NOT_RUN
182,outer_train,False,False,COMPLETE,PARTIAL,COMPLETE,COMPLETE,COMPLETE,COMPLETE,COMPLETE,COMPLETE,COMPLETE
182,inner_1,True,False,COMPLETE,COMPLETE,COMPLETE,COMPLETE,COMPLETE,COMPLETE,NOT_RUN,NOT_RUN,NOT_RUN
182,inner_2,True,False,COMPLETE,COMPLETE,COMPLETE,COMPLETE,COMPLETE,COMPLETE,NOT_RUN,NOT_RUN,NOT_RUN
182,inner_3,False,False,COMPLETE,PARTIAL,COMPLETE,COMPLETE,COMPLETE,COMPLETE,NOT_RUN,NOT_RUN,NOT_RUN
183,outer_train,True,True,COMPLETE,COMPLETE,COMPLETE,COMPLETE,COMPLETE,COMPLETE,COMPLETE,COMPLETE,COMPLETE
183,inner_1,True,False,COMPLETE,COMPLETE,COMPLETE,COMPLETE,COMPLETE,COMPLETE,NOT_RUN,NOT_RUN,NOT_RUN
183,inner_2,True,False,COMPLETE,COMPLETE,COMPLETE,COMPLETE,COMPLETE,COMPLETE,NOT_RUN,NOT_RUN,NOT_RUN
183,inner_3,True,False,COMPLETE,COMPLETE,COMPLETE,COMPLETE,COMPLETE,COMPLETE,NOT_RUN,NOT_RUN,NOT_RUN
184,outer_train,True,True,COMPLETE,COMPLETE,COMPLETE,COMPLETE,COMPLETE,COMPLETE,COMPLETE,COMPLETE,COMPLETE
184,inner_1,True,False,COMPLETE,COMPLETE,COMPLETE,COMPLETE,COMPLETE,COMPLETE,NOT_RUN,NOT_RUN,NOT_RUN
184,inner_2,True,False,COMPLETE,COMPLETE,COMPLETE,COMPLETE,COMPLETE,COMPLETE,NOT_RUN,NOT_RUN,NOT_RUN
184,inner_3,True,False,COMPLETE,COMPLETE,COMPLETE,COMPLETE,COMPLETE,COMPLETE,NOT_RUN,NOT_RUN,NOT_RUN
185,outer_train,True,True,COMPLETE,COMPLETE,COMPLETE,COMPLETE,COMPLETE,COMPLETE,COMPLETE,COMPLETE,COMPLETE
185,inner_1,True,False,COMPLETE,COMPLETE,COMPLETE,COMPLETE,COMPLETE,COMPLETE,NOT_RUN,NOT_RUN,NOT_RUN
185,inner_2,True,False,COMPLETE,COMPLETE,COMPLETE,COMPLETE,COMPLETE,COMPLETE,NOT_RUN,NOT_RUN,NOT_RUN
185,inner_3,True,False,COMPLETE,COMPLETE,COMPLETE,COMPLETE,COMPLETE,COMPLETE,NOT_RUN,NOT_RUN,NOT_RUN
186,outer_train,True,True,COMPLETE,COMPLETE,COMPLETE,COMPLETE,COMPLETE,COMPLETE,COMPLETE,COMPLETE,COMPLETE
186,inner_1,True,False,COMPLETE,COMPLETE,COMPLETE,COMPLETE,COMPLETE,COMPLETE,NOT_RUN,NOT_RUN,NOT_RUN
186,inner_2,True,False,COMPLETE,COMPLETE,COMPLETE,COMPLETE,COMPLETE,COMPLETE,NOT_RUN,NOT_RUN,NOT_RUN
186,inner_3,True,False,COMPLETE,COMPLETE,COMPLETE,COMPLETE,COMPLETE,COMPLETE,NOT_RUN,NOT_RUN,NOT_RUN
187,outer_train,True,True,COMPLETE,COMPLETE,COMPLETE,COMPLETE,COMPLETE,COMPLETE,COMPLETE,COMPLETE,COMPLETE
187,inner_1,True,False,COMPLETE,COMPLETE,COMPLETE,COMPLETE,COMPLETE,COMPLETE,NOT_RUN,NOT_RUN,NOT_RUN
187,inner_2,True,False,COMPLETE,COMPLETE,COMPLETE,COMPLETE,COMPLETE,COMPLETE,NOT_RUN,NOT_RUN,NOT_RUN
187,inner_3,True,False,COMPLETE,COMPLETE,COMPLETE,COMPLETE,COMPLETE,COMPLETE,NOT_RUN,NOT_RUN,NOT_RUN
188,outer_train,True,True,COMPLETE,COMPLETE,COMPLETE,COMPLETE,COMPLETE,COMPLETE,COMPLETE,COMPLETE,COMPLETE
188,inner_1,True,False,COMPLETE,COMPLETE,COMPLETE,COMPLETE,COMPLETE,COMPLETE,NOT_RUN,NOT_RUN,NOT_RUN
188,inner_2,True,False,COMPLETE,COMPLETE,COMPLETE,COMPLETE,COMPLETE,COMPLETE,NOT_RUN,NOT_RUN,NOT_RUN
188,inner_3,True,False,COMPLETE,COMPLETE,COMPLETE,COMPLETE,COMPLETE,COMPLETE,NOT_RUN,NOT_RUN,NOT_RUN
189,outer_train,True,True,COMPLETE,COMPLETE,COMPLETE,COMPLETE,COMPLETE,COMPLETE,COMPLETE,COMPLETE,COMPLETE
189,inner_1,True,False,COMPLETE,COMPLETE,COMPLETE,COMPLETE,COMPLETE,COMPLETE,NOT_RUN,NOT_RUN,NOT_RUN
189,inner_2,True,False,COMPLETE,COMPLETE,COMPLETE,COMPLETE,COMPLETE,COMPLETE,NOT_RUN,NOT_RUN,NOT_RUN
189,inner_3,True,False,COMPLETE,COMPLETE,COMPLETE,COMPLETE,COMPLETE,COMPLETE,NOT_RUN,NOT_RUN,NOT_RUN
190,outer_train,True,True,COMPLETE,COMPLETE,COMPLETE,COMPLETE,COMPLETE,COMPLETE,COMPLETE,COMPLETE,COMPLETE
190,inner_1,True,False,COMPLETE,COMPLETE,COMPLETE,COMPLETE,COMPLETE,COMPLETE,NOT_RUN,NOT_RUN,NOT_RUN
190,inner_2,True,False,COMPLETE,COMPLETE,COMPLETE,COMPLETE,COMPLETE,COMPLETE,NOT_RUN,NOT_RUN,NOT_RUN
190,inner_3,True,False,COMPLETE,COMPLETE,COMPLETE,COMPLETE,COMPLETE,COMPLETE,NOT_RUN,NOT_RUN,NOT_RUN
191,outer_train,True,True,COMPLETE,COMPLETE,COMPLETE,COMPLETE,COMPLETE,COMPLETE,COMPLETE,COMPLETE,COMPLETE
191,inner_1,True,False,COMPLETE,COMPLETE,COMPLETE,COMPLETE,COMPLETE,COMPLETE,NOT_RUN,NOT_RUN,NOT_RUN
191,inner_2,True,False,COMPLETE,COMPLETE,COMPLETE,COMPLETE,COMPLETE,COMPLETE,NOT_RUN,NOT_RUN,NOT_RUN
191,inner_3,True,False,COMPLETE,COMPLETE,COMPLETE,COMPLETE,COMPLETE,COMPLETE,NOT_RUN,NOT_RUN,NOT_RUN
192,outer_train,True,True,COMPLETE,COMPLETE,COMPLETE,COMPLETE,COMPLETE,COMPLETE,COMPLETE,COMPLETE,COMPLETE
192,inner_1,True,False,COMPLETE,COMPLETE,COMPLETE,COMPLETE,COMPLETE,COMPLETE,NOT_RUN,NOT_RUN,NOT_RUN
192,inner_2,True,False,COMPLETE,COMPLETE,COMPLETE,COMPLETE,COMPLETE,COMPLETE,NOT_RUN,NOT_RUN,NOT_RUN
192,inner_3,True,False,COMPLETE,COMPLETE,COMPLETE,COMPLETE,COMPLETE,COMPLETE,NOT_RUN,NOT_RUN,NOT_RUN
193,outer_train,True,True,COMPLETE,COMPLETE,COMPLETE,COMPLETE,COMPLETE,COMPLETE,COMPLETE,COMPLETE,COMPLETE
193,inner_1,True,False,COMPLETE,COMPLETE,COMPLETE,COMPLETE,COMPLETE,COMPLETE,NOT_RUN,NOT_RUN,NOT_RUN
193,inner_2,True,False,COMPLETE,COMPLETE,COMPLETE,COMPLETE,COMPLETE,COMPLETE,NOT_RUN,NOT_RUN,NOT_RUN
193,inner_3,True,False,COMPLETE,COMPLETE,COMPLETE,COMPLETE,COMPLETE,COMPLETE,NOT_RUN,NOT_RUN,NOT_RUN
194,outer_train,True,True,COMPLETE,COMPLETE,COMPLETE,COMPLETE,COMPLETE,COMPLETE,COMPLETE,COMPLETE,COMPLETE
194,inner_1,True,False,COMPLETE,COMPLETE,COMPLETE,COMPLETE,COMPLETE,COMPLETE,NOT_RUN,NOT_RUN,NOT_RUN
194,inner_2,True,False,COMPLETE,COMPLETE,COMPLETE,COMPLETE,COMPLETE,COMPLETE,NOT_RUN,NOT_RUN,NOT_RUN
194,inner_3,True,False,COMPLETE,COMPLETE,COMPLETE,COMPLETE,COMPLETE,COMPLETE,NOT_RUN,NOT_RUN,NOT_RUN
195,outer_train,True,True,COMPLETE,COMPLETE,COMPLETE,COMPLETE,COMPLETE,COMPLETE,COMPLETE,COMPLETE,COMPLETE
195,inner_1,True,False,COMPLETE,COMPLETE,COMPLETE,COMPLETE,COMPLETE,COMPLETE,NOT_RUN,NOT_RUN,NOT_RUN
195,inner_2,True,False,COMPLETE,COMPLETE,COMPLETE,COMPLETE,COMPLETE,COMPLETE,NOT_RUN,NOT_RUN,NOT_RUN
195,inner_3,True,False,COMPLETE,COMPLETE,COMPLETE,COMPLETE,COMPLETE,COMPLETE,NOT_RUN,NOT_RUN,NOT_RUN
196,outer_train,True,True,COMPLETE,COMPLETE,COMPLETE,COMPLETE,COMPLETE,COMPLETE,COMPLETE,COMPLETE,COMPLETE
196,inner_1,True,False,COMPLETE,COMPLETE,COMPLETE,COMPLETE,COMPLETE,COMPLETE,NOT_RUN,NOT_RUN,NOT_RUN
196,inner_2,True,False,COMPLETE,COMPLETE,COMPLETE,COMPLETE,COMPLETE,COMPLETE,NOT_RUN,NOT_RUN,NOT_RUN
196,inner_3,True,False,COMPLETE,COMPLETE,COMPLETE,COMPLETE,COMPLETE,COMPLETE,NOT_RUN,NOT_RUN,NOT_RUN
197,outer_train,True,True,COMPLETE,COMPLETE,COMPLETE,COMPLETE,COMPLETE,COMPLETE,COMPLETE,COMPLETE,COMPLETE
197,inner_1,True,False,COMPLETE,COMPLETE,COMPLETE,COMPLETE,COMPLETE,COMPLETE,NOT_RUN,NOT_RUN,NOT_RUN
197,inner_2,True,False,COMPLETE,COMPLETE,COMPLETE,COMPLETE,COMPLETE,COMPLETE,NOT_RUN,NOT_RUN,NOT_RUN
197,inner_3,True,False,COMPLETE,COMPLETE,COMPLETE,COMPLETE,COMPLETE,COMPLETE,NOT_RUN,NOT_RUN,NOT_RUN
198,outer_train,True,True,COMPLETE,COMPLETE,COMPLETE,COMPLETE,COMPLETE,COMPLETE,COMPLETE,COMPLETE,COMPLETE
198,inner_1,True,False,COMPLETE,COMPLETE,COMPLETE,COMPLETE,COMPLETE,COMPLETE,NOT_RUN,NOT_RUN,NOT_RUN
198,inner_2,True,False,COMPLETE,COMPLETE,COMPLETE,COMPLETE,COMPLETE,COMPLETE,NOT_RUN,NOT_RUN,NOT_RUN
198,inner_3,True,False,COMPLETE,COMPLETE,COMPLETE,COMPLETE,COMPLETE,COMPLETE,NOT_RUN,NOT_RUN,NOT_RUN
199,outer_train,True,True,COMPLETE,COMPLETE,COMPLETE,COMPLETE,COMPLETE,COMPLETE,COMPLETE,COMPLETE,COMPLETE
199,inner_1,True,False,COMPLETE,COMPLETE,COMPLETE,COMPLETE,COMPLETE,COMPLETE,NOT_RUN,NOT_RUN,NOT_RUN
199,inner_2,True,False,COMPLETE,COMPLETE,COMPLETE,COMPLETE,COMPLETE,COMPLETE,NOT_RUN,NOT_RUN,NOT_RUN
199,inner_3,True,False,COMPLETE,COMPLETE,COMPLETE,COMPLETE,COMPLETE,COMPLETE,NOT_RUN,NOT_RUN,NOT_RUN
200,outer_train,True,True,COMPLETE,COMPLETE,COMPLETE,COMPLETE,COMPLETE,COMPLETE,COMPLETE,COMPLETE,COMPLETE
200,inner_1,True,False,COMPLETE,COMPLETE,COMPLETE,COMPLETE,COMPLETE,COMPLETE,NOT_RUN,NOT_RUN,NOT_RUN
200,inner_2,True,False,COMPLETE,COMPLETE,COMPLETE,COMPLETE,COMPLETE,COMPLETE,NOT_RUN,NOT_RUN,NOT_RUN
200,inner_3,True,False,COMPLETE,COMPLETE,COMPLETE,COMPLETE,COMPLETE,COMPLETE,NOT_RUN,NOT_RUN,NOT_RUN
201,outer_train,True,True,COMPLETE,COMPLETE,COMPLETE,COMPLETE,COMPLETE,COMPLETE,COMPLETE,COMPLETE,COMPLETE
201,inner_1,True,False,COMPLETE,COMPLETE,COMPLETE,COMPLETE,COMPLETE,COMPLETE,NOT_RUN,NOT_RUN,NOT_RUN
201,inner_2,True,False,COMPLETE,COMPLETE,COMPLETE,COMPLETE,COMPLETE,COMPLETE,NOT_RUN,NOT_RUN,NOT_RUN
201,inner_3,True,False,COMPLETE,COMPLETE,COMPLETE,COMPLETE,COMPLETE,COMPLETE,NOT_RUN,NOT_RUN,NOT_RUN
202,outer_train,True,True,COMPLETE,COMPLETE,COMPLETE,COMPLETE,COMPLETE,COMPLETE,COMPLETE,COMPLETE,COMPLETE
202,inner_1,True,False,COMPLETE,COMPLETE,COMPLETE,COMPLETE,COMPLETE,COMPLETE,NOT_RUN,NOT_RUN,NOT_RUN
202,inner_2,True,False,COMPLETE,COMPLETE,COMPLETE,COMPLETE,COMPLETE,COMPLETE,NOT_RUN,NOT_RUN,NOT_RUN
202,inner_3,True,False,COMPLETE,COMPLETE,COMPLETE,COMPLETE,COMPLETE,COMPLETE,NOT_RUN,NOT_RUN,NOT_RUN
203,outer_train,True,True,COMPLETE,COMPLETE,COMPLETE,COMPLETE,COMPLETE,COMPLETE,COMPLETE,COMPLETE,COMPLETE
203,inner_1,True,False,COMPLETE,COMPLETE,COMPLETE,COMPLETE,COMPLETE,COMPLETE,NOT_RUN,NOT_RUN,NOT_RUN
203,inner_2,True,False,COMPLETE,COMPLETE,COMPLETE,COMPLETE,COMPLETE,COMPLETE,NOT_RUN,NOT_RUN,NOT_RUN
203,inner_3,True,False,COMPLETE,COMPLETE,COMPLETE,COMPLETE,COMPLETE,COMPLETE,NOT_RUN,NOT_RUN,NOT_RUN
204,outer_train,True,True,COMPLETE,COMPLETE,COMPLETE,COMPLETE,COMPLETE,COMPLETE,COMPLETE,COMPLETE,COMPLETE
204,inner_1,True,False,COMPLETE,COMPLETE,COMPLETE,COMPLETE,COMPLETE,COMPLETE,NOT_RUN,NOT_RUN,NOT_RUN
204,inner_2,True,False,COMPLETE,COMPLETE,COMPLETE,COMPLETE,COMPLETE,COMPLETE,NOT_RUN,NOT_RUN,NOT_RUN
204,inner_3,True,False,COMPLETE,COMPLETE,COMPLETE,COMPLETE,COMPLETE,COMPLETE,NOT_RUN,NOT_RUN,NOT_RUN
205,outer_train,True,True,COMPLETE,COMPLETE,COMPLETE,COMPLETE,COMPLETE,COMPLETE,COMPLETE,COMPLETE,COMPLETE
205,inner_1,True,False,COMPLETE,COMPLETE,COMPLETE,COMPLETE,COMPLETE,COMPLETE,NOT_RUN,NOT_RUN,NOT_RUN
205,inner_2,True,False,COMPLETE,COMPLETE,COMPLETE,COMPLETE,COMPLETE,COMPLETE,NOT_RUN,NOT_RUN,NOT_RUN
205,inner_3,True,False,COMPLETE,COMPLETE,COMPLETE,COMPLETE,COMPLETE,COMPLETE,NOT_RUN,NOT_RUN,NOT_RUN
206,outer_train,True,True,COMPLETE,COMPLETE,COMPLETE,COMPLETE,COMPLETE,COMPLETE,COMPLETE,COMPLETE,COMPLETE
206,inner_1,True,False,COMPLETE,COMPLETE,COMPLETE,COMPLETE,COMPLETE,COMPLETE,NOT_RUN,NOT_RUN,NOT_RUN
206,inner_2,True,False,COMPLETE,COMPLETE,COMPLETE,COMPLETE,COMPLETE,COMPLETE,NOT_RUN,NOT_RUN,NOT_RUN
206,inner_3,True,False,COMPLETE,COMPLETE,COMPLETE,COMPLETE,COMPLETE,COMPLETE,NOT_RUN,NOT_RUN,NOT_RUN
207,outer_train,True,True,COMPLETE,COMPLETE,COMPLETE,COMPLETE,COMPLETE,COMPLETE,COMPLETE,COMPLETE,COMPLETE
207,inner_1,True,False,COMPLETE,COMPLETE,COMPLETE,COMPLETE,COMPLETE,COMPLETE,NOT_RUN,NOT_RUN,NOT_RUN
207,inner_2,True,False,COMPLETE,COMPLETE,COMPLETE,COMPLETE,COMPLETE,COMPLETE,NOT_RUN,NOT_RUN,NOT_RUN
207,inner_3,True,False,COMPLETE,COMPLETE,COMPLETE,COMPLETE,COMPLETE,COMPLETE,NOT_RUN,NOT_RUN,NOT_RUN
208,outer_train,True,True,COMPLETE,COMPLETE,COMPLETE,COMPLETE,COMPLETE,COMPLETE,COMPLETE,COMPLETE,COMPLETE
208,inner_1,True,False,COMPLETE,COMPLETE,COMPLETE,COMPLETE,COMPLETE,COMPLETE,NOT_RUN,NOT_RUN,NOT_RUN
208,inner_2,True,False,COMPLETE,COMPLETE,COMPLETE,COMPLETE,COMPLETE,COMPLETE,NOT_RUN,NOT_RUN,NOT_RUN
208,inner_3,True,False,COMPLETE,COMPLETE,COMPLETE,COMPLETE,COMPLETE,COMPLETE,NOT_RUN,NOT_RUN,NOT_RUN
209,outer_train,True,True,COMPLETE,COMPLETE,COMPLETE,COMPLETE,COMPLETE,COMPLETE,COMPLETE,COMPLETE,COMPLETE
209,inner_1,True,False,COMPLETE,COMPLETE,COMPLETE,COMPLETE,COMPLETE,COMPLETE,NOT_RUN,NOT_RUN,NOT_RUN
209,inner_2,True,False,COMPLETE,COMPLETE,COMPLETE,COMPLETE,COMPLETE,COMPLETE,NOT_RUN,NOT_RUN,NOT_RUN
209,inner_3,True,False,COMPLETE,COMPLETE,COMPLETE,COMPLETE,COMPLETE,COMPLETE,NOT_RUN,NOT_RUN,NOT_RUN
210,outer_train,True,True,COMPLETE,COMPLETE,COMPLETE,COMPLETE,COMPLETE,COMPLETE,COMPLETE,COMPLETE,COMPLETE
210,inner_1,True,False,COMPLETE,COMPLETE,COMPLETE,COMPLETE,COMPLETE,COMPLETE,NOT_RUN,NOT_RUN,NOT_RUN
210,inner_2,True,False,COMPLETE,COMPLETE,COMPLETE,COMPLETE,COMPLETE,COMPLETE,NOT_RUN,NOT_RUN,NOT_RUN
210,inner_3,True,False,COMPLETE,COMPLETE,COMPLETE,COMPLETE,COMPLETE,COMPLETE,NOT_RUN,NOT_RUN,NOT_RUN
211,outer_train,True,True,COMPLETE,COMPLETE,COMPLETE,COMPLETE,COMPLETE,COMPLETE,COMPLETE,COMPLETE,COMPLETE
211,inner_1,True,False,COMPLETE,COMPLETE,COMPLETE,COMPLETE,COMPLETE,COMPLETE,NOT_RUN,NOT_RUN,NOT_RUN
211,inner_2,True,False,COMPLETE,COMPLETE,COMPLETE,COMPLETE,COMPLETE,COMPLETE,NOT_RUN,NOT_RUN,NOT_RUN
211,inner_3,True,False,COMPLETE,COMPLETE,COMPLETE,COMPLETE,COMPLETE,COMPLETE,NOT_RUN,NOT_RUN,NOT_RUN
212,outer_train,True,True,COMPLETE,COMPLETE,COMPLETE,COMPLETE,COMPLETE,COMPLETE,COMPLETE,COMPLETE,COMPLETE
212,inner_1,True,False,COMPLETE,COMPLETE,COMPLETE,COMPLETE,COMPLETE,COMPLETE,NOT_RUN,NOT_RUN,NOT_RUN
212,inner_2,True,False,COMPLETE,COMPLETE,COMPLETE,COMPLETE,COMPLETE,COMPLETE,NOT_RUN,NOT_RUN,NOT_RUN
212,inner_3,True,False,COMPLETE,COMPLETE,COMPLETE,COMPLETE,COMPLETE,COMPLETE,NOT_RUN,NOT_RUN,NOT_RUN
213,outer_train,True,True,COMPLETE,COMPLETE,COMPLETE,COMPLETE,COMPLETE,COMPLETE,COMPLETE,COMPLETE,COMPLETE
213,inner_1,True,False,COMPLETE,COMPLETE,COMPLETE,COMPLETE,COMPLETE,COMPLETE,NOT_RUN,NOT_RUN,NOT_RUN
213,inner_2,True,False,COMPLETE,COMPLETE,COMPLETE,COMPLETE,COMPLETE,COMPLETE,NOT_RUN,NOT_RUN,NOT_RUN
213,inner_3,True,False,COMPLETE,COMPLETE,COMPLETE,COMPLETE,COMPLETE,COMPLETE,NOT_RUN,NOT_RUN,NOT_RUN
214,outer_train,True,True,COMPLETE,COMPLETE,COMPLETE,COMPLETE,COMPLETE,COMPLETE,COMPLETE,COMPLETE,COMPLETE
214,inner_1,True,False,COMPLETE,COMPLETE,COMPLETE,COMPLETE,COMPLETE,COMPLETE,NOT_RUN,NOT_RUN,NOT_RUN
214,inner_2,True,False,COMPLETE,COMPLETE,COMPLETE,COMPLETE,COMPLETE,COMPLETE,NOT_RUN,NOT_RUN,NOT_RUN
214,inner_3,True,False,COMPLETE,COMPLETE,COMPLETE,COMPLETE,COMPLETE,COMPLETE,NOT_RUN,NOT_RUN,NOT_RUN
215,outer_train,True,True,COMPLETE,COMPLETE,COMPLETE,COMPLETE,COMPLETE,COMPLETE,COMPLETE,COMPLETE,COMPLETE
215,inner_1,True,False,COMPLETE,COMPLETE,COMPLETE,COMPLETE,COMPLETE,COMPLETE,NOT_RUN,NOT_RUN,NOT_RUN
215,inner_2,True,False,COMPLETE,COMPLETE,COMPLETE,COMPLETE,COMPLETE,COMPLETE,NOT_RUN,NOT_RUN,NOT_RUN
215,inner_3,True,False,COMPLETE,COMPLETE,COMPLETE,COMPLETE,COMPLETE,COMPLETE,NOT_RUN,NOT_RUN,NOT_RUN
216,outer_train,True,True,COMPLETE,COMPLETE,COMPLETE,COMPLETE,COMPLETE,COMPLETE,COMPLETE,COMPLETE,COMPLETE
216,inner_1,True,False,COMPLETE,COMPLETE,COMPLETE,COMPLETE,COMPLETE,COMPLETE,NOT_RUN,NOT_RUN,NOT_RUN
216,inner_2,True,False,COMPLETE,COMPLETE,COMPLETE,COMPLETE,COMPLETE,COMPLETE,NOT_RUN,NOT_RUN,NOT_RUN
216,inner_3,True,False,COMPLETE,COMPLETE,COMPLETE,COMPLETE,COMPLETE,COMPLETE,NOT_RUN,NOT_RUN,NOT_RUN
217,outer_train,True,True,COMPLETE,COMPLETE,COMPLETE,COMPLETE,COMPLETE,COMPLETE,COMPLETE,COMPLETE,COMPLETE
217,inner_1,True,False,COMPLETE,COMPLETE,COMPLETE,COMPLETE,COMPLETE,COMPLETE,NOT_RUN,NOT_RUN,NOT_RUN
217,inner_2,True,False,COMPLETE,COMPLETE,COMPLETE,COMPLETE,COMPLETE,COMPLETE,NOT_RUN,NOT_RUN,NOT_RUN
217,inner_3,True,False,COMPLETE,COMPLETE,COMPLETE,COMPLETE,COMPLETE,COMPLETE,NOT_RUN,NOT_RUN,NOT_RUN
218,outer_train,True,True,COMPLETE,COMPLETE,COMPLETE,COMPLETE,COMPLETE,COMPLETE,COMPLETE,COMPLETE,COMPLETE
218,inner_1,True,False,COMPLETE,COMPLETE,COMPLETE,COMPLETE,COMPLETE,COMPLETE,NOT_RUN,NOT_RUN,NOT_RUN
218,inner_2,True,False,COMPLETE,COMPLETE,COMPLETE,COMPLETE,COMPLETE,COMPLETE,NOT_RUN,NOT_RUN,NOT_RUN
218,inner_3,True,False,COMPLETE,COMPLETE,COMPLETE,COMPLETE,COMPLETE,COMPLETE,NOT_RUN,NOT_RUN,NOT_RUN
219,outer_train,True,True,COMPLETE,COMPLETE,COMPLETE,COMPLETE,COMPLETE,COMPLETE,COMPLETE,COMPLETE,COMPLETE
219,inner_1,True,False,COMPLETE,COMPLETE,COMPLETE,COMPLETE,COMPLETE,COMPLETE,NOT_RUN,NOT_RUN,NOT_RUN
219,inner_2,True,False,COMPLETE,COMPLETE,COMPLETE,COMPLETE,COMPLETE,COMPLETE,NOT_RUN,NOT_RUN,NOT_RUN
219,inner_3,True,False,COMPLETE,COMPLETE,COMPLETE,COMPLETE,COMPLETE,COMPLETE,NOT_RUN,NOT_RUN,NOT_RUN
220,outer_train,True,True,COMPLETE,COMPLETE,COMPLETE,COMPLETE,COMPLETE,COMPLETE,COMPLETE,COMPLETE,COMPLETE
220,inner_1,True,False,COMPLETE,COMPLETE,COMPLETE,COMPLETE,COMPLETE,COMPLETE,NOT_RUN,NOT_RUN,NOT_RUN
220,inner_2,True,False,COMPLETE,COMPLETE,COMPLETE,COMPLETE,COMPLETE,COMPLETE,NOT_RUN,NOT_RUN,NOT_RUN
220,inner_3,True,False,COMPLETE,COMPLETE,COMPLETE,COMPLETE,COMPLETE,COMPLETE,NOT_RUN,NOT_RUN,NOT_RUN
221,outer_train,True,True,COMPLETE,COMPLETE,COMPLETE,COMPLETE,COMPLETE,COMPLETE,COMPLETE,COMPLETE,COMPLETE
221,inner_1,True,False,COMPLETE,COMPLETE,COMPLETE,COMPLETE,COMPLETE,COMPLETE,NOT_RUN,NOT_RUN,NOT_RUN
221,inner_2,True,False,COMPLETE,COMPLETE,COMPLETE,COMPLETE,COMPLETE,COMPLETE,NOT_RUN,NOT_RUN,NOT_RUN
221,inner_3,True,False,COMPLETE,COMPLETE,COMPLETE,COMPLETE,COMPLETE,COMPLETE,NOT_RUN,NOT_RUN,NOT_RUN
222,outer_train,True,True,COMPLETE,COMPLETE,COMPLETE,COMPLETE,COMPLETE,COMPLETE,COMPLETE,COMPLETE,COMPLETE
222,inner_1,True,False,COMPLETE,COMPLETE,COMPLETE,COMPLETE,COMPLETE,COMPLETE,NOT_RUN,NOT_RUN,NOT_RUN
222,inner_2,True,False,COMPLETE,COMPLETE,COMPLETE,COMPLETE,COMPLETE,COMPLETE,NOT_RUN,NOT_RUN,NOT_RUN
222,inner_3,True,False,COMPLETE,COMPLETE,COMPLETE,COMPLETE,COMPLETE,COMPLETE,NOT_RUN,NOT_RUN,NOT_RUN
223,outer_train,True,True,COMPLETE,COMPLETE,COMPLETE,COMPLETE,COMPLETE,COMPLETE,COMPLETE,COMPLETE,COMPLETE
223,inner_1,True,False,COMPLETE,COMPLETE,COMPLETE,COMPLETE,COMPLETE,COMPLETE,NOT_RUN,NOT_RUN,NOT_RUN
223,inner_2,True,False,COMPLETE,COMPLETE,COMPLETE,COMPLETE,COMPLETE,COMPLETE,NOT_RUN,NOT_RUN,NOT_RUN
223,inner_3,True,False,COMPLETE,COMPLETE,COMPLETE,COMPLETE,COMPLETE,COMPLETE,NOT_RUN,NOT_RUN,NOT_RUN
224,outer_train,True,True,COMPLETE,COMPLETE,COMPLETE,COMPLETE,COMPLETE,COMPLETE,COMPLETE,COMPLETE,COMPLETE
224,inner_1,True,False,COMPLETE,COMPLETE,COMPLETE,COMPLETE,COMPLETE,COMPLETE,NOT_RUN,NOT_RUN,NOT_RUN
224,inner_2,True,False,COMPLETE,COMPLETE,COMPLETE,COMPLETE,COMPLETE,COMPLETE,NOT_RUN,NOT_RUN,NOT_RUN
224,inner_3,True,False,COMPLETE,COMPLETE,COMPLETE,COMPLETE,COMPLETE,COMPLETE,NOT_RUN,NOT_RUN,NOT_RUN
225,outer_train,True,True,COMPLETE,COMPLETE,COMPLETE,COMPLETE,COMPLETE,COMPLETE,COMPLETE,COMPLETE,COMPLETE
225,inner_1,True,False,COMPLETE,COMPLETE,COMPLETE,COMPLETE,COMPLETE,COMPLETE,NOT_RUN,NOT_RUN,NOT_RUN
225,inner_2,True,False,COMPLETE,COMPLETE,COMPLETE,COMPLETE,COMPLETE,COMPLETE,NOT_RUN,NOT_RUN,NOT_RUN
225,inner_3,True,False,COMPLETE,COMPLETE,COMPLETE,COMPLETE,COMPLETE,COMPLETE,NOT_RUN,NOT_RUN,NOT_RUN
226,outer_train,True,True,COMPLETE,COMPLETE,COMPLETE,COMPLETE,COMPLETE,COMPLETE,COMPLETE,COMPLETE,COMPLETE
226,inner_1,True,False,COMPLETE,COMPLETE,COMPLETE,COMPLETE,COMPLETE,COMPLETE,NOT_RUN,NOT_RUN,NOT_RUN
226,inner_2,True,False,COMPLETE,COMPLETE,COMPLETE,COMPLETE,COMPLETE,COMPLETE,NOT_RUN,NOT_RUN,NOT_RUN
226,inner_3,True,False,COMPLETE,COMPLETE,COMPLETE,COMPLETE,COMPLETE,COMPLETE,NOT_RUN,NOT_RUN,NOT_RUN
227,outer_train,True,True,COMPLETE,COMPLETE,COMPLETE,COMPLETE,COMPLETE,COMPLETE,COMPLETE,COMPLETE,COMPLETE
227,inner_1,True,False,COMPLETE,COMPLETE,COMPLETE,COMPLETE,COMPLETE,COMPLETE,NOT_RUN,NOT_RUN,NOT_RUN
227,inner_2,True,False,COMPLETE,COMPLETE,COMPLETE,COMPLETE,COMPLETE,COMPLETE,NOT_RUN,NOT_RUN,NOT_RUN
227,inner_3,True,False,COMPLETE,COMPLETE,COMPLETE,COMPLETE,COMPLETE,COMPLETE,NOT_RUN,NOT_RUN,NOT_RUN
228,outer_train,True,True,COMPLETE,COMPLETE,COMPLETE,COMPLETE,COMPLETE,COMPLETE,COMPLETE,COMPLETE,COMPLETE
228,inner_1,True,False,COMPLETE,COMPLETE,COMPLETE,COMPLETE,COMPLETE,COMPLETE,NOT_RUN,NOT_RUN,NOT_RUN
228,inner_2,True,False,COMPLETE,COMPLETE,COMPLETE,COMPLETE,COMPLETE,COMPLETE,NOT_RUN,NOT_RUN,NOT_RUN
228,inner_3,True,False,COMPLETE,COMPLETE,COMPLETE,COMPLETE,COMPLETE,COMPLETE,NOT_RUN,NOT_RUN,NOT_RUN
229,outer_train,True,True,COMPLETE,COMPLETE,COMPLETE,COMPLETE,COMPLETE,COMPLETE,COMPLETE,COMPLETE,COMPLETE
229,inner_1,True,False,COMPLETE,COMPLETE,COMPLETE,COMPLETE,COMPLETE,COMPLETE,NOT_RUN,NOT_RUN,NOT_RUN
229,inner_2,True,False,COMPLETE,COMPLETE,COMPLETE,COMPLETE,COMPLETE,COMPLETE,NOT_RUN,NOT_RUN,NOT_RUN
229,inner_3,True,False,COMPLETE,COMPLETE,COMPLETE,COMPLETE,COMPLETE,COMPLETE,NOT_RUN,NOT_RUN,NOT_RUN
230,outer_train,True,True,COMPLETE,COMPLETE,COMPLETE,COMPLETE,COMPLETE,COMPLETE,COMPLETE,COMPLETE,COMPLETE
230,inner_1,True,False,COMPLETE,COMPLETE,COMPLETE,COMPLETE,COMPLETE,COMPLETE,NOT_RUN,NOT_RUN,NOT_RUN
230,inner_2,True,False,COMPLETE,COMPLETE,COMPLETE,COMPLETE,COMPLETE,COMPLETE,NOT_RUN,NOT_RUN,NOT_RUN
230,inner_3,True,False,COMPLETE,COMPLETE,COMPLETE,COMPLETE,COMPLETE,COMPLETE,NOT_RUN,NOT_RUN,NOT_RUN
231,outer_train,True,True,COMPLETE,COMPLETE,COMPLETE,COMPLETE,COMPLETE,COMPLETE,COMPLETE,COMPLETE,COMPLETE
231,inner_1,True,False,COMPLETE,COMPLETE,COMPLETE,COMPLETE,COMPLETE,COMPLETE,NOT_RUN,NOT_RUN,NOT_RUN
231,inner_2,True,False,COMPLETE,COMPLETE,COMPLETE,COMPLETE,COMPLETE,COMPLETE,NOT_RUN,NOT_RUN,NOT_RUN
231,inner_3,True,False,COMPLETE,COMPLETE,COMPLETE,COMPLETE,COMPLETE,COMPLETE,NOT_RUN,NOT_RUN,NOT_RUN
232,outer_train,True,True,COMPLETE,COMPLETE,COMPLETE,COMPLETE,COMPLETE,COMPLETE,COMPLETE,COMPLETE,COMPLETE
232,inner_1,True,False,COMPLETE,COMPLETE,COMPLETE,COMPLETE,COMPLETE,COMPLETE,NOT_RUN,NOT_RUN,NOT_RUN
232,inner_2,True,False,COMPLETE,COMPLETE,COMPLETE,COMPLETE,COMPLETE,COMPLETE,NOT_RUN,NOT_RUN,NOT_RUN
232,inner_3,True,False,COMPLETE,COMPLETE,COMPLETE,COMPLETE,COMPLETE,COMPLETE,NOT_RUN,NOT_RUN,NOT_RUN
233,outer_train,True,True,COMPLETE,COMPLETE,COMPLETE,COMPLETE,COMPLETE,COMPLETE,COMPLETE,COMPLETE,COMPLETE
233,inner_1,True,False,COMPLETE,COMPLETE,COMPLETE,COMPLETE,COMPLETE,COMPLETE,NOT_RUN,NOT_RUN,NOT_RUN
233,inner_2,True,False,COMPLETE,COMPLETE,COMPLETE,COMPLETE,COMPLETE,COMPLETE,NOT_RUN,NOT_RUN,NOT_RUN
233,inner_3,True,False,COMPLETE,COMPLETE,COMPLETE,COMPLETE,COMPLETE,COMPLETE,NOT_RUN,NOT_RUN,NOT_RUN
234,outer_train,True,True,COMPLETE,COMPLETE,COMPLETE,COMPLETE,COMPLETE,COMPLETE,COMPLETE,COMPLETE,COMPLETE
234,inner_1,True,False,COMPLETE,COMPLETE,COMPLETE,COMPLETE,COMPLETE,COMPLETE,NOT_RUN,NOT_RUN,NOT_RUN
234,inner_2,True,False,COMPLETE,COMPLETE,COMPLETE,COMPLETE,COMPLETE,COMPLETE,NOT_RUN,NOT_RUN,NOT_RUN
234,inner_3,True,False,COMPLETE,COMPLETE,COMPLETE,COMPLETE,COMPLETE,COMPLETE,NOT_RUN,NOT_RUN,NOT_RUN
235,outer_train,True,True,COMPLETE,COMPLETE,COMPLETE,COMPLETE,COMPLETE,COMPLETE,COMPLETE,COMPLETE,COMPLETE
235,inner_1,True,False,COMPLETE,COMPLETE,COMPLETE,COMPLETE,COMPLETE,COMPLETE,NOT_RUN,NOT_RUN,NOT_RUN
235,inner_2,True,False,COMPLETE,COMPLETE,COMPLETE,COMPLETE,COMPLETE,COMPLETE,NOT_RUN,NOT_RUN,NOT_RUN
235,inner_3,True,False,COMPLETE,COMPLETE,COMPLETE,COMPLETE,COMPLETE,COMPLETE,NOT_RUN,NOT_RUN,NOT_RUN
236,outer_train,True,True,COMPLETE,COMPLETE,COMPLETE,COMPLETE,COMPLETE,COMPLETE,COMPLETE,COMPLETE,COMPLETE
236,inner_1,True,False,COMPLETE,COMPLETE,COMPLETE,COMPLETE,COMPLETE,COMPLETE,NOT_RUN,NOT_RUN,NOT_RUN
236,inner_2,True,False,COMPLETE,COMPLETE,COMPLETE,COMPLETE,COMPLETE,COMPLETE,NOT_RUN,NOT_RUN,NOT_RUN
236,inner_3,True,False,COMPLETE,COMPLETE,COMPLETE,COMPLETE,COMPLETE,COMPLETE,NOT_RUN,NOT_RUN,NOT_RUN
237,outer_train,True,True,COMPLETE,COMPLETE,COMPLETE,COMPLETE,COMPLETE,COMPLETE,COMPLETE,COMPLETE,COMPLETE
237,inner_1,True,False,COMPLETE,COMPLETE,COMPLETE,COMPLETE,COMPLETE,COMPLETE,NOT_RUN,NOT_RUN,NOT_RUN
237,inner_2,True,False,COMPLETE,COMPLETE,COMPLETE,COMPLETE,COMPLETE,COMPLETE,NOT_RUN,NOT_RUN,NOT_RUN
237,inner_3,True,False,COMPLETE,COMPLETE,COMPLETE,COMPLETE,COMPLETE,COMPLETE,NOT_RUN,NOT_RUN,NOT_RUN
238,outer_train,True,True,COMPLETE,COMPLETE,COMPLETE,COMPLETE,COMPLETE,COMPLETE,COMPLETE,COMPLETE,COMPLETE
238,inner_1,True,False,COMPLETE,COMPLETE,COMPLETE,COMPLETE,COMPLETE,COMPLETE,NOT_RUN,NOT_RUN,NOT_RUN
238,inner_2,True,False,COMPLETE,COMPLETE,COMPLETE,COMPLETE,COMPLETE,COMPLETE,NOT_RUN,NOT_RUN,NOT_RUN
238,inner_3,True,False,COMPLETE,COMPLETE,COMPLETE,COMPLETE,COMPLETE,COMPLETE,NOT_RUN,NOT_RUN,NOT_RUN
239,outer_train,True,True,COMPLETE,COMPLETE,COMPLETE,COMPLETE,COMPLETE,COMPLETE,COMPLETE,COMPLETE,COMPLETE
239,inner_1,True,False,COMPLETE,COMPLETE,COMPLETE,COMPLETE,COMPLETE,COMPLETE,NOT_RUN,NOT_RUN,NOT_RUN
239,inner_2,True,False,COMPLETE,COMPLETE,COMPLETE,COMPLETE,COMPLETE,COMPLETE,NOT_RUN,NOT_RUN,NOT_RUN
239,inner_3,True,False,COMPLETE,COMPLETE,COMPLETE,COMPLETE,COMPLETE,COMPLETE,NOT_RUN,NOT_RUN,NOT_RUN
240,outer_train,True,True,COMPLETE,COMPLETE,COMPLETE,COMPLETE,COMPLETE,COMPLETE,COMPLETE,COMPLETE,COMPLETE
240,inner_1,True,False,COMPLETE,COMPLETE,COMPLETE,COMPLETE,COMPLETE,COMPLETE,NOT_RUN,NOT_RUN,NOT_RUN
240,inner_2,True,False,COMPLETE,COMPLETE,COMPLETE,COMPLETE,COMPLETE,COMPLETE,NOT_RUN,NOT_RUN,NOT_RUN
240,inner_3,True,False,COMPLETE,COMPLETE,COMPLETE,COMPLETE,COMPLETE,COMPLETE,NOT_RUN,NOT_RUN,NOT_RUN
241,outer_train,True,True,COMPLETE,COMPLETE,COMPLETE,COMPLETE,COMPLETE,COMPLETE,COMPLETE,COMPLETE,COMPLETE
241,inner_1,True,False,COMPLETE,COMPLETE,COMPLETE,COMPLETE,COMPLETE,COMPLETE,NOT_RUN,NOT_RUN,NOT_RUN
241,inner_2,True,False,COMPLETE,COMPLETE,COMPLETE,COMPLETE,COMPLETE,COMPLETE,NOT_RUN,NOT_RUN,NOT_RUN
241,inner_3,True,False,COMPLETE,COMPLETE,COMPLETE,COMPLETE,COMPLETE,COMPLETE,NOT_RUN,NOT_RUN,NOT_RUN
242,outer_train,True,True,COMPLETE,COMPLETE,COMPLETE,COMPLETE,COMPLETE,COMPLETE,COMPLETE,COMPLETE,COMPLETE
242,inner_1,True,False,COMPLETE,COMPLETE,COMPLETE,COMPLETE,COMPLETE,COMPLETE,NOT_RUN,NOT_RUN,NOT_RUN
242,inner_2,True,False,COMPLETE,COMPLETE,COMPLETE,COMPLETE,COMPLETE,COMPLETE,NOT_RUN,NOT_RUN,NOT_RUN
242,inner_3,True,False,COMPLETE,COMPLETE,COMPLETE,COMPLETE,COMPLETE,COMPLETE,NOT_RUN,NOT_RUN,NOT_RUN
243,outer_train,True,True,COMPLETE,COMPLETE,COMPLETE,COMPLETE,COMPLETE,COMPLETE,COMPLETE,COMPLETE,COMPLETE
243,inner_1,True,False,COMPLETE,COMPLETE,COMPLETE,COMPLETE,COMPLETE,COMPLETE,NOT_RUN,NOT_RUN,NOT_RUN
243,inner_2,True,False,COMPLETE,COMPLETE,COMPLETE,COMPLETE,COMPLETE,COMPLETE,NOT_RUN,NOT_RUN,NOT_RUN
243,inner_3,True,False,COMPLETE,COMPLETE,COMPLETE,COMPLETE,COMPLETE,COMPLETE,NOT_RUN,NOT_RUN,NOT_RUN
244,outer_train,True,True,COMPLETE,COMPLETE,COMPLETE,COMPLETE,COMPLETE,COMPLETE,COMPLETE,COMPLETE,COMPLETE
244,inner_1,True,False,COMPLETE,COMPLETE,COMPLETE,COMPLETE,COMPLETE,COMPLETE,NOT_RUN,NOT_RUN,NOT_RUN
244,inner_2,True,False,COMPLETE,COMPLETE,COMPLETE,COMPLETE,COMPLETE,COMPLETE,NOT_RUN,NOT_RUN,NOT_RUN
244,inner_3,True,False,COMPLETE,COMPLETE,COMPLETE,COMPLETE,COMPLETE,COMPLETE,NOT_RUN,NOT_RUN,NOT_RUN
245,outer_train,True,True,COMPLETE,COMPLETE,COMPLETE,COMPLETE,COMPLETE,COMPLETE,COMPLETE,COMPLETE,COMPLETE
245,inner_1,True,False,COMPLETE,COMPLETE,COMPLETE,COMPLETE,COMPLETE,COMPLETE,NOT_RUN,NOT_RUN,NOT_RUN
245,inner_2,True,False,COMPLETE,COMPLETE,COMPLETE,COMPLETE,COMPLETE,COMPLETE,NOT_RUN,NOT_RUN,NOT_RUN
245,inner_3,True,False,COMPLETE,COMPLETE,COMPLETE,COMPLETE,COMPLETE,COMPLETE,NOT_RUN,NOT_RUN,NOT_RUN
246,outer_train,True,True,COMPLETE,COMPLETE,COMPLETE,COMPLETE,COMPLETE,COMPLETE,COMPLETE,COMPLETE,COMPLETE
246,inner_1,True,False,COMPLETE,COMPLETE,COMPLETE,COMPLETE,COMPLETE,COMPLETE,NOT_RUN,NOT_RUN,NOT_RUN
246,inner_2,True,False,COMPLETE,COMPLETE,COMPLETE,COMPLETE,COMPLETE,COMPLETE,NOT_RUN,NOT_RUN,NOT_RUN
246,inner_3,True,False,COMPLETE,COMPLETE,COMPLETE,COMPLETE,COMPLETE,COMPLETE,NOT_RUN,NOT_RUN,NOT_RUN
247,outer_train,True,True,COMPLETE,COMPLETE,COMPLETE,COMPLETE,COMPLETE,COMPLETE,COMPLETE,COMPLETE,COMPLETE
247,inner_1,True,False,COMPLETE,COMPLETE,COMPLETE,COMPLETE,COMPLETE,COMPLETE,NOT_RUN,NOT_RUN,NOT_RUN
247,inner_2,True,False,COMPLETE,COMPLETE,COMPLETE,COMPLETE,COMPLETE,COMPLETE,NOT_RUN,NOT_RUN,NOT_RUN
247,inner_3,True,False,COMPLETE,COMPLETE,COMPLETE,COMPLETE,COMPLETE,COMPLETE,NOT_RUN,NOT_RUN,NOT_RUN
248,outer_train,True,True,COMPLETE,COMPLETE,COMPLETE,COMPLETE,COMPLETE,COMPLETE,COMPLETE,COMPLETE,COMPLETE
248,inner_1,True,False,COMPLETE,COMPLETE,COMPLETE,COMPLETE,COMPLETE,COMPLETE,NOT_RUN,NOT_RUN,NOT_RUN
248,inner_2,True,False,COMPLETE,COMPLETE,COMPLETE,COMPLETE,COMPLETE,COMPLETE,NOT_RUN,NOT_RUN,NOT_RUN
248,inner_3,True,False,COMPLETE,COMPLETE,COMPLETE,COMPLETE,COMPLETE,COMPLETE,NOT_RUN,NOT_RUN,NOT_RUN
249,outer_train,True,True,COMPLETE,COMPLETE,COMPLETE,COMPLETE,COMPLETE,COMPLETE,COMPLETE,COMPLETE,COMPLETE
249,inner_1,True,False,COMPLETE,COMPLETE,COMPLETE,COMPLETE,COMPLETE,COMPLETE,NOT_RUN,NOT_RUN,NOT_RUN
249,inner_2,True,False,COMPLETE,COMPLETE,COMPLETE,COMPLETE,COMPLETE,COMPLETE,NOT_RUN,NOT_RUN,NOT_RUN
249,inner_3,True,False,COMPLETE,COMPLETE,COMPLETE,COMPLETE,COMPLETE,COMPLETE,NOT_RUN,NOT_RUN,NOT_RUN
250,outer_train,True,True,COMPLETE,COMPLETE,COMPLETE,COMPLETE,COMPLETE,COMPLETE,COMPLETE,COMPLETE,COMPLETE
250,inner_1,True,False,COMPLETE,COMPLETE,COMPLETE,COMPLETE,COMPLETE,COMPLETE,NOT_RUN,NOT_RUN,NOT_RUN
250,inner_2,True,False,COMPLETE,COMPLETE,COMPLETE,COMPLETE,COMPLETE,COMPLETE,NOT_RUN,NOT_RUN,NOT_RUN
250,inner_3,True,False,COMPLETE,COMPLETE,COMPLETE,COMPLETE,COMPLETE,COMPLETE,NOT_RUN,NOT_RUN,NOT_RUN
251,outer_train,True,True,COMPLETE,COMPLETE,COMPLETE,COMPLETE,COMPLETE,COMPLETE,COMPLETE,COMPLETE,COMPLETE
251,inner_1,True,False,COMPLETE,COMPLETE,COMPLETE,COMPLETE,COMPLETE,COMPLETE,NOT_RUN,NOT_RUN,NOT_RUN
251,inner_2,True,False,COMPLETE,COMPLETE,COMPLETE,COMPLETE,COMPLETE,COMPLETE,NOT_RUN,NOT_RUN,NOT_RUN
251,inner_3,True,False,COMPLETE,COMPLETE,COMPLETE,COMPLETE,COMPLETE,COMPLETE,NOT_RUN,NOT_RUN,NOT_RUN
252,outer_train,True,True,COMPLETE,COMPLETE,COMPLETE,COMPLETE,COMPLETE,COMPLETE,COMPLETE,COMPLETE,COMPLETE
252,inner_1,True,False,COMPLETE,COMPLETE,COMPLETE,COMPLETE,COMPLETE,COMPLETE,NOT_RUN,NOT_RUN,NOT_RUN
252,inner_2,True,False,COMPLETE,COMPLETE,COMPLETE,COMPLETE,COMPLETE,COMPLETE,NOT_RUN,NOT_RUN,NOT_RUN
252,inner_3,True,False,COMPLETE,COMPLETE,COMPLETE,COMPLETE,COMPLETE,COMPLETE,NOT_RUN,NOT_RUN,NOT_RUN
253,outer_train,True,True,COMPLETE,COMPLETE,COMPLETE,COMPLETE,COMPLETE,COMPLETE,COMPLETE,COMPLETE,COMPLETE
253,inner_1,True,False,COMPLETE,COMPLETE,COMPLETE,COMPLETE,COMPLETE,COMPLETE,NOT_RUN,NOT_RUN,NOT_RUN
253,inner_2,True,False,COMPLETE,COMPLETE,COMPLETE,COMPLETE,COMPLETE,COMPLETE,NOT_RUN,NOT_RUN,NOT_RUN
253,inner_3,True,False,COMPLETE,COMPLETE,COMPLETE,COMPLETE,COMPLETE,COMPLETE,NOT_RUN,NOT_RUN,NOT_RUN
254,outer_train,True,True,COMPLETE,COMPLETE,COMPLETE,COMPLETE,COMPLETE,COMPLETE,COMPLETE,COMPLETE,COMPLETE
254,inner_1,True,False,COMPLETE,COMPLETE,COMPLETE,COMPLETE,COMPLETE,COMPLETE,NOT_RUN,NOT_RUN,NOT_RUN
254,inner_2,True,False,COMPLETE,COMPLETE,COMPLETE,COMPLETE,COMPLETE,COMPLETE,NOT_RUN,NOT_RUN,NOT_RUN
254,inner_3,True,False,COMPLETE,COMPLETE,COMPLETE,COMPLETE,COMPLETE,COMPLETE,NOT_RUN,NOT_RUN,NOT_RUN
255,outer_train,True,True,COMPLETE,COMPLETE,COMPLETE,COMPLETE,COMPLETE,COMPLETE,COMPLETE,COMPLETE,COMPLETE
255,inner_1,True,False,COMPLETE,COMPLETE,COMPLETE,COMPLETE,COMPLETE,COMPLETE,NOT_RUN,NOT_RUN,NOT_RUN
255,inner_2,True,False,COMPLETE,COMPLETE,COMPLETE,COMPLETE,COMPLETE,COMPLETE,NOT_RUN,NOT_RUN,NOT_RUN
255,inner_3,True,False,COMPLETE,COMPLETE,COMPLETE,COMPLETE,COMPLETE,COMPLETE,NOT_RUN,NOT_RUN,NOT_RUN
256,outer_train,True,True,COMPLETE,COMPLETE,COMPLETE,COMPLETE,COMPLETE,COMPLETE,COMPLETE,COMPLETE,COMPLETE
256,inner_1,True,False,COMPLETE,COMPLETE,COMPLETE,COMPLETE,COMPLETE,COMPLETE,NOT_RUN,NOT_RUN,NOT_RUN
256,inner_2,True,False,COMPLETE,COMPLETE,COMPLETE,COMPLETE,COMPLETE,COMPLETE,NOT_RUN,NOT_RUN,NOT_RUN
256,inner_3,True,False,COMPLETE,COMPLETE,COMPLETE,COMPLETE,COMPLETE,COMPLETE,NOT_RUN,NOT_RUN,NOT_RUN
257,outer_train,True,True,COMPLETE,COMPLETE,COMPLETE,COMPLETE,COMPLETE,COMPLETE,COMPLETE,COMPLETE,COMPLETE
257,inner_1,True,False,COMPLETE,COMPLETE,COMPLETE,COMPLETE,COMPLETE,COMPLETE,NOT_RUN,NOT_RUN,NOT_RUN
257,inner_2,True,False,COMPLETE,COMPLETE,COMPLETE,COMPLETE,COMPLETE,COMPLETE,NOT_RUN,NOT_RUN,NOT_RUN
257,inner_3,True,False,COMPLETE,COMPLETE,COMPLETE,COMPLETE,COMPLETE,COMPLETE,NOT_RUN,NOT_RUN,NOT_RUN
258,outer_train,True,True,COMPLETE,COMPLETE,COMPLETE,COMPLETE,COMPLETE,COMPLETE,COMPLETE,COMPLETE,COMPLETE
258,inner_1,True,False,COMPLETE,COMPLETE,COMPLETE,COMPLETE,COMPLETE,COMPLETE,NOT_RUN,NOT_RUN,NOT_RUN
258,inner_2,True,False,COMPLETE,COMPLETE,COMPLETE,COMPLETE,COMPLETE,COMPLETE,NOT_RUN,NOT_RUN,NOT_RUN
258,inner_3,True,False,COMPLETE,COMPLETE,COMPLETE,COMPLETE,COMPLETE,COMPLETE,NOT_RUN,NOT_RUN,NOT_RUN
259,outer_train,True,True,COMPLETE,COMPLETE,COMPLETE,COMPLETE,COMPLETE,COMPLETE,COMPLETE,COMPLETE,COMPLETE
259,inner_1,True,False,COMPLETE,COMPLETE,COMPLETE,COMPLETE,COMPLETE,COMPLETE,NOT_RUN,NOT_RUN,NOT_RUN
259,inner_2,True,False,COMPLETE,COMPLETE,COMPLETE,COMPLETE,COMPLETE,COMPLETE,NOT_RUN,NOT_RUN,NOT_RUN
259,inner_3,True,False,COMPLETE,COMPLETE,COMPLETE,COMPLETE,COMPLETE,COMPLETE,NOT_RUN,NOT_RUN,NOT_RUN
260,outer_train,True,True,COMPLETE,COMPLETE,COMPLETE,COMPLETE,COMPLETE,COMPLETE,COMPLETE,COMPLETE,COMPLETE
260,inner_1,True,False,COMPLETE,COMPLETE,COMPLETE,COMPLETE,COMPLETE,COMPLETE,NOT_RUN,NOT_RUN,NOT_RUN
260,inner_2,True,False,COMPLETE,COMPLETE,COMPLETE,COMPLETE,COMPLETE,COMPLETE,NOT_RUN,NOT_RUN,NOT_RUN
260,inner_3,True,False,COMPLETE,COMPLETE,COMPLETE,COMPLETE,COMPLETE,COMPLETE,NOT_RUN,NOT_RUN,NOT_RUN
261,outer_train,True,True,COMPLETE,COMPLETE,COMPLETE,COMPLETE,COMPLETE,COMPLETE,COMPLETE,COMPLETE,COMPLETE
261,inner_1,True,False,COMPLETE,COMPLETE,COMPLETE,COMPLETE,COMPLETE,COMPLETE,NOT_RUN,NOT_RUN,NOT_RUN
261,inner_2,True,False,COMPLETE,COMPLETE,COMPLETE,COMPLETE,COMPLETE,COMPLETE,NOT_RUN,NOT_RUN,NOT_RUN
261,inner_3,True,False,COMPLETE,COMPLETE,COMPLETE,COMPLETE,COMPLETE,COMPLETE,NOT_RUN,NOT_RUN,NOT_RUN
262,outer_train,True,True,COMPLETE,COMPLETE,COMPLETE,COMPLETE,COMPLETE,COMPLETE,COMPLETE,COMPLETE,COMPLETE
262,inner_1,True,False,COMPLETE,COMPLETE,COMPLETE,COMPLETE,COMPLETE,COMPLETE,NOT_RUN,NOT_RUN,NOT_RUN
262,inner_2,True,False,COMPLETE,COMPLETE,COMPLETE,COMPLETE,COMPLETE,COMPLETE,NOT_RUN,NOT_RUN,NOT_RUN
262,inner_3,True,False,COMPLETE,COMPLETE,COMPLETE,COMPLETE,COMPLETE,COMPLETE,NOT_RUN,NOT_RUN,NOT_RUN
263,outer_train,True,True,COMPLETE,COMPLETE,COMPLETE,COMPLETE,COMPLETE,COMPLETE,COMPLETE,COMPLETE,COMPLETE
263,inner_1,True,False,COMPLETE,COMPLETE,COMPLETE,COMPLETE,COMPLETE,COMPLETE,NOT_RUN,NOT_RUN,NOT_RUN
263,inner_2,True,False,COMPLETE,COMPLETE,COMPLETE,COMPLETE,COMPLETE,COMPLETE,NOT_RUN,NOT_RUN,NOT_RUN
263,inner_3,True,False,COMPLETE,COMPLETE,COMPLETE,COMPLETE,COMPLETE,COMPLETE,NOT_RUN,NOT_RUN,NOT_RUN
264,outer_train,True,True,COMPLETE,COMPLETE,COMPLETE,COMPLETE,COMPLETE,COMPLETE,COMPLETE,COMPLETE,COMPLETE
264,inner_1,True,False,COMPLETE,COMPLETE,COMPLETE,COMPLETE,COMPLETE,COMPLETE,NOT_RUN,NOT_RUN,NOT_RUN
264,inner_2,True,False,COMPLETE,COMPLETE,COMPLETE,COMPLETE,COMPLETE,COMPLETE,NOT_RUN,NOT_RUN,NOT_RUN
264,inner_3,True,False,COMPLETE,COMPLETE,COMPLETE,COMPLETE,COMPLETE,COMPLETE,NOT_RUN,NOT_RUN,NOT_RUN
265,outer_train,True,True,COMPLETE,COMPLETE,COMPLETE,COMPLETE,COMPLETE,COMPLETE,COMPLETE,COMPLETE,COMPLETE
265,inner_1,True,False,COMPLETE,COMPLETE,COMPLETE,COMPLETE,COMPLETE,COMPLETE,NOT_RUN,NOT_RUN,NOT_RUN
265,inner_2,True,False,COMPLETE,COMPLETE,COMPLETE,COMPLETE,COMPLETE,COMPLETE,NOT_RUN,NOT_RUN,NOT_RUN
265,inner_3,True,False,COMPLETE,COMPLETE,COMPLETE,COMPLETE,COMPLETE,COMPLETE,NOT_RUN,NOT_RUN,NOT_RUN
266,outer_train,True,True,COMPLETE,COMPLETE,COMPLETE,COMPLETE,COMPLETE,COMPLETE,COMPLETE,COMPLETE,COMPLETE
266,inner_1,True,False,COMPLETE,COMPLETE,COMPLETE,COMPLETE,COMPLETE,COMPLETE,NOT_RUN,NOT_RUN,NOT_RUN
266,inner_2,True,False,COMPLETE,COMPLETE,COMPLETE,COMPLETE,COMPLETE,COMPLETE,NOT_RUN,NOT_RUN,NOT_RUN
266,inner_3,True,False,COMPLETE,COMPLETE,COMPLETE,COMPLETE,COMPLETE,COMPLETE,NOT_RUN,NOT_RUN,NOT_RUN
267,outer_train,True,True,COMPLETE,COMPLETE,COMPLETE,COMPLETE,COMPLETE,COMPLETE,COMPLETE,COMPLETE,COMPLETE
267,inner_1,True,False,COMPLETE,COMPLETE,COMPLETE,COMPLETE,COMPLETE,COMPLETE,NOT_RUN,NOT_RUN,NOT_RUN
267,inner_2,True,False,COMPLETE,COMPLETE,COMPLETE,COMPLETE,COMPLETE,COMPLETE,NOT_RUN,NOT_RUN,NOT_RUN
267,inner_3,True,False,COMPLETE,COMPLETE,COMPLETE,COMPLETE,COMPLETE,COMPLETE,NOT_RUN,NOT_RUN,NOT_RUN
268,outer_train,True,True,COMPLETE,COMPLETE,COMPLETE,COMPLETE,COMPLETE,COMPLETE,COMPLETE,COMPLETE,COMPLETE
268,inner_1,True,False,COMPLETE,COMPLETE,COMPLETE,COMPLETE,COMPLETE,COMPLETE,NOT_RUN,NOT_RUN,NOT_RUN
268,inner_2,True,False,COMPLETE,COMPLETE,COMPLETE,COMPLETE,COMPLETE,COMPLETE,NOT_RUN,NOT_RUN,NOT_RUN
268,inner_3,True,False,COMPLETE,COMPLETE,COMPLETE,COMPLETE,COMPLETE,COMPLETE,NOT_RUN,NOT_RUN,NOT_RUN
269,outer_train,True,True,COMPLETE,COMPLETE,COMPLETE,COMPLETE,COMPLETE,COMPLETE,COMPLETE,COMPLETE,COMPLETE
269,inner_1,True,False,COMPLETE,COMPLETE,COMPLETE,COMPLETE,COMPLETE,COMPLETE,NOT_RUN,NOT_RUN,NOT_RUN
269,inner_2,True,False,COMPLETE,COMPLETE,COMPLETE,COMPLETE,COMPLETE,COMPLETE,NOT_RUN,NOT_RUN,NOT_RUN
269,inner_3,True,False,COMPLETE,COMPLETE,COMPLETE,COMPLETE,COMPLETE,COMPLETE,NOT_RUN,NOT_RUN,NOT_RUN
270,outer_train,True,True,COMPLETE,COMPLETE,COMPLETE,COMPLETE,COMPLETE,COMPLETE,COMPLETE,COMPLETE,COMPLETE
270,inner_1,True,False,COMPLETE,COMPLETE,COMPLETE,COMPLETE,COMPLETE,COMPLETE,NOT_RUN,NOT_RUN,NOT_RUN
270,inner_2,True,False,COMPLETE,COMPLETE,COMPLETE,COMPLETE,COMPLETE,COMPLETE,NOT_RUN,NOT_RUN,NOT_RUN
270,inner_3,True,False,COMPLETE,COMPLETE,COMPLETE,COMPLETE,COMPLETE,COMPLETE,NOT_RUN,NOT_RUN,NOT_RUN
271,outer_train,True,True,COMPLETE,COMPLETE,COMPLETE,COMPLETE,COMPLETE,COMPLETE,COMPLETE,COMPLETE,COMPLETE
271,inner_1,True,False,COMPLETE,COMPLETE,COMPLETE,COMPLETE,COMPLETE,COMPLETE,NOT_RUN,NOT_RUN,NOT_RUN
271,inner_2,True,False,COMPLETE,COMPLETE,COMPLETE,COMPLETE,COMPLETE,COMPLETE,NOT_RUN,NOT_RUN,NOT_RUN
271,inner_3,True,False,COMPLETE,COMPLETE,COMPLETE,COMPLETE,COMPLETE,COMPLETE,NOT_RUN,NOT_RUN,NOT_RUN
272,outer_train,True,True,COMPLETE,COMPLETE,COMPLETE,COMPLETE,COMPLETE,COMPLETE,COMPLETE,COMPLETE,COMPLETE
272,inner_1,True,False,COMPLETE,COMPLETE,COMPLETE,COMPLETE,COMPLETE,COMPLETE,NOT_RUN,NOT_RUN,NOT_RUN
272,inner_2,True,False,COMPLETE,COMPLETE,COMPLETE,COMPLETE,COMPLETE,COMPLETE,NOT_RUN,NOT_RUN,NOT_RUN
272,inner_3,True,False,COMPLETE,COMPLETE,COMPLETE,COMPLETE,COMPLETE,COMPLETE,NOT_RUN,NOT_RUN,NOT_RUN
273,outer_train,True,True,COMPLETE,COMPLETE,COMPLETE,COMPLETE,COMPLETE,COMPLETE,COMPLETE,COMPLETE,COMPLETE
273,inner_1,True,False,COMPLETE,COMPLETE,COMPLETE,COMPLETE,COMPLETE,COMPLETE,NOT_RUN,NOT_RUN,NOT_RUN
273,inner_2,True,False,COMPLETE,COMPLETE,COMPLETE,COMPLETE,COMPLETE,COMPLETE,NOT_RUN,NOT_RUN,NOT_RUN
273,inner_3,True,False,COMPLETE,COMPLETE,COMPLETE,COMPLETE,COMPLETE,COMPLETE,NOT_RUN,NOT_RUN,NOT_RUN
274,outer_train,True,True,COMPLETE,COMPLETE,COMPLETE,COMPLETE,COMPLETE,COMPLETE,COMPLETE,COMPLETE,COMPLETE
274,inner_1,True,False,COMPLETE,COMPLETE,COMPLETE,COMPLETE,COMPLETE,COMPLETE,NOT_RUN,NOT_RUN,NOT_RUN
274,inner_2,True,False,COMPLETE,COMPLETE,COMPLETE,COMPLETE,COMPLETE,COMPLETE,NOT_RUN,NOT_RUN,NOT_RUN
274,inner_3,True,False,COMPLETE,COMPLETE,COMPLETE,COMPLETE,COMPLETE,COMPLETE,NOT_RUN,NOT_RUN,NOT_RUN
275,outer_train,True,True,COMPLETE,COMPLETE,COMPLETE,COMPLETE,COMPLETE,COMPLETE,COMPLETE,COMPLETE,COMPLETE
275,inner_1,True,False,COMPLETE,COMPLETE,COMPLETE,COMPLETE,COMPLETE,COMPLETE,NOT_RUN,NOT_RUN,NOT_RUN
275,inner_2,True,False,COMPLETE,COMPLETE,COMPLETE,COMPLETE,COMPLETE,COMPLETE,NOT_RUN,NOT_RUN,NOT_RUN
275,inner_3,True,False,COMPLETE,COMPLETE,COMPLETE,COMPLETE,COMPLETE,COMPLETE,NOT_RUN,NOT_RUN,NOT_RUN
276,outer_train,True,True,COMPLETE,COMPLETE,COMPLETE,COMPLETE,COMPLETE,COMPLETE,COMPLETE,COMPLETE,COMPLETE
276,inner_1,True,False,COMPLETE,COMPLETE,COMPLETE,COMPLETE,COMPLETE,COMPLETE,NOT_RUN,NOT_RUN,NOT_RUN
276,inner_2,True,False,COMPLETE,COMPLETE,COMPLETE,COMPLETE,COMPLETE,COMPLETE,NOT_RUN,NOT_RUN,NOT_RUN
276,inner_3,True,False,COMPLETE,COMPLETE,COMPLETE,COMPLETE,COMPLETE,COMPLETE,NOT_RUN,NOT_RUN,NOT_RUN
277,outer_train,True,True,COMPLETE,COMPLETE,COMPLETE,COMPLETE,COMPLETE,COMPLETE,COMPLETE,COMPLETE,COMPLETE
277,inner_1,True,False,COMPLETE,COMPLETE,COMPLETE,COMPLETE,COMPLETE,COMPLETE,NOT_RUN,NOT_RUN,NOT_RUN
277,inner_2,True,False,COMPLETE,COMPLETE,COMPLETE,COMPLETE,COMPLETE,COMPLETE,NOT_RUN,NOT_RUN,NOT_RUN
277,inner_3,True,False,COMPLETE,COMPLETE,COMPLETE,COMPLETE,COMPLETE,COMPLETE,NOT_RUN,NOT_RUN,NOT_RUN
278,outer_train,True,True,COMPLETE,COMPLETE,COMPLETE,COMPLETE,COMPLETE,COMPLETE,COMPLETE,COMPLETE,COMPLETE
278,inner_1,True,False,COMPLETE,COMPLETE,COMPLETE,COMPLETE,COMPLETE,COMPLETE,NOT_RUN,NOT_RUN,NOT_RUN
278,inner_2,True,False,COMPLETE,COMPLETE,COMPLETE,COMPLETE,COMPLETE,COMPLETE,NOT_RUN,NOT_RUN,NOT_RUN
278,inner_3,True,False,COMPLETE,COMPLETE,COMPLETE,COMPLETE,COMPLETE,COMPLETE,NOT_RUN,NOT_RUN,NOT_RUN
279,outer_train,True,True,COMPLETE,COMPLETE,COMPLETE,COMPLETE,COMPLETE,COMPLETE,COMPLETE,COMPLETE,COMPLETE
279,inner_1,True,False,COMPLETE,COMPLETE,COMPLETE,COMPLETE,COMPLETE,COMPLETE,NOT_RUN,NOT_RUN,NOT_RUN
279,inner_2,True,False,COMPLETE,COMPLETE,COMPLETE,COMPLETE,COMPLETE,COMPLETE,NOT_RUN,NOT_RUN,NOT_RUN
279,inner_3,True,False,COMPLETE,COMPLETE,COMPLETE,COMPLETE,COMPLETE,COMPLETE,NOT_RUN,NOT_RUN,NOT_RUN
280,outer_train,True,True,COMPLETE,COMPLETE,COMPLETE,COMPLETE,COMPLETE,COMPLETE,COMPLETE,COMPLETE,COMPLETE
280,inner_1,True,False,COMPLETE,COMPLETE,COMPLETE,COMPLETE,COMPLETE,COMPLETE,NOT_RUN,NOT_RUN,NOT_RUN
280,inner_2,True,False,COMPLETE,COMPLETE,COMPLETE,COMPLETE,COMPLETE,COMPLETE,NOT_RUN,NOT_RUN,NOT_RUN
280,inner_3,True,False,COMPLETE,COMPLETE,COMPLETE,COMPLETE,COMPLETE,COMPLETE,NOT_RUN,NOT_RUN,NOT_RUN
281,outer_train,True,True,COMPLETE,COMPLETE,COMPLETE,COMPLETE,COMPLETE,COMPLETE,COMPLETE,COMPLETE,COMPLETE
281,inner_1,True,False,COMPLETE,COMPLETE,COMPLETE,COMPLETE,COMPLETE,COMPLETE,NOT_RUN,NOT_RUN,NOT_RUN
281,inner_2,True,False,COMPLETE,COMPLETE,COMPLETE,COMPLETE,COMPLETE,COMPLETE,NOT_RUN,NOT_RUN,NOT_RUN
281,inner_3,True,False,COMPLETE,COMPLETE,COMPLETE,COMPLETE,COMPLETE,COMPLETE,NOT_RUN,NOT_RUN,NOT_RUN
282,outer_train,True,True,COMPLETE,COMPLETE,COMPLETE,COMPLETE,COMPLETE,COMPLETE,COMPLETE,COMPLETE,COMPLETE
282,inner_1,True,False,COMPLETE,COMPLETE,COMPLETE,COMPLETE,COMPLETE,COMPLETE,NOT_RUN,NOT_RUN,NOT_RUN
282,inner_2,True,False,COMPLETE,COMPLETE,COMPLETE,COMPLETE,COMPLETE,COMPLETE,NOT_RUN,NOT_RUN,NOT_RUN
282,inner_3,True,False,COMPLETE,COMPLETE,COMPLETE,COMPLETE,COMPLETE,COMPLETE,NOT_RUN,NOT_RUN,NOT_RUN
283,outer_train,True,True,COMPLETE,COMPLETE,COMPLETE,COMPLETE,COMPLETE,COMPLETE,COMPLETE,COMPLETE,COMPLETE
283,inner_1,True,False,COMPLETE,COMPLETE,COMPLETE,COMPLETE,COMPLETE,COMPLETE,NOT_RUN,NOT_RUN,NOT_RUN
283,inner_2,True,False,COMPLETE,COMPLETE,COMPLETE,COMPLETE,COMPLETE,COMPLETE,NOT_RUN,NOT_RUN,NOT_RUN
283,inner_3,True,False,COMPLETE,COMPLETE,COMPLETE,COMPLETE,COMPLETE,COMPLETE,NOT_RUN,NOT_RUN,NOT_RUN
284,outer_train,True,True,COMPLETE,COMPLETE,COMPLETE,COMPLETE,COMPLETE,COMPLETE,COMPLETE,COMPLETE,COMPLETE
284,inner_1,True,False,COMPLETE,COMPLETE,COMPLETE,COMPLETE,COMPLETE,COMPLETE,NOT_RUN,NOT_RUN,NOT_RUN
284,inner_2,True,False,COMPLETE,COMPLETE,COMPLETE,COMPLETE,COMPLETE,COMPLETE,NOT_RUN,NOT_RUN,NOT_RUN
284,inner_3,True,False,COMPLETE,COMPLETE,COMPLETE,COMPLETE,COMPLETE,COMPLETE,NOT_RUN,NOT_RUN,NOT_RUN
285,outer_train,True,True,COMPLETE,COMPLETE,COMPLETE,COMPLETE,COMPLETE,COMPLETE,COMPLETE,COMPLETE,COMPLETE
285,inner_1,True,False,COMPLETE,COMPLETE,COMPLETE,COMPLETE,COMPLETE,COMPLETE,NOT_RUN,NOT_RUN,NOT_RUN
285,inner_2,True,False,COMPLETE,COMPLETE,COMPLETE,COMPLETE,COMPLETE,COMPLETE,NOT_RUN,NOT_RUN,NOT_RUN
285,inner_3,True,False,COMPLETE,COMPLETE,COMPLETE,COMPLETE,COMPLETE,COMPLETE,NOT_RUN,NOT_RUN,NOT_RUN
286,outer_train,True,True,COMPLETE,COMPLETE,COMPLETE,COMPLETE,COMPLETE,COMPLETE,COMPLETE,COMPLETE,COMPLETE
286,inner_1,True,False,COMPLETE,COMPLETE,COMPLETE,COMPLETE,COMPLETE,COMPLETE,NOT_RUN,NOT_RUN,NOT_RUN
286,inner_2,True,False,COMPLETE,COMPLETE,COMPLETE,COMPLETE,COMPLETE,COMPLETE,NOT_RUN,NOT_RUN,NOT_RUN
286,inner_3,True,False,COMPLETE,COMPLETE,COMPLETE,COMPLETE,COMPLETE,COMPLETE,NOT_RUN,NOT_RUN,NOT_RUN
287,outer_train,True,True,COMPLETE,COMPLETE,COMPLETE,COMPLETE,COMPLETE,COMPLETE,COMPLETE,COMPLETE,COMPLETE
287,inner_1,True,False,COMPLETE,COMPLETE,COMPLETE,COMPLETE,COMPLETE,COMPLETE,NOT_RUN,NOT_RUN,NOT_RUN
287,inner_2,True,False,COMPLETE,COMPLETE,COMPLETE,COMPLETE,COMPLETE,COMPLETE,NOT_RUN,NOT_RUN,NOT_RUN
287,inner_3,True,False,COMPLETE,COMPLETE,COMPLETE,COMPLETE,COMPLETE,COMPLETE,NOT_RUN,NOT_RUN,NOT_RUN
288,outer_train,True,True,COMPLETE,COMPLETE,COMPLETE,COMPLETE,COMPLETE,COMPLETE,COMPLETE,COMPLETE,COMPLETE
288,inner_1,True,False,COMPLETE,COMPLETE,COMPLETE,COMPLETE,COMPLETE,COMPLETE,NOT_RUN,NOT_RUN,NOT_RUN
288,inner_2,True,False,COMPLETE,COMPLETE,COMPLETE,COMPLETE,COMPLETE,COMPLETE,NOT_RUN,NOT_RUN,NOT_RUN
288,inner_3,True,False,COMPLETE,COMPLETE,COMPLETE,COMPLETE,COMPLETE,COMPLETE,NOT_RUN,NOT_RUN,NOT_RUN
289,outer_train,True,True,COMPLETE,COMPLETE,COMPLETE,COMPLETE,COMPLETE,COMPLETE,COMPLETE,COMPLETE,COMPLETE
289,inner_1,True,False,COMPLETE,COMPLETE,COMPLETE,COMPLETE,COMPLETE,COMPLETE,NOT_RUN,NOT_RUN,NOT_RUN
289,inner_2,True,False,COMPLETE,COMPLETE,COMPLETE,COMPLETE,COMPLETE,COMPLETE,NOT_RUN,NOT_RUN,NOT_RUN
289,inner_3,True,False,COMPLETE,COMPLETE,COMPLETE,COMPLETE,COMPLETE,COMPLETE,NOT_RUN,NOT_RUN,NOT_RUN
290,outer_train,True,True,COMPLETE,COMPLETE,COMPLETE,COMPLETE,COMPLETE,COMPLETE,COMPLETE,COMPLETE,COMPLETE
290,inner_1,True,False,COMPLETE,COMPLETE,COMPLETE,COMPLETE,COMPLETE,COMPLETE,NOT_RUN,NOT_RUN,NOT_RUN
290,inner_2,True,False,COMPLETE,COMPLETE,COMPLETE,COMPLETE,COMPLETE,COMPLETE,NOT_RUN,NOT_RUN,NOT_RUN
290,inner_3,True,False,COMPLETE,COMPLETE,COMPLETE,COMPLETE,COMPLETE,COMPLETE,NOT_RUN,NOT_RUN,NOT_RUN
291,outer_train,True,True,COMPLETE,COMPLETE,COMPLETE,COMPLETE,COMPLETE,COMPLETE,COMPLETE,COMPLETE,COMPLETE
291,inner_1,True,False,COMPLETE,COMPLETE,COMPLETE,COMPLETE,COMPLETE,COMPLETE,NOT_RUN,NOT_RUN,NOT_RUN
291,inner_2,True,False,COMPLETE,COMPLETE,COMPLETE,COMPLETE,COMPLETE,COMPLETE,NOT_RUN,NOT_RUN,NOT_RUN
291,inner_3,True,False,COMPLETE,COMPLETE,COMPLETE,COMPLETE,COMPLETE,COMPLETE,NOT_RUN,NOT_RUN,NOT_RUN
292,outer_train,True,True,COMPLETE,COMPLETE,COMPLETE,COMPLETE,COMPLETE,COMPLETE,COMPLETE,COMPLETE,COMPLETE
292,inner_1,True,False,COMPLETE,COMPLETE,COMPLETE,COMPLETE,COMPLETE,COMPLETE,NOT_RUN,NOT_RUN,NOT_RUN
292,inner_2,True,False,COMPLETE,COMPLETE,COMPLETE,COMPLETE,COMPLETE,COMPLETE,NOT_RUN,NOT_RUN,NOT_RUN
292,inner_3,True,False,COMPLETE,COMPLETE,COMPLETE,COMPLETE,COMPLETE,COMPLETE,NOT_RUN,NOT_RUN,NOT_RUN
293,outer_train,True,True,COMPLETE,COMPLETE,COMPLETE,COMPLETE,COMPLETE,COMPLETE,COMPLETE,COMPLETE,COMPLETE
293,inner_1,True,False,COMPLETE,COMPLETE,COMPLETE,COMPLETE,COMPLETE,COMPLETE,NOT_RUN,NOT_RUN,NOT_RUN
293,inner_2,True,False,COMPLETE,COMPLETE,COMPLETE,COMPLETE,COMPLETE,COMPLETE,NOT_RUN,NOT_RUN,NOT_RUN
293,inner_3,True,False,COMPLETE,COMPLETE,COMPLETE,COMPLETE,COMPLETE,COMPLETE,NOT_RUN,NOT_RUN,NOT_RUN
294,outer_train,True,True,COMPLETE,COMPLETE,COMPLETE,COMPLETE,COMPLETE,COMPLETE,COMPLETE,COMPLETE,COMPLETE
294,inner_1,True,False,COMPLETE,COMPLETE,COMPLETE,COMPLETE,COMPLETE,COMPLETE,NOT_RUN,NOT_RUN,NOT_RUN
294,inner_2,True,False,COMPLETE,COMPLETE,COMPLETE,COMPLETE,COMPLETE,COMPLETE,NOT_RUN,NOT_RUN,NOT_RUN
294,inner_3,True,False,COMPLETE,COMPLETE,COMPLETE,COMPLETE,COMPLETE,COMPLETE,NOT_RUN,NOT_RUN,NOT_RUN
295,outer_train,True,True,COMPLETE,COMPLETE,COMPLETE,COMPLETE,COMPLETE,COMPLETE,COMPLETE,COMPLETE,COMPLETE
295,inner_1,True,False,COMPLETE,COMPLETE,COMPLETE,COMPLETE,COMPLETE,COMPLETE,NOT_RUN,NOT_RUN,NOT_RUN
295,inner_2,True,False,COMPLETE,COMPLETE,COMPLETE,COMPLETE,COMPLETE,COMPLETE,NOT_RUN,NOT_RUN,NOT_RUN
295,inner_3,True,False,COMPLETE,COMPLETE,COMPLETE,COMPLETE,COMPLETE,COMPLETE,NOT_RUN,NOT_RUN,NOT_RUN
296,outer_train,True,True,COMPLETE,COMPLETE,COMPLETE,COMPLETE,COMPLETE,COMPLETE,COMPLETE,COMPLETE,COMPLETE
296,inner_1,True,False,COMPLETE,COMPLETE,COMPLETE,COMPLETE,COMPLETE,COMPLETE,NOT_RUN,NOT_RUN,NOT_RUN
296,inner_2,True,False,COMPLETE,COMPLETE,COMPLETE,COMPLETE,COMPLETE,COMPLETE,NOT_RUN,NOT_RUN,NOT_RUN
296,inner_3,True,False,COMPLETE,COMPLETE,COMPLETE,COMPLETE,COMPLETE,COMPLETE,NOT_RUN,NOT_RUN,NOT_RUN
297,outer_train,True,True,COMPLETE,COMPLETE,COMPLETE,COMPLETE,COMPLETE,COMPLETE,COMPLETE,COMPLETE,COMPLETE
297,inner_1,True,False,COMPLETE,COMPLETE,COMPLETE,COMPLETE,COMPLETE,COMPLETE,NOT_RUN,NOT_RUN,NOT_RUN
297,inner_2,True,False,COMPLETE,COMPLETE,COMPLETE,COMPLETE,COMPLETE,COMPLETE,NOT_RUN,NOT_RUN,NOT_RUN
297,inner_3,True,False,COMPLETE,COMPLETE,COMPLETE,COMPLETE,COMPLETE,COMPLETE,NOT_RUN,NOT_RUN,NOT_RUN
298,outer_train,False,False,COMPLETE,PARTIAL,COMPLETE,COMPLETE,COMPLETE,COMPLETE,COMPLETE,COMPLETE,COMPLETE
298,inner_1,False,False,COMPLETE,PARTIAL,COMPLETE,COMPLETE,COMPLETE,COMPLETE,NOT_RUN,NOT_RUN,NOT_RUN
298,inner_2,False,False,COMPLETE,PARTIAL,COMPLETE,COMPLETE,COMPLETE,COMPLETE,NOT_RUN,NOT_RUN,NOT_RUN
298,inner_3,False,False,COMPLETE,PARTIAL,COMPLETE,COMPLETE,COMPLETE,COMPLETE,NOT_RUN,NOT_RUN,NOT_RUN
299,outer_train,True,True,COMPLETE,COMPLETE,COMPLETE,COMPLETE,COMPLETE,COMPLETE,COMPLETE,COMPLETE,COMPLETE
299,inner_1,True,False,COMPLETE,COMPLETE,COMPLETE,COMPLETE,COMPLETE,COMPLETE,NOT_RUN,NOT_RUN,NOT_RUN
299,inner_2,True,False,COMPLETE,COMPLETE,COMPLETE,COMPLETE,COMPLETE,COMPLETE,NOT_RUN,NOT_RUN,NOT_RUN
299,inner_3,True,False,COMPLETE,COMPLETE,COMPLETE,COMPLETE,COMPLETE,COMPLETE,NOT_RUN,NOT_RUN,NOT_RUN
300,outer_train,True,True,COMPLETE,COMPLETE,COMPLETE,COMPLETE,COMPLETE,COMPLETE,COMPLETE,COMPLETE,COMPLETE
300,inner_1,True,False,COMPLETE,COMPLETE,COMPLETE,COMPLETE,COMPLETE,COMPLETE,NOT_RUN,NOT_RUN,NOT_RUN
300,inner_2,True,False,COMPLETE,COMPLETE,COMPLETE,COMPLETE,COMPLETE,COMPLETE,NOT_RUN,NOT_RUN,NOT_RUN
300,inner_3,True,False,COMPLETE,COMPLETE,COMPLETE,COMPLETE,COMPLETE,COMPLETE,NOT_RUN,NOT_RUN,NOT_RUN
301,outer_train,True,True,COMPLETE,COMPLETE,COMPLETE,COMPLETE,COMPLETE,COMPLETE,COMPLETE,COMPLETE,COMPLETE
301,inner_1,True,False,COMPLETE,COMPLETE,COMPLETE,COMPLETE,COMPLETE,COMPLETE,NOT_RUN,NOT_RUN,NOT_RUN
301,inner_2,True,False,COMPLETE,COMPLETE,COMPLETE,COMPLETE,COMPLETE,COMPLETE,NOT_RUN,NOT_RUN,NOT_RUN
301,inner_3,True,False,COMPLETE,COMPLETE,COMPLETE,COMPLETE,COMPLETE,COMPLETE,NOT_RUN,NOT_RUN,NOT_RUN
302,outer_train,True,True,COMPLETE,COMPLETE,COMPLETE,COMPLETE,COMPLETE,COMPLETE,COMPLETE,COMPLETE,COMPLETE
302,inner_1,True,False,COMPLETE,COMPLETE,COMPLETE,COMPLETE,COMPLETE,COMPLETE,NOT_RUN,NOT_RUN,NOT_RUN
302,inner_2,True,False,COMPLETE,COMPLETE,COMPLETE,COMPLETE,COMPLETE,COMPLETE,NOT_RUN,NOT_RUN,NOT_RUN
302,inner_3,True,False,COMPLETE,COMPLETE,COMPLETE,COMPLETE,COMPLETE,COMPLETE,NOT_RUN,NOT_RUN,NOT_RUN
303,outer_train,True,True,COMPLETE,COMPLETE,COMPLETE,COMPLETE,COMPLETE,COMPLETE,COMPLETE,COMPLETE,COMPLETE
303,inner_1,True,False,COMPLETE,COMPLETE,COMPLETE,COMPLETE,COMPLETE,COMPLETE,NOT_RUN,NOT_RUN,NOT_RUN
303,inner_2,True,False,COMPLETE,COMPLETE,COMPLETE,COMPLETE,COMPLETE,COMPLETE,NOT_RUN,NOT_RUN,NOT_RUN
303,inner_3,True,False,COMPLETE,COMPLETE,COMPLETE,COMPLETE,COMPLETE,COMPLETE,NOT_RUN,NOT_RUN,NOT_RUN
304,outer_train,True,True,COMPLETE,COMPLETE,COMPLETE,COMPLETE,COMPLETE,COMPLETE,COMPLETE,COMPLETE,COMPLETE
304,inner_1,True,False,COMPLETE,COMPLETE,COMPLETE,COMPLETE,COMPLETE,COMPLETE,NOT_RUN,NOT_RUN,NOT_RUN
304,inner_2,True,False,COMPLETE,COMPLETE,COMPLETE,COMPLETE,COMPLETE,COMPLETE,NOT_RUN,NOT_RUN,NOT_RUN
304,inner_3,True,False,COMPLETE,COMPLETE,COMPLETE,COMPLETE,COMPLETE,COMPLETE,NOT_RUN,NOT_RUN,NOT_RUN
305,outer_train,True,True,COMPLETE,COMPLETE,COMPLETE,COMPLETE,COMPLETE,COMPLETE,COMPLETE,COMPLETE,COMPLETE
305,inner_1,True,False,COMPLETE,COMPLETE,COMPLETE,COMPLETE,COMPLETE,COMPLETE,NOT_RUN,NOT_RUN,NOT_RUN
305,inner_2,True,False,COMPLETE,COMPLETE,COMPLETE,COMPLETE,COMPLETE,COMPLETE,NOT_RUN,NOT_RUN,NOT_RUN
305,inner_3,True,False,COMPLETE,COMPLETE,COMPLETE,COMPLETE,COMPLETE,COMPLETE,NOT_RUN,NOT_RUN,NOT_RUN
306,outer_train,True,True,COMPLETE,COMPLETE,COMPLETE,COMPLETE,COMPLETE,COMPLETE,COMPLETE,COMPLETE,COMPLETE
306,inner_1,True,False,COMPLETE,COMPLETE,COMPLETE,COMPLETE,COMPLETE,COMPLETE,NOT_RUN,NOT_RUN,NOT_RUN
306,inner_2,True,False,COMPLETE,COMPLETE,COMPLETE,COMPLETE,COMPLETE,COMPLETE,NOT_RUN,NOT_RUN,NOT_RUN
306,inner_3,True,False,COMPLETE,COMPLETE,COMPLETE,COMPLETE,COMPLETE,COMPLETE,NOT_RUN,NOT_RUN,NOT_RUN
307,outer_train,True,True,COMPLETE,COMPLETE,COMPLETE,COMPLETE,COMPLETE,COMPLETE,COMPLETE,COMPLETE,COMPLETE
307,inner_1,True,False,COMPLETE,COMPLETE,COMPLETE,COMPLETE,COMPLETE,COMPLETE,NOT_RUN,NOT_RUN,NOT_RUN
307,inner_2,True,False,COMPLETE,COMPLETE,COMPLETE,COMPLETE,COMPLETE,COMPLETE,NOT_RUN,NOT_RUN,NOT_RUN
307,inner_3,True,False,COMPLETE,COMPLETE,COMPLETE,COMPLETE,COMPLETE,COMPLETE,NOT_RUN,NOT_RUN,NOT_RUN
308,outer_train,True,True,COMPLETE,COMPLETE,COMPLETE,COMPLETE,COMPLETE,COMPLETE,COMPLETE,COMPLETE,COMPLETE
308,inner_1,True,False,COMPLETE,COMPLETE,COMPLETE,COMPLETE,COMPLETE,COMPLETE,NOT_RUN,NOT_RUN,NOT_RUN
308,inner_2,True,False,COMPLETE,COMPLETE,COMPLETE,COMPLETE,COMPLETE,COMPLETE,NOT_RUN,NOT_RUN,NOT_RUN
308,inner_3,True,False,COMPLETE,COMPLETE,COMPLETE,COMPLETE,COMPLETE,COMPLETE,NOT_RUN,NOT_RUN,NOT_RUN
309,outer_train,True,True,COMPLETE,COMPLETE,COMPLETE,COMPLETE,COMPLETE,COMPLETE,COMPLETE,COMPLETE,COMPLETE
309,inner_1,True,False,COMPLETE,COMPLETE,COMPLETE,COMPLETE,COMPLETE,COMPLETE,NOT_RUN,NOT_RUN,NOT_RUN
309,inner_2,True,False,COMPLETE,COMPLETE,COMPLETE,COMPLETE,COMPLETE,COMPLETE,NOT_RUN,NOT_RUN,NOT_RUN
309,inner_3,True,False,COMPLETE,COMPLETE,COMPLETE,COMPLETE,COMPLETE,COMPLETE,NOT_RUN,NOT_RUN,NOT_RUN
310,outer_train,True,True,COMPLETE,COMPLETE,COMPLETE,COMPLETE,COMPLETE,COMPLETE,COMPLETE,COMPLETE,COMPLETE
310,inner_1,True,False,COMPLETE,COMPLETE,COMPLETE,COMPLETE,COMPLETE,COMPLETE,NOT_RUN,NOT_RUN,NOT_RUN
310,inner_2,True,False,COMPLETE,COMPLETE,COMPLETE,COMPLETE,COMPLETE,COMPLETE,NOT_RUN,NOT_RUN,NOT_RUN
310,inner_3,True,False,COMPLETE,COMPLETE,COMPLETE,COMPLETE,COMPLETE,COMPLETE,NOT_RUN,NOT_RUN,NOT_RUN
311,outer_train,True,True,COMPLETE,COMPLETE,COMPLETE,COMPLETE,COMPLETE,COMPLETE,COMPLETE,COMPLETE,COMPLETE
311,inner_1,True,False,COMPLETE,COMPLETE,COMPLETE,COMPLETE,COMPLETE,COMPLETE,NOT_RUN,NOT_RUN,NOT_RUN
311,inner_2,True,False,COMPLETE,COMPLETE,COMPLETE,COMPLETE,COMPLETE,COMPLETE,NOT_RUN,NOT_RUN,NOT_RUN
311,inner_3,True,False,COMPLETE,COMPLETE,COMPLETE,COMPLETE,COMPLETE,COMPLETE,NOT_RUN,NOT_RUN,NOT_RUN
312,outer_train,True,True,COMPLETE,COMPLETE,COMPLETE,COMPLETE,COMPLETE,COMPLETE,COMPLETE,COMPLETE,COMPLETE
312,inner_1,True,False,COMPLETE,COMPLETE,COMPLETE,COMPLETE,COMPLETE,COMPLETE,NOT_RUN,NOT_RUN,NOT_RUN
312,inner_2,True,False,COMPLETE,COMPLETE,COMPLETE,COMPLETE,COMPLETE,COMPLETE,NOT_RUN,NOT_RUN,NOT_RUN
312,inner_3,True,False,COMPLETE,COMPLETE,COMPLETE,COMPLETE,COMPLETE,COMPLETE,NOT_RUN,NOT_RUN,NOT_RUN
313,outer_train,True,True,COMPLETE,COMPLETE,COMPLETE,COMPLETE,COMPLETE,COMPLETE,COMPLETE,COMPLETE,COMPLETE
313,inner_1,True,False,COMPLETE,COMPLETE,COMPLETE,COMPLETE,COMPLETE,COMPLETE,NOT_RUN,NOT_RUN,NOT_RUN
313,inner_2,True,False,COMPLETE,COMPLETE,COMPLETE,COMPLETE,COMPLETE,COMPLETE,NOT_RUN,NOT_RUN,NOT_RUN
313,inner_3,True,False,COMPLETE,COMPLETE,COMPLETE,COMPLETE,COMPLETE,COMPLETE,NOT_RUN,NOT_RUN,NOT_RUN
314,outer_train,True,True,COMPLETE,COMPLETE,COMPLETE,COMPLETE,COMPLETE,COMPLETE,COMPLETE,COMPLETE,COMPLETE
314,inner_1,True,False,COMPLETE,COMPLETE,COMPLETE,COMPLETE,COMPLETE,COMPLETE,NOT_RUN,NOT_RUN,NOT_RUN
314,inner_2,True,False,COMPLETE,COMPLETE,COMPLETE,COMPLETE,COMPLETE,COMPLETE,NOT_RUN,NOT_RUN,NOT_RUN
314,inner_3,True,False,COMPLETE,COMPLETE,COMPLETE,COMPLETE,COMPLETE,COMPLETE,NOT_RUN,NOT_RUN,NOT_RUN
315,outer_train,True,True,COMPLETE,COMPLETE,COMPLETE,COMPLETE,COMPLETE,COMPLETE,COMPLETE,COMPLETE,COMPLETE
315,inner_1,True,False,COMPLETE,COMPLETE,COMPLETE,COMPLETE,COMPLETE,COMPLETE,NOT_RUN,NOT_RUN,NOT_RUN
315,inner_2,True,False,COMPLETE,COMPLETE,COMPLETE,COMPLETE,COMPLETE,COMPLETE,NOT_RUN,NOT_RUN,NOT_RUN
315,inner_3,True,False,COMPLETE,COMPLETE,COMPLETE,COMPLETE,COMPLETE,COMPLETE,NOT_RUN,NOT_RUN,NOT_RUN
316,outer_train,True,True,COMPLETE,COMPLETE,COMPLETE,COMPLETE,COMPLETE,COMPLETE,COMPLETE,COMPLETE,COMPLETE
316,inner_1,True,False,COMPLETE,COMPLETE,COMPLETE,COMPLETE,COMPLETE,COMPLETE,NOT_RUN,NOT_RUN,NOT_RUN
316,inner_2,True,False,COMPLETE,COMPLETE,COMPLETE,COMPLETE,COMPLETE,COMPLETE,NOT_RUN,NOT_RUN,NOT_RUN
316,inner_3,True,False,COMPLETE,COMPLETE,COMPLETE,COMPLETE,COMPLETE,COMPLETE,NOT_RUN,NOT_RUN,NOT_RUN
317,outer_train,True,True,COMPLETE,COMPLETE,COMPLETE,COMPLETE,COMPLETE,COMPLETE,COMPLETE,COMPLETE,COMPLETE
317,inner_1,True,False,COMPLETE,COMPLETE,COMPLETE,COMPLETE,COMPLETE,COMPLETE,NOT_RUN,NOT_RUN,NOT_RUN
317,inner_2,True,False,COMPLETE,COMPLETE,COMPLETE,COMPLETE,COMPLETE,COMPLETE,NOT_RUN,NOT_RUN,NOT_RUN
317,inner_3,True,False,COMPLETE,COMPLETE,COMPLETE,COMPLETE,COMPLETE,COMPLETE,NOT_RUN,NOT_RUN,NOT_RUN
318,outer_train,True,True,COMPLETE,COMPLETE,COMPLETE,COMPLETE,COMPLETE,COMPLETE,COMPLETE,COMPLETE,COMPLETE
318,inner_1,True,False,COMPLETE,COMPLETE,COMPLETE,COMPLETE,COMPLETE,COMPLETE,NOT_RUN,NOT_RUN,NOT_RUN
318,inner_2,True,False,COMPLETE,COMPLETE,COMPLETE,COMPLETE,COMPLETE,COMPLETE,NOT_RUN,NOT_RUN,NOT_RUN
318,inner_3,True,False,COMPLETE,COMPLETE,COMPLETE,COMPLETE,COMPLETE,COMPLETE,NOT_RUN,NOT_RUN,NOT_RUN
319,outer_train,True,True,COMPLETE,COMPLETE,COMPLETE,COMPLETE,COMPLETE,COMPLETE,COMPLETE,COMPLETE,COMPLETE
319,inner_1,True,False,COMPLETE,COMPLETE,COMPLETE,COMPLETE,COMPLETE,COMPLETE,NOT_RUN,NOT_RUN,NOT_RUN
319,inner_2,True,False,COMPLETE,COMPLETE,COMPLETE,COMPLETE,COMPLETE,COMPLETE,NOT_RUN,NOT_RUN,NOT_RUN
319,inner_3,True,False,COMPLETE,COMPLETE,COMPLETE,COMPLETE,COMPLETE,COMPLETE,NOT_RUN,NOT_RUN,NOT_RUN
OT,outer_train,True,True,COMPLETE,COMPLETE,COMPLETE,COMPLETE,COMPLETE,COMPLETE,COMPLETE,COMPLETE,COMPLETE
OT,inner_1,True,False,COMPLETE,COMPLETE,COMPLETE,COMPLETE,COMPLETE,COMPLETE,NOT_RUN,NOT_RUN,NOT_RUN
OT,inner_2,True,False,COMPLETE,COMPLETE,COMPLETE,COMPLETE,COMPLETE,COMPLETE,NOT_RUN,NOT_RUN,NOT_RUN
OT,inner_3,True,False,COMPLETE,COMPLETE,COMPLETE,COMPLETE,COMPLETE,COMPLETE,NOT_RUN,NOT_RUN,NOT_RUN
