feature,fold,tier,group,score_by_target,explore_probability,explore_rule,reincorporation,reasons
0,inner_1,UNRANKED,,{},,,"re-enters on: PS5 inner-validation gain as a member of a group or pair, a later exploratory draw, a new vintage, or a change of declared target",NO_DECLARED_TARGET_CONSTRUCTED: NOT_APPLICABLE: literature replica; author preprocessing and target protocol preserved; section-3 business targets Y_s/Y_l/Y_b do not apply to this resource
1,inner_1,UNRANKED,,{},,,"re-enters on: PS5 inner-validation gain as a member of a group or pair, a later exploratory draw, a new vintage, or a change of declared target",NO_DECLARED_TARGET_CONSTRUCTED: NOT_APPLICABLE: literature replica; author preprocessing and target protocol preserved; section-3 business targets Y_s/Y_l/Y_b do not apply to this resource
2,inner_1,UNRANKED,,{},,,"re-enters on: PS5 inner-validation gain as a member of a group or pair, a later exploratory draw, a new vintage, or a change of declared target",NO_DECLARED_TARGET_CONSTRUCTED: NOT_APPLICABLE: literature replica; author preprocessing and target protocol preserved; section-3 business targets Y_s/Y_l/Y_b do not apply to this resource
3,inner_1,UNRANKED,,{},,,"re-enters on: PS5 inner-validation gain as a member of a group or pair, a later exploratory draw, a new vintage, or a change of declared target",NO_DECLARED_TARGET_CONSTRUCTED: NOT_APPLICABLE: literature replica; author preprocessing and target protocol preserved; section-3 business targets Y_s/Y_l/Y_b do not apply to this resource
4,inner_1,UNRANKED,,{},,,"re-enters on: PS5 inner-validation gain as a member of a group or pair, a later exploratory draw, a new vintage, or a change of declared target",NO_DECLARED_TARGET_CONSTRUCTED: NOT_APPLICABLE: literature replica; author preprocessing and target protocol preserved; section-3 business targets Y_s/Y_l/Y_b do not apply to this resource
5,inner_1,UNRANKED,,{},,,"re-enters on: PS5 inner-validation gain as a member of a group or pair, a later exploratory draw, a new vintage, or a change of declared target",NO_DECLARED_TARGET_CONSTRUCTED: NOT_APPLICABLE: literature replica; author preprocessing and target protocol preserved; section-3 business targets Y_s/Y_l/Y_b do not apply to this resource
6,inner_1,UNRANKED,,{},,,"re-enters on: PS5 inner-validation gain as a member of a group or pair, a later exploratory draw, a new vintage, or a change of declared target",NO_DECLARED_TARGET_CONSTRUCTED: NOT_APPLICABLE: literature replica; author preprocessing and target protocol preserved; section-3 business targets Y_s/Y_l/Y_b do not apply to this resource
7,inner_1,UNRANKED,,{},,,"re-enters on: PS5 inner-validation gain as a member of a group or pair, a later exploratory draw, a new vintage, or a change of declared target",NO_DECLARED_TARGET_CONSTRUCTED: NOT_APPLICABLE: literature replica; author preprocessing and target protocol preserved; section-3 business targets Y_s/Y_l/Y_b do not apply to this resource
8,inner_1,UNRANKED,,{},,,"re-enters on: PS5 inner-validation gain as a member of a group or pair, a later exploratory draw, a new vintage, or a change of declared target",NO_DECLARED_TARGET_CONSTRUCTED: NOT_APPLICABLE: literature replica; author preprocessing and target protocol preserved; section-3 business targets Y_s/Y_l/Y_b do not apply to this resource
9,inner_1,UNRANKED,,{},,,"re-enters on: PS5 inner-validation gain as a member of a group or pair, a later exploratory draw, a new vintage, or a change of declared target",NO_DECLARED_TARGET_CONSTRUCTED: NOT_APPLICABLE: literature replica; author preprocessing and target protocol preserved; section-3 business targets Y_s/Y_l/Y_b do not apply to this resource
10,inner_1,UNRANKED,,{},,,"re-enters on: PS5 inner-validation gain as a member of a group or pair, a later exploratory draw, a new vintage, or a change of declared target",NO_DECLARED_TARGET_CONSTRUCTED: NOT_APPLICABLE: literature replica; author preprocessing and target protocol preserved; section-3 business targets Y_s/Y_l/Y_b do not apply to this resource
11,inner_1,UNRANKED,,{},,,"re-enters on: PS5 inner-validation gain as a member of a group or pair, a later exploratory draw, a new vintage, or a change of declared target",NO_DECLARED_TARGET_CONSTRUCTED: NOT_APPLICABLE: literature replica; author preprocessing and target protocol preserved; section-3 business targets Y_s/Y_l/Y_b do not apply to this resource
12,inner_1,UNRANKED,,{},,,"re-enters on: PS5 inner-validation gain as a member of a group or pair, a later exploratory draw, a new vintage, or a change of declared target",NO_DECLARED_TARGET_CONSTRUCTED: NOT_APPLICABLE: literature replica; author preprocessing and target protocol preserved; section-3 business targets Y_s/Y_l/Y_b do not apply to this resource
13,inner_1,UNRANKED,,{},,,"re-enters on: PS5 inner-validation gain as a member of a group or pair, a later exploratory draw, a new vintage, or a change of declared target",NO_DECLARED_TARGET_CONSTRUCTED: NOT_APPLICABLE: literature replica; author preprocessing and target protocol preserved; section-3 business targets Y_s/Y_l/Y_b do not apply to this resource
14,inner_1,UNRANKED,,{},,,"re-enters on: PS5 inner-validation gain as a member of a group or pair, a later exploratory draw, a new vintage, or a change of declared target",NO_DECLARED_TARGET_CONSTRUCTED: NOT_APPLICABLE: literature replica; author preprocessing and target protocol preserved; section-3 business targets Y_s/Y_l/Y_b do not apply to this resource
15,inner_1,UNRANKED,,{},,,"re-enters on: PS5 inner-validation gain as a member of a group or pair, a later exploratory draw, a new vintage, or a change of declared target",NO_DECLARED_TARGET_CONSTRUCTED: NOT_APPLICABLE: literature replica; author preprocessing and target protocol preserved; section-3 business targets Y_s/Y_l/Y_b do not apply to this resource
16,inner_1,UNRANKED,,{},,,"re-enters on: PS5 inner-validation gain as a member of a group or pair, a later exploratory draw, a new vintage, or a change of declared target",NO_DECLARED_TARGET_CONSTRUCTED: NOT_APPLICABLE: literature replica; author preprocessing and target protocol preserved; section-3 business targets Y_s/Y_l/Y_b do not apply to this resource
17,inner_1,UNRANKED,,{},,,"re-enters on: PS5 inner-validation gain as a member of a group or pair, a later exploratory draw, a new vintage, or a change of declared target",NO_DECLARED_TARGET_CONSTRUCTED: NOT_APPLICABLE: literature replica; author preprocessing and target protocol preserved; section-3 business targets Y_s/Y_l/Y_b do not apply to this resource
18,inner_1,UNRANKED,,{},,,"re-enters on: PS5 inner-validation gain as a member of a group or pair, a later exploratory draw, a new vintage, or a change of declared target",NO_DECLARED_TARGET_CONSTRUCTED: NOT_APPLICABLE: literature replica; author preprocessing and target protocol preserved; section-3 business targets Y_s/Y_l/Y_b do not apply to this resource
19,inner_1,UNRANKED,,{},,,"re-enters on: PS5 inner-validation gain as a member of a group or pair, a later exploratory draw, a new vintage, or a change of declared target",NO_DECLARED_TARGET_CONSTRUCTED: NOT_APPLICABLE: literature replica; author preprocessing and target protocol preserved; section-3 business targets Y_s/Y_l/Y_b do not apply to this resource
20,inner_1,UNRANKED,,{},,,"re-enters on: PS5 inner-validation gain as a member of a group or pair, a later exploratory draw, a new vintage, or a change of declared target",NO_DECLARED_TARGET_CONSTRUCTED: NOT_APPLICABLE: literature replica; author preprocessing and target protocol preserved; section-3 business targets Y_s/Y_l/Y_b do not apply to this resource
21,inner_1,UNRANKED,R0,{},,,"re-enters on: PS5 inner-validation gain as a member of a group or pair, a later exploratory draw, a new vintage, or a change of declared target","REDUNDANCY_GROUP R0 (|r|>=0.95): 21,32 | NO_DECLARED_TARGET_CONSTRUCTED: NOT_APPLICABLE: literature replica; author preprocessing and target protocol preserved; section-3 business targets Y_s/Y_l/Y_b do not apply to this resource"
22,inner_1,UNRANKED,,{},,,"re-enters on: PS5 inner-validation gain as a member of a group or pair, a later exploratory draw, a new vintage, or a change of declared target",NO_DECLARED_TARGET_CONSTRUCTED: NOT_APPLICABLE: literature replica; author preprocessing and target protocol preserved; section-3 business targets Y_s/Y_l/Y_b do not apply to this resource
23,inner_1,UNRANKED,,{},,,"re-enters on: PS5 inner-validation gain as a member of a group or pair, a later exploratory draw, a new vintage, or a change of declared target",NO_DECLARED_TARGET_CONSTRUCTED: NOT_APPLICABLE: literature replica; author preprocessing and target protocol preserved; section-3 business targets Y_s/Y_l/Y_b do not apply to this resource
24,inner_1,UNRANKED,,{},,,"re-enters on: PS5 inner-validation gain as a member of a group or pair, a later exploratory draw, a new vintage, or a change of declared target",NO_DECLARED_TARGET_CONSTRUCTED: NOT_APPLICABLE: literature replica; author preprocessing and target protocol preserved; section-3 business targets Y_s/Y_l/Y_b do not apply to this resource
25,inner_1,UNRANKED,,{},,,"re-enters on: PS5 inner-validation gain as a member of a group or pair, a later exploratory draw, a new vintage, or a change of declared target",NO_DECLARED_TARGET_CONSTRUCTED: NOT_APPLICABLE: literature replica; author preprocessing and target protocol preserved; section-3 business targets Y_s/Y_l/Y_b do not apply to this resource
26,inner_1,UNRANKED,,{},,,"re-enters on: PS5 inner-validation gain as a member of a group or pair, a later exploratory draw, a new vintage, or a change of declared target",NO_DECLARED_TARGET_CONSTRUCTED: NOT_APPLICABLE: literature replica; author preprocessing and target protocol preserved; section-3 business targets Y_s/Y_l/Y_b do not apply to this resource
27,inner_1,UNRANKED,,{},,,"re-enters on: PS5 inner-validation gain as a member of a group or pair, a later exploratory draw, a new vintage, or a change of declared target",NO_DECLARED_TARGET_CONSTRUCTED: NOT_APPLICABLE: literature replica; author preprocessing and target protocol preserved; section-3 business targets Y_s/Y_l/Y_b do not apply to this resource
28,inner_1,UNRANKED,,{},,,"re-enters on: PS5 inner-validation gain as a member of a group or pair, a later exploratory draw, a new vintage, or a change of declared target",NO_DECLARED_TARGET_CONSTRUCTED: NOT_APPLICABLE: literature replica; author preprocessing and target protocol preserved; section-3 business targets Y_s/Y_l/Y_b do not apply to this resource
29,inner_1,UNRANKED,,{},,,"re-enters on: PS5 inner-validation gain as a member of a group or pair, a later exploratory draw, a new vintage, or a change of declared target",NO_DECLARED_TARGET_CONSTRUCTED: NOT_APPLICABLE: literature replica; author preprocessing and target protocol preserved; section-3 business targets Y_s/Y_l/Y_b do not apply to this resource
30,inner_1,UNRANKED,,{},,,"re-enters on: PS5 inner-validation gain as a member of a group or pair, a later exploratory draw, a new vintage, or a change of declared target",NO_DECLARED_TARGET_CONSTRUCTED: NOT_APPLICABLE: literature replica; author preprocessing and target protocol preserved; section-3 business targets Y_s/Y_l/Y_b do not apply to this resource
31,inner_1,UNRANKED,,{},,,"re-enters on: PS5 inner-validation gain as a member of a group or pair, a later exploratory draw, a new vintage, or a change of declared target",NO_DECLARED_TARGET_CONSTRUCTED: NOT_APPLICABLE: literature replica; author preprocessing and target protocol preserved; section-3 business targets Y_s/Y_l/Y_b do not apply to this resource
32,inner_1,UNRANKED,R0,{},,,"re-enters on: PS5 inner-validation gain as a member of a group or pair, a later exploratory draw, a new vintage, or a change of declared target","REDUNDANCY_GROUP R0 (|r|>=0.95): 21,32 | NO_DECLARED_TARGET_CONSTRUCTED: NOT_APPLICABLE: literature replica; author preprocessing and target protocol preserved; section-3 business targets Y_s/Y_l/Y_b do not apply to this resource"
33,inner_1,UNRANKED,,{},,,"re-enters on: PS5 inner-validation gain as a member of a group or pair, a later exploratory draw, a new vintage, or a change of declared target",NO_DECLARED_TARGET_CONSTRUCTED: NOT_APPLICABLE: literature replica; author preprocessing and target protocol preserved; section-3 business targets Y_s/Y_l/Y_b do not apply to this resource
34,inner_1,UNRANKED,,{},,,"re-enters on: PS5 inner-validation gain as a member of a group or pair, a later exploratory draw, a new vintage, or a change of declared target",NO_DECLARED_TARGET_CONSTRUCTED: NOT_APPLICABLE: literature replica; author preprocessing and target protocol preserved; section-3 business targets Y_s/Y_l/Y_b do not apply to this resource
35,inner_1,UNRANKED,,{},,,"re-enters on: PS5 inner-validation gain as a member of a group or pair, a later exploratory draw, a new vintage, or a change of declared target",NO_DECLARED_TARGET_CONSTRUCTED: NOT_APPLICABLE: literature replica; author preprocessing and target protocol preserved; section-3 business targets Y_s/Y_l/Y_b do not apply to this resource
36,inner_1,UNRANKED,,{},,,"re-enters on: PS5 inner-validation gain as a member of a group or pair, a later exploratory draw, a new vintage, or a change of declared target",NO_DECLARED_TARGET_CONSTRUCTED: NOT_APPLICABLE: literature replica; author preprocessing and target protocol preserved; section-3 business targets Y_s/Y_l/Y_b do not apply to this resource
37,inner_1,UNRANKED,,{},,,"re-enters on: PS5 inner-validation gain as a member of a group or pair, a later exploratory draw, a new vintage, or a change of declared target",NO_DECLARED_TARGET_CONSTRUCTED: NOT_APPLICABLE: literature replica; author preprocessing and target protocol preserved; section-3 business targets Y_s/Y_l/Y_b do not apply to this resource
38,inner_1,UNRANKED,,{},,,"re-enters on: PS5 inner-validation gain as a member of a group or pair, a later exploratory draw, a new vintage, or a change of declared target",NO_DECLARED_TARGET_CONSTRUCTED: NOT_APPLICABLE: literature replica; author preprocessing and target protocol preserved; section-3 business targets Y_s/Y_l/Y_b do not apply to this resource
39,inner_1,UNRANKED,,{},,,"re-enters on: PS5 inner-validation gain as a member of a group or pair, a later exploratory draw, a new vintage, or a change of declared target",NO_DECLARED_TARGET_CONSTRUCTED: NOT_APPLICABLE: literature replica; author preprocessing and target protocol preserved; section-3 business targets Y_s/Y_l/Y_b do not apply to this resource
40,inner_1,UNRANKED,,{},,,"re-enters on: PS5 inner-validation gain as a member of a group or pair, a later exploratory draw, a new vintage, or a change of declared target",NO_DECLARED_TARGET_CONSTRUCTED: NOT_APPLICABLE: literature replica; author preprocessing and target protocol preserved; section-3 business targets Y_s/Y_l/Y_b do not apply to this resource
41,inner_1,UNRANKED,,{},,,"re-enters on: PS5 inner-validation gain as a member of a group or pair, a later exploratory draw, a new vintage, or a change of declared target",NO_DECLARED_TARGET_CONSTRUCTED: NOT_APPLICABLE: literature replica; author preprocessing and target protocol preserved; section-3 business targets Y_s/Y_l/Y_b do not apply to this resource
42,inner_1,UNRANKED,,{},,,"re-enters on: PS5 inner-validation gain as a member of a group or pair, a later exploratory draw, a new vintage, or a change of declared target",NO_DECLARED_TARGET_CONSTRUCTED: NOT_APPLICABLE: literature replica; author preprocessing and target protocol preserved; section-3 business targets Y_s/Y_l/Y_b do not apply to this resource
43,inner_1,UNRANKED,,{},,,"re-enters on: PS5 inner-validation gain as a member of a group or pair, a later exploratory draw, a new vintage, or a change of declared target",NO_DECLARED_TARGET_CONSTRUCTED: NOT_APPLICABLE: literature replica; author preprocessing and target protocol preserved; section-3 business targets Y_s/Y_l/Y_b do not apply to this resource
44,inner_1,UNRANKED,,{},,,"re-enters on: PS5 inner-validation gain as a member of a group or pair, a later exploratory draw, a new vintage, or a change of declared target",NO_DECLARED_TARGET_CONSTRUCTED: NOT_APPLICABLE: literature replica; author preprocessing and target protocol preserved; section-3 business targets Y_s/Y_l/Y_b do not apply to this resource
45,inner_1,UNRANKED,,{},,,"re-enters on: PS5 inner-validation gain as a member of a group or pair, a later exploratory draw, a new vintage, or a change of declared target",NO_DECLARED_TARGET_CONSTRUCTED: NOT_APPLICABLE: literature replica; author preprocessing and target protocol preserved; section-3 business targets Y_s/Y_l/Y_b do not apply to this resource
46,inner_1,UNRANKED,,{},,,"re-enters on: PS5 inner-validation gain as a member of a group or pair, a later exploratory draw, a new vintage, or a change of declared target",NO_DECLARED_TARGET_CONSTRUCTED: NOT_APPLICABLE: literature replica; author preprocessing and target protocol preserved; section-3 business targets Y_s/Y_l/Y_b do not apply to this resource
47,inner_1,UNRANKED,,{},,,"re-enters on: PS5 inner-validation gain as a member of a group or pair, a later exploratory draw, a new vintage, or a change of declared target",NO_DECLARED_TARGET_CONSTRUCTED: NOT_APPLICABLE: literature replica; author preprocessing and target protocol preserved; section-3 business targets Y_s/Y_l/Y_b do not apply to this resource
48,inner_1,UNRANKED,,{},,,"re-enters on: PS5 inner-validation gain as a member of a group or pair, a later exploratory draw, a new vintage, or a change of declared target",NO_DECLARED_TARGET_CONSTRUCTED: NOT_APPLICABLE: literature replica; author preprocessing and target protocol preserved; section-3 business targets Y_s/Y_l/Y_b do not apply to this resource
49,inner_1,UNRANKED,,{},,,"re-enters on: PS5 inner-validation gain as a member of a group or pair, a later exploratory draw, a new vintage, or a change of declared target",NO_DECLARED_TARGET_CONSTRUCTED: NOT_APPLICABLE: literature replica; author preprocessing and target protocol preserved; section-3 business targets Y_s/Y_l/Y_b do not apply to this resource
50,inner_1,UNRANKED,,{},,,"re-enters on: PS5 inner-validation gain as a member of a group or pair, a later exploratory draw, a new vintage, or a change of declared target",NO_DECLARED_TARGET_CONSTRUCTED: NOT_APPLICABLE: literature replica; author preprocessing and target protocol preserved; section-3 business targets Y_s/Y_l/Y_b do not apply to this resource
51,inner_1,UNRANKED,,{},,,"re-enters on: PS5 inner-validation gain as a member of a group or pair, a later exploratory draw, a new vintage, or a change of declared target",NO_DECLARED_TARGET_CONSTRUCTED: NOT_APPLICABLE: literature replica; author preprocessing and target protocol preserved; section-3 business targets Y_s/Y_l/Y_b do not apply to this resource
52,inner_1,UNRANKED,,{},,,"re-enters on: PS5 inner-validation gain as a member of a group or pair, a later exploratory draw, a new vintage, or a change of declared target",NO_DECLARED_TARGET_CONSTRUCTED: NOT_APPLICABLE: literature replica; author preprocessing and target protocol preserved; section-3 business targets Y_s/Y_l/Y_b do not apply to this resource
53,inner_1,UNRANKED,,{},,,"re-enters on: PS5 inner-validation gain as a member of a group or pair, a later exploratory draw, a new vintage, or a change of declared target",NO_DECLARED_TARGET_CONSTRUCTED: NOT_APPLICABLE: literature replica; author preprocessing and target protocol preserved; section-3 business targets Y_s/Y_l/Y_b do not apply to this resource
54,inner_1,UNRANKED,,{},,,"re-enters on: PS5 inner-validation gain as a member of a group or pair, a later exploratory draw, a new vintage, or a change of declared target",NO_DECLARED_TARGET_CONSTRUCTED: NOT_APPLICABLE: literature replica; author preprocessing and target protocol preserved; section-3 business targets Y_s/Y_l/Y_b do not apply to this resource
55,inner_1,UNRANKED,,{},,,"re-enters on: PS5 inner-validation gain as a member of a group or pair, a later exploratory draw, a new vintage, or a change of declared target",NO_DECLARED_TARGET_CONSTRUCTED: NOT_APPLICABLE: literature replica; author preprocessing and target protocol preserved; section-3 business targets Y_s/Y_l/Y_b do not apply to this resource
56,inner_1,UNRANKED,,{},,,"re-enters on: PS5 inner-validation gain as a member of a group or pair, a later exploratory draw, a new vintage, or a change of declared target",NO_DECLARED_TARGET_CONSTRUCTED: NOT_APPLICABLE: literature replica; author preprocessing and target protocol preserved; section-3 business targets Y_s/Y_l/Y_b do not apply to this resource
57,inner_1,UNRANKED,,{},,,"re-enters on: PS5 inner-validation gain as a member of a group or pair, a later exploratory draw, a new vintage, or a change of declared target",NO_DECLARED_TARGET_CONSTRUCTED: NOT_APPLICABLE: literature replica; author preprocessing and target protocol preserved; section-3 business targets Y_s/Y_l/Y_b do not apply to this resource
58,inner_1,UNRANKED,,{},,,"re-enters on: PS5 inner-validation gain as a member of a group or pair, a later exploratory draw, a new vintage, or a change of declared target",NO_DECLARED_TARGET_CONSTRUCTED: NOT_APPLICABLE: literature replica; author preprocessing and target protocol preserved; section-3 business targets Y_s/Y_l/Y_b do not apply to this resource
59,inner_1,UNRANKED,,{},,,"re-enters on: PS5 inner-validation gain as a member of a group or pair, a later exploratory draw, a new vintage, or a change of declared target",NO_DECLARED_TARGET_CONSTRUCTED: NOT_APPLICABLE: literature replica; author preprocessing and target protocol preserved; section-3 business targets Y_s/Y_l/Y_b do not apply to this resource
60,inner_1,UNRANKED,,{},,,"re-enters on: PS5 inner-validation gain as a member of a group or pair, a later exploratory draw, a new vintage, or a change of declared target",NO_DECLARED_TARGET_CONSTRUCTED: NOT_APPLICABLE: literature replica; author preprocessing and target protocol preserved; section-3 business targets Y_s/Y_l/Y_b do not apply to this resource
61,inner_1,UNRANKED,,{},,,"re-enters on: PS5 inner-validation gain as a member of a group or pair, a later exploratory draw, a new vintage, or a change of declared target",NO_DECLARED_TARGET_CONSTRUCTED: NOT_APPLICABLE: literature replica; author preprocessing and target protocol preserved; section-3 business targets Y_s/Y_l/Y_b do not apply to this resource
62,inner_1,UNRANKED,,{},,,"re-enters on: PS5 inner-validation gain as a member of a group or pair, a later exploratory draw, a new vintage, or a change of declared target",NO_DECLARED_TARGET_CONSTRUCTED: NOT_APPLICABLE: literature replica; author preprocessing and target protocol preserved; section-3 business targets Y_s/Y_l/Y_b do not apply to this resource
63,inner_1,UNRANKED,,{},,,"re-enters on: PS5 inner-validation gain as a member of a group or pair, a later exploratory draw, a new vintage, or a change of declared target",NO_DECLARED_TARGET_CONSTRUCTED: NOT_APPLICABLE: literature replica; author preprocessing and target protocol preserved; section-3 business targets Y_s/Y_l/Y_b do not apply to this resource
64,inner_1,UNRANKED,,{},,,"re-enters on: PS5 inner-validation gain as a member of a group or pair, a later exploratory draw, a new vintage, or a change of declared target",NO_DECLARED_TARGET_CONSTRUCTED: NOT_APPLICABLE: literature replica; author preprocessing and target protocol preserved; section-3 business targets Y_s/Y_l/Y_b do not apply to this resource
65,inner_1,UNRANKED,,{},,,"re-enters on: PS5 inner-validation gain as a member of a group or pair, a later exploratory draw, a new vintage, or a change of declared target",NO_DECLARED_TARGET_CONSTRUCTED: NOT_APPLICABLE: literature replica; author preprocessing and target protocol preserved; section-3 business targets Y_s/Y_l/Y_b do not apply to this resource
66,inner_1,UNRANKED,,{},,,"re-enters on: PS5 inner-validation gain as a member of a group or pair, a later exploratory draw, a new vintage, or a change of declared target",NO_DECLARED_TARGET_CONSTRUCTED: NOT_APPLICABLE: literature replica; author preprocessing and target protocol preserved; section-3 business targets Y_s/Y_l/Y_b do not apply to this resource
67,inner_1,UNRANKED,,{},,,"re-enters on: PS5 inner-validation gain as a member of a group or pair, a later exploratory draw, a new vintage, or a change of declared target",NO_DECLARED_TARGET_CONSTRUCTED: NOT_APPLICABLE: literature replica; author preprocessing and target protocol preserved; section-3 business targets Y_s/Y_l/Y_b do not apply to this resource
68,inner_1,UNRANKED,,{},,,"re-enters on: PS5 inner-validation gain as a member of a group or pair, a later exploratory draw, a new vintage, or a change of declared target",NO_DECLARED_TARGET_CONSTRUCTED: NOT_APPLICABLE: literature replica; author preprocessing and target protocol preserved; section-3 business targets Y_s/Y_l/Y_b do not apply to this resource
69,inner_1,UNRANKED,,{},,,"re-enters on: PS5 inner-validation gain as a member of a group or pair, a later exploratory draw, a new vintage, or a change of declared target",NO_DECLARED_TARGET_CONSTRUCTED: NOT_APPLICABLE: literature replica; author preprocessing and target protocol preserved; section-3 business targets Y_s/Y_l/Y_b do not apply to this resource
70,inner_1,UNRANKED,,{},,,"re-enters on: PS5 inner-validation gain as a member of a group or pair, a later exploratory draw, a new vintage, or a change of declared target",NO_DECLARED_TARGET_CONSTRUCTED: NOT_APPLICABLE: literature replica; author preprocessing and target protocol preserved; section-3 business targets Y_s/Y_l/Y_b do not apply to this resource
71,inner_1,UNRANKED,,{},,,"re-enters on: PS5 inner-validation gain as a member of a group or pair, a later exploratory draw, a new vintage, or a change of declared target",NO_DECLARED_TARGET_CONSTRUCTED: NOT_APPLICABLE: literature replica; author preprocessing and target protocol preserved; section-3 business targets Y_s/Y_l/Y_b do not apply to this resource
72,inner_1,UNRANKED,,{},,,"re-enters on: PS5 inner-validation gain as a member of a group or pair, a later exploratory draw, a new vintage, or a change of declared target",NO_DECLARED_TARGET_CONSTRUCTED: NOT_APPLICABLE: literature replica; author preprocessing and target protocol preserved; section-3 business targets Y_s/Y_l/Y_b do not apply to this resource
73,inner_1,UNRANKED,,{},,,"re-enters on: PS5 inner-validation gain as a member of a group or pair, a later exploratory draw, a new vintage, or a change of declared target",NO_DECLARED_TARGET_CONSTRUCTED: NOT_APPLICABLE: literature replica; author preprocessing and target protocol preserved; section-3 business targets Y_s/Y_l/Y_b do not apply to this resource
74,inner_1,UNRANKED,,{},,,"re-enters on: PS5 inner-validation gain as a member of a group or pair, a later exploratory draw, a new vintage, or a change of declared target",NO_DECLARED_TARGET_CONSTRUCTED: NOT_APPLICABLE: literature replica; author preprocessing and target protocol preserved; section-3 business targets Y_s/Y_l/Y_b do not apply to this resource
75,inner_1,UNRANKED,,{},,,"re-enters on: PS5 inner-validation gain as a member of a group or pair, a later exploratory draw, a new vintage, or a change of declared target",NO_DECLARED_TARGET_CONSTRUCTED: NOT_APPLICABLE: literature replica; author preprocessing and target protocol preserved; section-3 business targets Y_s/Y_l/Y_b do not apply to this resource
76,inner_1,UNRANKED,,{},,,"re-enters on: PS5 inner-validation gain as a member of a group or pair, a later exploratory draw, a new vintage, or a change of declared target",NO_DECLARED_TARGET_CONSTRUCTED: NOT_APPLICABLE: literature replica; author preprocessing and target protocol preserved; section-3 business targets Y_s/Y_l/Y_b do not apply to this resource
77,inner_1,UNRANKED,,{},,,"re-enters on: PS5 inner-validation gain as a member of a group or pair, a later exploratory draw, a new vintage, or a change of declared target",NO_DECLARED_TARGET_CONSTRUCTED: NOT_APPLICABLE: literature replica; author preprocessing and target protocol preserved; section-3 business targets Y_s/Y_l/Y_b do not apply to this resource
78,inner_1,UNRANKED,,{},,,"re-enters on: PS5 inner-validation gain as a member of a group or pair, a later exploratory draw, a new vintage, or a change of declared target",NO_DECLARED_TARGET_CONSTRUCTED: NOT_APPLICABLE: literature replica; author preprocessing and target protocol preserved; section-3 business targets Y_s/Y_l/Y_b do not apply to this resource
79,inner_1,UNRANKED,,{},,,"re-enters on: PS5 inner-validation gain as a member of a group or pair, a later exploratory draw, a new vintage, or a change of declared target",NO_DECLARED_TARGET_CONSTRUCTED: NOT_APPLICABLE: literature replica; author preprocessing and target protocol preserved; section-3 business targets Y_s/Y_l/Y_b do not apply to this resource
80,inner_1,UNRANKED,,{},,,"re-enters on: PS5 inner-validation gain as a member of a group or pair, a later exploratory draw, a new vintage, or a change of declared target",NO_DECLARED_TARGET_CONSTRUCTED: NOT_APPLICABLE: literature replica; author preprocessing and target protocol preserved; section-3 business targets Y_s/Y_l/Y_b do not apply to this resource
81,inner_1,UNRANKED,,{},,,"re-enters on: PS5 inner-validation gain as a member of a group or pair, a later exploratory draw, a new vintage, or a change of declared target",NO_DECLARED_TARGET_CONSTRUCTED: NOT_APPLICABLE: literature replica; author preprocessing and target protocol preserved; section-3 business targets Y_s/Y_l/Y_b do not apply to this resource
82,inner_1,UNRANKED,,{},,,"re-enters on: PS5 inner-validation gain as a member of a group or pair, a later exploratory draw, a new vintage, or a change of declared target",NO_DECLARED_TARGET_CONSTRUCTED: NOT_APPLICABLE: literature replica; author preprocessing and target protocol preserved; section-3 business targets Y_s/Y_l/Y_b do not apply to this resource
83,inner_1,UNRANKED,,{},,,"re-enters on: PS5 inner-validation gain as a member of a group or pair, a later exploratory draw, a new vintage, or a change of declared target",NO_DECLARED_TARGET_CONSTRUCTED: NOT_APPLICABLE: literature replica; author preprocessing and target protocol preserved; section-3 business targets Y_s/Y_l/Y_b do not apply to this resource
84,inner_1,UNRANKED,,{},,,"re-enters on: PS5 inner-validation gain as a member of a group or pair, a later exploratory draw, a new vintage, or a change of declared target",NO_DECLARED_TARGET_CONSTRUCTED: NOT_APPLICABLE: literature replica; author preprocessing and target protocol preserved; section-3 business targets Y_s/Y_l/Y_b do not apply to this resource
85,inner_1,UNRANKED,,{},,,"re-enters on: PS5 inner-validation gain as a member of a group or pair, a later exploratory draw, a new vintage, or a change of declared target",NO_DECLARED_TARGET_CONSTRUCTED: NOT_APPLICABLE: literature replica; author preprocessing and target protocol preserved; section-3 business targets Y_s/Y_l/Y_b do not apply to this resource
86,inner_1,UNRANKED,,{},,,"re-enters on: PS5 inner-validation gain as a member of a group or pair, a later exploratory draw, a new vintage, or a change of declared target",NO_DECLARED_TARGET_CONSTRUCTED: NOT_APPLICABLE: literature replica; author preprocessing and target protocol preserved; section-3 business targets Y_s/Y_l/Y_b do not apply to this resource
87,inner_1,UNRANKED,,{},,,"re-enters on: PS5 inner-validation gain as a member of a group or pair, a later exploratory draw, a new vintage, or a change of declared target",NO_DECLARED_TARGET_CONSTRUCTED: NOT_APPLICABLE: literature replica; author preprocessing and target protocol preserved; section-3 business targets Y_s/Y_l/Y_b do not apply to this resource
88,inner_1,UNRANKED,,{},,,"re-enters on: PS5 inner-validation gain as a member of a group or pair, a later exploratory draw, a new vintage, or a change of declared target",NO_DECLARED_TARGET_CONSTRUCTED: NOT_APPLICABLE: literature replica; author preprocessing and target protocol preserved; section-3 business targets Y_s/Y_l/Y_b do not apply to this resource
89,inner_1,UNRANKED,R1,{},,,"re-enters on: PS5 inner-validation gain as a member of a group or pair, a later exploratory draw, a new vintage, or a change of declared target","REDUNDANCY_GROUP R1 (|r|>=0.95): 89,91,93,94,159,181,292,306,308 | NO_DECLARED_TARGET_CONSTRUCTED: NOT_APPLICABLE: literature replica; author preprocessing and target protocol preserved; section-3 business targets Y_s/Y_l/Y_b do not apply to this resource"
90,inner_1,UNRANKED,,{},,,"re-enters on: PS5 inner-validation gain as a member of a group or pair, a later exploratory draw, a new vintage, or a change of declared target",NO_DECLARED_TARGET_CONSTRUCTED: NOT_APPLICABLE: literature replica; author preprocessing and target protocol preserved; section-3 business targets Y_s/Y_l/Y_b do not apply to this resource
91,inner_1,UNRANKED,R1,{},,,"re-enters on: PS5 inner-validation gain as a member of a group or pair, a later exploratory draw, a new vintage, or a change of declared target","REDUNDANCY_GROUP R1 (|r|>=0.95): 89,91,93,94,159,181,292,306,308 | NO_DECLARED_TARGET_CONSTRUCTED: NOT_APPLICABLE: literature replica; author preprocessing and target protocol preserved; section-3 business targets Y_s/Y_l/Y_b do not apply to this resource"
92,inner_1,UNRANKED,,{},,,"re-enters on: PS5 inner-validation gain as a member of a group or pair, a later exploratory draw, a new vintage, or a change of declared target",NO_DECLARED_TARGET_CONSTRUCTED: NOT_APPLICABLE: literature replica; author preprocessing and target protocol preserved; section-3 business targets Y_s/Y_l/Y_b do not apply to this resource
93,inner_1,UNRANKED,R1,{},,,"re-enters on: PS5 inner-validation gain as a member of a group or pair, a later exploratory draw, a new vintage, or a change of declared target","REDUNDANCY_GROUP R1 (|r|>=0.95): 89,91,93,94,159,181,292,306,308 | NO_DECLARED_TARGET_CONSTRUCTED: NOT_APPLICABLE: literature replica; author preprocessing and target protocol preserved; section-3 business targets Y_s/Y_l/Y_b do not apply to this resource"
94,inner_1,UNRANKED,R1,{},,,"re-enters on: PS5 inner-validation gain as a member of a group or pair, a later exploratory draw, a new vintage, or a change of declared target","REDUNDANCY_GROUP R1 (|r|>=0.95): 89,91,93,94,159,181,292,306,308 | NO_DECLARED_TARGET_CONSTRUCTED: NOT_APPLICABLE: literature replica; author preprocessing and target protocol preserved; section-3 business targets Y_s/Y_l/Y_b do not apply to this resource"
95,inner_1,UNRANKED,,{},,,"re-enters on: PS5 inner-validation gain as a member of a group or pair, a later exploratory draw, a new vintage, or a change of declared target",NO_DECLARED_TARGET_CONSTRUCTED: NOT_APPLICABLE: literature replica; author preprocessing and target protocol preserved; section-3 business targets Y_s/Y_l/Y_b do not apply to this resource
96,inner_1,UNRANKED,,{},,,"re-enters on: PS5 inner-validation gain as a member of a group or pair, a later exploratory draw, a new vintage, or a change of declared target",NO_DECLARED_TARGET_CONSTRUCTED: NOT_APPLICABLE: literature replica; author preprocessing and target protocol preserved; section-3 business targets Y_s/Y_l/Y_b do not apply to this resource
97,inner_1,UNRANKED,,{},,,"re-enters on: PS5 inner-validation gain as a member of a group or pair, a later exploratory draw, a new vintage, or a change of declared target",NO_DECLARED_TARGET_CONSTRUCTED: NOT_APPLICABLE: literature replica; author preprocessing and target protocol preserved; section-3 business targets Y_s/Y_l/Y_b do not apply to this resource
98,inner_1,UNRANKED,,{},,,"re-enters on: PS5 inner-validation gain as a member of a group or pair, a later exploratory draw, a new vintage, or a change of declared target",NO_DECLARED_TARGET_CONSTRUCTED: NOT_APPLICABLE: literature replica; author preprocessing and target protocol preserved; section-3 business targets Y_s/Y_l/Y_b do not apply to this resource
99,inner_1,UNRANKED,,{},,,"re-enters on: PS5 inner-validation gain as a member of a group or pair, a later exploratory draw, a new vintage, or a change of declared target",NO_DECLARED_TARGET_CONSTRUCTED: NOT_APPLICABLE: literature replica; author preprocessing and target protocol preserved; section-3 business targets Y_s/Y_l/Y_b do not apply to this resource
100,inner_1,UNRANKED,,{},,,"re-enters on: PS5 inner-validation gain as a member of a group or pair, a later exploratory draw, a new vintage, or a change of declared target",NO_DECLARED_TARGET_CONSTRUCTED: NOT_APPLICABLE: literature replica; author preprocessing and target protocol preserved; section-3 business targets Y_s/Y_l/Y_b do not apply to this resource
101,inner_1,UNRANKED,,{},,,"re-enters on: PS5 inner-validation gain as a member of a group or pair, a later exploratory draw, a new vintage, or a change of declared target",NO_DECLARED_TARGET_CONSTRUCTED: NOT_APPLICABLE: literature replica; author preprocessing and target protocol preserved; section-3 business targets Y_s/Y_l/Y_b do not apply to this resource
102,inner_1,UNRANKED,,{},,,"re-enters on: PS5 inner-validation gain as a member of a group or pair, a later exploratory draw, a new vintage, or a change of declared target",NO_DECLARED_TARGET_CONSTRUCTED: NOT_APPLICABLE: literature replica; author preprocessing and target protocol preserved; section-3 business targets Y_s/Y_l/Y_b do not apply to this resource
103,inner_1,UNRANKED,,{},,,"re-enters on: PS5 inner-validation gain as a member of a group or pair, a later exploratory draw, a new vintage, or a change of declared target",NO_DECLARED_TARGET_CONSTRUCTED: NOT_APPLICABLE: literature replica; author preprocessing and target protocol preserved; section-3 business targets Y_s/Y_l/Y_b do not apply to this resource
104,inner_1,UNRANKED,,{},,,"re-enters on: PS5 inner-validation gain as a member of a group or pair, a later exploratory draw, a new vintage, or a change of declared target",NO_DECLARED_TARGET_CONSTRUCTED: NOT_APPLICABLE: literature replica; author preprocessing and target protocol preserved; section-3 business targets Y_s/Y_l/Y_b do not apply to this resource
105,inner_1,UNRANKED,,{},,,"re-enters on: PS5 inner-validation gain as a member of a group or pair, a later exploratory draw, a new vintage, or a change of declared target",NO_DECLARED_TARGET_CONSTRUCTED: NOT_APPLICABLE: literature replica; author preprocessing and target protocol preserved; section-3 business targets Y_s/Y_l/Y_b do not apply to this resource
106,inner_1,UNRANKED,,{},,,"re-enters on: PS5 inner-validation gain as a member of a group or pair, a later exploratory draw, a new vintage, or a change of declared target",NO_DECLARED_TARGET_CONSTRUCTED: NOT_APPLICABLE: literature replica; author preprocessing and target protocol preserved; section-3 business targets Y_s/Y_l/Y_b do not apply to this resource
107,inner_1,UNRANKED,,{},,,"re-enters on: PS5 inner-validation gain as a member of a group or pair, a later exploratory draw, a new vintage, or a change of declared target",NO_DECLARED_TARGET_CONSTRUCTED: NOT_APPLICABLE: literature replica; author preprocessing and target protocol preserved; section-3 business targets Y_s/Y_l/Y_b do not apply to this resource
108,inner_1,UNRANKED,,{},,,"re-enters on: PS5 inner-validation gain as a member of a group or pair, a later exploratory draw, a new vintage, or a change of declared target",NO_DECLARED_TARGET_CONSTRUCTED: NOT_APPLICABLE: literature replica; author preprocessing and target protocol preserved; section-3 business targets Y_s/Y_l/Y_b do not apply to this resource
109,inner_1,UNRANKED,,{},,,"re-enters on: PS5 inner-validation gain as a member of a group or pair, a later exploratory draw, a new vintage, or a change of declared target",NO_DECLARED_TARGET_CONSTRUCTED: NOT_APPLICABLE: literature replica; author preprocessing and target protocol preserved; section-3 business targets Y_s/Y_l/Y_b do not apply to this resource
110,inner_1,UNRANKED,,{},,,"re-enters on: PS5 inner-validation gain as a member of a group or pair, a later exploratory draw, a new vintage, or a change of declared target",NO_DECLARED_TARGET_CONSTRUCTED: NOT_APPLICABLE: literature replica; author preprocessing and target protocol preserved; section-3 business targets Y_s/Y_l/Y_b do not apply to this resource
111,inner_1,UNRANKED,,{},,,"re-enters on: PS5 inner-validation gain as a member of a group or pair, a later exploratory draw, a new vintage, or a change of declared target",NO_DECLARED_TARGET_CONSTRUCTED: NOT_APPLICABLE: literature replica; author preprocessing and target protocol preserved; section-3 business targets Y_s/Y_l/Y_b do not apply to this resource
112,inner_1,UNRANKED,,{},,,"re-enters on: PS5 inner-validation gain as a member of a group or pair, a later exploratory draw, a new vintage, or a change of declared target",NO_DECLARED_TARGET_CONSTRUCTED: NOT_APPLICABLE: literature replica; author preprocessing and target protocol preserved; section-3 business targets Y_s/Y_l/Y_b do not apply to this resource
113,inner_1,UNRANKED,,{},,,"re-enters on: PS5 inner-validation gain as a member of a group or pair, a later exploratory draw, a new vintage, or a change of declared target",NO_DECLARED_TARGET_CONSTRUCTED: NOT_APPLICABLE: literature replica; author preprocessing and target protocol preserved; section-3 business targets Y_s/Y_l/Y_b do not apply to this resource
114,inner_1,UNRANKED,,{},,,"re-enters on: PS5 inner-validation gain as a member of a group or pair, a later exploratory draw, a new vintage, or a change of declared target",NO_DECLARED_TARGET_CONSTRUCTED: NOT_APPLICABLE: literature replica; author preprocessing and target protocol preserved; section-3 business targets Y_s/Y_l/Y_b do not apply to this resource
115,inner_1,UNRANKED,,{},,,"re-enters on: PS5 inner-validation gain as a member of a group or pair, a later exploratory draw, a new vintage, or a change of declared target",NO_DECLARED_TARGET_CONSTRUCTED: NOT_APPLICABLE: literature replica; author preprocessing and target protocol preserved; section-3 business targets Y_s/Y_l/Y_b do not apply to this resource
116,inner_1,UNRANKED,,{},,,"re-enters on: PS5 inner-validation gain as a member of a group or pair, a later exploratory draw, a new vintage, or a change of declared target",NO_DECLARED_TARGET_CONSTRUCTED: NOT_APPLICABLE: literature replica; author preprocessing and target protocol preserved; section-3 business targets Y_s/Y_l/Y_b do not apply to this resource
117,inner_1,UNRANKED,,{},,,"re-enters on: PS5 inner-validation gain as a member of a group or pair, a later exploratory draw, a new vintage, or a change of declared target",NO_DECLARED_TARGET_CONSTRUCTED: NOT_APPLICABLE: literature replica; author preprocessing and target protocol preserved; section-3 business targets Y_s/Y_l/Y_b do not apply to this resource
118,inner_1,UNRANKED,,{},,,"re-enters on: PS5 inner-validation gain as a member of a group or pair, a later exploratory draw, a new vintage, or a change of declared target",NO_DECLARED_TARGET_CONSTRUCTED: NOT_APPLICABLE: literature replica; author preprocessing and target protocol preserved; section-3 business targets Y_s/Y_l/Y_b do not apply to this resource
119,inner_1,UNRANKED,,{},,,"re-enters on: PS5 inner-validation gain as a member of a group or pair, a later exploratory draw, a new vintage, or a change of declared target",NO_DECLARED_TARGET_CONSTRUCTED: NOT_APPLICABLE: literature replica; author preprocessing and target protocol preserved; section-3 business targets Y_s/Y_l/Y_b do not apply to this resource
120,inner_1,UNRANKED,,{},,,"re-enters on: PS5 inner-validation gain as a member of a group or pair, a later exploratory draw, a new vintage, or a change of declared target",NO_DECLARED_TARGET_CONSTRUCTED: NOT_APPLICABLE: literature replica; author preprocessing and target protocol preserved; section-3 business targets Y_s/Y_l/Y_b do not apply to this resource
121,inner_1,UNRANKED,,{},,,"re-enters on: PS5 inner-validation gain as a member of a group or pair, a later exploratory draw, a new vintage, or a change of declared target",NO_DECLARED_TARGET_CONSTRUCTED: NOT_APPLICABLE: literature replica; author preprocessing and target protocol preserved; section-3 business targets Y_s/Y_l/Y_b do not apply to this resource
122,inner_1,UNRANKED,,{},,,"re-enters on: PS5 inner-validation gain as a member of a group or pair, a later exploratory draw, a new vintage, or a change of declared target",NO_DECLARED_TARGET_CONSTRUCTED: NOT_APPLICABLE: literature replica; author preprocessing and target protocol preserved; section-3 business targets Y_s/Y_l/Y_b do not apply to this resource
123,inner_1,UNRANKED,,{},,,"re-enters on: PS5 inner-validation gain as a member of a group or pair, a later exploratory draw, a new vintage, or a change of declared target",NO_DECLARED_TARGET_CONSTRUCTED: NOT_APPLICABLE: literature replica; author preprocessing and target protocol preserved; section-3 business targets Y_s/Y_l/Y_b do not apply to this resource
124,inner_1,UNRANKED,,{},,,"re-enters on: PS5 inner-validation gain as a member of a group or pair, a later exploratory draw, a new vintage, or a change of declared target",NO_DECLARED_TARGET_CONSTRUCTED: NOT_APPLICABLE: literature replica; author preprocessing and target protocol preserved; section-3 business targets Y_s/Y_l/Y_b do not apply to this resource
125,inner_1,UNRANKED,,{},,,"re-enters on: PS5 inner-validation gain as a member of a group or pair, a later exploratory draw, a new vintage, or a change of declared target",NO_DECLARED_TARGET_CONSTRUCTED: NOT_APPLICABLE: literature replica; author preprocessing and target protocol preserved; section-3 business targets Y_s/Y_l/Y_b do not apply to this resource
126,inner_1,UNRANKED,,{},,,"re-enters on: PS5 inner-validation gain as a member of a group or pair, a later exploratory draw, a new vintage, or a change of declared target",NO_DECLARED_TARGET_CONSTRUCTED: NOT_APPLICABLE: literature replica; author preprocessing and target protocol preserved; section-3 business targets Y_s/Y_l/Y_b do not apply to this resource
127,inner_1,UNRANKED,,{},,,"re-enters on: PS5 inner-validation gain as a member of a group or pair, a later exploratory draw, a new vintage, or a change of declared target",NO_DECLARED_TARGET_CONSTRUCTED: NOT_APPLICABLE: literature replica; author preprocessing and target protocol preserved; section-3 business targets Y_s/Y_l/Y_b do not apply to this resource
128,inner_1,UNRANKED,,{},,,"re-enters on: PS5 inner-validation gain as a member of a group or pair, a later exploratory draw, a new vintage, or a change of declared target",NO_DECLARED_TARGET_CONSTRUCTED: NOT_APPLICABLE: literature replica; author preprocessing and target protocol preserved; section-3 business targets Y_s/Y_l/Y_b do not apply to this resource
129,inner_1,UNRANKED,,{},,,"re-enters on: PS5 inner-validation gain as a member of a group or pair, a later exploratory draw, a new vintage, or a change of declared target",NO_DECLARED_TARGET_CONSTRUCTED: NOT_APPLICABLE: literature replica; author preprocessing and target protocol preserved; section-3 business targets Y_s/Y_l/Y_b do not apply to this resource
130,inner_1,UNRANKED,,{},,,"re-enters on: PS5 inner-validation gain as a member of a group or pair, a later exploratory draw, a new vintage, or a change of declared target",NO_DECLARED_TARGET_CONSTRUCTED: NOT_APPLICABLE: literature replica; author preprocessing and target protocol preserved; section-3 business targets Y_s/Y_l/Y_b do not apply to this resource
131,inner_1,UNRANKED,,{},,,"re-enters on: PS5 inner-validation gain as a member of a group or pair, a later exploratory draw, a new vintage, or a change of declared target",NO_DECLARED_TARGET_CONSTRUCTED: NOT_APPLICABLE: literature replica; author preprocessing and target protocol preserved; section-3 business targets Y_s/Y_l/Y_b do not apply to this resource
132,inner_1,UNRANKED,,{},,,"re-enters on: PS5 inner-validation gain as a member of a group or pair, a later exploratory draw, a new vintage, or a change of declared target",NO_DECLARED_TARGET_CONSTRUCTED: NOT_APPLICABLE: literature replica; author preprocessing and target protocol preserved; section-3 business targets Y_s/Y_l/Y_b do not apply to this resource
133,inner_1,UNRANKED,,{},,,"re-enters on: PS5 inner-validation gain as a member of a group or pair, a later exploratory draw, a new vintage, or a change of declared target",NO_DECLARED_TARGET_CONSTRUCTED: NOT_APPLICABLE: literature replica; author preprocessing and target protocol preserved; section-3 business targets Y_s/Y_l/Y_b do not apply to this resource
134,inner_1,UNRANKED,,{},,,"re-enters on: PS5 inner-validation gain as a member of a group or pair, a later exploratory draw, a new vintage, or a change of declared target",NO_DECLARED_TARGET_CONSTRUCTED: NOT_APPLICABLE: literature replica; author preprocessing and target protocol preserved; section-3 business targets Y_s/Y_l/Y_b do not apply to this resource
135,inner_1,UNRANKED,,{},,,"re-enters on: PS5 inner-validation gain as a member of a group or pair, a later exploratory draw, a new vintage, or a change of declared target",NO_DECLARED_TARGET_CONSTRUCTED: NOT_APPLICABLE: literature replica; author preprocessing and target protocol preserved; section-3 business targets Y_s/Y_l/Y_b do not apply to this resource
136,inner_1,UNRANKED,,{},,,"re-enters on: PS5 inner-validation gain as a member of a group or pair, a later exploratory draw, a new vintage, or a change of declared target",NO_DECLARED_TARGET_CONSTRUCTED: NOT_APPLICABLE: literature replica; author preprocessing and target protocol preserved; section-3 business targets Y_s/Y_l/Y_b do not apply to this resource
137,inner_1,UNRANKED,,{},,,"re-enters on: PS5 inner-validation gain as a member of a group or pair, a later exploratory draw, a new vintage, or a change of declared target",NO_DECLARED_TARGET_CONSTRUCTED: NOT_APPLICABLE: literature replica; author preprocessing and target protocol preserved; section-3 business targets Y_s/Y_l/Y_b do not apply to this resource
138,inner_1,UNRANKED,,{},,,"re-enters on: PS5 inner-validation gain as a member of a group or pair, a later exploratory draw, a new vintage, or a change of declared target",NO_DECLARED_TARGET_CONSTRUCTED: NOT_APPLICABLE: literature replica; author preprocessing and target protocol preserved; section-3 business targets Y_s/Y_l/Y_b do not apply to this resource
139,inner_1,UNRANKED,,{},,,"re-enters on: PS5 inner-validation gain as a member of a group or pair, a later exploratory draw, a new vintage, or a change of declared target",NO_DECLARED_TARGET_CONSTRUCTED: NOT_APPLICABLE: literature replica; author preprocessing and target protocol preserved; section-3 business targets Y_s/Y_l/Y_b do not apply to this resource
140,inner_1,UNRANKED,,{},,,"re-enters on: PS5 inner-validation gain as a member of a group or pair, a later exploratory draw, a new vintage, or a change of declared target",NO_DECLARED_TARGET_CONSTRUCTED: NOT_APPLICABLE: literature replica; author preprocessing and target protocol preserved; section-3 business targets Y_s/Y_l/Y_b do not apply to this resource
141,inner_1,UNRANKED,,{},,,"re-enters on: PS5 inner-validation gain as a member of a group or pair, a later exploratory draw, a new vintage, or a change of declared target",NO_DECLARED_TARGET_CONSTRUCTED: NOT_APPLICABLE: literature replica; author preprocessing and target protocol preserved; section-3 business targets Y_s/Y_l/Y_b do not apply to this resource
142,inner_1,UNRANKED,,{},,,"re-enters on: PS5 inner-validation gain as a member of a group or pair, a later exploratory draw, a new vintage, or a change of declared target",NO_DECLARED_TARGET_CONSTRUCTED: NOT_APPLICABLE: literature replica; author preprocessing and target protocol preserved; section-3 business targets Y_s/Y_l/Y_b do not apply to this resource
143,inner_1,UNRANKED,,{},,,"re-enters on: PS5 inner-validation gain as a member of a group or pair, a later exploratory draw, a new vintage, or a change of declared target",NO_DECLARED_TARGET_CONSTRUCTED: NOT_APPLICABLE: literature replica; author preprocessing and target protocol preserved; section-3 business targets Y_s/Y_l/Y_b do not apply to this resource
144,inner_1,UNRANKED,,{},,,"re-enters on: PS5 inner-validation gain as a member of a group or pair, a later exploratory draw, a new vintage, or a change of declared target",NO_DECLARED_TARGET_CONSTRUCTED: NOT_APPLICABLE: literature replica; author preprocessing and target protocol preserved; section-3 business targets Y_s/Y_l/Y_b do not apply to this resource
145,inner_1,UNRANKED,,{},,,"re-enters on: PS5 inner-validation gain as a member of a group or pair, a later exploratory draw, a new vintage, or a change of declared target",NO_DECLARED_TARGET_CONSTRUCTED: NOT_APPLICABLE: literature replica; author preprocessing and target protocol preserved; section-3 business targets Y_s/Y_l/Y_b do not apply to this resource
146,inner_1,UNRANKED,,{},,,"re-enters on: PS5 inner-validation gain as a member of a group or pair, a later exploratory draw, a new vintage, or a change of declared target",NO_DECLARED_TARGET_CONSTRUCTED: NOT_APPLICABLE: literature replica; author preprocessing and target protocol preserved; section-3 business targets Y_s/Y_l/Y_b do not apply to this resource
147,inner_1,UNRANKED,,{},,,"re-enters on: PS5 inner-validation gain as a member of a group or pair, a later exploratory draw, a new vintage, or a change of declared target",NO_DECLARED_TARGET_CONSTRUCTED: NOT_APPLICABLE: literature replica; author preprocessing and target protocol preserved; section-3 business targets Y_s/Y_l/Y_b do not apply to this resource
148,inner_1,UNRANKED,,{},,,"re-enters on: PS5 inner-validation gain as a member of a group or pair, a later exploratory draw, a new vintage, or a change of declared target",NO_DECLARED_TARGET_CONSTRUCTED: NOT_APPLICABLE: literature replica; author preprocessing and target protocol preserved; section-3 business targets Y_s/Y_l/Y_b do not apply to this resource
149,inner_1,UNRANKED,,{},,,"re-enters on: PS5 inner-validation gain as a member of a group or pair, a later exploratory draw, a new vintage, or a change of declared target",NO_DECLARED_TARGET_CONSTRUCTED: NOT_APPLICABLE: literature replica; author preprocessing and target protocol preserved; section-3 business targets Y_s/Y_l/Y_b do not apply to this resource
150,inner_1,UNRANKED,,{},,,"re-enters on: PS5 inner-validation gain as a member of a group or pair, a later exploratory draw, a new vintage, or a change of declared target",NO_DECLARED_TARGET_CONSTRUCTED: NOT_APPLICABLE: literature replica; author preprocessing and target protocol preserved; section-3 business targets Y_s/Y_l/Y_b do not apply to this resource
151,inner_1,UNRANKED,,{},,,"re-enters on: PS5 inner-validation gain as a member of a group or pair, a later exploratory draw, a new vintage, or a change of declared target",NO_DECLARED_TARGET_CONSTRUCTED: NOT_APPLICABLE: literature replica; author preprocessing and target protocol preserved; section-3 business targets Y_s/Y_l/Y_b do not apply to this resource
152,inner_1,UNRANKED,,{},,,"re-enters on: PS5 inner-validation gain as a member of a group or pair, a later exploratory draw, a new vintage, or a change of declared target",NO_DECLARED_TARGET_CONSTRUCTED: NOT_APPLICABLE: literature replica; author preprocessing and target protocol preserved; section-3 business targets Y_s/Y_l/Y_b do not apply to this resource
153,inner_1,UNRANKED,,{},,,"re-enters on: PS5 inner-validation gain as a member of a group or pair, a later exploratory draw, a new vintage, or a change of declared target",NO_DECLARED_TARGET_CONSTRUCTED: NOT_APPLICABLE: literature replica; author preprocessing and target protocol preserved; section-3 business targets Y_s/Y_l/Y_b do not apply to this resource
154,inner_1,UNRANKED,,{},,,"re-enters on: PS5 inner-validation gain as a member of a group or pair, a later exploratory draw, a new vintage, or a change of declared target",NO_DECLARED_TARGET_CONSTRUCTED: NOT_APPLICABLE: literature replica; author preprocessing and target protocol preserved; section-3 business targets Y_s/Y_l/Y_b do not apply to this resource
155,inner_1,UNRANKED,,{},,,"re-enters on: PS5 inner-validation gain as a member of a group or pair, a later exploratory draw, a new vintage, or a change of declared target",NO_DECLARED_TARGET_CONSTRUCTED: NOT_APPLICABLE: literature replica; author preprocessing and target protocol preserved; section-3 business targets Y_s/Y_l/Y_b do not apply to this resource
156,inner_1,UNRANKED,,{},,,"re-enters on: PS5 inner-validation gain as a member of a group or pair, a later exploratory draw, a new vintage, or a change of declared target",NO_DECLARED_TARGET_CONSTRUCTED: NOT_APPLICABLE: literature replica; author preprocessing and target protocol preserved; section-3 business targets Y_s/Y_l/Y_b do not apply to this resource
157,inner_1,UNRANKED,,{},,,"re-enters on: PS5 inner-validation gain as a member of a group or pair, a later exploratory draw, a new vintage, or a change of declared target",NO_DECLARED_TARGET_CONSTRUCTED: NOT_APPLICABLE: literature replica; author preprocessing and target protocol preserved; section-3 business targets Y_s/Y_l/Y_b do not apply to this resource
158,inner_1,UNRANKED,,{},,,"re-enters on: PS5 inner-validation gain as a member of a group or pair, a later exploratory draw, a new vintage, or a change of declared target",NO_DECLARED_TARGET_CONSTRUCTED: NOT_APPLICABLE: literature replica; author preprocessing and target protocol preserved; section-3 business targets Y_s/Y_l/Y_b do not apply to this resource
159,inner_1,UNRANKED,R1,{},,,"re-enters on: PS5 inner-validation gain as a member of a group or pair, a later exploratory draw, a new vintage, or a change of declared target","REDUNDANCY_GROUP R1 (|r|>=0.95): 89,91,93,94,159,181,292,306,308 | NO_DECLARED_TARGET_CONSTRUCTED: NOT_APPLICABLE: literature replica; author preprocessing and target protocol preserved; section-3 business targets Y_s/Y_l/Y_b do not apply to this resource"
160,inner_1,UNRANKED,,{},,,"re-enters on: PS5 inner-validation gain as a member of a group or pair, a later exploratory draw, a new vintage, or a change of declared target",NO_DECLARED_TARGET_CONSTRUCTED: NOT_APPLICABLE: literature replica; author preprocessing and target protocol preserved; section-3 business targets Y_s/Y_l/Y_b do not apply to this resource
161,inner_1,UNRANKED,,{},,,"re-enters on: PS5 inner-validation gain as a member of a group or pair, a later exploratory draw, a new vintage, or a change of declared target",NO_DECLARED_TARGET_CONSTRUCTED: NOT_APPLICABLE: literature replica; author preprocessing and target protocol preserved; section-3 business targets Y_s/Y_l/Y_b do not apply to this resource
162,inner_1,UNRANKED,,{},,,"re-enters on: PS5 inner-validation gain as a member of a group or pair, a later exploratory draw, a new vintage, or a change of declared target",NO_DECLARED_TARGET_CONSTRUCTED: NOT_APPLICABLE: literature replica; author preprocessing and target protocol preserved; section-3 business targets Y_s/Y_l/Y_b do not apply to this resource
163,inner_1,UNRANKED,,{},,,"re-enters on: PS5 inner-validation gain as a member of a group or pair, a later exploratory draw, a new vintage, or a change of declared target",NO_DECLARED_TARGET_CONSTRUCTED: NOT_APPLICABLE: literature replica; author preprocessing and target protocol preserved; section-3 business targets Y_s/Y_l/Y_b do not apply to this resource
164,inner_1,UNRANKED,,{},,,"re-enters on: PS5 inner-validation gain as a member of a group or pair, a later exploratory draw, a new vintage, or a change of declared target",NO_DECLARED_TARGET_CONSTRUCTED: NOT_APPLICABLE: literature replica; author preprocessing and target protocol preserved; section-3 business targets Y_s/Y_l/Y_b do not apply to this resource
165,inner_1,UNRANKED,,{},,,"re-enters on: PS5 inner-validation gain as a member of a group or pair, a later exploratory draw, a new vintage, or a change of declared target",NO_DECLARED_TARGET_CONSTRUCTED: NOT_APPLICABLE: literature replica; author preprocessing and target protocol preserved; section-3 business targets Y_s/Y_l/Y_b do not apply to this resource
166,inner_1,UNRANKED,,{},,,"re-enters on: PS5 inner-validation gain as a member of a group or pair, a later exploratory draw, a new vintage, or a change of declared target",NO_DECLARED_TARGET_CONSTRUCTED: NOT_APPLICABLE: literature replica; author preprocessing and target protocol preserved; section-3 business targets Y_s/Y_l/Y_b do not apply to this resource
167,inner_1,UNRANKED,,{},,,"re-enters on: PS5 inner-validation gain as a member of a group or pair, a later exploratory draw, a new vintage, or a change of declared target",NO_DECLARED_TARGET_CONSTRUCTED: NOT_APPLICABLE: literature replica; author preprocessing and target protocol preserved; section-3 business targets Y_s/Y_l/Y_b do not apply to this resource
168,inner_1,UNRANKED,,{},,,"re-enters on: PS5 inner-validation gain as a member of a group or pair, a later exploratory draw, a new vintage, or a change of declared target",NO_DECLARED_TARGET_CONSTRUCTED: NOT_APPLICABLE: literature replica; author preprocessing and target protocol preserved; section-3 business targets Y_s/Y_l/Y_b do not apply to this resource
169,inner_1,UNRANKED,,{},,,"re-enters on: PS5 inner-validation gain as a member of a group or pair, a later exploratory draw, a new vintage, or a change of declared target",NO_DECLARED_TARGET_CONSTRUCTED: NOT_APPLICABLE: literature replica; author preprocessing and target protocol preserved; section-3 business targets Y_s/Y_l/Y_b do not apply to this resource
170,inner_1,UNRANKED,,{},,,"re-enters on: PS5 inner-validation gain as a member of a group or pair, a later exploratory draw, a new vintage, or a change of declared target",NO_DECLARED_TARGET_CONSTRUCTED: NOT_APPLICABLE: literature replica; author preprocessing and target protocol preserved; section-3 business targets Y_s/Y_l/Y_b do not apply to this resource
171,inner_1,UNRANKED,,{},,,"re-enters on: PS5 inner-validation gain as a member of a group or pair, a later exploratory draw, a new vintage, or a change of declared target",NO_DECLARED_TARGET_CONSTRUCTED: NOT_APPLICABLE: literature replica; author preprocessing and target protocol preserved; section-3 business targets Y_s/Y_l/Y_b do not apply to this resource
172,inner_1,UNRANKED,,{},,,"re-enters on: PS5 inner-validation gain as a member of a group or pair, a later exploratory draw, a new vintage, or a change of declared target",NO_DECLARED_TARGET_CONSTRUCTED: NOT_APPLICABLE: literature replica; author preprocessing and target protocol preserved; section-3 business targets Y_s/Y_l/Y_b do not apply to this resource
173,inner_1,UNRANKED,,{},,,"re-enters on: PS5 inner-validation gain as a member of a group or pair, a later exploratory draw, a new vintage, or a change of declared target",NO_DECLARED_TARGET_CONSTRUCTED: NOT_APPLICABLE: literature replica; author preprocessing and target protocol preserved; section-3 business targets Y_s/Y_l/Y_b do not apply to this resource
174,inner_1,UNRANKED,,{},,,"re-enters on: PS5 inner-validation gain as a member of a group or pair, a later exploratory draw, a new vintage, or a change of declared target",NO_DECLARED_TARGET_CONSTRUCTED: NOT_APPLICABLE: literature replica; author preprocessing and target protocol preserved; section-3 business targets Y_s/Y_l/Y_b do not apply to this resource
175,inner_1,UNRANKED,,{},,,"re-enters on: PS5 inner-validation gain as a member of a group or pair, a later exploratory draw, a new vintage, or a change of declared target",NO_DECLARED_TARGET_CONSTRUCTED: NOT_APPLICABLE: literature replica; author preprocessing and target protocol preserved; section-3 business targets Y_s/Y_l/Y_b do not apply to this resource
176,inner_1,UNRANKED,,{},,,"re-enters on: PS5 inner-validation gain as a member of a group or pair, a later exploratory draw, a new vintage, or a change of declared target",NO_DECLARED_TARGET_CONSTRUCTED: NOT_APPLICABLE: literature replica; author preprocessing and target protocol preserved; section-3 business targets Y_s/Y_l/Y_b do not apply to this resource
177,inner_1,UNRANKED,,{},,,"re-enters on: PS5 inner-validation gain as a member of a group or pair, a later exploratory draw, a new vintage, or a change of declared target",NO_DECLARED_TARGET_CONSTRUCTED: NOT_APPLICABLE: literature replica; author preprocessing and target protocol preserved; section-3 business targets Y_s/Y_l/Y_b do not apply to this resource
178,inner_1,UNRANKED,,{},,,"re-enters on: PS5 inner-validation gain as a member of a group or pair, a later exploratory draw, a new vintage, or a change of declared target",NO_DECLARED_TARGET_CONSTRUCTED: NOT_APPLICABLE: literature replica; author preprocessing and target protocol preserved; section-3 business targets Y_s/Y_l/Y_b do not apply to this resource
179,inner_1,UNRANKED,,{},,,"re-enters on: PS5 inner-validation gain as a member of a group or pair, a later exploratory draw, a new vintage, or a change of declared target",NO_DECLARED_TARGET_CONSTRUCTED: NOT_APPLICABLE: literature replica; author preprocessing and target protocol preserved; section-3 business targets Y_s/Y_l/Y_b do not apply to this resource
180,inner_1,UNRANKED,,{},,,"re-enters on: PS5 inner-validation gain as a member of a group or pair, a later exploratory draw, a new vintage, or a change of declared target",NO_DECLARED_TARGET_CONSTRUCTED: NOT_APPLICABLE: literature replica; author preprocessing and target protocol preserved; section-3 business targets Y_s/Y_l/Y_b do not apply to this resource
181,inner_1,UNRANKED,R1,{},,,"re-enters on: PS5 inner-validation gain as a member of a group or pair, a later exploratory draw, a new vintage, or a change of declared target","REDUNDANCY_GROUP R1 (|r|>=0.95): 89,91,93,94,159,181,292,306,308 | NO_DECLARED_TARGET_CONSTRUCTED: NOT_APPLICABLE: literature replica; author preprocessing and target protocol preserved; section-3 business targets Y_s/Y_l/Y_b do not apply to this resource"
182,inner_1,UNRANKED,,{},,,"re-enters on: PS5 inner-validation gain as a member of a group or pair, a later exploratory draw, a new vintage, or a change of declared target",NO_DECLARED_TARGET_CONSTRUCTED: NOT_APPLICABLE: literature replica; author preprocessing and target protocol preserved; section-3 business targets Y_s/Y_l/Y_b do not apply to this resource
183,inner_1,UNRANKED,,{},,,"re-enters on: PS5 inner-validation gain as a member of a group or pair, a later exploratory draw, a new vintage, or a change of declared target",NO_DECLARED_TARGET_CONSTRUCTED: NOT_APPLICABLE: literature replica; author preprocessing and target protocol preserved; section-3 business targets Y_s/Y_l/Y_b do not apply to this resource
184,inner_1,UNRANKED,,{},,,"re-enters on: PS5 inner-validation gain as a member of a group or pair, a later exploratory draw, a new vintage, or a change of declared target",NO_DECLARED_TARGET_CONSTRUCTED: NOT_APPLICABLE: literature replica; author preprocessing and target protocol preserved; section-3 business targets Y_s/Y_l/Y_b do not apply to this resource
185,inner_1,UNRANKED,,{},,,"re-enters on: PS5 inner-validation gain as a member of a group or pair, a later exploratory draw, a new vintage, or a change of declared target",NO_DECLARED_TARGET_CONSTRUCTED: NOT_APPLICABLE: literature replica; author preprocessing and target protocol preserved; section-3 business targets Y_s/Y_l/Y_b do not apply to this resource
186,inner_1,UNRANKED,R2,{},,,"re-enters on: PS5 inner-validation gain as a member of a group or pair, a later exploratory draw, a new vintage, or a change of declared target","REDUNDANCY_GROUP R2 (|r|>=0.95): 186,187 | NO_DECLARED_TARGET_CONSTRUCTED: NOT_APPLICABLE: literature replica; author preprocessing and target protocol preserved; section-3 business targets Y_s/Y_l/Y_b do not apply to this resource"
187,inner_1,UNRANKED,R2,{},,,"re-enters on: PS5 inner-validation gain as a member of a group or pair, a later exploratory draw, a new vintage, or a change of declared target","REDUNDANCY_GROUP R2 (|r|>=0.95): 186,187 | NO_DECLARED_TARGET_CONSTRUCTED: NOT_APPLICABLE: literature replica; author preprocessing and target protocol preserved; section-3 business targets Y_s/Y_l/Y_b do not apply to this resource"
188,inner_1,UNRANKED,,{},,,"re-enters on: PS5 inner-validation gain as a member of a group or pair, a later exploratory draw, a new vintage, or a change of declared target",NO_DECLARED_TARGET_CONSTRUCTED: NOT_APPLICABLE: literature replica; author preprocessing and target protocol preserved; section-3 business targets Y_s/Y_l/Y_b do not apply to this resource
189,inner_1,UNRANKED,,{},,,"re-enters on: PS5 inner-validation gain as a member of a group or pair, a later exploratory draw, a new vintage, or a change of declared target",NO_DECLARED_TARGET_CONSTRUCTED: NOT_APPLICABLE: literature replica; author preprocessing and target protocol preserved; section-3 business targets Y_s/Y_l/Y_b do not apply to this resource
190,inner_1,UNRANKED,R3,{},,,"re-enters on: PS5 inner-validation gain as a member of a group or pair, a later exploratory draw, a new vintage, or a change of declared target","REDUNDANCY_GROUP R3 (|r|>=0.95): 190,208,210,212,215,221,233,243,249,262 | NO_DECLARED_TARGET_CONSTRUCTED: NOT_APPLICABLE: literature replica; author preprocessing and target protocol preserved; section-3 business targets Y_s/Y_l/Y_b do not apply to this resource"
191,inner_1,UNRANKED,,{},,,"re-enters on: PS5 inner-validation gain as a member of a group or pair, a later exploratory draw, a new vintage, or a change of declared target",NO_DECLARED_TARGET_CONSTRUCTED: NOT_APPLICABLE: literature replica; author preprocessing and target protocol preserved; section-3 business targets Y_s/Y_l/Y_b do not apply to this resource
192,inner_1,UNRANKED,,{},,,"re-enters on: PS5 inner-validation gain as a member of a group or pair, a later exploratory draw, a new vintage, or a change of declared target",NO_DECLARED_TARGET_CONSTRUCTED: NOT_APPLICABLE: literature replica; author preprocessing and target protocol preserved; section-3 business targets Y_s/Y_l/Y_b do not apply to this resource
193,inner_1,UNRANKED,,{},,,"re-enters on: PS5 inner-validation gain as a member of a group or pair, a later exploratory draw, a new vintage, or a change of declared target",NO_DECLARED_TARGET_CONSTRUCTED: NOT_APPLICABLE: literature replica; author preprocessing and target protocol preserved; section-3 business targets Y_s/Y_l/Y_b do not apply to this resource
194,inner_1,UNRANKED,,{},,,"re-enters on: PS5 inner-validation gain as a member of a group or pair, a later exploratory draw, a new vintage, or a change of declared target",NO_DECLARED_TARGET_CONSTRUCTED: NOT_APPLICABLE: literature replica; author preprocessing and target protocol preserved; section-3 business targets Y_s/Y_l/Y_b do not apply to this resource
195,inner_1,UNRANKED,,{},,,"re-enters on: PS5 inner-validation gain as a member of a group or pair, a later exploratory draw, a new vintage, or a change of declared target",NO_DECLARED_TARGET_CONSTRUCTED: NOT_APPLICABLE: literature replica; author preprocessing and target protocol preserved; section-3 business targets Y_s/Y_l/Y_b do not apply to this resource
196,inner_1,UNRANKED,,{},,,"re-enters on: PS5 inner-validation gain as a member of a group or pair, a later exploratory draw, a new vintage, or a change of declared target",NO_DECLARED_TARGET_CONSTRUCTED: NOT_APPLICABLE: literature replica; author preprocessing and target protocol preserved; section-3 business targets Y_s/Y_l/Y_b do not apply to this resource
197,inner_1,UNRANKED,,{},,,"re-enters on: PS5 inner-validation gain as a member of a group or pair, a later exploratory draw, a new vintage, or a change of declared target",NO_DECLARED_TARGET_CONSTRUCTED: NOT_APPLICABLE: literature replica; author preprocessing and target protocol preserved; section-3 business targets Y_s/Y_l/Y_b do not apply to this resource
198,inner_1,UNRANKED,,{},,,"re-enters on: PS5 inner-validation gain as a member of a group or pair, a later exploratory draw, a new vintage, or a change of declared target",NO_DECLARED_TARGET_CONSTRUCTED: NOT_APPLICABLE: literature replica; author preprocessing and target protocol preserved; section-3 business targets Y_s/Y_l/Y_b do not apply to this resource
199,inner_1,UNRANKED,,{},,,"re-enters on: PS5 inner-validation gain as a member of a group or pair, a later exploratory draw, a new vintage, or a change of declared target",NO_DECLARED_TARGET_CONSTRUCTED: NOT_APPLICABLE: literature replica; author preprocessing and target protocol preserved; section-3 business targets Y_s/Y_l/Y_b do not apply to this resource
200,inner_1,UNRANKED,,{},,,"re-enters on: PS5 inner-validation gain as a member of a group or pair, a later exploratory draw, a new vintage, or a change of declared target",NO_DECLARED_TARGET_CONSTRUCTED: NOT_APPLICABLE: literature replica; author preprocessing and target protocol preserved; section-3 business targets Y_s/Y_l/Y_b do not apply to this resource
201,inner_1,UNRANKED,,{},,,"re-enters on: PS5 inner-validation gain as a member of a group or pair, a later exploratory draw, a new vintage, or a change of declared target",NO_DECLARED_TARGET_CONSTRUCTED: NOT_APPLICABLE: literature replica; author preprocessing and target protocol preserved; section-3 business targets Y_s/Y_l/Y_b do not apply to this resource
202,inner_1,UNRANKED,,{},,,"re-enters on: PS5 inner-validation gain as a member of a group or pair, a later exploratory draw, a new vintage, or a change of declared target",NO_DECLARED_TARGET_CONSTRUCTED: NOT_APPLICABLE: literature replica; author preprocessing and target protocol preserved; section-3 business targets Y_s/Y_l/Y_b do not apply to this resource
203,inner_1,UNRANKED,,{},,,"re-enters on: PS5 inner-validation gain as a member of a group or pair, a later exploratory draw, a new vintage, or a change of declared target",NO_DECLARED_TARGET_CONSTRUCTED: NOT_APPLICABLE: literature replica; author preprocessing and target protocol preserved; section-3 business targets Y_s/Y_l/Y_b do not apply to this resource
204,inner_1,UNRANKED,,{},,,"re-enters on: PS5 inner-validation gain as a member of a group or pair, a later exploratory draw, a new vintage, or a change of declared target",NO_DECLARED_TARGET_CONSTRUCTED: NOT_APPLICABLE: literature replica; author preprocessing and target protocol preserved; section-3 business targets Y_s/Y_l/Y_b do not apply to this resource
205,inner_1,UNRANKED,,{},,,"re-enters on: PS5 inner-validation gain as a member of a group or pair, a later exploratory draw, a new vintage, or a change of declared target",NO_DECLARED_TARGET_CONSTRUCTED: NOT_APPLICABLE: literature replica; author preprocessing and target protocol preserved; section-3 business targets Y_s/Y_l/Y_b do not apply to this resource
206,inner_1,UNRANKED,,{},,,"re-enters on: PS5 inner-validation gain as a member of a group or pair, a later exploratory draw, a new vintage, or a change of declared target",NO_DECLARED_TARGET_CONSTRUCTED: NOT_APPLICABLE: literature replica; author preprocessing and target protocol preserved; section-3 business targets Y_s/Y_l/Y_b do not apply to this resource
207,inner_1,UNRANKED,,{},,,"re-enters on: PS5 inner-validation gain as a member of a group or pair, a later exploratory draw, a new vintage, or a change of declared target",NO_DECLARED_TARGET_CONSTRUCTED: NOT_APPLICABLE: literature replica; author preprocessing and target protocol preserved; section-3 business targets Y_s/Y_l/Y_b do not apply to this resource
208,inner_1,UNRANKED,R3,{},,,"re-enters on: PS5 inner-validation gain as a member of a group or pair, a later exploratory draw, a new vintage, or a change of declared target","REDUNDANCY_GROUP R3 (|r|>=0.95): 190,208,210,212,215,221,233,243,249,262 | NO_DECLARED_TARGET_CONSTRUCTED: NOT_APPLICABLE: literature replica; author preprocessing and target protocol preserved; section-3 business targets Y_s/Y_l/Y_b do not apply to this resource"
209,inner_1,UNRANKED,,{},,,"re-enters on: PS5 inner-validation gain as a member of a group or pair, a later exploratory draw, a new vintage, or a change of declared target",NO_DECLARED_TARGET_CONSTRUCTED: NOT_APPLICABLE: literature replica; author preprocessing and target protocol preserved; section-3 business targets Y_s/Y_l/Y_b do not apply to this resource
210,inner_1,UNRANKED,R3,{},,,"re-enters on: PS5 inner-validation gain as a member of a group or pair, a later exploratory draw, a new vintage, or a change of declared target","REDUNDANCY_GROUP R3 (|r|>=0.95): 190,208,210,212,215,221,233,243,249,262 | NO_DECLARED_TARGET_CONSTRUCTED: NOT_APPLICABLE: literature replica; author preprocessing and target protocol preserved; section-3 business targets Y_s/Y_l/Y_b do not apply to this resource"
211,inner_1,UNRANKED,,{},,,"re-enters on: PS5 inner-validation gain as a member of a group or pair, a later exploratory draw, a new vintage, or a change of declared target",NO_DECLARED_TARGET_CONSTRUCTED: NOT_APPLICABLE: literature replica; author preprocessing and target protocol preserved; section-3 business targets Y_s/Y_l/Y_b do not apply to this resource
212,inner_1,UNRANKED,R3,{},,,"re-enters on: PS5 inner-validation gain as a member of a group or pair, a later exploratory draw, a new vintage, or a change of declared target","REDUNDANCY_GROUP R3 (|r|>=0.95): 190,208,210,212,215,221,233,243,249,262 | NO_DECLARED_TARGET_CONSTRUCTED: NOT_APPLICABLE: literature replica; author preprocessing and target protocol preserved; section-3 business targets Y_s/Y_l/Y_b do not apply to this resource"
213,inner_1,UNRANKED,,{},,,"re-enters on: PS5 inner-validation gain as a member of a group or pair, a later exploratory draw, a new vintage, or a change of declared target",NO_DECLARED_TARGET_CONSTRUCTED: NOT_APPLICABLE: literature replica; author preprocessing and target protocol preserved; section-3 business targets Y_s/Y_l/Y_b do not apply to this resource
214,inner_1,UNRANKED,,{},,,"re-enters on: PS5 inner-validation gain as a member of a group or pair, a later exploratory draw, a new vintage, or a change of declared target",NO_DECLARED_TARGET_CONSTRUCTED: NOT_APPLICABLE: literature replica; author preprocessing and target protocol preserved; section-3 business targets Y_s/Y_l/Y_b do not apply to this resource
215,inner_1,UNRANKED,R3,{},,,"re-enters on: PS5 inner-validation gain as a member of a group or pair, a later exploratory draw, a new vintage, or a change of declared target","REDUNDANCY_GROUP R3 (|r|>=0.95): 190,208,210,212,215,221,233,243,249,262 | NO_DECLARED_TARGET_CONSTRUCTED: NOT_APPLICABLE: literature replica; author preprocessing and target protocol preserved; section-3 business targets Y_s/Y_l/Y_b do not apply to this resource"
216,inner_1,UNRANKED,,{},,,"re-enters on: PS5 inner-validation gain as a member of a group or pair, a later exploratory draw, a new vintage, or a change of declared target",NO_DECLARED_TARGET_CONSTRUCTED: NOT_APPLICABLE: literature replica; author preprocessing and target protocol preserved; section-3 business targets Y_s/Y_l/Y_b do not apply to this resource
217,inner_1,UNRANKED,,{},,,"re-enters on: PS5 inner-validation gain as a member of a group or pair, a later exploratory draw, a new vintage, or a change of declared target",NO_DECLARED_TARGET_CONSTRUCTED: NOT_APPLICABLE: literature replica; author preprocessing and target protocol preserved; section-3 business targets Y_s/Y_l/Y_b do not apply to this resource
218,inner_1,UNRANKED,,{},,,"re-enters on: PS5 inner-validation gain as a member of a group or pair, a later exploratory draw, a new vintage, or a change of declared target",NO_DECLARED_TARGET_CONSTRUCTED: NOT_APPLICABLE: literature replica; author preprocessing and target protocol preserved; section-3 business targets Y_s/Y_l/Y_b do not apply to this resource
219,inner_1,UNRANKED,,{},,,"re-enters on: PS5 inner-validation gain as a member of a group or pair, a later exploratory draw, a new vintage, or a change of declared target",NO_DECLARED_TARGET_CONSTRUCTED: NOT_APPLICABLE: literature replica; author preprocessing and target protocol preserved; section-3 business targets Y_s/Y_l/Y_b do not apply to this resource
220,inner_1,UNRANKED,,{},,,"re-enters on: PS5 inner-validation gain as a member of a group or pair, a later exploratory draw, a new vintage, or a change of declared target",NO_DECLARED_TARGET_CONSTRUCTED: NOT_APPLICABLE: literature replica; author preprocessing and target protocol preserved; section-3 business targets Y_s/Y_l/Y_b do not apply to this resource
221,inner_1,UNRANKED,R3,{},,,"re-enters on: PS5 inner-validation gain as a member of a group or pair, a later exploratory draw, a new vintage, or a change of declared target","REDUNDANCY_GROUP R3 (|r|>=0.95): 190,208,210,212,215,221,233,243,249,262 | NO_DECLARED_TARGET_CONSTRUCTED: NOT_APPLICABLE: literature replica; author preprocessing and target protocol preserved; section-3 business targets Y_s/Y_l/Y_b do not apply to this resource"
222,inner_1,UNRANKED,,{},,,"re-enters on: PS5 inner-validation gain as a member of a group or pair, a later exploratory draw, a new vintage, or a change of declared target",NO_DECLARED_TARGET_CONSTRUCTED: NOT_APPLICABLE: literature replica; author preprocessing and target protocol preserved; section-3 business targets Y_s/Y_l/Y_b do not apply to this resource
223,inner_1,UNRANKED,,{},,,"re-enters on: PS5 inner-validation gain as a member of a group or pair, a later exploratory draw, a new vintage, or a change of declared target",NO_DECLARED_TARGET_CONSTRUCTED: NOT_APPLICABLE: literature replica; author preprocessing and target protocol preserved; section-3 business targets Y_s/Y_l/Y_b do not apply to this resource
224,inner_1,UNRANKED,,{},,,"re-enters on: PS5 inner-validation gain as a member of a group or pair, a later exploratory draw, a new vintage, or a change of declared target",NO_DECLARED_TARGET_CONSTRUCTED: NOT_APPLICABLE: literature replica; author preprocessing and target protocol preserved; section-3 business targets Y_s/Y_l/Y_b do not apply to this resource
225,inner_1,UNRANKED,,{},,,"re-enters on: PS5 inner-validation gain as a member of a group or pair, a later exploratory draw, a new vintage, or a change of declared target",NO_DECLARED_TARGET_CONSTRUCTED: NOT_APPLICABLE: literature replica; author preprocessing and target protocol preserved; section-3 business targets Y_s/Y_l/Y_b do not apply to this resource
226,inner_1,UNRANKED,,{},,,"re-enters on: PS5 inner-validation gain as a member of a group or pair, a later exploratory draw, a new vintage, or a change of declared target",NO_DECLARED_TARGET_CONSTRUCTED: NOT_APPLICABLE: literature replica; author preprocessing and target protocol preserved; section-3 business targets Y_s/Y_l/Y_b do not apply to this resource
227,inner_1,UNRANKED,,{},,,"re-enters on: PS5 inner-validation gain as a member of a group or pair, a later exploratory draw, a new vintage, or a change of declared target",NO_DECLARED_TARGET_CONSTRUCTED: NOT_APPLICABLE: literature replica; author preprocessing and target protocol preserved; section-3 business targets Y_s/Y_l/Y_b do not apply to this resource
228,inner_1,UNRANKED,R4,{},,,"re-enters on: PS5 inner-validation gain as a member of a group or pair, a later exploratory draw, a new vintage, or a change of declared target","REDUNDANCY_GROUP R4 (|r|>=0.95): 228,239 | NO_DECLARED_TARGET_CONSTRUCTED: NOT_APPLICABLE: literature replica; author preprocessing and target protocol preserved; section-3 business targets Y_s/Y_l/Y_b do not apply to this resource"
229,inner_1,UNRANKED,,{},,,"re-enters on: PS5 inner-validation gain as a member of a group or pair, a later exploratory draw, a new vintage, or a change of declared target",NO_DECLARED_TARGET_CONSTRUCTED: NOT_APPLICABLE: literature replica; author preprocessing and target protocol preserved; section-3 business targets Y_s/Y_l/Y_b do not apply to this resource
230,inner_1,UNRANKED,,{},,,"re-enters on: PS5 inner-validation gain as a member of a group or pair, a later exploratory draw, a new vintage, or a change of declared target",NO_DECLARED_TARGET_CONSTRUCTED: NOT_APPLICABLE: literature replica; author preprocessing and target protocol preserved; section-3 business targets Y_s/Y_l/Y_b do not apply to this resource
231,inner_1,UNRANKED,,{},,,"re-enters on: PS5 inner-validation gain as a member of a group or pair, a later exploratory draw, a new vintage, or a change of declared target",NO_DECLARED_TARGET_CONSTRUCTED: NOT_APPLICABLE: literature replica; author preprocessing and target protocol preserved; section-3 business targets Y_s/Y_l/Y_b do not apply to this resource
232,inner_1,UNRANKED,,{},,,"re-enters on: PS5 inner-validation gain as a member of a group or pair, a later exploratory draw, a new vintage, or a change of declared target",NO_DECLARED_TARGET_CONSTRUCTED: NOT_APPLICABLE: literature replica; author preprocessing and target protocol preserved; section-3 business targets Y_s/Y_l/Y_b do not apply to this resource
233,inner_1,UNRANKED,R3,{},,,"re-enters on: PS5 inner-validation gain as a member of a group or pair, a later exploratory draw, a new vintage, or a change of declared target","REDUNDANCY_GROUP R3 (|r|>=0.95): 190,208,210,212,215,221,233,243,249,262 | NO_DECLARED_TARGET_CONSTRUCTED: NOT_APPLICABLE: literature replica; author preprocessing and target protocol preserved; section-3 business targets Y_s/Y_l/Y_b do not apply to this resource"
234,inner_1,UNRANKED,,{},,,"re-enters on: PS5 inner-validation gain as a member of a group or pair, a later exploratory draw, a new vintage, or a change of declared target",NO_DECLARED_TARGET_CONSTRUCTED: NOT_APPLICABLE: literature replica; author preprocessing and target protocol preserved; section-3 business targets Y_s/Y_l/Y_b do not apply to this resource
235,inner_1,UNRANKED,,{},,,"re-enters on: PS5 inner-validation gain as a member of a group or pair, a later exploratory draw, a new vintage, or a change of declared target",NO_DECLARED_TARGET_CONSTRUCTED: NOT_APPLICABLE: literature replica; author preprocessing and target protocol preserved; section-3 business targets Y_s/Y_l/Y_b do not apply to this resource
236,inner_1,UNRANKED,,{},,,"re-enters on: PS5 inner-validation gain as a member of a group or pair, a later exploratory draw, a new vintage, or a change of declared target",NO_DECLARED_TARGET_CONSTRUCTED: NOT_APPLICABLE: literature replica; author preprocessing and target protocol preserved; section-3 business targets Y_s/Y_l/Y_b do not apply to this resource
237,inner_1,UNRANKED,R5,{},,,"re-enters on: PS5 inner-validation gain as a member of a group or pair, a later exploratory draw, a new vintage, or a change of declared target","REDUNDANCY_GROUP R5 (|r|>=0.95): 237,242,244 | NO_DECLARED_TARGET_CONSTRUCTED: NOT_APPLICABLE: literature replica; author preprocessing and target protocol preserved; section-3 business targets Y_s/Y_l/Y_b do not apply to this resource"
238,inner_1,UNRANKED,,{},,,"re-enters on: PS5 inner-validation gain as a member of a group or pair, a later exploratory draw, a new vintage, or a change of declared target",NO_DECLARED_TARGET_CONSTRUCTED: NOT_APPLICABLE: literature replica; author preprocessing and target protocol preserved; section-3 business targets Y_s/Y_l/Y_b do not apply to this resource
239,inner_1,UNRANKED,R4,{},,,"re-enters on: PS5 inner-validation gain as a member of a group or pair, a later exploratory draw, a new vintage, or a change of declared target","REDUNDANCY_GROUP R4 (|r|>=0.95): 228,239 | NO_DECLARED_TARGET_CONSTRUCTED: NOT_APPLICABLE: literature replica; author preprocessing and target protocol preserved; section-3 business targets Y_s/Y_l/Y_b do not apply to this resource"
240,inner_1,UNRANKED,,{},,,"re-enters on: PS5 inner-validation gain as a member of a group or pair, a later exploratory draw, a new vintage, or a change of declared target",NO_DECLARED_TARGET_CONSTRUCTED: NOT_APPLICABLE: literature replica; author preprocessing and target protocol preserved; section-3 business targets Y_s/Y_l/Y_b do not apply to this resource
241,inner_1,UNRANKED,,{},,,"re-enters on: PS5 inner-validation gain as a member of a group or pair, a later exploratory draw, a new vintage, or a change of declared target",NO_DECLARED_TARGET_CONSTRUCTED: NOT_APPLICABLE: literature replica; author preprocessing and target protocol preserved; section-3 business targets Y_s/Y_l/Y_b do not apply to this resource
242,inner_1,UNRANKED,R5,{},,,"re-enters on: PS5 inner-validation gain as a member of a group or pair, a later exploratory draw, a new vintage, or a change of declared target","REDUNDANCY_GROUP R5 (|r|>=0.95): 237,242,244 | NO_DECLARED_TARGET_CONSTRUCTED: NOT_APPLICABLE: literature replica; author preprocessing and target protocol preserved; section-3 business targets Y_s/Y_l/Y_b do not apply to this resource"
243,inner_1,UNRANKED,R3,{},,,"re-enters on: PS5 inner-validation gain as a member of a group or pair, a later exploratory draw, a new vintage, or a change of declared target","REDUNDANCY_GROUP R3 (|r|>=0.95): 190,208,210,212,215,221,233,243,249,262 | NO_DECLARED_TARGET_CONSTRUCTED: NOT_APPLICABLE: literature replica; author preprocessing and target protocol preserved; section-3 business targets Y_s/Y_l/Y_b do not apply to this resource"
244,inner_1,UNRANKED,R5,{},,,"re-enters on: PS5 inner-validation gain as a member of a group or pair, a later exploratory draw, a new vintage, or a change of declared target","REDUNDANCY_GROUP R5 (|r|>=0.95): 237,242,244 | NO_DECLARED_TARGET_CONSTRUCTED: NOT_APPLICABLE: literature replica; author preprocessing and target protocol preserved; section-3 business targets Y_s/Y_l/Y_b do not apply to this resource"
245,inner_1,UNRANKED,,{},,,"re-enters on: PS5 inner-validation gain as a member of a group or pair, a later exploratory draw, a new vintage, or a change of declared target",NO_DECLARED_TARGET_CONSTRUCTED: NOT_APPLICABLE: literature replica; author preprocessing and target protocol preserved; section-3 business targets Y_s/Y_l/Y_b do not apply to this resource
246,inner_1,UNRANKED,,{},,,"re-enters on: PS5 inner-validation gain as a member of a group or pair, a later exploratory draw, a new vintage, or a change of declared target",NO_DECLARED_TARGET_CONSTRUCTED: NOT_APPLICABLE: literature replica; author preprocessing and target protocol preserved; section-3 business targets Y_s/Y_l/Y_b do not apply to this resource
247,inner_1,UNRANKED,,{},,,"re-enters on: PS5 inner-validation gain as a member of a group or pair, a later exploratory draw, a new vintage, or a change of declared target",NO_DECLARED_TARGET_CONSTRUCTED: NOT_APPLICABLE: literature replica; author preprocessing and target protocol preserved; section-3 business targets Y_s/Y_l/Y_b do not apply to this resource
248,inner_1,UNRANKED,,{},,,"re-enters on: PS5 inner-validation gain as a member of a group or pair, a later exploratory draw, a new vintage, or a change of declared target",NO_DECLARED_TARGET_CONSTRUCTED: NOT_APPLICABLE: literature replica; author preprocessing and target protocol preserved; section-3 business targets Y_s/Y_l/Y_b do not apply to this resource
249,inner_1,UNRANKED,R3,{},,,"re-enters on: PS5 inner-validation gain as a member of a group or pair, a later exploratory draw, a new vintage, or a change of declared target","REDUNDANCY_GROUP R3 (|r|>=0.95): 190,208,210,212,215,221,233,243,249,262 | NO_DECLARED_TARGET_CONSTRUCTED: NOT_APPLICABLE: literature replica; author preprocessing and target protocol preserved; section-3 business targets Y_s/Y_l/Y_b do not apply to this resource"
250,inner_1,UNRANKED,,{},,,"re-enters on: PS5 inner-validation gain as a member of a group or pair, a later exploratory draw, a new vintage, or a change of declared target",NO_DECLARED_TARGET_CONSTRUCTED: NOT_APPLICABLE: literature replica; author preprocessing and target protocol preserved; section-3 business targets Y_s/Y_l/Y_b do not apply to this resource
251,inner_1,UNRANKED,,{},,,"re-enters on: PS5 inner-validation gain as a member of a group or pair, a later exploratory draw, a new vintage, or a change of declared target",NO_DECLARED_TARGET_CONSTRUCTED: NOT_APPLICABLE: literature replica; author preprocessing and target protocol preserved; section-3 business targets Y_s/Y_l/Y_b do not apply to this resource
252,inner_1,UNRANKED,,{},,,"re-enters on: PS5 inner-validation gain as a member of a group or pair, a later exploratory draw, a new vintage, or a change of declared target",NO_DECLARED_TARGET_CONSTRUCTED: NOT_APPLICABLE: literature replica; author preprocessing and target protocol preserved; section-3 business targets Y_s/Y_l/Y_b do not apply to this resource
253,inner_1,UNRANKED,,{},,,"re-enters on: PS5 inner-validation gain as a member of a group or pair, a later exploratory draw, a new vintage, or a change of declared target",NO_DECLARED_TARGET_CONSTRUCTED: NOT_APPLICABLE: literature replica; author preprocessing and target protocol preserved; section-3 business targets Y_s/Y_l/Y_b do not apply to this resource
254,inner_1,UNRANKED,,{},,,"re-enters on: PS5 inner-validation gain as a member of a group or pair, a later exploratory draw, a new vintage, or a change of declared target",NO_DECLARED_TARGET_CONSTRUCTED: NOT_APPLICABLE: literature replica; author preprocessing and target protocol preserved; section-3 business targets Y_s/Y_l/Y_b do not apply to this resource
255,inner_1,UNRANKED,,{},,,"re-enters on: PS5 inner-validation gain as a member of a group or pair, a later exploratory draw, a new vintage, or a change of declared target",NO_DECLARED_TARGET_CONSTRUCTED: NOT_APPLICABLE: literature replica; author preprocessing and target protocol preserved; section-3 business targets Y_s/Y_l/Y_b do not apply to this resource
256,inner_1,UNRANKED,,{},,,"re-enters on: PS5 inner-validation gain as a member of a group or pair, a later exploratory draw, a new vintage, or a change of declared target",NO_DECLARED_TARGET_CONSTRUCTED: NOT_APPLICABLE: literature replica; author preprocessing and target protocol preserved; section-3 business targets Y_s/Y_l/Y_b do not apply to this resource
257,inner_1,UNRANKED,,{},,,"re-enters on: PS5 inner-validation gain as a member of a group or pair, a later exploratory draw, a new vintage, or a change of declared target",NO_DECLARED_TARGET_CONSTRUCTED: NOT_APPLICABLE: literature replica; author preprocessing and target protocol preserved; section-3 business targets Y_s/Y_l/Y_b do not apply to this resource
258,inner_1,UNRANKED,,{},,,"re-enters on: PS5 inner-validation gain as a member of a group or pair, a later exploratory draw, a new vintage, or a change of declared target",NO_DECLARED_TARGET_CONSTRUCTED: NOT_APPLICABLE: literature replica; author preprocessing and target protocol preserved; section-3 business targets Y_s/Y_l/Y_b do not apply to this resource
259,inner_1,UNRANKED,,{},,,"re-enters on: PS5 inner-validation gain as a member of a group or pair, a later exploratory draw, a new vintage, or a change of declared target",NO_DECLARED_TARGET_CONSTRUCTED: NOT_APPLICABLE: literature replica; author preprocessing and target protocol preserved; section-3 business targets Y_s/Y_l/Y_b do not apply to this resource
260,inner_1,UNRANKED,,{},,,"re-enters on: PS5 inner-validation gain as a member of a group or pair, a later exploratory draw, a new vintage, or a change of declared target",NO_DECLARED_TARGET_CONSTRUCTED: NOT_APPLICABLE: literature replica; author preprocessing and target protocol preserved; section-3 business targets Y_s/Y_l/Y_b do not apply to this resource
261,inner_1,UNRANKED,,{},,,"re-enters on: PS5 inner-validation gain as a member of a group or pair, a later exploratory draw, a new vintage, or a change of declared target",NO_DECLARED_TARGET_CONSTRUCTED: NOT_APPLICABLE: literature replica; author preprocessing and target protocol preserved; section-3 business targets Y_s/Y_l/Y_b do not apply to this resource
262,inner_1,UNRANKED,R3,{},,,"re-enters on: PS5 inner-validation gain as a member of a group or pair, a later exploratory draw, a new vintage, or a change of declared target","REDUNDANCY_GROUP R3 (|r|>=0.95): 190,208,210,212,215,221,233,243,249,262 | NO_DECLARED_TARGET_CONSTRUCTED: NOT_APPLICABLE: literature replica; author preprocessing and target protocol preserved; section-3 business targets Y_s/Y_l/Y_b do not apply to this resource"
263,inner_1,UNRANKED,,{},,,"re-enters on: PS5 inner-validation gain as a member of a group or pair, a later exploratory draw, a new vintage, or a change of declared target",NO_DECLARED_TARGET_CONSTRUCTED: NOT_APPLICABLE: literature replica; author preprocessing and target protocol preserved; section-3 business targets Y_s/Y_l/Y_b do not apply to this resource
264,inner_1,UNRANKED,,{},,,"re-enters on: PS5 inner-validation gain as a member of a group or pair, a later exploratory draw, a new vintage, or a change of declared target",NO_DECLARED_TARGET_CONSTRUCTED: NOT_APPLICABLE: literature replica; author preprocessing and target protocol preserved; section-3 business targets Y_s/Y_l/Y_b do not apply to this resource
265,inner_1,UNRANKED,,{},,,"re-enters on: PS5 inner-validation gain as a member of a group or pair, a later exploratory draw, a new vintage, or a change of declared target",NO_DECLARED_TARGET_CONSTRUCTED: NOT_APPLICABLE: literature replica; author preprocessing and target protocol preserved; section-3 business targets Y_s/Y_l/Y_b do not apply to this resource
266,inner_1,UNRANKED,,{},,,"re-enters on: PS5 inner-validation gain as a member of a group or pair, a later exploratory draw, a new vintage, or a change of declared target",NO_DECLARED_TARGET_CONSTRUCTED: NOT_APPLICABLE: literature replica; author preprocessing and target protocol preserved; section-3 business targets Y_s/Y_l/Y_b do not apply to this resource
267,inner_1,UNRANKED,,{},,,"re-enters on: PS5 inner-validation gain as a member of a group or pair, a later exploratory draw, a new vintage, or a change of declared target",NO_DECLARED_TARGET_CONSTRUCTED: NOT_APPLICABLE: literature replica; author preprocessing and target protocol preserved; section-3 business targets Y_s/Y_l/Y_b do not apply to this resource
268,inner_1,UNRANKED,,{},,,"re-enters on: PS5 inner-validation gain as a member of a group or pair, a later exploratory draw, a new vintage, or a change of declared target",NO_DECLARED_TARGET_CONSTRUCTED: NOT_APPLICABLE: literature replica; author preprocessing and target protocol preserved; section-3 business targets Y_s/Y_l/Y_b do not apply to this resource
269,inner_1,UNRANKED,,{},,,"re-enters on: PS5 inner-validation gain as a member of a group or pair, a later exploratory draw, a new vintage, or a change of declared target",NO_DECLARED_TARGET_CONSTRUCTED: NOT_APPLICABLE: literature replica; author preprocessing and target protocol preserved; section-3 business targets Y_s/Y_l/Y_b do not apply to this resource
270,inner_1,UNRANKED,,{},,,"re-enters on: PS5 inner-validation gain as a member of a group or pair, a later exploratory draw, a new vintage, or a change of declared target",NO_DECLARED_TARGET_CONSTRUCTED: NOT_APPLICABLE: literature replica; author preprocessing and target protocol preserved; section-3 business targets Y_s/Y_l/Y_b do not apply to this resource
271,inner_1,UNRANKED,,{},,,"re-enters on: PS5 inner-validation gain as a member of a group or pair, a later exploratory draw, a new vintage, or a change of declared target",NO_DECLARED_TARGET_CONSTRUCTED: NOT_APPLICABLE: literature replica; author preprocessing and target protocol preserved; section-3 business targets Y_s/Y_l/Y_b do not apply to this resource
272,inner_1,UNRANKED,R6,{},,,"re-enters on: PS5 inner-validation gain as a member of a group or pair, a later exploratory draw, a new vintage, or a change of declared target","REDUNDANCY_GROUP R6 (|r|>=0.95): 272,283 | NO_DECLARED_TARGET_CONSTRUCTED: NOT_APPLICABLE: literature replica; author preprocessing and target protocol preserved; section-3 business targets Y_s/Y_l/Y_b do not apply to this resource"
273,inner_1,UNRANKED,,{},,,"re-enters on: PS5 inner-validation gain as a member of a group or pair, a later exploratory draw, a new vintage, or a change of declared target",NO_DECLARED_TARGET_CONSTRUCTED: NOT_APPLICABLE: literature replica; author preprocessing and target protocol preserved; section-3 business targets Y_s/Y_l/Y_b do not apply to this resource
274,inner_1,UNRANKED,,{},,,"re-enters on: PS5 inner-validation gain as a member of a group or pair, a later exploratory draw, a new vintage, or a change of declared target",NO_DECLARED_TARGET_CONSTRUCTED: NOT_APPLICABLE: literature replica; author preprocessing and target protocol preserved; section-3 business targets Y_s/Y_l/Y_b do not apply to this resource
275,inner_1,UNRANKED,,{},,,"re-enters on: PS5 inner-validation gain as a member of a group or pair, a later exploratory draw, a new vintage, or a change of declared target",NO_DECLARED_TARGET_CONSTRUCTED: NOT_APPLICABLE: literature replica; author preprocessing and target protocol preserved; section-3 business targets Y_s/Y_l/Y_b do not apply to this resource
276,inner_1,UNRANKED,,{},,,"re-enters on: PS5 inner-validation gain as a member of a group or pair, a later exploratory draw, a new vintage, or a change of declared target",NO_DECLARED_TARGET_CONSTRUCTED: NOT_APPLICABLE: literature replica; author preprocessing and target protocol preserved; section-3 business targets Y_s/Y_l/Y_b do not apply to this resource
277,inner_1,UNRANKED,,{},,,"re-enters on: PS5 inner-validation gain as a member of a group or pair, a later exploratory draw, a new vintage, or a change of declared target",NO_DECLARED_TARGET_CONSTRUCTED: NOT_APPLICABLE: literature replica; author preprocessing and target protocol preserved; section-3 business targets Y_s/Y_l/Y_b do not apply to this resource
278,inner_1,UNRANKED,,{},,,"re-enters on: PS5 inner-validation gain as a member of a group or pair, a later exploratory draw, a new vintage, or a change of declared target",NO_DECLARED_TARGET_CONSTRUCTED: NOT_APPLICABLE: literature replica; author preprocessing and target protocol preserved; section-3 business targets Y_s/Y_l/Y_b do not apply to this resource
279,inner_1,UNRANKED,,{},,,"re-enters on: PS5 inner-validation gain as a member of a group or pair, a later exploratory draw, a new vintage, or a change of declared target",NO_DECLARED_TARGET_CONSTRUCTED: NOT_APPLICABLE: literature replica; author preprocessing and target protocol preserved; section-3 business targets Y_s/Y_l/Y_b do not apply to this resource
280,inner_1,UNRANKED,,{},,,"re-enters on: PS5 inner-validation gain as a member of a group or pair, a later exploratory draw, a new vintage, or a change of declared target",NO_DECLARED_TARGET_CONSTRUCTED: NOT_APPLICABLE: literature replica; author preprocessing and target protocol preserved; section-3 business targets Y_s/Y_l/Y_b do not apply to this resource
281,inner_1,UNRANKED,,{},,,"re-enters on: PS5 inner-validation gain as a member of a group or pair, a later exploratory draw, a new vintage, or a change of declared target",NO_DECLARED_TARGET_CONSTRUCTED: NOT_APPLICABLE: literature replica; author preprocessing and target protocol preserved; section-3 business targets Y_s/Y_l/Y_b do not apply to this resource
282,inner_1,UNRANKED,,{},,,"re-enters on: PS5 inner-validation gain as a member of a group or pair, a later exploratory draw, a new vintage, or a change of declared target",NO_DECLARED_TARGET_CONSTRUCTED: NOT_APPLICABLE: literature replica; author preprocessing and target protocol preserved; section-3 business targets Y_s/Y_l/Y_b do not apply to this resource
283,inner_1,UNRANKED,R6,{},,,"re-enters on: PS5 inner-validation gain as a member of a group or pair, a later exploratory draw, a new vintage, or a change of declared target","REDUNDANCY_GROUP R6 (|r|>=0.95): 272,283 | NO_DECLARED_TARGET_CONSTRUCTED: NOT_APPLICABLE: literature replica; author preprocessing and target protocol preserved; section-3 business targets Y_s/Y_l/Y_b do not apply to this resource"
284,inner_1,UNRANKED,,{},,,"re-enters on: PS5 inner-validation gain as a member of a group or pair, a later exploratory draw, a new vintage, or a change of declared target",NO_DECLARED_TARGET_CONSTRUCTED: NOT_APPLICABLE: literature replica; author preprocessing and target protocol preserved; section-3 business targets Y_s/Y_l/Y_b do not apply to this resource
285,inner_1,UNRANKED,,{},,,"re-enters on: PS5 inner-validation gain as a member of a group or pair, a later exploratory draw, a new vintage, or a change of declared target",NO_DECLARED_TARGET_CONSTRUCTED: NOT_APPLICABLE: literature replica; author preprocessing and target protocol preserved; section-3 business targets Y_s/Y_l/Y_b do not apply to this resource
286,inner_1,UNRANKED,,{},,,"re-enters on: PS5 inner-validation gain as a member of a group or pair, a later exploratory draw, a new vintage, or a change of declared target",NO_DECLARED_TARGET_CONSTRUCTED: NOT_APPLICABLE: literature replica; author preprocessing and target protocol preserved; section-3 business targets Y_s/Y_l/Y_b do not apply to this resource
287,inner_1,UNRANKED,,{},,,"re-enters on: PS5 inner-validation gain as a member of a group or pair, a later exploratory draw, a new vintage, or a change of declared target",NO_DECLARED_TARGET_CONSTRUCTED: NOT_APPLICABLE: literature replica; author preprocessing and target protocol preserved; section-3 business targets Y_s/Y_l/Y_b do not apply to this resource
288,inner_1,UNRANKED,,{},,,"re-enters on: PS5 inner-validation gain as a member of a group or pair, a later exploratory draw, a new vintage, or a change of declared target",NO_DECLARED_TARGET_CONSTRUCTED: NOT_APPLICABLE: literature replica; author preprocessing and target protocol preserved; section-3 business targets Y_s/Y_l/Y_b do not apply to this resource
289,inner_1,UNRANKED,,{},,,"re-enters on: PS5 inner-validation gain as a member of a group or pair, a later exploratory draw, a new vintage, or a change of declared target",NO_DECLARED_TARGET_CONSTRUCTED: NOT_APPLICABLE: literature replica; author preprocessing and target protocol preserved; section-3 business targets Y_s/Y_l/Y_b do not apply to this resource
290,inner_1,UNRANKED,,{},,,"re-enters on: PS5 inner-validation gain as a member of a group or pair, a later exploratory draw, a new vintage, or a change of declared target",NO_DECLARED_TARGET_CONSTRUCTED: NOT_APPLICABLE: literature replica; author preprocessing and target protocol preserved; section-3 business targets Y_s/Y_l/Y_b do not apply to this resource
291,inner_1,UNRANKED,,{},,,"re-enters on: PS5 inner-validation gain as a member of a group or pair, a later exploratory draw, a new vintage, or a change of declared target",NO_DECLARED_TARGET_CONSTRUCTED: NOT_APPLICABLE: literature replica; author preprocessing and target protocol preserved; section-3 business targets Y_s/Y_l/Y_b do not apply to this resource
292,inner_1,UNRANKED,R1,{},,,"re-enters on: PS5 inner-validation gain as a member of a group or pair, a later exploratory draw, a new vintage, or a change of declared target","REDUNDANCY_GROUP R1 (|r|>=0.95): 89,91,93,94,159,181,292,306,308 | NO_DECLARED_TARGET_CONSTRUCTED: NOT_APPLICABLE: literature replica; author preprocessing and target protocol preserved; section-3 business targets Y_s/Y_l/Y_b do not apply to this resource"
293,inner_1,UNRANKED,,{},,,"re-enters on: PS5 inner-validation gain as a member of a group or pair, a later exploratory draw, a new vintage, or a change of declared target",NO_DECLARED_TARGET_CONSTRUCTED: NOT_APPLICABLE: literature replica; author preprocessing and target protocol preserved; section-3 business targets Y_s/Y_l/Y_b do not apply to this resource
294,inner_1,UNRANKED,,{},,,"re-enters on: PS5 inner-validation gain as a member of a group or pair, a later exploratory draw, a new vintage, or a change of declared target",NO_DECLARED_TARGET_CONSTRUCTED: NOT_APPLICABLE: literature replica; author preprocessing and target protocol preserved; section-3 business targets Y_s/Y_l/Y_b do not apply to this resource
295,inner_1,UNRANKED,,{},,,"re-enters on: PS5 inner-validation gain as a member of a group or pair, a later exploratory draw, a new vintage, or a change of declared target",NO_DECLARED_TARGET_CONSTRUCTED: NOT_APPLICABLE: literature replica; author preprocessing and target protocol preserved; section-3 business targets Y_s/Y_l/Y_b do not apply to this resource
296,inner_1,UNRANKED,R7,{},,,"re-enters on: PS5 inner-validation gain as a member of a group or pair, a later exploratory draw, a new vintage, or a change of declared target","REDUNDANCY_GROUP R7 (|r|>=0.95): 296,297 | NO_DECLARED_TARGET_CONSTRUCTED: NOT_APPLICABLE: literature replica; author preprocessing and target protocol preserved; section-3 business targets Y_s/Y_l/Y_b do not apply to this resource"
297,inner_1,UNRANKED,R7,{},,,"re-enters on: PS5 inner-validation gain as a member of a group or pair, a later exploratory draw, a new vintage, or a change of declared target","REDUNDANCY_GROUP R7 (|r|>=0.95): 296,297 | NO_DECLARED_TARGET_CONSTRUCTED: NOT_APPLICABLE: literature replica; author preprocessing and target protocol preserved; section-3 business targets Y_s/Y_l/Y_b do not apply to this resource"
298,inner_1,UNRANKED,,{},,,"re-enters on: PS5 inner-validation gain as a member of a group or pair, a later exploratory draw, a new vintage, or a change of declared target",NO_DECLARED_TARGET_CONSTRUCTED: NOT_APPLICABLE: literature replica; author preprocessing and target protocol preserved; section-3 business targets Y_s/Y_l/Y_b do not apply to this resource
299,inner_1,UNRANKED,,{},,,"re-enters on: PS5 inner-validation gain as a member of a group or pair, a later exploratory draw, a new vintage, or a change of declared target",NO_DECLARED_TARGET_CONSTRUCTED: NOT_APPLICABLE: literature replica; author preprocessing and target protocol preserved; section-3 business targets Y_s/Y_l/Y_b do not apply to this resource
300,inner_1,UNRANKED,,{},,,"re-enters on: PS5 inner-validation gain as a member of a group or pair, a later exploratory draw, a new vintage, or a change of declared target",NO_DECLARED_TARGET_CONSTRUCTED: NOT_APPLICABLE: literature replica; author preprocessing and target protocol preserved; section-3 business targets Y_s/Y_l/Y_b do not apply to this resource
301,inner_1,UNRANKED,,{},,,"re-enters on: PS5 inner-validation gain as a member of a group or pair, a later exploratory draw, a new vintage, or a change of declared target",NO_DECLARED_TARGET_CONSTRUCTED: NOT_APPLICABLE: literature replica; author preprocessing and target protocol preserved; section-3 business targets Y_s/Y_l/Y_b do not apply to this resource
302,inner_1,UNRANKED,,{},,,"re-enters on: PS5 inner-validation gain as a member of a group or pair, a later exploratory draw, a new vintage, or a change of declared target",NO_DECLARED_TARGET_CONSTRUCTED: NOT_APPLICABLE: literature replica; author preprocessing and target protocol preserved; section-3 business targets Y_s/Y_l/Y_b do not apply to this resource
303,inner_1,UNRANKED,,{},,,"re-enters on: PS5 inner-validation gain as a member of a group or pair, a later exploratory draw, a new vintage, or a change of declared target",NO_DECLARED_TARGET_CONSTRUCTED: NOT_APPLICABLE: literature replica; author preprocessing and target protocol preserved; section-3 business targets Y_s/Y_l/Y_b do not apply to this resource
304,inner_1,UNRANKED,,{},,,"re-enters on: PS5 inner-validation gain as a member of a group or pair, a later exploratory draw, a new vintage, or a change of declared target",NO_DECLARED_TARGET_CONSTRUCTED: NOT_APPLICABLE: literature replica; author preprocessing and target protocol preserved; section-3 business targets Y_s/Y_l/Y_b do not apply to this resource
305,inner_1,UNRANKED,,{},,,"re-enters on: PS5 inner-validation gain as a member of a group or pair, a later exploratory draw, a new vintage, or a change of declared target",NO_DECLARED_TARGET_CONSTRUCTED: NOT_APPLICABLE: literature replica; author preprocessing and target protocol preserved; section-3 business targets Y_s/Y_l/Y_b do not apply to this resource
306,inner_1,UNRANKED,R1,{},,,"re-enters on: PS5 inner-validation gain as a member of a group or pair, a later exploratory draw, a new vintage, or a change of declared target","REDUNDANCY_GROUP R1 (|r|>=0.95): 89,91,93,94,159,181,292,306,308 | NO_DECLARED_TARGET_CONSTRUCTED: NOT_APPLICABLE: literature replica; author preprocessing and target protocol preserved; section-3 business targets Y_s/Y_l/Y_b do not apply to this resource"
307,inner_1,UNRANKED,,{},,,"re-enters on: PS5 inner-validation gain as a member of a group or pair, a later exploratory draw, a new vintage, or a change of declared target",NO_DECLARED_TARGET_CONSTRUCTED: NOT_APPLICABLE: literature replica; author preprocessing and target protocol preserved; section-3 business targets Y_s/Y_l/Y_b do not apply to this resource
308,inner_1,UNRANKED,R1,{},,,"re-enters on: PS5 inner-validation gain as a member of a group or pair, a later exploratory draw, a new vintage, or a change of declared target","REDUNDANCY_GROUP R1 (|r|>=0.95): 89,91,93,94,159,181,292,306,308 | NO_DECLARED_TARGET_CONSTRUCTED: NOT_APPLICABLE: literature replica; author preprocessing and target protocol preserved; section-3 business targets Y_s/Y_l/Y_b do not apply to this resource"
309,inner_1,UNRANKED,,{},,,"re-enters on: PS5 inner-validation gain as a member of a group or pair, a later exploratory draw, a new vintage, or a change of declared target",NO_DECLARED_TARGET_CONSTRUCTED: NOT_APPLICABLE: literature replica; author preprocessing and target protocol preserved; section-3 business targets Y_s/Y_l/Y_b do not apply to this resource
310,inner_1,UNRANKED,,{},,,"re-enters on: PS5 inner-validation gain as a member of a group or pair, a later exploratory draw, a new vintage, or a change of declared target",NO_DECLARED_TARGET_CONSTRUCTED: NOT_APPLICABLE: literature replica; author preprocessing and target protocol preserved; section-3 business targets Y_s/Y_l/Y_b do not apply to this resource
311,inner_1,UNRANKED,,{},,,"re-enters on: PS5 inner-validation gain as a member of a group or pair, a later exploratory draw, a new vintage, or a change of declared target",NO_DECLARED_TARGET_CONSTRUCTED: NOT_APPLICABLE: literature replica; author preprocessing and target protocol preserved; section-3 business targets Y_s/Y_l/Y_b do not apply to this resource
312,inner_1,UNRANKED,,{},,,"re-enters on: PS5 inner-validation gain as a member of a group or pair, a later exploratory draw, a new vintage, or a change of declared target",NO_DECLARED_TARGET_CONSTRUCTED: NOT_APPLICABLE: literature replica; author preprocessing and target protocol preserved; section-3 business targets Y_s/Y_l/Y_b do not apply to this resource
313,inner_1,UNRANKED,,{},,,"re-enters on: PS5 inner-validation gain as a member of a group or pair, a later exploratory draw, a new vintage, or a change of declared target",NO_DECLARED_TARGET_CONSTRUCTED: NOT_APPLICABLE: literature replica; author preprocessing and target protocol preserved; section-3 business targets Y_s/Y_l/Y_b do not apply to this resource
314,inner_1,UNRANKED,,{},,,"re-enters on: PS5 inner-validation gain as a member of a group or pair, a later exploratory draw, a new vintage, or a change of declared target",NO_DECLARED_TARGET_CONSTRUCTED: NOT_APPLICABLE: literature replica; author preprocessing and target protocol preserved; section-3 business targets Y_s/Y_l/Y_b do not apply to this resource
315,inner_1,UNRANKED,,{},,,"re-enters on: PS5 inner-validation gain as a member of a group or pair, a later exploratory draw, a new vintage, or a change of declared target",NO_DECLARED_TARGET_CONSTRUCTED: NOT_APPLICABLE: literature replica; author preprocessing and target protocol preserved; section-3 business targets Y_s/Y_l/Y_b do not apply to this resource
316,inner_1,UNRANKED,,{},,,"re-enters on: PS5 inner-validation gain as a member of a group or pair, a later exploratory draw, a new vintage, or a change of declared target",NO_DECLARED_TARGET_CONSTRUCTED: NOT_APPLICABLE: literature replica; author preprocessing and target protocol preserved; section-3 business targets Y_s/Y_l/Y_b do not apply to this resource
317,inner_1,UNRANKED,,{},,,"re-enters on: PS5 inner-validation gain as a member of a group or pair, a later exploratory draw, a new vintage, or a change of declared target",NO_DECLARED_TARGET_CONSTRUCTED: NOT_APPLICABLE: literature replica; author preprocessing and target protocol preserved; section-3 business targets Y_s/Y_l/Y_b do not apply to this resource
318,inner_1,UNRANKED,,{},,,"re-enters on: PS5 inner-validation gain as a member of a group or pair, a later exploratory draw, a new vintage, or a change of declared target",NO_DECLARED_TARGET_CONSTRUCTED: NOT_APPLICABLE: literature replica; author preprocessing and target protocol preserved; section-3 business targets Y_s/Y_l/Y_b do not apply to this resource
319,inner_1,UNRANKED,,{},,,"re-enters on: PS5 inner-validation gain as a member of a group or pair, a later exploratory draw, a new vintage, or a change of declared target",NO_DECLARED_TARGET_CONSTRUCTED: NOT_APPLICABLE: literature replica; author preprocessing and target protocol preserved; section-3 business targets Y_s/Y_l/Y_b do not apply to this resource
OT,inner_1,UNRANKED,,{},,,"re-enters on: PS5 inner-validation gain as a member of a group or pair, a later exploratory draw, a new vintage, or a change of declared target",NO_DECLARED_TARGET_CONSTRUCTED: NOT_APPLICABLE: literature replica; author preprocessing and target protocol preserved; section-3 business targets Y_s/Y_l/Y_b do not apply to this resource
0,inner_2,UNRANKED,,{},,,"re-enters on: PS5 inner-validation gain as a member of a group or pair, a later exploratory draw, a new vintage, or a change of declared target",NO_DECLARED_TARGET_CONSTRUCTED: NOT_APPLICABLE: literature replica; author preprocessing and target protocol preserved; section-3 business targets Y_s/Y_l/Y_b do not apply to this resource
1,inner_2,UNRANKED,,{},,,"re-enters on: PS5 inner-validation gain as a member of a group or pair, a later exploratory draw, a new vintage, or a change of declared target",NO_DECLARED_TARGET_CONSTRUCTED: NOT_APPLICABLE: literature replica; author preprocessing and target protocol preserved; section-3 business targets Y_s/Y_l/Y_b do not apply to this resource
2,inner_2,UNRANKED,,{},,,"re-enters on: PS5 inner-validation gain as a member of a group or pair, a later exploratory draw, a new vintage, or a change of declared target",NO_DECLARED_TARGET_CONSTRUCTED: NOT_APPLICABLE: literature replica; author preprocessing and target protocol preserved; section-3 business targets Y_s/Y_l/Y_b do not apply to this resource
3,inner_2,UNRANKED,,{},,,"re-enters on: PS5 inner-validation gain as a member of a group or pair, a later exploratory draw, a new vintage, or a change of declared target",NO_DECLARED_TARGET_CONSTRUCTED: NOT_APPLICABLE: literature replica; author preprocessing and target protocol preserved; section-3 business targets Y_s/Y_l/Y_b do not apply to this resource
4,inner_2,UNRANKED,,{},,,"re-enters on: PS5 inner-validation gain as a member of a group or pair, a later exploratory draw, a new vintage, or a change of declared target",NO_DECLARED_TARGET_CONSTRUCTED: NOT_APPLICABLE: literature replica; author preprocessing and target protocol preserved; section-3 business targets Y_s/Y_l/Y_b do not apply to this resource
5,inner_2,UNRANKED,,{},,,"re-enters on: PS5 inner-validation gain as a member of a group or pair, a later exploratory draw, a new vintage, or a change of declared target",NO_DECLARED_TARGET_CONSTRUCTED: NOT_APPLICABLE: literature replica; author preprocessing and target protocol preserved; section-3 business targets Y_s/Y_l/Y_b do not apply to this resource
6,inner_2,UNRANKED,,{},,,"re-enters on: PS5 inner-validation gain as a member of a group or pair, a later exploratory draw, a new vintage, or a change of declared target",NO_DECLARED_TARGET_CONSTRUCTED: NOT_APPLICABLE: literature replica; author preprocessing and target protocol preserved; section-3 business targets Y_s/Y_l/Y_b do not apply to this resource
7,inner_2,UNRANKED,,{},,,"re-enters on: PS5 inner-validation gain as a member of a group or pair, a later exploratory draw, a new vintage, or a change of declared target",NO_DECLARED_TARGET_CONSTRUCTED: NOT_APPLICABLE: literature replica; author preprocessing and target protocol preserved; section-3 business targets Y_s/Y_l/Y_b do not apply to this resource
8,inner_2,UNRANKED,,{},,,"re-enters on: PS5 inner-validation gain as a member of a group or pair, a later exploratory draw, a new vintage, or a change of declared target",NO_DECLARED_TARGET_CONSTRUCTED: NOT_APPLICABLE: literature replica; author preprocessing and target protocol preserved; section-3 business targets Y_s/Y_l/Y_b do not apply to this resource
9,inner_2,UNRANKED,,{},,,"re-enters on: PS5 inner-validation gain as a member of a group or pair, a later exploratory draw, a new vintage, or a change of declared target",NO_DECLARED_TARGET_CONSTRUCTED: NOT_APPLICABLE: literature replica; author preprocessing and target protocol preserved; section-3 business targets Y_s/Y_l/Y_b do not apply to this resource
10,inner_2,UNRANKED,,{},,,"re-enters on: PS5 inner-validation gain as a member of a group or pair, a later exploratory draw, a new vintage, or a change of declared target",NO_DECLARED_TARGET_CONSTRUCTED: NOT_APPLICABLE: literature replica; author preprocessing and target protocol preserved; section-3 business targets Y_s/Y_l/Y_b do not apply to this resource
11,inner_2,UNRANKED,,{},,,"re-enters on: PS5 inner-validation gain as a member of a group or pair, a later exploratory draw, a new vintage, or a change of declared target",NO_DECLARED_TARGET_CONSTRUCTED: NOT_APPLICABLE: literature replica; author preprocessing and target protocol preserved; section-3 business targets Y_s/Y_l/Y_b do not apply to this resource
12,inner_2,UNRANKED,,{},,,"re-enters on: PS5 inner-validation gain as a member of a group or pair, a later exploratory draw, a new vintage, or a change of declared target",NO_DECLARED_TARGET_CONSTRUCTED: NOT_APPLICABLE: literature replica; author preprocessing and target protocol preserved; section-3 business targets Y_s/Y_l/Y_b do not apply to this resource
13,inner_2,UNRANKED,,{},,,"re-enters on: PS5 inner-validation gain as a member of a group or pair, a later exploratory draw, a new vintage, or a change of declared target",NO_DECLARED_TARGET_CONSTRUCTED: NOT_APPLICABLE: literature replica; author preprocessing and target protocol preserved; section-3 business targets Y_s/Y_l/Y_b do not apply to this resource
14,inner_2,UNRANKED,,{},,,"re-enters on: PS5 inner-validation gain as a member of a group or pair, a later exploratory draw, a new vintage, or a change of declared target",NO_DECLARED_TARGET_CONSTRUCTED: NOT_APPLICABLE: literature replica; author preprocessing and target protocol preserved; section-3 business targets Y_s/Y_l/Y_b do not apply to this resource
15,inner_2,UNRANKED,,{},,,"re-enters on: PS5 inner-validation gain as a member of a group or pair, a later exploratory draw, a new vintage, or a change of declared target",NO_DECLARED_TARGET_CONSTRUCTED: NOT_APPLICABLE: literature replica; author preprocessing and target protocol preserved; section-3 business targets Y_s/Y_l/Y_b do not apply to this resource
16,inner_2,UNRANKED,,{},,,"re-enters on: PS5 inner-validation gain as a member of a group or pair, a later exploratory draw, a new vintage, or a change of declared target",NO_DECLARED_TARGET_CONSTRUCTED: NOT_APPLICABLE: literature replica; author preprocessing and target protocol preserved; section-3 business targets Y_s/Y_l/Y_b do not apply to this resource
17,inner_2,UNRANKED,,{},,,"re-enters on: PS5 inner-validation gain as a member of a group or pair, a later exploratory draw, a new vintage, or a change of declared target",NO_DECLARED_TARGET_CONSTRUCTED: NOT_APPLICABLE: literature replica; author preprocessing and target protocol preserved; section-3 business targets Y_s/Y_l/Y_b do not apply to this resource
18,inner_2,UNRANKED,,{},,,"re-enters on: PS5 inner-validation gain as a member of a group or pair, a later exploratory draw, a new vintage, or a change of declared target",NO_DECLARED_TARGET_CONSTRUCTED: NOT_APPLICABLE: literature replica; author preprocessing and target protocol preserved; section-3 business targets Y_s/Y_l/Y_b do not apply to this resource
19,inner_2,UNRANKED,,{},,,"re-enters on: PS5 inner-validation gain as a member of a group or pair, a later exploratory draw, a new vintage, or a change of declared target",NO_DECLARED_TARGET_CONSTRUCTED: NOT_APPLICABLE: literature replica; author preprocessing and target protocol preserved; section-3 business targets Y_s/Y_l/Y_b do not apply to this resource
20,inner_2,UNRANKED,,{},,,"re-enters on: PS5 inner-validation gain as a member of a group or pair, a later exploratory draw, a new vintage, or a change of declared target",NO_DECLARED_TARGET_CONSTRUCTED: NOT_APPLICABLE: literature replica; author preprocessing and target protocol preserved; section-3 business targets Y_s/Y_l/Y_b do not apply to this resource
21,inner_2,UNRANKED,R0,{},,,"re-enters on: PS5 inner-validation gain as a member of a group or pair, a later exploratory draw, a new vintage, or a change of declared target","REDUNDANCY_GROUP R0 (|r|>=0.95): 21,32 | NO_DECLARED_TARGET_CONSTRUCTED: NOT_APPLICABLE: literature replica; author preprocessing and target protocol preserved; section-3 business targets Y_s/Y_l/Y_b do not apply to this resource"
22,inner_2,UNRANKED,,{},,,"re-enters on: PS5 inner-validation gain as a member of a group or pair, a later exploratory draw, a new vintage, or a change of declared target",NO_DECLARED_TARGET_CONSTRUCTED: NOT_APPLICABLE: literature replica; author preprocessing and target protocol preserved; section-3 business targets Y_s/Y_l/Y_b do not apply to this resource
23,inner_2,UNRANKED,,{},,,"re-enters on: PS5 inner-validation gain as a member of a group or pair, a later exploratory draw, a new vintage, or a change of declared target",NO_DECLARED_TARGET_CONSTRUCTED: NOT_APPLICABLE: literature replica; author preprocessing and target protocol preserved; section-3 business targets Y_s/Y_l/Y_b do not apply to this resource
24,inner_2,UNRANKED,,{},,,"re-enters on: PS5 inner-validation gain as a member of a group or pair, a later exploratory draw, a new vintage, or a change of declared target",NO_DECLARED_TARGET_CONSTRUCTED: NOT_APPLICABLE: literature replica; author preprocessing and target protocol preserved; section-3 business targets Y_s/Y_l/Y_b do not apply to this resource
25,inner_2,UNRANKED,,{},,,"re-enters on: PS5 inner-validation gain as a member of a group or pair, a later exploratory draw, a new vintage, or a change of declared target",NO_DECLARED_TARGET_CONSTRUCTED: NOT_APPLICABLE: literature replica; author preprocessing and target protocol preserved; section-3 business targets Y_s/Y_l/Y_b do not apply to this resource
26,inner_2,UNRANKED,,{},,,"re-enters on: PS5 inner-validation gain as a member of a group or pair, a later exploratory draw, a new vintage, or a change of declared target",NO_DECLARED_TARGET_CONSTRUCTED: NOT_APPLICABLE: literature replica; author preprocessing and target protocol preserved; section-3 business targets Y_s/Y_l/Y_b do not apply to this resource
27,inner_2,UNRANKED,,{},,,"re-enters on: PS5 inner-validation gain as a member of a group or pair, a later exploratory draw, a new vintage, or a change of declared target",NO_DECLARED_TARGET_CONSTRUCTED: NOT_APPLICABLE: literature replica; author preprocessing and target protocol preserved; section-3 business targets Y_s/Y_l/Y_b do not apply to this resource
28,inner_2,UNRANKED,,{},,,"re-enters on: PS5 inner-validation gain as a member of a group or pair, a later exploratory draw, a new vintage, or a change of declared target",NO_DECLARED_TARGET_CONSTRUCTED: NOT_APPLICABLE: literature replica; author preprocessing and target protocol preserved; section-3 business targets Y_s/Y_l/Y_b do not apply to this resource
29,inner_2,UNRANKED,,{},,,"re-enters on: PS5 inner-validation gain as a member of a group or pair, a later exploratory draw, a new vintage, or a change of declared target",NO_DECLARED_TARGET_CONSTRUCTED: NOT_APPLICABLE: literature replica; author preprocessing and target protocol preserved; section-3 business targets Y_s/Y_l/Y_b do not apply to this resource
30,inner_2,UNRANKED,,{},,,"re-enters on: PS5 inner-validation gain as a member of a group or pair, a later exploratory draw, a new vintage, or a change of declared target",NO_DECLARED_TARGET_CONSTRUCTED: NOT_APPLICABLE: literature replica; author preprocessing and target protocol preserved; section-3 business targets Y_s/Y_l/Y_b do not apply to this resource
31,inner_2,UNRANKED,,{},,,"re-enters on: PS5 inner-validation gain as a member of a group or pair, a later exploratory draw, a new vintage, or a change of declared target",NO_DECLARED_TARGET_CONSTRUCTED: NOT_APPLICABLE: literature replica; author preprocessing and target protocol preserved; section-3 business targets Y_s/Y_l/Y_b do not apply to this resource
32,inner_2,UNRANKED,R0,{},,,"re-enters on: PS5 inner-validation gain as a member of a group or pair, a later exploratory draw, a new vintage, or a change of declared target","REDUNDANCY_GROUP R0 (|r|>=0.95): 21,32 | NO_DECLARED_TARGET_CONSTRUCTED: NOT_APPLICABLE: literature replica; author preprocessing and target protocol preserved; section-3 business targets Y_s/Y_l/Y_b do not apply to this resource"
33,inner_2,UNRANKED,,{},,,"re-enters on: PS5 inner-validation gain as a member of a group or pair, a later exploratory draw, a new vintage, or a change of declared target",NO_DECLARED_TARGET_CONSTRUCTED: NOT_APPLICABLE: literature replica; author preprocessing and target protocol preserved; section-3 business targets Y_s/Y_l/Y_b do not apply to this resource
34,inner_2,UNRANKED,,{},,,"re-enters on: PS5 inner-validation gain as a member of a group or pair, a later exploratory draw, a new vintage, or a change of declared target",NO_DECLARED_TARGET_CONSTRUCTED: NOT_APPLICABLE: literature replica; author preprocessing and target protocol preserved; section-3 business targets Y_s/Y_l/Y_b do not apply to this resource
35,inner_2,UNRANKED,,{},,,"re-enters on: PS5 inner-validation gain as a member of a group or pair, a later exploratory draw, a new vintage, or a change of declared target",NO_DECLARED_TARGET_CONSTRUCTED: NOT_APPLICABLE: literature replica; author preprocessing and target protocol preserved; section-3 business targets Y_s/Y_l/Y_b do not apply to this resource
36,inner_2,UNRANKED,,{},,,"re-enters on: PS5 inner-validation gain as a member of a group or pair, a later exploratory draw, a new vintage, or a change of declared target",NO_DECLARED_TARGET_CONSTRUCTED: NOT_APPLICABLE: literature replica; author preprocessing and target protocol preserved; section-3 business targets Y_s/Y_l/Y_b do not apply to this resource
37,inner_2,UNRANKED,,{},,,"re-enters on: PS5 inner-validation gain as a member of a group or pair, a later exploratory draw, a new vintage, or a change of declared target",NO_DECLARED_TARGET_CONSTRUCTED: NOT_APPLICABLE: literature replica; author preprocessing and target protocol preserved; section-3 business targets Y_s/Y_l/Y_b do not apply to this resource
38,inner_2,UNRANKED,,{},,,"re-enters on: PS5 inner-validation gain as a member of a group or pair, a later exploratory draw, a new vintage, or a change of declared target",NO_DECLARED_TARGET_CONSTRUCTED: NOT_APPLICABLE: literature replica; author preprocessing and target protocol preserved; section-3 business targets Y_s/Y_l/Y_b do not apply to this resource
39,inner_2,UNRANKED,,{},,,"re-enters on: PS5 inner-validation gain as a member of a group or pair, a later exploratory draw, a new vintage, or a change of declared target",NO_DECLARED_TARGET_CONSTRUCTED: NOT_APPLICABLE: literature replica; author preprocessing and target protocol preserved; section-3 business targets Y_s/Y_l/Y_b do not apply to this resource
40,inner_2,UNRANKED,,{},,,"re-enters on: PS5 inner-validation gain as a member of a group or pair, a later exploratory draw, a new vintage, or a change of declared target",NO_DECLARED_TARGET_CONSTRUCTED: NOT_APPLICABLE: literature replica; author preprocessing and target protocol preserved; section-3 business targets Y_s/Y_l/Y_b do not apply to this resource
41,inner_2,UNRANKED,,{},,,"re-enters on: PS5 inner-validation gain as a member of a group or pair, a later exploratory draw, a new vintage, or a change of declared target",NO_DECLARED_TARGET_CONSTRUCTED: NOT_APPLICABLE: literature replica; author preprocessing and target protocol preserved; section-3 business targets Y_s/Y_l/Y_b do not apply to this resource
42,inner_2,UNRANKED,,{},,,"re-enters on: PS5 inner-validation gain as a member of a group or pair, a later exploratory draw, a new vintage, or a change of declared target",NO_DECLARED_TARGET_CONSTRUCTED: NOT_APPLICABLE: literature replica; author preprocessing and target protocol preserved; section-3 business targets Y_s/Y_l/Y_b do not apply to this resource
43,inner_2,UNRANKED,,{},,,"re-enters on: PS5 inner-validation gain as a member of a group or pair, a later exploratory draw, a new vintage, or a change of declared target",NO_DECLARED_TARGET_CONSTRUCTED: NOT_APPLICABLE: literature replica; author preprocessing and target protocol preserved; section-3 business targets Y_s/Y_l/Y_b do not apply to this resource
44,inner_2,UNRANKED,,{},,,"re-enters on: PS5 inner-validation gain as a member of a group or pair, a later exploratory draw, a new vintage, or a change of declared target",NO_DECLARED_TARGET_CONSTRUCTED: NOT_APPLICABLE: literature replica; author preprocessing and target protocol preserved; section-3 business targets Y_s/Y_l/Y_b do not apply to this resource
45,inner_2,UNRANKED,,{},,,"re-enters on: PS5 inner-validation gain as a member of a group or pair, a later exploratory draw, a new vintage, or a change of declared target",NO_DECLARED_TARGET_CONSTRUCTED: NOT_APPLICABLE: literature replica; author preprocessing and target protocol preserved; section-3 business targets Y_s/Y_l/Y_b do not apply to this resource
46,inner_2,UNRANKED,,{},,,"re-enters on: PS5 inner-validation gain as a member of a group or pair, a later exploratory draw, a new vintage, or a change of declared target",NO_DECLARED_TARGET_CONSTRUCTED: NOT_APPLICABLE: literature replica; author preprocessing and target protocol preserved; section-3 business targets Y_s/Y_l/Y_b do not apply to this resource
47,inner_2,UNRANKED,,{},,,"re-enters on: PS5 inner-validation gain as a member of a group or pair, a later exploratory draw, a new vintage, or a change of declared target",NO_DECLARED_TARGET_CONSTRUCTED: NOT_APPLICABLE: literature replica; author preprocessing and target protocol preserved; section-3 business targets Y_s/Y_l/Y_b do not apply to this resource
48,inner_2,UNRANKED,,{},,,"re-enters on: PS5 inner-validation gain as a member of a group or pair, a later exploratory draw, a new vintage, or a change of declared target",NO_DECLARED_TARGET_CONSTRUCTED: NOT_APPLICABLE: literature replica; author preprocessing and target protocol preserved; section-3 business targets Y_s/Y_l/Y_b do not apply to this resource
49,inner_2,UNRANKED,,{},,,"re-enters on: PS5 inner-validation gain as a member of a group or pair, a later exploratory draw, a new vintage, or a change of declared target",NO_DECLARED_TARGET_CONSTRUCTED: NOT_APPLICABLE: literature replica; author preprocessing and target protocol preserved; section-3 business targets Y_s/Y_l/Y_b do not apply to this resource
50,inner_2,UNRANKED,,{},,,"re-enters on: PS5 inner-validation gain as a member of a group or pair, a later exploratory draw, a new vintage, or a change of declared target",NO_DECLARED_TARGET_CONSTRUCTED: NOT_APPLICABLE: literature replica; author preprocessing and target protocol preserved; section-3 business targets Y_s/Y_l/Y_b do not apply to this resource
51,inner_2,UNRANKED,,{},,,"re-enters on: PS5 inner-validation gain as a member of a group or pair, a later exploratory draw, a new vintage, or a change of declared target",NO_DECLARED_TARGET_CONSTRUCTED: NOT_APPLICABLE: literature replica; author preprocessing and target protocol preserved; section-3 business targets Y_s/Y_l/Y_b do not apply to this resource
52,inner_2,UNRANKED,,{},,,"re-enters on: PS5 inner-validation gain as a member of a group or pair, a later exploratory draw, a new vintage, or a change of declared target",NO_DECLARED_TARGET_CONSTRUCTED: NOT_APPLICABLE: literature replica; author preprocessing and target protocol preserved; section-3 business targets Y_s/Y_l/Y_b do not apply to this resource
53,inner_2,UNRANKED,,{},,,"re-enters on: PS5 inner-validation gain as a member of a group or pair, a later exploratory draw, a new vintage, or a change of declared target",NO_DECLARED_TARGET_CONSTRUCTED: NOT_APPLICABLE: literature replica; author preprocessing and target protocol preserved; section-3 business targets Y_s/Y_l/Y_b do not apply to this resource
54,inner_2,UNRANKED,,{},,,"re-enters on: PS5 inner-validation gain as a member of a group or pair, a later exploratory draw, a new vintage, or a change of declared target",NO_DECLARED_TARGET_CONSTRUCTED: NOT_APPLICABLE: literature replica; author preprocessing and target protocol preserved; section-3 business targets Y_s/Y_l/Y_b do not apply to this resource
55,inner_2,UNRANKED,,{},,,"re-enters on: PS5 inner-validation gain as a member of a group or pair, a later exploratory draw, a new vintage, or a change of declared target",NO_DECLARED_TARGET_CONSTRUCTED: NOT_APPLICABLE: literature replica; author preprocessing and target protocol preserved; section-3 business targets Y_s/Y_l/Y_b do not apply to this resource
56,inner_2,UNRANKED,,{},,,"re-enters on: PS5 inner-validation gain as a member of a group or pair, a later exploratory draw, a new vintage, or a change of declared target",NO_DECLARED_TARGET_CONSTRUCTED: NOT_APPLICABLE: literature replica; author preprocessing and target protocol preserved; section-3 business targets Y_s/Y_l/Y_b do not apply to this resource
57,inner_2,UNRANKED,,{},,,"re-enters on: PS5 inner-validation gain as a member of a group or pair, a later exploratory draw, a new vintage, or a change of declared target",NO_DECLARED_TARGET_CONSTRUCTED: NOT_APPLICABLE: literature replica; author preprocessing and target protocol preserved; section-3 business targets Y_s/Y_l/Y_b do not apply to this resource
58,inner_2,UNRANKED,,{},,,"re-enters on: PS5 inner-validation gain as a member of a group or pair, a later exploratory draw, a new vintage, or a change of declared target",NO_DECLARED_TARGET_CONSTRUCTED: NOT_APPLICABLE: literature replica; author preprocessing and target protocol preserved; section-3 business targets Y_s/Y_l/Y_b do not apply to this resource
59,inner_2,UNRANKED,,{},,,"re-enters on: PS5 inner-validation gain as a member of a group or pair, a later exploratory draw, a new vintage, or a change of declared target",NO_DECLARED_TARGET_CONSTRUCTED: NOT_APPLICABLE: literature replica; author preprocessing and target protocol preserved; section-3 business targets Y_s/Y_l/Y_b do not apply to this resource
60,inner_2,UNRANKED,,{},,,"re-enters on: PS5 inner-validation gain as a member of a group or pair, a later exploratory draw, a new vintage, or a change of declared target",NO_DECLARED_TARGET_CONSTRUCTED: NOT_APPLICABLE: literature replica; author preprocessing and target protocol preserved; section-3 business targets Y_s/Y_l/Y_b do not apply to this resource
61,inner_2,UNRANKED,,{},,,"re-enters on: PS5 inner-validation gain as a member of a group or pair, a later exploratory draw, a new vintage, or a change of declared target",NO_DECLARED_TARGET_CONSTRUCTED: NOT_APPLICABLE: literature replica; author preprocessing and target protocol preserved; section-3 business targets Y_s/Y_l/Y_b do not apply to this resource
62,inner_2,UNRANKED,,{},,,"re-enters on: PS5 inner-validation gain as a member of a group or pair, a later exploratory draw, a new vintage, or a change of declared target",NO_DECLARED_TARGET_CONSTRUCTED: NOT_APPLICABLE: literature replica; author preprocessing and target protocol preserved; section-3 business targets Y_s/Y_l/Y_b do not apply to this resource
63,inner_2,UNRANKED,,{},,,"re-enters on: PS5 inner-validation gain as a member of a group or pair, a later exploratory draw, a new vintage, or a change of declared target",NO_DECLARED_TARGET_CONSTRUCTED: NOT_APPLICABLE: literature replica; author preprocessing and target protocol preserved; section-3 business targets Y_s/Y_l/Y_b do not apply to this resource
64,inner_2,UNRANKED,,{},,,"re-enters on: PS5 inner-validation gain as a member of a group or pair, a later exploratory draw, a new vintage, or a change of declared target",NO_DECLARED_TARGET_CONSTRUCTED: NOT_APPLICABLE: literature replica; author preprocessing and target protocol preserved; section-3 business targets Y_s/Y_l/Y_b do not apply to this resource
65,inner_2,UNRANKED,,{},,,"re-enters on: PS5 inner-validation gain as a member of a group or pair, a later exploratory draw, a new vintage, or a change of declared target",NO_DECLARED_TARGET_CONSTRUCTED: NOT_APPLICABLE: literature replica; author preprocessing and target protocol preserved; section-3 business targets Y_s/Y_l/Y_b do not apply to this resource
66,inner_2,UNRANKED,,{},,,"re-enters on: PS5 inner-validation gain as a member of a group or pair, a later exploratory draw, a new vintage, or a change of declared target",NO_DECLARED_TARGET_CONSTRUCTED: NOT_APPLICABLE: literature replica; author preprocessing and target protocol preserved; section-3 business targets Y_s/Y_l/Y_b do not apply to this resource
67,inner_2,UNRANKED,,{},,,"re-enters on: PS5 inner-validation gain as a member of a group or pair, a later exploratory draw, a new vintage, or a change of declared target",NO_DECLARED_TARGET_CONSTRUCTED: NOT_APPLICABLE: literature replica; author preprocessing and target protocol preserved; section-3 business targets Y_s/Y_l/Y_b do not apply to this resource
68,inner_2,UNRANKED,,{},,,"re-enters on: PS5 inner-validation gain as a member of a group or pair, a later exploratory draw, a new vintage, or a change of declared target",NO_DECLARED_TARGET_CONSTRUCTED: NOT_APPLICABLE: literature replica; author preprocessing and target protocol preserved; section-3 business targets Y_s/Y_l/Y_b do not apply to this resource
69,inner_2,UNRANKED,,{},,,"re-enters on: PS5 inner-validation gain as a member of a group or pair, a later exploratory draw, a new vintage, or a change of declared target",NO_DECLARED_TARGET_CONSTRUCTED: NOT_APPLICABLE: literature replica; author preprocessing and target protocol preserved; section-3 business targets Y_s/Y_l/Y_b do not apply to this resource
70,inner_2,UNRANKED,,{},,,"re-enters on: PS5 inner-validation gain as a member of a group or pair, a later exploratory draw, a new vintage, or a change of declared target",NO_DECLARED_TARGET_CONSTRUCTED: NOT_APPLICABLE: literature replica; author preprocessing and target protocol preserved; section-3 business targets Y_s/Y_l/Y_b do not apply to this resource
71,inner_2,UNRANKED,,{},,,"re-enters on: PS5 inner-validation gain as a member of a group or pair, a later exploratory draw, a new vintage, or a change of declared target",NO_DECLARED_TARGET_CONSTRUCTED: NOT_APPLICABLE: literature replica; author preprocessing and target protocol preserved; section-3 business targets Y_s/Y_l/Y_b do not apply to this resource
72,inner_2,UNRANKED,,{},,,"re-enters on: PS5 inner-validation gain as a member of a group or pair, a later exploratory draw, a new vintage, or a change of declared target",NO_DECLARED_TARGET_CONSTRUCTED: NOT_APPLICABLE: literature replica; author preprocessing and target protocol preserved; section-3 business targets Y_s/Y_l/Y_b do not apply to this resource
73,inner_2,UNRANKED,,{},,,"re-enters on: PS5 inner-validation gain as a member of a group or pair, a later exploratory draw, a new vintage, or a change of declared target",NO_DECLARED_TARGET_CONSTRUCTED: NOT_APPLICABLE: literature replica; author preprocessing and target protocol preserved; section-3 business targets Y_s/Y_l/Y_b do not apply to this resource
74,inner_2,UNRANKED,,{},,,"re-enters on: PS5 inner-validation gain as a member of a group or pair, a later exploratory draw, a new vintage, or a change of declared target",NO_DECLARED_TARGET_CONSTRUCTED: NOT_APPLICABLE: literature replica; author preprocessing and target protocol preserved; section-3 business targets Y_s/Y_l/Y_b do not apply to this resource
75,inner_2,UNRANKED,,{},,,"re-enters on: PS5 inner-validation gain as a member of a group or pair, a later exploratory draw, a new vintage, or a change of declared target",NO_DECLARED_TARGET_CONSTRUCTED: NOT_APPLICABLE: literature replica; author preprocessing and target protocol preserved; section-3 business targets Y_s/Y_l/Y_b do not apply to this resource
76,inner_2,UNRANKED,,{},,,"re-enters on: PS5 inner-validation gain as a member of a group or pair, a later exploratory draw, a new vintage, or a change of declared target",NO_DECLARED_TARGET_CONSTRUCTED: NOT_APPLICABLE: literature replica; author preprocessing and target protocol preserved; section-3 business targets Y_s/Y_l/Y_b do not apply to this resource
77,inner_2,UNRANKED,,{},,,"re-enters on: PS5 inner-validation gain as a member of a group or pair, a later exploratory draw, a new vintage, or a change of declared target",NO_DECLARED_TARGET_CONSTRUCTED: NOT_APPLICABLE: literature replica; author preprocessing and target protocol preserved; section-3 business targets Y_s/Y_l/Y_b do not apply to this resource
78,inner_2,UNRANKED,,{},,,"re-enters on: PS5 inner-validation gain as a member of a group or pair, a later exploratory draw, a new vintage, or a change of declared target",NO_DECLARED_TARGET_CONSTRUCTED: NOT_APPLICABLE: literature replica; author preprocessing and target protocol preserved; section-3 business targets Y_s/Y_l/Y_b do not apply to this resource
79,inner_2,UNRANKED,,{},,,"re-enters on: PS5 inner-validation gain as a member of a group or pair, a later exploratory draw, a new vintage, or a change of declared target",NO_DECLARED_TARGET_CONSTRUCTED: NOT_APPLICABLE: literature replica; author preprocessing and target protocol preserved; section-3 business targets Y_s/Y_l/Y_b do not apply to this resource
80,inner_2,UNRANKED,,{},,,"re-enters on: PS5 inner-validation gain as a member of a group or pair, a later exploratory draw, a new vintage, or a change of declared target",NO_DECLARED_TARGET_CONSTRUCTED: NOT_APPLICABLE: literature replica; author preprocessing and target protocol preserved; section-3 business targets Y_s/Y_l/Y_b do not apply to this resource
81,inner_2,UNRANKED,,{},,,"re-enters on: PS5 inner-validation gain as a member of a group or pair, a later exploratory draw, a new vintage, or a change of declared target",NO_DECLARED_TARGET_CONSTRUCTED: NOT_APPLICABLE: literature replica; author preprocessing and target protocol preserved; section-3 business targets Y_s/Y_l/Y_b do not apply to this resource
82,inner_2,UNRANKED,,{},,,"re-enters on: PS5 inner-validation gain as a member of a group or pair, a later exploratory draw, a new vintage, or a change of declared target",NO_DECLARED_TARGET_CONSTRUCTED: NOT_APPLICABLE: literature replica; author preprocessing and target protocol preserved; section-3 business targets Y_s/Y_l/Y_b do not apply to this resource
83,inner_2,UNRANKED,,{},,,"re-enters on: PS5 inner-validation gain as a member of a group or pair, a later exploratory draw, a new vintage, or a change of declared target",NO_DECLARED_TARGET_CONSTRUCTED: NOT_APPLICABLE: literature replica; author preprocessing and target protocol preserved; section-3 business targets Y_s/Y_l/Y_b do not apply to this resource
84,inner_2,UNRANKED,,{},,,"re-enters on: PS5 inner-validation gain as a member of a group or pair, a later exploratory draw, a new vintage, or a change of declared target",NO_DECLARED_TARGET_CONSTRUCTED: NOT_APPLICABLE: literature replica; author preprocessing and target protocol preserved; section-3 business targets Y_s/Y_l/Y_b do not apply to this resource
85,inner_2,UNRANKED,,{},,,"re-enters on: PS5 inner-validation gain as a member of a group or pair, a later exploratory draw, a new vintage, or a change of declared target",NO_DECLARED_TARGET_CONSTRUCTED: NOT_APPLICABLE: literature replica; author preprocessing and target protocol preserved; section-3 business targets Y_s/Y_l/Y_b do not apply to this resource
86,inner_2,UNRANKED,,{},,,"re-enters on: PS5 inner-validation gain as a member of a group or pair, a later exploratory draw, a new vintage, or a change of declared target",NO_DECLARED_TARGET_CONSTRUCTED: NOT_APPLICABLE: literature replica; author preprocessing and target protocol preserved; section-3 business targets Y_s/Y_l/Y_b do not apply to this resource
87,inner_2,UNRANKED,,{},,,"re-enters on: PS5 inner-validation gain as a member of a group or pair, a later exploratory draw, a new vintage, or a change of declared target",NO_DECLARED_TARGET_CONSTRUCTED: NOT_APPLICABLE: literature replica; author preprocessing and target protocol preserved; section-3 business targets Y_s/Y_l/Y_b do not apply to this resource
88,inner_2,UNRANKED,,{},,,"re-enters on: PS5 inner-validation gain as a member of a group or pair, a later exploratory draw, a new vintage, or a change of declared target",NO_DECLARED_TARGET_CONSTRUCTED: NOT_APPLICABLE: literature replica; author preprocessing and target protocol preserved; section-3 business targets Y_s/Y_l/Y_b do not apply to this resource
89,inner_2,UNRANKED,R1,{},,,"re-enters on: PS5 inner-validation gain as a member of a group or pair, a later exploratory draw, a new vintage, or a change of declared target","REDUNDANCY_GROUP R1 (|r|>=0.95): 89,91,93,292,306,308 | NO_DECLARED_TARGET_CONSTRUCTED: NOT_APPLICABLE: literature replica; author preprocessing and target protocol preserved; section-3 business targets Y_s/Y_l/Y_b do not apply to this resource"
90,inner_2,UNRANKED,,{},,,"re-enters on: PS5 inner-validation gain as a member of a group or pair, a later exploratory draw, a new vintage, or a change of declared target",NO_DECLARED_TARGET_CONSTRUCTED: NOT_APPLICABLE: literature replica; author preprocessing and target protocol preserved; section-3 business targets Y_s/Y_l/Y_b do not apply to this resource
91,inner_2,UNRANKED,R1,{},,,"re-enters on: PS5 inner-validation gain as a member of a group or pair, a later exploratory draw, a new vintage, or a change of declared target","REDUNDANCY_GROUP R1 (|r|>=0.95): 89,91,93,292,306,308 | NO_DECLARED_TARGET_CONSTRUCTED: NOT_APPLICABLE: literature replica; author preprocessing and target protocol preserved; section-3 business targets Y_s/Y_l/Y_b do not apply to this resource"
92,inner_2,UNRANKED,,{},,,"re-enters on: PS5 inner-validation gain as a member of a group or pair, a later exploratory draw, a new vintage, or a change of declared target",NO_DECLARED_TARGET_CONSTRUCTED: NOT_APPLICABLE: literature replica; author preprocessing and target protocol preserved; section-3 business targets Y_s/Y_l/Y_b do not apply to this resource
93,inner_2,UNRANKED,R1,{},,,"re-enters on: PS5 inner-validation gain as a member of a group or pair, a later exploratory draw, a new vintage, or a change of declared target","REDUNDANCY_GROUP R1 (|r|>=0.95): 89,91,93,292,306,308 | NO_DECLARED_TARGET_CONSTRUCTED: NOT_APPLICABLE: literature replica; author preprocessing and target protocol preserved; section-3 business targets Y_s/Y_l/Y_b do not apply to this resource"
94,inner_2,UNRANKED,,{},,,"re-enters on: PS5 inner-validation gain as a member of a group or pair, a later exploratory draw, a new vintage, or a change of declared target",NO_DECLARED_TARGET_CONSTRUCTED: NOT_APPLICABLE: literature replica; author preprocessing and target protocol preserved; section-3 business targets Y_s/Y_l/Y_b do not apply to this resource
95,inner_2,UNRANKED,,{},,,"re-enters on: PS5 inner-validation gain as a member of a group or pair, a later exploratory draw, a new vintage, or a change of declared target",NO_DECLARED_TARGET_CONSTRUCTED: NOT_APPLICABLE: literature replica; author preprocessing and target protocol preserved; section-3 business targets Y_s/Y_l/Y_b do not apply to this resource
96,inner_2,UNRANKED,,{},,,"re-enters on: PS5 inner-validation gain as a member of a group or pair, a later exploratory draw, a new vintage, or a change of declared target",NO_DECLARED_TARGET_CONSTRUCTED: NOT_APPLICABLE: literature replica; author preprocessing and target protocol preserved; section-3 business targets Y_s/Y_l/Y_b do not apply to this resource
97,inner_2,UNRANKED,,{},,,"re-enters on: PS5 inner-validation gain as a member of a group or pair, a later exploratory draw, a new vintage, or a change of declared target",NO_DECLARED_TARGET_CONSTRUCTED: NOT_APPLICABLE: literature replica; author preprocessing and target protocol preserved; section-3 business targets Y_s/Y_l/Y_b do not apply to this resource
98,inner_2,UNRANKED,,{},,,"re-enters on: PS5 inner-validation gain as a member of a group or pair, a later exploratory draw, a new vintage, or a change of declared target",NO_DECLARED_TARGET_CONSTRUCTED: NOT_APPLICABLE: literature replica; author preprocessing and target protocol preserved; section-3 business targets Y_s/Y_l/Y_b do not apply to this resource
99,inner_2,UNRANKED,,{},,,"re-enters on: PS5 inner-validation gain as a member of a group or pair, a later exploratory draw, a new vintage, or a change of declared target",NO_DECLARED_TARGET_CONSTRUCTED: NOT_APPLICABLE: literature replica; author preprocessing and target protocol preserved; section-3 business targets Y_s/Y_l/Y_b do not apply to this resource
100,inner_2,UNRANKED,,{},,,"re-enters on: PS5 inner-validation gain as a member of a group or pair, a later exploratory draw, a new vintage, or a change of declared target",NO_DECLARED_TARGET_CONSTRUCTED: NOT_APPLICABLE: literature replica; author preprocessing and target protocol preserved; section-3 business targets Y_s/Y_l/Y_b do not apply to this resource
101,inner_2,UNRANKED,,{},,,"re-enters on: PS5 inner-validation gain as a member of a group or pair, a later exploratory draw, a new vintage, or a change of declared target",NO_DECLARED_TARGET_CONSTRUCTED: NOT_APPLICABLE: literature replica; author preprocessing and target protocol preserved; section-3 business targets Y_s/Y_l/Y_b do not apply to this resource
102,inner_2,UNRANKED,,{},,,"re-enters on: PS5 inner-validation gain as a member of a group or pair, a later exploratory draw, a new vintage, or a change of declared target",NO_DECLARED_TARGET_CONSTRUCTED: NOT_APPLICABLE: literature replica; author preprocessing and target protocol preserved; section-3 business targets Y_s/Y_l/Y_b do not apply to this resource
103,inner_2,UNRANKED,,{},,,"re-enters on: PS5 inner-validation gain as a member of a group or pair, a later exploratory draw, a new vintage, or a change of declared target",NO_DECLARED_TARGET_CONSTRUCTED: NOT_APPLICABLE: literature replica; author preprocessing and target protocol preserved; section-3 business targets Y_s/Y_l/Y_b do not apply to this resource
104,inner_2,UNRANKED,,{},,,"re-enters on: PS5 inner-validation gain as a member of a group or pair, a later exploratory draw, a new vintage, or a change of declared target",NO_DECLARED_TARGET_CONSTRUCTED: NOT_APPLICABLE: literature replica; author preprocessing and target protocol preserved; section-3 business targets Y_s/Y_l/Y_b do not apply to this resource
105,inner_2,UNRANKED,,{},,,"re-enters on: PS5 inner-validation gain as a member of a group or pair, a later exploratory draw, a new vintage, or a change of declared target",NO_DECLARED_TARGET_CONSTRUCTED: NOT_APPLICABLE: literature replica; author preprocessing and target protocol preserved; section-3 business targets Y_s/Y_l/Y_b do not apply to this resource
106,inner_2,UNRANKED,,{},,,"re-enters on: PS5 inner-validation gain as a member of a group or pair, a later exploratory draw, a new vintage, or a change of declared target",NO_DECLARED_TARGET_CONSTRUCTED: NOT_APPLICABLE: literature replica; author preprocessing and target protocol preserved; section-3 business targets Y_s/Y_l/Y_b do not apply to this resource
107,inner_2,UNRANKED,,{},,,"re-enters on: PS5 inner-validation gain as a member of a group or pair, a later exploratory draw, a new vintage, or a change of declared target",NO_DECLARED_TARGET_CONSTRUCTED: NOT_APPLICABLE: literature replica; author preprocessing and target protocol preserved; section-3 business targets Y_s/Y_l/Y_b do not apply to this resource
108,inner_2,UNRANKED,,{},,,"re-enters on: PS5 inner-validation gain as a member of a group or pair, a later exploratory draw, a new vintage, or a change of declared target",NO_DECLARED_TARGET_CONSTRUCTED: NOT_APPLICABLE: literature replica; author preprocessing and target protocol preserved; section-3 business targets Y_s/Y_l/Y_b do not apply to this resource
109,inner_2,UNRANKED,,{},,,"re-enters on: PS5 inner-validation gain as a member of a group or pair, a later exploratory draw, a new vintage, or a change of declared target",NO_DECLARED_TARGET_CONSTRUCTED: NOT_APPLICABLE: literature replica; author preprocessing and target protocol preserved; section-3 business targets Y_s/Y_l/Y_b do not apply to this resource
110,inner_2,UNRANKED,,{},,,"re-enters on: PS5 inner-validation gain as a member of a group or pair, a later exploratory draw, a new vintage, or a change of declared target",NO_DECLARED_TARGET_CONSTRUCTED: NOT_APPLICABLE: literature replica; author preprocessing and target protocol preserved; section-3 business targets Y_s/Y_l/Y_b do not apply to this resource
111,inner_2,UNRANKED,,{},,,"re-enters on: PS5 inner-validation gain as a member of a group or pair, a later exploratory draw, a new vintage, or a change of declared target",NO_DECLARED_TARGET_CONSTRUCTED: NOT_APPLICABLE: literature replica; author preprocessing and target protocol preserved; section-3 business targets Y_s/Y_l/Y_b do not apply to this resource
112,inner_2,UNRANKED,,{},,,"re-enters on: PS5 inner-validation gain as a member of a group or pair, a later exploratory draw, a new vintage, or a change of declared target",NO_DECLARED_TARGET_CONSTRUCTED: NOT_APPLICABLE: literature replica; author preprocessing and target protocol preserved; section-3 business targets Y_s/Y_l/Y_b do not apply to this resource
113,inner_2,UNRANKED,,{},,,"re-enters on: PS5 inner-validation gain as a member of a group or pair, a later exploratory draw, a new vintage, or a change of declared target",NO_DECLARED_TARGET_CONSTRUCTED: NOT_APPLICABLE: literature replica; author preprocessing and target protocol preserved; section-3 business targets Y_s/Y_l/Y_b do not apply to this resource
114,inner_2,UNRANKED,,{},,,"re-enters on: PS5 inner-validation gain as a member of a group or pair, a later exploratory draw, a new vintage, or a change of declared target",NO_DECLARED_TARGET_CONSTRUCTED: NOT_APPLICABLE: literature replica; author preprocessing and target protocol preserved; section-3 business targets Y_s/Y_l/Y_b do not apply to this resource
115,inner_2,UNRANKED,,{},,,"re-enters on: PS5 inner-validation gain as a member of a group or pair, a later exploratory draw, a new vintage, or a change of declared target",NO_DECLARED_TARGET_CONSTRUCTED: NOT_APPLICABLE: literature replica; author preprocessing and target protocol preserved; section-3 business targets Y_s/Y_l/Y_b do not apply to this resource
116,inner_2,UNRANKED,,{},,,"re-enters on: PS5 inner-validation gain as a member of a group or pair, a later exploratory draw, a new vintage, or a change of declared target",NO_DECLARED_TARGET_CONSTRUCTED: NOT_APPLICABLE: literature replica; author preprocessing and target protocol preserved; section-3 business targets Y_s/Y_l/Y_b do not apply to this resource
117,inner_2,UNRANKED,,{},,,"re-enters on: PS5 inner-validation gain as a member of a group or pair, a later exploratory draw, a new vintage, or a change of declared target",NO_DECLARED_TARGET_CONSTRUCTED: NOT_APPLICABLE: literature replica; author preprocessing and target protocol preserved; section-3 business targets Y_s/Y_l/Y_b do not apply to this resource
118,inner_2,UNRANKED,,{},,,"re-enters on: PS5 inner-validation gain as a member of a group or pair, a later exploratory draw, a new vintage, or a change of declared target",NO_DECLARED_TARGET_CONSTRUCTED: NOT_APPLICABLE: literature replica; author preprocessing and target protocol preserved; section-3 business targets Y_s/Y_l/Y_b do not apply to this resource
119,inner_2,UNRANKED,,{},,,"re-enters on: PS5 inner-validation gain as a member of a group or pair, a later exploratory draw, a new vintage, or a change of declared target",NO_DECLARED_TARGET_CONSTRUCTED: NOT_APPLICABLE: literature replica; author preprocessing and target protocol preserved; section-3 business targets Y_s/Y_l/Y_b do not apply to this resource
120,inner_2,UNRANKED,,{},,,"re-enters on: PS5 inner-validation gain as a member of a group or pair, a later exploratory draw, a new vintage, or a change of declared target",NO_DECLARED_TARGET_CONSTRUCTED: NOT_APPLICABLE: literature replica; author preprocessing and target protocol preserved; section-3 business targets Y_s/Y_l/Y_b do not apply to this resource
121,inner_2,UNRANKED,,{},,,"re-enters on: PS5 inner-validation gain as a member of a group or pair, a later exploratory draw, a new vintage, or a change of declared target",NO_DECLARED_TARGET_CONSTRUCTED: NOT_APPLICABLE: literature replica; author preprocessing and target protocol preserved; section-3 business targets Y_s/Y_l/Y_b do not apply to this resource
122,inner_2,UNRANKED,,{},,,"re-enters on: PS5 inner-validation gain as a member of a group or pair, a later exploratory draw, a new vintage, or a change of declared target",NO_DECLARED_TARGET_CONSTRUCTED: NOT_APPLICABLE: literature replica; author preprocessing and target protocol preserved; section-3 business targets Y_s/Y_l/Y_b do not apply to this resource
123,inner_2,UNRANKED,,{},,,"re-enters on: PS5 inner-validation gain as a member of a group or pair, a later exploratory draw, a new vintage, or a change of declared target",NO_DECLARED_TARGET_CONSTRUCTED: NOT_APPLICABLE: literature replica; author preprocessing and target protocol preserved; section-3 business targets Y_s/Y_l/Y_b do not apply to this resource
124,inner_2,UNRANKED,,{},,,"re-enters on: PS5 inner-validation gain as a member of a group or pair, a later exploratory draw, a new vintage, or a change of declared target",NO_DECLARED_TARGET_CONSTRUCTED: NOT_APPLICABLE: literature replica; author preprocessing and target protocol preserved; section-3 business targets Y_s/Y_l/Y_b do not apply to this resource
125,inner_2,UNRANKED,,{},,,"re-enters on: PS5 inner-validation gain as a member of a group or pair, a later exploratory draw, a new vintage, or a change of declared target",NO_DECLARED_TARGET_CONSTRUCTED: NOT_APPLICABLE: literature replica; author preprocessing and target protocol preserved; section-3 business targets Y_s/Y_l/Y_b do not apply to this resource
126,inner_2,UNRANKED,,{},,,"re-enters on: PS5 inner-validation gain as a member of a group or pair, a later exploratory draw, a new vintage, or a change of declared target",NO_DECLARED_TARGET_CONSTRUCTED: NOT_APPLICABLE: literature replica; author preprocessing and target protocol preserved; section-3 business targets Y_s/Y_l/Y_b do not apply to this resource
127,inner_2,UNRANKED,,{},,,"re-enters on: PS5 inner-validation gain as a member of a group or pair, a later exploratory draw, a new vintage, or a change of declared target",NO_DECLARED_TARGET_CONSTRUCTED: NOT_APPLICABLE: literature replica; author preprocessing and target protocol preserved; section-3 business targets Y_s/Y_l/Y_b do not apply to this resource
128,inner_2,UNRANKED,,{},,,"re-enters on: PS5 inner-validation gain as a member of a group or pair, a later exploratory draw, a new vintage, or a change of declared target",NO_DECLARED_TARGET_CONSTRUCTED: NOT_APPLICABLE: literature replica; author preprocessing and target protocol preserved; section-3 business targets Y_s/Y_l/Y_b do not apply to this resource
129,inner_2,UNRANKED,,{},,,"re-enters on: PS5 inner-validation gain as a member of a group or pair, a later exploratory draw, a new vintage, or a change of declared target",NO_DECLARED_TARGET_CONSTRUCTED: NOT_APPLICABLE: literature replica; author preprocessing and target protocol preserved; section-3 business targets Y_s/Y_l/Y_b do not apply to this resource
130,inner_2,UNRANKED,,{},,,"re-enters on: PS5 inner-validation gain as a member of a group or pair, a later exploratory draw, a new vintage, or a change of declared target",NO_DECLARED_TARGET_CONSTRUCTED: NOT_APPLICABLE: literature replica; author preprocessing and target protocol preserved; section-3 business targets Y_s/Y_l/Y_b do not apply to this resource
131,inner_2,UNRANKED,,{},,,"re-enters on: PS5 inner-validation gain as a member of a group or pair, a later exploratory draw, a new vintage, or a change of declared target",NO_DECLARED_TARGET_CONSTRUCTED: NOT_APPLICABLE: literature replica; author preprocessing and target protocol preserved; section-3 business targets Y_s/Y_l/Y_b do not apply to this resource
132,inner_2,UNRANKED,,{},,,"re-enters on: PS5 inner-validation gain as a member of a group or pair, a later exploratory draw, a new vintage, or a change of declared target",NO_DECLARED_TARGET_CONSTRUCTED: NOT_APPLICABLE: literature replica; author preprocessing and target protocol preserved; section-3 business targets Y_s/Y_l/Y_b do not apply to this resource
133,inner_2,UNRANKED,,{},,,"re-enters on: PS5 inner-validation gain as a member of a group or pair, a later exploratory draw, a new vintage, or a change of declared target",NO_DECLARED_TARGET_CONSTRUCTED: NOT_APPLICABLE: literature replica; author preprocessing and target protocol preserved; section-3 business targets Y_s/Y_l/Y_b do not apply to this resource
134,inner_2,UNRANKED,,{},,,"re-enters on: PS5 inner-validation gain as a member of a group or pair, a later exploratory draw, a new vintage, or a change of declared target",NO_DECLARED_TARGET_CONSTRUCTED: NOT_APPLICABLE: literature replica; author preprocessing and target protocol preserved; section-3 business targets Y_s/Y_l/Y_b do not apply to this resource
135,inner_2,UNRANKED,,{},,,"re-enters on: PS5 inner-validation gain as a member of a group or pair, a later exploratory draw, a new vintage, or a change of declared target",NO_DECLARED_TARGET_CONSTRUCTED: NOT_APPLICABLE: literature replica; author preprocessing and target protocol preserved; section-3 business targets Y_s/Y_l/Y_b do not apply to this resource
136,inner_2,UNRANKED,,{},,,"re-enters on: PS5 inner-validation gain as a member of a group or pair, a later exploratory draw, a new vintage, or a change of declared target",NO_DECLARED_TARGET_CONSTRUCTED: NOT_APPLICABLE: literature replica; author preprocessing and target protocol preserved; section-3 business targets Y_s/Y_l/Y_b do not apply to this resource
137,inner_2,UNRANKED,,{},,,"re-enters on: PS5 inner-validation gain as a member of a group or pair, a later exploratory draw, a new vintage, or a change of declared target",NO_DECLARED_TARGET_CONSTRUCTED: NOT_APPLICABLE: literature replica; author preprocessing and target protocol preserved; section-3 business targets Y_s/Y_l/Y_b do not apply to this resource
138,inner_2,UNRANKED,,{},,,"re-enters on: PS5 inner-validation gain as a member of a group or pair, a later exploratory draw, a new vintage, or a change of declared target",NO_DECLARED_TARGET_CONSTRUCTED: NOT_APPLICABLE: literature replica; author preprocessing and target protocol preserved; section-3 business targets Y_s/Y_l/Y_b do not apply to this resource
139,inner_2,UNRANKED,,{},,,"re-enters on: PS5 inner-validation gain as a member of a group or pair, a later exploratory draw, a new vintage, or a change of declared target",NO_DECLARED_TARGET_CONSTRUCTED: NOT_APPLICABLE: literature replica; author preprocessing and target protocol preserved; section-3 business targets Y_s/Y_l/Y_b do not apply to this resource
140,inner_2,UNRANKED,,{},,,"re-enters on: PS5 inner-validation gain as a member of a group or pair, a later exploratory draw, a new vintage, or a change of declared target",NO_DECLARED_TARGET_CONSTRUCTED: NOT_APPLICABLE: literature replica; author preprocessing and target protocol preserved; section-3 business targets Y_s/Y_l/Y_b do not apply to this resource
141,inner_2,UNRANKED,,{},,,"re-enters on: PS5 inner-validation gain as a member of a group or pair, a later exploratory draw, a new vintage, or a change of declared target",NO_DECLARED_TARGET_CONSTRUCTED: NOT_APPLICABLE: literature replica; author preprocessing and target protocol preserved; section-3 business targets Y_s/Y_l/Y_b do not apply to this resource
142,inner_2,UNRANKED,,{},,,"re-enters on: PS5 inner-validation gain as a member of a group or pair, a later exploratory draw, a new vintage, or a change of declared target",NO_DECLARED_TARGET_CONSTRUCTED: NOT_APPLICABLE: literature replica; author preprocessing and target protocol preserved; section-3 business targets Y_s/Y_l/Y_b do not apply to this resource
143,inner_2,UNRANKED,,{},,,"re-enters on: PS5 inner-validation gain as a member of a group or pair, a later exploratory draw, a new vintage, or a change of declared target",NO_DECLARED_TARGET_CONSTRUCTED: NOT_APPLICABLE: literature replica; author preprocessing and target protocol preserved; section-3 business targets Y_s/Y_l/Y_b do not apply to this resource
144,inner_2,UNRANKED,,{},,,"re-enters on: PS5 inner-validation gain as a member of a group or pair, a later exploratory draw, a new vintage, or a change of declared target",NO_DECLARED_TARGET_CONSTRUCTED: NOT_APPLICABLE: literature replica; author preprocessing and target protocol preserved; section-3 business targets Y_s/Y_l/Y_b do not apply to this resource
145,inner_2,UNRANKED,,{},,,"re-enters on: PS5 inner-validation gain as a member of a group or pair, a later exploratory draw, a new vintage, or a change of declared target",NO_DECLARED_TARGET_CONSTRUCTED: NOT_APPLICABLE: literature replica; author preprocessing and target protocol preserved; section-3 business targets Y_s/Y_l/Y_b do not apply to this resource
146,inner_2,UNRANKED,,{},,,"re-enters on: PS5 inner-validation gain as a member of a group or pair, a later exploratory draw, a new vintage, or a change of declared target",NO_DECLARED_TARGET_CONSTRUCTED: NOT_APPLICABLE: literature replica; author preprocessing and target protocol preserved; section-3 business targets Y_s/Y_l/Y_b do not apply to this resource
147,inner_2,UNRANKED,,{},,,"re-enters on: PS5 inner-validation gain as a member of a group or pair, a later exploratory draw, a new vintage, or a change of declared target",NO_DECLARED_TARGET_CONSTRUCTED: NOT_APPLICABLE: literature replica; author preprocessing and target protocol preserved; section-3 business targets Y_s/Y_l/Y_b do not apply to this resource
148,inner_2,UNRANKED,,{},,,"re-enters on: PS5 inner-validation gain as a member of a group or pair, a later exploratory draw, a new vintage, or a change of declared target",NO_DECLARED_TARGET_CONSTRUCTED: NOT_APPLICABLE: literature replica; author preprocessing and target protocol preserved; section-3 business targets Y_s/Y_l/Y_b do not apply to this resource
149,inner_2,UNRANKED,,{},,,"re-enters on: PS5 inner-validation gain as a member of a group or pair, a later exploratory draw, a new vintage, or a change of declared target",NO_DECLARED_TARGET_CONSTRUCTED: NOT_APPLICABLE: literature replica; author preprocessing and target protocol preserved; section-3 business targets Y_s/Y_l/Y_b do not apply to this resource
150,inner_2,UNRANKED,,{},,,"re-enters on: PS5 inner-validation gain as a member of a group or pair, a later exploratory draw, a new vintage, or a change of declared target",NO_DECLARED_TARGET_CONSTRUCTED: NOT_APPLICABLE: literature replica; author preprocessing and target protocol preserved; section-3 business targets Y_s/Y_l/Y_b do not apply to this resource
151,inner_2,UNRANKED,,{},,,"re-enters on: PS5 inner-validation gain as a member of a group or pair, a later exploratory draw, a new vintage, or a change of declared target",NO_DECLARED_TARGET_CONSTRUCTED: NOT_APPLICABLE: literature replica; author preprocessing and target protocol preserved; section-3 business targets Y_s/Y_l/Y_b do not apply to this resource
152,inner_2,UNRANKED,,{},,,"re-enters on: PS5 inner-validation gain as a member of a group or pair, a later exploratory draw, a new vintage, or a change of declared target",NO_DECLARED_TARGET_CONSTRUCTED: NOT_APPLICABLE: literature replica; author preprocessing and target protocol preserved; section-3 business targets Y_s/Y_l/Y_b do not apply to this resource
153,inner_2,UNRANKED,,{},,,"re-enters on: PS5 inner-validation gain as a member of a group or pair, a later exploratory draw, a new vintage, or a change of declared target",NO_DECLARED_TARGET_CONSTRUCTED: NOT_APPLICABLE: literature replica; author preprocessing and target protocol preserved; section-3 business targets Y_s/Y_l/Y_b do not apply to this resource
154,inner_2,UNRANKED,,{},,,"re-enters on: PS5 inner-validation gain as a member of a group or pair, a later exploratory draw, a new vintage, or a change of declared target",NO_DECLARED_TARGET_CONSTRUCTED: NOT_APPLICABLE: literature replica; author preprocessing and target protocol preserved; section-3 business targets Y_s/Y_l/Y_b do not apply to this resource
155,inner_2,UNRANKED,,{},,,"re-enters on: PS5 inner-validation gain as a member of a group or pair, a later exploratory draw, a new vintage, or a change of declared target",NO_DECLARED_TARGET_CONSTRUCTED: NOT_APPLICABLE: literature replica; author preprocessing and target protocol preserved; section-3 business targets Y_s/Y_l/Y_b do not apply to this resource
156,inner_2,UNRANKED,,{},,,"re-enters on: PS5 inner-validation gain as a member of a group or pair, a later exploratory draw, a new vintage, or a change of declared target",NO_DECLARED_TARGET_CONSTRUCTED: NOT_APPLICABLE: literature replica; author preprocessing and target protocol preserved; section-3 business targets Y_s/Y_l/Y_b do not apply to this resource
157,inner_2,UNRANKED,,{},,,"re-enters on: PS5 inner-validation gain as a member of a group or pair, a later exploratory draw, a new vintage, or a change of declared target",NO_DECLARED_TARGET_CONSTRUCTED: NOT_APPLICABLE: literature replica; author preprocessing and target protocol preserved; section-3 business targets Y_s/Y_l/Y_b do not apply to this resource
158,inner_2,UNRANKED,,{},,,"re-enters on: PS5 inner-validation gain as a member of a group or pair, a later exploratory draw, a new vintage, or a change of declared target",NO_DECLARED_TARGET_CONSTRUCTED: NOT_APPLICABLE: literature replica; author preprocessing and target protocol preserved; section-3 business targets Y_s/Y_l/Y_b do not apply to this resource
159,inner_2,UNRANKED,R2,{},,,"re-enters on: PS5 inner-validation gain as a member of a group or pair, a later exploratory draw, a new vintage, or a change of declared target","REDUNDANCY_GROUP R2 (|r|>=0.95): 159,181 | NO_DECLARED_TARGET_CONSTRUCTED: NOT_APPLICABLE: literature replica; author preprocessing and target protocol preserved; section-3 business targets Y_s/Y_l/Y_b do not apply to this resource"
160,inner_2,UNRANKED,,{},,,"re-enters on: PS5 inner-validation gain as a member of a group or pair, a later exploratory draw, a new vintage, or a change of declared target",NO_DECLARED_TARGET_CONSTRUCTED: NOT_APPLICABLE: literature replica; author preprocessing and target protocol preserved; section-3 business targets Y_s/Y_l/Y_b do not apply to this resource
161,inner_2,UNRANKED,,{},,,"re-enters on: PS5 inner-validation gain as a member of a group or pair, a later exploratory draw, a new vintage, or a change of declared target",NO_DECLARED_TARGET_CONSTRUCTED: NOT_APPLICABLE: literature replica; author preprocessing and target protocol preserved; section-3 business targets Y_s/Y_l/Y_b do not apply to this resource
162,inner_2,UNRANKED,,{},,,"re-enters on: PS5 inner-validation gain as a member of a group or pair, a later exploratory draw, a new vintage, or a change of declared target",NO_DECLARED_TARGET_CONSTRUCTED: NOT_APPLICABLE: literature replica; author preprocessing and target protocol preserved; section-3 business targets Y_s/Y_l/Y_b do not apply to this resource
163,inner_2,UNRANKED,,{},,,"re-enters on: PS5 inner-validation gain as a member of a group or pair, a later exploratory draw, a new vintage, or a change of declared target",NO_DECLARED_TARGET_CONSTRUCTED: NOT_APPLICABLE: literature replica; author preprocessing and target protocol preserved; section-3 business targets Y_s/Y_l/Y_b do not apply to this resource
164,inner_2,UNRANKED,,{},,,"re-enters on: PS5 inner-validation gain as a member of a group or pair, a later exploratory draw, a new vintage, or a change of declared target",NO_DECLARED_TARGET_CONSTRUCTED: NOT_APPLICABLE: literature replica; author preprocessing and target protocol preserved; section-3 business targets Y_s/Y_l/Y_b do not apply to this resource
165,inner_2,UNRANKED,,{},,,"re-enters on: PS5 inner-validation gain as a member of a group or pair, a later exploratory draw, a new vintage, or a change of declared target",NO_DECLARED_TARGET_CONSTRUCTED: NOT_APPLICABLE: literature replica; author preprocessing and target protocol preserved; section-3 business targets Y_s/Y_l/Y_b do not apply to this resource
166,inner_2,UNRANKED,,{},,,"re-enters on: PS5 inner-validation gain as a member of a group or pair, a later exploratory draw, a new vintage, or a change of declared target",NO_DECLARED_TARGET_CONSTRUCTED: NOT_APPLICABLE: literature replica; author preprocessing and target protocol preserved; section-3 business targets Y_s/Y_l/Y_b do not apply to this resource
167,inner_2,UNRANKED,,{},,,"re-enters on: PS5 inner-validation gain as a member of a group or pair, a later exploratory draw, a new vintage, or a change of declared target",NO_DECLARED_TARGET_CONSTRUCTED: NOT_APPLICABLE: literature replica; author preprocessing and target protocol preserved; section-3 business targets Y_s/Y_l/Y_b do not apply to this resource
168,inner_2,UNRANKED,,{},,,"re-enters on: PS5 inner-validation gain as a member of a group or pair, a later exploratory draw, a new vintage, or a change of declared target",NO_DECLARED_TARGET_CONSTRUCTED: NOT_APPLICABLE: literature replica; author preprocessing and target protocol preserved; section-3 business targets Y_s/Y_l/Y_b do not apply to this resource
169,inner_2,UNRANKED,,{},,,"re-enters on: PS5 inner-validation gain as a member of a group or pair, a later exploratory draw, a new vintage, or a change of declared target",NO_DECLARED_TARGET_CONSTRUCTED: NOT_APPLICABLE: literature replica; author preprocessing and target protocol preserved; section-3 business targets Y_s/Y_l/Y_b do not apply to this resource
170,inner_2,UNRANKED,,{},,,"re-enters on: PS5 inner-validation gain as a member of a group or pair, a later exploratory draw, a new vintage, or a change of declared target",NO_DECLARED_TARGET_CONSTRUCTED: NOT_APPLICABLE: literature replica; author preprocessing and target protocol preserved; section-3 business targets Y_s/Y_l/Y_b do not apply to this resource
171,inner_2,UNRANKED,,{},,,"re-enters on: PS5 inner-validation gain as a member of a group or pair, a later exploratory draw, a new vintage, or a change of declared target",NO_DECLARED_TARGET_CONSTRUCTED: NOT_APPLICABLE: literature replica; author preprocessing and target protocol preserved; section-3 business targets Y_s/Y_l/Y_b do not apply to this resource
172,inner_2,UNRANKED,,{},,,"re-enters on: PS5 inner-validation gain as a member of a group or pair, a later exploratory draw, a new vintage, or a change of declared target",NO_DECLARED_TARGET_CONSTRUCTED: NOT_APPLICABLE: literature replica; author preprocessing and target protocol preserved; section-3 business targets Y_s/Y_l/Y_b do not apply to this resource
173,inner_2,UNRANKED,,{},,,"re-enters on: PS5 inner-validation gain as a member of a group or pair, a later exploratory draw, a new vintage, or a change of declared target",NO_DECLARED_TARGET_CONSTRUCTED: NOT_APPLICABLE: literature replica; author preprocessing and target protocol preserved; section-3 business targets Y_s/Y_l/Y_b do not apply to this resource
174,inner_2,UNRANKED,,{},,,"re-enters on: PS5 inner-validation gain as a member of a group or pair, a later exploratory draw, a new vintage, or a change of declared target",NO_DECLARED_TARGET_CONSTRUCTED: NOT_APPLICABLE: literature replica; author preprocessing and target protocol preserved; section-3 business targets Y_s/Y_l/Y_b do not apply to this resource
175,inner_2,UNRANKED,,{},,,"re-enters on: PS5 inner-validation gain as a member of a group or pair, a later exploratory draw, a new vintage, or a change of declared target",NO_DECLARED_TARGET_CONSTRUCTED: NOT_APPLICABLE: literature replica; author preprocessing and target protocol preserved; section-3 business targets Y_s/Y_l/Y_b do not apply to this resource
176,inner_2,UNRANKED,,{},,,"re-enters on: PS5 inner-validation gain as a member of a group or pair, a later exploratory draw, a new vintage, or a change of declared target",NO_DECLARED_TARGET_CONSTRUCTED: NOT_APPLICABLE: literature replica; author preprocessing and target protocol preserved; section-3 business targets Y_s/Y_l/Y_b do not apply to this resource
177,inner_2,UNRANKED,,{},,,"re-enters on: PS5 inner-validation gain as a member of a group or pair, a later exploratory draw, a new vintage, or a change of declared target",NO_DECLARED_TARGET_CONSTRUCTED: NOT_APPLICABLE: literature replica; author preprocessing and target protocol preserved; section-3 business targets Y_s/Y_l/Y_b do not apply to this resource
178,inner_2,UNRANKED,,{},,,"re-enters on: PS5 inner-validation gain as a member of a group or pair, a later exploratory draw, a new vintage, or a change of declared target",NO_DECLARED_TARGET_CONSTRUCTED: NOT_APPLICABLE: literature replica; author preprocessing and target protocol preserved; section-3 business targets Y_s/Y_l/Y_b do not apply to this resource
179,inner_2,UNRANKED,,{},,,"re-enters on: PS5 inner-validation gain as a member of a group or pair, a later exploratory draw, a new vintage, or a change of declared target",NO_DECLARED_TARGET_CONSTRUCTED: NOT_APPLICABLE: literature replica; author preprocessing and target protocol preserved; section-3 business targets Y_s/Y_l/Y_b do not apply to this resource
180,inner_2,UNRANKED,,{},,,"re-enters on: PS5 inner-validation gain as a member of a group or pair, a later exploratory draw, a new vintage, or a change of declared target",NO_DECLARED_TARGET_CONSTRUCTED: NOT_APPLICABLE: literature replica; author preprocessing and target protocol preserved; section-3 business targets Y_s/Y_l/Y_b do not apply to this resource
181,inner_2,UNRANKED,R2,{},,,"re-enters on: PS5 inner-validation gain as a member of a group or pair, a later exploratory draw, a new vintage, or a change of declared target","REDUNDANCY_GROUP R2 (|r|>=0.95): 159,181 | NO_DECLARED_TARGET_CONSTRUCTED: NOT_APPLICABLE: literature replica; author preprocessing and target protocol preserved; section-3 business targets Y_s/Y_l/Y_b do not apply to this resource"
182,inner_2,UNRANKED,,{},,,"re-enters on: PS5 inner-validation gain as a member of a group or pair, a later exploratory draw, a new vintage, or a change of declared target",NO_DECLARED_TARGET_CONSTRUCTED: NOT_APPLICABLE: literature replica; author preprocessing and target protocol preserved; section-3 business targets Y_s/Y_l/Y_b do not apply to this resource
183,inner_2,UNRANKED,,{},,,"re-enters on: PS5 inner-validation gain as a member of a group or pair, a later exploratory draw, a new vintage, or a change of declared target",NO_DECLARED_TARGET_CONSTRUCTED: NOT_APPLICABLE: literature replica; author preprocessing and target protocol preserved; section-3 business targets Y_s/Y_l/Y_b do not apply to this resource
184,inner_2,UNRANKED,,{},,,"re-enters on: PS5 inner-validation gain as a member of a group or pair, a later exploratory draw, a new vintage, or a change of declared target",NO_DECLARED_TARGET_CONSTRUCTED: NOT_APPLICABLE: literature replica; author preprocessing and target protocol preserved; section-3 business targets Y_s/Y_l/Y_b do not apply to this resource
185,inner_2,UNRANKED,,{},,,"re-enters on: PS5 inner-validation gain as a member of a group or pair, a later exploratory draw, a new vintage, or a change of declared target",NO_DECLARED_TARGET_CONSTRUCTED: NOT_APPLICABLE: literature replica; author preprocessing and target protocol preserved; section-3 business targets Y_s/Y_l/Y_b do not apply to this resource
186,inner_2,UNRANKED,R3,{},,,"re-enters on: PS5 inner-validation gain as a member of a group or pair, a later exploratory draw, a new vintage, or a change of declared target","REDUNDANCY_GROUP R3 (|r|>=0.95): 186,187 | NO_DECLARED_TARGET_CONSTRUCTED: NOT_APPLICABLE: literature replica; author preprocessing and target protocol preserved; section-3 business targets Y_s/Y_l/Y_b do not apply to this resource"
187,inner_2,UNRANKED,R3,{},,,"re-enters on: PS5 inner-validation gain as a member of a group or pair, a later exploratory draw, a new vintage, or a change of declared target","REDUNDANCY_GROUP R3 (|r|>=0.95): 186,187 | NO_DECLARED_TARGET_CONSTRUCTED: NOT_APPLICABLE: literature replica; author preprocessing and target protocol preserved; section-3 business targets Y_s/Y_l/Y_b do not apply to this resource"
188,inner_2,UNRANKED,,{},,,"re-enters on: PS5 inner-validation gain as a member of a group or pair, a later exploratory draw, a new vintage, or a change of declared target",NO_DECLARED_TARGET_CONSTRUCTED: NOT_APPLICABLE: literature replica; author preprocessing and target protocol preserved; section-3 business targets Y_s/Y_l/Y_b do not apply to this resource
189,inner_2,UNRANKED,,{},,,"re-enters on: PS5 inner-validation gain as a member of a group or pair, a later exploratory draw, a new vintage, or a change of declared target",NO_DECLARED_TARGET_CONSTRUCTED: NOT_APPLICABLE: literature replica; author preprocessing and target protocol preserved; section-3 business targets Y_s/Y_l/Y_b do not apply to this resource
190,inner_2,UNRANKED,R4,{},,,"re-enters on: PS5 inner-validation gain as a member of a group or pair, a later exploratory draw, a new vintage, or a change of declared target","REDUNDANCY_GROUP R4 (|r|>=0.95): 190,208,210,212,215,221,233,243,249,262 | NO_DECLARED_TARGET_CONSTRUCTED: NOT_APPLICABLE: literature replica; author preprocessing and target protocol preserved; section-3 business targets Y_s/Y_l/Y_b do not apply to this resource"
191,inner_2,UNRANKED,,{},,,"re-enters on: PS5 inner-validation gain as a member of a group or pair, a later exploratory draw, a new vintage, or a change of declared target",NO_DECLARED_TARGET_CONSTRUCTED: NOT_APPLICABLE: literature replica; author preprocessing and target protocol preserved; section-3 business targets Y_s/Y_l/Y_b do not apply to this resource
192,inner_2,UNRANKED,,{},,,"re-enters on: PS5 inner-validation gain as a member of a group or pair, a later exploratory draw, a new vintage, or a change of declared target",NO_DECLARED_TARGET_CONSTRUCTED: NOT_APPLICABLE: literature replica; author preprocessing and target protocol preserved; section-3 business targets Y_s/Y_l/Y_b do not apply to this resource
193,inner_2,UNRANKED,,{},,,"re-enters on: PS5 inner-validation gain as a member of a group or pair, a later exploratory draw, a new vintage, or a change of declared target",NO_DECLARED_TARGET_CONSTRUCTED: NOT_APPLICABLE: literature replica; author preprocessing and target protocol preserved; section-3 business targets Y_s/Y_l/Y_b do not apply to this resource
194,inner_2,UNRANKED,,{},,,"re-enters on: PS5 inner-validation gain as a member of a group or pair, a later exploratory draw, a new vintage, or a change of declared target",NO_DECLARED_TARGET_CONSTRUCTED: NOT_APPLICABLE: literature replica; author preprocessing and target protocol preserved; section-3 business targets Y_s/Y_l/Y_b do not apply to this resource
195,inner_2,UNRANKED,,{},,,"re-enters on: PS5 inner-validation gain as a member of a group or pair, a later exploratory draw, a new vintage, or a change of declared target",NO_DECLARED_TARGET_CONSTRUCTED: NOT_APPLICABLE: literature replica; author preprocessing and target protocol preserved; section-3 business targets Y_s/Y_l/Y_b do not apply to this resource
196,inner_2,UNRANKED,,{},,,"re-enters on: PS5 inner-validation gain as a member of a group or pair, a later exploratory draw, a new vintage, or a change of declared target",NO_DECLARED_TARGET_CONSTRUCTED: NOT_APPLICABLE: literature replica; author preprocessing and target protocol preserved; section-3 business targets Y_s/Y_l/Y_b do not apply to this resource
197,inner_2,UNRANKED,,{},,,"re-enters on: PS5 inner-validation gain as a member of a group or pair, a later exploratory draw, a new vintage, or a change of declared target",NO_DECLARED_TARGET_CONSTRUCTED: NOT_APPLICABLE: literature replica; author preprocessing and target protocol preserved; section-3 business targets Y_s/Y_l/Y_b do not apply to this resource
198,inner_2,UNRANKED,,{},,,"re-enters on: PS5 inner-validation gain as a member of a group or pair, a later exploratory draw, a new vintage, or a change of declared target",NO_DECLARED_TARGET_CONSTRUCTED: NOT_APPLICABLE: literature replica; author preprocessing and target protocol preserved; section-3 business targets Y_s/Y_l/Y_b do not apply to this resource
199,inner_2,UNRANKED,,{},,,"re-enters on: PS5 inner-validation gain as a member of a group or pair, a later exploratory draw, a new vintage, or a change of declared target",NO_DECLARED_TARGET_CONSTRUCTED: NOT_APPLICABLE: literature replica; author preprocessing and target protocol preserved; section-3 business targets Y_s/Y_l/Y_b do not apply to this resource
200,inner_2,UNRANKED,,{},,,"re-enters on: PS5 inner-validation gain as a member of a group or pair, a later exploratory draw, a new vintage, or a change of declared target",NO_DECLARED_TARGET_CONSTRUCTED: NOT_APPLICABLE: literature replica; author preprocessing and target protocol preserved; section-3 business targets Y_s/Y_l/Y_b do not apply to this resource
201,inner_2,UNRANKED,,{},,,"re-enters on: PS5 inner-validation gain as a member of a group or pair, a later exploratory draw, a new vintage, or a change of declared target",NO_DECLARED_TARGET_CONSTRUCTED: NOT_APPLICABLE: literature replica; author preprocessing and target protocol preserved; section-3 business targets Y_s/Y_l/Y_b do not apply to this resource
202,inner_2,UNRANKED,,{},,,"re-enters on: PS5 inner-validation gain as a member of a group or pair, a later exploratory draw, a new vintage, or a change of declared target",NO_DECLARED_TARGET_CONSTRUCTED: NOT_APPLICABLE: literature replica; author preprocessing and target protocol preserved; section-3 business targets Y_s/Y_l/Y_b do not apply to this resource
203,inner_2,UNRANKED,,{},,,"re-enters on: PS5 inner-validation gain as a member of a group or pair, a later exploratory draw, a new vintage, or a change of declared target",NO_DECLARED_TARGET_CONSTRUCTED: NOT_APPLICABLE: literature replica; author preprocessing and target protocol preserved; section-3 business targets Y_s/Y_l/Y_b do not apply to this resource
204,inner_2,UNRANKED,,{},,,"re-enters on: PS5 inner-validation gain as a member of a group or pair, a later exploratory draw, a new vintage, or a change of declared target",NO_DECLARED_TARGET_CONSTRUCTED: NOT_APPLICABLE: literature replica; author preprocessing and target protocol preserved; section-3 business targets Y_s/Y_l/Y_b do not apply to this resource
205,inner_2,UNRANKED,,{},,,"re-enters on: PS5 inner-validation gain as a member of a group or pair, a later exploratory draw, a new vintage, or a change of declared target",NO_DECLARED_TARGET_CONSTRUCTED: NOT_APPLICABLE: literature replica; author preprocessing and target protocol preserved; section-3 business targets Y_s/Y_l/Y_b do not apply to this resource
206,inner_2,UNRANKED,,{},,,"re-enters on: PS5 inner-validation gain as a member of a group or pair, a later exploratory draw, a new vintage, or a change of declared target",NO_DECLARED_TARGET_CONSTRUCTED: NOT_APPLICABLE: literature replica; author preprocessing and target protocol preserved; section-3 business targets Y_s/Y_l/Y_b do not apply to this resource
207,inner_2,UNRANKED,,{},,,"re-enters on: PS5 inner-validation gain as a member of a group or pair, a later exploratory draw, a new vintage, or a change of declared target",NO_DECLARED_TARGET_CONSTRUCTED: NOT_APPLICABLE: literature replica; author preprocessing and target protocol preserved; section-3 business targets Y_s/Y_l/Y_b do not apply to this resource
208,inner_2,UNRANKED,R4,{},,,"re-enters on: PS5 inner-validation gain as a member of a group or pair, a later exploratory draw, a new vintage, or a change of declared target","REDUNDANCY_GROUP R4 (|r|>=0.95): 190,208,210,212,215,221,233,243,249,262 | NO_DECLARED_TARGET_CONSTRUCTED: NOT_APPLICABLE: literature replica; author preprocessing and target protocol preserved; section-3 business targets Y_s/Y_l/Y_b do not apply to this resource"
209,inner_2,UNRANKED,,{},,,"re-enters on: PS5 inner-validation gain as a member of a group or pair, a later exploratory draw, a new vintage, or a change of declared target",NO_DECLARED_TARGET_CONSTRUCTED: NOT_APPLICABLE: literature replica; author preprocessing and target protocol preserved; section-3 business targets Y_s/Y_l/Y_b do not apply to this resource
210,inner_2,UNRANKED,R4,{},,,"re-enters on: PS5 inner-validation gain as a member of a group or pair, a later exploratory draw, a new vintage, or a change of declared target","REDUNDANCY_GROUP R4 (|r|>=0.95): 190,208,210,212,215,221,233,243,249,262 | NO_DECLARED_TARGET_CONSTRUCTED: NOT_APPLICABLE: literature replica; author preprocessing and target protocol preserved; section-3 business targets Y_s/Y_l/Y_b do not apply to this resource"
211,inner_2,UNRANKED,,{},,,"re-enters on: PS5 inner-validation gain as a member of a group or pair, a later exploratory draw, a new vintage, or a change of declared target",NO_DECLARED_TARGET_CONSTRUCTED: NOT_APPLICABLE: literature replica; author preprocessing and target protocol preserved; section-3 business targets Y_s/Y_l/Y_b do not apply to this resource
212,inner_2,UNRANKED,R4,{},,,"re-enters on: PS5 inner-validation gain as a member of a group or pair, a later exploratory draw, a new vintage, or a change of declared target","REDUNDANCY_GROUP R4 (|r|>=0.95): 190,208,210,212,215,221,233,243,249,262 | NO_DECLARED_TARGET_CONSTRUCTED: NOT_APPLICABLE: literature replica; author preprocessing and target protocol preserved; section-3 business targets Y_s/Y_l/Y_b do not apply to this resource"
213,inner_2,UNRANKED,,{},,,"re-enters on: PS5 inner-validation gain as a member of a group or pair, a later exploratory draw, a new vintage, or a change of declared target",NO_DECLARED_TARGET_CONSTRUCTED: NOT_APPLICABLE: literature replica; author preprocessing and target protocol preserved; section-3 business targets Y_s/Y_l/Y_b do not apply to this resource
214,inner_2,UNRANKED,,{},,,"re-enters on: PS5 inner-validation gain as a member of a group or pair, a later exploratory draw, a new vintage, or a change of declared target",NO_DECLARED_TARGET_CONSTRUCTED: NOT_APPLICABLE: literature replica; author preprocessing and target protocol preserved; section-3 business targets Y_s/Y_l/Y_b do not apply to this resource
215,inner_2,UNRANKED,R4,{},,,"re-enters on: PS5 inner-validation gain as a member of a group or pair, a later exploratory draw, a new vintage, or a change of declared target","REDUNDANCY_GROUP R4 (|r|>=0.95): 190,208,210,212,215,221,233,243,249,262 | NO_DECLARED_TARGET_CONSTRUCTED: NOT_APPLICABLE: literature replica; author preprocessing and target protocol preserved; section-3 business targets Y_s/Y_l/Y_b do not apply to this resource"
216,inner_2,UNRANKED,,{},,,"re-enters on: PS5 inner-validation gain as a member of a group or pair, a later exploratory draw, a new vintage, or a change of declared target",NO_DECLARED_TARGET_CONSTRUCTED: NOT_APPLICABLE: literature replica; author preprocessing and target protocol preserved; section-3 business targets Y_s/Y_l/Y_b do not apply to this resource
217,inner_2,UNRANKED,,{},,,"re-enters on: PS5 inner-validation gain as a member of a group or pair, a later exploratory draw, a new vintage, or a change of declared target",NO_DECLARED_TARGET_CONSTRUCTED: NOT_APPLICABLE: literature replica; author preprocessing and target protocol preserved; section-3 business targets Y_s/Y_l/Y_b do not apply to this resource
218,inner_2,UNRANKED,,{},,,"re-enters on: PS5 inner-validation gain as a member of a group or pair, a later exploratory draw, a new vintage, or a change of declared target",NO_DECLARED_TARGET_CONSTRUCTED: NOT_APPLICABLE: literature replica; author preprocessing and target protocol preserved; section-3 business targets Y_s/Y_l/Y_b do not apply to this resource
219,inner_2,UNRANKED,,{},,,"re-enters on: PS5 inner-validation gain as a member of a group or pair, a later exploratory draw, a new vintage, or a change of declared target",NO_DECLARED_TARGET_CONSTRUCTED: NOT_APPLICABLE: literature replica; author preprocessing and target protocol preserved; section-3 business targets Y_s/Y_l/Y_b do not apply to this resource
220,inner_2,UNRANKED,,{},,,"re-enters on: PS5 inner-validation gain as a member of a group or pair, a later exploratory draw, a new vintage, or a change of declared target",NO_DECLARED_TARGET_CONSTRUCTED: NOT_APPLICABLE: literature replica; author preprocessing and target protocol preserved; section-3 business targets Y_s/Y_l/Y_b do not apply to this resource
221,inner_2,UNRANKED,R4,{},,,"re-enters on: PS5 inner-validation gain as a member of a group or pair, a later exploratory draw, a new vintage, or a change of declared target","REDUNDANCY_GROUP R4 (|r|>=0.95): 190,208,210,212,215,221,233,243,249,262 | NO_DECLARED_TARGET_CONSTRUCTED: NOT_APPLICABLE: literature replica; author preprocessing and target protocol preserved; section-3 business targets Y_s/Y_l/Y_b do not apply to this resource"
222,inner_2,UNRANKED,,{},,,"re-enters on: PS5 inner-validation gain as a member of a group or pair, a later exploratory draw, a new vintage, or a change of declared target",NO_DECLARED_TARGET_CONSTRUCTED: NOT_APPLICABLE: literature replica; author preprocessing and target protocol preserved; section-3 business targets Y_s/Y_l/Y_b do not apply to this resource
223,inner_2,UNRANKED,,{},,,"re-enters on: PS5 inner-validation gain as a member of a group or pair, a later exploratory draw, a new vintage, or a change of declared target",NO_DECLARED_TARGET_CONSTRUCTED: NOT_APPLICABLE: literature replica; author preprocessing and target protocol preserved; section-3 business targets Y_s/Y_l/Y_b do not apply to this resource
224,inner_2,UNRANKED,,{},,,"re-enters on: PS5 inner-validation gain as a member of a group or pair, a later exploratory draw, a new vintage, or a change of declared target",NO_DECLARED_TARGET_CONSTRUCTED: NOT_APPLICABLE: literature replica; author preprocessing and target protocol preserved; section-3 business targets Y_s/Y_l/Y_b do not apply to this resource
225,inner_2,UNRANKED,,{},,,"re-enters on: PS5 inner-validation gain as a member of a group or pair, a later exploratory draw, a new vintage, or a change of declared target",NO_DECLARED_TARGET_CONSTRUCTED: NOT_APPLICABLE: literature replica; author preprocessing and target protocol preserved; section-3 business targets Y_s/Y_l/Y_b do not apply to this resource
226,inner_2,UNRANKED,,{},,,"re-enters on: PS5 inner-validation gain as a member of a group or pair, a later exploratory draw, a new vintage, or a change of declared target",NO_DECLARED_TARGET_CONSTRUCTED: NOT_APPLICABLE: literature replica; author preprocessing and target protocol preserved; section-3 business targets Y_s/Y_l/Y_b do not apply to this resource
227,inner_2,UNRANKED,,{},,,"re-enters on: PS5 inner-validation gain as a member of a group or pair, a later exploratory draw, a new vintage, or a change of declared target",NO_DECLARED_TARGET_CONSTRUCTED: NOT_APPLICABLE: literature replica; author preprocessing and target protocol preserved; section-3 business targets Y_s/Y_l/Y_b do not apply to this resource
228,inner_2,UNRANKED,,{},,,"re-enters on: PS5 inner-validation gain as a member of a group or pair, a later exploratory draw, a new vintage, or a change of declared target",NO_DECLARED_TARGET_CONSTRUCTED: NOT_APPLICABLE: literature replica; author preprocessing and target protocol preserved; section-3 business targets Y_s/Y_l/Y_b do not apply to this resource
229,inner_2,UNRANKED,,{},,,"re-enters on: PS5 inner-validation gain as a member of a group or pair, a later exploratory draw, a new vintage, or a change of declared target",NO_DECLARED_TARGET_CONSTRUCTED: NOT_APPLICABLE: literature replica; author preprocessing and target protocol preserved; section-3 business targets Y_s/Y_l/Y_b do not apply to this resource
230,inner_2,UNRANKED,,{},,,"re-enters on: PS5 inner-validation gain as a member of a group or pair, a later exploratory draw, a new vintage, or a change of declared target",NO_DECLARED_TARGET_CONSTRUCTED: NOT_APPLICABLE: literature replica; author preprocessing and target protocol preserved; section-3 business targets Y_s/Y_l/Y_b do not apply to this resource
231,inner_2,UNRANKED,,{},,,"re-enters on: PS5 inner-validation gain as a member of a group or pair, a later exploratory draw, a new vintage, or a change of declared target",NO_DECLARED_TARGET_CONSTRUCTED: NOT_APPLICABLE: literature replica; author preprocessing and target protocol preserved; section-3 business targets Y_s/Y_l/Y_b do not apply to this resource
232,inner_2,UNRANKED,,{},,,"re-enters on: PS5 inner-validation gain as a member of a group or pair, a later exploratory draw, a new vintage, or a change of declared target",NO_DECLARED_TARGET_CONSTRUCTED: NOT_APPLICABLE: literature replica; author preprocessing and target protocol preserved; section-3 business targets Y_s/Y_l/Y_b do not apply to this resource
233,inner_2,UNRANKED,R4,{},,,"re-enters on: PS5 inner-validation gain as a member of a group or pair, a later exploratory draw, a new vintage, or a change of declared target","REDUNDANCY_GROUP R4 (|r|>=0.95): 190,208,210,212,215,221,233,243,249,262 | NO_DECLARED_TARGET_CONSTRUCTED: NOT_APPLICABLE: literature replica; author preprocessing and target protocol preserved; section-3 business targets Y_s/Y_l/Y_b do not apply to this resource"
234,inner_2,UNRANKED,,{},,,"re-enters on: PS5 inner-validation gain as a member of a group or pair, a later exploratory draw, a new vintage, or a change of declared target",NO_DECLARED_TARGET_CONSTRUCTED: NOT_APPLICABLE: literature replica; author preprocessing and target protocol preserved; section-3 business targets Y_s/Y_l/Y_b do not apply to this resource
235,inner_2,UNRANKED,,{},,,"re-enters on: PS5 inner-validation gain as a member of a group or pair, a later exploratory draw, a new vintage, or a change of declared target",NO_DECLARED_TARGET_CONSTRUCTED: NOT_APPLICABLE: literature replica; author preprocessing and target protocol preserved; section-3 business targets Y_s/Y_l/Y_b do not apply to this resource
236,inner_2,UNRANKED,,{},,,"re-enters on: PS5 inner-validation gain as a member of a group or pair, a later exploratory draw, a new vintage, or a change of declared target",NO_DECLARED_TARGET_CONSTRUCTED: NOT_APPLICABLE: literature replica; author preprocessing and target protocol preserved; section-3 business targets Y_s/Y_l/Y_b do not apply to this resource
237,inner_2,UNRANKED,R5,{},,,"re-enters on: PS5 inner-validation gain as a member of a group or pair, a later exploratory draw, a new vintage, or a change of declared target","REDUNDANCY_GROUP R5 (|r|>=0.95): 237,242 | NO_DECLARED_TARGET_CONSTRUCTED: NOT_APPLICABLE: literature replica; author preprocessing and target protocol preserved; section-3 business targets Y_s/Y_l/Y_b do not apply to this resource"
238,inner_2,UNRANKED,,{},,,"re-enters on: PS5 inner-validation gain as a member of a group or pair, a later exploratory draw, a new vintage, or a change of declared target",NO_DECLARED_TARGET_CONSTRUCTED: NOT_APPLICABLE: literature replica; author preprocessing and target protocol preserved; section-3 business targets Y_s/Y_l/Y_b do not apply to this resource
239,inner_2,UNRANKED,,{},,,"re-enters on: PS5 inner-validation gain as a member of a group or pair, a later exploratory draw, a new vintage, or a change of declared target",NO_DECLARED_TARGET_CONSTRUCTED: NOT_APPLICABLE: literature replica; author preprocessing and target protocol preserved; section-3 business targets Y_s/Y_l/Y_b do not apply to this resource
240,inner_2,UNRANKED,,{},,,"re-enters on: PS5 inner-validation gain as a member of a group or pair, a later exploratory draw, a new vintage, or a change of declared target",NO_DECLARED_TARGET_CONSTRUCTED: NOT_APPLICABLE: literature replica; author preprocessing and target protocol preserved; section-3 business targets Y_s/Y_l/Y_b do not apply to this resource
241,inner_2,UNRANKED,,{},,,"re-enters on: PS5 inner-validation gain as a member of a group or pair, a later exploratory draw, a new vintage, or a change of declared target",NO_DECLARED_TARGET_CONSTRUCTED: NOT_APPLICABLE: literature replica; author preprocessing and target protocol preserved; section-3 business targets Y_s/Y_l/Y_b do not apply to this resource
242,inner_2,UNRANKED,R5,{},,,"re-enters on: PS5 inner-validation gain as a member of a group or pair, a later exploratory draw, a new vintage, or a change of declared target","REDUNDANCY_GROUP R5 (|r|>=0.95): 237,242 | NO_DECLARED_TARGET_CONSTRUCTED: NOT_APPLICABLE: literature replica; author preprocessing and target protocol preserved; section-3 business targets Y_s/Y_l/Y_b do not apply to this resource"
243,inner_2,UNRANKED,R4,{},,,"re-enters on: PS5 inner-validation gain as a member of a group or pair, a later exploratory draw, a new vintage, or a change of declared target","REDUNDANCY_GROUP R4 (|r|>=0.95): 190,208,210,212,215,221,233,243,249,262 | NO_DECLARED_TARGET_CONSTRUCTED: NOT_APPLICABLE: literature replica; author preprocessing and target protocol preserved; section-3 business targets Y_s/Y_l/Y_b do not apply to this resource"
244,inner_2,UNRANKED,,{},,,"re-enters on: PS5 inner-validation gain as a member of a group or pair, a later exploratory draw, a new vintage, or a change of declared target",NO_DECLARED_TARGET_CONSTRUCTED: NOT_APPLICABLE: literature replica; author preprocessing and target protocol preserved; section-3 business targets Y_s/Y_l/Y_b do not apply to this resource
245,inner_2,UNRANKED,,{},,,"re-enters on: PS5 inner-validation gain as a member of a group or pair, a later exploratory draw, a new vintage, or a change of declared target",NO_DECLARED_TARGET_CONSTRUCTED: NOT_APPLICABLE: literature replica; author preprocessing and target protocol preserved; section-3 business targets Y_s/Y_l/Y_b do not apply to this resource
246,inner_2,UNRANKED,,{},,,"re-enters on: PS5 inner-validation gain as a member of a group or pair, a later exploratory draw, a new vintage, or a change of declared target",NO_DECLARED_TARGET_CONSTRUCTED: NOT_APPLICABLE: literature replica; author preprocessing and target protocol preserved; section-3 business targets Y_s/Y_l/Y_b do not apply to this resource
247,inner_2,UNRANKED,,{},,,"re-enters on: PS5 inner-validation gain as a member of a group or pair, a later exploratory draw, a new vintage, or a change of declared target",NO_DECLARED_TARGET_CONSTRUCTED: NOT_APPLICABLE: literature replica; author preprocessing and target protocol preserved; section-3 business targets Y_s/Y_l/Y_b do not apply to this resource
248,inner_2,UNRANKED,,{},,,"re-enters on: PS5 inner-validation gain as a member of a group or pair, a later exploratory draw, a new vintage, or a change of declared target",NO_DECLARED_TARGET_CONSTRUCTED: NOT_APPLICABLE: literature replica; author preprocessing and target protocol preserved; section-3 business targets Y_s/Y_l/Y_b do not apply to this resource
249,inner_2,UNRANKED,R4,{},,,"re-enters on: PS5 inner-validation gain as a member of a group or pair, a later exploratory draw, a new vintage, or a change of declared target","REDUNDANCY_GROUP R4 (|r|>=0.95): 190,208,210,212,215,221,233,243,249,262 | NO_DECLARED_TARGET_CONSTRUCTED: NOT_APPLICABLE: literature replica; author preprocessing and target protocol preserved; section-3 business targets Y_s/Y_l/Y_b do not apply to this resource"
250,inner_2,UNRANKED,,{},,,"re-enters on: PS5 inner-validation gain as a member of a group or pair, a later exploratory draw, a new vintage, or a change of declared target",NO_DECLARED_TARGET_CONSTRUCTED: NOT_APPLICABLE: literature replica; author preprocessing and target protocol preserved; section-3 business targets Y_s/Y_l/Y_b do not apply to this resource
251,inner_2,UNRANKED,,{},,,"re-enters on: PS5 inner-validation gain as a member of a group or pair, a later exploratory draw, a new vintage, or a change of declared target",NO_DECLARED_TARGET_CONSTRUCTED: NOT_APPLICABLE: literature replica; author preprocessing and target protocol preserved; section-3 business targets Y_s/Y_l/Y_b do not apply to this resource
252,inner_2,UNRANKED,,{},,,"re-enters on: PS5 inner-validation gain as a member of a group or pair, a later exploratory draw, a new vintage, or a change of declared target",NO_DECLARED_TARGET_CONSTRUCTED: NOT_APPLICABLE: literature replica; author preprocessing and target protocol preserved; section-3 business targets Y_s/Y_l/Y_b do not apply to this resource
253,inner_2,UNRANKED,,{},,,"re-enters on: PS5 inner-validation gain as a member of a group or pair, a later exploratory draw, a new vintage, or a change of declared target",NO_DECLARED_TARGET_CONSTRUCTED: NOT_APPLICABLE: literature replica; author preprocessing and target protocol preserved; section-3 business targets Y_s/Y_l/Y_b do not apply to this resource
254,inner_2,UNRANKED,,{},,,"re-enters on: PS5 inner-validation gain as a member of a group or pair, a later exploratory draw, a new vintage, or a change of declared target",NO_DECLARED_TARGET_CONSTRUCTED: NOT_APPLICABLE: literature replica; author preprocessing and target protocol preserved; section-3 business targets Y_s/Y_l/Y_b do not apply to this resource
255,inner_2,UNRANKED,,{},,,"re-enters on: PS5 inner-validation gain as a member of a group or pair, a later exploratory draw, a new vintage, or a change of declared target",NO_DECLARED_TARGET_CONSTRUCTED: NOT_APPLICABLE: literature replica; author preprocessing and target protocol preserved; section-3 business targets Y_s/Y_l/Y_b do not apply to this resource
256,inner_2,UNRANKED,,{},,,"re-enters on: PS5 inner-validation gain as a member of a group or pair, a later exploratory draw, a new vintage, or a change of declared target",NO_DECLARED_TARGET_CONSTRUCTED: NOT_APPLICABLE: literature replica; author preprocessing and target protocol preserved; section-3 business targets Y_s/Y_l/Y_b do not apply to this resource
257,inner_2,UNRANKED,,{},,,"re-enters on: PS5 inner-validation gain as a member of a group or pair, a later exploratory draw, a new vintage, or a change of declared target",NO_DECLARED_TARGET_CONSTRUCTED: NOT_APPLICABLE: literature replica; author preprocessing and target protocol preserved; section-3 business targets Y_s/Y_l/Y_b do not apply to this resource
258,inner_2,UNRANKED,,{},,,"re-enters on: PS5 inner-validation gain as a member of a group or pair, a later exploratory draw, a new vintage, or a change of declared target",NO_DECLARED_TARGET_CONSTRUCTED: NOT_APPLICABLE: literature replica; author preprocessing and target protocol preserved; section-3 business targets Y_s/Y_l/Y_b do not apply to this resource
259,inner_2,UNRANKED,,{},,,"re-enters on: PS5 inner-validation gain as a member of a group or pair, a later exploratory draw, a new vintage, or a change of declared target",NO_DECLARED_TARGET_CONSTRUCTED: NOT_APPLICABLE: literature replica; author preprocessing and target protocol preserved; section-3 business targets Y_s/Y_l/Y_b do not apply to this resource
260,inner_2,UNRANKED,,{},,,"re-enters on: PS5 inner-validation gain as a member of a group or pair, a later exploratory draw, a new vintage, or a change of declared target",NO_DECLARED_TARGET_CONSTRUCTED: NOT_APPLICABLE: literature replica; author preprocessing and target protocol preserved; section-3 business targets Y_s/Y_l/Y_b do not apply to this resource
261,inner_2,UNRANKED,,{},,,"re-enters on: PS5 inner-validation gain as a member of a group or pair, a later exploratory draw, a new vintage, or a change of declared target",NO_DECLARED_TARGET_CONSTRUCTED: NOT_APPLICABLE: literature replica; author preprocessing and target protocol preserved; section-3 business targets Y_s/Y_l/Y_b do not apply to this resource
262,inner_2,UNRANKED,R4,{},,,"re-enters on: PS5 inner-validation gain as a member of a group or pair, a later exploratory draw, a new vintage, or a change of declared target","REDUNDANCY_GROUP R4 (|r|>=0.95): 190,208,210,212,215,221,233,243,249,262 | NO_DECLARED_TARGET_CONSTRUCTED: NOT_APPLICABLE: literature replica; author preprocessing and target protocol preserved; section-3 business targets Y_s/Y_l/Y_b do not apply to this resource"
263,inner_2,UNRANKED,,{},,,"re-enters on: PS5 inner-validation gain as a member of a group or pair, a later exploratory draw, a new vintage, or a change of declared target",NO_DECLARED_TARGET_CONSTRUCTED: NOT_APPLICABLE: literature replica; author preprocessing and target protocol preserved; section-3 business targets Y_s/Y_l/Y_b do not apply to this resource
264,inner_2,UNRANKED,,{},,,"re-enters on: PS5 inner-validation gain as a member of a group or pair, a later exploratory draw, a new vintage, or a change of declared target",NO_DECLARED_TARGET_CONSTRUCTED: NOT_APPLICABLE: literature replica; author preprocessing and target protocol preserved; section-3 business targets Y_s/Y_l/Y_b do not apply to this resource
265,inner_2,UNRANKED,,{},,,"re-enters on: PS5 inner-validation gain as a member of a group or pair, a later exploratory draw, a new vintage, or a change of declared target",NO_DECLARED_TARGET_CONSTRUCTED: NOT_APPLICABLE: literature replica; author preprocessing and target protocol preserved; section-3 business targets Y_s/Y_l/Y_b do not apply to this resource
266,inner_2,UNRANKED,,{},,,"re-enters on: PS5 inner-validation gain as a member of a group or pair, a later exploratory draw, a new vintage, or a change of declared target",NO_DECLARED_TARGET_CONSTRUCTED: NOT_APPLICABLE: literature replica; author preprocessing and target protocol preserved; section-3 business targets Y_s/Y_l/Y_b do not apply to this resource
267,inner_2,UNRANKED,,{},,,"re-enters on: PS5 inner-validation gain as a member of a group or pair, a later exploratory draw, a new vintage, or a change of declared target",NO_DECLARED_TARGET_CONSTRUCTED: NOT_APPLICABLE: literature replica; author preprocessing and target protocol preserved; section-3 business targets Y_s/Y_l/Y_b do not apply to this resource
268,inner_2,UNRANKED,,{},,,"re-enters on: PS5 inner-validation gain as a member of a group or pair, a later exploratory draw, a new vintage, or a change of declared target",NO_DECLARED_TARGET_CONSTRUCTED: NOT_APPLICABLE: literature replica; author preprocessing and target protocol preserved; section-3 business targets Y_s/Y_l/Y_b do not apply to this resource
269,inner_2,UNRANKED,,{},,,"re-enters on: PS5 inner-validation gain as a member of a group or pair, a later exploratory draw, a new vintage, or a change of declared target",NO_DECLARED_TARGET_CONSTRUCTED: NOT_APPLICABLE: literature replica; author preprocessing and target protocol preserved; section-3 business targets Y_s/Y_l/Y_b do not apply to this resource
270,inner_2,UNRANKED,,{},,,"re-enters on: PS5 inner-validation gain as a member of a group or pair, a later exploratory draw, a new vintage, or a change of declared target",NO_DECLARED_TARGET_CONSTRUCTED: NOT_APPLICABLE: literature replica; author preprocessing and target protocol preserved; section-3 business targets Y_s/Y_l/Y_b do not apply to this resource
271,inner_2,UNRANKED,,{},,,"re-enters on: PS5 inner-validation gain as a member of a group or pair, a later exploratory draw, a new vintage, or a change of declared target",NO_DECLARED_TARGET_CONSTRUCTED: NOT_APPLICABLE: literature replica; author preprocessing and target protocol preserved; section-3 business targets Y_s/Y_l/Y_b do not apply to this resource
272,inner_2,UNRANKED,,{},,,"re-enters on: PS5 inner-validation gain as a member of a group or pair, a later exploratory draw, a new vintage, or a change of declared target",NO_DECLARED_TARGET_CONSTRUCTED: NOT_APPLICABLE: literature replica; author preprocessing and target protocol preserved; section-3 business targets Y_s/Y_l/Y_b do not apply to this resource
273,inner_2,UNRANKED,,{},,,"re-enters on: PS5 inner-validation gain as a member of a group or pair, a later exploratory draw, a new vintage, or a change of declared target",NO_DECLARED_TARGET_CONSTRUCTED: NOT_APPLICABLE: literature replica; author preprocessing and target protocol preserved; section-3 business targets Y_s/Y_l/Y_b do not apply to this resource
274,inner_2,UNRANKED,,{},,,"re-enters on: PS5 inner-validation gain as a member of a group or pair, a later exploratory draw, a new vintage, or a change of declared target",NO_DECLARED_TARGET_CONSTRUCTED: NOT_APPLICABLE: literature replica; author preprocessing and target protocol preserved; section-3 business targets Y_s/Y_l/Y_b do not apply to this resource
275,inner_2,UNRANKED,,{},,,"re-enters on: PS5 inner-validation gain as a member of a group or pair, a later exploratory draw, a new vintage, or a change of declared target",NO_DECLARED_TARGET_CONSTRUCTED: NOT_APPLICABLE: literature replica; author preprocessing and target protocol preserved; section-3 business targets Y_s/Y_l/Y_b do not apply to this resource
276,inner_2,UNRANKED,,{},,,"re-enters on: PS5 inner-validation gain as a member of a group or pair, a later exploratory draw, a new vintage, or a change of declared target",NO_DECLARED_TARGET_CONSTRUCTED: NOT_APPLICABLE: literature replica; author preprocessing and target protocol preserved; section-3 business targets Y_s/Y_l/Y_b do not apply to this resource
277,inner_2,UNRANKED,,{},,,"re-enters on: PS5 inner-validation gain as a member of a group or pair, a later exploratory draw, a new vintage, or a change of declared target",NO_DECLARED_TARGET_CONSTRUCTED: NOT_APPLICABLE: literature replica; author preprocessing and target protocol preserved; section-3 business targets Y_s/Y_l/Y_b do not apply to this resource
278,inner_2,UNRANKED,,{},,,"re-enters on: PS5 inner-validation gain as a member of a group or pair, a later exploratory draw, a new vintage, or a change of declared target",NO_DECLARED_TARGET_CONSTRUCTED: NOT_APPLICABLE: literature replica; author preprocessing and target protocol preserved; section-3 business targets Y_s/Y_l/Y_b do not apply to this resource
279,inner_2,UNRANKED,,{},,,"re-enters on: PS5 inner-validation gain as a member of a group or pair, a later exploratory draw, a new vintage, or a change of declared target",NO_DECLARED_TARGET_CONSTRUCTED: NOT_APPLICABLE: literature replica; author preprocessing and target protocol preserved; section-3 business targets Y_s/Y_l/Y_b do not apply to this resource
280,inner_2,UNRANKED,,{},,,"re-enters on: PS5 inner-validation gain as a member of a group or pair, a later exploratory draw, a new vintage, or a change of declared target",NO_DECLARED_TARGET_CONSTRUCTED: NOT_APPLICABLE: literature replica; author preprocessing and target protocol preserved; section-3 business targets Y_s/Y_l/Y_b do not apply to this resource
281,inner_2,UNRANKED,,{},,,"re-enters on: PS5 inner-validation gain as a member of a group or pair, a later exploratory draw, a new vintage, or a change of declared target",NO_DECLARED_TARGET_CONSTRUCTED: NOT_APPLICABLE: literature replica; author preprocessing and target protocol preserved; section-3 business targets Y_s/Y_l/Y_b do not apply to this resource
282,inner_2,UNRANKED,,{},,,"re-enters on: PS5 inner-validation gain as a member of a group or pair, a later exploratory draw, a new vintage, or a change of declared target",NO_DECLARED_TARGET_CONSTRUCTED: NOT_APPLICABLE: literature replica; author preprocessing and target protocol preserved; section-3 business targets Y_s/Y_l/Y_b do not apply to this resource
283,inner_2,UNRANKED,,{},,,"re-enters on: PS5 inner-validation gain as a member of a group or pair, a later exploratory draw, a new vintage, or a change of declared target",NO_DECLARED_TARGET_CONSTRUCTED: NOT_APPLICABLE: literature replica; author preprocessing and target protocol preserved; section-3 business targets Y_s/Y_l/Y_b do not apply to this resource
284,inner_2,UNRANKED,,{},,,"re-enters on: PS5 inner-validation gain as a member of a group or pair, a later exploratory draw, a new vintage, or a change of declared target",NO_DECLARED_TARGET_CONSTRUCTED: NOT_APPLICABLE: literature replica; author preprocessing and target protocol preserved; section-3 business targets Y_s/Y_l/Y_b do not apply to this resource
285,inner_2,UNRANKED,,{},,,"re-enters on: PS5 inner-validation gain as a member of a group or pair, a later exploratory draw, a new vintage, or a change of declared target",NO_DECLARED_TARGET_CONSTRUCTED: NOT_APPLICABLE: literature replica; author preprocessing and target protocol preserved; section-3 business targets Y_s/Y_l/Y_b do not apply to this resource
286,inner_2,UNRANKED,,{},,,"re-enters on: PS5 inner-validation gain as a member of a group or pair, a later exploratory draw, a new vintage, or a change of declared target",NO_DECLARED_TARGET_CONSTRUCTED: NOT_APPLICABLE: literature replica; author preprocessing and target protocol preserved; section-3 business targets Y_s/Y_l/Y_b do not apply to this resource
287,inner_2,UNRANKED,,{},,,"re-enters on: PS5 inner-validation gain as a member of a group or pair, a later exploratory draw, a new vintage, or a change of declared target",NO_DECLARED_TARGET_CONSTRUCTED: NOT_APPLICABLE: literature replica; author preprocessing and target protocol preserved; section-3 business targets Y_s/Y_l/Y_b do not apply to this resource
288,inner_2,UNRANKED,,{},,,"re-enters on: PS5 inner-validation gain as a member of a group or pair, a later exploratory draw, a new vintage, or a change of declared target",NO_DECLARED_TARGET_CONSTRUCTED: NOT_APPLICABLE: literature replica; author preprocessing and target protocol preserved; section-3 business targets Y_s/Y_l/Y_b do not apply to this resource
289,inner_2,UNRANKED,,{},,,"re-enters on: PS5 inner-validation gain as a member of a group or pair, a later exploratory draw, a new vintage, or a change of declared target",NO_DECLARED_TARGET_CONSTRUCTED: NOT_APPLICABLE: literature replica; author preprocessing and target protocol preserved; section-3 business targets Y_s/Y_l/Y_b do not apply to this resource
290,inner_2,UNRANKED,,{},,,"re-enters on: PS5 inner-validation gain as a member of a group or pair, a later exploratory draw, a new vintage, or a change of declared target",NO_DECLARED_TARGET_CONSTRUCTED: NOT_APPLICABLE: literature replica; author preprocessing and target protocol preserved; section-3 business targets Y_s/Y_l/Y_b do not apply to this resource
291,inner_2,UNRANKED,,{},,,"re-enters on: PS5 inner-validation gain as a member of a group or pair, a later exploratory draw, a new vintage, or a change of declared target",NO_DECLARED_TARGET_CONSTRUCTED: NOT_APPLICABLE: literature replica; author preprocessing and target protocol preserved; section-3 business targets Y_s/Y_l/Y_b do not apply to this resource
292,inner_2,UNRANKED,R1,{},,,"re-enters on: PS5 inner-validation gain as a member of a group or pair, a later exploratory draw, a new vintage, or a change of declared target","REDUNDANCY_GROUP R1 (|r|>=0.95): 89,91,93,292,306,308 | NO_DECLARED_TARGET_CONSTRUCTED: NOT_APPLICABLE: literature replica; author preprocessing and target protocol preserved; section-3 business targets Y_s/Y_l/Y_b do not apply to this resource"
293,inner_2,UNRANKED,,{},,,"re-enters on: PS5 inner-validation gain as a member of a group or pair, a later exploratory draw, a new vintage, or a change of declared target",NO_DECLARED_TARGET_CONSTRUCTED: NOT_APPLICABLE: literature replica; author preprocessing and target protocol preserved; section-3 business targets Y_s/Y_l/Y_b do not apply to this resource
294,inner_2,UNRANKED,,{},,,"re-enters on: PS5 inner-validation gain as a member of a group or pair, a later exploratory draw, a new vintage, or a change of declared target",NO_DECLARED_TARGET_CONSTRUCTED: NOT_APPLICABLE: literature replica; author preprocessing and target protocol preserved; section-3 business targets Y_s/Y_l/Y_b do not apply to this resource
295,inner_2,UNRANKED,,{},,,"re-enters on: PS5 inner-validation gain as a member of a group or pair, a later exploratory draw, a new vintage, or a change of declared target",NO_DECLARED_TARGET_CONSTRUCTED: NOT_APPLICABLE: literature replica; author preprocessing and target protocol preserved; section-3 business targets Y_s/Y_l/Y_b do not apply to this resource
296,inner_2,UNRANKED,R6,{},,,"re-enters on: PS5 inner-validation gain as a member of a group or pair, a later exploratory draw, a new vintage, or a change of declared target","REDUNDANCY_GROUP R6 (|r|>=0.95): 296,297 | NO_DECLARED_TARGET_CONSTRUCTED: NOT_APPLICABLE: literature replica; author preprocessing and target protocol preserved; section-3 business targets Y_s/Y_l/Y_b do not apply to this resource"
297,inner_2,UNRANKED,R6,{},,,"re-enters on: PS5 inner-validation gain as a member of a group or pair, a later exploratory draw, a new vintage, or a change of declared target","REDUNDANCY_GROUP R6 (|r|>=0.95): 296,297 | NO_DECLARED_TARGET_CONSTRUCTED: NOT_APPLICABLE: literature replica; author preprocessing and target protocol preserved; section-3 business targets Y_s/Y_l/Y_b do not apply to this resource"
298,inner_2,UNRANKED,,{},,,"re-enters on: PS5 inner-validation gain as a member of a group or pair, a later exploratory draw, a new vintage, or a change of declared target",NO_DECLARED_TARGET_CONSTRUCTED: NOT_APPLICABLE: literature replica; author preprocessing and target protocol preserved; section-3 business targets Y_s/Y_l/Y_b do not apply to this resource
299,inner_2,UNRANKED,,{},,,"re-enters on: PS5 inner-validation gain as a member of a group or pair, a later exploratory draw, a new vintage, or a change of declared target",NO_DECLARED_TARGET_CONSTRUCTED: NOT_APPLICABLE: literature replica; author preprocessing and target protocol preserved; section-3 business targets Y_s/Y_l/Y_b do not apply to this resource
300,inner_2,UNRANKED,,{},,,"re-enters on: PS5 inner-validation gain as a member of a group or pair, a later exploratory draw, a new vintage, or a change of declared target",NO_DECLARED_TARGET_CONSTRUCTED: NOT_APPLICABLE: literature replica; author preprocessing and target protocol preserved; section-3 business targets Y_s/Y_l/Y_b do not apply to this resource
301,inner_2,UNRANKED,,{},,,"re-enters on: PS5 inner-validation gain as a member of a group or pair, a later exploratory draw, a new vintage, or a change of declared target",NO_DECLARED_TARGET_CONSTRUCTED: NOT_APPLICABLE: literature replica; author preprocessing and target protocol preserved; section-3 business targets Y_s/Y_l/Y_b do not apply to this resource
302,inner_2,UNRANKED,,{},,,"re-enters on: PS5 inner-validation gain as a member of a group or pair, a later exploratory draw, a new vintage, or a change of declared target",NO_DECLARED_TARGET_CONSTRUCTED: NOT_APPLICABLE: literature replica; author preprocessing and target protocol preserved; section-3 business targets Y_s/Y_l/Y_b do not apply to this resource
303,inner_2,UNRANKED,,{},,,"re-enters on: PS5 inner-validation gain as a member of a group or pair, a later exploratory draw, a new vintage, or a change of declared target",NO_DECLARED_TARGET_CONSTRUCTED: NOT_APPLICABLE: literature replica; author preprocessing and target protocol preserved; section-3 business targets Y_s/Y_l/Y_b do not apply to this resource
304,inner_2,UNRANKED,,{},,,"re-enters on: PS5 inner-validation gain as a member of a group or pair, a later exploratory draw, a new vintage, or a change of declared target",NO_DECLARED_TARGET_CONSTRUCTED: NOT_APPLICABLE: literature replica; author preprocessing and target protocol preserved; section-3 business targets Y_s/Y_l/Y_b do not apply to this resource
305,inner_2,UNRANKED,,{},,,"re-enters on: PS5 inner-validation gain as a member of a group or pair, a later exploratory draw, a new vintage, or a change of declared target",NO_DECLARED_TARGET_CONSTRUCTED: NOT_APPLICABLE: literature replica; author preprocessing and target protocol preserved; section-3 business targets Y_s/Y_l/Y_b do not apply to this resource
306,inner_2,UNRANKED,R1,{},,,"re-enters on: PS5 inner-validation gain as a member of a group or pair, a later exploratory draw, a new vintage, or a change of declared target","REDUNDANCY_GROUP R1 (|r|>=0.95): 89,91,93,292,306,308 | NO_DECLARED_TARGET_CONSTRUCTED: NOT_APPLICABLE: literature replica; author preprocessing and target protocol preserved; section-3 business targets Y_s/Y_l/Y_b do not apply to this resource"
307,inner_2,UNRANKED,,{},,,"re-enters on: PS5 inner-validation gain as a member of a group or pair, a later exploratory draw, a new vintage, or a change of declared target",NO_DECLARED_TARGET_CONSTRUCTED: NOT_APPLICABLE: literature replica; author preprocessing and target protocol preserved; section-3 business targets Y_s/Y_l/Y_b do not apply to this resource
308,inner_2,UNRANKED,R1,{},,,"re-enters on: PS5 inner-validation gain as a member of a group or pair, a later exploratory draw, a new vintage, or a change of declared target","REDUNDANCY_GROUP R1 (|r|>=0.95): 89,91,93,292,306,308 | NO_DECLARED_TARGET_CONSTRUCTED: NOT_APPLICABLE: literature replica; author preprocessing and target protocol preserved; section-3 business targets Y_s/Y_l/Y_b do not apply to this resource"
309,inner_2,UNRANKED,,{},,,"re-enters on: PS5 inner-validation gain as a member of a group or pair, a later exploratory draw, a new vintage, or a change of declared target",NO_DECLARED_TARGET_CONSTRUCTED: NOT_APPLICABLE: literature replica; author preprocessing and target protocol preserved; section-3 business targets Y_s/Y_l/Y_b do not apply to this resource
310,inner_2,UNRANKED,,{},,,"re-enters on: PS5 inner-validation gain as a member of a group or pair, a later exploratory draw, a new vintage, or a change of declared target",NO_DECLARED_TARGET_CONSTRUCTED: NOT_APPLICABLE: literature replica; author preprocessing and target protocol preserved; section-3 business targets Y_s/Y_l/Y_b do not apply to this resource
311,inner_2,UNRANKED,,{},,,"re-enters on: PS5 inner-validation gain as a member of a group or pair, a later exploratory draw, a new vintage, or a change of declared target",NO_DECLARED_TARGET_CONSTRUCTED: NOT_APPLICABLE: literature replica; author preprocessing and target protocol preserved; section-3 business targets Y_s/Y_l/Y_b do not apply to this resource
312,inner_2,UNRANKED,,{},,,"re-enters on: PS5 inner-validation gain as a member of a group or pair, a later exploratory draw, a new vintage, or a change of declared target",NO_DECLARED_TARGET_CONSTRUCTED: NOT_APPLICABLE: literature replica; author preprocessing and target protocol preserved; section-3 business targets Y_s/Y_l/Y_b do not apply to this resource
313,inner_2,UNRANKED,,{},,,"re-enters on: PS5 inner-validation gain as a member of a group or pair, a later exploratory draw, a new vintage, or a change of declared target",NO_DECLARED_TARGET_CONSTRUCTED: NOT_APPLICABLE: literature replica; author preprocessing and target protocol preserved; section-3 business targets Y_s/Y_l/Y_b do not apply to this resource
314,inner_2,UNRANKED,,{},,,"re-enters on: PS5 inner-validation gain as a member of a group or pair, a later exploratory draw, a new vintage, or a change of declared target",NO_DECLARED_TARGET_CONSTRUCTED: NOT_APPLICABLE: literature replica; author preprocessing and target protocol preserved; section-3 business targets Y_s/Y_l/Y_b do not apply to this resource
315,inner_2,UNRANKED,,{},,,"re-enters on: PS5 inner-validation gain as a member of a group or pair, a later exploratory draw, a new vintage, or a change of declared target",NO_DECLARED_TARGET_CONSTRUCTED: NOT_APPLICABLE: literature replica; author preprocessing and target protocol preserved; section-3 business targets Y_s/Y_l/Y_b do not apply to this resource
316,inner_2,UNRANKED,,{},,,"re-enters on: PS5 inner-validation gain as a member of a group or pair, a later exploratory draw, a new vintage, or a change of declared target",NO_DECLARED_TARGET_CONSTRUCTED: NOT_APPLICABLE: literature replica; author preprocessing and target protocol preserved; section-3 business targets Y_s/Y_l/Y_b do not apply to this resource
317,inner_2,UNRANKED,,{},,,"re-enters on: PS5 inner-validation gain as a member of a group or pair, a later exploratory draw, a new vintage, or a change of declared target",NO_DECLARED_TARGET_CONSTRUCTED: NOT_APPLICABLE: literature replica; author preprocessing and target protocol preserved; section-3 business targets Y_s/Y_l/Y_b do not apply to this resource
318,inner_2,UNRANKED,,{},,,"re-enters on: PS5 inner-validation gain as a member of a group or pair, a later exploratory draw, a new vintage, or a change of declared target",NO_DECLARED_TARGET_CONSTRUCTED: NOT_APPLICABLE: literature replica; author preprocessing and target protocol preserved; section-3 business targets Y_s/Y_l/Y_b do not apply to this resource
319,inner_2,UNRANKED,,{},,,"re-enters on: PS5 inner-validation gain as a member of a group or pair, a later exploratory draw, a new vintage, or a change of declared target",NO_DECLARED_TARGET_CONSTRUCTED: NOT_APPLICABLE: literature replica; author preprocessing and target protocol preserved; section-3 business targets Y_s/Y_l/Y_b do not apply to this resource
OT,inner_2,UNRANKED,,{},,,"re-enters on: PS5 inner-validation gain as a member of a group or pair, a later exploratory draw, a new vintage, or a change of declared target",NO_DECLARED_TARGET_CONSTRUCTED: NOT_APPLICABLE: literature replica; author preprocessing and target protocol preserved; section-3 business targets Y_s/Y_l/Y_b do not apply to this resource
0,inner_3,UNRANKED,,{},,,"re-enters on: PS5 inner-validation gain as a member of a group or pair, a later exploratory draw, a new vintage, or a change of declared target",NO_DECLARED_TARGET_CONSTRUCTED: NOT_APPLICABLE: literature replica; author preprocessing and target protocol preserved; section-3 business targets Y_s/Y_l/Y_b do not apply to this resource
1,inner_3,UNRANKED,,{},,,"re-enters on: PS5 inner-validation gain as a member of a group or pair, a later exploratory draw, a new vintage, or a change of declared target",NO_DECLARED_TARGET_CONSTRUCTED: NOT_APPLICABLE: literature replica; author preprocessing and target protocol preserved; section-3 business targets Y_s/Y_l/Y_b do not apply to this resource
2,inner_3,UNRANKED,,{},,,"re-enters on: PS5 inner-validation gain as a member of a group or pair, a later exploratory draw, a new vintage, or a change of declared target",NO_DECLARED_TARGET_CONSTRUCTED: NOT_APPLICABLE: literature replica; author preprocessing and target protocol preserved; section-3 business targets Y_s/Y_l/Y_b do not apply to this resource
3,inner_3,UNRANKED,,{},,,"re-enters on: PS5 inner-validation gain as a member of a group or pair, a later exploratory draw, a new vintage, or a change of declared target",NO_DECLARED_TARGET_CONSTRUCTED: NOT_APPLICABLE: literature replica; author preprocessing and target protocol preserved; section-3 business targets Y_s/Y_l/Y_b do not apply to this resource
4,inner_3,UNRANKED,,{},,,"re-enters on: PS5 inner-validation gain as a member of a group or pair, a later exploratory draw, a new vintage, or a change of declared target",NO_DECLARED_TARGET_CONSTRUCTED: NOT_APPLICABLE: literature replica; author preprocessing and target protocol preserved; section-3 business targets Y_s/Y_l/Y_b do not apply to this resource
5,inner_3,UNRANKED,,{},,,"re-enters on: PS5 inner-validation gain as a member of a group or pair, a later exploratory draw, a new vintage, or a change of declared target",NO_DECLARED_TARGET_CONSTRUCTED: NOT_APPLICABLE: literature replica; author preprocessing and target protocol preserved; section-3 business targets Y_s/Y_l/Y_b do not apply to this resource
6,inner_3,UNRANKED,,{},,,"re-enters on: PS5 inner-validation gain as a member of a group or pair, a later exploratory draw, a new vintage, or a change of declared target",NO_DECLARED_TARGET_CONSTRUCTED: NOT_APPLICABLE: literature replica; author preprocessing and target protocol preserved; section-3 business targets Y_s/Y_l/Y_b do not apply to this resource
7,inner_3,UNRANKED,,{},,,"re-enters on: PS5 inner-validation gain as a member of a group or pair, a later exploratory draw, a new vintage, or a change of declared target",NO_DECLARED_TARGET_CONSTRUCTED: NOT_APPLICABLE: literature replica; author preprocessing and target protocol preserved; section-3 business targets Y_s/Y_l/Y_b do not apply to this resource
8,inner_3,UNRANKED,,{},,,"re-enters on: PS5 inner-validation gain as a member of a group or pair, a later exploratory draw, a new vintage, or a change of declared target",NO_DECLARED_TARGET_CONSTRUCTED: NOT_APPLICABLE: literature replica; author preprocessing and target protocol preserved; section-3 business targets Y_s/Y_l/Y_b do not apply to this resource
9,inner_3,UNRANKED,,{},,,"re-enters on: PS5 inner-validation gain as a member of a group or pair, a later exploratory draw, a new vintage, or a change of declared target",NO_DECLARED_TARGET_CONSTRUCTED: NOT_APPLICABLE: literature replica; author preprocessing and target protocol preserved; section-3 business targets Y_s/Y_l/Y_b do not apply to this resource
10,inner_3,UNRANKED,,{},,,"re-enters on: PS5 inner-validation gain as a member of a group or pair, a later exploratory draw, a new vintage, or a change of declared target",NO_DECLARED_TARGET_CONSTRUCTED: NOT_APPLICABLE: literature replica; author preprocessing and target protocol preserved; section-3 business targets Y_s/Y_l/Y_b do not apply to this resource
11,inner_3,UNRANKED,,{},,,"re-enters on: PS5 inner-validation gain as a member of a group or pair, a later exploratory draw, a new vintage, or a change of declared target",NO_DECLARED_TARGET_CONSTRUCTED: NOT_APPLICABLE: literature replica; author preprocessing and target protocol preserved; section-3 business targets Y_s/Y_l/Y_b do not apply to this resource
12,inner_3,UNRANKED,,{},,,"re-enters on: PS5 inner-validation gain as a member of a group or pair, a later exploratory draw, a new vintage, or a change of declared target",NO_DECLARED_TARGET_CONSTRUCTED: NOT_APPLICABLE: literature replica; author preprocessing and target protocol preserved; section-3 business targets Y_s/Y_l/Y_b do not apply to this resource
13,inner_3,UNRANKED,,{},,,"re-enters on: PS5 inner-validation gain as a member of a group or pair, a later exploratory draw, a new vintage, or a change of declared target",NO_DECLARED_TARGET_CONSTRUCTED: NOT_APPLICABLE: literature replica; author preprocessing and target protocol preserved; section-3 business targets Y_s/Y_l/Y_b do not apply to this resource
14,inner_3,UNRANKED,,{},,,"re-enters on: PS5 inner-validation gain as a member of a group or pair, a later exploratory draw, a new vintage, or a change of declared target",NO_DECLARED_TARGET_CONSTRUCTED: NOT_APPLICABLE: literature replica; author preprocessing and target protocol preserved; section-3 business targets Y_s/Y_l/Y_b do not apply to this resource
15,inner_3,UNRANKED,,{},,,"re-enters on: PS5 inner-validation gain as a member of a group or pair, a later exploratory draw, a new vintage, or a change of declared target",NO_DECLARED_TARGET_CONSTRUCTED: NOT_APPLICABLE: literature replica; author preprocessing and target protocol preserved; section-3 business targets Y_s/Y_l/Y_b do not apply to this resource
16,inner_3,UNRANKED,,{},,,"re-enters on: PS5 inner-validation gain as a member of a group or pair, a later exploratory draw, a new vintage, or a change of declared target",NO_DECLARED_TARGET_CONSTRUCTED: NOT_APPLICABLE: literature replica; author preprocessing and target protocol preserved; section-3 business targets Y_s/Y_l/Y_b do not apply to this resource
17,inner_3,UNRANKED,,{},,,"re-enters on: PS5 inner-validation gain as a member of a group or pair, a later exploratory draw, a new vintage, or a change of declared target",NO_DECLARED_TARGET_CONSTRUCTED: NOT_APPLICABLE: literature replica; author preprocessing and target protocol preserved; section-3 business targets Y_s/Y_l/Y_b do not apply to this resource
18,inner_3,UNRANKED,,{},,,"re-enters on: PS5 inner-validation gain as a member of a group or pair, a later exploratory draw, a new vintage, or a change of declared target",NO_DECLARED_TARGET_CONSTRUCTED: NOT_APPLICABLE: literature replica; author preprocessing and target protocol preserved; section-3 business targets Y_s/Y_l/Y_b do not apply to this resource
19,inner_3,UNRANKED,,{},,,"re-enters on: PS5 inner-validation gain as a member of a group or pair, a later exploratory draw, a new vintage, or a change of declared target",NO_DECLARED_TARGET_CONSTRUCTED: NOT_APPLICABLE: literature replica; author preprocessing and target protocol preserved; section-3 business targets Y_s/Y_l/Y_b do not apply to this resource
20,inner_3,UNRANKED,,{},,,"re-enters on: PS5 inner-validation gain as a member of a group or pair, a later exploratory draw, a new vintage, or a change of declared target",NO_DECLARED_TARGET_CONSTRUCTED: NOT_APPLICABLE: literature replica; author preprocessing and target protocol preserved; section-3 business targets Y_s/Y_l/Y_b do not apply to this resource
21,inner_3,UNRANKED,R0,{},,,"re-enters on: PS5 inner-validation gain as a member of a group or pair, a later exploratory draw, a new vintage, or a change of declared target","REDUNDANCY_GROUP R0 (|r|>=0.95): 21,32 | NO_DECLARED_TARGET_CONSTRUCTED: NOT_APPLICABLE: literature replica; author preprocessing and target protocol preserved; section-3 business targets Y_s/Y_l/Y_b do not apply to this resource"
22,inner_3,UNRANKED,,{},,,"re-enters on: PS5 inner-validation gain as a member of a group or pair, a later exploratory draw, a new vintage, or a change of declared target",NO_DECLARED_TARGET_CONSTRUCTED: NOT_APPLICABLE: literature replica; author preprocessing and target protocol preserved; section-3 business targets Y_s/Y_l/Y_b do not apply to this resource
23,inner_3,UNRANKED,,{},,,"re-enters on: PS5 inner-validation gain as a member of a group or pair, a later exploratory draw, a new vintage, or a change of declared target",NO_DECLARED_TARGET_CONSTRUCTED: NOT_APPLICABLE: literature replica; author preprocessing and target protocol preserved; section-3 business targets Y_s/Y_l/Y_b do not apply to this resource
24,inner_3,UNRANKED,,{},,,"re-enters on: PS5 inner-validation gain as a member of a group or pair, a later exploratory draw, a new vintage, or a change of declared target",NO_DECLARED_TARGET_CONSTRUCTED: NOT_APPLICABLE: literature replica; author preprocessing and target protocol preserved; section-3 business targets Y_s/Y_l/Y_b do not apply to this resource
25,inner_3,UNRANKED,,{},,,"re-enters on: PS5 inner-validation gain as a member of a group or pair, a later exploratory draw, a new vintage, or a change of declared target",NO_DECLARED_TARGET_CONSTRUCTED: NOT_APPLICABLE: literature replica; author preprocessing and target protocol preserved; section-3 business targets Y_s/Y_l/Y_b do not apply to this resource
26,inner_3,UNRANKED,,{},,,"re-enters on: PS5 inner-validation gain as a member of a group or pair, a later exploratory draw, a new vintage, or a change of declared target",NO_DECLARED_TARGET_CONSTRUCTED: NOT_APPLICABLE: literature replica; author preprocessing and target protocol preserved; section-3 business targets Y_s/Y_l/Y_b do not apply to this resource
27,inner_3,UNRANKED,,{},,,"re-enters on: PS5 inner-validation gain as a member of a group or pair, a later exploratory draw, a new vintage, or a change of declared target",NO_DECLARED_TARGET_CONSTRUCTED: NOT_APPLICABLE: literature replica; author preprocessing and target protocol preserved; section-3 business targets Y_s/Y_l/Y_b do not apply to this resource
28,inner_3,UNRANKED,,{},,,"re-enters on: PS5 inner-validation gain as a member of a group or pair, a later exploratory draw, a new vintage, or a change of declared target",NO_DECLARED_TARGET_CONSTRUCTED: NOT_APPLICABLE: literature replica; author preprocessing and target protocol preserved; section-3 business targets Y_s/Y_l/Y_b do not apply to this resource
29,inner_3,UNRANKED,,{},,,"re-enters on: PS5 inner-validation gain as a member of a group or pair, a later exploratory draw, a new vintage, or a change of declared target",NO_DECLARED_TARGET_CONSTRUCTED: NOT_APPLICABLE: literature replica; author preprocessing and target protocol preserved; section-3 business targets Y_s/Y_l/Y_b do not apply to this resource
30,inner_3,UNRANKED,,{},,,"re-enters on: PS5 inner-validation gain as a member of a group or pair, a later exploratory draw, a new vintage, or a change of declared target",NO_DECLARED_TARGET_CONSTRUCTED: NOT_APPLICABLE: literature replica; author preprocessing and target protocol preserved; section-3 business targets Y_s/Y_l/Y_b do not apply to this resource
31,inner_3,UNRANKED,,{},,,"re-enters on: PS5 inner-validation gain as a member of a group or pair, a later exploratory draw, a new vintage, or a change of declared target",NO_DECLARED_TARGET_CONSTRUCTED: NOT_APPLICABLE: literature replica; author preprocessing and target protocol preserved; section-3 business targets Y_s/Y_l/Y_b do not apply to this resource
32,inner_3,UNRANKED,R0,{},,,"re-enters on: PS5 inner-validation gain as a member of a group or pair, a later exploratory draw, a new vintage, or a change of declared target","REDUNDANCY_GROUP R0 (|r|>=0.95): 21,32 | NO_DECLARED_TARGET_CONSTRUCTED: NOT_APPLICABLE: literature replica; author preprocessing and target protocol preserved; section-3 business targets Y_s/Y_l/Y_b do not apply to this resource"
33,inner_3,UNRANKED,,{},,,"re-enters on: PS5 inner-validation gain as a member of a group or pair, a later exploratory draw, a new vintage, or a change of declared target",NO_DECLARED_TARGET_CONSTRUCTED: NOT_APPLICABLE: literature replica; author preprocessing and target protocol preserved; section-3 business targets Y_s/Y_l/Y_b do not apply to this resource
34,inner_3,UNRANKED,,{},,,"re-enters on: PS5 inner-validation gain as a member of a group or pair, a later exploratory draw, a new vintage, or a change of declared target",NO_DECLARED_TARGET_CONSTRUCTED: NOT_APPLICABLE: literature replica; author preprocessing and target protocol preserved; section-3 business targets Y_s/Y_l/Y_b do not apply to this resource
35,inner_3,UNRANKED,,{},,,"re-enters on: PS5 inner-validation gain as a member of a group or pair, a later exploratory draw, a new vintage, or a change of declared target",NO_DECLARED_TARGET_CONSTRUCTED: NOT_APPLICABLE: literature replica; author preprocessing and target protocol preserved; section-3 business targets Y_s/Y_l/Y_b do not apply to this resource
36,inner_3,UNRANKED,,{},,,"re-enters on: PS5 inner-validation gain as a member of a group or pair, a later exploratory draw, a new vintage, or a change of declared target",NO_DECLARED_TARGET_CONSTRUCTED: NOT_APPLICABLE: literature replica; author preprocessing and target protocol preserved; section-3 business targets Y_s/Y_l/Y_b do not apply to this resource
37,inner_3,UNRANKED,,{},,,"re-enters on: PS5 inner-validation gain as a member of a group or pair, a later exploratory draw, a new vintage, or a change of declared target",NO_DECLARED_TARGET_CONSTRUCTED: NOT_APPLICABLE: literature replica; author preprocessing and target protocol preserved; section-3 business targets Y_s/Y_l/Y_b do not apply to this resource
38,inner_3,UNRANKED,,{},,,"re-enters on: PS5 inner-validation gain as a member of a group or pair, a later exploratory draw, a new vintage, or a change of declared target",NO_DECLARED_TARGET_CONSTRUCTED: NOT_APPLICABLE: literature replica; author preprocessing and target protocol preserved; section-3 business targets Y_s/Y_l/Y_b do not apply to this resource
39,inner_3,UNRANKED,,{},,,"re-enters on: PS5 inner-validation gain as a member of a group or pair, a later exploratory draw, a new vintage, or a change of declared target",NO_DECLARED_TARGET_CONSTRUCTED: NOT_APPLICABLE: literature replica; author preprocessing and target protocol preserved; section-3 business targets Y_s/Y_l/Y_b do not apply to this resource
40,inner_3,UNRANKED,,{},,,"re-enters on: PS5 inner-validation gain as a member of a group or pair, a later exploratory draw, a new vintage, or a change of declared target",NO_DECLARED_TARGET_CONSTRUCTED: NOT_APPLICABLE: literature replica; author preprocessing and target protocol preserved; section-3 business targets Y_s/Y_l/Y_b do not apply to this resource
41,inner_3,UNRANKED,,{},,,"re-enters on: PS5 inner-validation gain as a member of a group or pair, a later exploratory draw, a new vintage, or a change of declared target",NO_DECLARED_TARGET_CONSTRUCTED: NOT_APPLICABLE: literature replica; author preprocessing and target protocol preserved; section-3 business targets Y_s/Y_l/Y_b do not apply to this resource
42,inner_3,UNRANKED,,{},,,"re-enters on: PS5 inner-validation gain as a member of a group or pair, a later exploratory draw, a new vintage, or a change of declared target",NO_DECLARED_TARGET_CONSTRUCTED: NOT_APPLICABLE: literature replica; author preprocessing and target protocol preserved; section-3 business targets Y_s/Y_l/Y_b do not apply to this resource
43,inner_3,UNRANKED,,{},,,"re-enters on: PS5 inner-validation gain as a member of a group or pair, a later exploratory draw, a new vintage, or a change of declared target",NO_DECLARED_TARGET_CONSTRUCTED: NOT_APPLICABLE: literature replica; author preprocessing and target protocol preserved; section-3 business targets Y_s/Y_l/Y_b do not apply to this resource
44,inner_3,UNRANKED,,{},,,"re-enters on: PS5 inner-validation gain as a member of a group or pair, a later exploratory draw, a new vintage, or a change of declared target",NO_DECLARED_TARGET_CONSTRUCTED: NOT_APPLICABLE: literature replica; author preprocessing and target protocol preserved; section-3 business targets Y_s/Y_l/Y_b do not apply to this resource
45,inner_3,UNRANKED,,{},,,"re-enters on: PS5 inner-validation gain as a member of a group or pair, a later exploratory draw, a new vintage, or a change of declared target",NO_DECLARED_TARGET_CONSTRUCTED: NOT_APPLICABLE: literature replica; author preprocessing and target protocol preserved; section-3 business targets Y_s/Y_l/Y_b do not apply to this resource
46,inner_3,UNRANKED,,{},,,"re-enters on: PS5 inner-validation gain as a member of a group or pair, a later exploratory draw, a new vintage, or a change of declared target",NO_DECLARED_TARGET_CONSTRUCTED: NOT_APPLICABLE: literature replica; author preprocessing and target protocol preserved; section-3 business targets Y_s/Y_l/Y_b do not apply to this resource
47,inner_3,UNRANKED,,{},,,"re-enters on: PS5 inner-validation gain as a member of a group or pair, a later exploratory draw, a new vintage, or a change of declared target",NO_DECLARED_TARGET_CONSTRUCTED: NOT_APPLICABLE: literature replica; author preprocessing and target protocol preserved; section-3 business targets Y_s/Y_l/Y_b do not apply to this resource
48,inner_3,UNRANKED,,{},,,"re-enters on: PS5 inner-validation gain as a member of a group or pair, a later exploratory draw, a new vintage, or a change of declared target",NO_DECLARED_TARGET_CONSTRUCTED: NOT_APPLICABLE: literature replica; author preprocessing and target protocol preserved; section-3 business targets Y_s/Y_l/Y_b do not apply to this resource
49,inner_3,UNRANKED,,{},,,"re-enters on: PS5 inner-validation gain as a member of a group or pair, a later exploratory draw, a new vintage, or a change of declared target",NO_DECLARED_TARGET_CONSTRUCTED: NOT_APPLICABLE: literature replica; author preprocessing and target protocol preserved; section-3 business targets Y_s/Y_l/Y_b do not apply to this resource
50,inner_3,UNRANKED,,{},,,"re-enters on: PS5 inner-validation gain as a member of a group or pair, a later exploratory draw, a new vintage, or a change of declared target",NO_DECLARED_TARGET_CONSTRUCTED: NOT_APPLICABLE: literature replica; author preprocessing and target protocol preserved; section-3 business targets Y_s/Y_l/Y_b do not apply to this resource
51,inner_3,UNRANKED,,{},,,"re-enters on: PS5 inner-validation gain as a member of a group or pair, a later exploratory draw, a new vintage, or a change of declared target",NO_DECLARED_TARGET_CONSTRUCTED: NOT_APPLICABLE: literature replica; author preprocessing and target protocol preserved; section-3 business targets Y_s/Y_l/Y_b do not apply to this resource
52,inner_3,UNRANKED,,{},,,"re-enters on: PS5 inner-validation gain as a member of a group or pair, a later exploratory draw, a new vintage, or a change of declared target",NO_DECLARED_TARGET_CONSTRUCTED: NOT_APPLICABLE: literature replica; author preprocessing and target protocol preserved; section-3 business targets Y_s/Y_l/Y_b do not apply to this resource
53,inner_3,UNRANKED,,{},,,"re-enters on: PS5 inner-validation gain as a member of a group or pair, a later exploratory draw, a new vintage, or a change of declared target",NO_DECLARED_TARGET_CONSTRUCTED: NOT_APPLICABLE: literature replica; author preprocessing and target protocol preserved; section-3 business targets Y_s/Y_l/Y_b do not apply to this resource
54,inner_3,UNRANKED,,{},,,"re-enters on: PS5 inner-validation gain as a member of a group or pair, a later exploratory draw, a new vintage, or a change of declared target",NO_DECLARED_TARGET_CONSTRUCTED: NOT_APPLICABLE: literature replica; author preprocessing and target protocol preserved; section-3 business targets Y_s/Y_l/Y_b do not apply to this resource
55,inner_3,UNRANKED,,{},,,"re-enters on: PS5 inner-validation gain as a member of a group or pair, a later exploratory draw, a new vintage, or a change of declared target",NO_DECLARED_TARGET_CONSTRUCTED: NOT_APPLICABLE: literature replica; author preprocessing and target protocol preserved; section-3 business targets Y_s/Y_l/Y_b do not apply to this resource
56,inner_3,UNRANKED,,{},,,"re-enters on: PS5 inner-validation gain as a member of a group or pair, a later exploratory draw, a new vintage, or a change of declared target",NO_DECLARED_TARGET_CONSTRUCTED: NOT_APPLICABLE: literature replica; author preprocessing and target protocol preserved; section-3 business targets Y_s/Y_l/Y_b do not apply to this resource
57,inner_3,UNRANKED,,{},,,"re-enters on: PS5 inner-validation gain as a member of a group or pair, a later exploratory draw, a new vintage, or a change of declared target",NO_DECLARED_TARGET_CONSTRUCTED: NOT_APPLICABLE: literature replica; author preprocessing and target protocol preserved; section-3 business targets Y_s/Y_l/Y_b do not apply to this resource
58,inner_3,UNRANKED,,{},,,"re-enters on: PS5 inner-validation gain as a member of a group or pair, a later exploratory draw, a new vintage, or a change of declared target",NO_DECLARED_TARGET_CONSTRUCTED: NOT_APPLICABLE: literature replica; author preprocessing and target protocol preserved; section-3 business targets Y_s/Y_l/Y_b do not apply to this resource
59,inner_3,UNRANKED,,{},,,"re-enters on: PS5 inner-validation gain as a member of a group or pair, a later exploratory draw, a new vintage, or a change of declared target",NO_DECLARED_TARGET_CONSTRUCTED: NOT_APPLICABLE: literature replica; author preprocessing and target protocol preserved; section-3 business targets Y_s/Y_l/Y_b do not apply to this resource
60,inner_3,UNRANKED,,{},,,"re-enters on: PS5 inner-validation gain as a member of a group or pair, a later exploratory draw, a new vintage, or a change of declared target",NO_DECLARED_TARGET_CONSTRUCTED: NOT_APPLICABLE: literature replica; author preprocessing and target protocol preserved; section-3 business targets Y_s/Y_l/Y_b do not apply to this resource
61,inner_3,UNRANKED,,{},,,"re-enters on: PS5 inner-validation gain as a member of a group or pair, a later exploratory draw, a new vintage, or a change of declared target",NO_DECLARED_TARGET_CONSTRUCTED: NOT_APPLICABLE: literature replica; author preprocessing and target protocol preserved; section-3 business targets Y_s/Y_l/Y_b do not apply to this resource
62,inner_3,UNRANKED,,{},,,"re-enters on: PS5 inner-validation gain as a member of a group or pair, a later exploratory draw, a new vintage, or a change of declared target",NO_DECLARED_TARGET_CONSTRUCTED: NOT_APPLICABLE: literature replica; author preprocessing and target protocol preserved; section-3 business targets Y_s/Y_l/Y_b do not apply to this resource
63,inner_3,UNRANKED,,{},,,"re-enters on: PS5 inner-validation gain as a member of a group or pair, a later exploratory draw, a new vintage, or a change of declared target",NO_DECLARED_TARGET_CONSTRUCTED: NOT_APPLICABLE: literature replica; author preprocessing and target protocol preserved; section-3 business targets Y_s/Y_l/Y_b do not apply to this resource
64,inner_3,UNRANKED,,{},,,"re-enters on: PS5 inner-validation gain as a member of a group or pair, a later exploratory draw, a new vintage, or a change of declared target",NO_DECLARED_TARGET_CONSTRUCTED: NOT_APPLICABLE: literature replica; author preprocessing and target protocol preserved; section-3 business targets Y_s/Y_l/Y_b do not apply to this resource
65,inner_3,UNRANKED,,{},,,"re-enters on: PS5 inner-validation gain as a member of a group or pair, a later exploratory draw, a new vintage, or a change of declared target",NO_DECLARED_TARGET_CONSTRUCTED: NOT_APPLICABLE: literature replica; author preprocessing and target protocol preserved; section-3 business targets Y_s/Y_l/Y_b do not apply to this resource
66,inner_3,UNRANKED,,{},,,"re-enters on: PS5 inner-validation gain as a member of a group or pair, a later exploratory draw, a new vintage, or a change of declared target",NO_DECLARED_TARGET_CONSTRUCTED: NOT_APPLICABLE: literature replica; author preprocessing and target protocol preserved; section-3 business targets Y_s/Y_l/Y_b do not apply to this resource
67,inner_3,UNRANKED,,{},,,"re-enters on: PS5 inner-validation gain as a member of a group or pair, a later exploratory draw, a new vintage, or a change of declared target",NO_DECLARED_TARGET_CONSTRUCTED: NOT_APPLICABLE: literature replica; author preprocessing and target protocol preserved; section-3 business targets Y_s/Y_l/Y_b do not apply to this resource
68,inner_3,UNRANKED,,{},,,"re-enters on: PS5 inner-validation gain as a member of a group or pair, a later exploratory draw, a new vintage, or a change of declared target",NO_DECLARED_TARGET_CONSTRUCTED: NOT_APPLICABLE: literature replica; author preprocessing and target protocol preserved; section-3 business targets Y_s/Y_l/Y_b do not apply to this resource
69,inner_3,UNRANKED,,{},,,"re-enters on: PS5 inner-validation gain as a member of a group or pair, a later exploratory draw, a new vintage, or a change of declared target",NO_DECLARED_TARGET_CONSTRUCTED: NOT_APPLICABLE: literature replica; author preprocessing and target protocol preserved; section-3 business targets Y_s/Y_l/Y_b do not apply to this resource
70,inner_3,UNRANKED,,{},,,"re-enters on: PS5 inner-validation gain as a member of a group or pair, a later exploratory draw, a new vintage, or a change of declared target",NO_DECLARED_TARGET_CONSTRUCTED: NOT_APPLICABLE: literature replica; author preprocessing and target protocol preserved; section-3 business targets Y_s/Y_l/Y_b do not apply to this resource
71,inner_3,UNRANKED,,{},,,"re-enters on: PS5 inner-validation gain as a member of a group or pair, a later exploratory draw, a new vintage, or a change of declared target",NO_DECLARED_TARGET_CONSTRUCTED: NOT_APPLICABLE: literature replica; author preprocessing and target protocol preserved; section-3 business targets Y_s/Y_l/Y_b do not apply to this resource
72,inner_3,UNRANKED,,{},,,"re-enters on: PS5 inner-validation gain as a member of a group or pair, a later exploratory draw, a new vintage, or a change of declared target",NO_DECLARED_TARGET_CONSTRUCTED: NOT_APPLICABLE: literature replica; author preprocessing and target protocol preserved; section-3 business targets Y_s/Y_l/Y_b do not apply to this resource
73,inner_3,UNRANKED,,{},,,"re-enters on: PS5 inner-validation gain as a member of a group or pair, a later exploratory draw, a new vintage, or a change of declared target",NO_DECLARED_TARGET_CONSTRUCTED: NOT_APPLICABLE: literature replica; author preprocessing and target protocol preserved; section-3 business targets Y_s/Y_l/Y_b do not apply to this resource
74,inner_3,UNRANKED,,{},,,"re-enters on: PS5 inner-validation gain as a member of a group or pair, a later exploratory draw, a new vintage, or a change of declared target",NO_DECLARED_TARGET_CONSTRUCTED: NOT_APPLICABLE: literature replica; author preprocessing and target protocol preserved; section-3 business targets Y_s/Y_l/Y_b do not apply to this resource
75,inner_3,UNRANKED,,{},,,"re-enters on: PS5 inner-validation gain as a member of a group or pair, a later exploratory draw, a new vintage, or a change of declared target",NO_DECLARED_TARGET_CONSTRUCTED: NOT_APPLICABLE: literature replica; author preprocessing and target protocol preserved; section-3 business targets Y_s/Y_l/Y_b do not apply to this resource
76,inner_3,UNRANKED,,{},,,"re-enters on: PS5 inner-validation gain as a member of a group or pair, a later exploratory draw, a new vintage, or a change of declared target",NO_DECLARED_TARGET_CONSTRUCTED: NOT_APPLICABLE: literature replica; author preprocessing and target protocol preserved; section-3 business targets Y_s/Y_l/Y_b do not apply to this resource
77,inner_3,UNRANKED,,{},,,"re-enters on: PS5 inner-validation gain as a member of a group or pair, a later exploratory draw, a new vintage, or a change of declared target",NO_DECLARED_TARGET_CONSTRUCTED: NOT_APPLICABLE: literature replica; author preprocessing and target protocol preserved; section-3 business targets Y_s/Y_l/Y_b do not apply to this resource
78,inner_3,UNRANKED,,{},,,"re-enters on: PS5 inner-validation gain as a member of a group or pair, a later exploratory draw, a new vintage, or a change of declared target",NO_DECLARED_TARGET_CONSTRUCTED: NOT_APPLICABLE: literature replica; author preprocessing and target protocol preserved; section-3 business targets Y_s/Y_l/Y_b do not apply to this resource
79,inner_3,UNRANKED,,{},,,"re-enters on: PS5 inner-validation gain as a member of a group or pair, a later exploratory draw, a new vintage, or a change of declared target",NO_DECLARED_TARGET_CONSTRUCTED: NOT_APPLICABLE: literature replica; author preprocessing and target protocol preserved; section-3 business targets Y_s/Y_l/Y_b do not apply to this resource
80,inner_3,UNRANKED,,{},,,"re-enters on: PS5 inner-validation gain as a member of a group or pair, a later exploratory draw, a new vintage, or a change of declared target",NO_DECLARED_TARGET_CONSTRUCTED: NOT_APPLICABLE: literature replica; author preprocessing and target protocol preserved; section-3 business targets Y_s/Y_l/Y_b do not apply to this resource
81,inner_3,UNRANKED,,{},,,"re-enters on: PS5 inner-validation gain as a member of a group or pair, a later exploratory draw, a new vintage, or a change of declared target",NO_DECLARED_TARGET_CONSTRUCTED: NOT_APPLICABLE: literature replica; author preprocessing and target protocol preserved; section-3 business targets Y_s/Y_l/Y_b do not apply to this resource
82,inner_3,UNRANKED,,{},,,"re-enters on: PS5 inner-validation gain as a member of a group or pair, a later exploratory draw, a new vintage, or a change of declared target",NO_DECLARED_TARGET_CONSTRUCTED: NOT_APPLICABLE: literature replica; author preprocessing and target protocol preserved; section-3 business targets Y_s/Y_l/Y_b do not apply to this resource
83,inner_3,UNRANKED,,{},,,"re-enters on: PS5 inner-validation gain as a member of a group or pair, a later exploratory draw, a new vintage, or a change of declared target",NO_DECLARED_TARGET_CONSTRUCTED: NOT_APPLICABLE: literature replica; author preprocessing and target protocol preserved; section-3 business targets Y_s/Y_l/Y_b do not apply to this resource
84,inner_3,UNRANKED,,{},,,"re-enters on: PS5 inner-validation gain as a member of a group or pair, a later exploratory draw, a new vintage, or a change of declared target",NO_DECLARED_TARGET_CONSTRUCTED: NOT_APPLICABLE: literature replica; author preprocessing and target protocol preserved; section-3 business targets Y_s/Y_l/Y_b do not apply to this resource
85,inner_3,UNRANKED,,{},,,"re-enters on: PS5 inner-validation gain as a member of a group or pair, a later exploratory draw, a new vintage, or a change of declared target",NO_DECLARED_TARGET_CONSTRUCTED: NOT_APPLICABLE: literature replica; author preprocessing and target protocol preserved; section-3 business targets Y_s/Y_l/Y_b do not apply to this resource
86,inner_3,UNRANKED,,{},,,"re-enters on: PS5 inner-validation gain as a member of a group or pair, a later exploratory draw, a new vintage, or a change of declared target",NO_DECLARED_TARGET_CONSTRUCTED: NOT_APPLICABLE: literature replica; author preprocessing and target protocol preserved; section-3 business targets Y_s/Y_l/Y_b do not apply to this resource
87,inner_3,UNRANKED,,{},,,"re-enters on: PS5 inner-validation gain as a member of a group or pair, a later exploratory draw, a new vintage, or a change of declared target",NO_DECLARED_TARGET_CONSTRUCTED: NOT_APPLICABLE: literature replica; author preprocessing and target protocol preserved; section-3 business targets Y_s/Y_l/Y_b do not apply to this resource
88,inner_3,UNRANKED,,{},,,"re-enters on: PS5 inner-validation gain as a member of a group or pair, a later exploratory draw, a new vintage, or a change of declared target",NO_DECLARED_TARGET_CONSTRUCTED: NOT_APPLICABLE: literature replica; author preprocessing and target protocol preserved; section-3 business targets Y_s/Y_l/Y_b do not apply to this resource
89,inner_3,UNRANKED,R1,{},,,"re-enters on: PS5 inner-validation gain as a member of a group or pair, a later exploratory draw, a new vintage, or a change of declared target","REDUNDANCY_GROUP R1 (|r|>=0.95): 89,91 | NO_DECLARED_TARGET_CONSTRUCTED: NOT_APPLICABLE: literature replica; author preprocessing and target protocol preserved; section-3 business targets Y_s/Y_l/Y_b do not apply to this resource"
90,inner_3,UNRANKED,,{},,,"re-enters on: PS5 inner-validation gain as a member of a group or pair, a later exploratory draw, a new vintage, or a change of declared target",NO_DECLARED_TARGET_CONSTRUCTED: NOT_APPLICABLE: literature replica; author preprocessing and target protocol preserved; section-3 business targets Y_s/Y_l/Y_b do not apply to this resource
91,inner_3,UNRANKED,R1,{},,,"re-enters on: PS5 inner-validation gain as a member of a group or pair, a later exploratory draw, a new vintage, or a change of declared target","REDUNDANCY_GROUP R1 (|r|>=0.95): 89,91 | NO_DECLARED_TARGET_CONSTRUCTED: NOT_APPLICABLE: literature replica; author preprocessing and target protocol preserved; section-3 business targets Y_s/Y_l/Y_b do not apply to this resource"
92,inner_3,UNRANKED,,{},,,"re-enters on: PS5 inner-validation gain as a member of a group or pair, a later exploratory draw, a new vintage, or a change of declared target",NO_DECLARED_TARGET_CONSTRUCTED: NOT_APPLICABLE: literature replica; author preprocessing and target protocol preserved; section-3 business targets Y_s/Y_l/Y_b do not apply to this resource
93,inner_3,UNRANKED,R2,{},,,"re-enters on: PS5 inner-validation gain as a member of a group or pair, a later exploratory draw, a new vintage, or a change of declared target","REDUNDANCY_GROUP R2 (|r|>=0.95): 93,94,292,306,308 | NO_DECLARED_TARGET_CONSTRUCTED: NOT_APPLICABLE: literature replica; author preprocessing and target protocol preserved; section-3 business targets Y_s/Y_l/Y_b do not apply to this resource"
94,inner_3,UNRANKED,R2,{},,,"re-enters on: PS5 inner-validation gain as a member of a group or pair, a later exploratory draw, a new vintage, or a change of declared target","REDUNDANCY_GROUP R2 (|r|>=0.95): 93,94,292,306,308 | NO_DECLARED_TARGET_CONSTRUCTED: NOT_APPLICABLE: literature replica; author preprocessing and target protocol preserved; section-3 business targets Y_s/Y_l/Y_b do not apply to this resource"
95,inner_3,UNRANKED,,{},,,"re-enters on: PS5 inner-validation gain as a member of a group or pair, a later exploratory draw, a new vintage, or a change of declared target",NO_DECLARED_TARGET_CONSTRUCTED: NOT_APPLICABLE: literature replica; author preprocessing and target protocol preserved; section-3 business targets Y_s/Y_l/Y_b do not apply to this resource
96,inner_3,UNRANKED,,{},,,"re-enters on: PS5 inner-validation gain as a member of a group or pair, a later exploratory draw, a new vintage, or a change of declared target",NO_DECLARED_TARGET_CONSTRUCTED: NOT_APPLICABLE: literature replica; author preprocessing and target protocol preserved; section-3 business targets Y_s/Y_l/Y_b do not apply to this resource
97,inner_3,UNRANKED,,{},,,"re-enters on: PS5 inner-validation gain as a member of a group or pair, a later exploratory draw, a new vintage, or a change of declared target",NO_DECLARED_TARGET_CONSTRUCTED: NOT_APPLICABLE: literature replica; author preprocessing and target protocol preserved; section-3 business targets Y_s/Y_l/Y_b do not apply to this resource
98,inner_3,UNRANKED,,{},,,"re-enters on: PS5 inner-validation gain as a member of a group or pair, a later exploratory draw, a new vintage, or a change of declared target",NO_DECLARED_TARGET_CONSTRUCTED: NOT_APPLICABLE: literature replica; author preprocessing and target protocol preserved; section-3 business targets Y_s/Y_l/Y_b do not apply to this resource
99,inner_3,UNRANKED,,{},,,"re-enters on: PS5 inner-validation gain as a member of a group or pair, a later exploratory draw, a new vintage, or a change of declared target",NO_DECLARED_TARGET_CONSTRUCTED: NOT_APPLICABLE: literature replica; author preprocessing and target protocol preserved; section-3 business targets Y_s/Y_l/Y_b do not apply to this resource
100,inner_3,UNRANKED,,{},,,"re-enters on: PS5 inner-validation gain as a member of a group or pair, a later exploratory draw, a new vintage, or a change of declared target",NO_DECLARED_TARGET_CONSTRUCTED: NOT_APPLICABLE: literature replica; author preprocessing and target protocol preserved; section-3 business targets Y_s/Y_l/Y_b do not apply to this resource
101,inner_3,UNRANKED,,{},,,"re-enters on: PS5 inner-validation gain as a member of a group or pair, a later exploratory draw, a new vintage, or a change of declared target",NO_DECLARED_TARGET_CONSTRUCTED: NOT_APPLICABLE: literature replica; author preprocessing and target protocol preserved; section-3 business targets Y_s/Y_l/Y_b do not apply to this resource
102,inner_3,UNRANKED,,{},,,"re-enters on: PS5 inner-validation gain as a member of a group or pair, a later exploratory draw, a new vintage, or a change of declared target",NO_DECLARED_TARGET_CONSTRUCTED: NOT_APPLICABLE: literature replica; author preprocessing and target protocol preserved; section-3 business targets Y_s/Y_l/Y_b do not apply to this resource
103,inner_3,UNRANKED,,{},,,"re-enters on: PS5 inner-validation gain as a member of a group or pair, a later exploratory draw, a new vintage, or a change of declared target",NO_DECLARED_TARGET_CONSTRUCTED: NOT_APPLICABLE: literature replica; author preprocessing and target protocol preserved; section-3 business targets Y_s/Y_l/Y_b do not apply to this resource
104,inner_3,UNRANKED,,{},,,"re-enters on: PS5 inner-validation gain as a member of a group or pair, a later exploratory draw, a new vintage, or a change of declared target",NO_DECLARED_TARGET_CONSTRUCTED: NOT_APPLICABLE: literature replica; author preprocessing and target protocol preserved; section-3 business targets Y_s/Y_l/Y_b do not apply to this resource
105,inner_3,UNRANKED,,{},,,"re-enters on: PS5 inner-validation gain as a member of a group or pair, a later exploratory draw, a new vintage, or a change of declared target",NO_DECLARED_TARGET_CONSTRUCTED: NOT_APPLICABLE: literature replica; author preprocessing and target protocol preserved; section-3 business targets Y_s/Y_l/Y_b do not apply to this resource
106,inner_3,UNRANKED,,{},,,"re-enters on: PS5 inner-validation gain as a member of a group or pair, a later exploratory draw, a new vintage, or a change of declared target",NO_DECLARED_TARGET_CONSTRUCTED: NOT_APPLICABLE: literature replica; author preprocessing and target protocol preserved; section-3 business targets Y_s/Y_l/Y_b do not apply to this resource
107,inner_3,UNRANKED,,{},,,"re-enters on: PS5 inner-validation gain as a member of a group or pair, a later exploratory draw, a new vintage, or a change of declared target",NO_DECLARED_TARGET_CONSTRUCTED: NOT_APPLICABLE: literature replica; author preprocessing and target protocol preserved; section-3 business targets Y_s/Y_l/Y_b do not apply to this resource
108,inner_3,UNRANKED,,{},,,"re-enters on: PS5 inner-validation gain as a member of a group or pair, a later exploratory draw, a new vintage, or a change of declared target",NO_DECLARED_TARGET_CONSTRUCTED: NOT_APPLICABLE: literature replica; author preprocessing and target protocol preserved; section-3 business targets Y_s/Y_l/Y_b do not apply to this resource
109,inner_3,UNRANKED,,{},,,"re-enters on: PS5 inner-validation gain as a member of a group or pair, a later exploratory draw, a new vintage, or a change of declared target",NO_DECLARED_TARGET_CONSTRUCTED: NOT_APPLICABLE: literature replica; author preprocessing and target protocol preserved; section-3 business targets Y_s/Y_l/Y_b do not apply to this resource
110,inner_3,UNRANKED,,{},,,"re-enters on: PS5 inner-validation gain as a member of a group or pair, a later exploratory draw, a new vintage, or a change of declared target",NO_DECLARED_TARGET_CONSTRUCTED: NOT_APPLICABLE: literature replica; author preprocessing and target protocol preserved; section-3 business targets Y_s/Y_l/Y_b do not apply to this resource
111,inner_3,UNRANKED,,{},,,"re-enters on: PS5 inner-validation gain as a member of a group or pair, a later exploratory draw, a new vintage, or a change of declared target",NO_DECLARED_TARGET_CONSTRUCTED: NOT_APPLICABLE: literature replica; author preprocessing and target protocol preserved; section-3 business targets Y_s/Y_l/Y_b do not apply to this resource
112,inner_3,UNRANKED,,{},,,"re-enters on: PS5 inner-validation gain as a member of a group or pair, a later exploratory draw, a new vintage, or a change of declared target",NO_DECLARED_TARGET_CONSTRUCTED: NOT_APPLICABLE: literature replica; author preprocessing and target protocol preserved; section-3 business targets Y_s/Y_l/Y_b do not apply to this resource
113,inner_3,UNRANKED,,{},,,"re-enters on: PS5 inner-validation gain as a member of a group or pair, a later exploratory draw, a new vintage, or a change of declared target",NO_DECLARED_TARGET_CONSTRUCTED: NOT_APPLICABLE: literature replica; author preprocessing and target protocol preserved; section-3 business targets Y_s/Y_l/Y_b do not apply to this resource
114,inner_3,UNRANKED,,{},,,"re-enters on: PS5 inner-validation gain as a member of a group or pair, a later exploratory draw, a new vintage, or a change of declared target",NO_DECLARED_TARGET_CONSTRUCTED: NOT_APPLICABLE: literature replica; author preprocessing and target protocol preserved; section-3 business targets Y_s/Y_l/Y_b do not apply to this resource
115,inner_3,UNRANKED,,{},,,"re-enters on: PS5 inner-validation gain as a member of a group or pair, a later exploratory draw, a new vintage, or a change of declared target",NO_DECLARED_TARGET_CONSTRUCTED: NOT_APPLICABLE: literature replica; author preprocessing and target protocol preserved; section-3 business targets Y_s/Y_l/Y_b do not apply to this resource
116,inner_3,UNRANKED,,{},,,"re-enters on: PS5 inner-validation gain as a member of a group or pair, a later exploratory draw, a new vintage, or a change of declared target",NO_DECLARED_TARGET_CONSTRUCTED: NOT_APPLICABLE: literature replica; author preprocessing and target protocol preserved; section-3 business targets Y_s/Y_l/Y_b do not apply to this resource
117,inner_3,UNRANKED,,{},,,"re-enters on: PS5 inner-validation gain as a member of a group or pair, a later exploratory draw, a new vintage, or a change of declared target",NO_DECLARED_TARGET_CONSTRUCTED: NOT_APPLICABLE: literature replica; author preprocessing and target protocol preserved; section-3 business targets Y_s/Y_l/Y_b do not apply to this resource
118,inner_3,UNRANKED,,{},,,"re-enters on: PS5 inner-validation gain as a member of a group or pair, a later exploratory draw, a new vintage, or a change of declared target",NO_DECLARED_TARGET_CONSTRUCTED: NOT_APPLICABLE: literature replica; author preprocessing and target protocol preserved; section-3 business targets Y_s/Y_l/Y_b do not apply to this resource
119,inner_3,UNRANKED,,{},,,"re-enters on: PS5 inner-validation gain as a member of a group or pair, a later exploratory draw, a new vintage, or a change of declared target",NO_DECLARED_TARGET_CONSTRUCTED: NOT_APPLICABLE: literature replica; author preprocessing and target protocol preserved; section-3 business targets Y_s/Y_l/Y_b do not apply to this resource
120,inner_3,UNRANKED,,{},,,"re-enters on: PS5 inner-validation gain as a member of a group or pair, a later exploratory draw, a new vintage, or a change of declared target",NO_DECLARED_TARGET_CONSTRUCTED: NOT_APPLICABLE: literature replica; author preprocessing and target protocol preserved; section-3 business targets Y_s/Y_l/Y_b do not apply to this resource
121,inner_3,UNRANKED,,{},,,"re-enters on: PS5 inner-validation gain as a member of a group or pair, a later exploratory draw, a new vintage, or a change of declared target",NO_DECLARED_TARGET_CONSTRUCTED: NOT_APPLICABLE: literature replica; author preprocessing and target protocol preserved; section-3 business targets Y_s/Y_l/Y_b do not apply to this resource
122,inner_3,UNRANKED,,{},,,"re-enters on: PS5 inner-validation gain as a member of a group or pair, a later exploratory draw, a new vintage, or a change of declared target",NO_DECLARED_TARGET_CONSTRUCTED: NOT_APPLICABLE: literature replica; author preprocessing and target protocol preserved; section-3 business targets Y_s/Y_l/Y_b do not apply to this resource
123,inner_3,UNRANKED,,{},,,"re-enters on: PS5 inner-validation gain as a member of a group or pair, a later exploratory draw, a new vintage, or a change of declared target",NO_DECLARED_TARGET_CONSTRUCTED: NOT_APPLICABLE: literature replica; author preprocessing and target protocol preserved; section-3 business targets Y_s/Y_l/Y_b do not apply to this resource
124,inner_3,UNRANKED,,{},,,"re-enters on: PS5 inner-validation gain as a member of a group or pair, a later exploratory draw, a new vintage, or a change of declared target",NO_DECLARED_TARGET_CONSTRUCTED: NOT_APPLICABLE: literature replica; author preprocessing and target protocol preserved; section-3 business targets Y_s/Y_l/Y_b do not apply to this resource
125,inner_3,UNRANKED,,{},,,"re-enters on: PS5 inner-validation gain as a member of a group or pair, a later exploratory draw, a new vintage, or a change of declared target",NO_DECLARED_TARGET_CONSTRUCTED: NOT_APPLICABLE: literature replica; author preprocessing and target protocol preserved; section-3 business targets Y_s/Y_l/Y_b do not apply to this resource
126,inner_3,UNRANKED,,{},,,"re-enters on: PS5 inner-validation gain as a member of a group or pair, a later exploratory draw, a new vintage, or a change of declared target",NO_DECLARED_TARGET_CONSTRUCTED: NOT_APPLICABLE: literature replica; author preprocessing and target protocol preserved; section-3 business targets Y_s/Y_l/Y_b do not apply to this resource
127,inner_3,UNRANKED,,{},,,"re-enters on: PS5 inner-validation gain as a member of a group or pair, a later exploratory draw, a new vintage, or a change of declared target",NO_DECLARED_TARGET_CONSTRUCTED: NOT_APPLICABLE: literature replica; author preprocessing and target protocol preserved; section-3 business targets Y_s/Y_l/Y_b do not apply to this resource
128,inner_3,UNRANKED,,{},,,"re-enters on: PS5 inner-validation gain as a member of a group or pair, a later exploratory draw, a new vintage, or a change of declared target",NO_DECLARED_TARGET_CONSTRUCTED: NOT_APPLICABLE: literature replica; author preprocessing and target protocol preserved; section-3 business targets Y_s/Y_l/Y_b do not apply to this resource
129,inner_3,UNRANKED,,{},,,"re-enters on: PS5 inner-validation gain as a member of a group or pair, a later exploratory draw, a new vintage, or a change of declared target",NO_DECLARED_TARGET_CONSTRUCTED: NOT_APPLICABLE: literature replica; author preprocessing and target protocol preserved; section-3 business targets Y_s/Y_l/Y_b do not apply to this resource
130,inner_3,UNRANKED,,{},,,"re-enters on: PS5 inner-validation gain as a member of a group or pair, a later exploratory draw, a new vintage, or a change of declared target",NO_DECLARED_TARGET_CONSTRUCTED: NOT_APPLICABLE: literature replica; author preprocessing and target protocol preserved; section-3 business targets Y_s/Y_l/Y_b do not apply to this resource
131,inner_3,UNRANKED,,{},,,"re-enters on: PS5 inner-validation gain as a member of a group or pair, a later exploratory draw, a new vintage, or a change of declared target",NO_DECLARED_TARGET_CONSTRUCTED: NOT_APPLICABLE: literature replica; author preprocessing and target protocol preserved; section-3 business targets Y_s/Y_l/Y_b do not apply to this resource
132,inner_3,UNRANKED,,{},,,"re-enters on: PS5 inner-validation gain as a member of a group or pair, a later exploratory draw, a new vintage, or a change of declared target",NO_DECLARED_TARGET_CONSTRUCTED: NOT_APPLICABLE: literature replica; author preprocessing and target protocol preserved; section-3 business targets Y_s/Y_l/Y_b do not apply to this resource
133,inner_3,UNRANKED,,{},,,"re-enters on: PS5 inner-validation gain as a member of a group or pair, a later exploratory draw, a new vintage, or a change of declared target",NO_DECLARED_TARGET_CONSTRUCTED: NOT_APPLICABLE: literature replica; author preprocessing and target protocol preserved; section-3 business targets Y_s/Y_l/Y_b do not apply to this resource
134,inner_3,UNRANKED,,{},,,"re-enters on: PS5 inner-validation gain as a member of a group or pair, a later exploratory draw, a new vintage, or a change of declared target",NO_DECLARED_TARGET_CONSTRUCTED: NOT_APPLICABLE: literature replica; author preprocessing and target protocol preserved; section-3 business targets Y_s/Y_l/Y_b do not apply to this resource
135,inner_3,UNRANKED,,{},,,"re-enters on: PS5 inner-validation gain as a member of a group or pair, a later exploratory draw, a new vintage, or a change of declared target",NO_DECLARED_TARGET_CONSTRUCTED: NOT_APPLICABLE: literature replica; author preprocessing and target protocol preserved; section-3 business targets Y_s/Y_l/Y_b do not apply to this resource
136,inner_3,UNRANKED,,{},,,"re-enters on: PS5 inner-validation gain as a member of a group or pair, a later exploratory draw, a new vintage, or a change of declared target",NO_DECLARED_TARGET_CONSTRUCTED: NOT_APPLICABLE: literature replica; author preprocessing and target protocol preserved; section-3 business targets Y_s/Y_l/Y_b do not apply to this resource
137,inner_3,UNRANKED,,{},,,"re-enters on: PS5 inner-validation gain as a member of a group or pair, a later exploratory draw, a new vintage, or a change of declared target",NO_DECLARED_TARGET_CONSTRUCTED: NOT_APPLICABLE: literature replica; author preprocessing and target protocol preserved; section-3 business targets Y_s/Y_l/Y_b do not apply to this resource
138,inner_3,UNRANKED,,{},,,"re-enters on: PS5 inner-validation gain as a member of a group or pair, a later exploratory draw, a new vintage, or a change of declared target",NO_DECLARED_TARGET_CONSTRUCTED: NOT_APPLICABLE: literature replica; author preprocessing and target protocol preserved; section-3 business targets Y_s/Y_l/Y_b do not apply to this resource
139,inner_3,UNRANKED,,{},,,"re-enters on: PS5 inner-validation gain as a member of a group or pair, a later exploratory draw, a new vintage, or a change of declared target",NO_DECLARED_TARGET_CONSTRUCTED: NOT_APPLICABLE: literature replica; author preprocessing and target protocol preserved; section-3 business targets Y_s/Y_l/Y_b do not apply to this resource
140,inner_3,UNRANKED,,{},,,"re-enters on: PS5 inner-validation gain as a member of a group or pair, a later exploratory draw, a new vintage, or a change of declared target",NO_DECLARED_TARGET_CONSTRUCTED: NOT_APPLICABLE: literature replica; author preprocessing and target protocol preserved; section-3 business targets Y_s/Y_l/Y_b do not apply to this resource
141,inner_3,UNRANKED,,{},,,"re-enters on: PS5 inner-validation gain as a member of a group or pair, a later exploratory draw, a new vintage, or a change of declared target",NO_DECLARED_TARGET_CONSTRUCTED: NOT_APPLICABLE: literature replica; author preprocessing and target protocol preserved; section-3 business targets Y_s/Y_l/Y_b do not apply to this resource
142,inner_3,UNRANKED,,{},,,"re-enters on: PS5 inner-validation gain as a member of a group or pair, a later exploratory draw, a new vintage, or a change of declared target",NO_DECLARED_TARGET_CONSTRUCTED: NOT_APPLICABLE: literature replica; author preprocessing and target protocol preserved; section-3 business targets Y_s/Y_l/Y_b do not apply to this resource
143,inner_3,UNRANKED,,{},,,"re-enters on: PS5 inner-validation gain as a member of a group or pair, a later exploratory draw, a new vintage, or a change of declared target",NO_DECLARED_TARGET_CONSTRUCTED: NOT_APPLICABLE: literature replica; author preprocessing and target protocol preserved; section-3 business targets Y_s/Y_l/Y_b do not apply to this resource
144,inner_3,UNRANKED,,{},,,"re-enters on: PS5 inner-validation gain as a member of a group or pair, a later exploratory draw, a new vintage, or a change of declared target",NO_DECLARED_TARGET_CONSTRUCTED: NOT_APPLICABLE: literature replica; author preprocessing and target protocol preserved; section-3 business targets Y_s/Y_l/Y_b do not apply to this resource
145,inner_3,UNRANKED,,{},,,"re-enters on: PS5 inner-validation gain as a member of a group or pair, a later exploratory draw, a new vintage, or a change of declared target",NO_DECLARED_TARGET_CONSTRUCTED: NOT_APPLICABLE: literature replica; author preprocessing and target protocol preserved; section-3 business targets Y_s/Y_l/Y_b do not apply to this resource
146,inner_3,UNRANKED,,{},,,"re-enters on: PS5 inner-validation gain as a member of a group or pair, a later exploratory draw, a new vintage, or a change of declared target",NO_DECLARED_TARGET_CONSTRUCTED: NOT_APPLICABLE: literature replica; author preprocessing and target protocol preserved; section-3 business targets Y_s/Y_l/Y_b do not apply to this resource
147,inner_3,UNRANKED,,{},,,"re-enters on: PS5 inner-validation gain as a member of a group or pair, a later exploratory draw, a new vintage, or a change of declared target",NO_DECLARED_TARGET_CONSTRUCTED: NOT_APPLICABLE: literature replica; author preprocessing and target protocol preserved; section-3 business targets Y_s/Y_l/Y_b do not apply to this resource
148,inner_3,UNRANKED,,{},,,"re-enters on: PS5 inner-validation gain as a member of a group or pair, a later exploratory draw, a new vintage, or a change of declared target",NO_DECLARED_TARGET_CONSTRUCTED: NOT_APPLICABLE: literature replica; author preprocessing and target protocol preserved; section-3 business targets Y_s/Y_l/Y_b do not apply to this resource
149,inner_3,UNRANKED,,{},,,"re-enters on: PS5 inner-validation gain as a member of a group or pair, a later exploratory draw, a new vintage, or a change of declared target",NO_DECLARED_TARGET_CONSTRUCTED: NOT_APPLICABLE: literature replica; author preprocessing and target protocol preserved; section-3 business targets Y_s/Y_l/Y_b do not apply to this resource
150,inner_3,UNRANKED,,{},,,"re-enters on: PS5 inner-validation gain as a member of a group or pair, a later exploratory draw, a new vintage, or a change of declared target",NO_DECLARED_TARGET_CONSTRUCTED: NOT_APPLICABLE: literature replica; author preprocessing and target protocol preserved; section-3 business targets Y_s/Y_l/Y_b do not apply to this resource
151,inner_3,UNRANKED,,{},,,"re-enters on: PS5 inner-validation gain as a member of a group or pair, a later exploratory draw, a new vintage, or a change of declared target",NO_DECLARED_TARGET_CONSTRUCTED: NOT_APPLICABLE: literature replica; author preprocessing and target protocol preserved; section-3 business targets Y_s/Y_l/Y_b do not apply to this resource
152,inner_3,UNRANKED,,{},,,"re-enters on: PS5 inner-validation gain as a member of a group or pair, a later exploratory draw, a new vintage, or a change of declared target",NO_DECLARED_TARGET_CONSTRUCTED: NOT_APPLICABLE: literature replica; author preprocessing and target protocol preserved; section-3 business targets Y_s/Y_l/Y_b do not apply to this resource
153,inner_3,UNRANKED,,{},,,"re-enters on: PS5 inner-validation gain as a member of a group or pair, a later exploratory draw, a new vintage, or a change of declared target",NO_DECLARED_TARGET_CONSTRUCTED: NOT_APPLICABLE: literature replica; author preprocessing and target protocol preserved; section-3 business targets Y_s/Y_l/Y_b do not apply to this resource
154,inner_3,UNRANKED,,{},,,"re-enters on: PS5 inner-validation gain as a member of a group or pair, a later exploratory draw, a new vintage, or a change of declared target",NO_DECLARED_TARGET_CONSTRUCTED: NOT_APPLICABLE: literature replica; author preprocessing and target protocol preserved; section-3 business targets Y_s/Y_l/Y_b do not apply to this resource
155,inner_3,UNRANKED,,{},,,"re-enters on: PS5 inner-validation gain as a member of a group or pair, a later exploratory draw, a new vintage, or a change of declared target",NO_DECLARED_TARGET_CONSTRUCTED: NOT_APPLICABLE: literature replica; author preprocessing and target protocol preserved; section-3 business targets Y_s/Y_l/Y_b do not apply to this resource
156,inner_3,UNRANKED,,{},,,"re-enters on: PS5 inner-validation gain as a member of a group or pair, a later exploratory draw, a new vintage, or a change of declared target",NO_DECLARED_TARGET_CONSTRUCTED: NOT_APPLICABLE: literature replica; author preprocessing and target protocol preserved; section-3 business targets Y_s/Y_l/Y_b do not apply to this resource
157,inner_3,UNRANKED,,{},,,"re-enters on: PS5 inner-validation gain as a member of a group or pair, a later exploratory draw, a new vintage, or a change of declared target",NO_DECLARED_TARGET_CONSTRUCTED: NOT_APPLICABLE: literature replica; author preprocessing and target protocol preserved; section-3 business targets Y_s/Y_l/Y_b do not apply to this resource
158,inner_3,UNRANKED,,{},,,"re-enters on: PS5 inner-validation gain as a member of a group or pair, a later exploratory draw, a new vintage, or a change of declared target",NO_DECLARED_TARGET_CONSTRUCTED: NOT_APPLICABLE: literature replica; author preprocessing and target protocol preserved; section-3 business targets Y_s/Y_l/Y_b do not apply to this resource
159,inner_3,UNRANKED,R3,{},,,"re-enters on: PS5 inner-validation gain as a member of a group or pair, a later exploratory draw, a new vintage, or a change of declared target","REDUNDANCY_GROUP R3 (|r|>=0.95): 159,181 | NO_DECLARED_TARGET_CONSTRUCTED: NOT_APPLICABLE: literature replica; author preprocessing and target protocol preserved; section-3 business targets Y_s/Y_l/Y_b do not apply to this resource"
160,inner_3,UNRANKED,,{},,,"re-enters on: PS5 inner-validation gain as a member of a group or pair, a later exploratory draw, a new vintage, or a change of declared target",NO_DECLARED_TARGET_CONSTRUCTED: NOT_APPLICABLE: literature replica; author preprocessing and target protocol preserved; section-3 business targets Y_s/Y_l/Y_b do not apply to this resource
161,inner_3,UNRANKED,,{},,,"re-enters on: PS5 inner-validation gain as a member of a group or pair, a later exploratory draw, a new vintage, or a change of declared target",NO_DECLARED_TARGET_CONSTRUCTED: NOT_APPLICABLE: literature replica; author preprocessing and target protocol preserved; section-3 business targets Y_s/Y_l/Y_b do not apply to this resource
162,inner_3,UNRANKED,,{},,,"re-enters on: PS5 inner-validation gain as a member of a group or pair, a later exploratory draw, a new vintage, or a change of declared target",NO_DECLARED_TARGET_CONSTRUCTED: NOT_APPLICABLE: literature replica; author preprocessing and target protocol preserved; section-3 business targets Y_s/Y_l/Y_b do not apply to this resource
163,inner_3,UNRANKED,,{},,,"re-enters on: PS5 inner-validation gain as a member of a group or pair, a later exploratory draw, a new vintage, or a change of declared target",NO_DECLARED_TARGET_CONSTRUCTED: NOT_APPLICABLE: literature replica; author preprocessing and target protocol preserved; section-3 business targets Y_s/Y_l/Y_b do not apply to this resource
164,inner_3,UNRANKED,,{},,,"re-enters on: PS5 inner-validation gain as a member of a group or pair, a later exploratory draw, a new vintage, or a change of declared target",NO_DECLARED_TARGET_CONSTRUCTED: NOT_APPLICABLE: literature replica; author preprocessing and target protocol preserved; section-3 business targets Y_s/Y_l/Y_b do not apply to this resource
165,inner_3,UNRANKED,,{},,,"re-enters on: PS5 inner-validation gain as a member of a group or pair, a later exploratory draw, a new vintage, or a change of declared target",NO_DECLARED_TARGET_CONSTRUCTED: NOT_APPLICABLE: literature replica; author preprocessing and target protocol preserved; section-3 business targets Y_s/Y_l/Y_b do not apply to this resource
166,inner_3,UNRANKED,,{},,,"re-enters on: PS5 inner-validation gain as a member of a group or pair, a later exploratory draw, a new vintage, or a change of declared target",NO_DECLARED_TARGET_CONSTRUCTED: NOT_APPLICABLE: literature replica; author preprocessing and target protocol preserved; section-3 business targets Y_s/Y_l/Y_b do not apply to this resource
167,inner_3,UNRANKED,,{},,,"re-enters on: PS5 inner-validation gain as a member of a group or pair, a later exploratory draw, a new vintage, or a change of declared target",NO_DECLARED_TARGET_CONSTRUCTED: NOT_APPLICABLE: literature replica; author preprocessing and target protocol preserved; section-3 business targets Y_s/Y_l/Y_b do not apply to this resource
168,inner_3,UNRANKED,,{},,,"re-enters on: PS5 inner-validation gain as a member of a group or pair, a later exploratory draw, a new vintage, or a change of declared target",NO_DECLARED_TARGET_CONSTRUCTED: NOT_APPLICABLE: literature replica; author preprocessing and target protocol preserved; section-3 business targets Y_s/Y_l/Y_b do not apply to this resource
169,inner_3,UNRANKED,,{},,,"re-enters on: PS5 inner-validation gain as a member of a group or pair, a later exploratory draw, a new vintage, or a change of declared target",NO_DECLARED_TARGET_CONSTRUCTED: NOT_APPLICABLE: literature replica; author preprocessing and target protocol preserved; section-3 business targets Y_s/Y_l/Y_b do not apply to this resource
170,inner_3,UNRANKED,,{},,,"re-enters on: PS5 inner-validation gain as a member of a group or pair, a later exploratory draw, a new vintage, or a change of declared target",NO_DECLARED_TARGET_CONSTRUCTED: NOT_APPLICABLE: literature replica; author preprocessing and target protocol preserved; section-3 business targets Y_s/Y_l/Y_b do not apply to this resource
171,inner_3,UNRANKED,R4,{},,,"re-enters on: PS5 inner-validation gain as a member of a group or pair, a later exploratory draw, a new vintage, or a change of declared target","REDUNDANCY_GROUP R4 (|r|>=0.95): 171,186,187 | NO_DECLARED_TARGET_CONSTRUCTED: NOT_APPLICABLE: literature replica; author preprocessing and target protocol preserved; section-3 business targets Y_s/Y_l/Y_b do not apply to this resource"
172,inner_3,UNRANKED,,{},,,"re-enters on: PS5 inner-validation gain as a member of a group or pair, a later exploratory draw, a new vintage, or a change of declared target",NO_DECLARED_TARGET_CONSTRUCTED: NOT_APPLICABLE: literature replica; author preprocessing and target protocol preserved; section-3 business targets Y_s/Y_l/Y_b do not apply to this resource
173,inner_3,UNRANKED,,{},,,"re-enters on: PS5 inner-validation gain as a member of a group or pair, a later exploratory draw, a new vintage, or a change of declared target",NO_DECLARED_TARGET_CONSTRUCTED: NOT_APPLICABLE: literature replica; author preprocessing and target protocol preserved; section-3 business targets Y_s/Y_l/Y_b do not apply to this resource
174,inner_3,UNRANKED,,{},,,"re-enters on: PS5 inner-validation gain as a member of a group or pair, a later exploratory draw, a new vintage, or a change of declared target",NO_DECLARED_TARGET_CONSTRUCTED: NOT_APPLICABLE: literature replica; author preprocessing and target protocol preserved; section-3 business targets Y_s/Y_l/Y_b do not apply to this resource
175,inner_3,UNRANKED,,{},,,"re-enters on: PS5 inner-validation gain as a member of a group or pair, a later exploratory draw, a new vintage, or a change of declared target",NO_DECLARED_TARGET_CONSTRUCTED: NOT_APPLICABLE: literature replica; author preprocessing and target protocol preserved; section-3 business targets Y_s/Y_l/Y_b do not apply to this resource
176,inner_3,UNRANKED,,{},,,"re-enters on: PS5 inner-validation gain as a member of a group or pair, a later exploratory draw, a new vintage, or a change of declared target",NO_DECLARED_TARGET_CONSTRUCTED: NOT_APPLICABLE: literature replica; author preprocessing and target protocol preserved; section-3 business targets Y_s/Y_l/Y_b do not apply to this resource
177,inner_3,UNRANKED,,{},,,"re-enters on: PS5 inner-validation gain as a member of a group or pair, a later exploratory draw, a new vintage, or a change of declared target",NO_DECLARED_TARGET_CONSTRUCTED: NOT_APPLICABLE: literature replica; author preprocessing and target protocol preserved; section-3 business targets Y_s/Y_l/Y_b do not apply to this resource
178,inner_3,UNRANKED,,{},,,"re-enters on: PS5 inner-validation gain as a member of a group or pair, a later exploratory draw, a new vintage, or a change of declared target",NO_DECLARED_TARGET_CONSTRUCTED: NOT_APPLICABLE: literature replica; author preprocessing and target protocol preserved; section-3 business targets Y_s/Y_l/Y_b do not apply to this resource
179,inner_3,UNRANKED,,{},,,"re-enters on: PS5 inner-validation gain as a member of a group or pair, a later exploratory draw, a new vintage, or a change of declared target",NO_DECLARED_TARGET_CONSTRUCTED: NOT_APPLICABLE: literature replica; author preprocessing and target protocol preserved; section-3 business targets Y_s/Y_l/Y_b do not apply to this resource
180,inner_3,UNRANKED,,{},,,"re-enters on: PS5 inner-validation gain as a member of a group or pair, a later exploratory draw, a new vintage, or a change of declared target",NO_DECLARED_TARGET_CONSTRUCTED: NOT_APPLICABLE: literature replica; author preprocessing and target protocol preserved; section-3 business targets Y_s/Y_l/Y_b do not apply to this resource
181,inner_3,UNRANKED,R3,{},,,"re-enters on: PS5 inner-validation gain as a member of a group or pair, a later exploratory draw, a new vintage, or a change of declared target","REDUNDANCY_GROUP R3 (|r|>=0.95): 159,181 | NO_DECLARED_TARGET_CONSTRUCTED: NOT_APPLICABLE: literature replica; author preprocessing and target protocol preserved; section-3 business targets Y_s/Y_l/Y_b do not apply to this resource"
182,inner_3,UNRANKED,,{},,,"re-enters on: PS5 inner-validation gain as a member of a group or pair, a later exploratory draw, a new vintage, or a change of declared target",NO_DECLARED_TARGET_CONSTRUCTED: NOT_APPLICABLE: literature replica; author preprocessing and target protocol preserved; section-3 business targets Y_s/Y_l/Y_b do not apply to this resource
183,inner_3,UNRANKED,,{},,,"re-enters on: PS5 inner-validation gain as a member of a group or pair, a later exploratory draw, a new vintage, or a change of declared target",NO_DECLARED_TARGET_CONSTRUCTED: NOT_APPLICABLE: literature replica; author preprocessing and target protocol preserved; section-3 business targets Y_s/Y_l/Y_b do not apply to this resource
184,inner_3,UNRANKED,,{},,,"re-enters on: PS5 inner-validation gain as a member of a group or pair, a later exploratory draw, a new vintage, or a change of declared target",NO_DECLARED_TARGET_CONSTRUCTED: NOT_APPLICABLE: literature replica; author preprocessing and target protocol preserved; section-3 business targets Y_s/Y_l/Y_b do not apply to this resource
185,inner_3,UNRANKED,,{},,,"re-enters on: PS5 inner-validation gain as a member of a group or pair, a later exploratory draw, a new vintage, or a change of declared target",NO_DECLARED_TARGET_CONSTRUCTED: NOT_APPLICABLE: literature replica; author preprocessing and target protocol preserved; section-3 business targets Y_s/Y_l/Y_b do not apply to this resource
186,inner_3,UNRANKED,R4,{},,,"re-enters on: PS5 inner-validation gain as a member of a group or pair, a later exploratory draw, a new vintage, or a change of declared target","REDUNDANCY_GROUP R4 (|r|>=0.95): 171,186,187 | NO_DECLARED_TARGET_CONSTRUCTED: NOT_APPLICABLE: literature replica; author preprocessing and target protocol preserved; section-3 business targets Y_s/Y_l/Y_b do not apply to this resource"
187,inner_3,UNRANKED,R4,{},,,"re-enters on: PS5 inner-validation gain as a member of a group or pair, a later exploratory draw, a new vintage, or a change of declared target","REDUNDANCY_GROUP R4 (|r|>=0.95): 171,186,187 | NO_DECLARED_TARGET_CONSTRUCTED: NOT_APPLICABLE: literature replica; author preprocessing and target protocol preserved; section-3 business targets Y_s/Y_l/Y_b do not apply to this resource"
188,inner_3,UNRANKED,,{},,,"re-enters on: PS5 inner-validation gain as a member of a group or pair, a later exploratory draw, a new vintage, or a change of declared target",NO_DECLARED_TARGET_CONSTRUCTED: NOT_APPLICABLE: literature replica; author preprocessing and target protocol preserved; section-3 business targets Y_s/Y_l/Y_b do not apply to this resource
189,inner_3,UNRANKED,,{},,,"re-enters on: PS5 inner-validation gain as a member of a group or pair, a later exploratory draw, a new vintage, or a change of declared target",NO_DECLARED_TARGET_CONSTRUCTED: NOT_APPLICABLE: literature replica; author preprocessing and target protocol preserved; section-3 business targets Y_s/Y_l/Y_b do not apply to this resource
190,inner_3,UNRANKED,,{},,,"re-enters on: PS5 inner-validation gain as a member of a group or pair, a later exploratory draw, a new vintage, or a change of declared target",NO_DECLARED_TARGET_CONSTRUCTED: NOT_APPLICABLE: literature replica; author preprocessing and target protocol preserved; section-3 business targets Y_s/Y_l/Y_b do not apply to this resource
191,inner_3,UNRANKED,,{},,,"re-enters on: PS5 inner-validation gain as a member of a group or pair, a later exploratory draw, a new vintage, or a change of declared target",NO_DECLARED_TARGET_CONSTRUCTED: NOT_APPLICABLE: literature replica; author preprocessing and target protocol preserved; section-3 business targets Y_s/Y_l/Y_b do not apply to this resource
192,inner_3,UNRANKED,,{},,,"re-enters on: PS5 inner-validation gain as a member of a group or pair, a later exploratory draw, a new vintage, or a change of declared target",NO_DECLARED_TARGET_CONSTRUCTED: NOT_APPLICABLE: literature replica; author preprocessing and target protocol preserved; section-3 business targets Y_s/Y_l/Y_b do not apply to this resource
193,inner_3,UNRANKED,,{},,,"re-enters on: PS5 inner-validation gain as a member of a group or pair, a later exploratory draw, a new vintage, or a change of declared target",NO_DECLARED_TARGET_CONSTRUCTED: NOT_APPLICABLE: literature replica; author preprocessing and target protocol preserved; section-3 business targets Y_s/Y_l/Y_b do not apply to this resource
194,inner_3,UNRANKED,,{},,,"re-enters on: PS5 inner-validation gain as a member of a group or pair, a later exploratory draw, a new vintage, or a change of declared target",NO_DECLARED_TARGET_CONSTRUCTED: NOT_APPLICABLE: literature replica; author preprocessing and target protocol preserved; section-3 business targets Y_s/Y_l/Y_b do not apply to this resource
195,inner_3,UNRANKED,,{},,,"re-enters on: PS5 inner-validation gain as a member of a group or pair, a later exploratory draw, a new vintage, or a change of declared target",NO_DECLARED_TARGET_CONSTRUCTED: NOT_APPLICABLE: literature replica; author preprocessing and target protocol preserved; section-3 business targets Y_s/Y_l/Y_b do not apply to this resource
196,inner_3,UNRANKED,,{},,,"re-enters on: PS5 inner-validation gain as a member of a group or pair, a later exploratory draw, a new vintage, or a change of declared target",NO_DECLARED_TARGET_CONSTRUCTED: NOT_APPLICABLE: literature replica; author preprocessing and target protocol preserved; section-3 business targets Y_s/Y_l/Y_b do not apply to this resource
197,inner_3,UNRANKED,,{},,,"re-enters on: PS5 inner-validation gain as a member of a group or pair, a later exploratory draw, a new vintage, or a change of declared target",NO_DECLARED_TARGET_CONSTRUCTED: NOT_APPLICABLE: literature replica; author preprocessing and target protocol preserved; section-3 business targets Y_s/Y_l/Y_b do not apply to this resource
198,inner_3,UNRANKED,,{},,,"re-enters on: PS5 inner-validation gain as a member of a group or pair, a later exploratory draw, a new vintage, or a change of declared target",NO_DECLARED_TARGET_CONSTRUCTED: NOT_APPLICABLE: literature replica; author preprocessing and target protocol preserved; section-3 business targets Y_s/Y_l/Y_b do not apply to this resource
199,inner_3,UNRANKED,,{},,,"re-enters on: PS5 inner-validation gain as a member of a group or pair, a later exploratory draw, a new vintage, or a change of declared target",NO_DECLARED_TARGET_CONSTRUCTED: NOT_APPLICABLE: literature replica; author preprocessing and target protocol preserved; section-3 business targets Y_s/Y_l/Y_b do not apply to this resource
200,inner_3,UNRANKED,,{},,,"re-enters on: PS5 inner-validation gain as a member of a group or pair, a later exploratory draw, a new vintage, or a change of declared target",NO_DECLARED_TARGET_CONSTRUCTED: NOT_APPLICABLE: literature replica; author preprocessing and target protocol preserved; section-3 business targets Y_s/Y_l/Y_b do not apply to this resource
201,inner_3,UNRANKED,,{},,,"re-enters on: PS5 inner-validation gain as a member of a group or pair, a later exploratory draw, a new vintage, or a change of declared target",NO_DECLARED_TARGET_CONSTRUCTED: NOT_APPLICABLE: literature replica; author preprocessing and target protocol preserved; section-3 business targets Y_s/Y_l/Y_b do not apply to this resource
202,inner_3,UNRANKED,,{},,,"re-enters on: PS5 inner-validation gain as a member of a group or pair, a later exploratory draw, a new vintage, or a change of declared target",NO_DECLARED_TARGET_CONSTRUCTED: NOT_APPLICABLE: literature replica; author preprocessing and target protocol preserved; section-3 business targets Y_s/Y_l/Y_b do not apply to this resource
203,inner_3,UNRANKED,,{},,,"re-enters on: PS5 inner-validation gain as a member of a group or pair, a later exploratory draw, a new vintage, or a change of declared target",NO_DECLARED_TARGET_CONSTRUCTED: NOT_APPLICABLE: literature replica; author preprocessing and target protocol preserved; section-3 business targets Y_s/Y_l/Y_b do not apply to this resource
204,inner_3,UNRANKED,,{},,,"re-enters on: PS5 inner-validation gain as a member of a group or pair, a later exploratory draw, a new vintage, or a change of declared target",NO_DECLARED_TARGET_CONSTRUCTED: NOT_APPLICABLE: literature replica; author preprocessing and target protocol preserved; section-3 business targets Y_s/Y_l/Y_b do not apply to this resource
205,inner_3,UNRANKED,,{},,,"re-enters on: PS5 inner-validation gain as a member of a group or pair, a later exploratory draw, a new vintage, or a change of declared target",NO_DECLARED_TARGET_CONSTRUCTED: NOT_APPLICABLE: literature replica; author preprocessing and target protocol preserved; section-3 business targets Y_s/Y_l/Y_b do not apply to this resource
206,inner_3,UNRANKED,,{},,,"re-enters on: PS5 inner-validation gain as a member of a group or pair, a later exploratory draw, a new vintage, or a change of declared target",NO_DECLARED_TARGET_CONSTRUCTED: NOT_APPLICABLE: literature replica; author preprocessing and target protocol preserved; section-3 business targets Y_s/Y_l/Y_b do not apply to this resource
207,inner_3,UNRANKED,,{},,,"re-enters on: PS5 inner-validation gain as a member of a group or pair, a later exploratory draw, a new vintage, or a change of declared target",NO_DECLARED_TARGET_CONSTRUCTED: NOT_APPLICABLE: literature replica; author preprocessing and target protocol preserved; section-3 business targets Y_s/Y_l/Y_b do not apply to this resource
208,inner_3,UNRANKED,,{},,,"re-enters on: PS5 inner-validation gain as a member of a group or pair, a later exploratory draw, a new vintage, or a change of declared target",NO_DECLARED_TARGET_CONSTRUCTED: NOT_APPLICABLE: literature replica; author preprocessing and target protocol preserved; section-3 business targets Y_s/Y_l/Y_b do not apply to this resource
209,inner_3,UNRANKED,,{},,,"re-enters on: PS5 inner-validation gain as a member of a group or pair, a later exploratory draw, a new vintage, or a change of declared target",NO_DECLARED_TARGET_CONSTRUCTED: NOT_APPLICABLE: literature replica; author preprocessing and target protocol preserved; section-3 business targets Y_s/Y_l/Y_b do not apply to this resource
210,inner_3,UNRANKED,R5,{},,,"re-enters on: PS5 inner-validation gain as a member of a group or pair, a later exploratory draw, a new vintage, or a change of declared target","REDUNDANCY_GROUP R5 (|r|>=0.95): 210,212,215,221,243,249,262 | NO_DECLARED_TARGET_CONSTRUCTED: NOT_APPLICABLE: literature replica; author preprocessing and target protocol preserved; section-3 business targets Y_s/Y_l/Y_b do not apply to this resource"
211,inner_3,UNRANKED,,{},,,"re-enters on: PS5 inner-validation gain as a member of a group or pair, a later exploratory draw, a new vintage, or a change of declared target",NO_DECLARED_TARGET_CONSTRUCTED: NOT_APPLICABLE: literature replica; author preprocessing and target protocol preserved; section-3 business targets Y_s/Y_l/Y_b do not apply to this resource
212,inner_3,UNRANKED,R5,{},,,"re-enters on: PS5 inner-validation gain as a member of a group or pair, a later exploratory draw, a new vintage, or a change of declared target","REDUNDANCY_GROUP R5 (|r|>=0.95): 210,212,215,221,243,249,262 | NO_DECLARED_TARGET_CONSTRUCTED: NOT_APPLICABLE: literature replica; author preprocessing and target protocol preserved; section-3 business targets Y_s/Y_l/Y_b do not apply to this resource"
213,inner_3,UNRANKED,,{},,,"re-enters on: PS5 inner-validation gain as a member of a group or pair, a later exploratory draw, a new vintage, or a change of declared target",NO_DECLARED_TARGET_CONSTRUCTED: NOT_APPLICABLE: literature replica; author preprocessing and target protocol preserved; section-3 business targets Y_s/Y_l/Y_b do not apply to this resource
214,inner_3,UNRANKED,,{},,,"re-enters on: PS5 inner-validation gain as a member of a group or pair, a later exploratory draw, a new vintage, or a change of declared target",NO_DECLARED_TARGET_CONSTRUCTED: NOT_APPLICABLE: literature replica; author preprocessing and target protocol preserved; section-3 business targets Y_s/Y_l/Y_b do not apply to this resource
215,inner_3,UNRANKED,R5,{},,,"re-enters on: PS5 inner-validation gain as a member of a group or pair, a later exploratory draw, a new vintage, or a change of declared target","REDUNDANCY_GROUP R5 (|r|>=0.95): 210,212,215,221,243,249,262 | NO_DECLARED_TARGET_CONSTRUCTED: NOT_APPLICABLE: literature replica; author preprocessing and target protocol preserved; section-3 business targets Y_s/Y_l/Y_b do not apply to this resource"
216,inner_3,UNRANKED,,{},,,"re-enters on: PS5 inner-validation gain as a member of a group or pair, a later exploratory draw, a new vintage, or a change of declared target",NO_DECLARED_TARGET_CONSTRUCTED: NOT_APPLICABLE: literature replica; author preprocessing and target protocol preserved; section-3 business targets Y_s/Y_l/Y_b do not apply to this resource
217,inner_3,UNRANKED,,{},,,"re-enters on: PS5 inner-validation gain as a member of a group or pair, a later exploratory draw, a new vintage, or a change of declared target",NO_DECLARED_TARGET_CONSTRUCTED: NOT_APPLICABLE: literature replica; author preprocessing and target protocol preserved; section-3 business targets Y_s/Y_l/Y_b do not apply to this resource
218,inner_3,UNRANKED,,{},,,"re-enters on: PS5 inner-validation gain as a member of a group or pair, a later exploratory draw, a new vintage, or a change of declared target",NO_DECLARED_TARGET_CONSTRUCTED: NOT_APPLICABLE: literature replica; author preprocessing and target protocol preserved; section-3 business targets Y_s/Y_l/Y_b do not apply to this resource
219,inner_3,UNRANKED,,{},,,"re-enters on: PS5 inner-validation gain as a member of a group or pair, a later exploratory draw, a new vintage, or a change of declared target",NO_DECLARED_TARGET_CONSTRUCTED: NOT_APPLICABLE: literature replica; author preprocessing and target protocol preserved; section-3 business targets Y_s/Y_l/Y_b do not apply to this resource
220,inner_3,UNRANKED,,{},,,"re-enters on: PS5 inner-validation gain as a member of a group or pair, a later exploratory draw, a new vintage, or a change of declared target",NO_DECLARED_TARGET_CONSTRUCTED: NOT_APPLICABLE: literature replica; author preprocessing and target protocol preserved; section-3 business targets Y_s/Y_l/Y_b do not apply to this resource
221,inner_3,UNRANKED,R5,{},,,"re-enters on: PS5 inner-validation gain as a member of a group or pair, a later exploratory draw, a new vintage, or a change of declared target","REDUNDANCY_GROUP R5 (|r|>=0.95): 210,212,215,221,243,249,262 | NO_DECLARED_TARGET_CONSTRUCTED: NOT_APPLICABLE: literature replica; author preprocessing and target protocol preserved; section-3 business targets Y_s/Y_l/Y_b do not apply to this resource"
222,inner_3,UNRANKED,,{},,,"re-enters on: PS5 inner-validation gain as a member of a group or pair, a later exploratory draw, a new vintage, or a change of declared target",NO_DECLARED_TARGET_CONSTRUCTED: NOT_APPLICABLE: literature replica; author preprocessing and target protocol preserved; section-3 business targets Y_s/Y_l/Y_b do not apply to this resource
223,inner_3,UNRANKED,,{},,,"re-enters on: PS5 inner-validation gain as a member of a group or pair, a later exploratory draw, a new vintage, or a change of declared target",NO_DECLARED_TARGET_CONSTRUCTED: NOT_APPLICABLE: literature replica; author preprocessing and target protocol preserved; section-3 business targets Y_s/Y_l/Y_b do not apply to this resource
224,inner_3,UNRANKED,,{},,,"re-enters on: PS5 inner-validation gain as a member of a group or pair, a later exploratory draw, a new vintage, or a change of declared target",NO_DECLARED_TARGET_CONSTRUCTED: NOT_APPLICABLE: literature replica; author preprocessing and target protocol preserved; section-3 business targets Y_s/Y_l/Y_b do not apply to this resource
225,inner_3,UNRANKED,,{},,,"re-enters on: PS5 inner-validation gain as a member of a group or pair, a later exploratory draw, a new vintage, or a change of declared target",NO_DECLARED_TARGET_CONSTRUCTED: NOT_APPLICABLE: literature replica; author preprocessing and target protocol preserved; section-3 business targets Y_s/Y_l/Y_b do not apply to this resource
226,inner_3,UNRANKED,,{},,,"re-enters on: PS5 inner-validation gain as a member of a group or pair, a later exploratory draw, a new vintage, or a change of declared target",NO_DECLARED_TARGET_CONSTRUCTED: NOT_APPLICABLE: literature replica; author preprocessing and target protocol preserved; section-3 business targets Y_s/Y_l/Y_b do not apply to this resource
227,inner_3,UNRANKED,,{},,,"re-enters on: PS5 inner-validation gain as a member of a group or pair, a later exploratory draw, a new vintage, or a change of declared target",NO_DECLARED_TARGET_CONSTRUCTED: NOT_APPLICABLE: literature replica; author preprocessing and target protocol preserved; section-3 business targets Y_s/Y_l/Y_b do not apply to this resource
228,inner_3,UNRANKED,,{},,,"re-enters on: PS5 inner-validation gain as a member of a group or pair, a later exploratory draw, a new vintage, or a change of declared target",NO_DECLARED_TARGET_CONSTRUCTED: NOT_APPLICABLE: literature replica; author preprocessing and target protocol preserved; section-3 business targets Y_s/Y_l/Y_b do not apply to this resource
229,inner_3,UNRANKED,,{},,,"re-enters on: PS5 inner-validation gain as a member of a group or pair, a later exploratory draw, a new vintage, or a change of declared target",NO_DECLARED_TARGET_CONSTRUCTED: NOT_APPLICABLE: literature replica; author preprocessing and target protocol preserved; section-3 business targets Y_s/Y_l/Y_b do not apply to this resource
230,inner_3,UNRANKED,,{},,,"re-enters on: PS5 inner-validation gain as a member of a group or pair, a later exploratory draw, a new vintage, or a change of declared target",NO_DECLARED_TARGET_CONSTRUCTED: NOT_APPLICABLE: literature replica; author preprocessing and target protocol preserved; section-3 business targets Y_s/Y_l/Y_b do not apply to this resource
231,inner_3,UNRANKED,,{},,,"re-enters on: PS5 inner-validation gain as a member of a group or pair, a later exploratory draw, a new vintage, or a change of declared target",NO_DECLARED_TARGET_CONSTRUCTED: NOT_APPLICABLE: literature replica; author preprocessing and target protocol preserved; section-3 business targets Y_s/Y_l/Y_b do not apply to this resource
232,inner_3,UNRANKED,,{},,,"re-enters on: PS5 inner-validation gain as a member of a group or pair, a later exploratory draw, a new vintage, or a change of declared target",NO_DECLARED_TARGET_CONSTRUCTED: NOT_APPLICABLE: literature replica; author preprocessing and target protocol preserved; section-3 business targets Y_s/Y_l/Y_b do not apply to this resource
233,inner_3,UNRANKED,,{},,,"re-enters on: PS5 inner-validation gain as a member of a group or pair, a later exploratory draw, a new vintage, or a change of declared target",NO_DECLARED_TARGET_CONSTRUCTED: NOT_APPLICABLE: literature replica; author preprocessing and target protocol preserved; section-3 business targets Y_s/Y_l/Y_b do not apply to this resource
234,inner_3,UNRANKED,,{},,,"re-enters on: PS5 inner-validation gain as a member of a group or pair, a later exploratory draw, a new vintage, or a change of declared target",NO_DECLARED_TARGET_CONSTRUCTED: NOT_APPLICABLE: literature replica; author preprocessing and target protocol preserved; section-3 business targets Y_s/Y_l/Y_b do not apply to this resource
235,inner_3,UNRANKED,,{},,,"re-enters on: PS5 inner-validation gain as a member of a group or pair, a later exploratory draw, a new vintage, or a change of declared target",NO_DECLARED_TARGET_CONSTRUCTED: NOT_APPLICABLE: literature replica; author preprocessing and target protocol preserved; section-3 business targets Y_s/Y_l/Y_b do not apply to this resource
236,inner_3,UNRANKED,,{},,,"re-enters on: PS5 inner-validation gain as a member of a group or pair, a later exploratory draw, a new vintage, or a change of declared target",NO_DECLARED_TARGET_CONSTRUCTED: NOT_APPLICABLE: literature replica; author preprocessing and target protocol preserved; section-3 business targets Y_s/Y_l/Y_b do not apply to this resource
237,inner_3,UNRANKED,,{},,,"re-enters on: PS5 inner-validation gain as a member of a group or pair, a later exploratory draw, a new vintage, or a change of declared target",NO_DECLARED_TARGET_CONSTRUCTED: NOT_APPLICABLE: literature replica; author preprocessing and target protocol preserved; section-3 business targets Y_s/Y_l/Y_b do not apply to this resource
238,inner_3,UNRANKED,,{},,,"re-enters on: PS5 inner-validation gain as a member of a group or pair, a later exploratory draw, a new vintage, or a change of declared target",NO_DECLARED_TARGET_CONSTRUCTED: NOT_APPLICABLE: literature replica; author preprocessing and target protocol preserved; section-3 business targets Y_s/Y_l/Y_b do not apply to this resource
239,inner_3,UNRANKED,,{},,,"re-enters on: PS5 inner-validation gain as a member of a group or pair, a later exploratory draw, a new vintage, or a change of declared target",NO_DECLARED_TARGET_CONSTRUCTED: NOT_APPLICABLE: literature replica; author preprocessing and target protocol preserved; section-3 business targets Y_s/Y_l/Y_b do not apply to this resource
240,inner_3,UNRANKED,,{},,,"re-enters on: PS5 inner-validation gain as a member of a group or pair, a later exploratory draw, a new vintage, or a change of declared target",NO_DECLARED_TARGET_CONSTRUCTED: NOT_APPLICABLE: literature replica; author preprocessing and target protocol preserved; section-3 business targets Y_s/Y_l/Y_b do not apply to this resource
241,inner_3,UNRANKED,,{},,,"re-enters on: PS5 inner-validation gain as a member of a group or pair, a later exploratory draw, a new vintage, or a change of declared target",NO_DECLARED_TARGET_CONSTRUCTED: NOT_APPLICABLE: literature replica; author preprocessing and target protocol preserved; section-3 business targets Y_s/Y_l/Y_b do not apply to this resource
242,inner_3,UNRANKED,,{},,,"re-enters on: PS5 inner-validation gain as a member of a group or pair, a later exploratory draw, a new vintage, or a change of declared target",NO_DECLARED_TARGET_CONSTRUCTED: NOT_APPLICABLE: literature replica; author preprocessing and target protocol preserved; section-3 business targets Y_s/Y_l/Y_b do not apply to this resource
243,inner_3,UNRANKED,R5,{},,,"re-enters on: PS5 inner-validation gain as a member of a group or pair, a later exploratory draw, a new vintage, or a change of declared target","REDUNDANCY_GROUP R5 (|r|>=0.95): 210,212,215,221,243,249,262 | NO_DECLARED_TARGET_CONSTRUCTED: NOT_APPLICABLE: literature replica; author preprocessing and target protocol preserved; section-3 business targets Y_s/Y_l/Y_b do not apply to this resource"
244,inner_3,UNRANKED,,{},,,"re-enters on: PS5 inner-validation gain as a member of a group or pair, a later exploratory draw, a new vintage, or a change of declared target",NO_DECLARED_TARGET_CONSTRUCTED: NOT_APPLICABLE: literature replica; author preprocessing and target protocol preserved; section-3 business targets Y_s/Y_l/Y_b do not apply to this resource
245,inner_3,UNRANKED,,{},,,"re-enters on: PS5 inner-validation gain as a member of a group or pair, a later exploratory draw, a new vintage, or a change of declared target",NO_DECLARED_TARGET_CONSTRUCTED: NOT_APPLICABLE: literature replica; author preprocessing and target protocol preserved; section-3 business targets Y_s/Y_l/Y_b do not apply to this resource
246,inner_3,UNRANKED,,{},,,"re-enters on: PS5 inner-validation gain as a member of a group or pair, a later exploratory draw, a new vintage, or a change of declared target",NO_DECLARED_TARGET_CONSTRUCTED: NOT_APPLICABLE: literature replica; author preprocessing and target protocol preserved; section-3 business targets Y_s/Y_l/Y_b do not apply to this resource
247,inner_3,UNRANKED,,{},,,"re-enters on: PS5 inner-validation gain as a member of a group or pair, a later exploratory draw, a new vintage, or a change of declared target",NO_DECLARED_TARGET_CONSTRUCTED: NOT_APPLICABLE: literature replica; author preprocessing and target protocol preserved; section-3 business targets Y_s/Y_l/Y_b do not apply to this resource
248,inner_3,UNRANKED,,{},,,"re-enters on: PS5 inner-validation gain as a member of a group or pair, a later exploratory draw, a new vintage, or a change of declared target",NO_DECLARED_TARGET_CONSTRUCTED: NOT_APPLICABLE: literature replica; author preprocessing and target protocol preserved; section-3 business targets Y_s/Y_l/Y_b do not apply to this resource
249,inner_3,UNRANKED,R5,{},,,"re-enters on: PS5 inner-validation gain as a member of a group or pair, a later exploratory draw, a new vintage, or a change of declared target","REDUNDANCY_GROUP R5 (|r|>=0.95): 210,212,215,221,243,249,262 | NO_DECLARED_TARGET_CONSTRUCTED: NOT_APPLICABLE: literature replica; author preprocessing and target protocol preserved; section-3 business targets Y_s/Y_l/Y_b do not apply to this resource"
250,inner_3,UNRANKED,,{},,,"re-enters on: PS5 inner-validation gain as a member of a group or pair, a later exploratory draw, a new vintage, or a change of declared target",NO_DECLARED_TARGET_CONSTRUCTED: NOT_APPLICABLE: literature replica; author preprocessing and target protocol preserved; section-3 business targets Y_s/Y_l/Y_b do not apply to this resource
251,inner_3,UNRANKED,,{},,,"re-enters on: PS5 inner-validation gain as a member of a group or pair, a later exploratory draw, a new vintage, or a change of declared target",NO_DECLARED_TARGET_CONSTRUCTED: NOT_APPLICABLE: literature replica; author preprocessing and target protocol preserved; section-3 business targets Y_s/Y_l/Y_b do not apply to this resource
252,inner_3,UNRANKED,,{},,,"re-enters on: PS5 inner-validation gain as a member of a group or pair, a later exploratory draw, a new vintage, or a change of declared target",NO_DECLARED_TARGET_CONSTRUCTED: NOT_APPLICABLE: literature replica; author preprocessing and target protocol preserved; section-3 business targets Y_s/Y_l/Y_b do not apply to this resource
253,inner_3,UNRANKED,,{},,,"re-enters on: PS5 inner-validation gain as a member of a group or pair, a later exploratory draw, a new vintage, or a change of declared target",NO_DECLARED_TARGET_CONSTRUCTED: NOT_APPLICABLE: literature replica; author preprocessing and target protocol preserved; section-3 business targets Y_s/Y_l/Y_b do not apply to this resource
254,inner_3,UNRANKED,,{},,,"re-enters on: PS5 inner-validation gain as a member of a group or pair, a later exploratory draw, a new vintage, or a change of declared target",NO_DECLARED_TARGET_CONSTRUCTED: NOT_APPLICABLE: literature replica; author preprocessing and target protocol preserved; section-3 business targets Y_s/Y_l/Y_b do not apply to this resource
255,inner_3,UNRANKED,,{},,,"re-enters on: PS5 inner-validation gain as a member of a group or pair, a later exploratory draw, a new vintage, or a change of declared target",NO_DECLARED_TARGET_CONSTRUCTED: NOT_APPLICABLE: literature replica; author preprocessing and target protocol preserved; section-3 business targets Y_s/Y_l/Y_b do not apply to this resource
256,inner_3,UNRANKED,,{},,,"re-enters on: PS5 inner-validation gain as a member of a group or pair, a later exploratory draw, a new vintage, or a change of declared target",NO_DECLARED_TARGET_CONSTRUCTED: NOT_APPLICABLE: literature replica; author preprocessing and target protocol preserved; section-3 business targets Y_s/Y_l/Y_b do not apply to this resource
257,inner_3,UNRANKED,,{},,,"re-enters on: PS5 inner-validation gain as a member of a group or pair, a later exploratory draw, a new vintage, or a change of declared target",NO_DECLARED_TARGET_CONSTRUCTED: NOT_APPLICABLE: literature replica; author preprocessing and target protocol preserved; section-3 business targets Y_s/Y_l/Y_b do not apply to this resource
258,inner_3,UNRANKED,,{},,,"re-enters on: PS5 inner-validation gain as a member of a group or pair, a later exploratory draw, a new vintage, or a change of declared target",NO_DECLARED_TARGET_CONSTRUCTED: NOT_APPLICABLE: literature replica; author preprocessing and target protocol preserved; section-3 business targets Y_s/Y_l/Y_b do not apply to this resource
259,inner_3,UNRANKED,,{},,,"re-enters on: PS5 inner-validation gain as a member of a group or pair, a later exploratory draw, a new vintage, or a change of declared target",NO_DECLARED_TARGET_CONSTRUCTED: NOT_APPLICABLE: literature replica; author preprocessing and target protocol preserved; section-3 business targets Y_s/Y_l/Y_b do not apply to this resource
260,inner_3,UNRANKED,,{},,,"re-enters on: PS5 inner-validation gain as a member of a group or pair, a later exploratory draw, a new vintage, or a change of declared target",NO_DECLARED_TARGET_CONSTRUCTED: NOT_APPLICABLE: literature replica; author preprocessing and target protocol preserved; section-3 business targets Y_s/Y_l/Y_b do not apply to this resource
261,inner_3,UNRANKED,,{},,,"re-enters on: PS5 inner-validation gain as a member of a group or pair, a later exploratory draw, a new vintage, or a change of declared target",NO_DECLARED_TARGET_CONSTRUCTED: NOT_APPLICABLE: literature replica; author preprocessing and target protocol preserved; section-3 business targets Y_s/Y_l/Y_b do not apply to this resource
262,inner_3,UNRANKED,R5,{},,,"re-enters on: PS5 inner-validation gain as a member of a group or pair, a later exploratory draw, a new vintage, or a change of declared target","REDUNDANCY_GROUP R5 (|r|>=0.95): 210,212,215,221,243,249,262 | NO_DECLARED_TARGET_CONSTRUCTED: NOT_APPLICABLE: literature replica; author preprocessing and target protocol preserved; section-3 business targets Y_s/Y_l/Y_b do not apply to this resource"
263,inner_3,UNRANKED,,{},,,"re-enters on: PS5 inner-validation gain as a member of a group or pair, a later exploratory draw, a new vintage, or a change of declared target",NO_DECLARED_TARGET_CONSTRUCTED: NOT_APPLICABLE: literature replica; author preprocessing and target protocol preserved; section-3 business targets Y_s/Y_l/Y_b do not apply to this resource
264,inner_3,UNRANKED,,{},,,"re-enters on: PS5 inner-validation gain as a member of a group or pair, a later exploratory draw, a new vintage, or a change of declared target",NO_DECLARED_TARGET_CONSTRUCTED: NOT_APPLICABLE: literature replica; author preprocessing and target protocol preserved; section-3 business targets Y_s/Y_l/Y_b do not apply to this resource
265,inner_3,UNRANKED,,{},,,"re-enters on: PS5 inner-validation gain as a member of a group or pair, a later exploratory draw, a new vintage, or a change of declared target",NO_DECLARED_TARGET_CONSTRUCTED: NOT_APPLICABLE: literature replica; author preprocessing and target protocol preserved; section-3 business targets Y_s/Y_l/Y_b do not apply to this resource
266,inner_3,UNRANKED,,{},,,"re-enters on: PS5 inner-validation gain as a member of a group or pair, a later exploratory draw, a new vintage, or a change of declared target",NO_DECLARED_TARGET_CONSTRUCTED: NOT_APPLICABLE: literature replica; author preprocessing and target protocol preserved; section-3 business targets Y_s/Y_l/Y_b do not apply to this resource
267,inner_3,UNRANKED,,{},,,"re-enters on: PS5 inner-validation gain as a member of a group or pair, a later exploratory draw, a new vintage, or a change of declared target",NO_DECLARED_TARGET_CONSTRUCTED: NOT_APPLICABLE: literature replica; author preprocessing and target protocol preserved; section-3 business targets Y_s/Y_l/Y_b do not apply to this resource
268,inner_3,UNRANKED,,{},,,"re-enters on: PS5 inner-validation gain as a member of a group or pair, a later exploratory draw, a new vintage, or a change of declared target",NO_DECLARED_TARGET_CONSTRUCTED: NOT_APPLICABLE: literature replica; author preprocessing and target protocol preserved; section-3 business targets Y_s/Y_l/Y_b do not apply to this resource
269,inner_3,UNRANKED,,{},,,"re-enters on: PS5 inner-validation gain as a member of a group or pair, a later exploratory draw, a new vintage, or a change of declared target",NO_DECLARED_TARGET_CONSTRUCTED: NOT_APPLICABLE: literature replica; author preprocessing and target protocol preserved; section-3 business targets Y_s/Y_l/Y_b do not apply to this resource
270,inner_3,UNRANKED,,{},,,"re-enters on: PS5 inner-validation gain as a member of a group or pair, a later exploratory draw, a new vintage, or a change of declared target",NO_DECLARED_TARGET_CONSTRUCTED: NOT_APPLICABLE: literature replica; author preprocessing and target protocol preserved; section-3 business targets Y_s/Y_l/Y_b do not apply to this resource
271,inner_3,UNRANKED,,{},,,"re-enters on: PS5 inner-validation gain as a member of a group or pair, a later exploratory draw, a new vintage, or a change of declared target",NO_DECLARED_TARGET_CONSTRUCTED: NOT_APPLICABLE: literature replica; author preprocessing and target protocol preserved; section-3 business targets Y_s/Y_l/Y_b do not apply to this resource
272,inner_3,UNRANKED,,{},,,"re-enters on: PS5 inner-validation gain as a member of a group or pair, a later exploratory draw, a new vintage, or a change of declared target",NO_DECLARED_TARGET_CONSTRUCTED: NOT_APPLICABLE: literature replica; author preprocessing and target protocol preserved; section-3 business targets Y_s/Y_l/Y_b do not apply to this resource
273,inner_3,UNRANKED,,{},,,"re-enters on: PS5 inner-validation gain as a member of a group or pair, a later exploratory draw, a new vintage, or a change of declared target",NO_DECLARED_TARGET_CONSTRUCTED: NOT_APPLICABLE: literature replica; author preprocessing and target protocol preserved; section-3 business targets Y_s/Y_l/Y_b do not apply to this resource
274,inner_3,UNRANKED,,{},,,"re-enters on: PS5 inner-validation gain as a member of a group or pair, a later exploratory draw, a new vintage, or a change of declared target",NO_DECLARED_TARGET_CONSTRUCTED: NOT_APPLICABLE: literature replica; author preprocessing and target protocol preserved; section-3 business targets Y_s/Y_l/Y_b do not apply to this resource
275,inner_3,UNRANKED,,{},,,"re-enters on: PS5 inner-validation gain as a member of a group or pair, a later exploratory draw, a new vintage, or a change of declared target",NO_DECLARED_TARGET_CONSTRUCTED: NOT_APPLICABLE: literature replica; author preprocessing and target protocol preserved; section-3 business targets Y_s/Y_l/Y_b do not apply to this resource
276,inner_3,UNRANKED,,{},,,"re-enters on: PS5 inner-validation gain as a member of a group or pair, a later exploratory draw, a new vintage, or a change of declared target",NO_DECLARED_TARGET_CONSTRUCTED: NOT_APPLICABLE: literature replica; author preprocessing and target protocol preserved; section-3 business targets Y_s/Y_l/Y_b do not apply to this resource
277,inner_3,UNRANKED,,{},,,"re-enters on: PS5 inner-validation gain as a member of a group or pair, a later exploratory draw, a new vintage, or a change of declared target",NO_DECLARED_TARGET_CONSTRUCTED: NOT_APPLICABLE: literature replica; author preprocessing and target protocol preserved; section-3 business targets Y_s/Y_l/Y_b do not apply to this resource
278,inner_3,UNRANKED,,{},,,"re-enters on: PS5 inner-validation gain as a member of a group or pair, a later exploratory draw, a new vintage, or a change of declared target",NO_DECLARED_TARGET_CONSTRUCTED: NOT_APPLICABLE: literature replica; author preprocessing and target protocol preserved; section-3 business targets Y_s/Y_l/Y_b do not apply to this resource
279,inner_3,UNRANKED,,{},,,"re-enters on: PS5 inner-validation gain as a member of a group or pair, a later exploratory draw, a new vintage, or a change of declared target",NO_DECLARED_TARGET_CONSTRUCTED: NOT_APPLICABLE: literature replica; author preprocessing and target protocol preserved; section-3 business targets Y_s/Y_l/Y_b do not apply to this resource
280,inner_3,UNRANKED,,{},,,"re-enters on: PS5 inner-validation gain as a member of a group or pair, a later exploratory draw, a new vintage, or a change of declared target",NO_DECLARED_TARGET_CONSTRUCTED: NOT_APPLICABLE: literature replica; author preprocessing and target protocol preserved; section-3 business targets Y_s/Y_l/Y_b do not apply to this resource
281,inner_3,UNRANKED,,{},,,"re-enters on: PS5 inner-validation gain as a member of a group or pair, a later exploratory draw, a new vintage, or a change of declared target",NO_DECLARED_TARGET_CONSTRUCTED: NOT_APPLICABLE: literature replica; author preprocessing and target protocol preserved; section-3 business targets Y_s/Y_l/Y_b do not apply to this resource
282,inner_3,UNRANKED,,{},,,"re-enters on: PS5 inner-validation gain as a member of a group or pair, a later exploratory draw, a new vintage, or a change of declared target",NO_DECLARED_TARGET_CONSTRUCTED: NOT_APPLICABLE: literature replica; author preprocessing and target protocol preserved; section-3 business targets Y_s/Y_l/Y_b do not apply to this resource
283,inner_3,UNRANKED,,{},,,"re-enters on: PS5 inner-validation gain as a member of a group or pair, a later exploratory draw, a new vintage, or a change of declared target",NO_DECLARED_TARGET_CONSTRUCTED: NOT_APPLICABLE: literature replica; author preprocessing and target protocol preserved; section-3 business targets Y_s/Y_l/Y_b do not apply to this resource
284,inner_3,UNRANKED,,{},,,"re-enters on: PS5 inner-validation gain as a member of a group or pair, a later exploratory draw, a new vintage, or a change of declared target",NO_DECLARED_TARGET_CONSTRUCTED: NOT_APPLICABLE: literature replica; author preprocessing and target protocol preserved; section-3 business targets Y_s/Y_l/Y_b do not apply to this resource
285,inner_3,UNRANKED,,{},,,"re-enters on: PS5 inner-validation gain as a member of a group or pair, a later exploratory draw, a new vintage, or a change of declared target",NO_DECLARED_TARGET_CONSTRUCTED: NOT_APPLICABLE: literature replica; author preprocessing and target protocol preserved; section-3 business targets Y_s/Y_l/Y_b do not apply to this resource
286,inner_3,UNRANKED,,{},,,"re-enters on: PS5 inner-validation gain as a member of a group or pair, a later exploratory draw, a new vintage, or a change of declared target",NO_DECLARED_TARGET_CONSTRUCTED: NOT_APPLICABLE: literature replica; author preprocessing and target protocol preserved; section-3 business targets Y_s/Y_l/Y_b do not apply to this resource
287,inner_3,UNRANKED,,{},,,"re-enters on: PS5 inner-validation gain as a member of a group or pair, a later exploratory draw, a new vintage, or a change of declared target",NO_DECLARED_TARGET_CONSTRUCTED: NOT_APPLICABLE: literature replica; author preprocessing and target protocol preserved; section-3 business targets Y_s/Y_l/Y_b do not apply to this resource
288,inner_3,UNRANKED,,{},,,"re-enters on: PS5 inner-validation gain as a member of a group or pair, a later exploratory draw, a new vintage, or a change of declared target",NO_DECLARED_TARGET_CONSTRUCTED: NOT_APPLICABLE: literature replica; author preprocessing and target protocol preserved; section-3 business targets Y_s/Y_l/Y_b do not apply to this resource
289,inner_3,UNRANKED,,{},,,"re-enters on: PS5 inner-validation gain as a member of a group or pair, a later exploratory draw, a new vintage, or a change of declared target",NO_DECLARED_TARGET_CONSTRUCTED: NOT_APPLICABLE: literature replica; author preprocessing and target protocol preserved; section-3 business targets Y_s/Y_l/Y_b do not apply to this resource
290,inner_3,UNRANKED,,{},,,"re-enters on: PS5 inner-validation gain as a member of a group or pair, a later exploratory draw, a new vintage, or a change of declared target",NO_DECLARED_TARGET_CONSTRUCTED: NOT_APPLICABLE: literature replica; author preprocessing and target protocol preserved; section-3 business targets Y_s/Y_l/Y_b do not apply to this resource
291,inner_3,UNRANKED,,{},,,"re-enters on: PS5 inner-validation gain as a member of a group or pair, a later exploratory draw, a new vintage, or a change of declared target",NO_DECLARED_TARGET_CONSTRUCTED: NOT_APPLICABLE: literature replica; author preprocessing and target protocol preserved; section-3 business targets Y_s/Y_l/Y_b do not apply to this resource
292,inner_3,UNRANKED,R2,{},,,"re-enters on: PS5 inner-validation gain as a member of a group or pair, a later exploratory draw, a new vintage, or a change of declared target","REDUNDANCY_GROUP R2 (|r|>=0.95): 93,94,292,306,308 | NO_DECLARED_TARGET_CONSTRUCTED: NOT_APPLICABLE: literature replica; author preprocessing and target protocol preserved; section-3 business targets Y_s/Y_l/Y_b do not apply to this resource"
293,inner_3,UNRANKED,,{},,,"re-enters on: PS5 inner-validation gain as a member of a group or pair, a later exploratory draw, a new vintage, or a change of declared target",NO_DECLARED_TARGET_CONSTRUCTED: NOT_APPLICABLE: literature replica; author preprocessing and target protocol preserved; section-3 business targets Y_s/Y_l/Y_b do not apply to this resource
294,inner_3,UNRANKED,,{},,,"re-enters on: PS5 inner-validation gain as a member of a group or pair, a later exploratory draw, a new vintage, or a change of declared target",NO_DECLARED_TARGET_CONSTRUCTED: NOT_APPLICABLE: literature replica; author preprocessing and target protocol preserved; section-3 business targets Y_s/Y_l/Y_b do not apply to this resource
295,inner_3,UNRANKED,,{},,,"re-enters on: PS5 inner-validation gain as a member of a group or pair, a later exploratory draw, a new vintage, or a change of declared target",NO_DECLARED_TARGET_CONSTRUCTED: NOT_APPLICABLE: literature replica; author preprocessing and target protocol preserved; section-3 business targets Y_s/Y_l/Y_b do not apply to this resource
296,inner_3,UNRANKED,R6,{},,,"re-enters on: PS5 inner-validation gain as a member of a group or pair, a later exploratory draw, a new vintage, or a change of declared target","REDUNDANCY_GROUP R6 (|r|>=0.95): 296,297 | NO_DECLARED_TARGET_CONSTRUCTED: NOT_APPLICABLE: literature replica; author preprocessing and target protocol preserved; section-3 business targets Y_s/Y_l/Y_b do not apply to this resource"
297,inner_3,UNRANKED,R6,{},,,"re-enters on: PS5 inner-validation gain as a member of a group or pair, a later exploratory draw, a new vintage, or a change of declared target","REDUNDANCY_GROUP R6 (|r|>=0.95): 296,297 | NO_DECLARED_TARGET_CONSTRUCTED: NOT_APPLICABLE: literature replica; author preprocessing and target protocol preserved; section-3 business targets Y_s/Y_l/Y_b do not apply to this resource"
298,inner_3,UNRANKED,,{},,,"re-enters on: PS5 inner-validation gain as a member of a group or pair, a later exploratory draw, a new vintage, or a change of declared target",NO_DECLARED_TARGET_CONSTRUCTED: NOT_APPLICABLE: literature replica; author preprocessing and target protocol preserved; section-3 business targets Y_s/Y_l/Y_b do not apply to this resource
299,inner_3,UNRANKED,,{},,,"re-enters on: PS5 inner-validation gain as a member of a group or pair, a later exploratory draw, a new vintage, or a change of declared target",NO_DECLARED_TARGET_CONSTRUCTED: NOT_APPLICABLE: literature replica; author preprocessing and target protocol preserved; section-3 business targets Y_s/Y_l/Y_b do not apply to this resource
300,inner_3,UNRANKED,,{},,,"re-enters on: PS5 inner-validation gain as a member of a group or pair, a later exploratory draw, a new vintage, or a change of declared target",NO_DECLARED_TARGET_CONSTRUCTED: NOT_APPLICABLE: literature replica; author preprocessing and target protocol preserved; section-3 business targets Y_s/Y_l/Y_b do not apply to this resource
301,inner_3,UNRANKED,,{},,,"re-enters on: PS5 inner-validation gain as a member of a group or pair, a later exploratory draw, a new vintage, or a change of declared target",NO_DECLARED_TARGET_CONSTRUCTED: NOT_APPLICABLE: literature replica; author preprocessing and target protocol preserved; section-3 business targets Y_s/Y_l/Y_b do not apply to this resource
302,inner_3,UNRANKED,,{},,,"re-enters on: PS5 inner-validation gain as a member of a group or pair, a later exploratory draw, a new vintage, or a change of declared target",NO_DECLARED_TARGET_CONSTRUCTED: NOT_APPLICABLE: literature replica; author preprocessing and target protocol preserved; section-3 business targets Y_s/Y_l/Y_b do not apply to this resource
303,inner_3,UNRANKED,,{},,,"re-enters on: PS5 inner-validation gain as a member of a group or pair, a later exploratory draw, a new vintage, or a change of declared target",NO_DECLARED_TARGET_CONSTRUCTED: NOT_APPLICABLE: literature replica; author preprocessing and target protocol preserved; section-3 business targets Y_s/Y_l/Y_b do not apply to this resource
304,inner_3,UNRANKED,,{},,,"re-enters on: PS5 inner-validation gain as a member of a group or pair, a later exploratory draw, a new vintage, or a change of declared target",NO_DECLARED_TARGET_CONSTRUCTED: NOT_APPLICABLE: literature replica; author preprocessing and target protocol preserved; section-3 business targets Y_s/Y_l/Y_b do not apply to this resource
305,inner_3,UNRANKED,,{},,,"re-enters on: PS5 inner-validation gain as a member of a group or pair, a later exploratory draw, a new vintage, or a change of declared target",NO_DECLARED_TARGET_CONSTRUCTED: NOT_APPLICABLE: literature replica; author preprocessing and target protocol preserved; section-3 business targets Y_s/Y_l/Y_b do not apply to this resource
306,inner_3,UNRANKED,R2,{},,,"re-enters on: PS5 inner-validation gain as a member of a group or pair, a later exploratory draw, a new vintage, or a change of declared target","REDUNDANCY_GROUP R2 (|r|>=0.95): 93,94,292,306,308 | NO_DECLARED_TARGET_CONSTRUCTED: NOT_APPLICABLE: literature replica; author preprocessing and target protocol preserved; section-3 business targets Y_s/Y_l/Y_b do not apply to this resource"
307,inner_3,UNRANKED,,{},,,"re-enters on: PS5 inner-validation gain as a member of a group or pair, a later exploratory draw, a new vintage, or a change of declared target",NO_DECLARED_TARGET_CONSTRUCTED: NOT_APPLICABLE: literature replica; author preprocessing and target protocol preserved; section-3 business targets Y_s/Y_l/Y_b do not apply to this resource
308,inner_3,UNRANKED,R2,{},,,"re-enters on: PS5 inner-validation gain as a member of a group or pair, a later exploratory draw, a new vintage, or a change of declared target","REDUNDANCY_GROUP R2 (|r|>=0.95): 93,94,292,306,308 | NO_DECLARED_TARGET_CONSTRUCTED: NOT_APPLICABLE: literature replica; author preprocessing and target protocol preserved; section-3 business targets Y_s/Y_l/Y_b do not apply to this resource"
309,inner_3,UNRANKED,,{},,,"re-enters on: PS5 inner-validation gain as a member of a group or pair, a later exploratory draw, a new vintage, or a change of declared target",NO_DECLARED_TARGET_CONSTRUCTED: NOT_APPLICABLE: literature replica; author preprocessing and target protocol preserved; section-3 business targets Y_s/Y_l/Y_b do not apply to this resource
310,inner_3,UNRANKED,,{},,,"re-enters on: PS5 inner-validation gain as a member of a group or pair, a later exploratory draw, a new vintage, or a change of declared target",NO_DECLARED_TARGET_CONSTRUCTED: NOT_APPLICABLE: literature replica; author preprocessing and target protocol preserved; section-3 business targets Y_s/Y_l/Y_b do not apply to this resource
311,inner_3,UNRANKED,,{},,,"re-enters on: PS5 inner-validation gain as a member of a group or pair, a later exploratory draw, a new vintage, or a change of declared target",NO_DECLARED_TARGET_CONSTRUCTED: NOT_APPLICABLE: literature replica; author preprocessing and target protocol preserved; section-3 business targets Y_s/Y_l/Y_b do not apply to this resource
312,inner_3,UNRANKED,,{},,,"re-enters on: PS5 inner-validation gain as a member of a group or pair, a later exploratory draw, a new vintage, or a change of declared target",NO_DECLARED_TARGET_CONSTRUCTED: NOT_APPLICABLE: literature replica; author preprocessing and target protocol preserved; section-3 business targets Y_s/Y_l/Y_b do not apply to this resource
313,inner_3,UNRANKED,,{},,,"re-enters on: PS5 inner-validation gain as a member of a group or pair, a later exploratory draw, a new vintage, or a change of declared target",NO_DECLARED_TARGET_CONSTRUCTED: NOT_APPLICABLE: literature replica; author preprocessing and target protocol preserved; section-3 business targets Y_s/Y_l/Y_b do not apply to this resource
314,inner_3,UNRANKED,,{},,,"re-enters on: PS5 inner-validation gain as a member of a group or pair, a later exploratory draw, a new vintage, or a change of declared target",NO_DECLARED_TARGET_CONSTRUCTED: NOT_APPLICABLE: literature replica; author preprocessing and target protocol preserved; section-3 business targets Y_s/Y_l/Y_b do not apply to this resource
315,inner_3,UNRANKED,,{},,,"re-enters on: PS5 inner-validation gain as a member of a group or pair, a later exploratory draw, a new vintage, or a change of declared target",NO_DECLARED_TARGET_CONSTRUCTED: NOT_APPLICABLE: literature replica; author preprocessing and target protocol preserved; section-3 business targets Y_s/Y_l/Y_b do not apply to this resource
316,inner_3,UNRANKED,,{},,,"re-enters on: PS5 inner-validation gain as a member of a group or pair, a later exploratory draw, a new vintage, or a change of declared target",NO_DECLARED_TARGET_CONSTRUCTED: NOT_APPLICABLE: literature replica; author preprocessing and target protocol preserved; section-3 business targets Y_s/Y_l/Y_b do not apply to this resource
317,inner_3,UNRANKED,,{},,,"re-enters on: PS5 inner-validation gain as a member of a group or pair, a later exploratory draw, a new vintage, or a change of declared target",NO_DECLARED_TARGET_CONSTRUCTED: NOT_APPLICABLE: literature replica; author preprocessing and target protocol preserved; section-3 business targets Y_s/Y_l/Y_b do not apply to this resource
318,inner_3,UNRANKED,,{},,,"re-enters on: PS5 inner-validation gain as a member of a group or pair, a later exploratory draw, a new vintage, or a change of declared target",NO_DECLARED_TARGET_CONSTRUCTED: NOT_APPLICABLE: literature replica; author preprocessing and target protocol preserved; section-3 business targets Y_s/Y_l/Y_b do not apply to this resource
319,inner_3,UNRANKED,,{},,,"re-enters on: PS5 inner-validation gain as a member of a group or pair, a later exploratory draw, a new vintage, or a change of declared target",NO_DECLARED_TARGET_CONSTRUCTED: NOT_APPLICABLE: literature replica; author preprocessing and target protocol preserved; section-3 business targets Y_s/Y_l/Y_b do not apply to this resource
OT,inner_3,UNRANKED,,{},,,"re-enters on: PS5 inner-validation gain as a member of a group or pair, a later exploratory draw, a new vintage, or a change of declared target",NO_DECLARED_TARGET_CONSTRUCTED: NOT_APPLICABLE: literature replica; author preprocessing and target protocol preserved; section-3 business targets Y_s/Y_l/Y_b do not apply to this resource
