feature,fold,family,metric,status,value,reason
p (mbar),outer_train,quality,missing_fraction,MEASURED_REUSED,0.0,cache b048ea71db6d1bb4
p (mbar),outer_train,quality,nonfinite_count,MEASURED_REUSED,0,cache b048ea71db6d1bb4
p (mbar),outer_train,quality,constant_flag,MEASURED_REUSED,False,cache b048ea71db6d1bb4
p (mbar),outer_train,quality,unique_ratio,MEASURED_REUSED,0.1235936779895356,cache b048ea71db6d1bb4
p (mbar),outer_train,quality,sentinel_le_m9999_count,MEASURED_REUSED,0,cache b048ea71db6d1bb4
p (mbar),outer_train,distribution,mean,MEASURED_REUSED,990.6424618429257,cache 31de52cc88f5780a
p (mbar),outer_train,distribution,std,MEASURED_REUSED,8.630826824427933,cache 31de52cc88f5780a
p (mbar),outer_train,distribution,median,MEASURED_REUSED,991.09,cache 31de52cc88f5780a
p (mbar),outer_train,distribution,iqr,MEASURED_REUSED,10.594999999999914,cache 31de52cc88f5780a
p (mbar),outer_train,distribution,mad,MEASURED_REUSED,5.309999999999945,cache 31de52cc88f5780a
p (mbar),outer_train,distribution,skewness,MEASURED_REUSED,-0.18568800644305605,cache 31de52cc88f5780a
p (mbar),outer_train,distribution,excess_kurtosis,MEASURED_REUSED,0.6843368317059166,cache 31de52cc88f5780a
p (mbar),outer_train,distribution,q01,MEASURED_REUSED,967.4686,cache 31de52cc88f5780a
p (mbar),outer_train,distribution,q99,MEASURED_REUSED,1010.2714,cache 31de52cc88f5780a
p (mbar),outer_train,distribution,upper_tail_ratio,MEASURED_REUSED,4.988161616161671,cache 31de52cc88f5780a
p (mbar),outer_train,distribution,lower_tail_ratio,MEASURED_REUSED,4.471461470327738,cache 31de52cc88f5780a
p (mbar),outer_train,volatility,diff_std,MEASURED_REUSED,0.10226038399594213,cache 477026872b705a5a
p (mbar),outer_train,volatility,diff_std_over_std,MEASURED_REUSED,0.011848272022619354,cache 477026872b705a5a
p (mbar),outer_train,volatility,rolling_std_cv,MEASURED_REUSED,0.6986103081966634,cache 477026872b705a5a
p (mbar),outer_train,acf_selected,acf_lag_1,MEASURED_REUSED,0.9998567206610208,cache e6f9bd7194f83e7d
p (mbar),outer_train,acf_selected,acf_lag_144,MEASURED_REUSED,0.7372381251454667,cache e6f9bd7194f83e7d
p (mbar),outer_train,acf_selected,acf_lag_288,MEASURED_REUSED,0.5137257178357706,cache e6f9bd7194f83e7d
p (mbar),outer_train,acf_selected,acf_lag_1008,MEASURED_REUSED,0.10911637419017756,cache e6f9bd7194f83e7d
p (mbar),outer_train,seasonality,seasonal_acf_daily_144,MEASURED_REUSED,0.7372381251454667,cache c6cf9e28e12babcf
p (mbar),outer_train,seasonality,seasonal_diff_var_ratio_daily_144,MEASURED_REUSED,0.5124112183529723,cache c6cf9e28e12babcf
p (mbar),outer_train,seasonality,seasonal_acf_weekly_1008,MEASURED_REUSED,0.10911637419017756,cache c6cf9e28e12babcf
p (mbar),outer_train,seasonality,seasonal_diff_var_ratio_weekly_1008,MEASURED_REUSED,1.7712138898778753,cache c6cf9e28e12babcf
p (mbar),outer_train,cost,seconds_quality,MEASURED_REUSED,0.0007329943333333292,process CPU seconds of the batch divided by its features
p (mbar),outer_train,cost,seconds_distribution,MEASURED_REUSED,0.002510697809523806,process CPU seconds of the batch divided by its features
p (mbar),outer_train,cost,seconds_volatility,MEASURED_REUSED,0.0005089175238095278,process CPU seconds of the batch divided by its features
p (mbar),outer_train,cost,seconds_acf_selected,MEASURED_REUSED,0.00027116947619048356,process CPU seconds of the batch divided by its features
p (mbar),outer_train,cost,seconds_seasonality,MEASURED_REUSED,0.00044901695238094445,process CPU seconds of the batch divided by its features
p (mbar),outer_train,stationarity,adf_c_aic_pvalue,MEASURED_REUSED,6.820376622437894e-10,v2 full-TRAIN profile 47e8bed8e2219d78 (OK)
p (mbar),outer_train,stationarity,kpss_c_auto_pvalue,MEASURED_REUSED,0.010710409351218779,v2 full-TRAIN profile 47e8bed8e2219d78 (OK)
p (mbar),outer_train,spectral,peak1_period_rows,MEASURED_REUSED,9221.75,v2 full-TRAIN profile 47e8bed8e2219d78 (OK)
p (mbar),outer_train,spectral,entropy_normalized,MEASURED_REUSED,0.38893083616970187,v2 full-TRAIN profile 47e8bed8e2219d78 (OK)
p (mbar),outer_train,stl,stl_seasonal_strength_primary,MEASURED_REUSED,0.2361134698833003,v2 full-TRAIN profile 47e8bed8e2219d78 (OK)
T (degC),outer_train,quality,missing_fraction,MEASURED_REUSED,0.0,cache b048ea71db6d1bb4
T (degC),outer_train,quality,nonfinite_count,MEASURED_REUSED,0,cache b048ea71db6d1bb4
T (degC),outer_train,quality,constant_flag,MEASURED_REUSED,False,cache b048ea71db6d1bb4
T (degC),outer_train,quality,unique_ratio,MEASURED_REUSED,0.09873397131780844,cache b048ea71db6d1bb4
T (degC),outer_train,quality,sentinel_le_m9999_count,MEASURED_REUSED,0,cache b048ea71db6d1bb4
T (degC),outer_train,distribution,mean,MEASURED_REUSED,11.978743188657251,cache 31de52cc88f5780a
T (degC),outer_train,distribution,std,MEASURED_REUSED,7.718526811429625,cache 31de52cc88f5780a
T (degC),outer_train,distribution,median,MEASURED_REUSED,11.95,cache 31de52cc88f5780a
T (degC),outer_train,distribution,iqr,MEASURED_REUSED,12.400000000000002,cache 31de52cc88f5780a
T (degC),outer_train,distribution,mad,MEASURED_REUSED,6.240000000000002,cache 31de52cc88f5780a
T (degC),outer_train,distribution,skewness,MEASURED_REUSED,0.13182152991079527,cache 31de52cc88f5780a
T (degC),outer_train,distribution,excess_kurtosis,MEASURED_REUSED,-0.6739454911757115,cache 31de52cc88f5780a
T (degC),outer_train,distribution,q01,MEASURED_REUSED,-3.7741999999999996,cache 31de52cc88f5780a
T (degC),outer_train,distribution,q99,MEASURED_REUSED,29.05,cache 31de52cc88f5780a
T (degC),outer_train,distribution,upper_tail_ratio,MEASURED_REUSED,3.331474576271185,cache 31de52cc88f5780a
T (degC),outer_train,distribution,lower_tail_ratio,MEASURED_REUSED,2.5784615384615384,cache 31de52cc88f5780a
T (degC),outer_train,volatility,diff_std,MEASURED_REUSED,0.27182026659613023,cache 477026872b705a5a
T (degC),outer_train,volatility,diff_std_over_std,MEASURED_REUSED,0.03521659938961639,cache 477026872b705a5a
T (degC),outer_train,volatility,rolling_std_cv,MEASURED_REUSED,0.4974184084176807,cache 477026872b705a5a
T (degC),outer_train,acf_selected,acf_lag_1,MEASURED_REUSED,0.9993510057932362,cache e6f9bd7194f83e7d
T (degC),outer_train,acf_selected,acf_lag_144,MEASURED_REUSED,0.8774685542325728,cache e6f9bd7194f83e7d
T (degC),outer_train,acf_selected,acf_lag_288,MEASURED_REUSED,0.8006521583245588,cache e6f9bd7194f83e7d
T (degC),outer_train,acf_selected,acf_lag_1008,MEASURED_REUSED,0.7370268312732452,cache e6f9bd7194f83e7d
T (degC),outer_train,seasonality,seasonal_acf_daily_144,MEASURED_REUSED,0.8774685542325728,cache c6cf9e28e12babcf
T (degC),outer_train,seasonality,seasonal_diff_var_ratio_daily_144,MEASURED_REUSED,0.23059539742446156,cache c6cf9e28e12babcf
T (degC),outer_train,seasonality,seasonal_acf_weekly_1008,MEASURED_REUSED,0.7370268312732452,cache c6cf9e28e12babcf
T (degC),outer_train,seasonality,seasonal_diff_var_ratio_weekly_1008,MEASURED_REUSED,0.46647413623635114,cache c6cf9e28e12babcf
T (degC),outer_train,cost,seconds_quality,MEASURED_REUSED,0.0007329943333333292,process CPU seconds of the batch divided by its features
T (degC),outer_train,cost,seconds_distribution,MEASURED_REUSED,0.002510697809523806,process CPU seconds of the batch divided by its features
T (degC),outer_train,cost,seconds_volatility,MEASURED_REUSED,0.0005089175238095278,process CPU seconds of the batch divided by its features
T (degC),outer_train,cost,seconds_acf_selected,MEASURED_REUSED,0.00027116947619048356,process CPU seconds of the batch divided by its features
T (degC),outer_train,cost,seconds_seasonality,MEASURED_REUSED,0.00044901695238094445,process CPU seconds of the batch divided by its features
T (degC),outer_train,stationarity,adf_c_aic_pvalue,MEASURED_REUSED,3.527581182743667e-13,v2 full-TRAIN profile 47e8bed8e2219d78 (OK)
T (degC),outer_train,stationarity,kpss_c_auto_pvalue,MEASURED_REUSED,0.01,v2 full-TRAIN profile 47e8bed8e2219d78 (OK_WITH_WARNING)
T (degC),outer_train,spectral,peak1_period_rows,MEASURED_REUSED,144.08984375,v2 full-TRAIN profile 47e8bed8e2219d78 (OK)
T (degC),outer_train,spectral,entropy_normalized,MEASURED_REUSED,0.42348093719911933,v2 full-TRAIN profile 47e8bed8e2219d78 (OK)
T (degC),outer_train,stl,stl_seasonal_strength_primary,MEASURED_REUSED,0.8686318843108292,v2 full-TRAIN profile 47e8bed8e2219d78 (OK)
Tpot (K),outer_train,quality,missing_fraction,MEASURED_REUSED,0.0,cache b048ea71db6d1bb4
Tpot (K),outer_train,quality,nonfinite_count,MEASURED_REUSED,0,cache b048ea71db6d1bb4
Tpot (K),outer_train,quality,constant_flag,MEASURED_REUSED,False,cache b048ea71db6d1bb4
Tpot (K),outer_train,quality,unique_ratio,MEASURED_REUSED,0.10312576246374061,cache b048ea71db6d1bb4
Tpot (K),outer_train,quality,sentinel_le_m9999_count,MEASURED_REUSED,0,cache b048ea71db6d1bb4
Tpot (K),outer_train,distribution,mean,MEASURED_REUSED,285.9094998237861,cache 31de52cc88f5780a
Tpot (K),outer_train,distribution,std,MEASURED_REUSED,7.916783620791782,cache 31de52cc88f5780a
Tpot (K),outer_train,distribution,median,MEASURED_REUSED,286.02,cache 31de52cc88f5780a
Tpot (K),outer_train,distribution,iqr,MEASURED_REUSED,12.45999999999998,cache 31de52cc88f5780a
Tpot (K),outer_train,distribution,mad,MEASURED_REUSED,6.240000000000009,cache 31de52cc88f5780a
Tpot (K),outer_train,distribution,skewness,MEASURED_REUSED,0.0734534454236295,cache 31de52cc88f5780a
Tpot (K),outer_train,distribution,excess_kurtosis,MEASURED_REUSED,-0.622674912385099,cache 31de52cc88f5780a
Tpot (K),outer_train,distribution,q01,MEASURED_REUSED,269.06,cache 31de52cc88f5780a
Tpot (K),outer_train,distribution,q99,MEASURED_REUSED,303.2514,cache 31de52cc88f5780a
Tpot (K),outer_train,distribution,upper_tail_ratio,MEASURED_REUSED,3.3356047700170404,cache 31de52cc88f5780a
Tpot (K),outer_train,distribution,lower_tail_ratio,MEASURED_REUSED,2.7056145675265633,cache 31de52cc88f5780a
Tpot (K),outer_train,volatility,diff_std,MEASURED_REUSED,0.27433363014710493,cache 477026872b705a5a
Tpot (K),outer_train,volatility,diff_std_over_std,MEASURED_REUSED,0.034652157149606164,cache 477026872b705a5a
Tpot (K),outer_train,volatility,rolling_std_cv,MEASURED_REUSED,0.4950609263457797,cache 477026872b705a5a
Tpot (K),outer_train,acf_selected,acf_lag_1,MEASURED_REUSED,0.9993643970000056,cache e6f9bd7194f83e7d
Tpot (K),outer_train,acf_selected,acf_lag_144,MEASURED_REUSED,0.8690981130220748,cache e6f9bd7194f83e7d
Tpot (K),outer_train,acf_selected,acf_lag_288,MEASURED_REUSED,0.7858275325634761,cache e6f9bd7194f83e7d
Tpot (K),outer_train,acf_selected,acf_lag_1008,MEASURED_REUSED,0.7208159426596702,cache e6f9bd7194f83e7d
Tpot (K),outer_train,seasonality,seasonal_acf_daily_144,MEASURED_REUSED,0.8690981130220748,cache c6cf9e28e12babcf
Tpot (K),outer_train,seasonality,seasonal_diff_var_ratio_daily_144,MEASURED_REUSED,0.2461716503797518,cache c6cf9e28e12babcf
Tpot (K),outer_train,seasonality,seasonal_acf_weekly_1008,MEASURED_REUSED,0.7208159426596702,cache c6cf9e28e12babcf
Tpot (K),outer_train,seasonality,seasonal_diff_var_ratio_weekly_1008,MEASURED_REUSED,0.4959872485646817,cache c6cf9e28e12babcf
Tpot (K),outer_train,cost,seconds_quality,MEASURED_REUSED,0.0007329943333333292,process CPU seconds of the batch divided by its features
Tpot (K),outer_train,cost,seconds_distribution,MEASURED_REUSED,0.002510697809523806,process CPU seconds of the batch divided by its features
Tpot (K),outer_train,cost,seconds_volatility,MEASURED_REUSED,0.0005089175238095278,process CPU seconds of the batch divided by its features
Tpot (K),outer_train,cost,seconds_acf_selected,MEASURED_REUSED,0.00027116947619048356,process CPU seconds of the batch divided by its features
Tpot (K),outer_train,cost,seconds_seasonality,MEASURED_REUSED,0.00044901695238094445,process CPU seconds of the batch divided by its features
Tpot (K),outer_train,stationarity,adf_c_aic_pvalue,MEASURED_REUSED,4.887758899441344e-13,v2 full-TRAIN profile 47e8bed8e2219d78 (OK)
Tpot (K),outer_train,stationarity,kpss_c_auto_pvalue,MEASURED_REUSED,0.01,v2 full-TRAIN profile 47e8bed8e2219d78 (OK_WITH_WARNING)
Tpot (K),outer_train,spectral,peak1_period_rows,MEASURED_REUSED,144.08984375,v2 full-TRAIN profile 47e8bed8e2219d78 (OK)
Tpot (K),outer_train,spectral,entropy_normalized,MEASURED_REUSED,0.42664291272147625,v2 full-TRAIN profile 47e8bed8e2219d78 (OK)
Tpot (K),outer_train,stl,stl_seasonal_strength_primary,MEASURED_REUSED,0.8643355406291151,v2 full-TRAIN profile 47e8bed8e2219d78 (OK)
Tdew (degC),outer_train,quality,missing_fraction,MEASURED_REUSED,0.0,cache b048ea71db6d1bb4
Tdew (degC),outer_train,quality,nonfinite_count,MEASURED_REUSED,0,cache b048ea71db6d1bb4
Tdew (degC),outer_train,quality,constant_flag,MEASURED_REUSED,False,cache b048ea71db6d1bb4
Tdew (degC),outer_train,quality,unique_ratio,MEASURED_REUSED,0.08208854067828775,cache b048ea71db6d1bb4
Tdew (degC),outer_train,quality,sentinel_le_m9999_count,MEASURED_REUSED,0,cache b048ea71db6d1bb4
Tdew (degC),outer_train,distribution,mean,MEASURED_REUSED,5.474408599235503,cache 31de52cc88f5780a
Tdew (degC),outer_train,distribution,std,MEASURED_REUSED,6.46449340424515,cache 31de52cc88f5780a
Tdew (degC),outer_train,distribution,median,MEASURED_REUSED,5.23,cache 31de52cc88f5780a
Tdew (degC),outer_train,distribution,iqr,MEASURED_REUSED,10.2,cache 31de52cc88f5780a
Tdew (degC),outer_train,distribution,mad,MEASURED_REUSED,5.03,cache 31de52cc88f5780a
Tdew (degC),outer_train,distribution,skewness,MEASURED_REUSED,0.023711466407831137,cache 31de52cc88f5780a
Tdew (degC),outer_train,distribution,excess_kurtosis,MEASURED_REUSED,-0.6482181812525423,cache 31de52cc88f5780a
Tdew (degC),outer_train,distribution,q01,MEASURED_REUSED,-9.48,cache 31de52cc88f5780a
Tdew (degC),outer_train,distribution,q99,MEASURED_REUSED,18.58,cache 31de52cc88f5780a
Tdew (degC),outer_train,distribution,upper_tail_ratio,MEASURED_REUSED,2.571694599627561,cache 31de52cc88f5780a
Tdew (degC),outer_train,distribution,lower_tail_ratio,MEASURED_REUSED,3.2028985507246377,cache 31de52cc88f5780a
Tdew (degC),outer_train,volatility,diff_std,MEASURED_REUSED,0.22157863159996546,cache 477026872b705a5a
Tdew (degC),outer_train,volatility,diff_std_over_std,MEASURED_REUSED,0.03427625611845433,cache 477026872b705a5a
Tdew (degC),outer_train,volatility,rolling_std_cv,MEASURED_REUSED,0.5163031545708785,cache 477026872b705a5a
Tdew (degC),outer_train,acf_selected,acf_lag_1,MEASURED_REUSED,0.9993870429484863,cache e6f9bd7194f83e7d
Tdew (degC),outer_train,acf_selected,acf_lag_144,MEASURED_REUSED,0.8432245903490322,cache e6f9bd7194f83e7d
Tdew (degC),outer_train,acf_selected,acf_lag_288,MEASURED_REUSED,0.7522981082180503,cache e6f9bd7194f83e7d
Tdew (degC),outer_train,acf_selected,acf_lag_1008,MEASURED_REUSED,0.6830492495715313,cache e6f9bd7194f83e7d
Tdew (degC),outer_train,seasonality,seasonal_acf_daily_144,MEASURED_REUSED,0.8432245903490322,cache c6cf9e28e12babcf
Tdew (degC),outer_train,seasonality,seasonal_diff_var_ratio_daily_144,MEASURED_REUSED,0.30507383165831325,cache c6cf9e28e12babcf
Tdew (degC),outer_train,seasonality,seasonal_acf_weekly_1008,MEASURED_REUSED,0.6830492495715313,cache c6cf9e28e12babcf
Tdew (degC),outer_train,seasonality,seasonal_diff_var_ratio_weekly_1008,MEASURED_REUSED,0.6046318785786131,cache c6cf9e28e12babcf
Tdew (degC),outer_train,cost,seconds_quality,MEASURED_REUSED,0.0007329943333333292,process CPU seconds of the batch divided by its features
Tdew (degC),outer_train,cost,seconds_distribution,MEASURED_REUSED,0.002510697809523806,process CPU seconds of the batch divided by its features
Tdew (degC),outer_train,cost,seconds_volatility,MEASURED_REUSED,0.0005089175238095278,process CPU seconds of the batch divided by its features
Tdew (degC),outer_train,cost,seconds_acf_selected,MEASURED_REUSED,0.00027116947619048356,process CPU seconds of the batch divided by its features
Tdew (degC),outer_train,cost,seconds_seasonality,MEASURED_REUSED,0.00044901695238094445,process CPU seconds of the batch divided by its features
Tdew (degC),outer_train,stationarity,adf_c_aic_pvalue,MEASURED_REUSED,1.1169446942119778e-05,v2 full-TRAIN profile 47e8bed8e2219d78 (OK)
Tdew (degC),outer_train,stationarity,kpss_c_auto_pvalue,MEASURED_REUSED,0.01,v2 full-TRAIN profile 47e8bed8e2219d78 (OK_WITH_WARNING)
Tdew (degC),outer_train,spectral,peak1_period_rows,MEASURED_REUSED,18443.5,v2 full-TRAIN profile 47e8bed8e2219d78 (OK)
Tdew (degC),outer_train,spectral,entropy_normalized,MEASURED_REUSED,0.4223640513692379,v2 full-TRAIN profile 47e8bed8e2219d78 (OK)
Tdew (degC),outer_train,stl,stl_seasonal_strength_primary,MEASURED_REUSED,0.38987125573080683,v2 full-TRAIN profile 47e8bed8e2219d78 (OK)
rh (%),outer_train,quality,missing_fraction,MEASURED_REUSED,0.0,cache b048ea71db6d1bb4
rh (%),outer_train,quality,nonfinite_count,MEASURED_REUSED,0,cache b048ea71db6d1bb4
rh (%),outer_train,quality,constant_flag,MEASURED_REUSED,False,cache b048ea71db6d1bb4
rh (%),outer_train,quality,unique_ratio,MEASURED_REUSED,0.14568818282863882,cache b048ea71db6d1bb4
rh (%),outer_train,quality,sentinel_le_m9999_count,MEASURED_REUSED,0,cache b048ea71db6d1bb4
rh (%),outer_train,distribution,mean,MEASURED_REUSED,67.52999105375878,cache 31de52cc88f5780a
rh (%),outer_train,distribution,std,MEASURED_REUSED,18.75541355592492,cache 31de52cc88f5780a
rh (%),outer_train,distribution,median,MEASURED_REUSED,69.64,cache 31de52cc88f5780a
rh (%),outer_train,distribution,iqr,MEASURED_REUSED,30.009999999999998,cache 31de52cc88f5780a
rh (%),outer_train,distribution,mad,MEASURED_REUSED,14.659999999999997,cache 31de52cc88f5780a
rh (%),outer_train,distribution,skewness,MEASURED_REUSED,-0.25695796085998823,cache 31de52cc88f5780a
rh (%),outer_train,distribution,excess_kurtosis,MEASURED_REUSED,-0.9008081418520377,cache 31de52cc88f5780a
rh (%),outer_train,distribution,q01,MEASURED_REUSED,28.25,cache 31de52cc88f5780a
rh (%),outer_train,distribution,q99,MEASURED_REUSED,100.0,cache 31de52cc88f5780a
rh (%),outer_train,distribution,upper_tail_ratio,MEASURED_REUSED,2.3157894736842106,cache 31de52cc88f5780a
rh (%),outer_train,distribution,lower_tail_ratio,MEASURED_REUSED,2.5530000000000004,cache 31de52cc88f5780a
rh (%),outer_train,volatility,diff_std,MEASURED_REUSED,1.420449557960621,cache 477026872b705a5a
rh (%),outer_train,volatility,diff_std_over_std,MEASURED_REUSED,0.0757354431948473,cache 477026872b705a5a
rh (%),outer_train,volatility,rolling_std_cv,MEASURED_REUSED,0.43804903217158386,cache 477026872b705a5a
rh (%),outer_train,acf_selected,acf_lag_1,MEASURED_REUSED,0.9970869644389218,cache e6f9bd7194f83e7d
rh (%),outer_train,acf_selected,acf_lag_144,MEASURED_REUSED,0.6268174022274902,cache e6f9bd7194f83e7d
rh (%),outer_train,acf_selected,acf_lag_288,MEASURED_REUSED,0.5232026525691861,cache e6f9bd7194f83e7d
rh (%),outer_train,acf_selected,acf_lag_1008,MEASURED_REUSED,0.4527405873612998,cache e6f9bd7194f83e7d
rh (%),outer_train,seasonality,seasonal_acf_daily_144,MEASURED_REUSED,0.6268174022274902,cache c6cf9e28e12babcf
rh (%),outer_train,seasonality,seasonal_diff_var_ratio_daily_144,MEASURED_REUSED,0.7397700375423729,cache c6cf9e28e12babcf
rh (%),outer_train,seasonality,seasonal_acf_weekly_1008,MEASURED_REUSED,0.4527405873612998,cache c6cf9e28e12babcf
rh (%),outer_train,seasonality,seasonal_diff_var_ratio_weekly_1008,MEASURED_REUSED,1.0684613092739705,cache c6cf9e28e12babcf
rh (%),outer_train,cost,seconds_quality,MEASURED_REUSED,0.0007329943333333292,process CPU seconds of the batch divided by its features
rh (%),outer_train,cost,seconds_distribution,MEASURED_REUSED,0.002510697809523806,process CPU seconds of the batch divided by its features
rh (%),outer_train,cost,seconds_volatility,MEASURED_REUSED,0.0005089175238095278,process CPU seconds of the batch divided by its features
rh (%),outer_train,cost,seconds_acf_selected,MEASURED_REUSED,0.00027116947619048356,process CPU seconds of the batch divided by its features
rh (%),outer_train,cost,seconds_seasonality,MEASURED_REUSED,0.00044901695238094445,process CPU seconds of the batch divided by its features
rh (%),outer_train,stationarity,adf_c_aic_pvalue,MEASURED_REUSED,0.0,v2 full-TRAIN profile 47e8bed8e2219d78 (OK)
rh (%),outer_train,stationarity,kpss_c_auto_pvalue,MEASURED_REUSED,0.01,v2 full-TRAIN profile 47e8bed8e2219d78 (OK_WITH_WARNING)
rh (%),outer_train,spectral,peak1_period_rows,MEASURED_REUSED,144.08984375,v2 full-TRAIN profile 47e8bed8e2219d78 (OK)
rh (%),outer_train,spectral,entropy_normalized,MEASURED_REUSED,0.44221431556296903,v2 full-TRAIN profile 47e8bed8e2219d78 (OK)
rh (%),outer_train,stl,stl_seasonal_strength_primary,MEASURED_REUSED,0.802449479101434,v2 full-TRAIN profile 47e8bed8e2219d78 (OK)
VPmax (mbar),outer_train,quality,missing_fraction,MEASURED_REUSED,0.0,cache b048ea71db6d1bb4
VPmax (mbar),outer_train,quality,nonfinite_count,MEASURED_REUSED,0,cache b048ea71db6d1bb4
VPmax (mbar),outer_train,quality,constant_flag,MEASURED_REUSED,False,cache b048ea71db6d1bb4
VPmax (mbar),outer_train,quality,unique_ratio,MEASURED_REUSED,0.07951310759888308,cache b048ea71db6d1bb4
VPmax (mbar),outer_train,quality,sentinel_le_m9999_count,MEASURED_REUSED,0,cache b048ea71db6d1bb4
VPmax (mbar),outer_train,distribution,mean,MEASURED_REUSED,15.683926315504108,cache 31de52cc88f5780a
VPmax (mbar),outer_train,distribution,std,MEASURED_REUSED,8.109191426030598,cache 31de52cc88f5780a
VPmax (mbar),outer_train,distribution,median,MEASURED_REUSED,14.0,cache 31de52cc88f5780a
VPmax (mbar),outer_train,distribution,iqr,MEASURED_REUSED,11.47,cache 31de52cc88f5780a
VPmax (mbar),outer_train,distribution,mad,MEASURED_REUSED,5.43,cache 31de52cc88f5780a
VPmax (mbar),outer_train,distribution,skewness,MEASURED_REUSED,1.1054517347547876,cache 31de52cc88f5780a
VPmax (mbar),outer_train,distribution,excess_kurtosis,MEASURED_REUSED,1.456345802163745,cache 31de52cc88f5780a
VPmax (mbar),outer_train,distribution,q01,MEASURED_REUSED,4.618600000000001,cache 31de52cc88f5780a
VPmax (mbar),outer_train,distribution,q99,MEASURED_REUSED,40.23,cache 31de52cc88f5780a
VPmax (mbar),outer_train,distribution,upper_tail_ratio,MEASURED_REUSED,5.024907407407406,cache 31de52cc88f5780a
VPmax (mbar),outer_train,distribution,lower_tail_ratio,MEASURED_REUSED,1.9498997995991985,cache 31de52cc88f5780a
VPmax (mbar),outer_train,volatility,diff_std,MEASURED_REUSED,0.33477585230640095,cache 477026872b705a5a
VPmax (mbar),outer_train,volatility,diff_std_over_std,MEASURED_REUSED,0.041283505927824884,cache 477026872b705a5a
VPmax (mbar),outer_train,volatility,rolling_std_cv,MEASURED_REUSED,0.726923653562568,cache 477026872b705a5a
VPmax (mbar),outer_train,acf_selected,acf_lag_1,MEASURED_REUSED,0.9991294747885335,cache e6f9bd7194f83e7d
VPmax (mbar),outer_train,acf_selected,acf_lag_144,MEASURED_REUSED,0.8564504305797318,cache e6f9bd7194f83e7d
VPmax (mbar),outer_train,acf_selected,acf_lag_288,MEASURED_REUSED,0.7751655363994401,cache e6f9bd7194f83e7d
VPmax (mbar),outer_train,acf_selected,acf_lag_1008,MEASURED_REUSED,0.7253169320090299,cache e6f9bd7194f83e7d
VPmax (mbar),outer_train,seasonality,seasonal_acf_daily_144,MEASURED_REUSED,0.8564504305797318,cache c6cf9e28e12babcf
VPmax (mbar),outer_train,seasonality,seasonal_diff_var_ratio_daily_144,MEASURED_REUSED,0.27657630017005735,cache c6cf9e28e12babcf
VPmax (mbar),outer_train,seasonality,seasonal_acf_weekly_1008,MEASURED_REUSED,0.7253169320090299,cache c6cf9e28e12babcf
VPmax (mbar),outer_train,seasonality,seasonal_diff_var_ratio_weekly_1008,MEASURED_REUSED,0.5076712526925992,cache c6cf9e28e12babcf
VPmax (mbar),outer_train,cost,seconds_quality,MEASURED_REUSED,0.0007329943333333292,process CPU seconds of the batch divided by its features
VPmax (mbar),outer_train,cost,seconds_distribution,MEASURED_REUSED,0.002510697809523806,process CPU seconds of the batch divided by its features
VPmax (mbar),outer_train,cost,seconds_volatility,MEASURED_REUSED,0.0005089175238095278,process CPU seconds of the batch divided by its features
VPmax (mbar),outer_train,cost,seconds_acf_selected,MEASURED_REUSED,0.00027116947619048356,process CPU seconds of the batch divided by its features
VPmax (mbar),outer_train,cost,seconds_seasonality,MEASURED_REUSED,0.00044901695238094445,process CPU seconds of the batch divided by its features
VPmax (mbar),outer_train,stationarity,adf_c_aic_pvalue,MEASURED_REUSED,3.779888329020195e-16,v2 full-TRAIN profile 47e8bed8e2219d78 (OK)
VPmax (mbar),outer_train,stationarity,kpss_c_auto_pvalue,MEASURED_REUSED,0.01,v2 full-TRAIN profile 47e8bed8e2219d78 (OK_WITH_WARNING)
VPmax (mbar),outer_train,spectral,peak1_period_rows,MEASURED_REUSED,144.08984375,v2 full-TRAIN profile 47e8bed8e2219d78 (OK)
VPmax (mbar),outer_train,spectral,entropy_normalized,MEASURED_REUSED,0.42702369185944494,v2 full-TRAIN profile 47e8bed8e2219d78 (OK)
VPmax (mbar),outer_train,stl,stl_seasonal_strength_primary,MEASURED_REUSED,0.8637718416359311,v2 full-TRAIN profile 47e8bed8e2219d78 (OK)
VPact (mbar),outer_train,quality,missing_fraction,MEASURED_REUSED,0.0,cache b048ea71db6d1bb4
VPact (mbar),outer_train,quality,nonfinite_count,MEASURED_REUSED,0,cache b048ea71db6d1bb4
VPact (mbar),outer_train,quality,constant_flag,MEASURED_REUSED,False,cache b048ea71db6d1bb4
VPact (mbar),outer_train,quality,unique_ratio,MEASURED_REUSED,0.055819123268360124,cache b048ea71db6d1bb4
VPact (mbar),outer_train,quality,sentinel_le_m9999_count,MEASURED_REUSED,0,cache b048ea71db6d1bb4
VPact (mbar),outer_train,distribution,mean,MEASURED_REUSED,9.844447095182584,cache 31de52cc88f5780a
VPact (mbar),outer_train,distribution,std,MEASURED_REUSED,4.396244338273392,cache 31de52cc88f5780a
VPact (mbar),outer_train,distribution,median,MEASURED_REUSED,8.87,cache 31de52cc88f5780a
VPact (mbar),outer_train,distribution,iqr,MEASURED_REUSED,6.510000000000001,cache 31de52cc88f5780a
VPact (mbar),outer_train,distribution,mad,MEASURED_REUSED,2.91,cache 31de52cc88f5780a
VPact (mbar),outer_train,distribution,skewness,MEASURED_REUSED,0.7469409585907926,cache 31de52cc88f5780a
VPact (mbar),outer_train,distribution,excess_kurtosis,MEASURED_REUSED,-0.17839100445789535,cache 31de52cc88f5780a
VPact (mbar),outer_train,distribution,q01,MEASURED_REUSED,2.97,cache 31de52cc88f5780a
VPact (mbar),outer_train,distribution,q99,MEASURED_REUSED,21.44,cache 31de52cc88f5780a
VPact (mbar),outer_train,distribution,upper_tail_ratio,MEASURED_REUSED,3.3562340966921105,cache 31de52cc88f5780a
VPact (mbar),outer_train,distribution,lower_tail_ratio,MEASURED_REUSED,2.3527131782945743,cache 31de52cc88f5780a
VPact (mbar),outer_train,volatility,diff_std,MEASURED_REUSED,0.16790862233380888,cache 477026872b705a5a
VPact (mbar),outer_train,volatility,diff_std_over_std,MEASURED_REUSED,0.038193651083496045,cache 477026872b705a5a
VPact (mbar),outer_train,volatility,rolling_std_cv,MEASURED_REUSED,0.5958713259910459,cache 477026872b705a5a
VPact (mbar),outer_train,acf_selected,acf_lag_1,MEASURED_REUSED,0.9992493195395705,cache e6f9bd7194f83e7d
VPact (mbar),outer_train,acf_selected,acf_lag_144,MEASURED_REUSED,0.8383297376822452,cache e6f9bd7194f83e7d
VPact (mbar),outer_train,acf_selected,acf_lag_288,MEASURED_REUSED,0.753614823126375,cache e6f9bd7194f83e7d
VPact (mbar),outer_train,acf_selected,acf_lag_1008,MEASURED_REUSED,0.6828820850716543,cache e6f9bd7194f83e7d
VPact (mbar),outer_train,seasonality,seasonal_acf_daily_144,MEASURED_REUSED,0.8383297376822452,cache c6cf9e28e12babcf
VPact (mbar),outer_train,seasonality,seasonal_diff_var_ratio_daily_144,MEASURED_REUSED,0.3169144973015103,cache c6cf9e28e12babcf
VPact (mbar),outer_train,seasonality,seasonal_acf_weekly_1008,MEASURED_REUSED,0.6828820850716543,cache c6cf9e28e12babcf
VPact (mbar),outer_train,seasonality,seasonal_diff_var_ratio_weekly_1008,MEASURED_REUSED,0.6128591836231304,cache c6cf9e28e12babcf
VPact (mbar),outer_train,cost,seconds_quality,MEASURED_REUSED,0.0007329943333333292,process CPU seconds of the batch divided by its features
VPact (mbar),outer_train,cost,seconds_distribution,MEASURED_REUSED,0.002510697809523806,process CPU seconds of the batch divided by its features
VPact (mbar),outer_train,cost,seconds_volatility,MEASURED_REUSED,0.0005089175238095278,process CPU seconds of the batch divided by its features
VPact (mbar),outer_train,cost,seconds_acf_selected,MEASURED_REUSED,0.00027116947619048356,process CPU seconds of the batch divided by its features
VPact (mbar),outer_train,cost,seconds_seasonality,MEASURED_REUSED,0.00044901695238094445,process CPU seconds of the batch divided by its features
VPact (mbar),outer_train,stationarity,adf_c_aic_pvalue,MEASURED_REUSED,7.358262730860467e-06,v2 full-TRAIN profile 47e8bed8e2219d78 (OK)
VPact (mbar),outer_train,stationarity,kpss_c_auto_pvalue,MEASURED_REUSED,0.01,v2 full-TRAIN profile 47e8bed8e2219d78 (OK_WITH_WARNING)
VPact (mbar),outer_train,spectral,peak1_period_rows,MEASURED_REUSED,7377.400000000001,v2 full-TRAIN profile 47e8bed8e2219d78 (OK)
VPact (mbar),outer_train,spectral,entropy_normalized,MEASURED_REUSED,0.42965765411351636,v2 full-TRAIN profile 47e8bed8e2219d78 (OK)
VPact (mbar),outer_train,stl,stl_seasonal_strength_primary,MEASURED_REUSED,0.3746623645450279,v2 full-TRAIN profile 47e8bed8e2219d78 (OK)
VPdef (mbar),outer_train,quality,missing_fraction,MEASURED_REUSED,0.0,cache b048ea71db6d1bb4
VPdef (mbar),outer_train,quality,nonfinite_count,MEASURED_REUSED,0,cache b048ea71db6d1bb4
VPdef (mbar),outer_train,quality,constant_flag,MEASURED_REUSED,False,cache b048ea71db6d1bb4
VPdef (mbar),outer_train,quality,unique_ratio,MEASURED_REUSED,0.07460622983706997,cache b048ea71db6d1bb4
VPdef (mbar),outer_train,quality,sentinel_le_m9999_count,MEASURED_REUSED,0,cache b048ea71db6d1bb4
VPdef (mbar),outer_train,distribution,mean,MEASURED_REUSED,5.839411445766801,cache 31de52cc88f5780a
VPdef (mbar),outer_train,distribution,std,MEASURED_REUSED,5.902796970789587,cache 31de52cc88f5780a
VPdef (mbar),outer_train,distribution,median,MEASURED_REUSED,3.6,cache 31de52cc88f5780a
VPdef (mbar),outer_train,distribution,iqr,MEASURED_REUSED,6.51,cache 31de52cc88f5780a
VPdef (mbar),outer_train,distribution,mad,MEASURED_REUSED,2.41,cache 31de52cc88f5780a
VPdef (mbar),outer_train,distribution,skewness,MEASURED_REUSED,1.8584585637700584,cache 31de52cc88f5780a
VPdef (mbar),outer_train,distribution,excess_kurtosis,MEASURED_REUSED,4.360778522094035,cache 31de52cc88f5780a
VPdef (mbar),outer_train,distribution,q01,MEASURED_REUSED,0.0,cache 31de52cc88f5780a
VPdef (mbar),outer_train,distribution,q99,MEASURED_REUSED,26.24419999999998,cache 31de52cc88f5780a
VPdef (mbar),outer_train,distribution,upper_tail_ratio,MEASURED_REUSED,6.014430107526879,cache 31de52cc88f5780a
VPdef (mbar),outer_train,distribution,lower_tail_ratio,MEASURED_REUSED,1.9354838709677418,cache 31de52cc88f5780a
VPdef (mbar),outer_train,volatility,diff_std,MEASURED_REUSED,0.3900219350628297,cache 477026872b705a5a
VPdef (mbar),outer_train,volatility,diff_std_over_std,MEASURED_REUSED,0.06607408945164152,cache 477026872b705a5a
VPdef (mbar),outer_train,volatility,rolling_std_cv,MEASURED_REUSED,0.7824835829224811,cache 477026872b705a5a
VPdef (mbar),outer_train,acf_selected,acf_lag_1,MEASURED_REUSED,0.9977965866571491,cache e6f9bd7194f83e7d
VPdef (mbar),outer_train,acf_selected,acf_lag_144,MEASURED_REUSED,0.6985111388411929,cache e6f9bd7194f83e7d
VPdef (mbar),outer_train,acf_selected,acf_lag_288,MEASURED_REUSED,0.6036892374237961,cache e6f9bd7194f83e7d
VPdef (mbar),outer_train,acf_selected,acf_lag_1008,MEASURED_REUSED,0.5464499823808971,cache e6f9bd7194f83e7d
VPdef (mbar),outer_train,seasonality,seasonal_acf_daily_144,MEASURED_REUSED,0.6985111388411929,cache c6cf9e28e12babcf
VPdef (mbar),outer_train,seasonality,seasonal_diff_var_ratio_daily_144,MEASURED_REUSED,0.5956120887042116,cache c6cf9e28e12babcf
VPdef (mbar),outer_train,seasonality,seasonal_acf_weekly_1008,MEASURED_REUSED,0.5464499823808971,cache c6cf9e28e12babcf
VPdef (mbar),outer_train,seasonality,seasonal_diff_var_ratio_weekly_1008,MEASURED_REUSED,0.8806147780815333,cache c6cf9e28e12babcf
VPdef (mbar),outer_train,cost,seconds_quality,MEASURED_REUSED,0.0007329943333333292,process CPU seconds of the batch divided by its features
VPdef (mbar),outer_train,cost,seconds_distribution,MEASURED_REUSED,0.002510697809523806,process CPU seconds of the batch divided by its features
VPdef (mbar),outer_train,cost,seconds_volatility,MEASURED_REUSED,0.0005089175238095278,process CPU seconds of the batch divided by its features
VPdef (mbar),outer_train,cost,seconds_acf_selected,MEASURED_REUSED,0.00027116947619048356,process CPU seconds of the batch divided by its features
VPdef (mbar),outer_train,cost,seconds_seasonality,MEASURED_REUSED,0.00044901695238094445,process CPU seconds of the batch divided by its features
VPdef (mbar),outer_train,stationarity,adf_c_aic_pvalue,MEASURED_REUSED,8.244969647140797e-30,v2 full-TRAIN profile 47e8bed8e2219d78 (OK)
VPdef (mbar),outer_train,stationarity,kpss_c_auto_pvalue,MEASURED_REUSED,0.01,v2 full-TRAIN profile 47e8bed8e2219d78 (OK_WITH_WARNING)
VPdef (mbar),outer_train,spectral,peak1_period_rows,MEASURED_REUSED,144.08984375,v2 full-TRAIN profile 47e8bed8e2219d78 (OK)
VPdef (mbar),outer_train,spectral,entropy_normalized,MEASURED_REUSED,0.4392856440197641,v2 full-TRAIN profile 47e8bed8e2219d78 (OK)
VPdef (mbar),outer_train,stl,stl_seasonal_strength_primary,MEASURED_REUSED,0.8331123676242778,v2 full-TRAIN profile 47e8bed8e2219d78 (OK)
sh (g/kg),outer_train,quality,missing_fraction,MEASURED_REUSED,0.0,cache b048ea71db6d1bb4
sh (g/kg),outer_train,quality,nonfinite_count,MEASURED_REUSED,0,cache b048ea71db6d1bb4
sh (g/kg),outer_train,quality,constant_flag,MEASURED_REUSED,False,cache b048ea71db6d1bb4
sh (g/kg),outer_train,quality,unique_ratio,MEASURED_REUSED,0.03624583186488465,cache b048ea71db6d1bb4
sh (g/kg),outer_train,quality,sentinel_le_m9999_count,MEASURED_REUSED,0,cache b048ea71db6d1bb4
sh (g/kg),outer_train,distribution,mean,MEASURED_REUSED,6.215718545829153,cache 31de52cc88f5780a
sh (g/kg),outer_train,distribution,std,MEASURED_REUSED,2.799919287465088,cache 31de52cc88f5780a
sh (g/kg),outer_train,distribution,median,MEASURED_REUSED,5.6,cache 31de52cc88f5780a
sh (g/kg),outer_train,distribution,iqr,MEASURED_REUSED,4.13,cache 31de52cc88f5780a
sh (g/kg),outer_train,distribution,mad,MEASURED_REUSED,1.8499999999999996,cache 31de52cc88f5780a
sh (g/kg),outer_train,distribution,skewness,MEASURED_REUSED,0.7540207154389207,cache 31de52cc88f5780a
sh (g/kg),outer_train,distribution,excess_kurtosis,MEASURED_REUSED,-0.1638578807631883,cache 31de52cc88f5780a
sh (g/kg),outer_train,distribution,q01,MEASURED_REUSED,1.8486000000000002,cache 31de52cc88f5780a
sh (g/kg),outer_train,distribution,q99,MEASURED_REUSED,13.61,cache 31de52cc88f5780a
sh (g/kg),outer_train,distribution,upper_tail_ratio,MEASURED_REUSED,3.391129032258064,cache 31de52cc88f5780a
sh (g/kg),outer_train,distribution,lower_tail_ratio,MEASURED_REUSED,2.345454545454546,cache 31de52cc88f5780a
sh (g/kg),outer_train,volatility,diff_std,MEASURED_REUSED,0.10674299353453781,cache 477026872b705a5a
sh (g/kg),outer_train,volatility,diff_std_over_std,MEASURED_REUSED,0.038123596638093726,cache 477026872b705a5a
sh (g/kg),outer_train,volatility,rolling_std_cv,MEASURED_REUSED,0.5974655148772188,cache 477026872b705a5a
sh (g/kg),outer_train,acf_selected,acf_lag_1,MEASURED_REUSED,0.9992521432227076,cache e6f9bd7194f83e7d
sh (g/kg),outer_train,acf_selected,acf_lag_144,MEASURED_REUSED,0.8371207660365912,cache e6f9bd7194f83e7d
sh (g/kg),outer_train,acf_selected,acf_lag_288,MEASURED_REUSED,0.7506588431026674,cache e6f9bd7194f83e7d
sh (g/kg),outer_train,acf_selected,acf_lag_1008,MEASURED_REUSED,0.6799905803059338,cache e6f9bd7194f83e7d
sh (g/kg),outer_train,seasonality,seasonal_acf_daily_144,MEASURED_REUSED,0.8371207660365912,cache c6cf9e28e12babcf
sh (g/kg),outer_train,seasonality,seasonal_diff_var_ratio_daily_144,MEASURED_REUSED,0.31936670643425386,cache c6cf9e28e12babcf
sh (g/kg),outer_train,seasonality,seasonal_acf_weekly_1008,MEASURED_REUSED,0.6799905803059338,cache c6cf9e28e12babcf
sh (g/kg),outer_train,seasonality,seasonal_diff_var_ratio_weekly_1008,MEASURED_REUSED,0.6188653420256697,cache c6cf9e28e12babcf
sh (g/kg),outer_train,cost,seconds_quality,MEASURED_REUSED,0.0007329943333333292,process CPU seconds of the batch divided by its features
sh (g/kg),outer_train,cost,seconds_distribution,MEASURED_REUSED,0.002510697809523806,process CPU seconds of the batch divided by its features
sh (g/kg),outer_train,cost,seconds_volatility,MEASURED_REUSED,0.0005089175238095278,process CPU seconds of the batch divided by its features
sh (g/kg),outer_train,cost,seconds_acf_selected,MEASURED_REUSED,0.00027116947619048356,process CPU seconds of the batch divided by its features
sh (g/kg),outer_train,cost,seconds_seasonality,MEASURED_REUSED,0.00044901695238094445,process CPU seconds of the batch divided by its features
sh (g/kg),outer_train,stationarity,adf_c_aic_pvalue,MEASURED_REUSED,7.373294623215614e-06,v2 full-TRAIN profile 47e8bed8e2219d78 (OK)
sh (g/kg),outer_train,stationarity,kpss_c_auto_pvalue,MEASURED_REUSED,0.01,v2 full-TRAIN profile 47e8bed8e2219d78 (OK_WITH_WARNING)
sh (g/kg),outer_train,spectral,peak1_period_rows,MEASURED_REUSED,7377.400000000001,v2 full-TRAIN profile 47e8bed8e2219d78 (OK)
sh (g/kg),outer_train,spectral,entropy_normalized,MEASURED_REUSED,0.42919026480119915,v2 full-TRAIN profile 47e8bed8e2219d78 (OK)
sh (g/kg),outer_train,stl,stl_seasonal_strength_primary,MEASURED_REUSED,0.37204544540450357,v2 full-TRAIN profile 47e8bed8e2219d78 (OK)
H2OC (mmol/mol),outer_train,quality,missing_fraction,MEASURED_REUSED,0.0,cache b048ea71db6d1bb4
H2OC (mmol/mol),outer_train,quality,nonfinite_count,MEASURED_REUSED,0,cache b048ea71db6d1bb4
H2OC (mmol/mol),outer_train,quality,constant_flag,MEASURED_REUSED,False,cache b048ea71db6d1bb4
H2OC (mmol/mol),outer_train,quality,unique_ratio,MEASURED_REUSED,0.056578198281237294,cache b048ea71db6d1bb4
H2OC (mmol/mol),outer_train,quality,sentinel_le_m9999_count,MEASURED_REUSED,0,cache b048ea71db6d1bb4
H2OC (mmol/mol),outer_train,distribution,mean,MEASURED_REUSED,9.94795076856345,cache 31de52cc88f5780a
H2OC (mmol/mol),outer_train,distribution,std,MEASURED_REUSED,4.461996124241623,cache 31de52cc88f5780a
H2OC (mmol/mol),outer_train,distribution,median,MEASURED_REUSED,8.98,cache 31de52cc88f5780a
H2OC (mmol/mol),outer_train,distribution,iqr,MEASURED_REUSED,6.6,cache 31de52cc88f5780a
H2OC (mmol/mol),outer_train,distribution,mad,MEASURED_REUSED,2.960000000000001,cache 31de52cc88f5780a
H2OC (mmol/mol),outer_train,distribution,skewness,MEASURED_REUSED,0.7476299860083261,cache 31de52cc88f5780a
H2OC (mmol/mol),outer_train,distribution,excess_kurtosis,MEASURED_REUSED,-0.1768679279208749,cache 31de52cc88f5780a
H2OC (mmol/mol),outer_train,distribution,q01,MEASURED_REUSED,2.96,cache 31de52cc88f5780a
H2OC (mmol/mol),outer_train,distribution,q99,MEASURED_REUSED,21.7,cache 31de52cc88f5780a
H2OC (mmol/mol),outer_train,distribution,upper_tail_ratio,MEASURED_REUSED,3.379746835443038,cache 31de52cc88f5780a
H2OC (mmol/mol),outer_train,distribution,lower_tail_ratio,MEASURED_REUSED,2.339622641509434,cache 31de52cc88f5780a
H2OC (mmol/mol),outer_train,volatility,diff_std,MEASURED_REUSED,0.16965388636371767,cache 477026872b705a5a
H2OC (mmol/mol),outer_train,volatility,diff_std_over_std,MEASURED_REUSED,0.038021970804054124,cache 477026872b705a5a
H2OC (mmol/mol),outer_train,volatility,rolling_std_cv,MEASURED_REUSED,0.5957037617207522,cache 477026872b705a5a
H2OC (mmol/mol),outer_train,acf_selected,acf_lag_1,MEASURED_REUSED,0.9992559567468275,cache e6f9bd7194f83e7d
H2OC (mmol/mol),outer_train,acf_selected,acf_lag_144,MEASURED_REUSED,0.8373071951628406,cache e6f9bd7194f83e7d
H2OC (mmol/mol),outer_train,acf_selected,acf_lag_288,MEASURED_REUSED,0.7508768825655724,cache e6f9bd7194f83e7d
H2OC (mmol/mol),outer_train,acf_selected,acf_lag_1008,MEASURED_REUSED,0.6803766903268916,cache e6f9bd7194f83e7d
H2OC (mmol/mol),outer_train,seasonality,seasonal_acf_daily_144,MEASURED_REUSED,0.8373071951628406,cache c6cf9e28e12babcf
H2OC (mmol/mol),outer_train,seasonality,seasonal_diff_var_ratio_daily_144,MEASURED_REUSED,0.31896573715956833,cache c6cf9e28e12babcf
H2OC (mmol/mol),outer_train,seasonality,seasonal_acf_weekly_1008,MEASURED_REUSED,0.6803766903268916,cache c6cf9e28e12babcf
H2OC (mmol/mol),outer_train,seasonality,seasonal_diff_var_ratio_weekly_1008,MEASURED_REUSED,0.6179712497673591,cache c6cf9e28e12babcf
H2OC (mmol/mol),outer_train,cost,seconds_quality,MEASURED_REUSED,0.0007329943333333292,process CPU seconds of the batch divided by its features
H2OC (mmol/mol),outer_train,cost,seconds_distribution,MEASURED_REUSED,0.002510697809523806,process CPU seconds of the batch divided by its features
H2OC (mmol/mol),outer_train,cost,seconds_volatility,MEASURED_REUSED,0.0005089175238095278,process CPU seconds of the batch divided by its features
H2OC (mmol/mol),outer_train,cost,seconds_acf_selected,MEASURED_REUSED,0.00027116947619048356,process CPU seconds of the batch divided by its features
H2OC (mmol/mol),outer_train,cost,seconds_seasonality,MEASURED_REUSED,0.00044901695238094445,process CPU seconds of the batch divided by its features
H2OC (mmol/mol),outer_train,stationarity,adf_c_aic_pvalue,MEASURED_REUSED,7.5445229541998434e-06,v2 full-TRAIN profile 47e8bed8e2219d78 (OK)
H2OC (mmol/mol),outer_train,stationarity,kpss_c_auto_pvalue,MEASURED_REUSED,0.01,v2 full-TRAIN profile 47e8bed8e2219d78 (OK_WITH_WARNING)
H2OC (mmol/mol),outer_train,spectral,peak1_period_rows,MEASURED_REUSED,7377.400000000001,v2 full-TRAIN profile 47e8bed8e2219d78 (OK)
H2OC (mmol/mol),outer_train,spectral,entropy_normalized,MEASURED_REUSED,0.4291285193473409,v2 full-TRAIN profile 47e8bed8e2219d78 (OK)
H2OC (mmol/mol),outer_train,stl,stl_seasonal_strength_primary,MEASURED_REUSED,0.3722470411675559,v2 full-TRAIN profile 47e8bed8e2219d78 (OK)
rho (g/m**3),outer_train,quality,missing_fraction,MEASURED_REUSED,0.0,cache b048ea71db6d1bb4
rho (g/m**3),outer_train,quality,nonfinite_count,MEASURED_REUSED,0,cache b048ea71db6d1bb4
rho (g/m**3),outer_train,quality,constant_flag,MEASURED_REUSED,False,cache b048ea71db6d1bb4
rho (g/m**3),outer_train,quality,unique_ratio,MEASURED_REUSED,0.3759861197711931,cache b048ea71db6d1bb4
rho (g/m**3),outer_train,quality,sentinel_le_m9999_count,MEASURED_REUSED,0,cache b048ea71db6d1bb4
rho (g/m**3),outer_train,distribution,mean,MEASURED_REUSED,1206.7523290047984,cache 31de52cc88f5780a
rho (g/m**3),outer_train,distribution,std,MEASURED_REUSED,38.06867601616858,cache 31de52cc88f5780a
rho (g/m**3),outer_train,distribution,median,MEASURED_REUSED,1203.71,cache 31de52cc88f5780a
rho (g/m**3),outer_train,distribution,iqr,MEASURED_REUSED,56.539999999999964,cache 31de52cc88f5780a
rho (g/m**3),outer_train,distribution,mad,MEASURED_REUSED,28.049999999999955,cache 31de52cc88f5780a
rho (g/m**3),outer_train,distribution,skewness,MEASURED_REUSED,0.2366917441219121,cache 31de52cc88f5780a
rho (g/m**3),outer_train,distribution,excess_kurtosis,MEASURED_REUSED,-0.49096014197738214,cache 31de52cc88f5780a
rho (g/m**3),outer_train,distribution,q01,MEASURED_REUSED,1130.4702,cache 31de52cc88f5780a
rho (g/m**3),outer_train,distribution,q99,MEASURED_REUSED,1295.8214,cache 31de52cc88f5780a
rho (g/m**3),outer_train,distribution,upper_tail_ratio,MEASURED_REUSED,3.274471517945352,cache 31de52cc88f5780a
rho (g/m**3),outer_train,distribution,lower_tail_ratio,MEASURED_REUSED,3.050982040504386,cache 31de52cc88f5780a
rho (g/m**3),outer_train,volatility,diff_std,MEASURED_REUSED,1.1650801436204423,cache 477026872b705a5a
rho (g/m**3),outer_train,volatility,diff_std_over_std,MEASURED_REUSED,0.030604693032287435,cache 477026872b705a5a
rho (g/m**3),outer_train,volatility,rolling_std_cv,MEASURED_REUSED,0.4736003399345189,cache 477026872b705a5a
rho (g/m**3),outer_train,acf_selected,acf_lag_1,MEASURED_REUSED,0.9994799616002772,cache e6f9bd7194f83e7d
rho (g/m**3),outer_train,acf_selected,acf_lag_144,MEASURED_REUSED,0.8505178948896654,cache e6f9bd7194f83e7d
rho (g/m**3),outer_train,acf_selected,acf_lag_288,MEASURED_REUSED,0.7447175626411624,cache e6f9bd7194f83e7d
rho (g/m**3),outer_train,acf_selected,acf_lag_1008,MEASURED_REUSED,0.6534146104248427,cache e6f9bd7194f83e7d
rho (g/m**3),outer_train,seasonality,seasonal_acf_daily_144,MEASURED_REUSED,0.8505178948896654,cache c6cf9e28e12babcf
rho (g/m**3),outer_train,seasonality,seasonal_diff_var_ratio_daily_144,MEASURED_REUSED,0.28029994794510205,cache c6cf9e28e12babcf
rho (g/m**3),outer_train,seasonality,seasonal_acf_weekly_1008,MEASURED_REUSED,0.6534146104248427,cache c6cf9e28e12babcf
rho (g/m**3),outer_train,seasonality,seasonal_diff_var_ratio_weekly_1008,MEASURED_REUSED,0.6258260496144543,cache c6cf9e28e12babcf
rho (g/m**3),outer_train,cost,seconds_quality,MEASURED_REUSED,0.0007329943333333292,process CPU seconds of the batch divided by its features
rho (g/m**3),outer_train,cost,seconds_distribution,MEASURED_REUSED,0.002510697809523806,process CPU seconds of the batch divided by its features
rho (g/m**3),outer_train,cost,seconds_volatility,MEASURED_REUSED,0.0005089175238095278,process CPU seconds of the batch divided by its features
rho (g/m**3),outer_train,cost,seconds_acf_selected,MEASURED_REUSED,0.00027116947619048356,process CPU seconds of the batch divided by its features
rho (g/m**3),outer_train,cost,seconds_seasonality,MEASURED_REUSED,0.00044901695238094445,process CPU seconds of the batch divided by its features
rho (g/m**3),outer_train,stationarity,adf_c_aic_pvalue,MEASURED_REUSED,2.5913608721279538e-11,v2 full-TRAIN profile 47e8bed8e2219d78 (OK)
rho (g/m**3),outer_train,stationarity,kpss_c_auto_pvalue,MEASURED_REUSED,0.01,v2 full-TRAIN profile 47e8bed8e2219d78 (OK_WITH_WARNING)
rho (g/m**3),outer_train,spectral,peak1_period_rows,MEASURED_REUSED,144.08984375,v2 full-TRAIN profile 47e8bed8e2219d78 (OK)
rho (g/m**3),outer_train,spectral,entropy_normalized,MEASURED_REUSED,0.4307447356300229,v2 full-TRAIN profile 47e8bed8e2219d78 (OK)
rho (g/m**3),outer_train,stl,stl_seasonal_strength_primary,MEASURED_REUSED,0.8463288212580369,v2 full-TRAIN profile 47e8bed8e2219d78 (OK)
wv (m/s),outer_train,quality,missing_fraction,MEASURED_REUSED,0.0,cache b048ea71db6d1bb4
wv (m/s),outer_train,quality,nonfinite_count,MEASURED_REUSED,0,cache b048ea71db6d1bb4
wv (m/s),outer_train,quality,constant_flag,MEASURED_REUSED,False,cache b048ea71db6d1bb4
wv (m/s),outer_train,quality,unique_ratio,MEASURED_REUSED,0.026106758478596795,cache b048ea71db6d1bb4
wv (m/s),outer_train,quality,sentinel_le_m9999_count,MEASURED_REUSED,1,cache b048ea71db6d1bb4
wv (m/s),outer_train,distribution,mean,MEASURED_REUSED,1.9474169761704665,cache 31de52cc88f5780a
wv (m/s),outer_train,distribution,std,MEASURED_REUSED,52.100119575446094,cache 31de52cc88f5780a
wv (m/s),outer_train,distribution,median,MEASURED_REUSED,1.77,cache 31de52cc88f5780a
wv (m/s),outer_train,distribution,iqr,MEASURED_REUSED,1.9800000000000002,cache 31de52cc88f5780a
wv (m/s),outer_train,distribution,mad,MEASURED_REUSED,0.91,cache 31de52cc88f5780a
wv (m/s),outer_train,distribution,skewness,MEASURED_REUSED,-191.76489682966815,cache 31de52cc88f5780a
wv (m/s),outer_train,distribution,excess_kurtosis,MEASURED_REUSED,36811.48879508557,cache 31de52cc88f5780a
wv (m/s),outer_train,distribution,q01,MEASURED_REUSED,0.25,cache 31de52cc88f5780a
wv (m/s),outer_train,distribution,q99,MEASURED_REUSED,7.56,cache 31de52cc88f5780a
wv (m/s),outer_train,distribution,upper_tail_ratio,MEASURED_REUSED,5.505916666666659,cache 31de52cc88f5780a
wv (m/s),outer_train,distribution,lower_tail_ratio,MEASURED_REUSED,2.007307692307692,cache 31de52cc88f5780a
wv (m/s),outer_train,volatility,diff_std,MEASURED_REUSED,73.64948844061192,cache 477026872b705a5a
wv (m/s),outer_train,volatility,diff_std_over_std,MEASURED_REUSED,1.413614575950449,cache 477026872b705a5a
wv (m/s),outer_train,volatility,rolling_std_cv,MEASURED_REUSED,11.766332048207095,cache 477026872b705a5a
wv (m/s),outer_train,acf_selected,acf_lag_1,MEASURED_REUSED,0.0008739877312349735,cache e6f9bd7194f83e7d
wv (m/s),outer_train,acf_selected,acf_lag_144,MEASURED_REUSED,-2.579196291480648e-05,cache e6f9bd7194f83e7d
wv (m/s),outer_train,acf_selected,acf_lag_288,MEASURED_REUSED,-0.00015815842432541252,cache e6f9bd7194f83e7d
wv (m/s),outer_train,acf_selected,acf_lag_1008,MEASURED_REUSED,-1.0003603584885933e-05,cache e6f9bd7194f83e7d
wv (m/s),outer_train,seasonality,seasonal_acf_daily_144,MEASURED_REUSED,-2.579196291480648e-05,cache c6cf9e28e12babcf
wv (m/s),outer_train,seasonality,seasonal_diff_var_ratio_daily_144,MEASURED_REUSED,2.007886411118874,cache c6cf9e28e12babcf
wv (m/s),outer_train,seasonality,seasonal_acf_weekly_1008,MEASURED_REUSED,-1.0003603584885933e-05,cache c6cf9e28e12babcf
wv (m/s),outer_train,seasonality,seasonal_diff_var_ratio_weekly_1008,MEASURED_REUSED,2.0561789515108204,cache c6cf9e28e12babcf
wv (m/s),outer_train,cost,seconds_quality,MEASURED_REUSED,0.0007329943333333292,process CPU seconds of the batch divided by its features
wv (m/s),outer_train,cost,seconds_distribution,MEASURED_REUSED,0.002510697809523806,process CPU seconds of the batch divided by its features
wv (m/s),outer_train,cost,seconds_volatility,MEASURED_REUSED,0.0005089175238095278,process CPU seconds of the batch divided by its features
wv (m/s),outer_train,cost,seconds_acf_selected,MEASURED_REUSED,0.00027116947619048356,process CPU seconds of the batch divided by its features
wv (m/s),outer_train,cost,seconds_seasonality,MEASURED_REUSED,0.00044901695238094445,process CPU seconds of the batch divided by its features
wv (m/s),outer_train,stationarity,adf_c_aic_pvalue,MEASURED_REUSED,0.0,v2 full-TRAIN profile 47e8bed8e2219d78 (OK)
wv (m/s),outer_train,stationarity,kpss_c_auto_pvalue,MEASURED_REUSED,0.1,v2 full-TRAIN profile 47e8bed8e2219d78 (OK_WITH_WARNING)
wv (m/s),outer_train,spectral,peak1_period_rows,MEASURED_REUSED,143.52918287937743,v2 full-TRAIN profile 47e8bed8e2219d78 (OK)
wv (m/s),outer_train,spectral,entropy_normalized,MEASURED_REUSED,0.9998955460284432,v2 full-TRAIN profile 47e8bed8e2219d78 (OK)
wv (m/s),outer_train,stl,stl_seasonal_strength_primary,MEASURED_REUSED,0.34078312456993454,v2 full-TRAIN profile 47e8bed8e2219d78 (OK)
max. wv (m/s),outer_train,quality,missing_fraction,MEASURED_REUSED,0.0,cache b048ea71db6d1bb4
max. wv (m/s),outer_train,quality,nonfinite_count,MEASURED_REUSED,0,cache b048ea71db6d1bb4
max. wv (m/s),outer_train,quality,constant_flag,MEASURED_REUSED,False,cache b048ea71db6d1bb4
max. wv (m/s),outer_train,quality,unique_ratio,MEASURED_REUSED,0.036028953289776885,cache b048ea71db6d1bb4
max. wv (m/s),outer_train,quality,sentinel_le_m9999_count,MEASURED_REUSED,0,cache b048ea71db6d1bb4
max. wv (m/s),outer_train,distribution,mean,MEASURED_REUSED,3.7608498929162035,cache 31de52cc88f5780a
max. wv (m/s),outer_train,distribution,std,MEASURED_REUSED,2.5960219989324016,cache 31de52cc88f5780a
max. wv (m/s),outer_train,distribution,median,MEASURED_REUSED,3.09,cache 31de52cc88f5780a
max. wv (m/s),outer_train,distribution,iqr,MEASURED_REUSED,3.36,cache 31de52cc88f5780a
max. wv (m/s),outer_train,distribution,mad,MEASURED_REUSED,1.5299999999999998,cache 31de52cc88f5780a
max. wv (m/s),outer_train,distribution,skewness,MEASURED_REUSED,1.3241546082440576,cache 31de52cc88f5780a
max. wv (m/s),outer_train,distribution,excess_kurtosis,MEASURED_REUSED,2.289559094155017,cache 31de52cc88f5780a
max. wv (m/s),outer_train,distribution,q01,MEASURED_REUSED,0.53,cache 31de52cc88f5780a
max. wv (m/s),outer_train,distribution,q99,MEASURED_REUSED,11.781399999999994,cache 31de52cc88f5780a
max. wv (m/s),outer_train,distribution,upper_tail_ratio,MEASURED_REUSED,5.030098039215684,cache 31de52cc88f5780a
max. wv (m/s),outer_train,distribution,lower_tail_ratio,MEASURED_REUSED,1.9924242424242427,cache 31de52cc88f5780a
max. wv (m/s),outer_train,volatility,diff_std,MEASURED_REUSED,0.9906242965067078,cache 477026872b705a5a
max. wv (m/s),outer_train,volatility,diff_std_over_std,MEASURED_REUSED,0.38159318253624047,cache 477026872b705a5a
max. wv (m/s),outer_train,volatility,rolling_std_cv,MEASURED_REUSED,0.38739731653253895,cache 477026872b705a5a
max. wv (m/s),outer_train,acf_selected,acf_lag_1,MEASURED_REUSED,0.9271690946577221,cache e6f9bd7194f83e7d
max. wv (m/s),outer_train,acf_selected,acf_lag_144,MEASURED_REUSED,0.4718131741652316,cache e6f9bd7194f83e7d
max. wv (m/s),outer_train,acf_selected,acf_lag_288,MEASURED_REUSED,0.379306926712706,cache e6f9bd7194f83e7d
max. wv (m/s),outer_train,acf_selected,acf_lag_1008,MEASURED_REUSED,0.30670070000205435,cache e6f9bd7194f83e7d
max. wv (m/s),outer_train,seasonality,seasonal_acf_daily_144,MEASURED_REUSED,0.4718131741652316,cache c6cf9e28e12babcf
max. wv (m/s),outer_train,seasonality,seasonal_diff_var_ratio_daily_144,MEASURED_REUSED,1.0550518755154465,cache c6cf9e28e12babcf
max. wv (m/s),outer_train,seasonality,seasonal_acf_weekly_1008,MEASURED_REUSED,0.30670070000205435,cache c6cf9e28e12babcf
max. wv (m/s),outer_train,seasonality,seasonal_diff_var_ratio_weekly_1008,MEASURED_REUSED,1.3900592763711705,cache c6cf9e28e12babcf
max. wv (m/s),outer_train,cost,seconds_quality,MEASURED_REUSED,0.0007329943333333292,process CPU seconds of the batch divided by its features
max. wv (m/s),outer_train,cost,seconds_distribution,MEASURED_REUSED,0.002510697809523806,process CPU seconds of the batch divided by its features
max. wv (m/s),outer_train,cost,seconds_volatility,MEASURED_REUSED,0.0005089175238095278,process CPU seconds of the batch divided by its features
max. wv (m/s),outer_train,cost,seconds_acf_selected,MEASURED_REUSED,0.00027116947619048356,process CPU seconds of the batch divided by its features
max. wv (m/s),outer_train,cost,seconds_seasonality,MEASURED_REUSED,0.00044901695238094445,process CPU seconds of the batch divided by its features
max. wv (m/s),outer_train,stationarity,adf_c_aic_pvalue,MEASURED_REUSED,0.0,v2 full-TRAIN profile 47e8bed8e2219d78 (OK)
max. wv (m/s),outer_train,stationarity,kpss_c_auto_pvalue,MEASURED_REUSED,0.01,v2 full-TRAIN profile 47e8bed8e2219d78 (OK_WITH_WARNING)
max. wv (m/s),outer_train,spectral,peak1_period_rows,MEASURED_REUSED,144.08984375,v2 full-TRAIN profile 47e8bed8e2219d78 (OK)
max. wv (m/s),outer_train,spectral,entropy_normalized,MEASURED_REUSED,0.5976608518651254,v2 full-TRAIN profile 47e8bed8e2219d78 (OK)
max. wv (m/s),outer_train,stl,stl_seasonal_strength_primary,MEASURED_REUSED,0.6153841736299315,v2 full-TRAIN profile 47e8bed8e2219d78 (OK)
wd (deg),outer_train,quality,missing_fraction,MEASURED_REUSED,0.0,cache b048ea71db6d1bb4
wd (deg),outer_train,quality,nonfinite_count,MEASURED_REUSED,0,cache b048ea71db6d1bb4
wd (deg),outer_train,quality,constant_flag,MEASURED_REUSED,False,cache b048ea71db6d1bb4
wd (deg),outer_train,quality,unique_ratio,MEASURED_REUSED,0.20302545612275327,cache b048ea71db6d1bb4
wd (deg),outer_train,quality,sentinel_le_m9999_count,MEASURED_REUSED,0,cache b048ea71db6d1bb4
wd (deg),outer_train,distribution,mean,MEASURED_REUSED,175.98528397538428,cache 31de52cc88f5780a
wd (deg),outer_train,distribution,std,MEASURED_REUSED,86.96521113049609,cache 31de52cc88f5780a
wd (deg),outer_train,distribution,median,MEASURED_REUSED,199.1,cache 31de52cc88f5780a
wd (deg),outer_train,distribution,iqr,MEASURED_REUSED,118.35,cache 31de52cc88f5780a
wd (deg),outer_train,distribution,mad,MEASURED_REUSED,47.5,cache 31de52cc88f5780a
wd (deg),outer_train,distribution,skewness,MEASURED_REUSED,-0.4250269989383446,cache 31de52cc88f5780a
wd (deg),outer_train,distribution,excess_kurtosis,MEASURED_REUSED,-0.6582627248029915,cache 31de52cc88f5780a
wd (deg),outer_train,distribution,q01,MEASURED_REUSED,6.078600000000001,cache 31de52cc88f5780a
wd (deg),outer_train,distribution,q99,MEASURED_REUSED,351.8,cache 31de52cc88f5780a
wd (deg),outer_train,distribution,upper_tail_ratio,MEASURED_REUSED,4.3434903047091415,cache 31de52cc88f5780a
wd (deg),outer_train,distribution,lower_tail_ratio,MEASURED_REUSED,2.382995744680851,cache 31de52cc88f5780a
wd (deg),outer_train,volatility,diff_std,MEASURED_REUSED,69.79799704479164,cache 477026872b705a5a
wd (deg),outer_train,volatility,diff_std_over_std,MEASURED_REUSED,0.8025967641250926,cache 477026872b705a5a
wd (deg),outer_train,volatility,rolling_std_cv,MEASURED_REUSED,0.5304564902560119,cache 477026872b705a5a
wd (deg),outer_train,acf_selected,acf_lag_1,MEASURED_REUSED,0.6779208808471915,cache e6f9bd7194f83e7d
wd (deg),outer_train,acf_selected,acf_lag_144,MEASURED_REUSED,0.21716187453331276,cache e6f9bd7194f83e7d
wd (deg),outer_train,acf_selected,acf_lag_288,MEASURED_REUSED,0.1515688090835103,cache e6f9bd7194f83e7d
wd (deg),outer_train,acf_selected,acf_lag_1008,MEASURED_REUSED,0.0402114839073362,cache e6f9bd7194f83e7d
wd (deg),outer_train,seasonality,seasonal_acf_daily_144,MEASURED_REUSED,0.21716187453331276,cache c6cf9e28e12babcf
wd (deg),outer_train,seasonality,seasonal_diff_var_ratio_daily_144,MEASURED_REUSED,1.5673571059985743,cache c6cf9e28e12babcf
wd (deg),outer_train,seasonality,seasonal_acf_weekly_1008,MEASURED_REUSED,0.0402114839073362,cache c6cf9e28e12babcf
wd (deg),outer_train,seasonality,seasonal_diff_var_ratio_weekly_1008,MEASURED_REUSED,1.9351195432926078,cache c6cf9e28e12babcf
wd (deg),outer_train,cost,seconds_quality,MEASURED_REUSED,0.0007329943333333292,process CPU seconds of the batch divided by its features
wd (deg),outer_train,cost,seconds_distribution,MEASURED_REUSED,0.002510697809523806,process CPU seconds of the batch divided by its features
wd (deg),outer_train,cost,seconds_volatility,MEASURED_REUSED,0.0005089175238095278,process CPU seconds of the batch divided by its features
wd (deg),outer_train,cost,seconds_acf_selected,MEASURED_REUSED,0.00027116947619048356,process CPU seconds of the batch divided by its features
wd (deg),outer_train,cost,seconds_seasonality,MEASURED_REUSED,0.00044901695238094445,process CPU seconds of the batch divided by its features
wd (deg),outer_train,stationarity,adf_c_aic_pvalue,MEASURED_REUSED,8.734597586256637e-29,v2 full-TRAIN profile 47e8bed8e2219d78 (OK)
wd (deg),outer_train,stationarity,kpss_c_auto_pvalue,MEASURED_REUSED,0.01,v2 full-TRAIN profile 47e8bed8e2219d78 (OK_WITH_WARNING)
wd (deg),outer_train,spectral,peak1_period_rows,MEASURED_REUSED,36887.0,v2 full-TRAIN profile 47e8bed8e2219d78 (OK)
wd (deg),outer_train,spectral,entropy_normalized,MEASURED_REUSED,0.7942564793320684,v2 full-TRAIN profile 47e8bed8e2219d78 (OK)
wd (deg),outer_train,stl,stl_seasonal_strength_primary,MEASURED_REUSED,0.37308825576578264,v2 full-TRAIN profile 47e8bed8e2219d78 (OK)
rain (mm),outer_train,quality,missing_fraction,MEASURED_REUSED,0.0,cache b048ea71db6d1bb4
rain (mm),outer_train,quality,nonfinite_count,MEASURED_REUSED,0,cache b048ea71db6d1bb4
rain (mm),outer_train,quality,constant_flag,MEASURED_REUSED,False,cache b048ea71db6d1bb4
rain (mm),outer_train,quality,unique_ratio,MEASURED_REUSED,0.0010030634098733972,cache b048ea71db6d1bb4
rain (mm),outer_train,quality,sentinel_le_m9999_count,MEASURED_REUSED,0,cache b048ea71db6d1bb4
rain (mm),outer_train,distribution,mean,MEASURED_REUSED,0.011481009569767128,cache 31de52cc88f5780a
rain (mm),outer_train,distribution,std,MEASURED_REUSED,0.12278595979318553,cache 31de52cc88f5780a
rain (mm),outer_train,distribution,median,MEASURED_REUSED,0.0,cache 31de52cc88f5780a
rain (mm),outer_train,distribution,iqr,MEASURED_REUSED,0.0,cache 31de52cc88f5780a
rain (mm),outer_train,distribution,mad,MEASURED_REUSED,0.0,cache 31de52cc88f5780a
rain (mm),outer_train,distribution,skewness,MEASURED_REUSED,35.53443891932196,cache 31de52cc88f5780a
rain (mm),outer_train,distribution,excess_kurtosis,MEASURED_REUSED,2271.299365414726,cache 31de52cc88f5780a
rain (mm),outer_train,distribution,q01,MEASURED_REUSED,0.0,cache 31de52cc88f5780a
rain (mm),outer_train,distribution,q99,MEASURED_REUSED,0.3,cache 31de52cc88f5780a
rain (mm),outer_train,distribution,upper_tail_ratio,NOT_RUN,,ZERO_UPPER_QUARTILE_SPREAD
rain (mm),outer_train,distribution,lower_tail_ratio,NOT_RUN,,ZERO_LOWER_QUARTILE_SPREAD
rain (mm),outer_train,volatility,diff_std,MEASURED_REUSED,0.11053249549639922,cache 477026872b705a5a
rain (mm),outer_train,volatility,diff_std_over_std,MEASURED_REUSED,0.9002046787969453,cache 477026872b705a5a
rain (mm),outer_train,volatility,rolling_std_cv,MEASURED_REUSED,2.4846985441134013,cache 477026872b705a5a
rain (mm),outer_train,acf_selected,acf_lag_1,MEASURED_REUSED,0.5948265158773688,cache e6f9bd7194f83e7d
rain (mm),outer_train,acf_selected,acf_lag_144,MEASURED_REUSED,-0.0022139389613749553,cache e6f9bd7194f83e7d
rain (mm),outer_train,acf_selected,acf_lag_288,MEASURED_REUSED,-0.0013849290991960759,cache e6f9bd7194f83e7d
rain (mm),outer_train,acf_selected,acf_lag_1008,MEASURED_REUSED,0.003823790197947865,cache e6f9bd7194f83e7d
rain (mm),outer_train,seasonality,seasonal_acf_daily_144,MEASURED_REUSED,-0.0022139389613749553,cache c6cf9e28e12babcf
rain (mm),outer_train,seasonality,seasonal_diff_var_ratio_daily_144,MEASURED_REUSED,2.012214927130735,cache c6cf9e28e12babcf
rain (mm),outer_train,seasonality,seasonal_acf_weekly_1008,MEASURED_REUSED,0.003823790197947865,cache c6cf9e28e12babcf
rain (mm),outer_train,seasonality,seasonal_diff_var_ratio_weekly_1008,MEASURED_REUSED,2.041240069770919,cache c6cf9e28e12babcf
rain (mm),outer_train,cost,seconds_quality,MEASURED_REUSED,0.0007329943333333292,process CPU seconds of the batch divided by its features
rain (mm),outer_train,cost,seconds_distribution,MEASURED_REUSED,0.002510697809523806,process CPU seconds of the batch divided by its features
rain (mm),outer_train,cost,seconds_volatility,MEASURED_REUSED,0.0005089175238095278,process CPU seconds of the batch divided by its features
rain (mm),outer_train,cost,seconds_acf_selected,MEASURED_REUSED,0.00027116947619048356,process CPU seconds of the batch divided by its features
rain (mm),outer_train,cost,seconds_seasonality,MEASURED_REUSED,0.00044901695238094445,process CPU seconds of the batch divided by its features
rain (mm),outer_train,stationarity,adf_c_aic_pvalue,MEASURED_REUSED,0.0,v2 full-TRAIN profile 47e8bed8e2219d78 (OK)
rain (mm),outer_train,stationarity,kpss_c_auto_pvalue,MEASURED_REUSED,0.1,v2 full-TRAIN profile 47e8bed8e2219d78 (OK_WITH_WARNING)
rain (mm),outer_train,spectral,peak1_period_rows,MEASURED_REUSED,309.97478991596637,v2 full-TRAIN profile 47e8bed8e2219d78 (OK)
rain (mm),outer_train,spectral,entropy_normalized,MEASURED_REUSED,0.9110510766016204,v2 full-TRAIN profile 47e8bed8e2219d78 (OK)
rain (mm),outer_train,stl,stl_seasonal_strength_primary,MEASURED_REUSED,0.3388866124901998,v2 full-TRAIN profile 47e8bed8e2219d78 (OK)
raining (s),outer_train,quality,missing_fraction,MEASURED_REUSED,0.0,cache b048ea71db6d1bb4
raining (s),outer_train,quality,nonfinite_count,MEASURED_REUSED,0,cache b048ea71db6d1bb4
raining (s),outer_train,quality,constant_flag,MEASURED_REUSED,False,cache b048ea71db6d1bb4
raining (s),outer_train,quality,unique_ratio,MEASURED_REUSED,0.0016536991351966818,cache b048ea71db6d1bb4
raining (s),outer_train,quality,sentinel_le_m9999_count,MEASURED_REUSED,0,cache b048ea71db6d1bb4
raining (s),outer_train,distribution,mean,MEASURED_REUSED,23.287065903977012,cache 31de52cc88f5780a
raining (s),outer_train,distribution,std,MEASURED_REUSED,105.34873308198159,cache 31de52cc88f5780a
raining (s),outer_train,distribution,median,MEASURED_REUSED,0.0,cache 31de52cc88f5780a
raining (s),outer_train,distribution,iqr,MEASURED_REUSED,0.0,cache 31de52cc88f5780a
raining (s),outer_train,distribution,mad,MEASURED_REUSED,0.0,cache 31de52cc88f5780a
raining (s),outer_train,distribution,skewness,MEASURED_REUSED,4.720426354730583,cache 31de52cc88f5780a
raining (s),outer_train,distribution,excess_kurtosis,MEASURED_REUSED,21.291455631461055,cache 31de52cc88f5780a
raining (s),outer_train,distribution,q01,MEASURED_REUSED,0.0,cache 31de52cc88f5780a
raining (s),outer_train,distribution,q99,MEASURED_REUSED,600.0,cache 31de52cc88f5780a
raining (s),outer_train,distribution,upper_tail_ratio,NOT_RUN,,ZERO_UPPER_QUARTILE_SPREAD
raining (s),outer_train,distribution,lower_tail_ratio,NOT_RUN,,ZERO_LOWER_QUARTILE_SPREAD
raining (s),outer_train,volatility,diff_std,MEASURED_REUSED,57.305688913365614,cache 477026872b705a5a
raining (s),outer_train,volatility,diff_std_over_std,MEASURED_REUSED,0.5439618231457113,cache 477026872b705a5a
raining (s),outer_train,volatility,rolling_std_cv,MEASURED_REUSED,1.3928295267926887,cache 477026872b705a5a
raining (s),outer_train,acf_selected,acf_lag_1,MEASURED_REUSED,0.8520554537368432,cache e6f9bd7194f83e7d
raining (s),outer_train,acf_selected,acf_lag_144,MEASURED_REUSED,0.03556052872372348,cache e6f9bd7194f83e7d
raining (s),outer_train,acf_selected,acf_lag_288,MEASURED_REUSED,-0.0120736446579176,cache e6f9bd7194f83e7d
raining (s),outer_train,acf_selected,acf_lag_1008,MEASURED_REUSED,0.05389918460992804,cache e6f9bd7194f83e7d
raining (s),outer_train,seasonality,seasonal_acf_daily_144,MEASURED_REUSED,0.03556052872372348,cache c6cf9e28e12babcf
raining (s),outer_train,seasonality,seasonal_diff_var_ratio_daily_144,MEASURED_REUSED,1.936055437147112,cache c6cf9e28e12babcf
raining (s),outer_train,seasonality,seasonal_acf_weekly_1008,MEASURED_REUSED,0.05389918460992804,cache c6cf9e28e12babcf
raining (s),outer_train,seasonality,seasonal_diff_var_ratio_weekly_1008,MEASURED_REUSED,1.9238712889888536,cache c6cf9e28e12babcf
raining (s),outer_train,cost,seconds_quality,MEASURED_REUSED,0.0007329943333333292,process CPU seconds of the batch divided by its features
raining (s),outer_train,cost,seconds_distribution,MEASURED_REUSED,0.002510697809523806,process CPU seconds of the batch divided by its features
raining (s),outer_train,cost,seconds_volatility,MEASURED_REUSED,0.0005089175238095278,process CPU seconds of the batch divided by its features
raining (s),outer_train,cost,seconds_acf_selected,MEASURED_REUSED,0.00027116947619048356,process CPU seconds of the batch divided by its features
raining (s),outer_train,cost,seconds_seasonality,MEASURED_REUSED,0.00044901695238094445,process CPU seconds of the batch divided by its features
raining (s),outer_train,stationarity,adf_c_aic_pvalue,MEASURED_REUSED,0.0,v2 full-TRAIN profile 47e8bed8e2219d78 (OK)
raining (s),outer_train,stationarity,kpss_c_auto_pvalue,MEASURED_REUSED,0.1,v2 full-TRAIN profile 47e8bed8e2219d78 (OK_WITH_WARNING)
raining (s),outer_train,spectral,peak1_period_rows,MEASURED_REUSED,1756.5238095238094,v2 full-TRAIN profile 47e8bed8e2219d78 (OK)
raining (s),outer_train,spectral,entropy_normalized,MEASURED_REUSED,0.790467258477273,v2 full-TRAIN profile 47e8bed8e2219d78 (OK)
raining (s),outer_train,stl,stl_seasonal_strength_primary,MEASURED_REUSED,0.3524006868648366,v2 full-TRAIN profile 47e8bed8e2219d78 (OK)
SWDR (W/m�),outer_train,quality,missing_fraction,MEASURED_REUSED,0.0,cache b048ea71db6d1bb4
SWDR (W/m�),outer_train,quality,nonfinite_count,MEASURED_REUSED,0,cache b048ea71db6d1bb4
SWDR (W/m�),outer_train,quality,constant_flag,MEASURED_REUSED,False,cache b048ea71db6d1bb4
SWDR (W/m�),outer_train,quality,unique_ratio,MEASURED_REUSED,0.33280017350286006,cache b048ea71db6d1bb4
SWDR (W/m�),outer_train,quality,sentinel_le_m9999_count,MEASURED_REUSED,0,cache b048ea71db6d1bb4
SWDR (W/m�),outer_train,distribution,mean,MEASURED_REUSED,160.64175752975302,cache 31de52cc88f5780a
SWDR (W/m�),outer_train,distribution,std,MEASURED_REUSED,238.78102918707975,cache 31de52cc88f5780a
SWDR (W/m�),outer_train,distribution,median,MEASURED_REUSED,18.06,cache 31de52cc88f5780a
SWDR (W/m�),outer_train,distribution,iqr,MEASURED_REUSED,253.5,cache 31de52cc88f5780a
SWDR (W/m�),outer_train,distribution,mad,MEASURED_REUSED,18.06,cache 31de52cc88f5780a
SWDR (W/m�),outer_train,distribution,skewness,MEASURED_REUSED,1.5139199820805649,cache 31de52cc88f5780a
SWDR (W/m�),outer_train,distribution,excess_kurtosis,MEASURED_REUSED,1.2103465080544957,cache 31de52cc88f5780a
SWDR (W/m�),outer_train,distribution,q01,MEASURED_REUSED,0.0,cache 31de52cc88f5780a
SWDR (W/m�),outer_train,distribution,q99,MEASURED_REUSED,870.2893999999999,cache 31de52cc88f5780a
SWDR (W/m�),outer_train,distribution,upper_tail_ratio,MEASURED_REUSED,3.7875301563030916,cache 31de52cc88f5780a
SWDR (W/m�),outer_train,distribution,lower_tail_ratio,MEASURED_REUSED,1.0,cache 31de52cc88f5780a
SWDR (W/m�),outer_train,volatility,diff_std,MEASURED_REUSED,68.057474430345,cache 477026872b705a5a
SWDR (W/m�),outer_train,volatility,diff_std_over_std,MEASURED_REUSED,0.2850204417915606,cache 477026872b705a5a
SWDR (W/m�),outer_train,volatility,rolling_std_cv,MEASURED_REUSED,0.49040635949056416,cache 477026872b705a5a
SWDR (W/m�),outer_train,acf_selected,acf_lag_1,MEASURED_REUSED,0.9593705047514611,cache e6f9bd7194f83e7d
SWDR (W/m�),outer_train,acf_selected,acf_lag_144,MEASURED_REUSED,0.786368191450509,cache e6f9bd7194f83e7d
SWDR (W/m�),outer_train,acf_selected,acf_lag_288,MEASURED_REUSED,0.7422903838045254,cache e6f9bd7194f83e7d
SWDR (W/m�),outer_train,acf_selected,acf_lag_1008,MEASURED_REUSED,0.7228770855993872,cache e6f9bd7194f83e7d
SWDR (W/m�),outer_train,seasonality,seasonal_acf_daily_144,MEASURED_REUSED,0.786368191450509,cache c6cf9e28e12babcf
SWDR (W/m�),outer_train,seasonality,seasonal_diff_var_ratio_daily_144,MEASURED_REUSED,0.4243713218747384,cache c6cf9e28e12babcf
SWDR (W/m�),outer_train,seasonality,seasonal_acf_weekly_1008,MEASURED_REUSED,0.7228770855993872,cache c6cf9e28e12babcf
SWDR (W/m�),outer_train,seasonality,seasonal_diff_var_ratio_weekly_1008,MEASURED_REUSED,0.5266120977695334,cache c6cf9e28e12babcf
SWDR (W/m�),outer_train,cost,seconds_quality,MEASURED_REUSED,0.0007329943333333292,process CPU seconds of the batch divided by its features
SWDR (W/m�),outer_train,cost,seconds_distribution,MEASURED_REUSED,0.002510697809523806,process CPU seconds of the batch divided by its features
SWDR (W/m�),outer_train,cost,seconds_volatility,MEASURED_REUSED,0.0005089175238095278,process CPU seconds of the batch divided by its features
SWDR (W/m�),outer_train,cost,seconds_acf_selected,MEASURED_REUSED,0.00027116947619048356,process CPU seconds of the batch divided by its features
SWDR (W/m�),outer_train,cost,seconds_seasonality,MEASURED_REUSED,0.00044901695238094445,process CPU seconds of the batch divided by its features
SWDR (W/m�),outer_train,stationarity,adf_c_aic_pvalue,MEASURED_REUSED,0.0,v2 full-TRAIN profile 47e8bed8e2219d78 (OK)
SWDR (W/m�),outer_train,stationarity,kpss_c_auto_pvalue,MEASURED_REUSED,0.01,v2 full-TRAIN profile 47e8bed8e2219d78 (OK_WITH_WARNING)
SWDR (W/m�),outer_train,spectral,peak1_period_rows,MEASURED_REUSED,144.08984375,v2 full-TRAIN profile 47e8bed8e2219d78 (OK)
SWDR (W/m�),outer_train,spectral,entropy_normalized,MEASURED_REUSED,0.3664599627308768,v2 full-TRAIN profile 47e8bed8e2219d78 (OK)
SWDR (W/m�),outer_train,stl,stl_seasonal_strength_primary,MEASURED_REUSED,0.8736455250302632,v2 full-TRAIN profile 47e8bed8e2219d78 (OK)
PAR (�mol/m�/s),outer_train,quality,missing_fraction,MEASURED_REUSED,0.0,cache b048ea71db6d1bb4
PAR (�mol/m�/s),outer_train,quality,nonfinite_count,MEASURED_REUSED,0,cache b048ea71db6d1bb4
PAR (�mol/m�/s),outer_train,quality,constant_flag,MEASURED_REUSED,False,cache b048ea71db6d1bb4
PAR (�mol/m�/s),outer_train,quality,unique_ratio,MEASURED_REUSED,0.384688372597392,cache b048ea71db6d1bb4
PAR (�mol/m�/s),outer_train,quality,sentinel_le_m9999_count,MEASURED_REUSED,0,cache b048ea71db6d1bb4
PAR (�mol/m�/s),outer_train,distribution,mean,MEASURED_REUSED,318.0403689646759,cache 31de52cc88f5780a
PAR (�mol/m�/s),outer_train,distribution,std,MEASURED_REUSED,468.0618968270743,cache 31de52cc88f5780a
PAR (�mol/m�/s),outer_train,distribution,median,MEASURED_REUSED,42.71,cache 31de52cc88f5780a
PAR (�mol/m�/s),outer_train,distribution,iqr,MEASURED_REUSED,501.16,cache 31de52cc88f5780a
PAR (�mol/m�/s),outer_train,distribution,mad,MEASURED_REUSED,42.71,cache 31de52cc88f5780a
PAR (�mol/m�/s),outer_train,distribution,skewness,MEASURED_REUSED,1.5131300632823939,cache 31de52cc88f5780a
PAR (�mol/m�/s),outer_train,distribution,excess_kurtosis,MEASURED_REUSED,1.2456677602129602,cache 31de52cc88f5780a
PAR (�mol/m�/s),outer_train,distribution,q01,MEASURED_REUSED,0.0,cache 31de52cc88f5780a
PAR (�mol/m�/s),outer_train,distribution,q99,MEASURED_REUSED,1722.1395999999995,cache 31de52cc88f5780a
PAR (�mol/m�/s),outer_train,distribution,upper_tail_ratio,MEASURED_REUSED,3.8314319991274943,cache 31de52cc88f5780a
PAR (�mol/m�/s),outer_train,distribution,lower_tail_ratio,MEASURED_REUSED,1.0,cache 31de52cc88f5780a
PAR (�mol/m�/s),outer_train,volatility,diff_std,MEASURED_REUSED,129.9527126933863,cache 477026872b705a5a
PAR (�mol/m�/s),outer_train,volatility,diff_std_over_std,MEASURED_REUSED,0.2776400163617621,cache 477026872b705a5a
PAR (�mol/m�/s),outer_train,volatility,rolling_std_cv,MEASURED_REUSED,0.48480371777176134,cache 477026872b705a5a
PAR (�mol/m�/s),outer_train,acf_selected,acf_lag_1,MEASURED_REUSED,0.9614465386643286,cache e6f9bd7194f83e7d
PAR (�mol/m�/s),outer_train,acf_selected,acf_lag_144,MEASURED_REUSED,0.7977761800911912,cache e6f9bd7194f83e7d
PAR (�mol/m�/s),outer_train,acf_selected,acf_lag_288,MEASURED_REUSED,0.7565997440548704,cache e6f9bd7194f83e7d
PAR (�mol/m�/s),outer_train,acf_selected,acf_lag_1008,MEASURED_REUSED,0.7378601665377417,cache e6f9bd7194f83e7d
PAR (�mol/m�/s),outer_train,seasonality,seasonal_acf_daily_144,MEASURED_REUSED,0.7977761800911912,cache c6cf9e28e12babcf
PAR (�mol/m�/s),outer_train,seasonality,seasonal_diff_var_ratio_daily_144,MEASURED_REUSED,0.4016685261021734,cache c6cf9e28e12babcf
PAR (�mol/m�/s),outer_train,seasonality,seasonal_acf_weekly_1008,MEASURED_REUSED,0.7378601665377417,cache c6cf9e28e12babcf
PAR (�mol/m�/s),outer_train,seasonality,seasonal_diff_var_ratio_weekly_1008,MEASURED_REUSED,0.49634726630291104,cache c6cf9e28e12babcf
PAR (�mol/m�/s),outer_train,cost,seconds_quality,MEASURED_REUSED,0.0007329943333333292,process CPU seconds of the batch divided by its features
PAR (�mol/m�/s),outer_train,cost,seconds_distribution,MEASURED_REUSED,0.002510697809523806,process CPU seconds of the batch divided by its features
PAR (�mol/m�/s),outer_train,cost,seconds_volatility,MEASURED_REUSED,0.0005089175238095278,process CPU seconds of the batch divided by its features
PAR (�mol/m�/s),outer_train,cost,seconds_acf_selected,MEASURED_REUSED,0.00027116947619048356,process CPU seconds of the batch divided by its features
PAR (�mol/m�/s),outer_train,cost,seconds_seasonality,MEASURED_REUSED,0.00044901695238094445,process CPU seconds of the batch divided by its features
PAR (�mol/m�/s),outer_train,stationarity,adf_c_aic_pvalue,MEASURED_REUSED,0.0,v2 full-TRAIN profile 47e8bed8e2219d78 (OK)
PAR (�mol/m�/s),outer_train,stationarity,kpss_c_auto_pvalue,MEASURED_REUSED,0.01,v2 full-TRAIN profile 47e8bed8e2219d78 (OK_WITH_WARNING)
PAR (�mol/m�/s),outer_train,spectral,peak1_period_rows,MEASURED_REUSED,144.08984375,v2 full-TRAIN profile 47e8bed8e2219d78 (OK)
PAR (�mol/m�/s),outer_train,spectral,entropy_normalized,MEASURED_REUSED,0.3558985146969724,v2 full-TRAIN profile 47e8bed8e2219d78 (OK)
PAR (�mol/m�/s),outer_train,stl,stl_seasonal_strength_primary,MEASURED_REUSED,0.8803064287189764,v2 full-TRAIN profile 47e8bed8e2219d78 (OK)
max. PAR (�mol/m�/s),outer_train,quality,missing_fraction,MEASURED_REUSED,0.0,cache b048ea71db6d1bb4
max. PAR (�mol/m�/s),outer_train,quality,nonfinite_count,MEASURED_REUSED,0,cache b048ea71db6d1bb4
max. PAR (�mol/m�/s),outer_train,quality,constant_flag,MEASURED_REUSED,False,cache b048ea71db6d1bb4
max. PAR (�mol/m�/s),outer_train,quality,unique_ratio,MEASURED_REUSED,0.36356982134627375,cache b048ea71db6d1bb4
max. PAR (�mol/m�/s),outer_train,quality,sentinel_le_m9999_count,MEASURED_REUSED,30,cache b048ea71db6d1bb4
max. PAR (�mol/m�/s),outer_train,distribution,mean,MEASURED_REUSED,378.48158700897335,cache 31de52cc88f5780a
max. PAR (�mol/m�/s),outer_train,distribution,std,MEASURED_REUSED,643.3614129735823,cache 31de52cc88f5780a
max. PAR (�mol/m�/s),outer_train,distribution,median,MEASURED_REUSED,49.23,cache 31de52cc88f5780a
max. PAR (�mol/m�/s),outer_train,distribution,iqr,MEASURED_REUSED,596.235,cache 31de52cc88f5780a
max. PAR (�mol/m�/s),outer_train,distribution,mad,MEASURED_REUSED,49.23,cache 31de52cc88f5780a
max. PAR (�mol/m�/s),outer_train,distribution,skewness,MEASURED_REUSED,-2.332825208003468,cache 31de52cc88f5780a
max. PAR (�mol/m�/s),outer_train,distribution,excess_kurtosis,MEASURED_REUSED,54.715558980830906,cache 31de52cc88f5780a
max. PAR (�mol/m�/s),outer_train,distribution,q01,MEASURED_REUSED,0.0,cache 31de52cc88f5780a
max. PAR (�mol/m�/s),outer_train,distribution,q99,MEASURED_REUSED,2104.327,cache 31de52cc88f5780a
max. PAR (�mol/m�/s),outer_train,distribution,upper_tail_ratio,MEASURED_REUSED,3.958007696456157,cache 31de52cc88f5780a
max. PAR (�mol/m�/s),outer_train,distribution,lower_tail_ratio,MEASURED_REUSED,1.0,cache 31de52cc88f5780a
max. PAR (�mol/m�/s),outer_train,volatility,diff_std,MEASURED_REUSED,408.57908766519955,cache 477026872b705a5a
max. PAR (�mol/m�/s),outer_train,volatility,diff_std_over_std,MEASURED_REUSED,0.6350693085194039,cache 477026872b705a5a
max. PAR (�mol/m�/s),outer_train,volatility,rolling_std_cv,MEASURED_REUSED,0.6155831143445541,cache 477026872b705a5a
max. PAR (�mol/m�/s),outer_train,acf_selected,acf_lag_1,MEASURED_REUSED,0.7983395712225808,cache e6f9bd7194f83e7d
max. PAR (�mol/m�/s),outer_train,acf_selected,acf_lag_144,MEASURED_REUSED,0.5948993717872046,cache e6f9bd7194f83e7d
max. PAR (�mol/m�/s),outer_train,acf_selected,acf_lag_288,MEASURED_REUSED,0.5620169577204932,cache e6f9bd7194f83e7d
max. PAR (�mol/m�/s),outer_train,acf_selected,acf_lag_1008,MEASURED_REUSED,0.5558853684416261,cache e6f9bd7194f83e7d
max. PAR (�mol/m�/s),outer_train,seasonality,seasonal_acf_daily_144,MEASURED_REUSED,0.5948993717872046,cache c6cf9e28e12babcf
max. PAR (�mol/m�/s),outer_train,seasonality,seasonal_diff_var_ratio_daily_144,MEASURED_REUSED,0.8103757567248399,cache c6cf9e28e12babcf
max. PAR (�mol/m�/s),outer_train,seasonality,seasonal_acf_weekly_1008,MEASURED_REUSED,0.5558853684416261,cache c6cf9e28e12babcf
max. PAR (�mol/m�/s),outer_train,seasonality,seasonal_diff_var_ratio_weekly_1008,MEASURED_REUSED,0.8842655998335248,cache c6cf9e28e12babcf
max. PAR (�mol/m�/s),outer_train,cost,seconds_quality,MEASURED_REUSED,0.0007329943333333292,process CPU seconds of the batch divided by its features
max. PAR (�mol/m�/s),outer_train,cost,seconds_distribution,MEASURED_REUSED,0.002510697809523806,process CPU seconds of the batch divided by its features
max. PAR (�mol/m�/s),outer_train,cost,seconds_volatility,MEASURED_REUSED,0.0005089175238095278,process CPU seconds of the batch divided by its features
max. PAR (�mol/m�/s),outer_train,cost,seconds_acf_selected,MEASURED_REUSED,0.00027116947619048356,process CPU seconds of the batch divided by its features
max. PAR (�mol/m�/s),outer_train,cost,seconds_seasonality,MEASURED_REUSED,0.00044901695238094445,process CPU seconds of the batch divided by its features
max. PAR (�mol/m�/s),outer_train,stationarity,adf_c_aic_pvalue,MEASURED_REUSED,0.0,v2 full-TRAIN profile 47e8bed8e2219d78 (OK)
max. PAR (�mol/m�/s),outer_train,stationarity,kpss_c_auto_pvalue,MEASURED_REUSED,0.01,v2 full-TRAIN profile 47e8bed8e2219d78 (OK_WITH_WARNING)
max. PAR (�mol/m�/s),outer_train,spectral,peak1_period_rows,MEASURED_REUSED,144.08984375,v2 full-TRAIN profile 47e8bed8e2219d78 (OK)
max. PAR (�mol/m�/s),outer_train,spectral,entropy_normalized,MEASURED_REUSED,0.5530861459506384,v2 full-TRAIN profile 47e8bed8e2219d78 (OK)
max. PAR (�mol/m�/s),outer_train,stl,stl_seasonal_strength_primary,MEASURED_REUSED,0.7275283830741948,v2 full-TRAIN profile 47e8bed8e2219d78 (OK)
Tlog (degC),outer_train,quality,missing_fraction,MEASURED_REUSED,0.0,cache b048ea71db6d1bb4
Tlog (degC),outer_train,quality,nonfinite_count,MEASURED_REUSED,0,cache b048ea71db6d1bb4
Tlog (degC),outer_train,quality,constant_flag,MEASURED_REUSED,False,cache b048ea71db6d1bb4
Tlog (degC),outer_train,quality,unique_ratio,MEASURED_REUSED,0.09916772846802396,cache b048ea71db6d1bb4
Tlog (degC),outer_train,quality,sentinel_le_m9999_count,MEASURED_REUSED,0,cache b048ea71db6d1bb4
Tlog (degC),outer_train,distribution,mean,MEASURED_REUSED,22.811720389297044,cache 31de52cc88f5780a
Tlog (degC),outer_train,distribution,std,MEASURED_REUSED,7.978102337788016,cache 31de52cc88f5780a
Tlog (degC),outer_train,distribution,median,MEASURED_REUSED,22.19,cache 31de52cc88f5780a
Tlog (degC),outer_train,distribution,iqr,MEASURED_REUSED,12.48,cache 31de52cc88f5780a
Tlog (degC),outer_train,distribution,mad,MEASURED_REUSED,6.220000000000001,cache 31de52cc88f5780a
Tlog (degC),outer_train,distribution,skewness,MEASURED_REUSED,0.3182568254254622,cache 31de52cc88f5780a
Tlog (degC),outer_train,distribution,excess_kurtosis,MEASURED_REUSED,-0.6215369877185428,cache 31de52cc88f5780a
Tlog (degC),outer_train,distribution,q01,MEASURED_REUSED,8.21,cache 31de52cc88f5780a
Tlog (degC),outer_train,distribution,q99,MEASURED_REUSED,41.69,cache 31de52cc88f5780a
Tlog (degC),outer_train,distribution,upper_tail_ratio,MEASURED_REUSED,3.277884322678842,cache 31de52cc88f5780a
Tlog (degC),outer_train,distribution,lower_tail_ratio,MEASURED_REUSED,2.4619289340101522,cache 31de52cc88f5780a
Tlog (degC),outer_train,volatility,diff_std,MEASURED_REUSED,0.22479290120517084,cache 477026872b705a5a
Tlog (degC),outer_train,volatility,diff_std_over_std,MEASURED_REUSED,0.02817623686530652,cache 477026872b705a5a
Tlog (degC),outer_train,volatility,rolling_std_cv,MEASURED_REUSED,0.4958079956428573,cache 477026872b705a5a
Tlog (degC),outer_train,acf_selected,acf_lag_1,MEASURED_REUSED,0.9995753239430366,cache e6f9bd7194f83e7d
Tlog (degC),outer_train,acf_selected,acf_lag_144,MEASURED_REUSED,0.8813474684581413,cache e6f9bd7194f83e7d
Tlog (degC),outer_train,acf_selected,acf_lag_288,MEASURED_REUSED,0.8213352673152777,cache e6f9bd7194f83e7d
Tlog (degC),outer_train,acf_selected,acf_lag_1008,MEASURED_REUSED,0.7652710263807422,cache e6f9bd7194f83e7d
Tlog (degC),outer_train,seasonality,seasonal_acf_daily_144,MEASURED_REUSED,0.8813474684581413,cache c6cf9e28e12babcf
Tlog (degC),outer_train,seasonality,seasonal_diff_var_ratio_daily_144,MEASURED_REUSED,0.22604904250357188,cache c6cf9e28e12babcf
Tlog (degC),outer_train,seasonality,seasonal_acf_weekly_1008,MEASURED_REUSED,0.7652710263807422,cache c6cf9e28e12babcf
Tlog (degC),outer_train,seasonality,seasonal_diff_var_ratio_weekly_1008,MEASURED_REUSED,0.4114710113952871,cache c6cf9e28e12babcf
Tlog (degC),outer_train,cost,seconds_quality,MEASURED_REUSED,0.0007329943333333292,process CPU seconds of the batch divided by its features
Tlog (degC),outer_train,cost,seconds_distribution,MEASURED_REUSED,0.002510697809523806,process CPU seconds of the batch divided by its features
Tlog (degC),outer_train,cost,seconds_volatility,MEASURED_REUSED,0.0005089175238095278,process CPU seconds of the batch divided by its features
Tlog (degC),outer_train,cost,seconds_acf_selected,MEASURED_REUSED,0.00027116947619048356,process CPU seconds of the batch divided by its features
Tlog (degC),outer_train,cost,seconds_seasonality,MEASURED_REUSED,0.00044901695238094445,process CPU seconds of the batch divided by its features
Tlog (degC),outer_train,stationarity,adf_c_aic_pvalue,MEASURED_REUSED,2.097812987631379e-14,v2 full-TRAIN profile 47e8bed8e2219d78 (OK)
Tlog (degC),outer_train,stationarity,kpss_c_auto_pvalue,MEASURED_REUSED,0.01,v2 full-TRAIN profile 47e8bed8e2219d78 (OK_WITH_WARNING)
Tlog (degC),outer_train,spectral,peak1_period_rows,MEASURED_REUSED,144.08984375,v2 full-TRAIN profile 47e8bed8e2219d78 (OK)
Tlog (degC),outer_train,spectral,entropy_normalized,MEASURED_REUSED,0.40896066960154,v2 full-TRAIN profile 47e8bed8e2219d78 (OK)
Tlog (degC),outer_train,stl,stl_seasonal_strength_primary,MEASURED_REUSED,0.8818588633498091,v2 full-TRAIN profile 47e8bed8e2219d78 (OK)
OT,outer_train,quality,missing_fraction,MEASURED_REUSED,0.0,cache b048ea71db6d1bb4
OT,outer_train,quality,nonfinite_count,MEASURED_REUSED,0,cache b048ea71db6d1bb4
OT,outer_train,quality,constant_flag,MEASURED_REUSED,False,cache b048ea71db6d1bb4
OT,outer_train,quality,unique_ratio,MEASURED_REUSED,0.028844850489332285,cache b048ea71db6d1bb4
OT,outer_train,quality,sentinel_le_m9999_count,MEASURED_REUSED,50,cache b048ea71db6d1bb4
OT,outer_train,distribution,mean,MEASURED_REUSED,411.0543416379754,cache 31de52cc88f5780a
OT,outer_train,distribution,std,MEASURED_REUSED,383.96230257597057,cache 31de52cc88f5780a
OT,outer_train,distribution,median,MEASURED_REUSED,421.2,cache 31de52cc88f5780a
OT,outer_train,distribution,iqr,MEASURED_REUSED,19.700000000000045,cache 31de52cc88f5780a
OT,outer_train,distribution,mad,MEASURED_REUSED,9.5,cache 31de52cc88f5780a
OT,outer_train,distribution,skewness,MEASURED_REUSED,-27.015835558549274,cache 31de52cc88f5780a
OT,outer_train,distribution,excess_kurtosis,MEASURED_REUSED,729.5488908285377,cache 31de52cc88f5780a
OT,outer_train,distribution,q01,MEASURED_REUSED,399.3,cache 31de52cc88f5780a
OT,outer_train,distribution,q99,MEASURED_REUSED,480.91399999999993,cache 31de52cc88f5780a
OT,outer_train,distribution,upper_tail_ratio,MEASURED_REUSED,5.969912280701733,cache 31de52cc88f5780a
OT,outer_train,distribution,lower_tail_ratio,MEASURED_REUSED,2.7349397590361395,cache 31de52cc88f5780a
OT,outer_train,volatility,diff_std,MEASURED_REUSED,108.18544140002263,cache 477026872b705a5a
OT,outer_train,volatility,diff_std_over_std,MEASURED_REUSED,0.2817605808544632,cache 477026872b705a5a
OT,outer_train,volatility,rolling_std_cv,MEASURED_REUSED,7.882691244459573,cache 477026872b705a5a
OT,outer_train,acf_selected,acf_lag_1,MEASURED_REUSED,0.9603063850613567,cache e6f9bd7194f83e7d
OT,outer_train,acf_selected,acf_lag_144,MEASURED_REUSED,0.0022051271015343177,cache e6f9bd7194f83e7d
OT,outer_train,acf_selected,acf_lag_288,MEASURED_REUSED,0.0020025816072013537,cache e6f9bd7194f83e7d
OT,outer_train,acf_selected,acf_lag_1008,MEASURED_REUSED,0.0011049441139525413,cache e6f9bd7194f83e7d
OT,outer_train,seasonality,seasonal_acf_daily_144,MEASURED_REUSED,0.0022051271015343177,cache c6cf9e28e12babcf
OT,outer_train,seasonality,seasonal_diff_var_ratio_daily_144,MEASURED_REUSED,2.0033677845383893,cache c6cf9e28e12babcf
OT,outer_train,seasonality,seasonal_acf_weekly_1008,MEASURED_REUSED,0.0011049441139525413,cache c6cf9e28e12babcf
OT,outer_train,seasonality,seasonal_diff_var_ratio_weekly_1008,MEASURED_REUSED,2.05364618716384,cache c6cf9e28e12babcf
OT,outer_train,cost,seconds_quality,MEASURED_REUSED,0.0007329943333333292,process CPU seconds of the batch divided by its features
OT,outer_train,cost,seconds_distribution,MEASURED_REUSED,0.002510697809523806,process CPU seconds of the batch divided by its features
OT,outer_train,cost,seconds_volatility,MEASURED_REUSED,0.0005089175238095278,process CPU seconds of the batch divided by its features
OT,outer_train,cost,seconds_acf_selected,MEASURED_REUSED,0.00027116947619048356,process CPU seconds of the batch divided by its features
OT,outer_train,cost,seconds_seasonality,MEASURED_REUSED,0.00044901695238094445,process CPU seconds of the batch divided by its features
OT,outer_train,stationarity,adf_c_aic_pvalue,MEASURED_REUSED,0.0,v2 full-TRAIN profile 47e8bed8e2219d78 (OK)
OT,outer_train,stationarity,kpss_c_auto_pvalue,MEASURED_REUSED,0.1,v2 full-TRAIN profile 47e8bed8e2219d78 (OK_WITH_WARNING)
OT,outer_train,spectral,peak1_period_rows,MEASURED_REUSED,144.08984375,v2 full-TRAIN profile 47e8bed8e2219d78 (OK)
OT,outer_train,spectral,entropy_normalized,MEASURED_REUSED,0.735996584526953,v2 full-TRAIN profile 47e8bed8e2219d78 (OK)
OT,outer_train,stl,stl_seasonal_strength_primary,MEASURED_REUSED,0.3577517261455704,v2 full-TRAIN profile 47e8bed8e2219d78 (OK)
p (mbar),inner_1,quality,missing_fraction,MEASURED_REUSED,0.0,cache 16bb3e7275cee1ee
p (mbar),inner_1,quality,nonfinite_count,MEASURED_REUSED,0,cache 16bb3e7275cee1ee
p (mbar),inner_1,quality,constant_flag,MEASURED_REUSED,False,cache 16bb3e7275cee1ee
p (mbar),inner_1,quality,unique_ratio,MEASURED_REUSED,0.22709531635168448,cache 16bb3e7275cee1ee
p (mbar),inner_1,quality,sentinel_le_m9999_count,MEASURED_REUSED,0,cache 16bb3e7275cee1ee
p (mbar),inner_1,distribution,mean,MEASURED_REUSED,991.1164081758423,cache 57b015b6d8ab5390
p (mbar),inner_1,distribution,std,MEASURED_REUSED,10.284433261489486,cache 57b015b6d8ab5390
p (mbar),inner_1,distribution,median,MEASURED_REUSED,992.1,cache 57b015b6d8ab5390
p (mbar),inner_1,distribution,iqr,MEASURED_REUSED,13.5,cache 57b015b6d8ab5390
p (mbar),inner_1,distribution,mad,MEASURED_REUSED,6.610000000000014,cache 57b015b6d8ab5390
p (mbar),inner_1,distribution,skewness,MEASURED_REUSED,-0.250808915158925,cache 57b015b6d8ab5390
p (mbar),inner_1,distribution,excess_kurtosis,MEASURED_REUSED,-0.02533416718243453,cache 57b015b6d8ab5390
p (mbar),inner_1,distribution,q01,MEASURED_REUSED,966.01,cache 57b015b6d8ab5390
p (mbar),inner_1,distribution,q99,MEASURED_REUSED,1015.6058,cache 57b015b6d8ab5390
p (mbar),inner_1,distribution,upper_tail_ratio,MEASURED_REUSED,4.576202090592319,cache 57b015b6d8ab5390
p (mbar),inner_1,distribution,lower_tail_ratio,MEASURED_REUSED,3.486655927835061,cache 57b015b6d8ab5390
p (mbar),inner_1,volatility,diff_std,MEASURED_REUSED,0.11844727030522942,cache 45f08a08bf5e1786
p (mbar),inner_1,volatility,diff_std_over_std,MEASURED_REUSED,0.011517141226319241,cache 45f08a08bf5e1786
p (mbar),inner_1,volatility,rolling_std_cv,MEASURED_REUSED,0.6246278883155042,cache 45f08a08bf5e1786
p (mbar),inner_1,acf_selected,acf_lag_1,MEASURED_REUSED,0.999856979338902,cache 7ddc2536fcf1463e
p (mbar),inner_1,acf_selected,acf_lag_144,MEASURED_REUSED,0.7195218637312241,cache 7ddc2536fcf1463e
p (mbar),inner_1,acf_selected,acf_lag_288,MEASURED_REUSED,0.5022576608360791,cache 7ddc2536fcf1463e
p (mbar),inner_1,acf_selected,acf_lag_1008,MEASURED_REUSED,0.15063892404241275,cache 7ddc2536fcf1463e
p (mbar),inner_1,seasonality,seasonal_acf_daily_144,MEASURED_REUSED,0.7195218637312241,cache af515319f6dd4a91
p (mbar),inner_1,seasonality,seasonal_diff_var_ratio_daily_144,MEASURED_REUSED,0.5471892933111439,cache af515319f6dd4a91
p (mbar),inner_1,seasonality,seasonal_acf_weekly_1008,MEASURED_REUSED,0.15063892404241275,cache af515319f6dd4a91
p (mbar),inner_1,seasonality,seasonal_diff_var_ratio_weekly_1008,MEASURED_REUSED,1.6993194040410218,cache af515319f6dd4a91
p (mbar),inner_1,cost,seconds_quality,MEASURED_REUSED,0.0003913326190476262,process CPU seconds of the batch divided by its features
p (mbar),inner_1,cost,seconds_distribution,MEASURED_REUSED,0.0017938383333333317,process CPU seconds of the batch divided by its features
p (mbar),inner_1,cost,seconds_volatility,MEASURED_REUSED,0.0002967885714285687,process CPU seconds of the batch divided by its features
p (mbar),inner_1,cost,seconds_acf_selected,MEASURED_REUSED,0.00014982047619046694,process CPU seconds of the batch divided by its features
p (mbar),inner_1,cost,seconds_seasonality,MEASURED_REUSED,0.00029822766666666645,process CPU seconds of the batch divided by its features
p (mbar),inner_1,stationarity,adf_c_aic_pvalue,NOT_RUN,,DEFERRED_TO_PS4
p (mbar),inner_1,stationarity,kpss_c_auto_pvalue,NOT_RUN,,DEFERRED_TO_PS4
p (mbar),inner_1,spectral,peak1_period_rows,NOT_RUN,,DEFERRED_TO_PS4
p (mbar),inner_1,spectral,entropy_normalized,NOT_RUN,,DEFERRED_TO_PS4
p (mbar),inner_1,stl,stl_seasonal_strength_primary,NOT_RUN,,DEFERRED_TO_PS4
T (degC),inner_1,quality,missing_fraction,MEASURED_REUSED,0.0,cache 16bb3e7275cee1ee
T (degC),inner_1,quality,nonfinite_count,MEASURED_REUSED,0,cache 16bb3e7275cee1ee
T (degC),inner_1,quality,constant_flag,MEASURED_REUSED,False,cache 16bb3e7275cee1ee
T (degC),inner_1,quality,unique_ratio,MEASURED_REUSED,0.135784716516023,cache 16bb3e7275cee1ee
T (degC),inner_1,quality,sentinel_le_m9999_count,MEASURED_REUSED,0,cache 16bb3e7275cee1ee
T (degC),inner_1,distribution,mean,MEASURED_REUSED,6.600892563681184,cache 57b015b6d8ab5390
T (degC),inner_1,distribution,std,MEASURED_REUSED,5.298081353742967,cache 57b015b6d8ab5390
T (degC),inner_1,distribution,median,MEASURED_REUSED,5.79,cache 57b015b6d8ab5390
T (degC),inner_1,distribution,iqr,MEASURED_REUSED,6.699999999999999,cache 57b015b6d8ab5390
T (degC),inner_1,distribution,mad,MEASURED_REUSED,3.22,cache 57b015b6d8ab5390
T (degC),inner_1,distribution,skewness,MEASURED_REUSED,0.47639457962811266,cache 57b015b6d8ab5390
T (degC),inner_1,distribution,excess_kurtosis,MEASURED_REUSED,0.18762569996166256,cache 57b015b6d8ab5390
T (degC),inner_1,distribution,q01,MEASURED_REUSED,-4.7587,cache 57b015b6d8ab5390
T (degC),inner_1,distribution,q99,MEASURED_REUSED,20.772900000000007,cache 57b015b6d8ab5390
T (degC),inner_1,distribution,upper_tail_ratio,MEASURED_REUSED,3.918909774436093,cache 57b015b6d8ab5390
T (degC),inner_1,distribution,lower_tail_ratio,MEASURED_REUSED,4.062730627306273,cache 57b015b6d8ab5390
T (degC),inner_1,volatility,diff_std,MEASURED_REUSED,0.2477742352074548,cache 45f08a08bf5e1786
T (degC),inner_1,volatility,diff_std_over_std,MEASURED_REUSED,0.04676678568410586,cache 45f08a08bf5e1786
T (degC),inner_1,volatility,rolling_std_cv,MEASURED_REUSED,0.5770820191993471,cache 45f08a08bf5e1786
T (degC),inner_1,acf_selected,acf_lag_1,MEASURED_REUSED,0.9988671495813445,cache 7ddc2536fcf1463e
T (degC),inner_1,acf_selected,acf_lag_144,MEASURED_REUSED,0.7315092747034261,cache 7ddc2536fcf1463e
T (degC),inner_1,acf_selected,acf_lag_288,MEASURED_REUSED,0.5518568086403757,cache 7ddc2536fcf1463e
T (degC),inner_1,acf_selected,acf_lag_1008,MEASURED_REUSED,0.4135293938537275,cache 7ddc2536fcf1463e
T (degC),inner_1,seasonality,seasonal_acf_daily_144,MEASURED_REUSED,0.7315092747034261,cache af515319f6dd4a91
T (degC),inner_1,seasonality,seasonal_diff_var_ratio_daily_144,MEASURED_REUSED,0.5239540439084794,cache af515319f6dd4a91
T (degC),inner_1,seasonality,seasonal_acf_weekly_1008,MEASURED_REUSED,0.4135293938537275,cache af515319f6dd4a91
T (degC),inner_1,seasonality,seasonal_diff_var_ratio_weekly_1008,MEASURED_REUSED,1.0740144213847238,cache af515319f6dd4a91
T (degC),inner_1,cost,seconds_quality,MEASURED_REUSED,0.0003913326190476262,process CPU seconds of the batch divided by its features
T (degC),inner_1,cost,seconds_distribution,MEASURED_REUSED,0.0017938383333333317,process CPU seconds of the batch divided by its features
T (degC),inner_1,cost,seconds_volatility,MEASURED_REUSED,0.0002967885714285687,process CPU seconds of the batch divided by its features
T (degC),inner_1,cost,seconds_acf_selected,MEASURED_REUSED,0.00014982047619046694,process CPU seconds of the batch divided by its features
T (degC),inner_1,cost,seconds_seasonality,MEASURED_REUSED,0.00029822766666666645,process CPU seconds of the batch divided by its features
T (degC),inner_1,stationarity,adf_c_aic_pvalue,NOT_RUN,,DEFERRED_TO_PS4
T (degC),inner_1,stationarity,kpss_c_auto_pvalue,NOT_RUN,,DEFERRED_TO_PS4
T (degC),inner_1,spectral,peak1_period_rows,NOT_RUN,,DEFERRED_TO_PS4
T (degC),inner_1,spectral,entropy_normalized,NOT_RUN,,DEFERRED_TO_PS4
T (degC),inner_1,stl,stl_seasonal_strength_primary,NOT_RUN,,DEFERRED_TO_PS4
Tpot (K),inner_1,quality,missing_fraction,MEASURED_REUSED,0.0,cache 16bb3e7275cee1ee
Tpot (K),inner_1,quality,nonfinite_count,MEASURED_REUSED,0,cache 16bb3e7275cee1ee
Tpot (K),inner_1,quality,constant_flag,MEASURED_REUSED,False,cache 16bb3e7275cee1ee
Tpot (K),inner_1,quality,unique_ratio,MEASURED_REUSED,0.14230690221857026,cache 16bb3e7275cee1ee
Tpot (K),inner_1,quality,sentinel_le_m9999_count,MEASURED_REUSED,0,cache 16bb3e7275cee1ee
Tpot (K),inner_1,distribution,mean,MEASURED_REUSED,280.4852090180772,cache 57b015b6d8ab5390
Tpot (K),inner_1,distribution,std,MEASURED_REUSED,5.614479095133963,cache 57b015b6d8ab5390
Tpot (K),inner_1,distribution,median,MEASURED_REUSED,279.85,cache 57b015b6d8ab5390
Tpot (K),inner_1,distribution,iqr,MEASURED_REUSED,7.329999999999984,cache 57b015b6d8ab5390
Tpot (K),inner_1,distribution,mad,MEASURED_REUSED,3.609999999999957,cache 57b015b6d8ab5390
Tpot (K),inner_1,distribution,skewness,MEASURED_REUSED,0.3336033067848343,cache 57b015b6d8ab5390
Tpot (K),inner_1,distribution,excess_kurtosis,MEASURED_REUSED,0.05143284497034761,cache 57b015b6d8ab5390
Tpot (K),inner_1,distribution,q01,MEASURED_REUSED,268.22,cache 57b015b6d8ab5390
Tpot (K),inner_1,distribution,q99,MEASURED_REUSED,295.13,cache 57b015b6d8ab5390
Tpot (K),inner_1,distribution,upper_tail_ratio,MEASURED_REUSED,3.7896309523809486,cache 57b015b6d8ab5390
Tpot (K),inner_1,distribution,lower_tail_ratio,MEASURED_REUSED,3.928578274760387,cache 57b015b6d8ab5390
Tpot (K),inner_1,volatility,diff_std,MEASURED_REUSED,0.25031960158691796,cache 45f08a08bf5e1786
Tpot (K),inner_1,volatility,diff_std_over_std,MEASURED_REUSED,0.044584652885050105,cache 45f08a08bf5e1786
Tpot (K),inner_1,volatility,rolling_std_cv,MEASURED_REUSED,0.5735964372382847,cache 45f08a08bf5e1786
Tpot (K),inner_1,acf_selected,acf_lag_1,MEASURED_REUSED,0.9989557576266418,cache 7ddc2536fcf1463e
Tpot (K),inner_1,acf_selected,acf_lag_144,MEASURED_REUSED,0.7216677078657656,cache 7ddc2536fcf1463e
Tpot (K),inner_1,acf_selected,acf_lag_288,MEASURED_REUSED,0.5297587252893639,cache 7ddc2536fcf1463e
Tpot (K),inner_1,acf_selected,acf_lag_1008,MEASURED_REUSED,0.3892547288323538,cache 7ddc2536fcf1463e
Tpot (K),inner_1,seasonality,seasonal_acf_daily_144,MEASURED_REUSED,0.7216677078657656,cache af515319f6dd4a91
Tpot (K),inner_1,seasonality,seasonal_diff_var_ratio_daily_144,MEASURED_REUSED,0.5409887693993576,cache af515319f6dd4a91
Tpot (K),inner_1,seasonality,seasonal_acf_weekly_1008,MEASURED_REUSED,0.3892547288323538,cache af515319f6dd4a91
Tpot (K),inner_1,seasonality,seasonal_diff_var_ratio_weekly_1008,MEASURED_REUSED,1.1178766317672137,cache af515319f6dd4a91
Tpot (K),inner_1,cost,seconds_quality,MEASURED_REUSED,0.0003913326190476262,process CPU seconds of the batch divided by its features
Tpot (K),inner_1,cost,seconds_distribution,MEASURED_REUSED,0.0017938383333333317,process CPU seconds of the batch divided by its features
Tpot (K),inner_1,cost,seconds_volatility,MEASURED_REUSED,0.0002967885714285687,process CPU seconds of the batch divided by its features
Tpot (K),inner_1,cost,seconds_acf_selected,MEASURED_REUSED,0.00014982047619046694,process CPU seconds of the batch divided by its features
Tpot (K),inner_1,cost,seconds_seasonality,MEASURED_REUSED,0.00029822766666666645,process CPU seconds of the batch divided by its features
Tpot (K),inner_1,stationarity,adf_c_aic_pvalue,NOT_RUN,,DEFERRED_TO_PS4
Tpot (K),inner_1,stationarity,kpss_c_auto_pvalue,NOT_RUN,,DEFERRED_TO_PS4
Tpot (K),inner_1,spectral,peak1_period_rows,NOT_RUN,,DEFERRED_TO_PS4
Tpot (K),inner_1,spectral,entropy_normalized,NOT_RUN,,DEFERRED_TO_PS4
Tpot (K),inner_1,stl,stl_seasonal_strength_primary,NOT_RUN,,DEFERRED_TO_PS4
Tdew (degC),inner_1,quality,missing_fraction,MEASURED_REUSED,0.0,cache 16bb3e7275cee1ee
Tdew (degC),inner_1,quality,nonfinite_count,MEASURED_REUSED,0,cache 16bb3e7275cee1ee
Tdew (degC),inner_1,quality,constant_flag,MEASURED_REUSED,False,cache 16bb3e7275cee1ee
Tdew (degC),inner_1,quality,unique_ratio,MEASURED_REUSED,0.10861750205423172,cache 16bb3e7275cee1ee
Tdew (degC),inner_1,quality,sentinel_le_m9999_count,MEASURED_REUSED,0,cache 16bb3e7275cee1ee
Tdew (degC),inner_1,distribution,mean,MEASURED_REUSED,0.6728024856203778,cache 57b015b6d8ab5390
Tdew (degC),inner_1,distribution,std,MEASURED_REUSED,3.983862535141492,cache 57b015b6d8ab5390
Tdew (degC),inner_1,distribution,median,MEASURED_REUSED,0.61,cache 57b015b6d8ab5390
Tdew (degC),inner_1,distribution,iqr,MEASURED_REUSED,4.76,cache 57b015b6d8ab5390
Tdew (degC),inner_1,distribution,mad,MEASURED_REUSED,2.31,cache 57b015b6d8ab5390
Tdew (degC),inner_1,distribution,skewness,MEASURED_REUSED,-0.27145698582765526,cache 57b015b6d8ab5390
Tdew (degC),inner_1,distribution,excess_kurtosis,MEASURED_REUSED,0.7445549336584136,cache 57b015b6d8ab5390
Tdew (degC),inner_1,distribution,q01,MEASURED_REUSED,-10.1629,cache 57b015b6d8ab5390
Tdew (degC),inner_1,distribution,q99,MEASURED_REUSED,9.432900000000009,cache 57b015b6d8ab5390
Tdew (degC),inner_1,distribution,upper_tail_ratio,MEASURED_REUSED,3.9772846441947625,cache 57b015b6d8ab5390
Tdew (degC),inner_1,distribution,lower_tail_ratio,MEASURED_REUSED,5.471985645933014,cache 57b015b6d8ab5390
Tdew (degC),inner_1,volatility,diff_std,MEASURED_REUSED,0.19867781251314662,cache 45f08a08bf5e1786
Tdew (degC),inner_1,volatility,diff_std_over_std,MEASURED_REUSED,0.04987064959210254,cache 45f08a08bf5e1786
Tdew (degC),inner_1,volatility,rolling_std_cv,MEASURED_REUSED,0.5724813288045151,cache 45f08a08bf5e1786
Tdew (degC),inner_1,acf_selected,acf_lag_1,MEASURED_REUSED,0.9987499373098851,cache 7ddc2536fcf1463e
Tdew (degC),inner_1,acf_selected,acf_lag_144,MEASURED_REUSED,0.5422194918089277,cache 7ddc2536fcf1463e
Tdew (degC),inner_1,acf_selected,acf_lag_288,MEASURED_REUSED,0.27751432386893876,cache 7ddc2536fcf1463e
Tdew (degC),inner_1,acf_selected,acf_lag_1008,MEASURED_REUSED,0.1102930249936987,cache 7ddc2536fcf1463e
Tdew (degC),inner_1,seasonality,seasonal_acf_daily_144,MEASURED_REUSED,0.5422194918089277,cache af515319f6dd4a91
Tdew (degC),inner_1,seasonality,seasonal_diff_var_ratio_daily_144,MEASURED_REUSED,0.9143760976502935,cache af515319f6dd4a91
Tdew (degC),inner_1,seasonality,seasonal_acf_weekly_1008,MEASURED_REUSED,0.1102930249936987,cache af515319f6dd4a91
Tdew (degC),inner_1,seasonality,seasonal_diff_var_ratio_weekly_1008,MEASURED_REUSED,1.7673263359423428,cache af515319f6dd4a91
Tdew (degC),inner_1,cost,seconds_quality,MEASURED_REUSED,0.0003913326190476262,process CPU seconds of the batch divided by its features
Tdew (degC),inner_1,cost,seconds_distribution,MEASURED_REUSED,0.0017938383333333317,process CPU seconds of the batch divided by its features
Tdew (degC),inner_1,cost,seconds_volatility,MEASURED_REUSED,0.0002967885714285687,process CPU seconds of the batch divided by its features
Tdew (degC),inner_1,cost,seconds_acf_selected,MEASURED_REUSED,0.00014982047619046694,process CPU seconds of the batch divided by its features
Tdew (degC),inner_1,cost,seconds_seasonality,MEASURED_REUSED,0.00029822766666666645,process CPU seconds of the batch divided by its features
Tdew (degC),inner_1,stationarity,adf_c_aic_pvalue,NOT_RUN,,DEFERRED_TO_PS4
Tdew (degC),inner_1,stationarity,kpss_c_auto_pvalue,NOT_RUN,,DEFERRED_TO_PS4
Tdew (degC),inner_1,spectral,peak1_period_rows,NOT_RUN,,DEFERRED_TO_PS4
Tdew (degC),inner_1,spectral,entropy_normalized,NOT_RUN,,DEFERRED_TO_PS4
Tdew (degC),inner_1,stl,stl_seasonal_strength_primary,NOT_RUN,,DEFERRED_TO_PS4
rh (%),inner_1,quality,missing_fraction,MEASURED_REUSED,0.0,cache 16bb3e7275cee1ee
rh (%),inner_1,quality,nonfinite_count,MEASURED_REUSED,0,cache 16bb3e7275cee1ee
rh (%),inner_1,quality,constant_flag,MEASURED_REUSED,False,cache 16bb3e7275cee1ee
rh (%),inner_1,quality,unique_ratio,MEASURED_REUSED,0.19941454396055874,cache 16bb3e7275cee1ee
rh (%),inner_1,quality,sentinel_le_m9999_count,MEASURED_REUSED,0,cache 16bb3e7275cee1ee
rh (%),inner_1,distribution,mean,MEASURED_REUSED,68.44503800328675,cache 57b015b6d8ab5390
rh (%),inner_1,distribution,std,MEASURED_REUSED,17.055873823763502,cache 57b015b6d8ab5390
rh (%),inner_1,distribution,median,MEASURED_REUSED,71.1,cache 57b015b6d8ab5390
rh (%),inner_1,distribution,iqr,MEASURED_REUSED,24.695,cache 57b015b6d8ab5390
rh (%),inner_1,distribution,mad,MEASURED_REUSED,12.004999999999995,cache 57b015b6d8ab5390
rh (%),inner_1,distribution,skewness,MEASURED_REUSED,-0.5083441396555282,cache 57b015b6d8ab5390
rh (%),inner_1,distribution,excess_kurtosis,MEASURED_REUSED,-0.5653874349005292,cache 57b015b6d8ab5390
rh (%),inner_1,distribution,q01,MEASURED_REUSED,29.1,cache 57b015b6d8ab5390
rh (%),inner_1,distribution,q99,MEASURED_REUSED,96.1,cache 57b015b6d8ab5390
rh (%),inner_1,distribution,upper_tail_ratio,MEASURED_REUSED,2.4242424242424225,cache 57b015b6d8ab5390
rh (%),inner_1,distribution,lower_tail_ratio,MEASURED_REUSED,3.178700787401576,cache 57b015b6d8ab5390
rh (%),inner_1,volatility,diff_std,MEASURED_REUSED,1.231356015925912,cache 45f08a08bf5e1786
rh (%),inner_1,volatility,diff_std_over_std,MEASURED_REUSED,0.0721954224479719,cache 45f08a08bf5e1786
rh (%),inner_1,volatility,rolling_std_cv,MEASURED_REUSED,0.49573153507439194,cache 45f08a08bf5e1786
rh (%),inner_1,acf_selected,acf_lag_1,MEASURED_REUSED,0.9973566948571272,cache 7ddc2536fcf1463e
rh (%),inner_1,acf_selected,acf_lag_144,MEASURED_REUSED,0.6428687000407898,cache 7ddc2536fcf1463e
rh (%),inner_1,acf_selected,acf_lag_288,MEASURED_REUSED,0.533744439519568,cache 7ddc2536fcf1463e
rh (%),inner_1,acf_selected,acf_lag_1008,MEASURED_REUSED,0.4584960875456364,cache 7ddc2536fcf1463e
rh (%),inner_1,seasonality,seasonal_acf_daily_144,MEASURED_REUSED,0.6428687000407898,cache af515319f6dd4a91
rh (%),inner_1,seasonality,seasonal_diff_var_ratio_daily_144,MEASURED_REUSED,0.7073979700775807,cache af515319f6dd4a91
rh (%),inner_1,seasonality,seasonal_acf_weekly_1008,MEASURED_REUSED,0.4584960875456364,cache af515319f6dd4a91
rh (%),inner_1,seasonality,seasonal_diff_var_ratio_weekly_1008,MEASURED_REUSED,1.0265170535336963,cache af515319f6dd4a91
rh (%),inner_1,cost,seconds_quality,MEASURED_REUSED,0.0003913326190476262,process CPU seconds of the batch divided by its features
rh (%),inner_1,cost,seconds_distribution,MEASURED_REUSED,0.0017938383333333317,process CPU seconds of the batch divided by its features
rh (%),inner_1,cost,seconds_volatility,MEASURED_REUSED,0.0002967885714285687,process CPU seconds of the batch divided by its features
rh (%),inner_1,cost,seconds_acf_selected,MEASURED_REUSED,0.00014982047619046694,process CPU seconds of the batch divided by its features
rh (%),inner_1,cost,seconds_seasonality,MEASURED_REUSED,0.00029822766666666645,process CPU seconds of the batch divided by its features
rh (%),inner_1,stationarity,adf_c_aic_pvalue,NOT_RUN,,DEFERRED_TO_PS4
rh (%),inner_1,stationarity,kpss_c_auto_pvalue,NOT_RUN,,DEFERRED_TO_PS4
rh (%),inner_1,spectral,peak1_period_rows,NOT_RUN,,DEFERRED_TO_PS4
rh (%),inner_1,spectral,entropy_normalized,NOT_RUN,,DEFERRED_TO_PS4
rh (%),inner_1,stl,stl_seasonal_strength_primary,NOT_RUN,,DEFERRED_TO_PS4
VPmax (mbar),inner_1,quality,missing_fraction,MEASURED_REUSED,0.0,cache 16bb3e7275cee1ee
VPmax (mbar),inner_1,quality,nonfinite_count,MEASURED_REUSED,0,cache 16bb3e7275cee1ee
VPmax (mbar),inner_1,quality,constant_flag,MEASURED_REUSED,False,cache 16bb3e7275cee1ee
VPmax (mbar),inner_1,quality,unique_ratio,MEASURED_REUSED,0.099373459326212,cache 16bb3e7275cee1ee
VPmax (mbar),inner_1,quality,sentinel_le_m9999_count,MEASURED_REUSED,0,cache 16bb3e7275cee1ee
VPmax (mbar),inner_1,distribution,mean,MEASURED_REUSED,10.363425431388661,cache 57b015b6d8ab5390
VPmax (mbar),inner_1,distribution,std,MEASURED_REUSED,4.114794713103044,cache 57b015b6d8ab5390
VPmax (mbar),inner_1,distribution,median,MEASURED_REUSED,9.22,cache 57b015b6d8ab5390
VPmax (mbar),inner_1,distribution,iqr,MEASURED_REUSED,4.4799999999999995,cache 57b015b6d8ab5390
VPmax (mbar),inner_1,distribution,mad,MEASURED_REUSED,2.040000000000001,cache 57b015b6d8ab5390
VPmax (mbar),inner_1,distribution,skewness,MEASURED_REUSED,1.4071246790565788,cache 57b015b6d8ab5390
VPmax (mbar),inner_1,distribution,excess_kurtosis,MEASURED_REUSED,2.199946197791462,cache 57b015b6d8ab5390
VPmax (mbar),inner_1,distribution,q01,MEASURED_REUSED,4.287100000000001,cache 57b015b6d8ab5390
VPmax (mbar),inner_1,distribution,q99,MEASURED_REUSED,24.565800000000017,cache 57b015b6d8ab5390
VPmax (mbar),inner_1,distribution,upper_tail_ratio,MEASURED_REUSED,5.658442906574399,cache 57b015b6d8ab5390
VPmax (mbar),inner_1,distribution,lower_tail_ratio,MEASURED_REUSED,3.194968553459119,cache 57b015b6d8ab5390
VPmax (mbar),inner_1,volatility,diff_std,MEASURED_REUSED,0.200935840374903,cache 45f08a08bf5e1786
VPmax (mbar),inner_1,volatility,diff_std_over_std,MEASURED_REUSED,0.048832530997244696,cache 45f08a08bf5e1786
VPmax (mbar),inner_1,volatility,rolling_std_cv,MEASURED_REUSED,0.772407130950832,cache 45f08a08bf5e1786
VPmax (mbar),inner_1,acf_selected,acf_lag_1,MEASURED_REUSED,0.9987756719851704,cache 7ddc2536fcf1463e
VPmax (mbar),inner_1,acf_selected,acf_lag_144,MEASURED_REUSED,0.7303949177622713,cache 7ddc2536fcf1463e
VPmax (mbar),inner_1,acf_selected,acf_lag_288,MEASURED_REUSED,0.5665599313720248,cache 7ddc2536fcf1463e
VPmax (mbar),inner_1,acf_selected,acf_lag_1008,MEASURED_REUSED,0.4281546563027238,cache 7ddc2536fcf1463e
VPmax (mbar),inner_1,seasonality,seasonal_acf_daily_144,MEASURED_REUSED,0.7303949177622713,cache af515319f6dd4a91
VPmax (mbar),inner_1,seasonality,seasonal_diff_var_ratio_daily_144,MEASURED_REUSED,0.5327141234205245,cache af515319f6dd4a91
VPmax (mbar),inner_1,seasonality,seasonal_acf_weekly_1008,MEASURED_REUSED,0.4281546563027238,cache af515319f6dd4a91
VPmax (mbar),inner_1,seasonality,seasonal_diff_var_ratio_weekly_1008,MEASURED_REUSED,1.0253522303014702,cache af515319f6dd4a91
VPmax (mbar),inner_1,cost,seconds_quality,MEASURED_REUSED,0.0003913326190476262,process CPU seconds of the batch divided by its features
VPmax (mbar),inner_1,cost,seconds_distribution,MEASURED_REUSED,0.0017938383333333317,process CPU seconds of the batch divided by its features
VPmax (mbar),inner_1,cost,seconds_volatility,MEASURED_REUSED,0.0002967885714285687,process CPU seconds of the batch divided by its features
VPmax (mbar),inner_1,cost,seconds_acf_selected,MEASURED_REUSED,0.00014982047619046694,process CPU seconds of the batch divided by its features
VPmax (mbar),inner_1,cost,seconds_seasonality,MEASURED_REUSED,0.00029822766666666645,process CPU seconds of the batch divided by its features
VPmax (mbar),inner_1,stationarity,adf_c_aic_pvalue,NOT_RUN,,DEFERRED_TO_PS4
VPmax (mbar),inner_1,stationarity,kpss_c_auto_pvalue,NOT_RUN,,DEFERRED_TO_PS4
VPmax (mbar),inner_1,spectral,peak1_period_rows,NOT_RUN,,DEFERRED_TO_PS4
VPmax (mbar),inner_1,spectral,entropy_normalized,NOT_RUN,,DEFERRED_TO_PS4
VPmax (mbar),inner_1,stl,stl_seasonal_strength_primary,NOT_RUN,,DEFERRED_TO_PS4
VPact (mbar),inner_1,quality,missing_fraction,MEASURED_REUSED,0.0,cache 16bb3e7275cee1ee
VPact (mbar),inner_1,quality,nonfinite_count,MEASURED_REUSED,0,cache 16bb3e7275cee1ee
VPact (mbar),inner_1,quality,constant_flag,MEASURED_REUSED,False,cache 16bb3e7275cee1ee
VPact (mbar),inner_1,quality,unique_ratio,MEASURED_REUSED,0.055361544782251436,cache 16bb3e7275cee1ee
VPact (mbar),inner_1,quality,sentinel_le_m9999_count,MEASURED_REUSED,0,cache 16bb3e7275cee1ee
VPact (mbar),inner_1,distribution,mean,MEASURED_REUSED,6.6485409819227606,cache 57b015b6d8ab5390
VPact (mbar),inner_1,distribution,std,MEASURED_REUSED,1.8916088198523089,cache 57b015b6d8ab5390
VPact (mbar),inner_1,distribution,median,MEASURED_REUSED,6.39,cache 57b015b6d8ab5390
VPact (mbar),inner_1,distribution,iqr,MEASURED_REUSED,2.25,cache 57b015b6d8ab5390
VPact (mbar),inner_1,distribution,mad,MEASURED_REUSED,1.0499999999999998,cache 57b015b6d8ab5390
VPact (mbar),inner_1,distribution,skewness,MEASURED_REUSED,0.7526441607711498,cache 57b015b6d8ab5390
VPact (mbar),inner_1,distribution,excess_kurtosis,MEASURED_REUSED,1.7093820135294244,cache 57b015b6d8ab5390
VPact (mbar),inner_1,distribution,q01,MEASURED_REUSED,2.81,cache 57b015b6d8ab5390
VPact (mbar),inner_1,distribution,q99,MEASURED_REUSED,11.83290000000001,cache 57b015b6d8ab5390
VPact (mbar),inner_1,distribution,upper_tail_ratio,MEASURED_REUSED,5.193544776119411,cache 57b015b6d8ab5390
VPact (mbar),inner_1,distribution,lower_tail_ratio,MEASURED_REUSED,4.087912087912091,cache 57b015b6d8ab5390
VPact (mbar),inner_1,volatility,diff_std,MEASURED_REUSED,0.10029401316787279,cache 45f08a08bf5e1786
VPact (mbar),inner_1,volatility,diff_std_over_std,MEASURED_REUSED,0.05302048294303441,cache 45f08a08bf5e1786
VPact (mbar),inner_1,volatility,rolling_std_cv,MEASURED_REUSED,0.671551705240161,cache 45f08a08bf5e1786
VPact (mbar),inner_1,acf_selected,acf_lag_1,MEASURED_REUSED,0.9985847952840992,cache 7ddc2536fcf1463e
VPact (mbar),inner_1,acf_selected,acf_lag_144,MEASURED_REUSED,0.47475403024924756,cache 7ddc2536fcf1463e
VPact (mbar),inner_1,acf_selected,acf_lag_288,MEASURED_REUSED,0.2185010203985086,cache 7ddc2536fcf1463e
VPact (mbar),inner_1,acf_selected,acf_lag_1008,MEASURED_REUSED,0.06658097085824977,cache 7ddc2536fcf1463e
VPact (mbar),inner_1,seasonality,seasonal_acf_daily_144,MEASURED_REUSED,0.47475403024924756,cache af515319f6dd4a91
VPact (mbar),inner_1,seasonality,seasonal_diff_var_ratio_daily_144,MEASURED_REUSED,1.0506592204625627,cache af515319f6dd4a91
VPact (mbar),inner_1,seasonality,seasonal_acf_weekly_1008,MEASURED_REUSED,0.06658097085824977,cache af515319f6dd4a91
VPact (mbar),inner_1,seasonality,seasonal_diff_var_ratio_weekly_1008,MEASURED_REUSED,1.805677913453767,cache af515319f6dd4a91
VPact (mbar),inner_1,cost,seconds_quality,MEASURED_REUSED,0.0003913326190476262,process CPU seconds of the batch divided by its features
VPact (mbar),inner_1,cost,seconds_distribution,MEASURED_REUSED,0.0017938383333333317,process CPU seconds of the batch divided by its features
VPact (mbar),inner_1,cost,seconds_volatility,MEASURED_REUSED,0.0002967885714285687,process CPU seconds of the batch divided by its features
VPact (mbar),inner_1,cost,seconds_acf_selected,MEASURED_REUSED,0.00014982047619046694,process CPU seconds of the batch divided by its features
VPact (mbar),inner_1,cost,seconds_seasonality,MEASURED_REUSED,0.00029822766666666645,process CPU seconds of the batch divided by its features
VPact (mbar),inner_1,stationarity,adf_c_aic_pvalue,NOT_RUN,,DEFERRED_TO_PS4
VPact (mbar),inner_1,stationarity,kpss_c_auto_pvalue,NOT_RUN,,DEFERRED_TO_PS4
VPact (mbar),inner_1,spectral,peak1_period_rows,NOT_RUN,,DEFERRED_TO_PS4
VPact (mbar),inner_1,spectral,entropy_normalized,NOT_RUN,,DEFERRED_TO_PS4
VPact (mbar),inner_1,stl,stl_seasonal_strength_primary,NOT_RUN,,DEFERRED_TO_PS4
VPdef (mbar),inner_1,quality,missing_fraction,MEASURED_REUSED,0.0,cache 16bb3e7275cee1ee
VPdef (mbar),inner_1,quality,nonfinite_count,MEASURED_REUSED,0,cache 16bb3e7275cee1ee
VPdef (mbar),inner_1,quality,constant_flag,MEASURED_REUSED,False,cache 16bb3e7275cee1ee
VPdef (mbar),inner_1,quality,unique_ratio,MEASURED_REUSED,0.08370994248151191,cache 16bb3e7275cee1ee
VPdef (mbar),inner_1,quality,sentinel_le_m9999_count,MEASURED_REUSED,0,cache 16bb3e7275cee1ee
VPdef (mbar),inner_1,distribution,mean,MEASURED_REUSED,3.7148577444535738,cache 57b015b6d8ab5390
VPdef (mbar),inner_1,distribution,std,MEASURED_REUSED,3.38723734289615,cache 57b015b6d8ab5390
VPdef (mbar),inner_1,distribution,median,MEASURED_REUSED,2.62,cache 57b015b6d8ab5390
VPdef (mbar),inner_1,distribution,iqr,MEASURED_REUSED,3.22,cache 57b015b6d8ab5390
VPdef (mbar),inner_1,distribution,mad,MEASURED_REUSED,1.4000000000000001,cache 57b015b6d8ab5390
VPdef (mbar),inner_1,distribution,skewness,MEASURED_REUSED,1.9122307525298452,cache 57b015b6d8ab5390
VPdef (mbar),inner_1,distribution,excess_kurtosis,MEASURED_REUSED,3.9848043824429205,cache 57b015b6d8ab5390
VPdef (mbar),inner_1,distribution,q01,MEASURED_REUSED,0.26,cache 57b015b6d8ab5390
VPdef (mbar),inner_1,distribution,q99,MEASURED_REUSED,16.68,cache 57b015b6d8ab5390
VPdef (mbar),inner_1,distribution,upper_tail_ratio,MEASURED_REUSED,7.281947115384617,cache 57b015b6d8ab5390
VPdef (mbar),inner_1,distribution,lower_tail_ratio,MEASURED_REUSED,2.1052631578947367,cache 57b015b6d8ab5390
VPdef (mbar),inner_1,volatility,diff_std,MEASURED_REUSED,0.21047395191539645,cache 45f08a08bf5e1786
VPdef (mbar),inner_1,volatility,diff_std_over_std,MEASURED_REUSED,0.06213734988391376,cache 45f08a08bf5e1786
VPdef (mbar),inner_1,volatility,rolling_std_cv,MEASURED_REUSED,0.8319158920856727,cache 45f08a08bf5e1786
VPdef (mbar),inner_1,acf_selected,acf_lag_1,MEASURED_REUSED,0.9980424464465203,cache 7ddc2536fcf1463e
VPdef (mbar),inner_1,acf_selected,acf_lag_144,MEASURED_REUSED,0.7049443005758803,cache 7ddc2536fcf1463e
VPdef (mbar),inner_1,acf_selected,acf_lag_288,MEASURED_REUSED,0.6078305660147258,cache 7ddc2536fcf1463e
VPdef (mbar),inner_1,acf_selected,acf_lag_1008,MEASURED_REUSED,0.49241212473143875,cache 7ddc2536fcf1463e
VPdef (mbar),inner_1,seasonality,seasonal_acf_daily_144,MEASURED_REUSED,0.7049443005758803,cache af515319f6dd4a91
VPdef (mbar),inner_1,seasonality,seasonal_diff_var_ratio_daily_144,MEASURED_REUSED,0.5875009337908734,cache af515319f6dd4a91
VPdef (mbar),inner_1,seasonality,seasonal_acf_weekly_1008,MEASURED_REUSED,0.49241212473143875,cache af515319f6dd4a91
VPdef (mbar),inner_1,seasonality,seasonal_diff_var_ratio_weekly_1008,MEASURED_REUSED,0.9231841176335329,cache af515319f6dd4a91
VPdef (mbar),inner_1,cost,seconds_quality,MEASURED_REUSED,0.0003913326190476262,process CPU seconds of the batch divided by its features
VPdef (mbar),inner_1,cost,seconds_distribution,MEASURED_REUSED,0.0017938383333333317,process CPU seconds of the batch divided by its features
VPdef (mbar),inner_1,cost,seconds_volatility,MEASURED_REUSED,0.0002967885714285687,process CPU seconds of the batch divided by its features
VPdef (mbar),inner_1,cost,seconds_acf_selected,MEASURED_REUSED,0.00014982047619046694,process CPU seconds of the batch divided by its features
VPdef (mbar),inner_1,cost,seconds_seasonality,MEASURED_REUSED,0.00029822766666666645,process CPU seconds of the batch divided by its features
VPdef (mbar),inner_1,stationarity,adf_c_aic_pvalue,NOT_RUN,,DEFERRED_TO_PS4
VPdef (mbar),inner_1,stationarity,kpss_c_auto_pvalue,NOT_RUN,,DEFERRED_TO_PS4
VPdef (mbar),inner_1,spectral,peak1_period_rows,NOT_RUN,,DEFERRED_TO_PS4
VPdef (mbar),inner_1,spectral,entropy_normalized,NOT_RUN,,DEFERRED_TO_PS4
VPdef (mbar),inner_1,stl,stl_seasonal_strength_primary,NOT_RUN,,DEFERRED_TO_PS4
sh (g/kg),inner_1,quality,missing_fraction,MEASURED_REUSED,0.0,cache 16bb3e7275cee1ee
sh (g/kg),inner_1,quality,nonfinite_count,MEASURED_REUSED,0,cache 16bb3e7275cee1ee
sh (g/kg),inner_1,quality,constant_flag,MEASURED_REUSED,False,cache 16bb3e7275cee1ee
sh (g/kg),inner_1,quality,unique_ratio,MEASURED_REUSED,0.03743837304847987,cache 16bb3e7275cee1ee
sh (g/kg),inner_1,quality,sentinel_le_m9999_count,MEASURED_REUSED,0,cache 16bb3e7275cee1ee
sh (g/kg),inner_1,distribution,mean,MEASURED_REUSED,4.189146466721446,cache 57b015b6d8ab5390
sh (g/kg),inner_1,distribution,std,MEASURED_REUSED,1.2119099920736405,cache 57b015b6d8ab5390
sh (g/kg),inner_1,distribution,median,MEASURED_REUSED,4.02,cache 57b015b6d8ab5390
sh (g/kg),inner_1,distribution,iqr,MEASURED_REUSED,1.4600000000000004,cache 57b015b6d8ab5390
sh (g/kg),inner_1,distribution,mad,MEASURED_REUSED,0.6799999999999997,cache 57b015b6d8ab5390
sh (g/kg),inner_1,distribution,skewness,MEASURED_REUSED,0.766569702034872,cache 57b015b6d8ab5390
sh (g/kg),inner_1,distribution,excess_kurtosis,MEASURED_REUSED,1.7746435344138156,cache 57b015b6d8ab5390
sh (g/kg),inner_1,distribution,q01,MEASURED_REUSED,1.74,cache 57b015b6d8ab5390
sh (g/kg),inner_1,distribution,q99,MEASURED_REUSED,7.472900000000009,cache 57b015b6d8ab5390
sh (g/kg),inner_1,distribution,upper_tail_ratio,MEASURED_REUSED,5.12096590909091,cache 57b015b6d8ab5390
sh (g/kg),inner_1,distribution,lower_tail_ratio,MEASURED_REUSED,4.086206896551726,cache 57b015b6d8ab5390
sh (g/kg),inner_1,volatility,diff_std,MEASURED_REUSED,0.06357019948976121,cache 45f08a08bf5e1786
sh (g/kg),inner_1,volatility,diff_std_over_std,MEASURED_REUSED,0.05245455512829738,cache 45f08a08bf5e1786
sh (g/kg),inner_1,volatility,rolling_std_cv,MEASURED_REUSED,0.6723745720690195,cache 45f08a08bf5e1786
sh (g/kg),inner_1,acf_selected,acf_lag_1,MEASURED_REUSED,0.9986130688652022,cache 7ddc2536fcf1463e
sh (g/kg),inner_1,acf_selected,acf_lag_144,MEASURED_REUSED,0.4772364860465671,cache 7ddc2536fcf1463e
sh (g/kg),inner_1,acf_selected,acf_lag_288,MEASURED_REUSED,0.21936048418066734,cache 7ddc2536fcf1463e
sh (g/kg),inner_1,acf_selected,acf_lag_1008,MEASURED_REUSED,0.0694031830892767,cache 7ddc2536fcf1463e
sh (g/kg),inner_1,seasonality,seasonal_acf_daily_144,MEASURED_REUSED,0.4772364860465671,cache af515319f6dd4a91
sh (g/kg),inner_1,seasonality,seasonal_diff_var_ratio_daily_144,MEASURED_REUSED,1.0453453338342646,cache af515319f6dd4a91
sh (g/kg),inner_1,seasonality,seasonal_acf_weekly_1008,MEASURED_REUSED,0.0694031830892767,cache af515319f6dd4a91
sh (g/kg),inner_1,seasonality,seasonal_diff_var_ratio_weekly_1008,MEASURED_REUSED,1.7963308033386347,cache af515319f6dd4a91
sh (g/kg),inner_1,cost,seconds_quality,MEASURED_REUSED,0.0003913326190476262,process CPU seconds of the batch divided by its features
sh (g/kg),inner_1,cost,seconds_distribution,MEASURED_REUSED,0.0017938383333333317,process CPU seconds of the batch divided by its features
sh (g/kg),inner_1,cost,seconds_volatility,MEASURED_REUSED,0.0002967885714285687,process CPU seconds of the batch divided by its features
sh (g/kg),inner_1,cost,seconds_acf_selected,MEASURED_REUSED,0.00014982047619046694,process CPU seconds of the batch divided by its features
sh (g/kg),inner_1,cost,seconds_seasonality,MEASURED_REUSED,0.00029822766666666645,process CPU seconds of the batch divided by its features
sh (g/kg),inner_1,stationarity,adf_c_aic_pvalue,NOT_RUN,,DEFERRED_TO_PS4
sh (g/kg),inner_1,stationarity,kpss_c_auto_pvalue,NOT_RUN,,DEFERRED_TO_PS4
sh (g/kg),inner_1,spectral,peak1_period_rows,NOT_RUN,,DEFERRED_TO_PS4
sh (g/kg),inner_1,spectral,entropy_normalized,NOT_RUN,,DEFERRED_TO_PS4
sh (g/kg),inner_1,stl,stl_seasonal_strength_primary,NOT_RUN,,DEFERRED_TO_PS4
H2OC (mmol/mol),inner_1,quality,missing_fraction,MEASURED_REUSED,0.0,cache 16bb3e7275cee1ee
H2OC (mmol/mol),inner_1,quality,nonfinite_count,MEASURED_REUSED,0,cache 16bb3e7275cee1ee
H2OC (mmol/mol),inner_1,quality,constant_flag,MEASURED_REUSED,False,cache 16bb3e7275cee1ee
H2OC (mmol/mol),inner_1,quality,unique_ratio,MEASURED_REUSED,0.056234593262119964,cache 16bb3e7275cee1ee
H2OC (mmol/mol),inner_1,quality,sentinel_le_m9999_count,MEASURED_REUSED,0,cache 16bb3e7275cee1ee
H2OC (mmol/mol),inner_1,distribution,mean,MEASURED_REUSED,6.716478019720625,cache 57b015b6d8ab5390
H2OC (mmol/mol),inner_1,distribution,std,MEASURED_REUSED,1.9374805177453591,cache 57b015b6d8ab5390
H2OC (mmol/mol),inner_1,distribution,median,MEASURED_REUSED,6.44,cache 57b015b6d8ab5390
H2OC (mmol/mol),inner_1,distribution,iqr,MEASURED_REUSED,2.34,cache 57b015b6d8ab5390
H2OC (mmol/mol),inner_1,distribution,mad,MEASURED_REUSED,1.08,cache 57b015b6d8ab5390
H2OC (mmol/mol),inner_1,distribution,skewness,MEASURED_REUSED,0.7596157873134903,cache 57b015b6d8ab5390
H2OC (mmol/mol),inner_1,distribution,excess_kurtosis,MEASURED_REUSED,1.7518775266962257,cache 57b015b6d8ab5390
H2OC (mmol/mol),inner_1,distribution,q01,MEASURED_REUSED,2.79,cache 57b015b6d8ab5390
H2OC (mmol/mol),inner_1,distribution,q99,MEASURED_REUSED,11.96290000000001,cache 57b015b6d8ab5390
H2OC (mmol/mol),inner_1,distribution,upper_tail_ratio,MEASURED_REUSED,5.105921985815614,cache 57b015b6d8ab5390
H2OC (mmol/mol),inner_1,distribution,lower_tail_ratio,MEASURED_REUSED,4.075268817204299,cache 57b015b6d8ab5390
H2OC (mmol/mol),inner_1,volatility,diff_std,MEASURED_REUSED,0.10138700692611582,cache 45f08a08bf5e1786
H2OC (mmol/mol),inner_1,volatility,diff_std_over_std,MEASURED_REUSED,0.05232930395816295,cache 45f08a08bf5e1786
H2OC (mmol/mol),inner_1,volatility,rolling_std_cv,MEASURED_REUSED,0.671123082258344,cache 45f08a08bf5e1786
H2OC (mmol/mol),inner_1,acf_selected,acf_lag_1,MEASURED_REUSED,0.9986197324548236,cache 7ddc2536fcf1463e
H2OC (mmol/mol),inner_1,acf_selected,acf_lag_144,MEASURED_REUSED,0.47770665855900735,cache 7ddc2536fcf1463e
H2OC (mmol/mol),inner_1,acf_selected,acf_lag_288,MEASURED_REUSED,0.21967946643735586,cache 7ddc2536fcf1463e
H2OC (mmol/mol),inner_1,acf_selected,acf_lag_1008,MEASURED_REUSED,0.06964627796292289,cache 7ddc2536fcf1463e
H2OC (mmol/mol),inner_1,seasonality,seasonal_acf_daily_144,MEASURED_REUSED,0.47770665855900735,cache af515319f6dd4a91
H2OC (mmol/mol),inner_1,seasonality,seasonal_diff_var_ratio_daily_144,MEASURED_REUSED,1.0443843813127887,cache af515319f6dd4a91
H2OC (mmol/mol),inner_1,seasonality,seasonal_acf_weekly_1008,MEASURED_REUSED,0.06964627796292289,cache af515319f6dd4a91
H2OC (mmol/mol),inner_1,seasonality,seasonal_diff_var_ratio_weekly_1008,MEASURED_REUSED,1.7963369100027198,cache af515319f6dd4a91
H2OC (mmol/mol),inner_1,cost,seconds_quality,MEASURED_REUSED,0.0003913326190476262,process CPU seconds of the batch divided by its features
H2OC (mmol/mol),inner_1,cost,seconds_distribution,MEASURED_REUSED,0.0017938383333333317,process CPU seconds of the batch divided by its features
H2OC (mmol/mol),inner_1,cost,seconds_volatility,MEASURED_REUSED,0.0002967885714285687,process CPU seconds of the batch divided by its features
H2OC (mmol/mol),inner_1,cost,seconds_acf_selected,MEASURED_REUSED,0.00014982047619046694,process CPU seconds of the batch divided by its features
H2OC (mmol/mol),inner_1,cost,seconds_seasonality,MEASURED_REUSED,0.00029822766666666645,process CPU seconds of the batch divided by its features
H2OC (mmol/mol),inner_1,stationarity,adf_c_aic_pvalue,NOT_RUN,,DEFERRED_TO_PS4
H2OC (mmol/mol),inner_1,stationarity,kpss_c_auto_pvalue,NOT_RUN,,DEFERRED_TO_PS4
H2OC (mmol/mol),inner_1,spectral,peak1_period_rows,NOT_RUN,,DEFERRED_TO_PS4
H2OC (mmol/mol),inner_1,spectral,entropy_normalized,NOT_RUN,,DEFERRED_TO_PS4
H2OC (mmol/mol),inner_1,stl,stl_seasonal_strength_primary,NOT_RUN,,DEFERRED_TO_PS4
rho (g/m**3),inner_1,quality,missing_fraction,MEASURED_REUSED,0.0,cache 16bb3e7275cee1ee
rho (g/m**3),inner_1,quality,nonfinite_count,MEASURED_REUSED,0,cache 16bb3e7275cee1ee
rho (g/m**3),inner_1,quality,constant_flag,MEASURED_REUSED,False,cache 16bb3e7275cee1ee
rho (g/m**3),inner_1,quality,unique_ratio,MEASURED_REUSED,0.4899342645850452,cache 16bb3e7275cee1ee
rho (g/m**3),inner_1,quality,sentinel_le_m9999_count,MEASURED_REUSED,0,cache 16bb3e7275cee1ee
rho (g/m**3),inner_1,distribution,mean,MEASURED_REUSED,1231.5434464872637,cache 57b015b6d8ab5390
rho (g/m**3),inner_1,distribution,std,MEASURED_REUSED,30.340804878347008,cache 57b015b6d8ab5390
rho (g/m**3),inner_1,distribution,median,MEASURED_REUSED,1231.04,cache 57b015b6d8ab5390
rho (g/m**3),inner_1,distribution,iqr,MEASURED_REUSED,41.975000000000136,cache 57b015b6d8ab5390
rho (g/m**3),inner_1,distribution,mad,MEASURED_REUSED,21.049999999999955,cache 57b015b6d8ab5390
rho (g/m**3),inner_1,distribution,skewness,MEASURED_REUSED,0.0808390948867039,cache 57b015b6d8ab5390
rho (g/m**3),inner_1,distribution,excess_kurtosis,MEASURED_REUSED,-0.26943689725442743,cache 57b015b6d8ab5390
rho (g/m**3),inner_1,distribution,q01,MEASURED_REUSED,1163.7042000000001,cache 57b015b6d8ab5390
rho (g/m**3),inner_1,distribution,q99,MEASURED_REUSED,1302.7445,cache 57b015b6d8ab5390
rho (g/m**3),inner_1,distribution,upper_tail_ratio,MEASURED_REUSED,3.67545711592837,cache 57b015b6d8ab5390
rho (g/m**3),inner_1,distribution,lower_tail_ratio,MEASURED_REUSED,3.399180920260158,cache 57b015b6d8ab5390
rho (g/m**3),inner_1,volatility,diff_std,MEASURED_REUSED,1.1243556938325656,cache 45f08a08bf5e1786
rho (g/m**3),inner_1,volatility,diff_std_over_std,MEASURED_REUSED,0.03705754340864478,cache 45f08a08bf5e1786
rho (g/m**3),inner_1,volatility,rolling_std_cv,MEASURED_REUSED,0.534217680660409,cache 45f08a08bf5e1786
rho (g/m**3),inner_1,acf_selected,acf_lag_1,MEASURED_REUSED,0.9992417838495272,cache 7ddc2536fcf1463e
rho (g/m**3),inner_1,acf_selected,acf_lag_144,MEASURED_REUSED,0.7074052775750304,cache 7ddc2536fcf1463e
rho (g/m**3),inner_1,acf_selected,acf_lag_288,MEASURED_REUSED,0.48819809354487204,cache 7ddc2536fcf1463e
rho (g/m**3),inner_1,acf_selected,acf_lag_1008,MEASURED_REUSED,0.30925820611717164,cache 7ddc2536fcf1463e
rho (g/m**3),inner_1,seasonality,seasonal_acf_daily_144,MEASURED_REUSED,0.7074052775750304,cache af515319f6dd4a91
rho (g/m**3),inner_1,seasonality,seasonal_diff_var_ratio_daily_144,MEASURED_REUSED,0.5645743656743452,cache af515319f6dd4a91
rho (g/m**3),inner_1,seasonality,seasonal_acf_weekly_1008,MEASURED_REUSED,0.30925820611717164,cache af515319f6dd4a91
rho (g/m**3),inner_1,seasonality,seasonal_diff_var_ratio_weekly_1008,MEASURED_REUSED,1.2868803461422686,cache af515319f6dd4a91
rho (g/m**3),inner_1,cost,seconds_quality,MEASURED_REUSED,0.0003913326190476262,process CPU seconds of the batch divided by its features
rho (g/m**3),inner_1,cost,seconds_distribution,MEASURED_REUSED,0.0017938383333333317,process CPU seconds of the batch divided by its features
rho (g/m**3),inner_1,cost,seconds_volatility,MEASURED_REUSED,0.0002967885714285687,process CPU seconds of the batch divided by its features
rho (g/m**3),inner_1,cost,seconds_acf_selected,MEASURED_REUSED,0.00014982047619046694,process CPU seconds of the batch divided by its features
rho (g/m**3),inner_1,cost,seconds_seasonality,MEASURED_REUSED,0.00029822766666666645,process CPU seconds of the batch divided by its features
rho (g/m**3),inner_1,stationarity,adf_c_aic_pvalue,NOT_RUN,,DEFERRED_TO_PS4
rho (g/m**3),inner_1,stationarity,kpss_c_auto_pvalue,NOT_RUN,,DEFERRED_TO_PS4
rho (g/m**3),inner_1,spectral,peak1_period_rows,NOT_RUN,,DEFERRED_TO_PS4
rho (g/m**3),inner_1,spectral,entropy_normalized,NOT_RUN,,DEFERRED_TO_PS4
rho (g/m**3),inner_1,stl,stl_seasonal_strength_primary,NOT_RUN,,DEFERRED_TO_PS4
wv (m/s),inner_1,quality,missing_fraction,MEASURED_REUSED,0.0,cache 16bb3e7275cee1ee
wv (m/s),inner_1,quality,nonfinite_count,MEASURED_REUSED,0,cache 16bb3e7275cee1ee
wv (m/s),inner_1,quality,constant_flag,MEASURED_REUSED,False,cache 16bb3e7275cee1ee
wv (m/s),inner_1,quality,unique_ratio,MEASURED_REUSED,0.048942070665571075,cache 16bb3e7275cee1ee
wv (m/s),inner_1,quality,sentinel_le_m9999_count,MEASURED_REUSED,1,cache 16bb3e7275cee1ee
wv (m/s),inner_1,distribution,mean,MEASURED_REUSED,2.0188881470829907,cache 57b015b6d8ab5390
wv (m/s),inner_1,distribution,std,MEASURED_REUSED,71.69814993323192,cache 57b015b6d8ab5390
wv (m/s),inner_1,distribution,median,MEASURED_REUSED,2.07,cache 57b015b6d8ab5390
wv (m/s),inner_1,distribution,iqr,MEASURED_REUSED,2.4025,cache 57b015b6d8ab5390
wv (m/s),inner_1,distribution,mad,MEASURED_REUSED,1.1099999999999999,cache 57b015b6d8ab5390
wv (m/s),inner_1,distribution,skewness,MEASURED_REUSED,-139.4007563906468,cache 57b015b6d8ab5390
wv (m/s),inner_1,distribution,excess_kurtosis,MEASURED_REUSED,19445.70787555763,cache 57b015b6d8ab5390
wv (m/s),inner_1,distribution,q01,MEASURED_REUSED,0.23,cache 57b015b6d8ab5390
wv (m/s),inner_1,distribution,q99,MEASURED_REUSED,8.24290000000001,cache 57b015b6d8ab5390
wv (m/s),inner_1,distribution,upper_tail_ratio,MEASURED_REUSED,5.14143356643358,cache 57b015b6d8ab5390
wv (m/s),inner_1,distribution,lower_tail_ratio,MEASURED_REUSED,1.9331619537275069,cache 57b015b6d8ab5390
wv (m/s),inner_1,volatility,diff_std,MEASURED_REUSED,101.3690298229002,cache 45f08a08bf5e1786
wv (m/s),inner_1,volatility,diff_std_over_std,MEASURED_REUSED,1.4138304812230016,cache 45f08a08bf5e1786
wv (m/s),inner_1,volatility,rolling_std_cv,MEASURED_REUSED,9.641496625159023,cache 45f08a08bf5e1786
wv (m/s),inner_1,acf_selected,acf_lag_1,MEASURED_REUSED,0.0005929991318105096,cache 7ddc2536fcf1463e
wv (m/s),inner_1,acf_selected,acf_lag_144,MEASURED_REUSED,-0.00015458699440365793,cache 7ddc2536fcf1463e
wv (m/s),inner_1,acf_selected,acf_lag_288,MEASURED_REUSED,-0.0002510105664157028,cache 7ddc2536fcf1463e
wv (m/s),inner_1,acf_selected,acf_lag_1008,MEASURED_REUSED,-9.378556415781493e-05,cache 7ddc2536fcf1463e
wv (m/s),inner_1,seasonality,seasonal_acf_daily_144,MEASURED_REUSED,-0.00015458699440365793,cache af515319f6dd4a91
wv (m/s),inner_1,seasonality,seasonal_diff_var_ratio_daily_144,MEASURED_REUSED,2.015207742068528,cache af515319f6dd4a91
wv (m/s),inner_1,seasonality,seasonal_acf_weekly_1008,MEASURED_REUSED,-9.378556415781493e-05,cache af515319f6dd4a91
wv (m/s),inner_1,seasonality,seasonal_diff_var_ratio_weekly_1008,MEASURED_REUSED,2.1093426257525376,cache af515319f6dd4a91
wv (m/s),inner_1,cost,seconds_quality,MEASURED_REUSED,0.0003913326190476262,process CPU seconds of the batch divided by its features
wv (m/s),inner_1,cost,seconds_distribution,MEASURED_REUSED,0.0017938383333333317,process CPU seconds of the batch divided by its features
wv (m/s),inner_1,cost,seconds_volatility,MEASURED_REUSED,0.0002967885714285687,process CPU seconds of the batch divided by its features
wv (m/s),inner_1,cost,seconds_acf_selected,MEASURED_REUSED,0.00014982047619046694,process CPU seconds of the batch divided by its features
wv (m/s),inner_1,cost,seconds_seasonality,MEASURED_REUSED,0.00029822766666666645,process CPU seconds of the batch divided by its features
wv (m/s),inner_1,stationarity,adf_c_aic_pvalue,NOT_RUN,,DEFERRED_TO_PS4
wv (m/s),inner_1,stationarity,kpss_c_auto_pvalue,NOT_RUN,,DEFERRED_TO_PS4
wv (m/s),inner_1,spectral,peak1_period_rows,NOT_RUN,,DEFERRED_TO_PS4
wv (m/s),inner_1,spectral,entropy_normalized,NOT_RUN,,DEFERRED_TO_PS4
wv (m/s),inner_1,stl,stl_seasonal_strength_primary,NOT_RUN,,DEFERRED_TO_PS4
max. wv (m/s),inner_1,quality,missing_fraction,MEASURED_REUSED,0.0,cache 16bb3e7275cee1ee
max. wv (m/s),inner_1,quality,nonfinite_count,MEASURED_REUSED,0,cache 16bb3e7275cee1ee
max. wv (m/s),inner_1,quality,constant_flag,MEASURED_REUSED,False,cache 16bb3e7275cee1ee
max. wv (m/s),inner_1,quality,unique_ratio,MEASURED_REUSED,0.04858258011503697,cache 16bb3e7275cee1ee
max. wv (m/s),inner_1,quality,sentinel_le_m9999_count,MEASURED_REUSED,0,cache 16bb3e7275cee1ee
max. wv (m/s),inner_1,distribution,mean,MEASURED_REUSED,4.245214667214462,cache 57b015b6d8ab5390
max. wv (m/s),inner_1,distribution,std,MEASURED_REUSED,2.857201705710276,cache 57b015b6d8ab5390
max. wv (m/s),inner_1,distribution,median,MEASURED_REUSED,3.63,cache 57b015b6d8ab5390
max. wv (m/s),inner_1,distribution,iqr,MEASURED_REUSED,3.8499999999999996,cache 57b015b6d8ab5390
max. wv (m/s),inner_1,distribution,mad,MEASURED_REUSED,1.8299999999999998,cache 57b015b6d8ab5390
max. wv (m/s),inner_1,distribution,skewness,MEASURED_REUSED,1.1717577729402944,cache 57b015b6d8ab5390
max. wv (m/s),inner_1,distribution,excess_kurtosis,MEASURED_REUSED,1.7549441431073678,cache 57b015b6d8ab5390
max. wv (m/s),inner_1,distribution,q01,MEASURED_REUSED,0.52,cache 57b015b6d8ab5390
max. wv (m/s),inner_1,distribution,q99,MEASURED_REUSED,13.105800000000016,cache 57b015b6d8ab5390
max. wv (m/s),inner_1,distribution,upper_tail_ratio,MEASURED_REUSED,4.912815315315317,cache 57b015b6d8ab5390
max. wv (m/s),inner_1,distribution,lower_tail_ratio,MEASURED_REUSED,1.9570552147239264,cache 57b015b6d8ab5390
max. wv (m/s),inner_1,volatility,diff_std,MEASURED_REUSED,1.0648739974493724,cache 45f08a08bf5e1786
max. wv (m/s),inner_1,volatility,diff_std_over_std,MEASURED_REUSED,0.3726982226425116,cache 45f08a08bf5e1786
max. wv (m/s),inner_1,volatility,rolling_std_cv,MEASURED_REUSED,0.4125112394481732,cache 45f08a08bf5e1786
max. wv (m/s),inner_1,acf_selected,acf_lag_1,MEASURED_REUSED,0.9305019168035533,cache 7ddc2536fcf1463e
max. wv (m/s),inner_1,acf_selected,acf_lag_144,MEASURED_REUSED,0.4302293464697554,cache 7ddc2536fcf1463e
max. wv (m/s),inner_1,acf_selected,acf_lag_288,MEASURED_REUSED,0.33323867160107074,cache 7ddc2536fcf1463e
max. wv (m/s),inner_1,acf_selected,acf_lag_1008,MEASURED_REUSED,0.24499606188150727,cache 7ddc2536fcf1463e
max. wv (m/s),inner_1,seasonality,seasonal_acf_daily_144,MEASURED_REUSED,0.4302293464697554,cache af515319f6dd4a91
max. wv (m/s),inner_1,seasonality,seasonal_diff_var_ratio_daily_144,MEASURED_REUSED,1.1369698608841812,cache af515319f6dd4a91
max. wv (m/s),inner_1,seasonality,seasonal_acf_weekly_1008,MEASURED_REUSED,0.24499606188150727,cache af515319f6dd4a91
max. wv (m/s),inner_1,seasonality,seasonal_diff_var_ratio_weekly_1008,MEASURED_REUSED,1.517050542240789,cache af515319f6dd4a91
max. wv (m/s),inner_1,cost,seconds_quality,MEASURED_REUSED,0.0003913326190476262,process CPU seconds of the batch divided by its features
max. wv (m/s),inner_1,cost,seconds_distribution,MEASURED_REUSED,0.0017938383333333317,process CPU seconds of the batch divided by its features
max. wv (m/s),inner_1,cost,seconds_volatility,MEASURED_REUSED,0.0002967885714285687,process CPU seconds of the batch divided by its features
max. wv (m/s),inner_1,cost,seconds_acf_selected,MEASURED_REUSED,0.00014982047619046694,process CPU seconds of the batch divided by its features
max. wv (m/s),inner_1,cost,seconds_seasonality,MEASURED_REUSED,0.00029822766666666645,process CPU seconds of the batch divided by its features
max. wv (m/s),inner_1,stationarity,adf_c_aic_pvalue,NOT_RUN,,DEFERRED_TO_PS4
max. wv (m/s),inner_1,stationarity,kpss_c_auto_pvalue,NOT_RUN,,DEFERRED_TO_PS4
max. wv (m/s),inner_1,spectral,peak1_period_rows,NOT_RUN,,DEFERRED_TO_PS4
max. wv (m/s),inner_1,spectral,entropy_normalized,NOT_RUN,,DEFERRED_TO_PS4
max. wv (m/s),inner_1,stl,stl_seasonal_strength_primary,NOT_RUN,,DEFERRED_TO_PS4
wd (deg),inner_1,quality,missing_fraction,MEASURED_REUSED,0.0,cache 16bb3e7275cee1ee
wd (deg),inner_1,quality,nonfinite_count,MEASURED_REUSED,0,cache 16bb3e7275cee1ee
wd (deg),inner_1,quality,constant_flag,MEASURED_REUSED,False,cache 16bb3e7275cee1ee
wd (deg),inner_1,quality,unique_ratio,MEASURED_REUSED,0.2685907970419063,cache 16bb3e7275cee1ee
wd (deg),inner_1,quality,sentinel_le_m9999_count,MEASURED_REUSED,0,cache 16bb3e7275cee1ee
wd (deg),inner_1,distribution,mean,MEASURED_REUSED,177.24422658175843,cache 57b015b6d8ab5390
wd (deg),inner_1,distribution,std,MEASURED_REUSED,80.49087923514598,cache 57b015b6d8ab5390
wd (deg),inner_1,distribution,median,MEASURED_REUSED,198.1,cache 57b015b6d8ab5390
wd (deg),inner_1,distribution,iqr,MEASURED_REUSED,87.4,cache 57b015b6d8ab5390
wd (deg),inner_1,distribution,mad,MEASURED_REUSED,39.5,cache 57b015b6d8ab5390
wd (deg),inner_1,distribution,skewness,MEASURED_REUSED,-0.5726663820969863,cache 57b015b6d8ab5390
wd (deg),inner_1,distribution,excess_kurtosis,MEASURED_REUSED,-0.3373997518794565,cache 57b015b6d8ab5390
wd (deg),inner_1,distribution,q01,MEASURED_REUSED,7.3442,cache 57b015b6d8ab5390
wd (deg),inner_1,distribution,q99,MEASURED_REUSED,349.6,cache 57b015b6d8ab5390
wd (deg),inner_1,distribution,upper_tail_ratio,MEASURED_REUSED,5.16213815789474,cache 57b015b6d8ab5390
wd (deg),inner_1,distribution,lower_tail_ratio,MEASURED_REUSED,3.4122692982456138,cache 57b015b6d8ab5390
wd (deg),inner_1,volatility,diff_std,MEASURED_REUSED,57.937578500557656,cache 45f08a08bf5e1786
wd (deg),inner_1,volatility,diff_std_over_std,MEASURED_REUSED,0.7198030267665342,cache 45f08a08bf5e1786
wd (deg),inner_1,volatility,rolling_std_cv,MEASURED_REUSED,0.6065597763148258,cache 45f08a08bf5e1786
wd (deg),inner_1,acf_selected,acf_lag_1,MEASURED_REUSED,0.7409456232630738,cache 7ddc2536fcf1463e
wd (deg),inner_1,acf_selected,acf_lag_144,MEASURED_REUSED,0.2642120730266513,cache 7ddc2536fcf1463e
wd (deg),inner_1,acf_selected,acf_lag_288,MEASURED_REUSED,0.22209947257396126,cache 7ddc2536fcf1463e
wd (deg),inner_1,acf_selected,acf_lag_1008,MEASURED_REUSED,0.0766666827757834,cache 7ddc2536fcf1463e
wd (deg),inner_1,seasonality,seasonal_acf_daily_144,MEASURED_REUSED,0.2642120730266513,cache af515319f6dd4a91
wd (deg),inner_1,seasonality,seasonal_diff_var_ratio_daily_144,MEASURED_REUSED,1.4559970631955732,cache af515319f6dd4a91
wd (deg),inner_1,seasonality,seasonal_acf_weekly_1008,MEASURED_REUSED,0.0766666827757834,cache af515319f6dd4a91
wd (deg),inner_1,seasonality,seasonal_diff_var_ratio_weekly_1008,MEASURED_REUSED,1.8000038996511283,cache af515319f6dd4a91
wd (deg),inner_1,cost,seconds_quality,MEASURED_REUSED,0.0003913326190476262,process CPU seconds of the batch divided by its features
wd (deg),inner_1,cost,seconds_distribution,MEASURED_REUSED,0.0017938383333333317,process CPU seconds of the batch divided by its features
wd (deg),inner_1,cost,seconds_volatility,MEASURED_REUSED,0.0002967885714285687,process CPU seconds of the batch divided by its features
wd (deg),inner_1,cost,seconds_acf_selected,MEASURED_REUSED,0.00014982047619046694,process CPU seconds of the batch divided by its features
wd (deg),inner_1,cost,seconds_seasonality,MEASURED_REUSED,0.00029822766666666645,process CPU seconds of the batch divided by its features
wd (deg),inner_1,stationarity,adf_c_aic_pvalue,NOT_RUN,,DEFERRED_TO_PS4
wd (deg),inner_1,stationarity,kpss_c_auto_pvalue,NOT_RUN,,DEFERRED_TO_PS4
wd (deg),inner_1,spectral,peak1_period_rows,NOT_RUN,,DEFERRED_TO_PS4
wd (deg),inner_1,spectral,entropy_normalized,NOT_RUN,,DEFERRED_TO_PS4
wd (deg),inner_1,stl,stl_seasonal_strength_primary,NOT_RUN,,DEFERRED_TO_PS4
rain (mm),inner_1,quality,missing_fraction,MEASURED_REUSED,0.0,cache 16bb3e7275cee1ee
rain (mm),inner_1,quality,nonfinite_count,MEASURED_REUSED,0,cache 16bb3e7275cee1ee
rain (mm),inner_1,quality,constant_flag,MEASURED_REUSED,False,cache 16bb3e7275cee1ee
rain (mm),inner_1,quality,unique_ratio,MEASURED_REUSED,0.0010784716516023007,cache 16bb3e7275cee1ee
rain (mm),inner_1,quality,sentinel_le_m9999_count,MEASURED_REUSED,0,cache 16bb3e7275cee1ee
rain (mm),inner_1,distribution,mean,MEASURED_REUSED,0.008874281018898932,cache 57b015b6d8ab5390
rain (mm),inner_1,distribution,std,MEASURED_REUSED,0.06802741845421276,cache 57b015b6d8ab5390
rain (mm),inner_1,distribution,median,MEASURED_REUSED,0.0,cache 57b015b6d8ab5390
rain (mm),inner_1,distribution,iqr,MEASURED_REUSED,0.0,cache 57b015b6d8ab5390
rain (mm),inner_1,distribution,mad,MEASURED_REUSED,0.0,cache 57b015b6d8ab5390
rain (mm),inner_1,distribution,skewness,MEASURED_REUSED,15.545469721986798,cache 57b015b6d8ab5390
rain (mm),inner_1,distribution,excess_kurtosis,MEASURED_REUSED,359.48549545495,cache 57b015b6d8ab5390
rain (mm),inner_1,distribution,q01,MEASURED_REUSED,0.0,cache 57b015b6d8ab5390
rain (mm),inner_1,distribution,q99,MEASURED_REUSED,0.3,cache 57b015b6d8ab5390
rain (mm),inner_1,distribution,upper_tail_ratio,NOT_RUN,,ZERO_UPPER_QUARTILE_SPREAD
rain (mm),inner_1,distribution,lower_tail_ratio,NOT_RUN,,ZERO_LOWER_QUARTILE_SPREAD
rain (mm),inner_1,volatility,diff_std,MEASURED_REUSED,0.06369063647932278,cache 45f08a08bf5e1786
rain (mm),inner_1,volatility,diff_std_over_std,MEASURED_REUSED,0.9362494994895487,cache 45f08a08bf5e1786
rain (mm),inner_1,volatility,rolling_std_cv,MEASURED_REUSED,1.9185678289580281,cache 45f08a08bf5e1786
rain (mm),inner_1,acf_selected,acf_lag_1,MEASURED_REUSED,0.561740072808591,cache 7ddc2536fcf1463e
rain (mm),inner_1,acf_selected,acf_lag_144,MEASURED_REUSED,0.007160234322849854,cache 7ddc2536fcf1463e
rain (mm),inner_1,acf_selected,acf_lag_288,MEASURED_REUSED,-0.007614948979233903,cache 7ddc2536fcf1463e
rain (mm),inner_1,acf_selected,acf_lag_1008,MEASURED_REUSED,-2.0964621843966336e-05,cache 7ddc2536fcf1463e
rain (mm),inner_1,seasonality,seasonal_acf_daily_144,MEASURED_REUSED,0.007160234322849854,cache af515319f6dd4a91
rain (mm),inner_1,seasonality,seasonal_diff_var_ratio_daily_144,MEASURED_REUSED,2.0002199148031643,cache af515319f6dd4a91
rain (mm),inner_1,seasonality,seasonal_acf_weekly_1008,MEASURED_REUSED,-2.0964621843966336e-05,cache af515319f6dd4a91
rain (mm),inner_1,seasonality,seasonal_diff_var_ratio_weekly_1008,MEASURED_REUSED,1.9550011529232167,cache af515319f6dd4a91
rain (mm),inner_1,cost,seconds_quality,MEASURED_REUSED,0.0003913326190476262,process CPU seconds of the batch divided by its features
rain (mm),inner_1,cost,seconds_distribution,MEASURED_REUSED,0.0017938383333333317,process CPU seconds of the batch divided by its features
rain (mm),inner_1,cost,seconds_volatility,MEASURED_REUSED,0.0002967885714285687,process CPU seconds of the batch divided by its features
rain (mm),inner_1,cost,seconds_acf_selected,MEASURED_REUSED,0.00014982047619046694,process CPU seconds of the batch divided by its features
rain (mm),inner_1,cost,seconds_seasonality,MEASURED_REUSED,0.00029822766666666645,process CPU seconds of the batch divided by its features
rain (mm),inner_1,stationarity,adf_c_aic_pvalue,NOT_RUN,,DEFERRED_TO_PS4
rain (mm),inner_1,stationarity,kpss_c_auto_pvalue,NOT_RUN,,DEFERRED_TO_PS4
rain (mm),inner_1,spectral,peak1_period_rows,NOT_RUN,,DEFERRED_TO_PS4
rain (mm),inner_1,spectral,entropy_normalized,NOT_RUN,,DEFERRED_TO_PS4
rain (mm),inner_1,stl,stl_seasonal_strength_primary,NOT_RUN,,DEFERRED_TO_PS4
raining (s),inner_1,quality,missing_fraction,MEASURED_REUSED,0.0,cache 16bb3e7275cee1ee
raining (s),inner_1,quality,nonfinite_count,MEASURED_REUSED,0,cache 16bb3e7275cee1ee
raining (s),inner_1,quality,constant_flag,MEASURED_REUSED,False,cache 16bb3e7275cee1ee
raining (s),inner_1,quality,unique_ratio,MEASURED_REUSED,0.0031327033689400163,cache 16bb3e7275cee1ee
raining (s),inner_1,quality,sentinel_le_m9999_count,MEASURED_REUSED,0,cache 16bb3e7275cee1ee
raining (s),inner_1,distribution,mean,MEASURED_REUSED,24.38424404272802,cache 57b015b6d8ab5390
raining (s),inner_1,distribution,std,MEASURED_REUSED,107.99811519717404,cache 57b015b6d8ab5390
raining (s),inner_1,distribution,median,MEASURED_REUSED,0.0,cache 57b015b6d8ab5390
raining (s),inner_1,distribution,iqr,MEASURED_REUSED,0.0,cache 57b015b6d8ab5390
raining (s),inner_1,distribution,mad,MEASURED_REUSED,0.0,cache 57b015b6d8ab5390
raining (s),inner_1,distribution,skewness,MEASURED_REUSED,4.602200578718702,cache 57b015b6d8ab5390
raining (s),inner_1,distribution,excess_kurtosis,MEASURED_REUSED,20.115758314205056,cache 57b015b6d8ab5390
raining (s),inner_1,distribution,q01,MEASURED_REUSED,0.0,cache 57b015b6d8ab5390
raining (s),inner_1,distribution,q99,MEASURED_REUSED,600.0,cache 57b015b6d8ab5390
raining (s),inner_1,distribution,upper_tail_ratio,NOT_RUN,,ZERO_UPPER_QUARTILE_SPREAD
raining (s),inner_1,distribution,lower_tail_ratio,NOT_RUN,,ZERO_LOWER_QUARTILE_SPREAD
raining (s),inner_1,volatility,diff_std,MEASURED_REUSED,57.20946114749597,cache 45f08a08bf5e1786
raining (s),inner_1,volatility,diff_std_over_std,MEASURED_REUSED,0.5297264775690544,cache 45f08a08bf5e1786
raining (s),inner_1,volatility,rolling_std_cv,MEASURED_REUSED,1.387822338663996,cache 45f08a08bf5e1786
raining (s),inner_1,acf_selected,acf_lag_1,MEASURED_REUSED,0.8596995171585015,cache 7ddc2536fcf1463e
raining (s),inner_1,acf_selected,acf_lag_144,MEASURED_REUSED,0.05697178515169609,cache 7ddc2536fcf1463e
raining (s),inner_1,acf_selected,acf_lag_288,MEASURED_REUSED,0.004680168519740701,cache 7ddc2536fcf1463e
raining (s),inner_1,acf_selected,acf_lag_1008,MEASURED_REUSED,0.06794630545525618,cache 7ddc2536fcf1463e
raining (s),inner_1,seasonality,seasonal_acf_daily_144,MEASURED_REUSED,0.05697178515169609,cache af515319f6dd4a91
raining (s),inner_1,seasonality,seasonal_diff_var_ratio_daily_144,MEASURED_REUSED,1.899348523617916,cache af515319f6dd4a91
raining (s),inner_1,seasonality,seasonal_acf_weekly_1008,MEASURED_REUSED,0.06794630545525618,cache af515319f6dd4a91
raining (s),inner_1,seasonality,seasonal_diff_var_ratio_weekly_1008,MEASURED_REUSED,1.857235785041971,cache af515319f6dd4a91
raining (s),inner_1,cost,seconds_quality,MEASURED_REUSED,0.0003913326190476262,process CPU seconds of the batch divided by its features
raining (s),inner_1,cost,seconds_distribution,MEASURED_REUSED,0.0017938383333333317,process CPU seconds of the batch divided by its features
raining (s),inner_1,cost,seconds_volatility,MEASURED_REUSED,0.0002967885714285687,process CPU seconds of the batch divided by its features
raining (s),inner_1,cost,seconds_acf_selected,MEASURED_REUSED,0.00014982047619046694,process CPU seconds of the batch divided by its features
raining (s),inner_1,cost,seconds_seasonality,MEASURED_REUSED,0.00029822766666666645,process CPU seconds of the batch divided by its features
raining (s),inner_1,stationarity,adf_c_aic_pvalue,NOT_RUN,,DEFERRED_TO_PS4
raining (s),inner_1,stationarity,kpss_c_auto_pvalue,NOT_RUN,,DEFERRED_TO_PS4
raining (s),inner_1,spectral,peak1_period_rows,NOT_RUN,,DEFERRED_TO_PS4
raining (s),inner_1,spectral,entropy_normalized,NOT_RUN,,DEFERRED_TO_PS4
raining (s),inner_1,stl,stl_seasonal_strength_primary,NOT_RUN,,DEFERRED_TO_PS4
SWDR (W/m�),inner_1,quality,missing_fraction,MEASURED_REUSED,0.0,cache 16bb3e7275cee1ee
SWDR (W/m�),inner_1,quality,nonfinite_count,MEASURED_REUSED,0,cache 16bb3e7275cee1ee
SWDR (W/m�),inner_1,quality,constant_flag,MEASURED_REUSED,False,cache 16bb3e7275cee1ee
SWDR (W/m�),inner_1,quality,unique_ratio,MEASURED_REUSED,0.16444124897288415,cache 16bb3e7275cee1ee
SWDR (W/m�),inner_1,quality,sentinel_le_m9999_count,MEASURED_REUSED,0,cache 16bb3e7275cee1ee
SWDR (W/m�),inner_1,distribution,mean,MEASURED_REUSED,117.6474840797042,cache 57b015b6d8ab5390
SWDR (W/m�),inner_1,distribution,std,MEASURED_REUSED,201.8959099903862,cache 57b015b6d8ab5390
SWDR (W/m�),inner_1,distribution,median,MEASURED_REUSED,0.0,cache 57b015b6d8ab5390
SWDR (W/m�),inner_1,distribution,iqr,MEASURED_REUSED,153.32,cache 57b015b6d8ab5390
SWDR (W/m�),inner_1,distribution,mad,MEASURED_REUSED,0.0,cache 57b015b6d8ab5390
SWDR (W/m�),inner_1,distribution,skewness,MEASURED_REUSED,1.9177232941298044,cache 57b015b6d8ab5390
SWDR (W/m�),inner_1,distribution,excess_kurtosis,MEASURED_REUSED,2.7880134370105907,cache 57b015b6d8ab5390
SWDR (W/m�),inner_1,distribution,q01,MEASURED_REUSED,0.0,cache 57b015b6d8ab5390
SWDR (W/m�),inner_1,distribution,q99,MEASURED_REUSED,791.8660000000003,cache 57b015b6d8ab5390
SWDR (W/m�),inner_1,distribution,upper_tail_ratio,MEASURED_REUSED,5.370075658752936,cache 57b015b6d8ab5390
SWDR (W/m�),inner_1,distribution,lower_tail_ratio,NOT_RUN,,ZERO_LOWER_QUARTILE_SPREAD
SWDR (W/m�),inner_1,volatility,diff_std,MEASURED_REUSED,48.63822641662136,cache 45f08a08bf5e1786
SWDR (W/m�),inner_1,volatility,diff_std_over_std,MEASURED_REUSED,0.24090743799088052,cache 45f08a08bf5e1786
SWDR (W/m�),inner_1,volatility,rolling_std_cv,MEASURED_REUSED,0.6128270200843122,cache 45f08a08bf5e1786
SWDR (W/m�),inner_1,acf_selected,acf_lag_1,MEASURED_REUSED,0.9709695301975254,cache 7ddc2536fcf1463e
SWDR (W/m�),inner_1,acf_selected,acf_lag_144,MEASURED_REUSED,0.8385856015550697,cache 7ddc2536fcf1463e
SWDR (W/m�),inner_1,acf_selected,acf_lag_288,MEASURED_REUSED,0.7798006761058948,cache 7ddc2536fcf1463e
SWDR (W/m�),inner_1,acf_selected,acf_lag_1008,MEASURED_REUSED,0.7401487260893733,cache 7ddc2536fcf1463e
SWDR (W/m�),inner_1,seasonality,seasonal_acf_daily_144,MEASURED_REUSED,0.8385856015550697,cache af515319f6dd4a91
SWDR (W/m�),inner_1,seasonality,seasonal_diff_var_ratio_daily_144,MEASURED_REUSED,0.31882870966801496,cache af515319f6dd4a91
SWDR (W/m�),inner_1,seasonality,seasonal_acf_weekly_1008,MEASURED_REUSED,0.7401487260893733,cache af515319f6dd4a91
SWDR (W/m�),inner_1,seasonality,seasonal_diff_var_ratio_weekly_1008,MEASURED_REUSED,0.4461212758015584,cache af515319f6dd4a91
SWDR (W/m�),inner_1,cost,seconds_quality,MEASURED_REUSED,0.0003913326190476262,process CPU seconds of the batch divided by its features
SWDR (W/m�),inner_1,cost,seconds_distribution,MEASURED_REUSED,0.0017938383333333317,process CPU seconds of the batch divided by its features
SWDR (W/m�),inner_1,cost,seconds_volatility,MEASURED_REUSED,0.0002967885714285687,process CPU seconds of the batch divided by its features
SWDR (W/m�),inner_1,cost,seconds_acf_selected,MEASURED_REUSED,0.00014982047619046694,process CPU seconds of the batch divided by its features
SWDR (W/m�),inner_1,cost,seconds_seasonality,MEASURED_REUSED,0.00029822766666666645,process CPU seconds of the batch divided by its features
SWDR (W/m�),inner_1,stationarity,adf_c_aic_pvalue,NOT_RUN,,DEFERRED_TO_PS4
SWDR (W/m�),inner_1,stationarity,kpss_c_auto_pvalue,NOT_RUN,,DEFERRED_TO_PS4
SWDR (W/m�),inner_1,spectral,peak1_period_rows,NOT_RUN,,DEFERRED_TO_PS4
SWDR (W/m�),inner_1,spectral,entropy_normalized,NOT_RUN,,DEFERRED_TO_PS4
SWDR (W/m�),inner_1,stl,stl_seasonal_strength_primary,NOT_RUN,,DEFERRED_TO_PS4
PAR (�mol/m�/s),inner_1,quality,missing_fraction,MEASURED_REUSED,0.0,cache 16bb3e7275cee1ee
PAR (�mol/m�/s),inner_1,quality,nonfinite_count,MEASURED_REUSED,0,cache 16bb3e7275cee1ee
PAR (�mol/m�/s),inner_1,quality,constant_flag,MEASURED_REUSED,False,cache 16bb3e7275cee1ee
PAR (�mol/m�/s),inner_1,quality,unique_ratio,MEASURED_REUSED,0.2300225965488907,cache 16bb3e7275cee1ee
PAR (�mol/m�/s),inner_1,quality,sentinel_le_m9999_count,MEASURED_REUSED,0,cache 16bb3e7275cee1ee
PAR (�mol/m�/s),inner_1,distribution,mean,MEASURED_REUSED,228.9636236647494,cache 57b015b6d8ab5390
PAR (�mol/m�/s),inner_1,distribution,std,MEASURED_REUSED,387.3577820419574,cache 57b015b6d8ab5390
PAR (�mol/m�/s),inner_1,distribution,median,MEASURED_REUSED,1.16,cache 57b015b6d8ab5390
PAR (�mol/m�/s),inner_1,distribution,iqr,MEASURED_REUSED,306.56,cache 57b015b6d8ab5390
PAR (�mol/m�/s),inner_1,distribution,mad,MEASURED_REUSED,1.16,cache 57b015b6d8ab5390
PAR (�mol/m�/s),inner_1,distribution,skewness,MEASURED_REUSED,1.9072662851237403,cache 57b015b6d8ab5390
PAR (�mol/m�/s),inner_1,distribution,excess_kurtosis,MEASURED_REUSED,2.7947258338476857,cache 57b015b6d8ab5390
PAR (�mol/m�/s),inner_1,distribution,q01,MEASURED_REUSED,0.0,cache 57b015b6d8ab5390
PAR (�mol/m�/s),inner_1,distribution,q99,MEASURED_REUSED,1528.96,cache 57b015b6d8ab5390
PAR (�mol/m�/s),inner_1,distribution,upper_tail_ratio,MEASURED_REUSED,5.198559266535691,cache 57b015b6d8ab5390
PAR (�mol/m�/s),inner_1,distribution,lower_tail_ratio,MEASURED_REUSED,1.0,cache 57b015b6d8ab5390
PAR (�mol/m�/s),inner_1,volatility,diff_std,MEASURED_REUSED,90.6326331088003,cache 45f08a08bf5e1786
PAR (�mol/m�/s),inner_1,volatility,diff_std_over_std,MEASURED_REUSED,0.23397653877257912,cache 45f08a08bf5e1786
PAR (�mol/m�/s),inner_1,volatility,rolling_std_cv,MEASURED_REUSED,0.599356327497053,cache 45f08a08bf5e1786
PAR (�mol/m�/s),inner_1,acf_selected,acf_lag_1,MEASURED_REUSED,0.972615128470188,cache 7ddc2536fcf1463e
PAR (�mol/m�/s),inner_1,acf_selected,acf_lag_144,MEASURED_REUSED,0.850494551225232,cache 7ddc2536fcf1463e
PAR (�mol/m�/s),inner_1,acf_selected,acf_lag_288,MEASURED_REUSED,0.7952280972094706,cache 7ddc2536fcf1463e
PAR (�mol/m�/s),inner_1,acf_selected,acf_lag_1008,MEASURED_REUSED,0.7558762026953171,cache 7ddc2536fcf1463e
PAR (�mol/m�/s),inner_1,seasonality,seasonal_acf_daily_144,MEASURED_REUSED,0.850494551225232,cache af515319f6dd4a91
PAR (�mol/m�/s),inner_1,seasonality,seasonal_diff_var_ratio_daily_144,MEASURED_REUSED,0.29498831878101966,cache af515319f6dd4a91
PAR (�mol/m�/s),inner_1,seasonality,seasonal_acf_weekly_1008,MEASURED_REUSED,0.7558762026953171,cache af515319f6dd4a91
PAR (�mol/m�/s),inner_1,seasonality,seasonal_diff_var_ratio_weekly_1008,MEASURED_REUSED,0.4107752501007268,cache af515319f6dd4a91
PAR (�mol/m�/s),inner_1,cost,seconds_quality,MEASURED_REUSED,0.0003913326190476262,process CPU seconds of the batch divided by its features
PAR (�mol/m�/s),inner_1,cost,seconds_distribution,MEASURED_REUSED,0.0017938383333333317,process CPU seconds of the batch divided by its features
PAR (�mol/m�/s),inner_1,cost,seconds_volatility,MEASURED_REUSED,0.0002967885714285687,process CPU seconds of the batch divided by its features
PAR (�mol/m�/s),inner_1,cost,seconds_acf_selected,MEASURED_REUSED,0.00014982047619046694,process CPU seconds of the batch divided by its features
PAR (�mol/m�/s),inner_1,cost,seconds_seasonality,MEASURED_REUSED,0.00029822766666666645,process CPU seconds of the batch divided by its features
PAR (�mol/m�/s),inner_1,stationarity,adf_c_aic_pvalue,NOT_RUN,,DEFERRED_TO_PS4
PAR (�mol/m�/s),inner_1,stationarity,kpss_c_auto_pvalue,NOT_RUN,,DEFERRED_TO_PS4
PAR (�mol/m�/s),inner_1,spectral,peak1_period_rows,NOT_RUN,,DEFERRED_TO_PS4
PAR (�mol/m�/s),inner_1,spectral,entropy_normalized,NOT_RUN,,DEFERRED_TO_PS4
PAR (�mol/m�/s),inner_1,stl,stl_seasonal_strength_primary,NOT_RUN,,DEFERRED_TO_PS4
max. PAR (�mol/m�/s),inner_1,quality,missing_fraction,MEASURED_REUSED,0.0,cache 16bb3e7275cee1ee
max. PAR (�mol/m�/s),inner_1,quality,nonfinite_count,MEASURED_REUSED,0,cache 16bb3e7275cee1ee
max. PAR (�mol/m�/s),inner_1,quality,constant_flag,MEASURED_REUSED,False,cache 16bb3e7275cee1ee
max. PAR (�mol/m�/s),inner_1,quality,unique_ratio,MEASURED_REUSED,0.18154272801972063,cache 16bb3e7275cee1ee
max. PAR (�mol/m�/s),inner_1,quality,sentinel_le_m9999_count,MEASURED_REUSED,2,cache 16bb3e7275cee1ee
max. PAR (�mol/m�/s),inner_1,distribution,mean,MEASURED_REUSED,270.4039102300739,cache 57b015b6d8ab5390
max. PAR (�mol/m�/s),inner_1,distribution,std,MEASURED_REUSED,467.4952940733896,cache 57b015b6d8ab5390
max. PAR (�mol/m�/s),inner_1,distribution,median,MEASURED_REUSED,2.51,cache 57b015b6d8ab5390
max. PAR (�mol/m�/s),inner_1,distribution,iqr,MEASURED_REUSED,359.27,cache 57b015b6d8ab5390
max. PAR (�mol/m�/s),inner_1,distribution,mad,MEASURED_REUSED,2.51,cache 57b015b6d8ab5390
max. PAR (�mol/m�/s),inner_1,distribution,skewness,MEASURED_REUSED,0.6543659203950555,cache 57b015b6d8ab5390
max. PAR (�mol/m�/s),inner_1,distribution,excess_kurtosis,MEASURED_REUSED,26.136727860307744,cache 57b015b6d8ab5390
max. PAR (�mol/m�/s),inner_1,distribution,q01,MEASURED_REUSED,0.0,cache 57b015b6d8ab5390
max. PAR (�mol/m�/s),inner_1,distribution,q99,MEASURED_REUSED,1776.06,cache 57b015b6d8ab5390
max. PAR (�mol/m�/s),inner_1,distribution,upper_tail_ratio,MEASURED_REUSED,5.555667675748403,cache 57b015b6d8ab5390
max. PAR (�mol/m�/s),inner_1,distribution,lower_tail_ratio,MEASURED_REUSED,1.0,cache 57b015b6d8ab5390
max. PAR (�mol/m�/s),inner_1,volatility,diff_std,MEASURED_REUSED,163.03485655449947,cache 45f08a08bf5e1786
max. PAR (�mol/m�/s),inner_1,volatility,diff_std_over_std,MEASURED_REUSED,0.34874117156119544,cache 45f08a08bf5e1786
max. PAR (�mol/m�/s),inner_1,volatility,rolling_std_cv,MEASURED_REUSED,0.6014076323737096,cache 45f08a08bf5e1786
max. PAR (�mol/m�/s),inner_1,acf_selected,acf_lag_1,MEASURED_REUSED,0.9391799003816829,cache 7ddc2536fcf1463e
max. PAR (�mol/m�/s),inner_1,acf_selected,acf_lag_144,MEASURED_REUSED,0.7717403212111539,cache 7ddc2536fcf1463e
max. PAR (�mol/m�/s),inner_1,acf_selected,acf_lag_288,MEASURED_REUSED,0.739888021806593,cache 7ddc2536fcf1463e
max. PAR (�mol/m�/s),inner_1,acf_selected,acf_lag_1008,MEASURED_REUSED,0.7168623025686709,cache 7ddc2536fcf1463e
max. PAR (�mol/m�/s),inner_1,seasonality,seasonal_acf_daily_144,MEASURED_REUSED,0.7717403212111539,cache af515319f6dd4a91
max. PAR (�mol/m�/s),inner_1,seasonality,seasonal_diff_var_ratio_daily_144,MEASURED_REUSED,0.4524969029271063,cache af515319f6dd4a91
max. PAR (�mol/m�/s),inner_1,seasonality,seasonal_acf_weekly_1008,MEASURED_REUSED,0.7168623025686709,cache af515319f6dd4a91
max. PAR (�mol/m�/s),inner_1,seasonality,seasonal_diff_var_ratio_weekly_1008,MEASURED_REUSED,0.47064326775792487,cache af515319f6dd4a91
max. PAR (�mol/m�/s),inner_1,cost,seconds_quality,MEASURED_REUSED,0.0003913326190476262,process CPU seconds of the batch divided by its features
max. PAR (�mol/m�/s),inner_1,cost,seconds_distribution,MEASURED_REUSED,0.0017938383333333317,process CPU seconds of the batch divided by its features
max. PAR (�mol/m�/s),inner_1,cost,seconds_volatility,MEASURED_REUSED,0.0002967885714285687,process CPU seconds of the batch divided by its features
max. PAR (�mol/m�/s),inner_1,cost,seconds_acf_selected,MEASURED_REUSED,0.00014982047619046694,process CPU seconds of the batch divided by its features
max. PAR (�mol/m�/s),inner_1,cost,seconds_seasonality,MEASURED_REUSED,0.00029822766666666645,process CPU seconds of the batch divided by its features
max. PAR (�mol/m�/s),inner_1,stationarity,adf_c_aic_pvalue,NOT_RUN,,DEFERRED_TO_PS4
max. PAR (�mol/m�/s),inner_1,stationarity,kpss_c_auto_pvalue,NOT_RUN,,DEFERRED_TO_PS4
max. PAR (�mol/m�/s),inner_1,spectral,peak1_period_rows,NOT_RUN,,DEFERRED_TO_PS4
max. PAR (�mol/m�/s),inner_1,spectral,entropy_normalized,NOT_RUN,,DEFERRED_TO_PS4
max. PAR (�mol/m�/s),inner_1,stl,stl_seasonal_strength_primary,NOT_RUN,,DEFERRED_TO_PS4
Tlog (degC),inner_1,quality,missing_fraction,MEASURED_REUSED,0.0,cache 16bb3e7275cee1ee
Tlog (degC),inner_1,quality,nonfinite_count,MEASURED_REUSED,0,cache 16bb3e7275cee1ee
Tlog (degC),inner_1,quality,constant_flag,MEASURED_REUSED,False,cache 16bb3e7275cee1ee
Tlog (degC),inner_1,quality,unique_ratio,MEASURED_REUSED,0.1358874281018899,cache 16bb3e7275cee1ee
Tlog (degC),inner_1,quality,sentinel_le_m9999_count,MEASURED_REUSED,0,cache 16bb3e7275cee1ee
Tlog (degC),inner_1,distribution,mean,MEASURED_REUSED,17.36644361133936,cache 57b015b6d8ab5390
Tlog (degC),inner_1,distribution,std,MEASURED_REUSED,5.343990834300258,cache 57b015b6d8ab5390
Tlog (degC),inner_1,distribution,median,MEASURED_REUSED,16.59,cache 57b015b6d8ab5390
Tlog (degC),inner_1,distribution,iqr,MEASURED_REUSED,6.27,cache 57b015b6d8ab5390
Tlog (degC),inner_1,distribution,mad,MEASURED_REUSED,3.0599999999999987,cache 57b015b6d8ab5390
Tlog (degC),inner_1,distribution,skewness,MEASURED_REUSED,0.870487489500387,cache 57b015b6d8ab5390
Tlog (degC),inner_1,distribution,excess_kurtosis,MEASURED_REUSED,0.840829461177103,cache 57b015b6d8ab5390
Tlog (degC),inner_1,distribution,q01,MEASURED_REUSED,7.66,cache 57b015b6d8ab5390
Tlog (degC),inner_1,distribution,q99,MEASURED_REUSED,33.40290000000001,cache 57b015b6d8ab5390
Tlog (degC),inner_1,distribution,upper_tail_ratio,MEASURED_REUSED,5.205962099125367,cache 57b015b6d8ab5390
Tlog (degC),inner_1,distribution,lower_tail_ratio,MEASURED_REUSED,3.23943661971831,cache 57b015b6d8ab5390
Tlog (degC),inner_1,volatility,diff_std,MEASURED_REUSED,0.1939891660874706,cache 45f08a08bf5e1786
Tlog (degC),inner_1,volatility,diff_std_over_std,MEASURED_REUSED,0.036300430165852174,cache 45f08a08bf5e1786
Tlog (degC),inner_1,volatility,rolling_std_cv,MEASURED_REUSED,0.580908317029116,cache 45f08a08bf5e1786
Tlog (degC),inner_1,acf_selected,acf_lag_1,MEASURED_REUSED,0.9992992020986292,cache 7ddc2536fcf1463e
Tlog (degC),inner_1,acf_selected,acf_lag_144,MEASURED_REUSED,0.7528753618559536,cache 7ddc2536fcf1463e
Tlog (degC),inner_1,acf_selected,acf_lag_288,MEASURED_REUSED,0.6205088211599105,cache 7ddc2536fcf1463e
Tlog (degC),inner_1,acf_selected,acf_lag_1008,MEASURED_REUSED,0.5012551981988359,cache 7ddc2536fcf1463e
Tlog (degC),inner_1,seasonality,seasonal_acf_daily_144,MEASURED_REUSED,0.7528753618559536,cache af515319f6dd4a91
Tlog (degC),inner_1,seasonality,seasonal_diff_var_ratio_daily_144,MEASURED_REUSED,0.4862475561932193,cache af515319f6dd4a91
Tlog (degC),inner_1,seasonality,seasonal_acf_weekly_1008,MEASURED_REUSED,0.5012551981988359,cache af515319f6dd4a91
Tlog (degC),inner_1,seasonality,seasonal_diff_var_ratio_weekly_1008,MEASURED_REUSED,0.8899085170942069,cache af515319f6dd4a91
Tlog (degC),inner_1,cost,seconds_quality,MEASURED_REUSED,0.0003913326190476262,process CPU seconds of the batch divided by its features
Tlog (degC),inner_1,cost,seconds_distribution,MEASURED_REUSED,0.0017938383333333317,process CPU seconds of the batch divided by its features
Tlog (degC),inner_1,cost,seconds_volatility,MEASURED_REUSED,0.0002967885714285687,process CPU seconds of the batch divided by its features
Tlog (degC),inner_1,cost,seconds_acf_selected,MEASURED_REUSED,0.00014982047619046694,process CPU seconds of the batch divided by its features
Tlog (degC),inner_1,cost,seconds_seasonality,MEASURED_REUSED,0.00029822766666666645,process CPU seconds of the batch divided by its features
Tlog (degC),inner_1,stationarity,adf_c_aic_pvalue,NOT_RUN,,DEFERRED_TO_PS4
Tlog (degC),inner_1,stationarity,kpss_c_auto_pvalue,NOT_RUN,,DEFERRED_TO_PS4
Tlog (degC),inner_1,spectral,peak1_period_rows,NOT_RUN,,DEFERRED_TO_PS4
Tlog (degC),inner_1,spectral,entropy_normalized,NOT_RUN,,DEFERRED_TO_PS4
Tlog (degC),inner_1,stl,stl_seasonal_strength_primary,NOT_RUN,,DEFERRED_TO_PS4
OT,inner_1,quality,missing_fraction,MEASURED_REUSED,0.0,cache 16bb3e7275cee1ee
OT,inner_1,quality,nonfinite_count,MEASURED_REUSED,0,cache 16bb3e7275cee1ee
OT,inner_1,quality,constant_flag,MEASURED_REUSED,False,cache 16bb3e7275cee1ee
OT,inner_1,quality,unique_ratio,MEASURED_REUSED,0.040519720624486444,cache 16bb3e7275cee1ee
OT,inner_1,quality,sentinel_le_m9999_count,MEASURED_REUSED,34,cache 16bb3e7275cee1ee
OT,inner_1,distribution,mean,MEASURED_REUSED,409.0047041906327,cache 57b015b6d8ab5390
OT,inner_1,distribution,std,MEASURED_REUSED,435.5044427657331,cache 57b015b6d8ab5390
OT,inner_1,distribution,median,MEASURED_REUSED,422.9,cache 57b015b6d8ab5390
OT,inner_1,distribution,iqr,MEASURED_REUSED,13.100000000000023,cache 57b015b6d8ab5390
OT,inner_1,distribution,mad,MEASURED_REUSED,5.2999999999999545,cache 57b015b6d8ab5390
OT,inner_1,distribution,skewness,MEASURED_REUSED,-23.83722866099791,cache 57b015b6d8ab5390
OT,inner_1,distribution,excess_kurtosis,MEASURED_REUSED,566.801665630974,cache 57b015b6d8ab5390
OT,inner_1,distribution,q01,MEASURED_REUSED,408.1,cache 57b015b6d8ab5390
OT,inner_1,distribution,q99,MEASURED_REUSED,470.5290000000001,cache 57b015b6d8ab5390
OT,inner_1,distribution,upper_tail_ratio,MEASURED_REUSED,5.608695652173888,cache 57b015b6d8ab5390
OT,inner_1,distribution,lower_tail_ratio,MEASURED_REUSED,4.272948717948736,cache 57b015b6d8ab5390
OT,inner_1,volatility,diff_std,MEASURED_REUSED,105.7124070103188,cache 45f08a08bf5e1786
OT,inner_1,volatility,diff_std_over_std,MEASURED_REUSED,0.2427355421197935,cache 45f08a08bf5e1786
OT,inner_1,volatility,rolling_std_cv,MEASURED_REUSED,9.209662987916706,cache 45f08a08bf5e1786
OT,inner_1,acf_selected,acf_lag_1,MEASURED_REUSED,0.9705409902769903,cache 7ddc2536fcf1463e
OT,inner_1,acf_selected,acf_lag_144,MEASURED_REUSED,0.0001845379580462754,cache 7ddc2536fcf1463e
OT,inner_1,acf_selected,acf_lag_288,MEASURED_REUSED,0.00011535295204727935,cache 7ddc2536fcf1463e
OT,inner_1,acf_selected,acf_lag_1008,MEASURED_REUSED,-0.0007662161033896586,cache 7ddc2536fcf1463e
OT,inner_1,seasonality,seasonal_acf_daily_144,MEASURED_REUSED,0.0001845379580462754,cache af515319f6dd4a91
OT,inner_1,seasonality,seasonal_diff_var_ratio_daily_144,MEASURED_REUSED,2.014490442435136,cache af515319f6dd4a91
OT,inner_1,seasonality,seasonal_acf_weekly_1008,MEASURED_REUSED,-0.0007662161033896586,cache af515319f6dd4a91
OT,inner_1,seasonality,seasonal_diff_var_ratio_weekly_1008,MEASURED_REUSED,2.1104462992877666,cache af515319f6dd4a91
OT,inner_1,cost,seconds_quality,MEASURED_REUSED,0.0003913326190476262,process CPU seconds of the batch divided by its features
OT,inner_1,cost,seconds_distribution,MEASURED_REUSED,0.0017938383333333317,process CPU seconds of the batch divided by its features
OT,inner_1,cost,seconds_volatility,MEASURED_REUSED,0.0002967885714285687,process CPU seconds of the batch divided by its features
OT,inner_1,cost,seconds_acf_selected,MEASURED_REUSED,0.00014982047619046694,process CPU seconds of the batch divided by its features
OT,inner_1,cost,seconds_seasonality,MEASURED_REUSED,0.00029822766666666645,process CPU seconds of the batch divided by its features
OT,inner_1,stationarity,adf_c_aic_pvalue,NOT_RUN,,DEFERRED_TO_PS4
OT,inner_1,stationarity,kpss_c_auto_pvalue,NOT_RUN,,DEFERRED_TO_PS4
OT,inner_1,spectral,peak1_period_rows,NOT_RUN,,DEFERRED_TO_PS4
OT,inner_1,spectral,entropy_normalized,NOT_RUN,,DEFERRED_TO_PS4
OT,inner_1,stl,stl_seasonal_strength_primary,NOT_RUN,,DEFERRED_TO_PS4
p (mbar),inner_2,quality,missing_fraction,MEASURED_REUSED,0.0,cache 4db6b742e30508e5
p (mbar),inner_2,quality,nonfinite_count,MEASURED_REUSED,0,cache 4db6b742e30508e5
p (mbar),inner_2,quality,constant_flag,MEASURED_REUSED,False,cache 4db6b742e30508e5
p (mbar),inner_2,quality,unique_ratio,MEASURED_REUSED,0.18188362327534494,cache 4db6b742e30508e5
p (mbar),inner_2,quality,sentinel_le_m9999_count,MEASURED_REUSED,0,cache 4db6b742e30508e5
p (mbar),inner_2,distribution,mean,MEASURED_REUSED,991.0748002399521,cache bd289febda41d13b
p (mbar),inner_2,distribution,std,MEASURED_REUSED,9.946059948930868,cache bd289febda41d13b
p (mbar),inner_2,distribution,median,MEASURED_REUSED,992.32,cache bd289febda41d13b
p (mbar),inner_2,distribution,iqr,MEASURED_REUSED,12.759999999999991,cache bd289febda41d13b
p (mbar),inner_2,distribution,mad,MEASURED_REUSED,6.269999999999982,cache bd289febda41d13b
p (mbar),inner_2,distribution,skewness,MEASURED_REUSED,-0.2772334463738738,cache bd289febda41d13b
p (mbar),inner_2,distribution,excess_kurtosis,MEASURED_REUSED,0.04740729199923566,cache bd289febda41d13b
p (mbar),inner_2,distribution,q01,MEASURED_REUSED,966.4916000000001,cache bd289febda41d13b
p (mbar),inner_2,distribution,q99,MEASURED_REUSED,1013.2479999999999,cache bd289febda41d13b
p (mbar),inner_2,distribution,upper_tail_ratio,MEASURED_REUSED,4.958500986193351,cache bd289febda41d13b
p (mbar),inner_2,distribution,lower_tail_ratio,MEASURED_REUSED,3.51495448634589,cache bd289febda41d13b
p (mbar),inner_2,volatility,diff_std,MEASURED_REUSED,0.11077991524423525,cache 44b65753d79c2ffb
p (mbar),inner_2,volatility,diff_std_over_std,MEASURED_REUSED,0.011138070332679155,cache 44b65753d79c2ffb
p (mbar),inner_2,volatility,rolling_std_cv,MEASURED_REUSED,0.666762061676956,cache 44b65753d79c2ffb
p (mbar),inner_2,acf_selected,acf_lag_1,MEASURED_REUSED,0.9998674202270733,cache 6775966b1b566c6e
p (mbar),inner_2,acf_selected,acf_lag_144,MEASURED_REUSED,0.7480504681388112,cache 6775966b1b566c6e
p (mbar),inner_2,acf_selected,acf_lag_288,MEASURED_REUSED,0.5322219838725132,cache 6775966b1b566c6e
p (mbar),inner_2,acf_selected,acf_lag_1008,MEASURED_REUSED,0.1307591577927685,cache 6775966b1b566c6e
p (mbar),inner_2,seasonality,seasonal_acf_daily_144,MEASURED_REUSED,0.7480504681388112,cache a8534b52697d4860
p (mbar),inner_2,seasonality,seasonal_diff_var_ratio_daily_144,MEASURED_REUSED,0.4910166339656783,cache a8534b52697d4860
p (mbar),inner_2,seasonality,seasonal_acf_weekly_1008,MEASURED_REUSED,0.1307591577927685,cache a8534b52697d4860
p (mbar),inner_2,seasonality,seasonal_diff_var_ratio_weekly_1008,MEASURED_REUSED,1.7491239415794282,cache a8534b52697d4860
p (mbar),inner_2,cost,seconds_quality,MEASURED_REUSED,0.0005597389523809546,process CPU seconds of the batch divided by its features
p (mbar),inner_2,cost,seconds_distribution,MEASURED_REUSED,0.0019989206666666684,process CPU seconds of the batch divided by its features
p (mbar),inner_2,cost,seconds_volatility,MEASURED_REUSED,0.0003743663333333308,process CPU seconds of the batch divided by its features
p (mbar),inner_2,cost,seconds_acf_selected,MEASURED_REUSED,0.00017693542857142414,process CPU seconds of the batch divided by its features
p (mbar),inner_2,cost,seconds_seasonality,MEASURED_REUSED,0.0003615458095238132,process CPU seconds of the batch divided by its features
p (mbar),inner_2,stationarity,adf_c_aic_pvalue,NOT_RUN,,DEFERRED_TO_PS4
p (mbar),inner_2,stationarity,kpss_c_auto_pvalue,NOT_RUN,,DEFERRED_TO_PS4
p (mbar),inner_2,spectral,peak1_period_rows,NOT_RUN,,DEFERRED_TO_PS4
p (mbar),inner_2,spectral,entropy_normalized,NOT_RUN,,DEFERRED_TO_PS4
p (mbar),inner_2,stl,stl_seasonal_strength_primary,NOT_RUN,,DEFERRED_TO_PS4
T (degC),inner_2,quality,missing_fraction,MEASURED_REUSED,0.0,cache 4db6b742e30508e5
T (degC),inner_2,quality,nonfinite_count,MEASURED_REUSED,0,cache 4db6b742e30508e5
T (degC),inner_2,quality,constant_flag,MEASURED_REUSED,False,cache 4db6b742e30508e5
T (degC),inner_2,quality,unique_ratio,MEASURED_REUSED,0.11993601279744051,cache 4db6b742e30508e5
T (degC),inner_2,quality,sentinel_le_m9999_count,MEASURED_REUSED,0,cache 4db6b742e30508e5
T (degC),inner_2,distribution,mean,MEASURED_REUSED,8.519924415116977,cache bd289febda41d13b
T (degC),inner_2,distribution,std,MEASURED_REUSED,6.253142887135323,cache bd289febda41d13b
T (degC),inner_2,distribution,median,MEASURED_REUSED,7.75,cache bd289febda41d13b
T (degC),inner_2,distribution,iqr,MEASURED_REUSED,9.08,cache bd289febda41d13b
T (degC),inner_2,distribution,mad,MEASURED_REUSED,4.4,cache bd289febda41d13b
T (degC),inner_2,distribution,skewness,MEASURED_REUSED,0.3384412734326494,cache bd289febda41d13b
T (degC),inner_2,distribution,excess_kurtosis,MEASURED_REUSED,-0.37265980266187304,cache bd289febda41d13b
T (degC),inner_2,distribution,q01,MEASURED_REUSED,-4.42,cache bd289febda41d13b
T (degC),inner_2,distribution,q99,MEASURED_REUSED,23.33959999999999,cache bd289febda41d13b
T (degC),inner_2,distribution,upper_tail_ratio,MEASURED_REUSED,3.2563600782778868,cache bd289febda41d13b
T (degC),inner_2,distribution,lower_tail_ratio,MEASURED_REUSED,3.2418136020151134,cache bd289febda41d13b
T (degC),inner_2,volatility,diff_std,MEASURED_REUSED,0.25791583245374533,cache 44b65753d79c2ffb
T (degC),inner_2,volatility,diff_std_over_std,MEASURED_REUSED,0.04124579225342174,cache 44b65753d79c2ffb
T (degC),inner_2,volatility,rolling_std_cv,MEASURED_REUSED,0.5475201001716289,cache 44b65753d79c2ffb
T (degC),inner_2,acf_selected,acf_lag_1,MEASURED_REUSED,0.9989988195185379,cache 6775966b1b566c6e
T (degC),inner_2,acf_selected,acf_lag_144,MEASURED_REUSED,0.807027838944807,cache 6775966b1b566c6e
T (degC),inner_2,acf_selected,acf_lag_288,MEASURED_REUSED,0.6805545654501854,cache 6775966b1b566c6e
T (degC),inner_2,acf_selected,acf_lag_1008,MEASURED_REUSED,0.5421329837568861,cache 6775966b1b566c6e
T (degC),inner_2,seasonality,seasonal_acf_daily_144,MEASURED_REUSED,0.807027838944807,cache a8534b52697d4860
T (degC),inner_2,seasonality,seasonal_diff_var_ratio_daily_144,MEASURED_REUSED,0.3562061265439794,cache a8534b52697d4860
T (degC),inner_2,seasonality,seasonal_acf_weekly_1008,MEASURED_REUSED,0.5421329837568861,cache a8534b52697d4860
T (degC),inner_2,seasonality,seasonal_diff_var_ratio_weekly_1008,MEASURED_REUSED,0.7763687500045238,cache a8534b52697d4860
T (degC),inner_2,cost,seconds_quality,MEASURED_REUSED,0.0005597389523809546,process CPU seconds of the batch divided by its features
T (degC),inner_2,cost,seconds_distribution,MEASURED_REUSED,0.0019989206666666684,process CPU seconds of the batch divided by its features
T (degC),inner_2,cost,seconds_volatility,MEASURED_REUSED,0.0003743663333333308,process CPU seconds of the batch divided by its features
T (degC),inner_2,cost,seconds_acf_selected,MEASURED_REUSED,0.00017693542857142414,process CPU seconds of the batch divided by its features
T (degC),inner_2,cost,seconds_seasonality,MEASURED_REUSED,0.0003615458095238132,process CPU seconds of the batch divided by its features
T (degC),inner_2,stationarity,adf_c_aic_pvalue,NOT_RUN,,DEFERRED_TO_PS4
T (degC),inner_2,stationarity,kpss_c_auto_pvalue,NOT_RUN,,DEFERRED_TO_PS4
T (degC),inner_2,spectral,peak1_period_rows,NOT_RUN,,DEFERRED_TO_PS4
T (degC),inner_2,spectral,entropy_normalized,NOT_RUN,,DEFERRED_TO_PS4
T (degC),inner_2,stl,stl_seasonal_strength_primary,NOT_RUN,,DEFERRED_TO_PS4
Tpot (K),inner_2,quality,missing_fraction,MEASURED_REUSED,0.0,cache 4db6b742e30508e5
Tpot (K),inner_2,quality,nonfinite_count,MEASURED_REUSED,0,cache 4db6b742e30508e5
Tpot (K),inner_2,quality,constant_flag,MEASURED_REUSED,False,cache 4db6b742e30508e5
Tpot (K),inner_2,quality,unique_ratio,MEASURED_REUSED,0.1255748850229954,cache 4db6b742e30508e5
Tpot (K),inner_2,quality,sentinel_le_m9999_count,MEASURED_REUSED,0,cache 4db6b742e30508e5
Tpot (K),inner_2,distribution,mean,MEASURED_REUSED,282.40959648070384,cache bd289febda41d13b
Tpot (K),inner_2,distribution,std,MEASURED_REUSED,6.496607954213791,cache bd289febda41d13b
Tpot (K),inner_2,distribution,median,MEASURED_REUSED,281.88,cache bd289febda41d13b
Tpot (K),inner_2,distribution,iqr,MEASURED_REUSED,9.390000000000043,cache bd289febda41d13b
Tpot (K),inner_2,distribution,mad,MEASURED_REUSED,4.649999999999977,cache bd289febda41d13b
Tpot (K),inner_2,distribution,skewness,MEASURED_REUSED,0.23909222961076554,cache bd289febda41d13b
Tpot (K),inner_2,distribution,excess_kurtosis,MEASURED_REUSED,-0.35207329987522584,cache bd289febda41d13b
Tpot (K),inner_2,distribution,q01,MEASURED_REUSED,268.54,cache bd289febda41d13b
Tpot (K),inner_2,distribution,q99,MEASURED_REUSED,297.39,cache bd289febda41d13b
Tpot (K),inner_2,distribution,upper_tail_ratio,MEASURED_REUSED,3.352901960784302,cache bd289febda41d13b
Tpot (K),inner_2,distribution,lower_tail_ratio,MEASURED_REUSED,3.270349650349627,cache bd289febda41d13b
Tpot (K),inner_2,volatility,diff_std,MEASURED_REUSED,0.26036134916724973,cache 44b65753d79c2ffb
Tpot (K),inner_2,volatility,diff_std_over_std,MEASURED_REUSED,0.04007650623251411,cache 44b65753d79c2ffb
Tpot (K),inner_2,volatility,rolling_std_cv,MEASURED_REUSED,0.5449227010910173,cache 44b65753d79c2ffb
Tpot (K),inner_2,acf_selected,acf_lag_1,MEASURED_REUSED,0.9990525322311115,cache 6775966b1b566c6e
Tpot (K),inner_2,acf_selected,acf_lag_144,MEASURED_REUSED,0.7973239640967221,cache 6775966b1b566c6e
Tpot (K),inner_2,acf_selected,acf_lag_288,MEASURED_REUSED,0.6619472582994806,cache 6775966b1b566c6e
Tpot (K),inner_2,acf_selected,acf_lag_1008,MEASURED_REUSED,0.5214361277985815,cache 6775966b1b566c6e
Tpot (K),inner_2,seasonality,seasonal_acf_daily_144,MEASURED_REUSED,0.7973239640967221,cache a8534b52697d4860
Tpot (K),inner_2,seasonality,seasonal_diff_var_ratio_daily_144,MEASURED_REUSED,0.3755541778982405,cache a8534b52697d4860
Tpot (K),inner_2,seasonality,seasonal_acf_weekly_1008,MEASURED_REUSED,0.5214361277985815,cache a8534b52697d4860
Tpot (K),inner_2,seasonality,seasonal_diff_var_ratio_weekly_1008,MEASURED_REUSED,0.8161468104623977,cache a8534b52697d4860
Tpot (K),inner_2,cost,seconds_quality,MEASURED_REUSED,0.0005597389523809546,process CPU seconds of the batch divided by its features
Tpot (K),inner_2,cost,seconds_distribution,MEASURED_REUSED,0.0019989206666666684,process CPU seconds of the batch divided by its features
Tpot (K),inner_2,cost,seconds_volatility,MEASURED_REUSED,0.0003743663333333308,process CPU seconds of the batch divided by its features
Tpot (K),inner_2,cost,seconds_acf_selected,MEASURED_REUSED,0.00017693542857142414,process CPU seconds of the batch divided by its features
Tpot (K),inner_2,cost,seconds_seasonality,MEASURED_REUSED,0.0003615458095238132,process CPU seconds of the batch divided by its features
Tpot (K),inner_2,stationarity,adf_c_aic_pvalue,NOT_RUN,,DEFERRED_TO_PS4
Tpot (K),inner_2,stationarity,kpss_c_auto_pvalue,NOT_RUN,,DEFERRED_TO_PS4
Tpot (K),inner_2,spectral,peak1_period_rows,NOT_RUN,,DEFERRED_TO_PS4
Tpot (K),inner_2,spectral,entropy_normalized,NOT_RUN,,DEFERRED_TO_PS4
Tpot (K),inner_2,stl,stl_seasonal_strength_primary,NOT_RUN,,DEFERRED_TO_PS4
Tdew (degC),inner_2,quality,missing_fraction,MEASURED_REUSED,0.0,cache 4db6b742e30508e5
Tdew (degC),inner_2,quality,nonfinite_count,MEASURED_REUSED,0,cache 4db6b742e30508e5
Tdew (degC),inner_2,quality,constant_flag,MEASURED_REUSED,False,cache 4db6b742e30508e5
Tdew (degC),inner_2,quality,unique_ratio,MEASURED_REUSED,0.11217756448710257,cache 4db6b742e30508e5
Tdew (degC),inner_2,quality,sentinel_le_m9999_count,MEASURED_REUSED,0,cache 4db6b742e30508e5
Tdew (degC),inner_2,distribution,mean,MEASURED_REUSED,2.550378724255149,cache bd289febda41d13b
Tdew (degC),inner_2,distribution,std,MEASURED_REUSED,5.414895692927133,cache bd289febda41d13b
Tdew (degC),inner_2,distribution,median,MEASURED_REUSED,1.8,cache bd289febda41d13b
Tdew (degC),inner_2,distribution,iqr,MEASURED_REUSED,6.41,cache bd289febda41d13b
Tdew (degC),inner_2,distribution,mad,MEASURED_REUSED,3.09,cache bd289febda41d13b
Tdew (degC),inner_2,distribution,skewness,MEASURED_REUSED,0.4348623737523525,cache bd289febda41d13b
Tdew (degC),inner_2,distribution,excess_kurtosis,MEASURED_REUSED,0.487457373398573,cache bd289febda41d13b
Tdew (degC),inner_2,distribution,q01,MEASURED_REUSED,-9.8692,cache bd289febda41d13b
Tdew (degC),inner_2,distribution,q99,MEASURED_REUSED,16.648399999999963,cache bd289febda41d13b
Tdew (degC),inner_2,distribution,upper_tail_ratio,MEASURED_REUSED,4.25126984126984,cache bd289febda41d13b
Tdew (degC),inner_2,distribution,lower_tail_ratio,MEASURED_REUSED,4.703269961977187,cache bd289febda41d13b
Tdew (degC),inner_2,volatility,diff_std,MEASURED_REUSED,0.21052146928686646,cache 44b65753d79c2ffb
Tdew (degC),inner_2,volatility,diff_std_over_std,MEASURED_REUSED,0.03887821321504806,cache 44b65753d79c2ffb
Tdew (degC),inner_2,volatility,rolling_std_cv,MEASURED_REUSED,0.5603333605671093,cache 44b65753d79c2ffb
Tdew (degC),inner_2,acf_selected,acf_lag_1,MEASURED_REUSED,0.9991644332001738,cache 6775966b1b566c6e
Tdew (degC),inner_2,acf_selected,acf_lag_144,MEASURED_REUSED,0.7599762505343137,cache 6775966b1b566c6e
Tdew (degC),inner_2,acf_selected,acf_lag_288,MEASURED_REUSED,0.6269700112865351,cache 6775966b1b566c6e
Tdew (degC),inner_2,acf_selected,acf_lag_1008,MEASURED_REUSED,0.4220472451752968,cache 6775966b1b566c6e
Tdew (degC),inner_2,seasonality,seasonal_acf_daily_144,MEASURED_REUSED,0.7599762505343137,cache a8534b52697d4860
Tdew (degC),inner_2,seasonality,seasonal_diff_var_ratio_daily_144,MEASURED_REUSED,0.45867048262062454,cache a8534b52697d4860
Tdew (degC),inner_2,seasonality,seasonal_acf_weekly_1008,MEASURED_REUSED,0.4220472451752968,cache a8534b52697d4860
Tdew (degC),inner_2,seasonality,seasonal_diff_var_ratio_weekly_1008,MEASURED_REUSED,0.990259344477785,cache a8534b52697d4860
Tdew (degC),inner_2,cost,seconds_quality,MEASURED_REUSED,0.0005597389523809546,process CPU seconds of the batch divided by its features
Tdew (degC),inner_2,cost,seconds_distribution,MEASURED_REUSED,0.0019989206666666684,process CPU seconds of the batch divided by its features
Tdew (degC),inner_2,cost,seconds_volatility,MEASURED_REUSED,0.0003743663333333308,process CPU seconds of the batch divided by its features
Tdew (degC),inner_2,cost,seconds_acf_selected,MEASURED_REUSED,0.00017693542857142414,process CPU seconds of the batch divided by its features
Tdew (degC),inner_2,cost,seconds_seasonality,MEASURED_REUSED,0.0003615458095238132,process CPU seconds of the batch divided by its features
Tdew (degC),inner_2,stationarity,adf_c_aic_pvalue,NOT_RUN,,DEFERRED_TO_PS4
Tdew (degC),inner_2,stationarity,kpss_c_auto_pvalue,NOT_RUN,,DEFERRED_TO_PS4
Tdew (degC),inner_2,spectral,peak1_period_rows,NOT_RUN,,DEFERRED_TO_PS4
Tdew (degC),inner_2,spectral,entropy_normalized,NOT_RUN,,DEFERRED_TO_PS4
Tdew (degC),inner_2,stl,stl_seasonal_strength_primary,NOT_RUN,,DEFERRED_TO_PS4
rh (%),inner_2,quality,missing_fraction,MEASURED_REUSED,0.0,cache 4db6b742e30508e5
rh (%),inner_2,quality,nonfinite_count,MEASURED_REUSED,0,cache 4db6b742e30508e5
rh (%),inner_2,quality,constant_flag,MEASURED_REUSED,False,cache 4db6b742e30508e5
rh (%),inner_2,quality,unique_ratio,MEASURED_REUSED,0.17764447110577886,cache 4db6b742e30508e5
rh (%),inner_2,quality,sentinel_le_m9999_count,MEASURED_REUSED,0,cache 4db6b742e30508e5
rh (%),inner_2,distribution,mean,MEASURED_REUSED,68.74106458708258,cache bd289febda41d13b
rh (%),inner_2,distribution,std,MEASURED_REUSED,17.657405891386695,cache bd289febda41d13b
rh (%),inner_2,distribution,median,MEASURED_REUSED,71.1,cache bd289febda41d13b
rh (%),inner_2,distribution,iqr,MEASURED_REUSED,26.960000000000008,cache bd289febda41d13b
rh (%),inner_2,distribution,mad,MEASURED_REUSED,13.0,cache bd289febda41d13b
rh (%),inner_2,distribution,skewness,MEASURED_REUSED,-0.3871818373095943,cache bd289febda41d13b
rh (%),inner_2,distribution,excess_kurtosis,MEASURED_REUSED,-0.7252699288482125,cache bd289febda41d13b
rh (%),inner_2,distribution,q01,MEASURED_REUSED,29.71,cache bd289febda41d13b
rh (%),inner_2,distribution,q99,MEASURED_REUSED,98.5,cache bd289febda41d13b
rh (%),inner_2,distribution,upper_tail_ratio,MEASURED_REUSED,2.4491525423728793,cache bd289febda41d13b
rh (%),inner_2,distribution,lower_tail_ratio,MEASURED_REUSED,2.8772823218997363,cache bd289febda41d13b
rh (%),inner_2,volatility,diff_std,MEASURED_REUSED,1.319747019841089,cache 44b65753d79c2ffb
rh (%),inner_2,volatility,diff_std_over_std,MEASURED_REUSED,0.07474184078675244,cache 44b65753d79c2ffb
rh (%),inner_2,volatility,rolling_std_cv,MEASURED_REUSED,0.47464040513900047,cache 44b65753d79c2ffb
rh (%),inner_2,acf_selected,acf_lag_1,MEASURED_REUSED,0.9971641855981589,cache 6775966b1b566c6e
rh (%),inner_2,acf_selected,acf_lag_144,MEASURED_REUSED,0.6212179717532282,cache 6775966b1b566c6e
rh (%),inner_2,acf_selected,acf_lag_288,MEASURED_REUSED,0.5111761425015819,cache 6775966b1b566c6e
rh (%),inner_2,acf_selected,acf_lag_1008,MEASURED_REUSED,0.4343630603418482,cache 6775966b1b566c6e
rh (%),inner_2,seasonality,seasonal_acf_daily_144,MEASURED_REUSED,0.6212179717532282,cache a8534b52697d4860
rh (%),inner_2,seasonality,seasonal_diff_var_ratio_daily_144,MEASURED_REUSED,0.7497482603962562,cache a8534b52697d4860
rh (%),inner_2,seasonality,seasonal_acf_weekly_1008,MEASURED_REUSED,0.4343630603418482,cache a8534b52697d4860
rh (%),inner_2,seasonality,seasonal_diff_var_ratio_weekly_1008,MEASURED_REUSED,1.0947989242247764,cache a8534b52697d4860
rh (%),inner_2,cost,seconds_quality,MEASURED_REUSED,0.0005597389523809546,process CPU seconds of the batch divided by its features
rh (%),inner_2,cost,seconds_distribution,MEASURED_REUSED,0.0019989206666666684,process CPU seconds of the batch divided by its features
rh (%),inner_2,cost,seconds_volatility,MEASURED_REUSED,0.0003743663333333308,process CPU seconds of the batch divided by its features
rh (%),inner_2,cost,seconds_acf_selected,MEASURED_REUSED,0.00017693542857142414,process CPU seconds of the batch divided by its features
rh (%),inner_2,cost,seconds_seasonality,MEASURED_REUSED,0.0003615458095238132,process CPU seconds of the batch divided by its features
rh (%),inner_2,stationarity,adf_c_aic_pvalue,NOT_RUN,,DEFERRED_TO_PS4
rh (%),inner_2,stationarity,kpss_c_auto_pvalue,NOT_RUN,,DEFERRED_TO_PS4
rh (%),inner_2,spectral,peak1_period_rows,NOT_RUN,,DEFERRED_TO_PS4
rh (%),inner_2,spectral,entropy_normalized,NOT_RUN,,DEFERRED_TO_PS4
rh (%),inner_2,stl,stl_seasonal_strength_primary,NOT_RUN,,DEFERRED_TO_PS4
VPmax (mbar),inner_2,quality,missing_fraction,MEASURED_REUSED,0.0,cache 4db6b742e30508e5
VPmax (mbar),inner_2,quality,nonfinite_count,MEASURED_REUSED,0,cache 4db6b742e30508e5
VPmax (mbar),inner_2,quality,constant_flag,MEASURED_REUSED,False,cache 4db6b742e30508e5
VPmax (mbar),inner_2,quality,unique_ratio,MEASURED_REUSED,0.09158168366326734,cache 4db6b742e30508e5
VPmax (mbar),inner_2,quality,sentinel_le_m9999_count,MEASURED_REUSED,0,cache 4db6b742e30508e5
VPmax (mbar),inner_2,distribution,mean,MEASURED_REUSED,12.054217956408717,cache bd289febda41d13b
VPmax (mbar),inner_2,distribution,std,MEASURED_REUSED,5.417553851963751,cache bd289febda41d13b
VPmax (mbar),inner_2,distribution,median,MEASURED_REUSED,10.56,cache bd289febda41d13b
VPmax (mbar),inner_2,distribution,iqr,MEASURED_REUSED,6.85,cache bd289febda41d13b
VPmax (mbar),inner_2,distribution,mad,MEASURED_REUSED,2.9800000000000004,cache bd289febda41d13b
VPmax (mbar),inner_2,distribution,skewness,MEASURED_REUSED,1.2040663954155284,cache bd289febda41d13b
VPmax (mbar),inner_2,distribution,excess_kurtosis,MEASURED_REUSED,1.4808168397074057,cache bd289febda41d13b
VPmax (mbar),inner_2,distribution,q01,MEASURED_REUSED,4.4,cache bd289febda41d13b
VPmax (mbar),inner_2,distribution,q99,MEASURED_REUSED,28.71959999999999,cache bd289febda41d13b
VPmax (mbar),inner_2,distribution,upper_tail_ratio,MEASURED_REUSED,4.6581395348837225,cache bd289febda41d13b
VPmax (mbar),inner_2,distribution,lower_tail_ratio,MEASURED_REUSED,2.505882352941176,cache bd289febda41d13b
VPmax (mbar),inner_2,volatility,diff_std,MEASURED_REUSED,0.2503817394274783,cache 44b65753d79c2ffb
VPmax (mbar),inner_2,volatility,diff_std_over_std,MEASURED_REUSED,0.04621675137326418,cache 44b65753d79c2ffb
VPmax (mbar),inner_2,volatility,rolling_std_cv,MEASURED_REUSED,0.7258453107657923,cache 44b65753d79c2ffb
VPmax (mbar),inner_2,acf_selected,acf_lag_1,MEASURED_REUSED,0.9987024040443023,cache 6775966b1b566c6e
VPmax (mbar),inner_2,acf_selected,acf_lag_144,MEASURED_REUSED,0.7922529141968521,cache 6775966b1b566c6e
VPmax (mbar),inner_2,acf_selected,acf_lag_288,MEASURED_REUSED,0.6699059177394211,cache 6775966b1b566c6e
VPmax (mbar),inner_2,acf_selected,acf_lag_1008,MEASURED_REUSED,0.52878196689607,cache 6775966b1b566c6e
VPmax (mbar),inner_2,seasonality,seasonal_acf_daily_144,MEASURED_REUSED,0.7922529141968521,cache a8534b52697d4860
VPmax (mbar),inner_2,seasonality,seasonal_diff_var_ratio_daily_144,MEASURED_REUSED,0.38237006876154356,cache a8534b52697d4860
VPmax (mbar),inner_2,seasonality,seasonal_acf_weekly_1008,MEASURED_REUSED,0.52878196689607,cache a8534b52697d4860
VPmax (mbar),inner_2,seasonality,seasonal_diff_var_ratio_weekly_1008,MEASURED_REUSED,0.7821665232168021,cache a8534b52697d4860
VPmax (mbar),inner_2,cost,seconds_quality,MEASURED_REUSED,0.0005597389523809546,process CPU seconds of the batch divided by its features
VPmax (mbar),inner_2,cost,seconds_distribution,MEASURED_REUSED,0.0019989206666666684,process CPU seconds of the batch divided by its features
VPmax (mbar),inner_2,cost,seconds_volatility,MEASURED_REUSED,0.0003743663333333308,process CPU seconds of the batch divided by its features
VPmax (mbar),inner_2,cost,seconds_acf_selected,MEASURED_REUSED,0.00017693542857142414,process CPU seconds of the batch divided by its features
VPmax (mbar),inner_2,cost,seconds_seasonality,MEASURED_REUSED,0.0003615458095238132,process CPU seconds of the batch divided by its features
VPmax (mbar),inner_2,stationarity,adf_c_aic_pvalue,NOT_RUN,,DEFERRED_TO_PS4
VPmax (mbar),inner_2,stationarity,kpss_c_auto_pvalue,NOT_RUN,,DEFERRED_TO_PS4
VPmax (mbar),inner_2,spectral,peak1_period_rows,NOT_RUN,,DEFERRED_TO_PS4
VPmax (mbar),inner_2,spectral,entropy_normalized,NOT_RUN,,DEFERRED_TO_PS4
VPmax (mbar),inner_2,stl,stl_seasonal_strength_primary,NOT_RUN,,DEFERRED_TO_PS4
VPact (mbar),inner_2,quality,missing_fraction,MEASURED_REUSED,0.0,cache 4db6b742e30508e5
VPact (mbar),inner_2,quality,nonfinite_count,MEASURED_REUSED,0,cache 4db6b742e30508e5
VPact (mbar),inner_2,quality,constant_flag,MEASURED_REUSED,False,cache 4db6b742e30508e5
VPact (mbar),inner_2,quality,unique_ratio,MEASURED_REUSED,0.07102579484103179,cache 4db6b742e30508e5
VPact (mbar),inner_2,quality,sentinel_le_m9999_count,MEASURED_REUSED,0,cache 4db6b742e30508e5
VPact (mbar),inner_2,distribution,mean,MEASURED_REUSED,7.855846030793841,cache bd289febda41d13b
VPact (mbar),inner_2,distribution,std,MEASURED_REUSED,3.319054375808991,cache bd289febda41d13b
VPact (mbar),inner_2,distribution,median,MEASURED_REUSED,6.96,cache bd289febda41d13b
VPact (mbar),inner_2,distribution,iqr,MEASURED_REUSED,3.34,cache bd289febda41d13b
VPact (mbar),inner_2,distribution,mad,MEASURED_REUSED,1.5000000000000009,cache bd289febda41d13b
VPact (mbar),inner_2,distribution,skewness,MEASURED_REUSED,1.5175546780037366,cache bd289febda41d13b
VPact (mbar),inner_2,distribution,excess_kurtosis,MEASURED_REUSED,2.5510287164420538,cache bd289febda41d13b
VPact (mbar),inner_2,distribution,q01,MEASURED_REUSED,2.88,cache bd289febda41d13b
VPact (mbar),inner_2,distribution,q99,MEASURED_REUSED,18.987999999999953,cache bd289febda41d13b
VPact (mbar),inner_2,distribution,upper_tail_ratio,MEASURED_REUSED,6.361314553990606,cache bd289febda41d13b
VPact (mbar),inner_2,distribution,lower_tail_ratio,MEASURED_REUSED,3.5039669421487605,cache bd289febda41d13b
VPact (mbar),inner_2,volatility,diff_std,MEASURED_REUSED,0.12978017489198357,cache 44b65753d79c2ffb
VPact (mbar),inner_2,volatility,diff_std_over_std,MEASURED_REUSED,0.039101551284573564,cache 44b65753d79c2ffb
VPact (mbar),inner_2,volatility,rolling_std_cv,MEASURED_REUSED,0.6528406074771271,cache 44b65753d79c2ffb
VPact (mbar),inner_2,acf_selected,acf_lag_1,MEASURED_REUSED,0.9991417846995468,cache 6775966b1b566c6e
VPact (mbar),inner_2,acf_selected,acf_lag_144,MEASURED_REUSED,0.7913203027703513,cache 6775966b1b566c6e
VPact (mbar),inner_2,acf_selected,acf_lag_288,MEASURED_REUSED,0.6953577015964099,cache 6775966b1b566c6e
VPact (mbar),inner_2,acf_selected,acf_lag_1008,MEASURED_REUSED,0.4425512301550296,cache 6775966b1b566c6e
VPact (mbar),inner_2,seasonality,seasonal_acf_daily_144,MEASURED_REUSED,0.7913203027703513,cache a8534b52697d4860
VPact (mbar),inner_2,seasonality,seasonal_diff_var_ratio_daily_144,MEASURED_REUSED,0.3934186475897333,cache a8534b52697d4860
VPact (mbar),inner_2,seasonality,seasonal_acf_weekly_1008,MEASURED_REUSED,0.4425512301550296,cache a8534b52697d4860
VPact (mbar),inner_2,seasonality,seasonal_diff_var_ratio_weekly_1008,MEASURED_REUSED,0.8835264008154344,cache a8534b52697d4860
VPact (mbar),inner_2,cost,seconds_quality,MEASURED_REUSED,0.0005597389523809546,process CPU seconds of the batch divided by its features
VPact (mbar),inner_2,cost,seconds_distribution,MEASURED_REUSED,0.0019989206666666684,process CPU seconds of the batch divided by its features
VPact (mbar),inner_2,cost,seconds_volatility,MEASURED_REUSED,0.0003743663333333308,process CPU seconds of the batch divided by its features
VPact (mbar),inner_2,cost,seconds_acf_selected,MEASURED_REUSED,0.00017693542857142414,process CPU seconds of the batch divided by its features
VPact (mbar),inner_2,cost,seconds_seasonality,MEASURED_REUSED,0.0003615458095238132,process CPU seconds of the batch divided by its features
VPact (mbar),inner_2,stationarity,adf_c_aic_pvalue,NOT_RUN,,DEFERRED_TO_PS4
VPact (mbar),inner_2,stationarity,kpss_c_auto_pvalue,NOT_RUN,,DEFERRED_TO_PS4
VPact (mbar),inner_2,spectral,peak1_period_rows,NOT_RUN,,DEFERRED_TO_PS4
VPact (mbar),inner_2,spectral,entropy_normalized,NOT_RUN,,DEFERRED_TO_PS4
VPact (mbar),inner_2,stl,stl_seasonal_strength_primary,NOT_RUN,,DEFERRED_TO_PS4
VPdef (mbar),inner_2,quality,missing_fraction,MEASURED_REUSED,0.0,cache 4db6b742e30508e5
VPdef (mbar),inner_2,quality,nonfinite_count,MEASURED_REUSED,0,cache 4db6b742e30508e5
VPdef (mbar),inner_2,quality,constant_flag,MEASURED_REUSED,False,cache 4db6b742e30508e5
VPdef (mbar),inner_2,quality,unique_ratio,MEASURED_REUSED,0.07438512297540492,cache 4db6b742e30508e5
VPdef (mbar),inner_2,quality,sentinel_le_m9999_count,MEASURED_REUSED,0,cache 4db6b742e30508e5
VPdef (mbar),inner_2,distribution,mean,MEASURED_REUSED,4.198319136172766,cache bd289febda41d13b
VPdef (mbar),inner_2,distribution,std,MEASURED_REUSED,3.8985334924800914,cache bd289febda41d13b
VPdef (mbar),inner_2,distribution,median,MEASURED_REUSED,2.85,cache bd289febda41d13b
VPdef (mbar),inner_2,distribution,iqr,MEASURED_REUSED,3.98,cache bd289febda41d13b
VPdef (mbar),inner_2,distribution,mad,MEASURED_REUSED,1.6500000000000001,cache bd289febda41d13b
VPdef (mbar),inner_2,distribution,skewness,MEASURED_REUSED,1.6696614030840378,cache bd289febda41d13b
VPdef (mbar),inner_2,distribution,excess_kurtosis,MEASURED_REUSED,2.6567209640050855,cache bd289febda41d13b
VPdef (mbar),inner_2,distribution,q01,MEASURED_REUSED,0.16,cache bd289febda41d13b
VPdef (mbar),inner_2,distribution,q99,MEASURED_REUSED,17.39959999999999,cache bd289febda41d13b
VPdef (mbar),inner_2,distribution,upper_tail_ratio,MEASURED_REUSED,6.018792452830188,cache bd289febda41d13b
VPdef (mbar),inner_2,distribution,lower_tail_ratio,MEASURED_REUSED,2.142857142857143,cache bd289febda41d13b
VPdef (mbar),inner_2,volatility,diff_std,MEASURED_REUSED,0.27512576768238123,cache 44b65753d79c2ffb
VPdef (mbar),inner_2,volatility,diff_std_over_std,MEASURED_REUSED,0.0705716055057814,cache 44b65753d79c2ffb
VPdef (mbar),inner_2,volatility,rolling_std_cv,MEASURED_REUSED,0.7863258922056598,cache 44b65753d79c2ffb
VPdef (mbar),inner_2,acf_selected,acf_lag_1,MEASURED_REUSED,0.9973456746397868,cache 6775966b1b566c6e
VPdef (mbar),inner_2,acf_selected,acf_lag_144,MEASURED_REUSED,0.6346682407487154,cache 6775966b1b566c6e
VPdef (mbar),inner_2,acf_selected,acf_lag_288,MEASURED_REUSED,0.504427812834545,cache 6775966b1b566c6e
VPdef (mbar),inner_2,acf_selected,acf_lag_1008,MEASURED_REUSED,0.447567685540649,cache 6775966b1b566c6e
VPdef (mbar),inner_2,seasonality,seasonal_acf_daily_144,MEASURED_REUSED,0.6346682407487154,cache a8534b52697d4860
VPdef (mbar),inner_2,seasonality,seasonal_diff_var_ratio_daily_144,MEASURED_REUSED,0.7132811166755085,cache a8534b52697d4860
VPdef (mbar),inner_2,seasonality,seasonal_acf_weekly_1008,MEASURED_REUSED,0.447567685540649,cache a8534b52697d4860
VPdef (mbar),inner_2,seasonality,seasonal_diff_var_ratio_weekly_1008,MEASURED_REUSED,1.0448237811500702,cache a8534b52697d4860
VPdef (mbar),inner_2,cost,seconds_quality,MEASURED_REUSED,0.0005597389523809546,process CPU seconds of the batch divided by its features
VPdef (mbar),inner_2,cost,seconds_distribution,MEASURED_REUSED,0.0019989206666666684,process CPU seconds of the batch divided by its features
VPdef (mbar),inner_2,cost,seconds_volatility,MEASURED_REUSED,0.0003743663333333308,process CPU seconds of the batch divided by its features
VPdef (mbar),inner_2,cost,seconds_acf_selected,MEASURED_REUSED,0.00017693542857142414,process CPU seconds of the batch divided by its features
VPdef (mbar),inner_2,cost,seconds_seasonality,MEASURED_REUSED,0.0003615458095238132,process CPU seconds of the batch divided by its features
VPdef (mbar),inner_2,stationarity,adf_c_aic_pvalue,NOT_RUN,,DEFERRED_TO_PS4
VPdef (mbar),inner_2,stationarity,kpss_c_auto_pvalue,NOT_RUN,,DEFERRED_TO_PS4
VPdef (mbar),inner_2,spectral,peak1_period_rows,NOT_RUN,,DEFERRED_TO_PS4
VPdef (mbar),inner_2,spectral,entropy_normalized,NOT_RUN,,DEFERRED_TO_PS4
VPdef (mbar),inner_2,stl,stl_seasonal_strength_primary,NOT_RUN,,DEFERRED_TO_PS4
sh (g/kg),inner_2,quality,missing_fraction,MEASURED_REUSED,0.0,cache 4db6b742e30508e5
sh (g/kg),inner_2,quality,nonfinite_count,MEASURED_REUSED,0,cache 4db6b742e30508e5
sh (g/kg),inner_2,quality,constant_flag,MEASURED_REUSED,False,cache 4db6b742e30508e5
sh (g/kg),inner_2,quality,unique_ratio,MEASURED_REUSED,0.047590481903619274,cache 4db6b742e30508e5
sh (g/kg),inner_2,quality,sentinel_le_m9999_count,MEASURED_REUSED,0,cache 4db6b742e30508e5
sh (g/kg),inner_2,distribution,mean,MEASURED_REUSED,4.954099580083984,cache bd289febda41d13b
sh (g/kg),inner_2,distribution,std,MEASURED_REUSED,2.117610394354131,cache bd289febda41d13b
sh (g/kg),inner_2,distribution,median,MEASURED_REUSED,4.39,cache bd289febda41d13b
sh (g/kg),inner_2,distribution,iqr,MEASURED_REUSED,2.15,cache bd289febda41d13b
sh (g/kg),inner_2,distribution,mad,MEASURED_REUSED,0.96,cache bd289febda41d13b
sh (g/kg),inner_2,distribution,skewness,MEASURED_REUSED,1.5267693308207513,cache bd289febda41d13b
sh (g/kg),inner_2,distribution,excess_kurtosis,MEASURED_REUSED,2.5919408052019,cache bd289febda41d13b
sh (g/kg),inner_2,distribution,q01,MEASURED_REUSED,1.7804,cache bd289febda41d13b
sh (g/kg),inner_2,distribution,q99,MEASURED_REUSED,12.069199999999983,cache bd289febda41d13b
sh (g/kg),inner_2,distribution,upper_tail_ratio,MEASURED_REUSED,6.345588235294115,cache bd289febda41d13b
sh (g/kg),inner_2,distribution,lower_tail_ratio,MEASURED_REUSED,3.430379746835445,cache bd289febda41d13b
sh (g/kg),inner_2,volatility,diff_std,MEASURED_REUSED,0.08244563591340322,cache 44b65753d79c2ffb
sh (g/kg),inner_2,volatility,diff_std_over_std,MEASURED_REUSED,0.03893333548664841,cache 44b65753d79c2ffb
sh (g/kg),inner_2,volatility,rolling_std_cv,MEASURED_REUSED,0.6547704925705671,cache 44b65753d79c2ffb
sh (g/kg),inner_2,acf_selected,acf_lag_1,MEASURED_REUSED,0.9991512361090338,cache 6775966b1b566c6e
sh (g/kg),inner_2,acf_selected,acf_lag_144,MEASURED_REUSED,0.7907023382978929,cache 6775966b1b566c6e
sh (g/kg),inner_2,acf_selected,acf_lag_288,MEASURED_REUSED,0.6929579419364638,cache 6775966b1b566c6e
sh (g/kg),inner_2,acf_selected,acf_lag_1008,MEASURED_REUSED,0.44126024678990533,cache 6775966b1b566c6e
sh (g/kg),inner_2,seasonality,seasonal_acf_daily_144,MEASURED_REUSED,0.7907023382978929,cache a8534b52697d4860
sh (g/kg),inner_2,seasonality,seasonal_diff_var_ratio_daily_144,MEASURED_REUSED,0.3953055430970318,cache a8534b52697d4860
sh (g/kg),inner_2,seasonality,seasonal_acf_weekly_1008,MEASURED_REUSED,0.44126024678990533,cache a8534b52697d4860
sh (g/kg),inner_2,seasonality,seasonal_diff_var_ratio_weekly_1008,MEASURED_REUSED,0.8876310690479687,cache a8534b52697d4860
sh (g/kg),inner_2,cost,seconds_quality,MEASURED_REUSED,0.0005597389523809546,process CPU seconds of the batch divided by its features
sh (g/kg),inner_2,cost,seconds_distribution,MEASURED_REUSED,0.0019989206666666684,process CPU seconds of the batch divided by its features
sh (g/kg),inner_2,cost,seconds_volatility,MEASURED_REUSED,0.0003743663333333308,process CPU seconds of the batch divided by its features
sh (g/kg),inner_2,cost,seconds_acf_selected,MEASURED_REUSED,0.00017693542857142414,process CPU seconds of the batch divided by its features
sh (g/kg),inner_2,cost,seconds_seasonality,MEASURED_REUSED,0.0003615458095238132,process CPU seconds of the batch divided by its features
sh (g/kg),inner_2,stationarity,adf_c_aic_pvalue,NOT_RUN,,DEFERRED_TO_PS4
sh (g/kg),inner_2,stationarity,kpss_c_auto_pvalue,NOT_RUN,,DEFERRED_TO_PS4
sh (g/kg),inner_2,spectral,peak1_period_rows,NOT_RUN,,DEFERRED_TO_PS4
sh (g/kg),inner_2,spectral,entropy_normalized,NOT_RUN,,DEFERRED_TO_PS4
sh (g/kg),inner_2,stl,stl_seasonal_strength_primary,NOT_RUN,,DEFERRED_TO_PS4
H2OC (mmol/mol),inner_2,quality,missing_fraction,MEASURED_REUSED,0.0,cache 4db6b742e30508e5
H2OC (mmol/mol),inner_2,quality,nonfinite_count,MEASURED_REUSED,0,cache 4db6b742e30508e5
H2OC (mmol/mol),inner_2,quality,constant_flag,MEASURED_REUSED,False,cache 4db6b742e30508e5
H2OC (mmol/mol),inner_2,quality,unique_ratio,MEASURED_REUSED,0.07226554689062188,cache 4db6b742e30508e5
H2OC (mmol/mol),inner_2,quality,sentinel_le_m9999_count,MEASURED_REUSED,0,cache 4db6b742e30508e5
H2OC (mmol/mol),inner_2,distribution,mean,MEASURED_REUSED,7.936571885622876,cache bd289febda41d13b
H2OC (mmol/mol),inner_2,distribution,std,MEASURED_REUSED,3.3775110422834898,cache bd289febda41d13b
H2OC (mmol/mol),inner_2,distribution,median,MEASURED_REUSED,7.04,cache bd289febda41d13b
H2OC (mmol/mol),inner_2,distribution,iqr,MEASURED_REUSED,3.4300000000000006,cache bd289febda41d13b
H2OC (mmol/mol),inner_2,distribution,mad,MEASURED_REUSED,1.54,cache bd289febda41d13b
H2OC (mmol/mol),inner_2,distribution,skewness,MEASURED_REUSED,1.5180910002048105,cache bd289febda41d13b
H2OC (mmol/mol),inner_2,distribution,excess_kurtosis,MEASURED_REUSED,2.5608750980152113,cache bd289febda41d13b
H2OC (mmol/mol),inner_2,distribution,q01,MEASURED_REUSED,2.87,cache bd289febda41d13b
H2OC (mmol/mol),inner_2,distribution,q99,MEASURED_REUSED,19.258799999999976,cache bd289febda41d13b
H2OC (mmol/mol),inner_2,distribution,upper_tail_ratio,MEASURED_REUSED,6.327188940092164,cache bd289febda41d13b
H2OC (mmol/mol),inner_2,distribution,lower_tail_ratio,MEASURED_REUSED,3.444444444444445,cache bd289febda41d13b
H2OC (mmol/mol),inner_2,volatility,diff_std,MEASURED_REUSED,0.13124402197416468,cache 44b65753d79c2ffb
H2OC (mmol/mol),inner_2,volatility,diff_std_over_std,MEASURED_REUSED,0.038858206629409676,cache 44b65753d79c2ffb
H2OC (mmol/mol),inner_2,volatility,rolling_std_cv,MEASURED_REUSED,0.6532810707857549,cache 44b65753d79c2ffb
H2OC (mmol/mol),inner_2,acf_selected,acf_lag_1,MEASURED_REUSED,0.9991543651412168,cache 6775966b1b566c6e
H2OC (mmol/mol),inner_2,acf_selected,acf_lag_144,MEASURED_REUSED,0.7904461222306253,cache 6775966b1b566c6e
H2OC (mmol/mol),inner_2,acf_selected,acf_lag_288,MEASURED_REUSED,0.6924598310431136,cache 6775966b1b566c6e
H2OC (mmol/mol),inner_2,acf_selected,acf_lag_1008,MEASURED_REUSED,0.44128395661773756,cache 6775966b1b566c6e
H2OC (mmol/mol),inner_2,seasonality,seasonal_acf_daily_144,MEASURED_REUSED,0.7904461222306253,cache a8534b52697d4860
H2OC (mmol/mol),inner_2,seasonality,seasonal_diff_var_ratio_daily_144,MEASURED_REUSED,0.3957981621073415,cache a8534b52697d4860
H2OC (mmol/mol),inner_2,seasonality,seasonal_acf_weekly_1008,MEASURED_REUSED,0.44128395661773756,cache a8534b52697d4860
H2OC (mmol/mol),inner_2,seasonality,seasonal_diff_var_ratio_weekly_1008,MEASURED_REUSED,0.8879315758852554,cache a8534b52697d4860
H2OC (mmol/mol),inner_2,cost,seconds_quality,MEASURED_REUSED,0.0005597389523809546,process CPU seconds of the batch divided by its features
H2OC (mmol/mol),inner_2,cost,seconds_distribution,MEASURED_REUSED,0.0019989206666666684,process CPU seconds of the batch divided by its features
H2OC (mmol/mol),inner_2,cost,seconds_volatility,MEASURED_REUSED,0.0003743663333333308,process CPU seconds of the batch divided by its features
H2OC (mmol/mol),inner_2,cost,seconds_acf_selected,MEASURED_REUSED,0.00017693542857142414,process CPU seconds of the batch divided by its features
H2OC (mmol/mol),inner_2,cost,seconds_seasonality,MEASURED_REUSED,0.0003615458095238132,process CPU seconds of the batch divided by its features
H2OC (mmol/mol),inner_2,stationarity,adf_c_aic_pvalue,NOT_RUN,,DEFERRED_TO_PS4
H2OC (mmol/mol),inner_2,stationarity,kpss_c_auto_pvalue,NOT_RUN,,DEFERRED_TO_PS4
H2OC (mmol/mol),inner_2,spectral,peak1_period_rows,NOT_RUN,,DEFERRED_TO_PS4
H2OC (mmol/mol),inner_2,spectral,entropy_normalized,NOT_RUN,,DEFERRED_TO_PS4
H2OC (mmol/mol),inner_2,stl,stl_seasonal_strength_primary,NOT_RUN,,DEFERRED_TO_PS4
rho (g/m**3),inner_2,quality,missing_fraction,MEASURED_REUSED,0.0,cache 4db6b742e30508e5
rho (g/m**3),inner_2,quality,nonfinite_count,MEASURED_REUSED,0,cache 4db6b742e30508e5
rho (g/m**3),inner_2,quality,constant_flag,MEASURED_REUSED,False,cache 4db6b742e30508e5
rho (g/m**3),inner_2,quality,unique_ratio,MEASURED_REUSED,0.44683063387322536,cache 4db6b742e30508e5
rho (g/m**3),inner_2,quality,sentinel_le_m9999_count,MEASURED_REUSED,0,cache 4db6b742e30508e5
rho (g/m**3),inner_2,distribution,mean,MEASURED_REUSED,1222.7131057788442,cache bd289febda41d13b
rho (g/m**3),inner_2,distribution,std,MEASURED_REUSED,33.33157449408725,cache bd289febda41d13b
rho (g/m**3),inner_2,distribution,median,MEASURED_REUSED,1221.84,cache bd289febda41d13b
rho (g/m**3),inner_2,distribution,iqr,MEASURED_REUSED,47.3900000000001,cache bd289febda41d13b
rho (g/m**3),inner_2,distribution,mad,MEASURED_REUSED,23.670000000000073,cache bd289febda41d13b
rho (g/m**3),inner_2,distribution,skewness,MEASURED_REUSED,0.09707208270654374,cache bd289febda41d13b
rho (g/m**3),inner_2,distribution,excess_kurtosis,MEASURED_REUSED,-0.34796558230982777,cache bd289febda41d13b
rho (g/m**3),inner_2,distribution,q01,MEASURED_REUSED,1152.7936,cache bd289febda41d13b
rho (g/m**3),inner_2,distribution,q99,MEASURED_REUSED,1300.4996,cache bd289febda41d13b
rho (g/m**3),inner_2,distribution,upper_tail_ratio,MEASURED_REUSED,3.4769855072463636,cache bd289febda41d13b
rho (g/m**3),inner_2,distribution,lower_tail_ratio,MEASURED_REUSED,3.3320998278829537,cache bd289febda41d13b
rho (g/m**3),inner_2,volatility,diff_std,MEASURED_REUSED,1.1452861687539764,cache 44b65753d79c2ffb
rho (g/m**3),inner_2,volatility,diff_std_over_std,MEASURED_REUSED,0.03436039809511971,cache 44b65753d79c2ffb
rho (g/m**3),inner_2,volatility,rolling_std_cv,MEASURED_REUSED,0.5178135903198758,cache 44b65753d79c2ffb
rho (g/m**3),inner_2,acf_selected,acf_lag_1,MEASURED_REUSED,0.9992846454413866,cache 6775966b1b566c6e
rho (g/m**3),inner_2,acf_selected,acf_lag_144,MEASURED_REUSED,0.7802160597530711,cache 6775966b1b566c6e
rho (g/m**3),inner_2,acf_selected,acf_lag_288,MEASURED_REUSED,0.6192733717805653,cache 6775966b1b566c6e
rho (g/m**3),inner_2,acf_selected,acf_lag_1008,MEASURED_REUSED,0.44203774835823645,cache 6775966b1b566c6e
rho (g/m**3),inner_2,seasonality,seasonal_acf_daily_144,MEASURED_REUSED,0.7802160597530711,cache a8534b52697d4860
rho (g/m**3),inner_2,seasonality,seasonal_diff_var_ratio_daily_144,MEASURED_REUSED,0.41044752082201486,cache a8534b52697d4860
rho (g/m**3),inner_2,seasonality,seasonal_acf_weekly_1008,MEASURED_REUSED,0.44203774835823645,cache a8534b52697d4860
rho (g/m**3),inner_2,seasonality,seasonal_diff_var_ratio_weekly_1008,MEASURED_REUSED,0.9838944769166361,cache a8534b52697d4860
rho (g/m**3),inner_2,cost,seconds_quality,MEASURED_REUSED,0.0005597389523809546,process CPU seconds of the batch divided by its features
rho (g/m**3),inner_2,cost,seconds_distribution,MEASURED_REUSED,0.0019989206666666684,process CPU seconds of the batch divided by its features
rho (g/m**3),inner_2,cost,seconds_volatility,MEASURED_REUSED,0.0003743663333333308,process CPU seconds of the batch divided by its features
rho (g/m**3),inner_2,cost,seconds_acf_selected,MEASURED_REUSED,0.00017693542857142414,process CPU seconds of the batch divided by its features
rho (g/m**3),inner_2,cost,seconds_seasonality,MEASURED_REUSED,0.0003615458095238132,process CPU seconds of the batch divided by its features
rho (g/m**3),inner_2,stationarity,adf_c_aic_pvalue,NOT_RUN,,DEFERRED_TO_PS4
rho (g/m**3),inner_2,stationarity,kpss_c_auto_pvalue,NOT_RUN,,DEFERRED_TO_PS4
rho (g/m**3),inner_2,spectral,peak1_period_rows,NOT_RUN,,DEFERRED_TO_PS4
rho (g/m**3),inner_2,spectral,entropy_normalized,NOT_RUN,,DEFERRED_TO_PS4
rho (g/m**3),inner_2,stl,stl_seasonal_strength_primary,NOT_RUN,,DEFERRED_TO_PS4
wv (m/s),inner_2,quality,missing_fraction,MEASURED_REUSED,0.0,cache 4db6b742e30508e5
wv (m/s),inner_2,quality,nonfinite_count,MEASURED_REUSED,0,cache 4db6b742e30508e5
wv (m/s),inner_2,quality,constant_flag,MEASURED_REUSED,False,cache 4db6b742e30508e5
wv (m/s),inner_2,quality,unique_ratio,MEASURED_REUSED,0.03819236152769446,cache 4db6b742e30508e5
wv (m/s),inner_2,quality,sentinel_le_m9999_count,MEASURED_REUSED,1,cache 4db6b742e30508e5
wv (m/s),inner_2,distribution,mean,MEASURED_REUSED,1.9824135172965407,cache bd289febda41d13b
wv (m/s),inner_2,distribution,std,MEASURED_REUSED,63.27308390406061,cache bd289febda41d13b
wv (m/s),inner_2,distribution,median,MEASURED_REUSED,1.93,cache bd289febda41d13b
wv (m/s),inner_2,distribution,iqr,MEASURED_REUSED,2.2299999999999995,cache bd289febda41d13b
wv (m/s),inner_2,distribution,mad,MEASURED_REUSED,1.0299999999999998,cache bd289febda41d13b
wv (m/s),inner_2,distribution,skewness,MEASURED_REUSED,-157.94144448172133,cache bd289febda41d13b
wv (m/s),inner_2,distribution,excess_kurtosis,MEASURED_REUSED,24965.322354696655,cache bd289febda41d13b
wv (m/s),inner_2,distribution,q01,MEASURED_REUSED,0.23,cache bd289febda41d13b
wv (m/s),inner_2,distribution,q99,MEASURED_REUSED,7.94,cache bd289febda41d13b
wv (m/s),inner_2,distribution,upper_tail_ratio,MEASURED_REUSED,5.3457142857142825,cache bd289febda41d13b
wv (m/s),inner_2,distribution,lower_tail_ratio,MEASURED_REUSED,1.9333333333333336,cache bd289febda41d13b
wv (m/s),inner_2,volatility,diff_std,MEASURED_REUSED,89.45284057701774,cache 44b65753d79c2ffb
wv (m/s),inner_2,volatility,diff_std_over_std,MEASURED_REUSED,1.413758190017304,cache 44b65753d79c2ffb
wv (m/s),inner_2,volatility,rolling_std_cv,MEASURED_REUSED,10.477387316139094,cache 44b65753d79c2ffb
wv (m/s),inner_2,acf_selected,acf_lag_1,MEASURED_REUSED,0.0006838513049129897,cache 6775966b1b566c6e
wv (m/s),inner_2,acf_selected,acf_lag_144,MEASURED_REUSED,-0.00011710515246473139,cache 6775966b1b566c6e
wv (m/s),inner_2,acf_selected,acf_lag_288,MEASURED_REUSED,-0.0002230802479948696,cache 6775966b1b566c6e
wv (m/s),inner_2,acf_selected,acf_lag_1008,MEASURED_REUSED,-5.551592986748567e-05,cache 6775966b1b566c6e
wv (m/s),inner_2,seasonality,seasonal_acf_daily_144,MEASURED_REUSED,-0.00011710515246473139,cache a8534b52697d4860
wv (m/s),inner_2,seasonality,seasonal_diff_var_ratio_daily_144,MEASURED_REUSED,2.0118162448216816,cache a8534b52697d4860
wv (m/s),inner_2,seasonality,seasonal_acf_weekly_1008,MEASURED_REUSED,-5.551592986748567e-05,cache a8534b52697d4860
wv (m/s),inner_2,seasonality,seasonal_diff_var_ratio_weekly_1008,MEASURED_REUSED,2.084096160646804,cache a8534b52697d4860
wv (m/s),inner_2,cost,seconds_quality,MEASURED_REUSED,0.0005597389523809546,process CPU seconds of the batch divided by its features
wv (m/s),inner_2,cost,seconds_distribution,MEASURED_REUSED,0.0019989206666666684,process CPU seconds of the batch divided by its features
wv (m/s),inner_2,cost,seconds_volatility,MEASURED_REUSED,0.0003743663333333308,process CPU seconds of the batch divided by its features
wv (m/s),inner_2,cost,seconds_acf_selected,MEASURED_REUSED,0.00017693542857142414,process CPU seconds of the batch divided by its features
wv (m/s),inner_2,cost,seconds_seasonality,MEASURED_REUSED,0.0003615458095238132,process CPU seconds of the batch divided by its features
wv (m/s),inner_2,stationarity,adf_c_aic_pvalue,NOT_RUN,,DEFERRED_TO_PS4
wv (m/s),inner_2,stationarity,kpss_c_auto_pvalue,NOT_RUN,,DEFERRED_TO_PS4
wv (m/s),inner_2,spectral,peak1_period_rows,NOT_RUN,,DEFERRED_TO_PS4
wv (m/s),inner_2,spectral,entropy_normalized,NOT_RUN,,DEFERRED_TO_PS4
wv (m/s),inner_2,stl,stl_seasonal_strength_primary,NOT_RUN,,DEFERRED_TO_PS4
max. wv (m/s),inner_2,quality,missing_fraction,MEASURED_REUSED,0.0,cache 4db6b742e30508e5
max. wv (m/s),inner_2,quality,nonfinite_count,MEASURED_REUSED,0,cache 4db6b742e30508e5
max. wv (m/s),inner_2,quality,constant_flag,MEASURED_REUSED,False,cache 4db6b742e30508e5
max. wv (m/s),inner_2,quality,unique_ratio,MEASURED_REUSED,0.04875024995001,cache 4db6b742e30508e5
max. wv (m/s),inner_2,quality,sentinel_le_m9999_count,MEASURED_REUSED,0,cache 4db6b742e30508e5
max. wv (m/s),inner_2,distribution,mean,MEASURED_REUSED,4.01654149170166,cache bd289febda41d13b
max. wv (m/s),inner_2,distribution,std,MEASURED_REUSED,2.7438136835731517,cache bd289febda41d13b
max. wv (m/s),inner_2,distribution,median,MEASURED_REUSED,3.38,cache bd289febda41d13b
max. wv (m/s),inner_2,distribution,iqr,MEASURED_REUSED,3.6500000000000004,cache bd289febda41d13b
max. wv (m/s),inner_2,distribution,mad,MEASURED_REUSED,1.71,cache bd289febda41d13b
max. wv (m/s),inner_2,distribution,skewness,MEASURED_REUSED,1.2292951237628391,cache bd289febda41d13b
max. wv (m/s),inner_2,distribution,excess_kurtosis,MEASURED_REUSED,1.986175056494032,cache bd289febda41d13b
max. wv (m/s),inner_2,distribution,q01,MEASURED_REUSED,0.52,cache bd289febda41d13b
max. wv (m/s),inner_2,distribution,q99,MEASURED_REUSED,12.42,cache bd289febda41d13b
max. wv (m/s),inner_2,distribution,upper_tail_ratio,MEASURED_REUSED,4.981395348837209,cache bd289febda41d13b
max. wv (m/s),inner_2,distribution,lower_tail_ratio,MEASURED_REUSED,1.96,cache bd289febda41d13b
max. wv (m/s),inner_2,volatility,diff_std,MEASURED_REUSED,1.0288674202295338,cache 44b65753d79c2ffb
max. wv (m/s),inner_2,volatility,diff_std_over_std,MEASURED_REUSED,0.3749771445449181,cache 44b65753d79c2ffb
max. wv (m/s),inner_2,volatility,rolling_std_cv,MEASURED_REUSED,0.3999683638836297,cache 44b65753d79c2ffb
max. wv (m/s),inner_2,acf_selected,acf_lag_1,MEASURED_REUSED,0.9296809407210603,cache 6775966b1b566c6e
max. wv (m/s),inner_2,acf_selected,acf_lag_144,MEASURED_REUSED,0.4446403571103185,cache 6775966b1b566c6e
max. wv (m/s),inner_2,acf_selected,acf_lag_288,MEASURED_REUSED,0.34981839531351255,cache 6775966b1b566c6e
max. wv (m/s),inner_2,acf_selected,acf_lag_1008,MEASURED_REUSED,0.29105498474208247,cache 6775966b1b566c6e
max. wv (m/s),inner_2,seasonality,seasonal_acf_daily_144,MEASURED_REUSED,0.4446403571103185,cache a8534b52697d4860
max. wv (m/s),inner_2,seasonality,seasonal_diff_var_ratio_daily_144,MEASURED_REUSED,1.1085300008896788,cache a8534b52697d4860
max. wv (m/s),inner_2,seasonality,seasonal_acf_weekly_1008,MEASURED_REUSED,0.29105498474208247,cache a8534b52697d4860
max. wv (m/s),inner_2,seasonality,seasonal_diff_var_ratio_weekly_1008,MEASURED_REUSED,1.4285908651045705,cache a8534b52697d4860
max. wv (m/s),inner_2,cost,seconds_quality,MEASURED_REUSED,0.0005597389523809546,process CPU seconds of the batch divided by its features
max. wv (m/s),inner_2,cost,seconds_distribution,MEASURED_REUSED,0.0019989206666666684,process CPU seconds of the batch divided by its features
max. wv (m/s),inner_2,cost,seconds_volatility,MEASURED_REUSED,0.0003743663333333308,process CPU seconds of the batch divided by its features
max. wv (m/s),inner_2,cost,seconds_acf_selected,MEASURED_REUSED,0.00017693542857142414,process CPU seconds of the batch divided by its features
max. wv (m/s),inner_2,cost,seconds_seasonality,MEASURED_REUSED,0.0003615458095238132,process CPU seconds of the batch divided by its features
max. wv (m/s),inner_2,stationarity,adf_c_aic_pvalue,NOT_RUN,,DEFERRED_TO_PS4
max. wv (m/s),inner_2,stationarity,kpss_c_auto_pvalue,NOT_RUN,,DEFERRED_TO_PS4
max. wv (m/s),inner_2,spectral,peak1_period_rows,NOT_RUN,,DEFERRED_TO_PS4
max. wv (m/s),inner_2,spectral,entropy_normalized,NOT_RUN,,DEFERRED_TO_PS4
max. wv (m/s),inner_2,stl,stl_seasonal_strength_primary,NOT_RUN,,DEFERRED_TO_PS4
wd (deg),inner_2,quality,missing_fraction,MEASURED_REUSED,0.0,cache 4db6b742e30508e5
wd (deg),inner_2,quality,nonfinite_count,MEASURED_REUSED,0,cache 4db6b742e30508e5
wd (deg),inner_2,quality,constant_flag,MEASURED_REUSED,False,cache 4db6b742e30508e5
wd (deg),inner_2,quality,unique_ratio,MEASURED_REUSED,0.2549890021995601,cache 4db6b742e30508e5
wd (deg),inner_2,quality,sentinel_le_m9999_count,MEASURED_REUSED,0,cache 4db6b742e30508e5
wd (deg),inner_2,distribution,mean,MEASURED_REUSED,174.14597120575883,cache bd289febda41d13b
wd (deg),inner_2,distribution,std,MEASURED_REUSED,86.33369909335352,cache bd289febda41d13b
wd (deg),inner_2,distribution,median,MEASURED_REUSED,197.4,cache bd289febda41d13b
wd (deg),inner_2,distribution,iqr,MEASURED_REUSED,119.0,cache bd289febda41d13b
wd (deg),inner_2,distribution,mad,MEASURED_REUSED,46.69999999999999,cache bd289febda41d13b
wd (deg),inner_2,distribution,skewness,MEASURED_REUSED,-0.43155109448074797,cache bd289febda41d13b
wd (deg),inner_2,distribution,excess_kurtosis,MEASURED_REUSED,-0.6649526156158378,cache bd289febda41d13b
wd (deg),inner_2,distribution,q01,MEASURED_REUSED,6.352399999999999,cache bd289febda41d13b
wd (deg),inner_2,distribution,q99,MEASURED_REUSED,350.8,cache bd289febda41d13b
wd (deg),inner_2,distribution,upper_tail_ratio,MEASURED_REUSED,4.504273504273505,cache bd289febda41d13b
wd (deg),inner_2,distribution,lower_tail_ratio,MEASURED_REUSED,2.3154851013110846,cache bd289febda41d13b
wd (deg),inner_2,volatility,diff_std,MEASURED_REUSED,65.67702136474384,cache 44b65753d79c2ffb
wd (deg),inner_2,volatility,diff_std_over_std,MEASURED_REUSED,0.7607344762759047,cache 44b65753d79c2ffb
wd (deg),inner_2,volatility,rolling_std_cv,MEASURED_REUSED,0.5744814277838095,cache 44b65753d79c2ffb
wd (deg),inner_2,acf_selected,acf_lag_1,MEASURED_REUSED,0.7106426884762185,cache 6775966b1b566c6e
wd (deg),inner_2,acf_selected,acf_lag_144,MEASURED_REUSED,0.23742925716129337,cache 6775966b1b566c6e
wd (deg),inner_2,acf_selected,acf_lag_288,MEASURED_REUSED,0.18451570061324377,cache 6775966b1b566c6e
wd (deg),inner_2,acf_selected,acf_lag_1008,MEASURED_REUSED,0.048959770936994766,cache 6775966b1b566c6e
wd (deg),inner_2,seasonality,seasonal_acf_daily_144,MEASURED_REUSED,0.23742925716129337,cache a8534b52697d4860
wd (deg),inner_2,seasonality,seasonal_diff_var_ratio_daily_144,MEASURED_REUSED,1.5229255885710082,cache a8534b52697d4860
wd (deg),inner_2,seasonality,seasonal_acf_weekly_1008,MEASURED_REUSED,0.048959770936994766,cache a8534b52697d4860
wd (deg),inner_2,seasonality,seasonal_diff_var_ratio_weekly_1008,MEASURED_REUSED,1.9147546219987948,cache a8534b52697d4860
wd (deg),inner_2,cost,seconds_quality,MEASURED_REUSED,0.0005597389523809546,process CPU seconds of the batch divided by its features
wd (deg),inner_2,cost,seconds_distribution,MEASURED_REUSED,0.0019989206666666684,process CPU seconds of the batch divided by its features
wd (deg),inner_2,cost,seconds_volatility,MEASURED_REUSED,0.0003743663333333308,process CPU seconds of the batch divided by its features
wd (deg),inner_2,cost,seconds_acf_selected,MEASURED_REUSED,0.00017693542857142414,process CPU seconds of the batch divided by its features
wd (deg),inner_2,cost,seconds_seasonality,MEASURED_REUSED,0.0003615458095238132,process CPU seconds of the batch divided by its features
wd (deg),inner_2,stationarity,adf_c_aic_pvalue,NOT_RUN,,DEFERRED_TO_PS4
wd (deg),inner_2,stationarity,kpss_c_auto_pvalue,NOT_RUN,,DEFERRED_TO_PS4
wd (deg),inner_2,spectral,peak1_period_rows,NOT_RUN,,DEFERRED_TO_PS4
wd (deg),inner_2,spectral,entropy_normalized,NOT_RUN,,DEFERRED_TO_PS4
wd (deg),inner_2,stl,stl_seasonal_strength_primary,NOT_RUN,,DEFERRED_TO_PS4
rain (mm),inner_2,quality,missing_fraction,MEASURED_REUSED,0.0,cache 4db6b742e30508e5
rain (mm),inner_2,quality,nonfinite_count,MEASURED_REUSED,0,cache 4db6b742e30508e5
rain (mm),inner_2,quality,constant_flag,MEASURED_REUSED,False,cache 4db6b742e30508e5
rain (mm),inner_2,quality,unique_ratio,MEASURED_REUSED,0.001239752049590082,cache 4db6b742e30508e5
rain (mm),inner_2,quality,sentinel_le_m9999_count,MEASURED_REUSED,0,cache 4db6b742e30508e5
rain (mm),inner_2,distribution,mean,MEASURED_REUSED,0.011537692461507699,cache bd289febda41d13b
rain (mm),inner_2,distribution,std,MEASURED_REUSED,0.1213923278194864,cache bd289febda41d13b
rain (mm),inner_2,distribution,median,MEASURED_REUSED,0.0,cache bd289febda41d13b
rain (mm),inner_2,distribution,iqr,MEASURED_REUSED,0.0,cache bd289febda41d13b
rain (mm),inner_2,distribution,mad,MEASURED_REUSED,0.0,cache bd289febda41d13b
rain (mm),inner_2,distribution,skewness,MEASURED_REUSED,43.64877488780342,cache bd289febda41d13b
rain (mm),inner_2,distribution,excess_kurtosis,MEASURED_REUSED,3226.1674418405664,cache bd289febda41d13b
rain (mm),inner_2,distribution,q01,MEASURED_REUSED,0.0,cache bd289febda41d13b
rain (mm),inner_2,distribution,q99,MEASURED_REUSED,0.3,cache bd289febda41d13b
rain (mm),inner_2,distribution,upper_tail_ratio,NOT_RUN,,ZERO_UPPER_QUARTILE_SPREAD
rain (mm),inner_2,distribution,lower_tail_ratio,NOT_RUN,,ZERO_LOWER_QUARTILE_SPREAD
rain (mm),inner_2,volatility,diff_std,MEASURED_REUSED,0.11761607022513111,cache 44b65753d79c2ffb
rain (mm),inner_2,volatility,diff_std_over_std,MEASURED_REUSED,0.9688921230675246,cache 44b65753d79c2ffb
rain (mm),inner_2,volatility,rolling_std_cv,MEASURED_REUSED,2.4656652962017898,cache 44b65753d79c2ffb
rain (mm),inner_2,acf_selected,acf_lag_1,MEASURED_REUSED,0.5306424376825589,cache 6775966b1b566c6e
rain (mm),inner_2,acf_selected,acf_lag_144,MEASURED_REUSED,0.0007387658538240935,cache 6775966b1b566c6e
rain (mm),inner_2,acf_selected,acf_lag_288,MEASURED_REUSED,0.0020708755139425146,cache 6775966b1b566c6e
rain (mm),inner_2,acf_selected,acf_lag_1008,MEASURED_REUSED,0.005846151577700448,cache 6775966b1b566c6e
rain (mm),inner_2,seasonality,seasonal_acf_daily_144,MEASURED_REUSED,0.0007387658538240935,cache a8534b52697d4860
rain (mm),inner_2,seasonality,seasonal_diff_var_ratio_daily_144,MEASURED_REUSED,2.0099936676424837,cache a8534b52697d4860
rain (mm),inner_2,seasonality,seasonal_acf_weekly_1008,MEASURED_REUSED,0.005846151577700448,cache a8534b52697d4860
rain (mm),inner_2,seasonality,seasonal_diff_var_ratio_weekly_1008,MEASURED_REUSED,1.6023728348224602,cache a8534b52697d4860
rain (mm),inner_2,cost,seconds_quality,MEASURED_REUSED,0.0005597389523809546,process CPU seconds of the batch divided by its features
rain (mm),inner_2,cost,seconds_distribution,MEASURED_REUSED,0.0019989206666666684,process CPU seconds of the batch divided by its features
rain (mm),inner_2,cost,seconds_volatility,MEASURED_REUSED,0.0003743663333333308,process CPU seconds of the batch divided by its features
rain (mm),inner_2,cost,seconds_acf_selected,MEASURED_REUSED,0.00017693542857142414,process CPU seconds of the batch divided by its features
rain (mm),inner_2,cost,seconds_seasonality,MEASURED_REUSED,0.0003615458095238132,process CPU seconds of the batch divided by its features
rain (mm),inner_2,stationarity,adf_c_aic_pvalue,NOT_RUN,,DEFERRED_TO_PS4
rain (mm),inner_2,stationarity,kpss_c_auto_pvalue,NOT_RUN,,DEFERRED_TO_PS4
rain (mm),inner_2,spectral,peak1_period_rows,NOT_RUN,,DEFERRED_TO_PS4
rain (mm),inner_2,spectral,entropy_normalized,NOT_RUN,,DEFERRED_TO_PS4
rain (mm),inner_2,stl,stl_seasonal_strength_primary,NOT_RUN,,DEFERRED_TO_PS4
raining (s),inner_2,quality,missing_fraction,MEASURED_REUSED,0.0,cache 4db6b742e30508e5
raining (s),inner_2,quality,nonfinite_count,MEASURED_REUSED,0,cache 4db6b742e30508e5
raining (s),inner_2,quality,constant_flag,MEASURED_REUSED,False,cache 4db6b742e30508e5
raining (s),inner_2,quality,unique_ratio,MEASURED_REUSED,0.002439512097580484,cache 4db6b742e30508e5
raining (s),inner_2,quality,sentinel_le_m9999_count,MEASURED_REUSED,0,cache 4db6b742e30508e5
raining (s),inner_2,distribution,mean,MEASURED_REUSED,25.92881423715257,cache bd289febda41d13b
raining (s),inner_2,distribution,std,MEASURED_REUSED,110.79816755770025,cache bd289febda41d13b
raining (s),inner_2,distribution,median,MEASURED_REUSED,0.0,cache bd289febda41d13b
raining (s),inner_2,distribution,iqr,MEASURED_REUSED,0.0,cache bd289febda41d13b
raining (s),inner_2,distribution,mad,MEASURED_REUSED,0.0,cache bd289febda41d13b
raining (s),inner_2,distribution,skewness,MEASURED_REUSED,4.4366787558675265,cache bd289febda41d13b
raining (s),inner_2,distribution,excess_kurtosis,MEASURED_REUSED,18.606588957023693,cache bd289febda41d13b
raining (s),inner_2,distribution,q01,MEASURED_REUSED,0.0,cache bd289febda41d13b
raining (s),inner_2,distribution,q99,MEASURED_REUSED,600.0,cache bd289febda41d13b
raining (s),inner_2,distribution,upper_tail_ratio,NOT_RUN,,ZERO_UPPER_QUARTILE_SPREAD
raining (s),inner_2,distribution,lower_tail_ratio,NOT_RUN,,ZERO_LOWER_QUARTILE_SPREAD
raining (s),inner_2,volatility,diff_std,MEASURED_REUSED,60.17638620177556,cache 44b65753d79c2ffb
raining (s),inner_2,volatility,diff_std_over_std,MEASURED_REUSED,0.5431171609443591,cache 44b65753d79c2ffb
raining (s),inner_2,volatility,rolling_std_cv,MEASURED_REUSED,1.3296339539337172,cache 44b65753d79c2ffb
raining (s),inner_2,acf_selected,acf_lag_1,MEASURED_REUSED,0.8525155830903591,cache 6775966b1b566c6e
raining (s),inner_2,acf_selected,acf_lag_144,MEASURED_REUSED,0.045544784919311306,cache 6775966b1b566c6e
raining (s),inner_2,acf_selected,acf_lag_288,MEASURED_REUSED,-0.005821747927780573,cache 6775966b1b566c6e
raining (s),inner_2,acf_selected,acf_lag_1008,MEASURED_REUSED,0.052537135462453415,cache 6775966b1b566c6e
raining (s),inner_2,seasonality,seasonal_acf_daily_144,MEASURED_REUSED,0.045544784919311306,cache a8534b52697d4860
raining (s),inner_2,seasonality,seasonal_diff_var_ratio_daily_144,MEASURED_REUSED,1.9193311875155885,cache a8534b52697d4860
raining (s),inner_2,seasonality,seasonal_acf_weekly_1008,MEASURED_REUSED,0.052537135462453415,cache a8534b52697d4860
raining (s),inner_2,seasonality,seasonal_diff_var_ratio_weekly_1008,MEASURED_REUSED,1.8943424124623487,cache a8534b52697d4860
raining (s),inner_2,cost,seconds_quality,MEASURED_REUSED,0.0005597389523809546,process CPU seconds of the batch divided by its features
raining (s),inner_2,cost,seconds_distribution,MEASURED_REUSED,0.0019989206666666684,process CPU seconds of the batch divided by its features
raining (s),inner_2,cost,seconds_volatility,MEASURED_REUSED,0.0003743663333333308,process CPU seconds of the batch divided by its features
raining (s),inner_2,cost,seconds_acf_selected,MEASURED_REUSED,0.00017693542857142414,process CPU seconds of the batch divided by its features
raining (s),inner_2,cost,seconds_seasonality,MEASURED_REUSED,0.0003615458095238132,process CPU seconds of the batch divided by its features
raining (s),inner_2,stationarity,adf_c_aic_pvalue,NOT_RUN,,DEFERRED_TO_PS4
raining (s),inner_2,stationarity,kpss_c_auto_pvalue,NOT_RUN,,DEFERRED_TO_PS4
raining (s),inner_2,spectral,peak1_period_rows,NOT_RUN,,DEFERRED_TO_PS4
raining (s),inner_2,spectral,entropy_normalized,NOT_RUN,,DEFERRED_TO_PS4
raining (s),inner_2,stl,stl_seasonal_strength_primary,NOT_RUN,,DEFERRED_TO_PS4
SWDR (W/m�),inner_2,quality,missing_fraction,MEASURED_REUSED,0.0,cache 4db6b742e30508e5
SWDR (W/m�),inner_2,quality,nonfinite_count,MEASURED_REUSED,0,cache 4db6b742e30508e5
SWDR (W/m�),inner_2,quality,constant_flag,MEASURED_REUSED,False,cache 4db6b742e30508e5
SWDR (W/m�),inner_2,quality,unique_ratio,MEASURED_REUSED,0.23047390521895622,cache 4db6b742e30508e5
SWDR (W/m�),inner_2,quality,sentinel_le_m9999_count,MEASURED_REUSED,0,cache 4db6b742e30508e5
SWDR (W/m�),inner_2,distribution,mean,MEASURED_REUSED,139.13243431313737,cache bd289febda41d13b
SWDR (W/m�),inner_2,distribution,std,MEASURED_REUSED,222.68865487242837,cache bd289febda41d13b
SWDR (W/m�),inner_2,distribution,median,MEASURED_REUSED,5.84,cache bd289febda41d13b
SWDR (W/m�),inner_2,distribution,iqr,MEASURED_REUSED,196.58,cache bd289febda41d13b
SWDR (W/m�),inner_2,distribution,mad,MEASURED_REUSED,5.84,cache bd289febda41d13b
SWDR (W/m�),inner_2,distribution,skewness,MEASURED_REUSED,1.7373669145763706,cache bd289febda41d13b
SWDR (W/m�),inner_2,distribution,excess_kurtosis,MEASURED_REUSED,2.065298849647963,cache bd289febda41d13b
SWDR (W/m�),inner_2,distribution,q01,MEASURED_REUSED,0.0,cache bd289febda41d13b
SWDR (W/m�),inner_2,distribution,q99,MEASURED_REUSED,856.9991999999997,cache bd289febda41d13b
SWDR (W/m�),inner_2,distribution,upper_tail_ratio,MEASURED_REUSED,4.6535524798154535,cache bd289febda41d13b
SWDR (W/m�),inner_2,distribution,lower_tail_ratio,MEASURED_REUSED,1.0,cache bd289febda41d13b
SWDR (W/m�),inner_2,volatility,diff_std,MEASURED_REUSED,58.51360341235792,cache 44b65753d79c2ffb
SWDR (W/m�),inner_2,volatility,diff_std_over_std,MEASURED_REUSED,0.2627596966979687,cache 44b65753d79c2ffb
SWDR (W/m�),inner_2,volatility,rolling_std_cv,MEASURED_REUSED,0.574086966214848,cache 44b65753d79c2ffb
SWDR (W/m�),inner_2,acf_selected,acf_lag_1,MEASURED_REUSED,0.9654201158341178,cache 6775966b1b566c6e
SWDR (W/m�),inner_2,acf_selected,acf_lag_144,MEASURED_REUSED,0.7849904212314791,cache 6775966b1b566c6e
SWDR (W/m�),inner_2,acf_selected,acf_lag_288,MEASURED_REUSED,0.7335586603099516,cache 6775966b1b566c6e
SWDR (W/m�),inner_2,acf_selected,acf_lag_1008,MEASURED_REUSED,0.6983493282219643,cache 6775966b1b566c6e
SWDR (W/m�),inner_2,seasonality,seasonal_acf_daily_144,MEASURED_REUSED,0.7849904212314791,cache a8534b52697d4860
SWDR (W/m�),inner_2,seasonality,seasonal_diff_var_ratio_daily_144,MEASURED_REUSED,0.4202338969564474,cache a8534b52697d4860
SWDR (W/m�),inner_2,seasonality,seasonal_acf_weekly_1008,MEASURED_REUSED,0.6983493282219643,cache a8534b52697d4860
SWDR (W/m�),inner_2,seasonality,seasonal_diff_var_ratio_weekly_1008,MEASURED_REUSED,0.5461055803161616,cache a8534b52697d4860
SWDR (W/m�),inner_2,cost,seconds_quality,MEASURED_REUSED,0.0005597389523809546,process CPU seconds of the batch divided by its features
SWDR (W/m�),inner_2,cost,seconds_distribution,MEASURED_REUSED,0.0019989206666666684,process CPU seconds of the batch divided by its features
SWDR (W/m�),inner_2,cost,seconds_volatility,MEASURED_REUSED,0.0003743663333333308,process CPU seconds of the batch divided by its features
SWDR (W/m�),inner_2,cost,seconds_acf_selected,MEASURED_REUSED,0.00017693542857142414,process CPU seconds of the batch divided by its features
SWDR (W/m�),inner_2,cost,seconds_seasonality,MEASURED_REUSED,0.0003615458095238132,process CPU seconds of the batch divided by its features
SWDR (W/m�),inner_2,stationarity,adf_c_aic_pvalue,NOT_RUN,,DEFERRED_TO_PS4
SWDR (W/m�),inner_2,stationarity,kpss_c_auto_pvalue,NOT_RUN,,DEFERRED_TO_PS4
SWDR (W/m�),inner_2,spectral,peak1_period_rows,NOT_RUN,,DEFERRED_TO_PS4
SWDR (W/m�),inner_2,spectral,entropy_normalized,NOT_RUN,,DEFERRED_TO_PS4
SWDR (W/m�),inner_2,stl,stl_seasonal_strength_primary,NOT_RUN,,DEFERRED_TO_PS4
PAR (�mol/m�/s),inner_2,quality,missing_fraction,MEASURED_REUSED,0.0,cache 4db6b742e30508e5
PAR (�mol/m�/s),inner_2,quality,nonfinite_count,MEASURED_REUSED,0,cache 4db6b742e30508e5
PAR (�mol/m�/s),inner_2,quality,constant_flag,MEASURED_REUSED,False,cache 4db6b742e30508e5
PAR (�mol/m�/s),inner_2,quality,unique_ratio,MEASURED_REUSED,0.28854229154169164,cache 4db6b742e30508e5
PAR (�mol/m�/s),inner_2,quality,sentinel_le_m9999_count,MEASURED_REUSED,0,cache 4db6b742e30508e5
PAR (�mol/m�/s),inner_2,distribution,mean,MEASURED_REUSED,272.939425714857,cache bd289febda41d13b
PAR (�mol/m�/s),inner_2,distribution,std,MEASURED_REUSED,431.9019315569229,cache bd289febda41d13b
PAR (�mol/m�/s),inner_2,distribution,median,MEASURED_REUSED,16.44,cache bd289febda41d13b
PAR (�mol/m�/s),inner_2,distribution,iqr,MEASURED_REUSED,391.5,cache bd289febda41d13b
PAR (�mol/m�/s),inner_2,distribution,mad,MEASURED_REUSED,16.44,cache bd289febda41d13b
PAR (�mol/m�/s),inner_2,distribution,skewness,MEASURED_REUSED,1.7372649869211205,cache bd289febda41d13b
PAR (�mol/m�/s),inner_2,distribution,excess_kurtosis,MEASURED_REUSED,2.1185164225458264,cache bd289febda41d13b
PAR (�mol/m�/s),inner_2,distribution,q01,MEASURED_REUSED,0.0,cache bd289febda41d13b
PAR (�mol/m�/s),inner_2,distribution,q99,MEASURED_REUSED,1684.0139999999997,cache bd289febda41d13b
PAR (�mol/m�/s),inner_2,distribution,upper_tail_ratio,MEASURED_REUSED,4.665840132245507,cache bd289febda41d13b
PAR (�mol/m�/s),inner_2,distribution,lower_tail_ratio,MEASURED_REUSED,1.0,cache bd289febda41d13b
PAR (�mol/m�/s),inner_2,volatility,diff_std,MEASURED_REUSED,110.28851667073958,cache 44b65753d79c2ffb
PAR (�mol/m�/s),inner_2,volatility,diff_std_over_std,MEASURED_REUSED,0.2553554606092425,cache 44b65753d79c2ffb
PAR (�mol/m�/s),inner_2,volatility,rolling_std_cv,MEASURED_REUSED,0.5652864850723084,cache 44b65753d79c2ffb
PAR (�mol/m�/s),inner_2,acf_selected,acf_lag_1,MEASURED_REUSED,0.9673361787772716,cache 6775966b1b566c6e
PAR (�mol/m�/s),inner_2,acf_selected,acf_lag_144,MEASURED_REUSED,0.7955895169286855,cache 6775966b1b566c6e
PAR (�mol/m�/s),inner_2,acf_selected,acf_lag_288,MEASURED_REUSED,0.7466151304994395,cache 6775966b1b566c6e
PAR (�mol/m�/s),inner_2,acf_selected,acf_lag_1008,MEASURED_REUSED,0.7117617379126422,cache 6775966b1b566c6e
PAR (�mol/m�/s),inner_2,seasonality,seasonal_acf_daily_144,MEASURED_REUSED,0.7955895169286855,cache a8534b52697d4860
PAR (�mol/m�/s),inner_2,seasonality,seasonal_diff_var_ratio_daily_144,MEASURED_REUSED,0.3984413673855934,cache a8534b52697d4860
PAR (�mol/m�/s),inner_2,seasonality,seasonal_acf_weekly_1008,MEASURED_REUSED,0.7117617379126422,cache a8534b52697d4860
PAR (�mol/m�/s),inner_2,seasonality,seasonal_diff_var_ratio_weekly_1008,MEASURED_REUSED,0.5144079563581948,cache a8534b52697d4860
PAR (�mol/m�/s),inner_2,cost,seconds_quality,MEASURED_REUSED,0.0005597389523809546,process CPU seconds of the batch divided by its features
PAR (�mol/m�/s),inner_2,cost,seconds_distribution,MEASURED_REUSED,0.0019989206666666684,process CPU seconds of the batch divided by its features
PAR (�mol/m�/s),inner_2,cost,seconds_volatility,MEASURED_REUSED,0.0003743663333333308,process CPU seconds of the batch divided by its features
PAR (�mol/m�/s),inner_2,cost,seconds_acf_selected,MEASURED_REUSED,0.00017693542857142414,process CPU seconds of the batch divided by its features
PAR (�mol/m�/s),inner_2,cost,seconds_seasonality,MEASURED_REUSED,0.0003615458095238132,process CPU seconds of the batch divided by its features
PAR (�mol/m�/s),inner_2,stationarity,adf_c_aic_pvalue,NOT_RUN,,DEFERRED_TO_PS4
PAR (�mol/m�/s),inner_2,stationarity,kpss_c_auto_pvalue,NOT_RUN,,DEFERRED_TO_PS4
PAR (�mol/m�/s),inner_2,spectral,peak1_period_rows,NOT_RUN,,DEFERRED_TO_PS4
PAR (�mol/m�/s),inner_2,spectral,entropy_normalized,NOT_RUN,,DEFERRED_TO_PS4
PAR (�mol/m�/s),inner_2,stl,stl_seasonal_strength_primary,NOT_RUN,,DEFERRED_TO_PS4
max. PAR (�mol/m�/s),inner_2,quality,missing_fraction,MEASURED_REUSED,0.0,cache 4db6b742e30508e5
max. PAR (�mol/m�/s),inner_2,quality,nonfinite_count,MEASURED_REUSED,0,cache 4db6b742e30508e5
max. PAR (�mol/m�/s),inner_2,quality,constant_flag,MEASURED_REUSED,False,cache 4db6b742e30508e5
max. PAR (�mol/m�/s),inner_2,quality,unique_ratio,MEASURED_REUSED,0.2485102979404119,cache 4db6b742e30508e5
max. PAR (�mol/m�/s),inner_2,quality,sentinel_le_m9999_count,MEASURED_REUSED,9,cache 4db6b742e30508e5
max. PAR (�mol/m�/s),inner_2,distribution,mean,MEASURED_REUSED,323.5915288942212,cache bd289febda41d13b
max. PAR (�mol/m�/s),inner_2,distribution,std,MEASURED_REUSED,553.9922845472308,cache bd289febda41d13b
max. PAR (�mol/m�/s),inner_2,distribution,median,MEASURED_REUSED,21.04,cache bd289febda41d13b
max. PAR (�mol/m�/s),inner_2,distribution,iqr,MEASURED_REUSED,463.51,cache bd289febda41d13b
max. PAR (�mol/m�/s),inner_2,distribution,mad,MEASURED_REUSED,21.04,cache bd289febda41d13b
max. PAR (�mol/m�/s),inner_2,distribution,skewness,MEASURED_REUSED,-0.8984732303805809,cache bd289febda41d13b
max. PAR (�mol/m�/s),inner_2,distribution,excess_kurtosis,MEASURED_REUSED,44.33214385617598,cache bd289febda41d13b
max. PAR (�mol/m�/s),inner_2,distribution,q01,MEASURED_REUSED,0.0,cache bd289febda41d13b
max. PAR (�mol/m�/s),inner_2,distribution,q99,MEASURED_REUSED,2011.58,cache bd289febda41d13b
max. PAR (�mol/m�/s),inner_2,distribution,upper_tail_ratio,MEASURED_REUSED,4.777928447126359,cache bd289febda41d13b
max. PAR (�mol/m�/s),inner_2,distribution,lower_tail_ratio,MEASURED_REUSED,1.0,cache bd289febda41d13b
max. PAR (�mol/m�/s),inner_2,volatility,diff_std,MEASURED_REUSED,275.5059404814036,cache 44b65753d79c2ffb
max. PAR (�mol/m�/s),inner_2,volatility,diff_std_over_std,MEASURED_REUSED,0.49731006760603225,cache 44b65753d79c2ffb
max. PAR (�mol/m�/s),inner_2,volatility,rolling_std_cv,MEASURED_REUSED,0.6270993892581651,cache 44b65753d79c2ffb
max. PAR (�mol/m�/s),inner_2,acf_selected,acf_lag_1,MEASURED_REUSED,0.8763090645637037,cache 6775966b1b566c6e
max. PAR (�mol/m�/s),inner_2,acf_selected,acf_lag_144,MEASURED_REUSED,0.6631332403157769,cache 6775966b1b566c6e
max. PAR (�mol/m�/s),inner_2,acf_selected,acf_lag_288,MEASURED_REUSED,0.6360947920871759,cache 6775966b1b566c6e
max. PAR (�mol/m�/s),inner_2,acf_selected,acf_lag_1008,MEASURED_REUSED,0.607986928452197,cache 6775966b1b566c6e
max. PAR (�mol/m�/s),inner_2,seasonality,seasonal_acf_daily_144,MEASURED_REUSED,0.6631332403157769,cache a8534b52697d4860
max. PAR (�mol/m�/s),inner_2,seasonality,seasonal_diff_var_ratio_daily_144,MEASURED_REUSED,0.6479562702758201,cache a8534b52697d4860
max. PAR (�mol/m�/s),inner_2,seasonality,seasonal_acf_weekly_1008,MEASURED_REUSED,0.607986928452197,cache a8534b52697d4860
max. PAR (�mol/m�/s),inner_2,seasonality,seasonal_diff_var_ratio_weekly_1008,MEASURED_REUSED,0.7199861036460524,cache a8534b52697d4860
max. PAR (�mol/m�/s),inner_2,cost,seconds_quality,MEASURED_REUSED,0.0005597389523809546,process CPU seconds of the batch divided by its features
max. PAR (�mol/m�/s),inner_2,cost,seconds_distribution,MEASURED_REUSED,0.0019989206666666684,process CPU seconds of the batch divided by its features
max. PAR (�mol/m�/s),inner_2,cost,seconds_volatility,MEASURED_REUSED,0.0003743663333333308,process CPU seconds of the batch divided by its features
max. PAR (�mol/m�/s),inner_2,cost,seconds_acf_selected,MEASURED_REUSED,0.00017693542857142414,process CPU seconds of the batch divided by its features
max. PAR (�mol/m�/s),inner_2,cost,seconds_seasonality,MEASURED_REUSED,0.0003615458095238132,process CPU seconds of the batch divided by its features
max. PAR (�mol/m�/s),inner_2,stationarity,adf_c_aic_pvalue,NOT_RUN,,DEFERRED_TO_PS4
max. PAR (�mol/m�/s),inner_2,stationarity,kpss_c_auto_pvalue,NOT_RUN,,DEFERRED_TO_PS4
max. PAR (�mol/m�/s),inner_2,spectral,peak1_period_rows,NOT_RUN,,DEFERRED_TO_PS4
max. PAR (�mol/m�/s),inner_2,spectral,entropy_normalized,NOT_RUN,,DEFERRED_TO_PS4
max. PAR (�mol/m�/s),inner_2,stl,stl_seasonal_strength_primary,NOT_RUN,,DEFERRED_TO_PS4
Tlog (degC),inner_2,quality,missing_fraction,MEASURED_REUSED,0.0,cache 4db6b742e30508e5
Tlog (degC),inner_2,quality,nonfinite_count,MEASURED_REUSED,0,cache 4db6b742e30508e5
Tlog (degC),inner_2,quality,constant_flag,MEASURED_REUSED,False,cache 4db6b742e30508e5
Tlog (degC),inner_2,quality,unique_ratio,MEASURED_REUSED,0.11909618076384723,cache 4db6b742e30508e5
Tlog (degC),inner_2,quality,sentinel_le_m9999_count,MEASURED_REUSED,0,cache 4db6b742e30508e5
Tlog (degC),inner_2,distribution,mean,MEASURED_REUSED,19.24945930813837,cache bd289febda41d13b
Tlog (degC),inner_2,distribution,std,MEASURED_REUSED,6.336877268294826,cache bd289febda41d13b
Tlog (degC),inner_2,distribution,median,MEASURED_REUSED,18.17,cache bd289febda41d13b
Tlog (degC),inner_2,distribution,iqr,MEASURED_REUSED,8.75,cache bd289febda41d13b
Tlog (degC),inner_2,distribution,mad,MEASURED_REUSED,4.140000000000002,cache bd289febda41d13b
Tlog (degC),inner_2,distribution,skewness,MEASURED_REUSED,0.6244535326762333,cache bd289febda41d13b
Tlog (degC),inner_2,distribution,excess_kurtosis,MEASURED_REUSED,-0.05135939665828548,cache bd289febda41d13b
Tlog (degC),inner_2,distribution,q01,MEASURED_REUSED,7.84,cache bd289febda41d13b
Tlog (degC),inner_2,distribution,q99,MEASURED_REUSED,35.48,cache bd289febda41d13b
Tlog (degC),inner_2,distribution,upper_tail_ratio,MEASURED_REUSED,3.574724409448818,cache bd289febda41d13b
Tlog (degC),inner_2,distribution,lower_tail_ratio,MEASURED_REUSED,2.915531335149863,cache bd289febda41d13b
Tlog (degC),inner_2,volatility,diff_std,MEASURED_REUSED,0.20872458215916598,cache 44b65753d79c2ffb
Tlog (degC),inner_2,volatility,diff_std_over_std,MEASURED_REUSED,0.03293808185357693,cache 44b65753d79c2ffb
Tlog (degC),inner_2,volatility,rolling_std_cv,MEASURED_REUSED,0.5478332456252675,cache 44b65753d79c2ffb
Tlog (degC),inner_2,acf_selected,acf_lag_1,MEASURED_REUSED,0.9992865325920277,cache 6775966b1b566c6e
Tlog (degC),inner_2,acf_selected,acf_lag_144,MEASURED_REUSED,0.8050264773527839,cache 6775966b1b566c6e
Tlog (degC),inner_2,acf_selected,acf_lag_288,MEASURED_REUSED,0.7008065113494085,cache 6775966b1b566c6e
Tlog (degC),inner_2,acf_selected,acf_lag_1008,MEASURED_REUSED,0.5807008716584877,cache 6775966b1b566c6e
Tlog (degC),inner_2,seasonality,seasonal_acf_daily_144,MEASURED_REUSED,0.8050264773527839,cache a8534b52697d4860
Tlog (degC),inner_2,seasonality,seasonal_diff_var_ratio_daily_144,MEASURED_REUSED,0.362186342124109,cache a8534b52697d4860
Tlog (degC),inner_2,seasonality,seasonal_acf_weekly_1008,MEASURED_REUSED,0.5807008716584877,cache a8534b52697d4860
Tlog (degC),inner_2,seasonality,seasonal_diff_var_ratio_weekly_1008,MEASURED_REUSED,0.7066758472286787,cache a8534b52697d4860
Tlog (degC),inner_2,cost,seconds_quality,MEASURED_REUSED,0.0005597389523809546,process CPU seconds of the batch divided by its features
Tlog (degC),inner_2,cost,seconds_distribution,MEASURED_REUSED,0.0019989206666666684,process CPU seconds of the batch divided by its features
Tlog (degC),inner_2,cost,seconds_volatility,MEASURED_REUSED,0.0003743663333333308,process CPU seconds of the batch divided by its features
Tlog (degC),inner_2,cost,seconds_acf_selected,MEASURED_REUSED,0.00017693542857142414,process CPU seconds of the batch divided by its features
Tlog (degC),inner_2,cost,seconds_seasonality,MEASURED_REUSED,0.0003615458095238132,process CPU seconds of the batch divided by its features
Tlog (degC),inner_2,stationarity,adf_c_aic_pvalue,NOT_RUN,,DEFERRED_TO_PS4
Tlog (degC),inner_2,stationarity,kpss_c_auto_pvalue,NOT_RUN,,DEFERRED_TO_PS4
Tlog (degC),inner_2,spectral,peak1_period_rows,NOT_RUN,,DEFERRED_TO_PS4
Tlog (degC),inner_2,spectral,entropy_normalized,NOT_RUN,,DEFERRED_TO_PS4
Tlog (degC),inner_2,stl,stl_seasonal_strength_primary,NOT_RUN,,DEFERRED_TO_PS4
OT,inner_2,quality,missing_fraction,MEASURED_REUSED,0.0,cache 4db6b742e30508e5
OT,inner_2,quality,nonfinite_count,MEASURED_REUSED,0,cache 4db6b742e30508e5
OT,inner_2,quality,constant_flag,MEASURED_REUSED,False,cache 4db6b742e30508e5
OT,inner_2,quality,unique_ratio,MEASURED_REUSED,0.03715256948610278,cache 4db6b742e30508e5
OT,inner_2,quality,sentinel_le_m9999_count,MEASURED_REUSED,34,cache 4db6b742e30508e5
OT,inner_2,distribution,mean,MEASURED_REUSED,412.4264787042591,cache bd289febda41d13b
OT,inner_2,distribution,std,MEASURED_REUSED,384.48690334954506,cache bd289febda41d13b
OT,inner_2,distribution,median,MEASURED_REUSED,422.5,cache bd289febda41d13b
OT,inner_2,distribution,iqr,MEASURED_REUSED,14.5,cache bd289febda41d13b
OT,inner_2,distribution,mad,MEASURED_REUSED,6.600000000000023,cache bd289febda41d13b
OT,inner_2,distribution,skewness,MEASURED_REUSED,-27.001336142204163,cache bd289febda41d13b
OT,inner_2,distribution,excess_kurtosis,MEASURED_REUSED,728.2875724243127,cache bd289febda41d13b
OT,inner_2,distribution,q01,MEASURED_REUSED,402.1,cache bd289febda41d13b
OT,inner_2,distribution,q99,MEASURED_REUSED,474.9,cache bd289febda41d13b
OT,inner_2,distribution,upper_tail_ratio,MEASURED_REUSED,5.887551020408148,cache bd289febda41d13b
OT,inner_2,distribution,lower_tail_ratio,MEASURED_REUSED,4.701702127659589,cache bd289febda41d13b
OT,inner_2,volatility,diff_std,MEASURED_REUSED,93.29730698121948,cache 44b65753d79c2ffb
OT,inner_2,volatility,diff_std_over_std,MEASURED_REUSED,0.2426540570522397,cache 44b65753d79c2ffb
OT,inner_2,volatility,rolling_std_cv,MEASURED_REUSED,9.287138903573481,cache 44b65753d79c2ffb
OT,inner_2,acf_selected,acf_lag_1,MEASURED_REUSED,0.9705606435841676,cache 6775966b1b566c6e
OT,inner_2,acf_selected,acf_lag_144,MEASURED_REUSED,0.0008910035403391646,cache 6775966b1b566c6e
OT,inner_2,acf_selected,acf_lag_288,MEASURED_REUSED,0.0007584665530544682,cache 6775966b1b566c6e
OT,inner_2,acf_selected,acf_lag_1008,MEASURED_REUSED,-7.957103270650999e-05,cache 6775966b1b566c6e
OT,inner_2,seasonality,seasonal_acf_daily_144,MEASURED_REUSED,0.0008910035403391646,cache a8534b52697d4860
OT,inner_2,seasonality,seasonal_diff_var_ratio_daily_144,MEASURED_REUSED,2.0097067673913958,cache a8534b52697d4860
OT,inner_2,seasonality,seasonal_acf_weekly_1008,MEASURED_REUSED,-7.957103270650999e-05,cache a8534b52697d4860
OT,inner_2,seasonality,seasonal_diff_var_ratio_weekly_1008,MEASURED_REUSED,2.083829531323007,cache a8534b52697d4860
OT,inner_2,cost,seconds_quality,MEASURED_REUSED,0.0005597389523809546,process CPU seconds of the batch divided by its features
OT,inner_2,cost,seconds_distribution,MEASURED_REUSED,0.0019989206666666684,process CPU seconds of the batch divided by its features
OT,inner_2,cost,seconds_volatility,MEASURED_REUSED,0.0003743663333333308,process CPU seconds of the batch divided by its features
OT,inner_2,cost,seconds_acf_selected,MEASURED_REUSED,0.00017693542857142414,process CPU seconds of the batch divided by its features
OT,inner_2,cost,seconds_seasonality,MEASURED_REUSED,0.0003615458095238132,process CPU seconds of the batch divided by its features
OT,inner_2,stationarity,adf_c_aic_pvalue,NOT_RUN,,DEFERRED_TO_PS4
OT,inner_2,stationarity,kpss_c_auto_pvalue,NOT_RUN,,DEFERRED_TO_PS4
OT,inner_2,spectral,peak1_period_rows,NOT_RUN,,DEFERRED_TO_PS4
OT,inner_2,spectral,entropy_normalized,NOT_RUN,,DEFERRED_TO_PS4
OT,inner_2,stl,stl_seasonal_strength_primary,NOT_RUN,,DEFERRED_TO_PS4
p (mbar),inner_3,quality,missing_fraction,MEASURED_REUSED,0.0,cache 9bd15487cd966649
p (mbar),inner_3,quality,nonfinite_count,MEASURED_REUSED,0,cache 9bd15487cd966649
p (mbar),inner_3,quality,constant_flag,MEASURED_REUSED,False,cache 9bd15487cd966649
p (mbar),inner_3,quality,unique_ratio,MEASURED_REUSED,0.1490274412207741,cache 9bd15487cd966649
p (mbar),inner_3,quality,sentinel_le_m9999_count,MEASURED_REUSED,0,cache 9bd15487cd966649
p (mbar),inner_3,distribution,mean,MEASURED_REUSED,990.8867286659245,cache df074ea3382f5416
p (mbar),inner_3,distribution,std,MEASURED_REUSED,9.225662580216296,cache df074ea3382f5416
p (mbar),inner_3,distribution,median,MEASURED_REUSED,991.48,cache df074ea3382f5416
p (mbar),inner_3,distribution,iqr,MEASURED_REUSED,11.620000000000005,cache df074ea3382f5416
p (mbar),inner_3,distribution,mad,MEASURED_REUSED,5.759999999999991,cache df074ea3382f5416
p (mbar),inner_3,distribution,skewness,MEASURED_REUSED,-0.23205387908430108,cache df074ea3382f5416
p (mbar),inner_3,distribution,excess_kurtosis,MEASURED_REUSED,0.37679466487916624,cache df074ea3382f5416
p (mbar),inner_3,distribution,q01,MEASURED_REUSED,967.0037,cache df074ea3382f5416
p (mbar),inner_3,distribution,q99,MEASURED_REUSED,1011.4863,cache df074ea3382f5416
p (mbar),inner_3,distribution,upper_tail_ratio,MEASURED_REUSED,4.692231638418106,cache df074ea3382f5416
p (mbar),inner_3,distribution,lower_tail_ratio,MEASURED_REUSED,4.108763866877946,cache df074ea3382f5416
p (mbar),inner_3,volatility,diff_std,MEASURED_REUSED,0.10590015704340652,cache cc9fdf1494beced7
p (mbar),inner_3,volatility,diff_std_over_std,MEASURED_REUSED,0.011478867357505685,cache cc9fdf1494beced7
p (mbar),inner_3,volatility,rolling_std_cv,MEASURED_REUSED,0.6718376632259818,cache cc9fdf1494beced7
p (mbar),inner_3,acf_selected,acf_lag_1,MEASURED_REUSED,0.9998704424922316,cache e0d7e5c900d78774
p (mbar),inner_3,acf_selected,acf_lag_144,MEASURED_REUSED,0.7387135503917005,cache e0d7e5c900d78774
p (mbar),inner_3,acf_selected,acf_lag_288,MEASURED_REUSED,0.512326136949182,cache e0d7e5c900d78774
p (mbar),inner_3,acf_selected,acf_lag_1008,MEASURED_REUSED,0.10453819796727984,cache e0d7e5c900d78774
p (mbar),inner_3,seasonality,seasonal_acf_daily_144,MEASURED_REUSED,0.7387135503917005,cache 780f590cee473390
p (mbar),inner_3,seasonality,seasonal_diff_var_ratio_daily_144,MEASURED_REUSED,0.5100613325592236,cache 780f590cee473390
p (mbar),inner_3,seasonality,seasonal_acf_weekly_1008,MEASURED_REUSED,0.10453819796727984,cache 780f590cee473390
p (mbar),inner_3,seasonality,seasonal_diff_var_ratio_weekly_1008,MEASURED_REUSED,1.789259546341314,cache 780f590cee473390
p (mbar),inner_3,cost,seconds_quality,MEASURED_REUSED,0.0006010440000000029,process CPU seconds of the batch divided by its features
p (mbar),inner_3,cost,seconds_distribution,MEASURED_REUSED,0.002169192333333337,process CPU seconds of the batch divided by its features
p (mbar),inner_3,cost,seconds_volatility,MEASURED_REUSED,0.000439252476190477,process CPU seconds of the batch divided by its features
p (mbar),inner_3,cost,seconds_acf_selected,MEASURED_REUSED,0.0002194778095238101,process CPU seconds of the batch divided by its features
p (mbar),inner_3,cost,seconds_seasonality,MEASURED_REUSED,0.00042605457142856694,process CPU seconds of the batch divided by its features
p (mbar),inner_3,stationarity,adf_c_aic_pvalue,NOT_RUN,,DEFERRED_TO_PS4
p (mbar),inner_3,stationarity,kpss_c_auto_pvalue,NOT_RUN,,DEFERRED_TO_PS4
p (mbar),inner_3,spectral,peak1_period_rows,NOT_RUN,,DEFERRED_TO_PS4
p (mbar),inner_3,spectral,entropy_normalized,NOT_RUN,,DEFERRED_TO_PS4
p (mbar),inner_3,stl,stl_seasonal_strength_primary,NOT_RUN,,DEFERRED_TO_PS4
T (degC),inner_3,quality,missing_fraction,MEASURED_REUSED,0.0,cache 9bd15487cd966649
T (degC),inner_3,quality,nonfinite_count,MEASURED_REUSED,0,cache 9bd15487cd966649
T (degC),inner_3,quality,constant_flag,MEASURED_REUSED,False,cache 9bd15487cd966649
T (degC),inner_3,quality,unique_ratio,MEASURED_REUSED,0.10770187962538477,cache 9bd15487cd966649
T (degC),inner_3,quality,sentinel_le_m9999_count,MEASURED_REUSED,0,cache 9bd15487cd966649
T (degC),inner_3,distribution,mean,MEASURED_REUSED,10.420807518501539,cache df074ea3382f5416
T (degC),inner_3,distribution,std,MEASURED_REUSED,7.194745494912836,cache df074ea3382f5416
T (degC),inner_3,distribution,median,MEASURED_REUSED,9.86,cache df074ea3382f5416
T (degC),inner_3,distribution,iqr,MEASURED_REUSED,11.3475,cache df074ea3382f5416
T (degC),inner_3,distribution,mad,MEASURED_REUSED,5.600000000000001,cache df074ea3382f5416
T (degC),inner_3,distribution,skewness,MEASURED_REUSED,0.2212344748512241,cache df074ea3382f5416
T (degC),inner_3,distribution,excess_kurtosis,MEASURED_REUSED,-0.7179473584265001,cache df074ea3382f5416
T (degC),inner_3,distribution,q01,MEASURED_REUSED,-4.15,cache df074ea3382f5416
T (degC),inner_3,distribution,q99,MEASURED_REUSED,26.21,cache df074ea3382f5416
T (degC),inner_3,distribution,upper_tail_ratio,MEASURED_REUSED,2.8292243882206525,cache df074ea3382f5416
T (degC),inner_3,distribution,lower_tail_ratio,MEASURED_REUSED,2.7951127819548875,cache df074ea3382f5416
T (degC),inner_3,volatility,diff_std,MEASURED_REUSED,0.2673693282105296,cache cc9fdf1494beced7
T (degC),inner_3,volatility,diff_std_over_std,MEASURED_REUSED,0.037161749279328575,cache cc9fdf1494beced7
T (degC),inner_3,volatility,rolling_std_cv,MEASURED_REUSED,0.5038822498599804,cache cc9fdf1494beced7
T (degC),inner_3,acf_selected,acf_lag_1,MEASURED_REUSED,0.999274559799559,cache e0d7e5c900d78774
T (degC),inner_3,acf_selected,acf_lag_144,MEASURED_REUSED,0.8568633359367201,cache e0d7e5c900d78774
T (degC),inner_3,acf_selected,acf_lag_288,MEASURED_REUSED,0.7684654789770887,cache e0d7e5c900d78774
T (degC),inner_3,acf_selected,acf_lag_1008,MEASURED_REUSED,0.6677751131827024,cache e0d7e5c900d78774
T (degC),inner_3,seasonality,seasonal_acf_daily_144,MEASURED_REUSED,0.8568633359367201,cache 780f590cee473390
T (degC),inner_3,seasonality,seasonal_diff_var_ratio_daily_144,MEASURED_REUSED,0.26492203298967726,cache 780f590cee473390
T (degC),inner_3,seasonality,seasonal_acf_weekly_1008,MEASURED_REUSED,0.6677751131827024,cache 780f590cee473390
T (degC),inner_3,seasonality,seasonal_diff_var_ratio_weekly_1008,MEASURED_REUSED,0.5433886362170744,cache 780f590cee473390
T (degC),inner_3,cost,seconds_quality,MEASURED_REUSED,0.0006010440000000029,process CPU seconds of the batch divided by its features
T (degC),inner_3,cost,seconds_distribution,MEASURED_REUSED,0.002169192333333337,process CPU seconds of the batch divided by its features
T (degC),inner_3,cost,seconds_volatility,MEASURED_REUSED,0.000439252476190477,process CPU seconds of the batch divided by its features
T (degC),inner_3,cost,seconds_acf_selected,MEASURED_REUSED,0.0002194778095238101,process CPU seconds of the batch divided by its features
T (degC),inner_3,cost,seconds_seasonality,MEASURED_REUSED,0.00042605457142856694,process CPU seconds of the batch divided by its features
T (degC),inner_3,stationarity,adf_c_aic_pvalue,NOT_RUN,,DEFERRED_TO_PS4
T (degC),inner_3,stationarity,kpss_c_auto_pvalue,NOT_RUN,,DEFERRED_TO_PS4
T (degC),inner_3,spectral,peak1_period_rows,NOT_RUN,,DEFERRED_TO_PS4
T (degC),inner_3,spectral,entropy_normalized,NOT_RUN,,DEFERRED_TO_PS4
T (degC),inner_3,stl,stl_seasonal_strength_primary,NOT_RUN,,DEFERRED_TO_PS4
Tpot (K),inner_3,quality,missing_fraction,MEASURED_REUSED,0.0,cache 9bd15487cd966649
Tpot (K),inner_3,quality,nonfinite_count,MEASURED_REUSED,0,cache 9bd15487cd966649
Tpot (K),inner_3,quality,constant_flag,MEASURED_REUSED,False,cache 9bd15487cd966649
Tpot (K),inner_3,quality,unique_ratio,MEASURED_REUSED,0.11346519090968629,cache 9bd15487cd966649
Tpot (K),inner_3,quality,sentinel_le_m9999_count,MEASURED_REUSED,0,cache 9bd15487cd966649
Tpot (K),inner_3,distribution,mean,MEASURED_REUSED,284.328902351169,cache df074ea3382f5416
Tpot (K),inner_3,distribution,std,MEASURED_REUSED,7.40976690087642,cache df074ea3382f5416
Tpot (K),inner_3,distribution,median,MEASURED_REUSED,283.94,cache df074ea3382f5416
Tpot (K),inner_3,distribution,iqr,MEASURED_REUSED,11.400000000000034,cache df074ea3382f5416
Tpot (K),inner_3,distribution,mad,MEASURED_REUSED,5.660000000000025,cache df074ea3382f5416
Tpot (K),inner_3,distribution,skewness,MEASURED_REUSED,0.15538956603969198,cache df074ea3382f5416
Tpot (K),inner_3,distribution,excess_kurtosis,MEASURED_REUSED,-0.6498740626880792,cache df074ea3382f5416
Tpot (K),inner_3,distribution,q01,MEASURED_REUSED,268.83,cache df074ea3382f5416
Tpot (K),inner_3,distribution,q99,MEASURED_REUSED,300.58,cache df074ea3382f5416
Tpot (K),inner_3,distribution,upper_tail_ratio,MEASURED_REUSED,2.94015228426394,cache df074ea3382f5416
Tpot (K),inner_3,distribution,lower_tail_ratio,MEASURED_REUSED,2.8961748633879694,cache df074ea3382f5416
Tpot (K),inner_3,volatility,diff_std,MEASURED_REUSED,0.26990830582434155,cache cc9fdf1494beced7
Tpot (K),inner_3,volatility,diff_std_over_std,MEASURED_REUSED,0.03642601844768113,cache cc9fdf1494beced7
Tpot (K),inner_3,volatility,rolling_std_cv,MEASURED_REUSED,0.5020313119406346,cache cc9fdf1494beced7
Tpot (K),inner_3,acf_selected,acf_lag_1,MEASURED_REUSED,0.9992951926990095,cache e0d7e5c900d78774
Tpot (K),inner_3,acf_selected,acf_lag_144,MEASURED_REUSED,0.8466833570475105,cache e0d7e5c900d78774
Tpot (K),inner_3,acf_selected,acf_lag_288,MEASURED_REUSED,0.7495463635737613,cache e0d7e5c900d78774
Tpot (K),inner_3,acf_selected,acf_lag_1008,MEASURED_REUSED,0.6443914050177031,cache e0d7e5c900d78774
Tpot (K),inner_3,seasonality,seasonal_acf_daily_144,MEASURED_REUSED,0.8466833570475105,cache 780f590cee473390
Tpot (K),inner_3,seasonality,seasonal_diff_var_ratio_daily_144,MEASURED_REUSED,0.284390994225201,cache 780f590cee473390
Tpot (K),inner_3,seasonality,seasonal_acf_weekly_1008,MEASURED_REUSED,0.6443914050177031,cache 780f590cee473390
Tpot (K),inner_3,seasonality,seasonal_diff_var_ratio_weekly_1008,MEASURED_REUSED,0.5853639121027444,cache 780f590cee473390
Tpot (K),inner_3,cost,seconds_quality,MEASURED_REUSED,0.0006010440000000029,process CPU seconds of the batch divided by its features
Tpot (K),inner_3,cost,seconds_distribution,MEASURED_REUSED,0.002169192333333337,process CPU seconds of the batch divided by its features
Tpot (K),inner_3,cost,seconds_volatility,MEASURED_REUSED,0.000439252476190477,process CPU seconds of the batch divided by its features
Tpot (K),inner_3,cost,seconds_acf_selected,MEASURED_REUSED,0.0002194778095238101,process CPU seconds of the batch divided by its features
Tpot (K),inner_3,cost,seconds_seasonality,MEASURED_REUSED,0.00042605457142856694,process CPU seconds of the batch divided by its features
Tpot (K),inner_3,stationarity,adf_c_aic_pvalue,NOT_RUN,,DEFERRED_TO_PS4
Tpot (K),inner_3,stationarity,kpss_c_auto_pvalue,NOT_RUN,,DEFERRED_TO_PS4
Tpot (K),inner_3,spectral,peak1_period_rows,NOT_RUN,,DEFERRED_TO_PS4
Tpot (K),inner_3,spectral,entropy_normalized,NOT_RUN,,DEFERRED_TO_PS4
Tpot (K),inner_3,stl,stl_seasonal_strength_primary,NOT_RUN,,DEFERRED_TO_PS4
Tdew (degC),inner_3,quality,missing_fraction,MEASURED_REUSED,0.0,cache 9bd15487cd966649
Tdew (degC),inner_3,quality,nonfinite_count,MEASURED_REUSED,0,cache 9bd15487cd966649
Tdew (degC),inner_3,quality,constant_flag,MEASURED_REUSED,False,cache 9bd15487cd966649
Tdew (degC),inner_3,quality,unique_ratio,MEASURED_REUSED,0.09447246054096535,cache 9bd15487cd966649
Tdew (degC),inner_3,quality,sentinel_le_m9999_count,MEASURED_REUSED,0,cache 9bd15487cd966649
Tdew (degC),inner_3,distribution,mean,MEASURED_REUSED,3.98519975112974,cache df074ea3382f5416
Tdew (degC),inner_3,distribution,std,MEASURED_REUSED,5.917097236841503,cache df074ea3382f5416
Tdew (degC),inner_3,distribution,median,MEASURED_REUSED,3.41,cache df074ea3382f5416
Tdew (degC),inner_3,distribution,iqr,MEASURED_REUSED,8.24,cache df074ea3382f5416
Tdew (degC),inner_3,distribution,mad,MEASURED_REUSED,4.01,cache df074ea3382f5416
Tdew (degC),inner_3,distribution,skewness,MEASURED_REUSED,0.16284966865369993,cache df074ea3382f5416
Tdew (degC),inner_3,distribution,excess_kurtosis,MEASURED_REUSED,-0.36428446539877957,cache df074ea3382f5416
Tdew (degC),inner_3,distribution,q01,MEASURED_REUSED,-9.64,cache df074ea3382f5416
Tdew (degC),inner_3,distribution,q99,MEASURED_REUSED,16.86,cache df074ea3382f5416
Tdew (degC),inner_3,distribution,upper_tail_ratio,MEASURED_REUSED,3.1695504385964886,cache df074ea3382f5416
Tdew (degC),inner_3,distribution,lower_tail_ratio,MEASURED_REUSED,3.7598641304347824,cache df074ea3382f5416
Tdew (degC),inner_3,volatility,diff_std,MEASURED_REUSED,0.2166248124010781,cache cc9fdf1494beced7
Tdew (degC),inner_3,volatility,diff_std_over_std,MEASURED_REUSED,0.03660998015248278,cache cc9fdf1494beced7
Tdew (degC),inner_3,volatility,rolling_std_cv,MEASURED_REUSED,0.5314435775765389,cache cc9fdf1494beced7
Tdew (degC),inner_3,acf_selected,acf_lag_1,MEASURED_REUSED,0.9993099289672288,cache e0d7e5c900d78774
Tdew (degC),inner_3,acf_selected,acf_lag_144,MEASURED_REUSED,0.8050258014043473,cache e0d7e5c900d78774
Tdew (degC),inner_3,acf_selected,acf_lag_288,MEASURED_REUSED,0.6958729746335939,cache e0d7e5c900d78774
Tdew (degC),inner_3,acf_selected,acf_lag_1008,MEASURED_REUSED,0.5972478156381483,cache e0d7e5c900d78774
Tdew (degC),inner_3,seasonality,seasonal_acf_daily_144,MEASURED_REUSED,0.8050258014043473,cache 780f590cee473390
Tdew (degC),inner_3,seasonality,seasonal_diff_var_ratio_daily_144,MEASURED_REUSED,0.3840121393373701,cache 780f590cee473390
Tdew (degC),inner_3,seasonality,seasonal_acf_weekly_1008,MEASURED_REUSED,0.5972478156381483,cache 780f590cee473390
Tdew (degC),inner_3,seasonality,seasonal_diff_var_ratio_weekly_1008,MEASURED_REUSED,0.7546937413266043,cache 780f590cee473390
Tdew (degC),inner_3,cost,seconds_quality,MEASURED_REUSED,0.0006010440000000029,process CPU seconds of the batch divided by its features
Tdew (degC),inner_3,cost,seconds_distribution,MEASURED_REUSED,0.002169192333333337,process CPU seconds of the batch divided by its features
Tdew (degC),inner_3,cost,seconds_volatility,MEASURED_REUSED,0.000439252476190477,process CPU seconds of the batch divided by its features
Tdew (degC),inner_3,cost,seconds_acf_selected,MEASURED_REUSED,0.0002194778095238101,process CPU seconds of the batch divided by its features
Tdew (degC),inner_3,cost,seconds_seasonality,MEASURED_REUSED,0.00042605457142856694,process CPU seconds of the batch divided by its features
Tdew (degC),inner_3,stationarity,adf_c_aic_pvalue,NOT_RUN,,DEFERRED_TO_PS4
Tdew (degC),inner_3,stationarity,kpss_c_auto_pvalue,NOT_RUN,,DEFERRED_TO_PS4
Tdew (degC),inner_3,spectral,peak1_period_rows,NOT_RUN,,DEFERRED_TO_PS4
Tdew (degC),inner_3,spectral,entropy_normalized,NOT_RUN,,DEFERRED_TO_PS4
Tdew (degC),inner_3,stl,stl_seasonal_strength_primary,NOT_RUN,,DEFERRED_TO_PS4
rh (%),inner_3,quality,missing_fraction,MEASURED_REUSED,0.0,cache 9bd15487cd966649
rh (%),inner_3,quality,nonfinite_count,MEASURED_REUSED,0,cache 9bd15487cd966649
rh (%),inner_3,quality,constant_flag,MEASURED_REUSED,False,cache 9bd15487cd966649
rh (%),inner_3,quality,unique_ratio,MEASURED_REUSED,0.16418887942890825,cache 9bd15487cd966649
rh (%),inner_3,quality,sentinel_le_m9999_count,MEASURED_REUSED,0,cache 9bd15487cd966649
rh (%),inner_3,distribution,mean,MEASURED_REUSED,67.31089003864038,cache df074ea3382f5416
rh (%),inner_3,distribution,std,MEASURED_REUSED,18.211160347655,cache df074ea3382f5416
rh (%),inner_3,distribution,median,MEASURED_REUSED,69.60499999999999,cache df074ea3382f5416
rh (%),inner_3,distribution,iqr,MEASURED_REUSED,28.89,cache df074ea3382f5416
rh (%),inner_3,distribution,mad,MEASURED_REUSED,14.044999999999987,cache df074ea3382f5416
rh (%),inner_3,distribution,skewness,MEASURED_REUSED,-0.2838128485332954,cache df074ea3382f5416
rh (%),inner_3,distribution,excess_kurtosis,MEASURED_REUSED,-0.8859764788048876,cache df074ea3382f5416
rh (%),inner_3,distribution,q01,MEASURED_REUSED,29.3137,cache df074ea3382f5416
rh (%),inner_3,distribution,q99,MEASURED_REUSED,98.7,cache df074ea3382f5416
rh (%),inner_3,distribution,upper_tail_ratio,MEASURED_REUSED,2.4521984671238393,cache df074ea3382f5416
rh (%),inner_3,distribution,lower_tail_ratio,MEASURED_REUSED,2.5495271294331623,cache df074ea3382f5416
rh (%),inner_3,volatility,diff_std,MEASURED_REUSED,1.365767831793703,cache cc9fdf1494beced7
rh (%),inner_3,volatility,diff_std_over_std,MEASURED_REUSED,0.0749962004463691,cache cc9fdf1494beced7
rh (%),inner_3,volatility,rolling_std_cv,MEASURED_REUSED,0.44881464134521676,cache cc9fdf1494beced7
rh (%),inner_3,acf_selected,acf_lag_1,MEASURED_REUSED,0.9971699660729458,cache e0d7e5c900d78774
rh (%),inner_3,acf_selected,acf_lag_144,MEASURED_REUSED,0.6174946476559752,cache e0d7e5c900d78774
rh (%),inner_3,acf_selected,acf_lag_288,MEASURED_REUSED,0.5066046934339422,cache e0d7e5c900d78774
rh (%),inner_3,acf_selected,acf_lag_1008,MEASURED_REUSED,0.4568110740111515,cache e0d7e5c900d78774
rh (%),inner_3,seasonality,seasonal_acf_daily_144,MEASURED_REUSED,0.6174946476559752,cache 780f590cee473390
rh (%),inner_3,seasonality,seasonal_diff_var_ratio_daily_144,MEASURED_REUSED,0.7521851987871583,cache 780f590cee473390
rh (%),inner_3,seasonality,seasonal_acf_weekly_1008,MEASURED_REUSED,0.4568110740111515,cache 780f590cee473390
rh (%),inner_3,seasonality,seasonal_diff_var_ratio_weekly_1008,MEASURED_REUSED,1.038544303928613,cache 780f590cee473390
rh (%),inner_3,cost,seconds_quality,MEASURED_REUSED,0.0006010440000000029,process CPU seconds of the batch divided by its features
rh (%),inner_3,cost,seconds_distribution,MEASURED_REUSED,0.002169192333333337,process CPU seconds of the batch divided by its features
rh (%),inner_3,cost,seconds_volatility,MEASURED_REUSED,0.000439252476190477,process CPU seconds of the batch divided by its features
rh (%),inner_3,cost,seconds_acf_selected,MEASURED_REUSED,0.0002194778095238101,process CPU seconds of the batch divided by its features
rh (%),inner_3,cost,seconds_seasonality,MEASURED_REUSED,0.00042605457142856694,process CPU seconds of the batch divided by its features
rh (%),inner_3,stationarity,adf_c_aic_pvalue,NOT_RUN,,DEFERRED_TO_PS4
rh (%),inner_3,stationarity,kpss_c_auto_pvalue,NOT_RUN,,DEFERRED_TO_PS4
rh (%),inner_3,spectral,peak1_period_rows,NOT_RUN,,DEFERRED_TO_PS4
rh (%),inner_3,spectral,entropy_normalized,NOT_RUN,,DEFERRED_TO_PS4
rh (%),inner_3,stl,stl_seasonal_strength_primary,NOT_RUN,,DEFERRED_TO_PS4
VPmax (mbar),inner_3,quality,missing_fraction,MEASURED_REUSED,0.0,cache 9bd15487cd966649
VPmax (mbar),inner_3,quality,nonfinite_count,MEASURED_REUSED,0,cache 9bd15487cd966649
VPmax (mbar),inner_3,quality,constant_flag,MEASURED_REUSED,False,cache 9bd15487cd966649
VPmax (mbar),inner_3,quality,unique_ratio,MEASURED_REUSED,0.08448490405396555,cache 9bd15487cd966649
VPmax (mbar),inner_3,quality,sentinel_le_m9999_count,MEASURED_REUSED,0,cache 9bd15487cd966649
VPmax (mbar),inner_3,distribution,mean,MEASURED_REUSED,13.989264195428648,cache df074ea3382f5416
VPmax (mbar),inner_3,distribution,std,MEASURED_REUSED,6.908370156704198,cache df074ea3382f5416
VPmax (mbar),inner_3,distribution,median,MEASURED_REUSED,12.18,cache df074ea3382f5416
VPmax (mbar),inner_3,distribution,iqr,MEASURED_REUSED,9.627500000000001,cache df074ea3382f5416
VPmax (mbar),inner_3,distribution,mad,MEASURED_REUSED,4.29,cache df074ea3382f5416
VPmax (mbar),inner_3,distribution,skewness,MEASURED_REUSED,0.9903420142661116,cache df074ea3382f5416
VPmax (mbar),inner_3,distribution,excess_kurtosis,MEASURED_REUSED,0.4342189741988549,cache df074ea3382f5416
VPmax (mbar),inner_3,distribution,q01,MEASURED_REUSED,4.49,cache df074ea3382f5416
VPmax (mbar),inner_3,distribution,q99,MEASURED_REUSED,34.09,cache df074ea3382f5416
VPmax (mbar),inner_3,distribution,upper_tail_ratio,MEASURED_REUSED,3.9586774056803686,cache df074ea3382f5416
VPmax (mbar),inner_3,distribution,lower_tail_ratio,MEASURED_REUSED,2.13941018766756,cache df074ea3382f5416
VPmax (mbar),inner_3,volatility,diff_std,MEASURED_REUSED,0.29767668574613676,cache cc9fdf1494beced7
VPmax (mbar),inner_3,volatility,diff_std_over_std,MEASURED_REUSED,0.043089278511988495,cache cc9fdf1494beced7
VPmax (mbar),inner_3,volatility,rolling_std_cv,MEASURED_REUSED,0.6894778014185513,cache cc9fdf1494beced7
VPmax (mbar),inner_3,acf_selected,acf_lag_1,MEASURED_REUSED,0.9990499536248526,cache e0d7e5c900d78774
VPmax (mbar),inner_3,acf_selected,acf_lag_144,MEASURED_REUSED,0.8422693271243252,cache e0d7e5c900d78774
VPmax (mbar),inner_3,acf_selected,acf_lag_288,MEASURED_REUSED,0.7587072295513324,cache e0d7e5c900d78774
VPmax (mbar),inner_3,acf_selected,acf_lag_1008,MEASURED_REUSED,0.6587425083209092,cache e0d7e5c900d78774
VPmax (mbar),inner_3,seasonality,seasonal_acf_daily_144,MEASURED_REUSED,0.8422693271243252,cache 780f590cee473390
VPmax (mbar),inner_3,seasonality,seasonal_diff_var_ratio_daily_144,MEASURED_REUSED,0.29368693813828955,cache 780f590cee473390
VPmax (mbar),inner_3,seasonality,seasonal_acf_weekly_1008,MEASURED_REUSED,0.6587425083209092,cache 780f590cee473390
VPmax (mbar),inner_3,seasonality,seasonal_diff_var_ratio_weekly_1008,MEASURED_REUSED,0.5391249075973988,cache 780f590cee473390
VPmax (mbar),inner_3,cost,seconds_quality,MEASURED_REUSED,0.0006010440000000029,process CPU seconds of the batch divided by its features
VPmax (mbar),inner_3,cost,seconds_distribution,MEASURED_REUSED,0.002169192333333337,process CPU seconds of the batch divided by its features
VPmax (mbar),inner_3,cost,seconds_volatility,MEASURED_REUSED,0.000439252476190477,process CPU seconds of the batch divided by its features
VPmax (mbar),inner_3,cost,seconds_acf_selected,MEASURED_REUSED,0.0002194778095238101,process CPU seconds of the batch divided by its features
VPmax (mbar),inner_3,cost,seconds_seasonality,MEASURED_REUSED,0.00042605457142856694,process CPU seconds of the batch divided by its features
VPmax (mbar),inner_3,stationarity,adf_c_aic_pvalue,NOT_RUN,,DEFERRED_TO_PS4
VPmax (mbar),inner_3,stationarity,kpss_c_auto_pvalue,NOT_RUN,,DEFERRED_TO_PS4
VPmax (mbar),inner_3,spectral,peak1_period_rows,NOT_RUN,,DEFERRED_TO_PS4
VPmax (mbar),inner_3,spectral,entropy_normalized,NOT_RUN,,DEFERRED_TO_PS4
VPmax (mbar),inner_3,stl,stl_seasonal_strength_primary,NOT_RUN,,DEFERRED_TO_PS4
VPact (mbar),inner_3,quality,missing_fraction,MEASURED_REUSED,0.0,cache 9bd15487cd966649
VPact (mbar),inner_3,quality,nonfinite_count,MEASURED_REUSED,0,cache 9bd15487cd966649
VPact (mbar),inner_3,quality,constant_flag,MEASURED_REUSED,False,cache 9bd15487cd966649
VPact (mbar),inner_3,quality,unique_ratio,MEASURED_REUSED,0.06064575283253651,cache 9bd15487cd966649
VPact (mbar),inner_3,quality,sentinel_le_m9999_count,MEASURED_REUSED,0,cache 9bd15487cd966649
VPact (mbar),inner_3,distribution,mean,MEASURED_REUSED,8.773698343048004,cache df074ea3382f5416
VPact (mbar),inner_3,distribution,std,MEASURED_REUSED,3.7567102474889262,cache df074ea3382f5416
VPact (mbar),inner_3,distribution,median,MEASURED_REUSED,7.805,cache df074ea3382f5416
VPact (mbar),inner_3,distribution,iqr,MEASURED_REUSED,4.727500000000001,cache df074ea3382f5416
VPact (mbar),inner_3,distribution,mad,MEASURED_REUSED,2.115,cache df074ea3382f5416
VPact (mbar),inner_3,distribution,skewness,MEASURED_REUSED,0.9536403388010022,cache df074ea3382f5416
VPact (mbar),inner_3,distribution,excess_kurtosis,MEASURED_REUSED,0.36953771855552864,cache df074ea3382f5416
VPact (mbar),inner_3,distribution,q01,MEASURED_REUSED,2.93,cache df074ea3382f5416
VPact (mbar),inner_3,distribution,q99,MEASURED_REUSED,19.23,cache df074ea3382f5416
VPact (mbar),inner_3,distribution,upper_tail_ratio,MEASURED_REUSED,4.3575278969956965,cache df074ea3382f5416
VPact (mbar),inner_3,distribution,lower_tail_ratio,MEASURED_REUSED,2.7813498622589536,cache df074ea3382f5416
VPact (mbar),inner_3,volatility,diff_std,MEASURED_REUSED,0.14748447076701784,cache cc9fdf1494beced7
VPact (mbar),inner_3,volatility,diff_std_over_std,MEASURED_REUSED,0.0392589422795117,cache cc9fdf1494beced7
VPact (mbar),inner_3,volatility,rolling_std_cv,MEASURED_REUSED,0.6181267899140849,cache cc9fdf1494beced7
VPact (mbar),inner_3,acf_selected,acf_lag_1,MEASURED_REUSED,0.9992134747665339,cache e0d7e5c900d78774
VPact (mbar),inner_3,acf_selected,acf_lag_144,MEASURED_REUSED,0.8044457233710577,cache e0d7e5c900d78774
VPact (mbar),inner_3,acf_selected,acf_lag_288,MEASURED_REUSED,0.7087680199049224,cache e0d7e5c900d78774
VPact (mbar),inner_3,acf_selected,acf_lag_1008,MEASURED_REUSED,0.6149770988637399,cache e0d7e5c900d78774
VPact (mbar),inner_3,seasonality,seasonal_acf_daily_144,MEASURED_REUSED,0.8044457233710577,cache 780f590cee473390
VPact (mbar),inner_3,seasonality,seasonal_diff_var_ratio_daily_144,MEASURED_REUSED,0.3872544220923855,cache 780f590cee473390
VPact (mbar),inner_3,seasonality,seasonal_acf_weekly_1008,MEASURED_REUSED,0.6149770988637399,cache 780f590cee473390
VPact (mbar),inner_3,seasonality,seasonal_diff_var_ratio_weekly_1008,MEASURED_REUSED,0.7167045044453515,cache 780f590cee473390
VPact (mbar),inner_3,cost,seconds_quality,MEASURED_REUSED,0.0006010440000000029,process CPU seconds of the batch divided by its features
VPact (mbar),inner_3,cost,seconds_distribution,MEASURED_REUSED,0.002169192333333337,process CPU seconds of the batch divided by its features
VPact (mbar),inner_3,cost,seconds_volatility,MEASURED_REUSED,0.000439252476190477,process CPU seconds of the batch divided by its features
VPact (mbar),inner_3,cost,seconds_acf_selected,MEASURED_REUSED,0.0002194778095238101,process CPU seconds of the batch divided by its features
VPact (mbar),inner_3,cost,seconds_seasonality,MEASURED_REUSED,0.00042605457142856694,process CPU seconds of the batch divided by its features
VPact (mbar),inner_3,stationarity,adf_c_aic_pvalue,NOT_RUN,,DEFERRED_TO_PS4
VPact (mbar),inner_3,stationarity,kpss_c_auto_pvalue,NOT_RUN,,DEFERRED_TO_PS4
VPact (mbar),inner_3,spectral,peak1_period_rows,NOT_RUN,,DEFERRED_TO_PS4
VPact (mbar),inner_3,spectral,entropy_normalized,NOT_RUN,,DEFERRED_TO_PS4
VPact (mbar),inner_3,stl,stl_seasonal_strength_primary,NOT_RUN,,DEFERRED_TO_PS4
VPdef (mbar),inner_3,quality,missing_fraction,MEASURED_REUSED,0.0,cache 9bd15487cd966649
VPdef (mbar),inner_3,quality,nonfinite_count,MEASURED_REUSED,0,cache 9bd15487cd966649
VPdef (mbar),inner_3,quality,constant_flag,MEASURED_REUSED,False,cache 9bd15487cd966649
VPdef (mbar),inner_3,quality,unique_ratio,MEASURED_REUSED,0.0747265701748641,cache 9bd15487cd966649
VPdef (mbar),inner_3,quality,sentinel_le_m9999_count,MEASURED_REUSED,0,cache 9bd15487cd966649
VPdef (mbar),inner_3,distribution,mean,MEASURED_REUSED,5.21550756434606,cache df074ea3382f5416
VPdef (mbar),inner_3,distribution,std,MEASURED_REUSED,4.983811899733867,cache df074ea3382f5416
VPdef (mbar),inner_3,distribution,median,MEASURED_REUSED,3.31,cache df074ea3382f5416
VPdef (mbar),inner_3,distribution,iqr,MEASURED_REUSED,5.48,cache df074ea3382f5416
VPdef (mbar),inner_3,distribution,mad,MEASURED_REUSED,2.0700000000000003,cache df074ea3382f5416
VPdef (mbar),inner_3,distribution,skewness,MEASURED_REUSED,1.5130300659455704,cache df074ea3382f5416
VPdef (mbar),inner_3,distribution,excess_kurtosis,MEASURED_REUSED,1.8181864178982847,cache df074ea3382f5416
VPdef (mbar),inner_3,distribution,q01,MEASURED_REUSED,0.15,cache df074ea3382f5416
VPdef (mbar),inner_3,distribution,q99,MEASURED_REUSED,21.55,cache df074ea3382f5416
VPdef (mbar),inner_3,distribution,upper_tail_ratio,MEASURED_REUSED,5.0,cache df074ea3382f5416
VPdef (mbar),inner_3,distribution,lower_tail_ratio,MEASURED_REUSED,2.0432098765432096,cache df074ea3382f5416
VPdef (mbar),inner_3,volatility,diff_std,MEASURED_REUSED,0.3366188892397057,cache cc9fdf1494beced7
VPdef (mbar),inner_3,volatility,diff_std_over_std,MEASURED_REUSED,0.06754245465357168,cache cc9fdf1494beced7
VPdef (mbar),inner_3,volatility,rolling_std_cv,MEASURED_REUSED,0.7541793272984353,cache cc9fdf1494beced7
VPdef (mbar),inner_3,acf_selected,acf_lag_1,MEASURED_REUSED,0.9977064399748619,cache e0d7e5c900d78774
VPdef (mbar),inner_3,acf_selected,acf_lag_144,MEASURED_REUSED,0.6886467401632579,cache e0d7e5c900d78774
VPdef (mbar),inner_3,acf_selected,acf_lag_288,MEASURED_REUSED,0.5929940549946585,cache e0d7e5c900d78774
VPdef (mbar),inner_3,acf_selected,acf_lag_1008,MEASURED_REUSED,0.5195710492197553,cache e0d7e5c900d78774
VPdef (mbar),inner_3,seasonality,seasonal_acf_daily_144,MEASURED_REUSED,0.6886467401632579,cache 780f590cee473390
VPdef (mbar),inner_3,seasonality,seasonal_diff_var_ratio_daily_144,MEASURED_REUSED,0.5946311569382954,cache 780f590cee473390
VPdef (mbar),inner_3,seasonality,seasonal_acf_weekly_1008,MEASURED_REUSED,0.5195710492197553,cache 780f590cee473390
VPdef (mbar),inner_3,seasonality,seasonal_diff_var_ratio_weekly_1008,MEASURED_REUSED,0.81610366400505,cache 780f590cee473390
VPdef (mbar),inner_3,cost,seconds_quality,MEASURED_REUSED,0.0006010440000000029,process CPU seconds of the batch divided by its features
VPdef (mbar),inner_3,cost,seconds_distribution,MEASURED_REUSED,0.002169192333333337,process CPU seconds of the batch divided by its features
VPdef (mbar),inner_3,cost,seconds_volatility,MEASURED_REUSED,0.000439252476190477,process CPU seconds of the batch divided by its features
VPdef (mbar),inner_3,cost,seconds_acf_selected,MEASURED_REUSED,0.0002194778095238101,process CPU seconds of the batch divided by its features
VPdef (mbar),inner_3,cost,seconds_seasonality,MEASURED_REUSED,0.00042605457142856694,process CPU seconds of the batch divided by its features
VPdef (mbar),inner_3,stationarity,adf_c_aic_pvalue,NOT_RUN,,DEFERRED_TO_PS4
VPdef (mbar),inner_3,stationarity,kpss_c_auto_pvalue,NOT_RUN,,DEFERRED_TO_PS4
VPdef (mbar),inner_3,spectral,peak1_period_rows,NOT_RUN,,DEFERRED_TO_PS4
VPdef (mbar),inner_3,spectral,entropy_normalized,NOT_RUN,,DEFERRED_TO_PS4
VPdef (mbar),inner_3,stl,stl_seasonal_strength_primary,NOT_RUN,,DEFERRED_TO_PS4
sh (g/kg),inner_3,quality,missing_fraction,MEASURED_REUSED,0.0,cache 9bd15487cd966649
sh (g/kg),inner_3,quality,nonfinite_count,MEASURED_REUSED,0,cache 9bd15487cd966649
sh (g/kg),inner_3,quality,constant_flag,MEASURED_REUSED,False,cache 9bd15487cd966649
sh (g/kg),inner_3,quality,unique_ratio,MEASURED_REUSED,0.03991747986115659,cache 9bd15487cd966649
sh (g/kg),inner_3,quality,sentinel_le_m9999_count,MEASURED_REUSED,0,cache 9bd15487cd966649
sh (g/kg),inner_3,distribution,mean,MEASURED_REUSED,5.5357302377365905,cache df074ea3382f5416
sh (g/kg),inner_3,distribution,std,MEASURED_REUSED,2.3939214167017617,cache df074ea3382f5416
sh (g/kg),inner_3,distribution,median,MEASURED_REUSED,4.93,cache df074ea3382f5416
sh (g/kg),inner_3,distribution,iqr,MEASURED_REUSED,2.9999999999999996,cache df074ea3382f5416
sh (g/kg),inner_3,distribution,mad,MEASURED_REUSED,1.3499999999999996,cache df074ea3382f5416
sh (g/kg),inner_3,distribution,skewness,MEASURED_REUSED,0.9638407315943821,cache df074ea3382f5416
sh (g/kg),inner_3,distribution,excess_kurtosis,MEASURED_REUSED,0.40357269149399144,cache df074ea3382f5416
sh (g/kg),inner_3,distribution,q01,MEASURED_REUSED,1.82,cache df074ea3382f5416
sh (g/kg),inner_3,distribution,q99,MEASURED_REUSED,12.22630000000001,cache df074ea3382f5416
sh (g/kg),inner_3,distribution,upper_tail_ratio,MEASURED_REUSED,4.403885869565211,cache df074ea3382f5416
sh (g/kg),inner_3,distribution,lower_tail_ratio,MEASURED_REUSED,2.78448275862069,cache df074ea3382f5416
sh (g/kg),inner_3,volatility,diff_std,MEASURED_REUSED,0.09369296507188425,cache cc9fdf1494beced7
sh (g/kg),inner_3,volatility,diff_std_over_std,MEASURED_REUSED,0.03913786159320561,cache cc9fdf1494beced7
sh (g/kg),inner_3,volatility,rolling_std_cv,MEASURED_REUSED,0.6203408210531964,cache cc9fdf1494beced7
sh (g/kg),inner_3,acf_selected,acf_lag_1,MEASURED_REUSED,0.9992178014140274,cache e0d7e5c900d78774
sh (g/kg),inner_3,acf_selected,acf_lag_144,MEASURED_REUSED,0.8027806621918421,cache e0d7e5c900d78774
sh (g/kg),inner_3,acf_selected,acf_lag_288,MEASURED_REUSED,0.7046853468540658,cache e0d7e5c900d78774
sh (g/kg),inner_3,acf_selected,acf_lag_1008,MEASURED_REUSED,0.610507426539545,cache e0d7e5c900d78774
sh (g/kg),inner_3,seasonality,seasonal_acf_daily_144,MEASURED_REUSED,0.8027806621918421,cache 780f590cee473390
sh (g/kg),inner_3,seasonality,seasonal_diff_var_ratio_daily_144,MEASURED_REUSED,0.3905211714152838,cache 780f590cee473390
sh (g/kg),inner_3,seasonality,seasonal_acf_weekly_1008,MEASURED_REUSED,0.610507426539545,cache 780f590cee473390
sh (g/kg),inner_3,seasonality,seasonal_diff_var_ratio_weekly_1008,MEASURED_REUSED,0.725112283756292,cache 780f590cee473390
sh (g/kg),inner_3,cost,seconds_quality,MEASURED_REUSED,0.0006010440000000029,process CPU seconds of the batch divided by its features
sh (g/kg),inner_3,cost,seconds_distribution,MEASURED_REUSED,0.002169192333333337,process CPU seconds of the batch divided by its features
sh (g/kg),inner_3,cost,seconds_volatility,MEASURED_REUSED,0.000439252476190477,process CPU seconds of the batch divided by its features
sh (g/kg),inner_3,cost,seconds_acf_selected,MEASURED_REUSED,0.0002194778095238101,process CPU seconds of the batch divided by its features
sh (g/kg),inner_3,cost,seconds_seasonality,MEASURED_REUSED,0.00042605457142856694,process CPU seconds of the batch divided by its features
sh (g/kg),inner_3,stationarity,adf_c_aic_pvalue,NOT_RUN,,DEFERRED_TO_PS4
sh (g/kg),inner_3,stationarity,kpss_c_auto_pvalue,NOT_RUN,,DEFERRED_TO_PS4
sh (g/kg),inner_3,spectral,peak1_period_rows,NOT_RUN,,DEFERRED_TO_PS4
sh (g/kg),inner_3,spectral,entropy_normalized,NOT_RUN,,DEFERRED_TO_PS4
sh (g/kg),inner_3,stl,stl_seasonal_strength_primary,NOT_RUN,,DEFERRED_TO_PS4
H2OC (mmol/mol),inner_3,quality,missing_fraction,MEASURED_REUSED,0.0,cache 9bd15487cd966649
H2OC (mmol/mol),inner_3,quality,nonfinite_count,MEASURED_REUSED,0,cache 9bd15487cd966649
H2OC (mmol/mol),inner_3,quality,constant_flag,MEASURED_REUSED,False,cache 9bd15487cd966649
H2OC (mmol/mol),inner_3,quality,unique_ratio,MEASURED_REUSED,0.06192285021939878,cache 9bd15487cd966649
H2OC (mmol/mol),inner_3,quality,sentinel_le_m9999_count,MEASURED_REUSED,0,cache 9bd15487cd966649
H2OC (mmol/mol),inner_3,distribution,mean,MEASURED_REUSED,8.864513393149519,cache df074ea3382f5416
H2OC (mmol/mol),inner_3,distribution,std,MEASURED_REUSED,3.8176477898199748,cache df074ea3382f5416
H2OC (mmol/mol),inner_3,distribution,median,MEASURED_REUSED,7.9,cache df074ea3382f5416
H2OC (mmol/mol),inner_3,distribution,iqr,MEASURED_REUSED,4.79,cache df074ea3382f5416
H2OC (mmol/mol),inner_3,distribution,mad,MEASURED_REUSED,2.16,cache df074ea3382f5416
H2OC (mmol/mol),inner_3,distribution,skewness,MEASURED_REUSED,0.9574631780739852,cache df074ea3382f5416
H2OC (mmol/mol),inner_3,distribution,excess_kurtosis,MEASURED_REUSED,0.3879637908692759,cache df074ea3382f5416
H2OC (mmol/mol),inner_3,distribution,q01,MEASURED_REUSED,2.92,cache df074ea3382f5416
H2OC (mmol/mol),inner_3,distribution,q99,MEASURED_REUSED,19.502600000000022,cache df074ea3382f5416
H2OC (mmol/mol),inner_3,distribution,upper_tail_ratio,MEASURED_REUSED,4.4003924914675725,cache df074ea3382f5416
H2OC (mmol/mol),inner_3,distribution,lower_tail_ratio,MEASURED_REUSED,2.7795698924731176,cache df074ea3382f5416
H2OC (mmol/mol),inner_3,volatility,diff_std,MEASURED_REUSED,0.14908259409261881,cache cc9fdf1494beced7
H2OC (mmol/mol),inner_3,volatility,diff_std_over_std,MEASURED_REUSED,0.03905090314778592,cache cc9fdf1494beced7
H2OC (mmol/mol),inner_3,volatility,rolling_std_cv,MEASURED_REUSED,0.6186684527328861,cache cc9fdf1494beced7
H2OC (mmol/mol),inner_3,acf_selected,acf_lag_1,MEASURED_REUSED,0.9992211629161809,cache e0d7e5c900d78774
H2OC (mmol/mol),inner_3,acf_selected,acf_lag_144,MEASURED_REUSED,0.8029162098081964,cache e0d7e5c900d78774
H2OC (mmol/mol),inner_3,acf_selected,acf_lag_288,MEASURED_REUSED,0.7048042679246491,cache e0d7e5c900d78774
H2OC (mmol/mol),inner_3,acf_selected,acf_lag_1008,MEASURED_REUSED,0.6107064776799026,cache e0d7e5c900d78774
H2OC (mmol/mol),inner_3,seasonality,seasonal_acf_daily_144,MEASURED_REUSED,0.8029162098081964,cache 780f590cee473390
H2OC (mmol/mol),inner_3,seasonality,seasonal_diff_var_ratio_daily_144,MEASURED_REUSED,0.39022710264442145,cache 780f590cee473390
H2OC (mmol/mol),inner_3,seasonality,seasonal_acf_weekly_1008,MEASURED_REUSED,0.6107064776799026,cache 780f590cee473390
H2OC (mmol/mol),inner_3,seasonality,seasonal_diff_var_ratio_weekly_1008,MEASURED_REUSED,0.7246619758678715,cache 780f590cee473390
H2OC (mmol/mol),inner_3,cost,seconds_quality,MEASURED_REUSED,0.0006010440000000029,process CPU seconds of the batch divided by its features
H2OC (mmol/mol),inner_3,cost,seconds_distribution,MEASURED_REUSED,0.002169192333333337,process CPU seconds of the batch divided by its features
H2OC (mmol/mol),inner_3,cost,seconds_volatility,MEASURED_REUSED,0.000439252476190477,process CPU seconds of the batch divided by its features
H2OC (mmol/mol),inner_3,cost,seconds_acf_selected,MEASURED_REUSED,0.0002194778095238101,process CPU seconds of the batch divided by its features
H2OC (mmol/mol),inner_3,cost,seconds_seasonality,MEASURED_REUSED,0.00042605457142856694,process CPU seconds of the batch divided by its features
H2OC (mmol/mol),inner_3,stationarity,adf_c_aic_pvalue,NOT_RUN,,DEFERRED_TO_PS4
H2OC (mmol/mol),inner_3,stationarity,kpss_c_auto_pvalue,NOT_RUN,,DEFERRED_TO_PS4
H2OC (mmol/mol),inner_3,spectral,peak1_period_rows,NOT_RUN,,DEFERRED_TO_PS4
H2OC (mmol/mol),inner_3,spectral,entropy_normalized,NOT_RUN,,DEFERRED_TO_PS4
H2OC (mmol/mol),inner_3,stl,stl_seasonal_strength_primary,NOT_RUN,,DEFERRED_TO_PS4
rho (g/m**3),inner_3,quality,missing_fraction,MEASURED_REUSED,0.0,cache 9bd15487cd966649
rho (g/m**3),inner_3,quality,nonfinite_count,MEASURED_REUSED,0,cache 9bd15487cd966649
rho (g/m**3),inner_3,quality,constant_flag,MEASURED_REUSED,False,cache 9bd15487cd966649
rho (g/m**3),inner_3,quality,unique_ratio,MEASURED_REUSED,0.41672670115921145,cache 9bd15487cd966649
rho (g/m**3),inner_3,quality,sentinel_le_m9999_count,MEASURED_REUSED,0,cache 9bd15487cd966649
rho (g/m**3),inner_3,distribution,mean,MEASURED_REUSED,1214.0580473508414,cache df074ea3382f5416
rho (g/m**3),inner_3,distribution,std,MEASURED_REUSED,36.391699159380174,cache df074ea3382f5416
rho (g/m**3),inner_3,distribution,median,MEASURED_REUSED,1212.87,cache df074ea3382f5416
rho (g/m**3),inner_3,distribution,iqr,MEASURED_REUSED,53.13999999999987,cache df074ea3382f5416
rho (g/m**3),inner_3,distribution,mad,MEASURED_REUSED,26.579999999999927,cache df074ea3382f5416
rho (g/m**3),inner_3,distribution,skewness,MEASURED_REUSED,0.15527331675720107,cache df074ea3382f5416
rho (g/m**3),inner_3,distribution,excess_kurtosis,MEASURED_REUSED,-0.506751160198462,cache df074ea3382f5416
rho (g/m**3),inner_3,distribution,q01,MEASURED_REUSED,1139.99,cache df074ea3382f5416
rho (g/m**3),inner_3,distribution,q99,MEASURED_REUSED,1298.0163,cache df074ea3382f5416
rho (g/m**3),inner_3,distribution,upper_tail_ratio,MEASURED_REUSED,3.3056358381502813,cache df074ea3382f5416
rho (g/m**3),inner_3,distribution,lower_tail_ratio,MEASURED_REUSED,2.9726296150824982,cache df074ea3382f5416
rho (g/m**3),inner_3,volatility,diff_std,MEASURED_REUSED,1.1641713617765004,cache cc9fdf1494beced7
rho (g/m**3),inner_3,volatility,diff_std_over_std,MEASURED_REUSED,0.03199002488666233,cache cc9fdf1494beced7
rho (g/m**3),inner_3,volatility,rolling_std_cv,MEASURED_REUSED,0.48121224530364454,cache cc9fdf1494beced7
rho (g/m**3),inner_3,acf_selected,acf_lag_1,MEASURED_REUSED,0.9994305875220201,cache e0d7e5c900d78774
rho (g/m**3),inner_3,acf_selected,acf_lag_144,MEASURED_REUSED,0.8242380002682084,cache e0d7e5c900d78774
rho (g/m**3),inner_3,acf_selected,acf_lag_288,MEASURED_REUSED,0.6989957351918177,cache e0d7e5c900d78774
rho (g/m**3),inner_3,acf_selected,acf_lag_1008,MEASURED_REUSED,0.5609929181745581,cache e0d7e5c900d78774
rho (g/m**3),inner_3,seasonality,seasonal_acf_daily_144,MEASURED_REUSED,0.8242380002682084,cache 780f590cee473390
rho (g/m**3),inner_3,seasonality,seasonal_diff_var_ratio_daily_144,MEASURED_REUSED,0.3280579176464695,cache 780f590cee473390
rho (g/m**3),inner_3,seasonality,seasonal_acf_weekly_1008,MEASURED_REUSED,0.5609929181745581,cache 780f590cee473390
rho (g/m**3),inner_3,seasonality,seasonal_diff_var_ratio_weekly_1008,MEASURED_REUSED,0.7554910605062859,cache 780f590cee473390
rho (g/m**3),inner_3,cost,seconds_quality,MEASURED_REUSED,0.0006010440000000029,process CPU seconds of the batch divided by its features
rho (g/m**3),inner_3,cost,seconds_distribution,MEASURED_REUSED,0.002169192333333337,process CPU seconds of the batch divided by its features
rho (g/m**3),inner_3,cost,seconds_volatility,MEASURED_REUSED,0.000439252476190477,process CPU seconds of the batch divided by its features
rho (g/m**3),inner_3,cost,seconds_acf_selected,MEASURED_REUSED,0.0002194778095238101,process CPU seconds of the batch divided by its features
rho (g/m**3),inner_3,cost,seconds_seasonality,MEASURED_REUSED,0.00042605457142856694,process CPU seconds of the batch divided by its features
rho (g/m**3),inner_3,stationarity,adf_c_aic_pvalue,NOT_RUN,,DEFERRED_TO_PS4
rho (g/m**3),inner_3,stationarity,kpss_c_auto_pvalue,NOT_RUN,,DEFERRED_TO_PS4
rho (g/m**3),inner_3,spectral,peak1_period_rows,NOT_RUN,,DEFERRED_TO_PS4
rho (g/m**3),inner_3,spectral,entropy_normalized,NOT_RUN,,DEFERRED_TO_PS4
rho (g/m**3),inner_3,stl,stl_seasonal_strength_primary,NOT_RUN,,DEFERRED_TO_PS4
wv (m/s),inner_3,quality,missing_fraction,MEASURED_REUSED,0.0,cache 9bd15487cd966649
wv (m/s),inner_3,quality,nonfinite_count,MEASURED_REUSED,0,cache 9bd15487cd966649
wv (m/s),inner_3,quality,constant_flag,MEASURED_REUSED,False,cache 9bd15487cd966649
wv (m/s),inner_3,quality,unique_ratio,MEASURED_REUSED,0.031534481629445284,cache 9bd15487cd966649
wv (m/s),inner_3,quality,sentinel_le_m9999_count,MEASURED_REUSED,1,cache 9bd15487cd966649
wv (m/s),inner_3,distribution,mean,MEASURED_REUSED,1.9867129478027374,cache df074ea3382f5416
wv (m/s),inner_3,distribution,std,MEASURED_REUSED,57.257719416924466,cache df074ea3382f5416
wv (m/s),inner_3,distribution,median,MEASURED_REUSED,1.87,cache df074ea3382f5416
wv (m/s),inner_3,distribution,iqr,MEASURED_REUSED,2.1,cache df074ea3382f5416
wv (m/s),inner_3,distribution,mad,MEASURED_REUSED,0.9699999999999998,cache df074ea3382f5416
wv (m/s),inner_3,distribution,skewness,MEASURED_REUSED,-174.51322803753413,cache df074ea3382f5416
wv (m/s),inner_3,distribution,excess_kurtosis,MEASURED_REUSED,30482.559872404916,cache df074ea3382f5416
wv (m/s),inner_3,distribution,q01,MEASURED_REUSED,0.24,cache df074ea3382f5416
wv (m/s),inner_3,distribution,q99,MEASURED_REUSED,7.68630000000001,cache df074ea3382f5416
wv (m/s),inner_3,distribution,upper_tail_ratio,MEASURED_REUSED,5.49051999999999,cache df074ea3382f5416
wv (m/s),inner_3,distribution,lower_tail_ratio,MEASURED_REUSED,1.964705882352941,cache df074ea3382f5416
wv (m/s),inner_3,volatility,diff_std,MEASURED_REUSED,80.94432399541104,cache cc9fdf1494beced7
wv (m/s),inner_3,volatility,diff_std_over_std,MEASURED_REUSED,1.4136840380597693,cache cc9fdf1494beced7
wv (m/s),inner_3,volatility,rolling_std_cv,MEASURED_REUSED,11.141627385978774,cache cc9fdf1494beced7
wv (m/s),inner_3,acf_selected,acf_lag_1,MEASURED_REUSED,0.0007814284979154485,cache e0d7e5c900d78774
wv (m/s),inner_3,acf_selected,acf_lag_144,MEASURED_REUSED,-6.67449222581525e-05,cache e0d7e5c900d78774
wv (m/s),inner_3,acf_selected,acf_lag_288,MEASURED_REUSED,-0.00019215283794488903,cache e0d7e5c900d78774
wv (m/s),inner_3,acf_selected,acf_lag_1008,MEASURED_REUSED,-3.114304010825091e-05,cache e0d7e5c900d78774
wv (m/s),inner_3,seasonality,seasonal_acf_daily_144,MEASURED_REUSED,-6.67449222581525e-05,cache 780f590cee473390
wv (m/s),inner_3,seasonality,seasonal_diff_var_ratio_daily_144,MEASURED_REUSED,2.009605856960692,cache 780f590cee473390
wv (m/s),inner_3,seasonality,seasonal_acf_weekly_1008,MEASURED_REUSED,-3.114304010825091e-05,cache 780f590cee473390
wv (m/s),inner_3,seasonality,seasonal_diff_var_ratio_weekly_1008,MEASURED_REUSED,2.0683030722073834,cache 780f590cee473390
wv (m/s),inner_3,cost,seconds_quality,MEASURED_REUSED,0.0006010440000000029,process CPU seconds of the batch divided by its features
wv (m/s),inner_3,cost,seconds_distribution,MEASURED_REUSED,0.002169192333333337,process CPU seconds of the batch divided by its features
wv (m/s),inner_3,cost,seconds_volatility,MEASURED_REUSED,0.000439252476190477,process CPU seconds of the batch divided by its features
wv (m/s),inner_3,cost,seconds_acf_selected,MEASURED_REUSED,0.0002194778095238101,process CPU seconds of the batch divided by its features
wv (m/s),inner_3,cost,seconds_seasonality,MEASURED_REUSED,0.00042605457142856694,process CPU seconds of the batch divided by its features
wv (m/s),inner_3,stationarity,adf_c_aic_pvalue,NOT_RUN,,DEFERRED_TO_PS4
wv (m/s),inner_3,stationarity,kpss_c_auto_pvalue,NOT_RUN,,DEFERRED_TO_PS4
wv (m/s),inner_3,spectral,peak1_period_rows,NOT_RUN,,DEFERRED_TO_PS4
wv (m/s),inner_3,spectral,entropy_normalized,NOT_RUN,,DEFERRED_TO_PS4
wv (m/s),inner_3,stl,stl_seasonal_strength_primary,NOT_RUN,,DEFERRED_TO_PS4
max. wv (m/s),inner_3,quality,missing_fraction,MEASURED_REUSED,0.0,cache 9bd15487cd966649
max. wv (m/s),inner_3,quality,nonfinite_count,MEASURED_REUSED,0,cache 9bd15487cd966649
max. wv (m/s),inner_3,quality,constant_flag,MEASURED_REUSED,False,cache 9bd15487cd966649
max. wv (m/s),inner_3,quality,unique_ratio,MEASURED_REUSED,0.042471674634881135,cache 9bd15487cd966649
max. wv (m/s),inner_3,quality,sentinel_le_m9999_count,MEASURED_REUSED,0,cache 9bd15487cd966649
max. wv (m/s),inner_3,distribution,mean,MEASURED_REUSED,3.9177067915384107,cache df074ea3382f5416
max. wv (m/s),inner_3,distribution,std,MEASURED_REUSED,2.6691828628146324,cache df074ea3382f5416
max. wv (m/s),inner_3,distribution,median,MEASURED_REUSED,3.28,cache df074ea3382f5416
max. wv (m/s),inner_3,distribution,iqr,MEASURED_REUSED,3.5200000000000005,cache df074ea3382f5416
max. wv (m/s),inner_3,distribution,mad,MEASURED_REUSED,1.64,cache df074ea3382f5416
max. wv (m/s),inner_3,distribution,skewness,MEASURED_REUSED,1.2555848219411998,cache df074ea3382f5416
max. wv (m/s),inner_3,distribution,excess_kurtosis,MEASURED_REUSED,2.0589932201511907,cache df074ea3382f5416
max. wv (m/s),inner_3,distribution,q01,MEASURED_REUSED,0.52,cache df074ea3382f5416
max. wv (m/s),inner_3,distribution,q99,MEASURED_REUSED,12.06,cache df074ea3382f5416
max. wv (m/s),inner_3,distribution,upper_tail_ratio,MEASURED_REUSED,5.009615384615383,cache df074ea3382f5416
max. wv (m/s),inner_3,distribution,lower_tail_ratio,MEASURED_REUSED,1.9583333333333337,cache df074ea3382f5416
max. wv (m/s),inner_3,volatility,diff_std,MEASURED_REUSED,1.014529742524135,cache cc9fdf1494beced7
max. wv (m/s),inner_3,volatility,diff_std_over_std,MEASURED_REUSED,0.38009001056387776,cache cc9fdf1494beced7
max. wv (m/s),inner_3,volatility,rolling_std_cv,MEASURED_REUSED,0.38818684976432527,cache cc9fdf1494beced7
max. wv (m/s),inner_3,acf_selected,acf_lag_1,MEASURED_REUSED,0.9277388377100092,cache e0d7e5c900d78774
max. wv (m/s),inner_3,acf_selected,acf_lag_144,MEASURED_REUSED,0.46556663483632654,cache e0d7e5c900d78774
max. wv (m/s),inner_3,acf_selected,acf_lag_288,MEASURED_REUSED,0.3639392633585148,cache e0d7e5c900d78774
max. wv (m/s),inner_3,acf_selected,acf_lag_1008,MEASURED_REUSED,0.30337937711432605,cache e0d7e5c900d78774
max. wv (m/s),inner_3,seasonality,seasonal_acf_daily_144,MEASURED_REUSED,0.46556663483632654,cache 780f590cee473390
max. wv (m/s),inner_3,seasonality,seasonal_diff_var_ratio_daily_144,MEASURED_REUSED,1.0669095881335016,cache 780f590cee473390
max. wv (m/s),inner_3,seasonality,seasonal_acf_weekly_1008,MEASURED_REUSED,0.30337937711432605,cache 780f590cee473390
max. wv (m/s),inner_3,seasonality,seasonal_diff_var_ratio_weekly_1008,MEASURED_REUSED,1.3992267558998932,cache 780f590cee473390
max. wv (m/s),inner_3,cost,seconds_quality,MEASURED_REUSED,0.0006010440000000029,process CPU seconds of the batch divided by its features
max. wv (m/s),inner_3,cost,seconds_distribution,MEASURED_REUSED,0.002169192333333337,process CPU seconds of the batch divided by its features
max. wv (m/s),inner_3,cost,seconds_volatility,MEASURED_REUSED,0.000439252476190477,process CPU seconds of the batch divided by its features
max. wv (m/s),inner_3,cost,seconds_acf_selected,MEASURED_REUSED,0.0002194778095238101,process CPU seconds of the batch divided by its features
max. wv (m/s),inner_3,cost,seconds_seasonality,MEASURED_REUSED,0.00042605457142856694,process CPU seconds of the batch divided by its features
max. wv (m/s),inner_3,stationarity,adf_c_aic_pvalue,NOT_RUN,,DEFERRED_TO_PS4
max. wv (m/s),inner_3,stationarity,kpss_c_auto_pvalue,NOT_RUN,,DEFERRED_TO_PS4
max. wv (m/s),inner_3,spectral,peak1_period_rows,NOT_RUN,,DEFERRED_TO_PS4
max. wv (m/s),inner_3,spectral,entropy_normalized,NOT_RUN,,DEFERRED_TO_PS4
max. wv (m/s),inner_3,stl,stl_seasonal_strength_primary,NOT_RUN,,DEFERRED_TO_PS4
wd (deg),inner_3,quality,missing_fraction,MEASURED_REUSED,0.0,cache 9bd15487cd966649
wd (deg),inner_3,quality,nonfinite_count,MEASURED_REUSED,0,cache 9bd15487cd966649
wd (deg),inner_3,quality,constant_flag,MEASURED_REUSED,False,cache 9bd15487cd966649
wd (deg),inner_3,quality,unique_ratio,MEASURED_REUSED,0.22791276442465125,cache 9bd15487cd966649
wd (deg),inner_3,quality,sentinel_le_m9999_count,MEASURED_REUSED,0,cache 9bd15487cd966649
wd (deg),inner_3,distribution,mean,MEASURED_REUSED,176.1253140349728,cache df074ea3382f5416
wd (deg),inner_3,distribution,std,MEASURED_REUSED,87.19465722229421,cache df074ea3382f5416
wd (deg),inner_3,distribution,median,MEASURED_REUSED,199.8,cache df074ea3382f5416
wd (deg),inner_3,distribution,iqr,MEASURED_REUSED,120.0,cache df074ea3382f5416
wd (deg),inner_3,distribution,mad,MEASURED_REUSED,47.30000000000001,cache df074ea3382f5416
wd (deg),inner_3,distribution,skewness,MEASURED_REUSED,-0.43905920404709264,cache df074ea3382f5416
wd (deg),inner_3,distribution,excess_kurtosis,MEASURED_REUSED,-0.6713691617796718,cache df074ea3382f5416
wd (deg),inner_3,distribution,q01,MEASURED_REUSED,5.9537,cache df074ea3382f5416
wd (deg),inner_3,distribution,q99,MEASURED_REUSED,351.8,cache df074ea3382f5416
wd (deg),inner_3,distribution,upper_tail_ratio,MEASURED_REUSED,4.309392265193371,cache df074ea3382f5416
wd (deg),inner_3,distribution,lower_tail_ratio,MEASURED_REUSED,2.346972553699284,cache df074ea3382f5416
wd (deg),inner_3,volatility,diff_std,MEASURED_REUSED,68.3161550019403,cache cc9fdf1494beced7
wd (deg),inner_3,volatility,diff_std_over_std,MEASURED_REUSED,0.7834901492619551,cache cc9fdf1494beced7
wd (deg),inner_3,volatility,rolling_std_cv,MEASURED_REUSED,0.5534390445719466,cache cc9fdf1494beced7
wd (deg),inner_3,acf_selected,acf_lag_1,MEASURED_REUSED,0.6930289689736574,cache e0d7e5c900d78774
wd (deg),inner_3,acf_selected,acf_lag_144,MEASURED_REUSED,0.2270811406762145,cache e0d7e5c900d78774
wd (deg),inner_3,acf_selected,acf_lag_288,MEASURED_REUSED,0.1639766369741686,cache e0d7e5c900d78774
wd (deg),inner_3,acf_selected,acf_lag_1008,MEASURED_REUSED,0.04053651100185561,cache e0d7e5c900d78774
wd (deg),inner_3,seasonality,seasonal_acf_daily_144,MEASURED_REUSED,0.2270811406762145,cache 780f590cee473390
wd (deg),inner_3,seasonality,seasonal_diff_var_ratio_daily_144,MEASURED_REUSED,1.543197588761257,cache 780f590cee473390
wd (deg),inner_3,seasonality,seasonal_acf_weekly_1008,MEASURED_REUSED,0.04053651100185561,cache 780f590cee473390
wd (deg),inner_3,seasonality,seasonal_diff_var_ratio_weekly_1008,MEASURED_REUSED,1.9393372099883028,cache 780f590cee473390
wd (deg),inner_3,cost,seconds_quality,MEASURED_REUSED,0.0006010440000000029,process CPU seconds of the batch divided by its features
wd (deg),inner_3,cost,seconds_distribution,MEASURED_REUSED,0.002169192333333337,process CPU seconds of the batch divided by its features
wd (deg),inner_3,cost,seconds_volatility,MEASURED_REUSED,0.000439252476190477,process CPU seconds of the batch divided by its features
wd (deg),inner_3,cost,seconds_acf_selected,MEASURED_REUSED,0.0002194778095238101,process CPU seconds of the batch divided by its features
wd (deg),inner_3,cost,seconds_seasonality,MEASURED_REUSED,0.00042605457142856694,process CPU seconds of the batch divided by its features
wd (deg),inner_3,stationarity,adf_c_aic_pvalue,NOT_RUN,,DEFERRED_TO_PS4
wd (deg),inner_3,stationarity,kpss_c_auto_pvalue,NOT_RUN,,DEFERRED_TO_PS4
wd (deg),inner_3,spectral,peak1_period_rows,NOT_RUN,,DEFERRED_TO_PS4
wd (deg),inner_3,spectral,entropy_normalized,NOT_RUN,,DEFERRED_TO_PS4
wd (deg),inner_3,stl,stl_seasonal_strength_primary,NOT_RUN,,DEFERRED_TO_PS4
rain (mm),inner_3,quality,missing_fraction,MEASURED_REUSED,0.0,cache 9bd15487cd966649
rain (mm),inner_3,quality,nonfinite_count,MEASURED_REUSED,0,cache 9bd15487cd966649
rain (mm),inner_3,quality,constant_flag,MEASURED_REUSED,False,cache 9bd15487cd966649
rain (mm),inner_3,quality,unique_ratio,MEASURED_REUSED,0.0010151286921212916,cache 9bd15487cd966649
rain (mm),inner_3,quality,sentinel_le_m9999_count,MEASURED_REUSED,0,cache 9bd15487cd966649
rain (mm),inner_3,distribution,mean,MEASURED_REUSED,0.010187307616739798,cache df074ea3382f5416
rain (mm),inner_3,distribution,std,MEASURED_REUSED,0.11252573230002497,cache df074ea3382f5416
rain (mm),inner_3,distribution,median,MEASURED_REUSED,0.0,cache df074ea3382f5416
rain (mm),inner_3,distribution,iqr,MEASURED_REUSED,0.0,cache df074ea3382f5416
rain (mm),inner_3,distribution,mad,MEASURED_REUSED,0.0,cache df074ea3382f5416
rain (mm),inner_3,distribution,skewness,MEASURED_REUSED,45.59940959600957,cache df074ea3382f5416
rain (mm),inner_3,distribution,excess_kurtosis,MEASURED_REUSED,3593.2281566899037,cache df074ea3382f5416
rain (mm),inner_3,distribution,q01,MEASURED_REUSED,0.0,cache df074ea3382f5416
rain (mm),inner_3,distribution,q99,MEASURED_REUSED,0.3,cache df074ea3382f5416
rain (mm),inner_3,distribution,upper_tail_ratio,NOT_RUN,,ZERO_UPPER_QUARTILE_SPREAD
rain (mm),inner_3,distribution,lower_tail_ratio,NOT_RUN,,ZERO_LOWER_QUARTILE_SPREAD
rain (mm),inner_3,volatility,diff_std,MEASURED_REUSED,0.10857883483615849,cache cc9fdf1494beced7
rain (mm),inner_3,volatility,diff_std_over_std,MEASURED_REUSED,0.9649244898638567,cache cc9fdf1494beced7
rain (mm),inner_3,volatility,rolling_std_cv,MEASURED_REUSED,2.589009749737954,cache cc9fdf1494beced7
rain (mm),inner_3,acf_selected,acf_lag_1,MEASURED_REUSED,0.5344753411271678,cache e0d7e5c900d78774
rain (mm),inner_3,acf_selected,acf_lag_144,MEASURED_REUSED,0.0012046325575017379,cache e0d7e5c900d78774
rain (mm),inner_3,acf_selected,acf_lag_288,MEASURED_REUSED,0.002407380774602781,cache e0d7e5c900d78774
rain (mm),inner_3,acf_selected,acf_lag_1008,MEASURED_REUSED,0.005231224893529101,cache e0d7e5c900d78774
rain (mm),inner_3,seasonality,seasonal_acf_daily_144,MEASURED_REUSED,0.0012046325575017379,cache 780f590cee473390
rain (mm),inner_3,seasonality,seasonal_diff_var_ratio_daily_144,MEASURED_REUSED,2.006977208162783,cache 780f590cee473390
rain (mm),inner_3,seasonality,seasonal_acf_weekly_1008,MEASURED_REUSED,0.005231224893529101,cache 780f590cee473390
rain (mm),inner_3,seasonality,seasonal_diff_var_ratio_weekly_1008,MEASURED_REUSED,2.046842214123488,cache 780f590cee473390
rain (mm),inner_3,cost,seconds_quality,MEASURED_REUSED,0.0006010440000000029,process CPU seconds of the batch divided by its features
rain (mm),inner_3,cost,seconds_distribution,MEASURED_REUSED,0.002169192333333337,process CPU seconds of the batch divided by its features
rain (mm),inner_3,cost,seconds_volatility,MEASURED_REUSED,0.000439252476190477,process CPU seconds of the batch divided by its features
rain (mm),inner_3,cost,seconds_acf_selected,MEASURED_REUSED,0.0002194778095238101,process CPU seconds of the batch divided by its features
rain (mm),inner_3,cost,seconds_seasonality,MEASURED_REUSED,0.00042605457142856694,process CPU seconds of the batch divided by its features
rain (mm),inner_3,stationarity,adf_c_aic_pvalue,NOT_RUN,,DEFERRED_TO_PS4
rain (mm),inner_3,stationarity,kpss_c_auto_pvalue,NOT_RUN,,DEFERRED_TO_PS4
rain (mm),inner_3,spectral,peak1_period_rows,NOT_RUN,,DEFERRED_TO_PS4
rain (mm),inner_3,spectral,entropy_normalized,NOT_RUN,,DEFERRED_TO_PS4
rain (mm),inner_3,stl,stl_seasonal_strength_primary,NOT_RUN,,DEFERRED_TO_PS4
raining (s),inner_3,quality,missing_fraction,MEASURED_REUSED,0.0,cache 9bd15487cd966649
raining (s),inner_3,quality,nonfinite_count,MEASURED_REUSED,0,cache 9bd15487cd966649
raining (s),inner_3,quality,constant_flag,MEASURED_REUSED,False,cache 9bd15487cd966649
raining (s),inner_3,quality,unique_ratio,MEASURED_REUSED,0.0019975112973999606,cache 9bd15487cd966649
raining (s),inner_3,quality,sentinel_le_m9999_count,MEASURED_REUSED,0,cache 9bd15487cd966649
raining (s),inner_3,distribution,mean,MEASURED_REUSED,24.079507498853886,cache df074ea3382f5416
raining (s),inner_3,distribution,std,MEASURED_REUSED,106.87822480964634,cache df074ea3382f5416
raining (s),inner_3,distribution,median,MEASURED_REUSED,0.0,cache df074ea3382f5416
raining (s),inner_3,distribution,iqr,MEASURED_REUSED,0.0,cache df074ea3382f5416
raining (s),inner_3,distribution,mad,MEASURED_REUSED,0.0,cache df074ea3382f5416
raining (s),inner_3,distribution,skewness,MEASURED_REUSED,4.626966134380784,cache df074ea3382f5416
raining (s),inner_3,distribution,excess_kurtosis,MEASURED_REUSED,20.406413615935417,cache df074ea3382f5416
raining (s),inner_3,distribution,q01,MEASURED_REUSED,0.0,cache df074ea3382f5416
raining (s),inner_3,distribution,q99,MEASURED_REUSED,600.0,cache df074ea3382f5416
raining (s),inner_3,distribution,upper_tail_ratio,NOT_RUN,,ZERO_UPPER_QUARTILE_SPREAD
raining (s),inner_3,distribution,lower_tail_ratio,NOT_RUN,,ZERO_LOWER_QUARTILE_SPREAD
raining (s),inner_3,volatility,diff_std,MEASURED_REUSED,58.295588921571614,cache cc9fdf1494beced7
raining (s),inner_3,volatility,diff_std_over_std,MEASURED_REUSED,0.5454393448749546,cache cc9fdf1494beced7
raining (s),inner_3,volatility,rolling_std_cv,MEASURED_REUSED,1.4181131513061782,cache cc9fdf1494beced7
raining (s),inner_3,acf_selected,acf_lag_1,MEASURED_REUSED,0.8512511695107858,cache e0d7e5c900d78774
raining (s),inner_3,acf_selected,acf_lag_144,MEASURED_REUSED,0.047146808266051415,cache e0d7e5c900d78774
raining (s),inner_3,acf_selected,acf_lag_288,MEASURED_REUSED,-0.007618808653717277,cache e0d7e5c900d78774
raining (s),inner_3,acf_selected,acf_lag_1008,MEASURED_REUSED,0.06553981037090996,cache e0d7e5c900d78774
raining (s),inner_3,seasonality,seasonal_acf_daily_144,MEASURED_REUSED,0.047146808266051415,cache 780f590cee473390
raining (s),inner_3,seasonality,seasonal_diff_var_ratio_daily_144,MEASURED_REUSED,1.9142542062178836,cache 780f590cee473390
raining (s),inner_3,seasonality,seasonal_acf_weekly_1008,MEASURED_REUSED,0.06553981037090996,cache 780f590cee473390
raining (s),inner_3,seasonality,seasonal_diff_var_ratio_weekly_1008,MEASURED_REUSED,1.9049045693998614,cache 780f590cee473390
raining (s),inner_3,cost,seconds_quality,MEASURED_REUSED,0.0006010440000000029,process CPU seconds of the batch divided by its features
raining (s),inner_3,cost,seconds_distribution,MEASURED_REUSED,0.002169192333333337,process CPU seconds of the batch divided by its features
raining (s),inner_3,cost,seconds_volatility,MEASURED_REUSED,0.000439252476190477,process CPU seconds of the batch divided by its features
raining (s),inner_3,cost,seconds_acf_selected,MEASURED_REUSED,0.0002194778095238101,process CPU seconds of the batch divided by its features
raining (s),inner_3,cost,seconds_seasonality,MEASURED_REUSED,0.00042605457142856694,process CPU seconds of the batch divided by its features
raining (s),inner_3,stationarity,adf_c_aic_pvalue,NOT_RUN,,DEFERRED_TO_PS4
raining (s),inner_3,stationarity,kpss_c_auto_pvalue,NOT_RUN,,DEFERRED_TO_PS4
raining (s),inner_3,spectral,peak1_period_rows,NOT_RUN,,DEFERRED_TO_PS4
raining (s),inner_3,spectral,entropy_normalized,NOT_RUN,,DEFERRED_TO_PS4
raining (s),inner_3,stl,stl_seasonal_strength_primary,NOT_RUN,,DEFERRED_TO_PS4
SWDR (W/m�),inner_3,quality,missing_fraction,MEASURED_REUSED,0.0,cache 9bd15487cd966649
SWDR (W/m�),inner_3,quality,nonfinite_count,MEASURED_REUSED,0,cache 9bd15487cd966649
SWDR (W/m�),inner_3,quality,constant_flag,MEASURED_REUSED,False,cache 9bd15487cd966649
SWDR (W/m�),inner_3,quality,unique_ratio,MEASURED_REUSED,0.2981531207020761,cache 9bd15487cd966649
SWDR (W/m�),inner_3,quality,sentinel_le_m9999_count,MEASURED_REUSED,0,cache 9bd15487cd966649
SWDR (W/m�),inner_3,distribution,mean,MEASURED_REUSED,156.94490241666122,cache df074ea3382f5416
SWDR (W/m�),inner_3,distribution,std,MEASURED_REUSED,237.8554794318419,cache df074ea3382f5416
SWDR (W/m�),inner_3,distribution,median,MEASURED_REUSED,14.915,cache df074ea3382f5416
SWDR (W/m�),inner_3,distribution,iqr,MEASURED_REUSED,239.84,cache df074ea3382f5416
SWDR (W/m�),inner_3,distribution,mad,MEASURED_REUSED,14.915,cache df074ea3382f5416
SWDR (W/m�),inner_3,distribution,skewness,MEASURED_REUSED,1.5758799001174815,cache df074ea3382f5416
SWDR (W/m�),inner_3,distribution,excess_kurtosis,MEASURED_REUSED,1.4396348592432737,cache df074ea3382f5416
SWDR (W/m�),inner_3,distribution,q01,MEASURED_REUSED,0.0,cache df074ea3382f5416
SWDR (W/m�),inner_3,distribution,q99,MEASURED_REUSED,879.7024000000005,cache df074ea3382f5416
SWDR (W/m�),inner_3,distribution,upper_tail_ratio,MEASURED_REUSED,4.017450038901852,cache df074ea3382f5416
SWDR (W/m�),inner_3,distribution,lower_tail_ratio,MEASURED_REUSED,1.0,cache df074ea3382f5416
SWDR (W/m�),inner_3,volatility,diff_std,MEASURED_REUSED,69.71672717295057,cache cc9fdf1494beced7
SWDR (W/m�),inner_3,volatility,diff_std_over_std,MEASURED_REUSED,0.293105407281265,cache cc9fdf1494beced7
SWDR (W/m�),inner_3,volatility,rolling_std_cv,MEASURED_REUSED,0.5244832262191083,cache cc9fdf1494beced7
SWDR (W/m�),inner_3,acf_selected,acf_lag_1,MEASURED_REUSED,0.9570317593321347,cache e0d7e5c900d78774
SWDR (W/m�),inner_3,acf_selected,acf_lag_144,MEASURED_REUSED,0.785965903760835,cache e0d7e5c900d78774
SWDR (W/m�),inner_3,acf_selected,acf_lag_288,MEASURED_REUSED,0.7367888832709232,cache e0d7e5c900d78774
SWDR (W/m�),inner_3,acf_selected,acf_lag_1008,MEASURED_REUSED,0.7171497545854062,cache e0d7e5c900d78774
SWDR (W/m�),inner_3,seasonality,seasonal_acf_daily_144,MEASURED_REUSED,0.785965903760835,cache 780f590cee473390
SWDR (W/m�),inner_3,seasonality,seasonal_diff_var_ratio_daily_144,MEASURED_REUSED,0.41842126968933263,cache 780f590cee473390
SWDR (W/m�),inner_3,seasonality,seasonal_acf_weekly_1008,MEASURED_REUSED,0.7171497545854062,cache 780f590cee473390
SWDR (W/m�),inner_3,seasonality,seasonal_diff_var_ratio_weekly_1008,MEASURED_REUSED,0.5226761744227829,cache 780f590cee473390
SWDR (W/m�),inner_3,cost,seconds_quality,MEASURED_REUSED,0.0006010440000000029,process CPU seconds of the batch divided by its features
SWDR (W/m�),inner_3,cost,seconds_distribution,MEASURED_REUSED,0.002169192333333337,process CPU seconds of the batch divided by its features
SWDR (W/m�),inner_3,cost,seconds_volatility,MEASURED_REUSED,0.000439252476190477,process CPU seconds of the batch divided by its features
SWDR (W/m�),inner_3,cost,seconds_acf_selected,MEASURED_REUSED,0.0002194778095238101,process CPU seconds of the batch divided by its features
SWDR (W/m�),inner_3,cost,seconds_seasonality,MEASURED_REUSED,0.00042605457142856694,process CPU seconds of the batch divided by its features
SWDR (W/m�),inner_3,stationarity,adf_c_aic_pvalue,NOT_RUN,,DEFERRED_TO_PS4
SWDR (W/m�),inner_3,stationarity,kpss_c_auto_pvalue,NOT_RUN,,DEFERRED_TO_PS4
SWDR (W/m�),inner_3,spectral,peak1_period_rows,NOT_RUN,,DEFERRED_TO_PS4
SWDR (W/m�),inner_3,spectral,entropy_normalized,NOT_RUN,,DEFERRED_TO_PS4
SWDR (W/m�),inner_3,stl,stl_seasonal_strength_primary,NOT_RUN,,DEFERRED_TO_PS4
PAR (�mol/m�/s),inner_3,quality,missing_fraction,MEASURED_REUSED,0.0,cache 9bd15487cd966649
PAR (�mol/m�/s),inner_3,quality,nonfinite_count,MEASURED_REUSED,0,cache 9bd15487cd966649
PAR (�mol/m�/s),inner_3,quality,constant_flag,MEASURED_REUSED,False,cache 9bd15487cd966649
PAR (�mol/m�/s),inner_3,quality,unique_ratio,MEASURED_REUSED,0.35267535529504224,cache 9bd15487cd966649
PAR (�mol/m�/s),inner_3,quality,sentinel_le_m9999_count,MEASURED_REUSED,0,cache 9bd15487cd966649
PAR (�mol/m�/s),inner_3,distribution,mean,MEASURED_REUSED,309.5968943611239,cache df074ea3382f5416
PAR (�mol/m�/s),inner_3,distribution,std,MEASURED_REUSED,464.74561013877724,cache df074ea3382f5416
PAR (�mol/m�/s),inner_3,distribution,median,MEASURED_REUSED,36.1,cache df074ea3382f5416
PAR (�mol/m�/s),inner_3,distribution,iqr,MEASURED_REUSED,475.48,cache df074ea3382f5416
PAR (�mol/m�/s),inner_3,distribution,mad,MEASURED_REUSED,36.1,cache df074ea3382f5416
PAR (�mol/m�/s),inner_3,distribution,skewness,MEASURED_REUSED,1.5790587828868612,cache df074ea3382f5416
PAR (�mol/m�/s),inner_3,distribution,excess_kurtosis,MEASURED_REUSED,1.495673223938038,cache df074ea3382f5416
PAR (�mol/m�/s),inner_3,distribution,q01,MEASURED_REUSED,0.0,cache df074ea3382f5416
PAR (�mol/m�/s),inner_3,distribution,q99,MEASURED_REUSED,1743.2067000000002,cache df074ea3382f5416
PAR (�mol/m�/s),inner_3,distribution,upper_tail_ratio,MEASURED_REUSED,4.043566047612544,cache df074ea3382f5416
PAR (�mol/m�/s),inner_3,distribution,lower_tail_ratio,MEASURED_REUSED,1.0,cache df074ea3382f5416
PAR (�mol/m�/s),inner_3,volatility,diff_std,MEASURED_REUSED,133.05248116296306,cache cc9fdf1494beced7
PAR (�mol/m�/s),inner_3,volatility,diff_std_over_std,MEASURED_REUSED,0.2862909907276637,cache cc9fdf1494beced7
PAR (�mol/m�/s),inner_3,volatility,rolling_std_cv,MEASURED_REUSED,0.5191078879069854,cache cc9fdf1494beced7
PAR (�mol/m�/s),inner_3,acf_selected,acf_lag_1,MEASURED_REUSED,0.9590055439713828,cache e0d7e5c900d78774
PAR (�mol/m�/s),inner_3,acf_selected,acf_lag_144,MEASURED_REUSED,0.7968699435703056,cache e0d7e5c900d78774
PAR (�mol/m�/s),inner_3,acf_selected,acf_lag_288,MEASURED_REUSED,0.750495205879151,cache e0d7e5c900d78774
PAR (�mol/m�/s),inner_3,acf_selected,acf_lag_1008,MEASURED_REUSED,0.7305589174583433,cache e0d7e5c900d78774
PAR (�mol/m�/s),inner_3,seasonality,seasonal_acf_daily_144,MEASURED_REUSED,0.7968699435703056,cache 780f590cee473390
PAR (�mol/m�/s),inner_3,seasonality,seasonal_diff_var_ratio_daily_144,MEASURED_REUSED,0.39590149526891333,cache 780f590cee473390
PAR (�mol/m�/s),inner_3,seasonality,seasonal_acf_weekly_1008,MEASURED_REUSED,0.7305589174583433,cache 780f590cee473390
PAR (�mol/m�/s),inner_3,seasonality,seasonal_diff_var_ratio_weekly_1008,MEASURED_REUSED,0.49283706086847107,cache 780f590cee473390
PAR (�mol/m�/s),inner_3,cost,seconds_quality,MEASURED_REUSED,0.0006010440000000029,process CPU seconds of the batch divided by its features
PAR (�mol/m�/s),inner_3,cost,seconds_distribution,MEASURED_REUSED,0.002169192333333337,process CPU seconds of the batch divided by its features
PAR (�mol/m�/s),inner_3,cost,seconds_volatility,MEASURED_REUSED,0.000439252476190477,process CPU seconds of the batch divided by its features
PAR (�mol/m�/s),inner_3,cost,seconds_acf_selected,MEASURED_REUSED,0.0002194778095238101,process CPU seconds of the batch divided by its features
PAR (�mol/m�/s),inner_3,cost,seconds_seasonality,MEASURED_REUSED,0.00042605457142856694,process CPU seconds of the batch divided by its features
PAR (�mol/m�/s),inner_3,stationarity,adf_c_aic_pvalue,NOT_RUN,,DEFERRED_TO_PS4
PAR (�mol/m�/s),inner_3,stationarity,kpss_c_auto_pvalue,NOT_RUN,,DEFERRED_TO_PS4
PAR (�mol/m�/s),inner_3,spectral,peak1_period_rows,NOT_RUN,,DEFERRED_TO_PS4
PAR (�mol/m�/s),inner_3,spectral,entropy_normalized,NOT_RUN,,DEFERRED_TO_PS4
PAR (�mol/m�/s),inner_3,stl,stl_seasonal_strength_primary,NOT_RUN,,DEFERRED_TO_PS4
max. PAR (�mol/m�/s),inner_3,quality,missing_fraction,MEASURED_REUSED,0.0,cache 9bd15487cd966649
max. PAR (�mol/m�/s),inner_3,quality,nonfinite_count,MEASURED_REUSED,0,cache 9bd15487cd966649
max. PAR (�mol/m�/s),inner_3,quality,constant_flag,MEASURED_REUSED,False,cache 9bd15487cd966649
max. PAR (�mol/m�/s),inner_3,quality,unique_ratio,MEASURED_REUSED,0.3231711310498395,cache 9bd15487cd966649
max. PAR (�mol/m�/s),inner_3,quality,sentinel_le_m9999_count,MEASURED_REUSED,30,cache 9bd15487cd966649
max. PAR (�mol/m�/s),inner_3,distribution,mean,MEASURED_REUSED,368.6293938699325,cache df074ea3382f5416
max. PAR (�mol/m�/s),inner_3,distribution,std,MEASURED_REUSED,657.6102556692283,cache df074ea3382f5416
max. PAR (�mol/m�/s),inner_3,distribution,median,MEASURED_REUSED,42.66,cache df074ea3382f5416
max. PAR (�mol/m�/s),inner_3,distribution,iqr,MEASURED_REUSED,564.6,cache df074ea3382f5416
max. PAR (�mol/m�/s),inner_3,distribution,mad,MEASURED_REUSED,42.66,cache df074ea3382f5416
max. PAR (�mol/m�/s),inner_3,distribution,skewness,MEASURED_REUSED,-2.7825719995520184,cache df074ea3382f5416
max. PAR (�mol/m�/s),inner_3,distribution,excess_kurtosis,MEASURED_REUSED,60.30155544472098,cache df074ea3382f5416
max. PAR (�mol/m�/s),inner_3,distribution,q01,MEASURED_REUSED,0.0,cache df074ea3382f5416
max. PAR (�mol/m�/s),inner_3,distribution,q99,MEASURED_REUSED,2132.566300000001,cache df074ea3382f5416
max. PAR (�mol/m�/s),inner_3,distribution,upper_tail_ratio,MEASURED_REUSED,4.202966911905582,cache df074ea3382f5416
max. PAR (�mol/m�/s),inner_3,distribution,lower_tail_ratio,MEASURED_REUSED,1.0,cache df074ea3382f5416
max. PAR (�mol/m�/s),inner_3,volatility,diff_std,MEASURED_REUSED,443.4666420040369,cache cc9fdf1494beced7
max. PAR (�mol/m�/s),inner_3,volatility,diff_std_over_std,MEASURED_REUSED,0.6743608971741711,cache cc9fdf1494beced7
max. PAR (�mol/m�/s),inner_3,volatility,rolling_std_cv,MEASURED_REUSED,0.6695497350414645,cache cc9fdf1494beced7
max. PAR (�mol/m�/s),inner_3,acf_selected,acf_lag_1,MEASURED_REUSED,0.7726158462488777,cache e0d7e5c900d78774
max. PAR (�mol/m�/s),inner_3,acf_selected,acf_lag_144,MEASURED_REUSED,0.5643466957649711,cache e0d7e5c900d78774
max. PAR (�mol/m�/s),inner_3,acf_selected,acf_lag_288,MEASURED_REUSED,0.527128720518804,cache e0d7e5c900d78774
max. PAR (�mol/m�/s),inner_3,acf_selected,acf_lag_1008,MEASURED_REUSED,0.5229211504230739,cache e0d7e5c900d78774
max. PAR (�mol/m�/s),inner_3,seasonality,seasonal_acf_daily_144,MEASURED_REUSED,0.5643466957649711,cache 780f590cee473390
max. PAR (�mol/m�/s),inner_3,seasonality,seasonal_diff_var_ratio_daily_144,MEASURED_REUSED,0.8688434461633711,cache 780f590cee473390
max. PAR (�mol/m�/s),inner_3,seasonality,seasonal_acf_weekly_1008,MEASURED_REUSED,0.5229211504230739,cache 780f590cee473390
max. PAR (�mol/m�/s),inner_3,seasonality,seasonal_diff_var_ratio_weekly_1008,MEASURED_REUSED,0.8996920797429097,cache 780f590cee473390
max. PAR (�mol/m�/s),inner_3,cost,seconds_quality,MEASURED_REUSED,0.0006010440000000029,process CPU seconds of the batch divided by its features
max. PAR (�mol/m�/s),inner_3,cost,seconds_distribution,MEASURED_REUSED,0.002169192333333337,process CPU seconds of the batch divided by its features
max. PAR (�mol/m�/s),inner_3,cost,seconds_volatility,MEASURED_REUSED,0.000439252476190477,process CPU seconds of the batch divided by its features
max. PAR (�mol/m�/s),inner_3,cost,seconds_acf_selected,MEASURED_REUSED,0.0002194778095238101,process CPU seconds of the batch divided by its features
max. PAR (�mol/m�/s),inner_3,cost,seconds_seasonality,MEASURED_REUSED,0.00042605457142856694,process CPU seconds of the batch divided by its features
max. PAR (�mol/m�/s),inner_3,stationarity,adf_c_aic_pvalue,NOT_RUN,,DEFERRED_TO_PS4
max. PAR (�mol/m�/s),inner_3,stationarity,kpss_c_auto_pvalue,NOT_RUN,,DEFERRED_TO_PS4
max. PAR (�mol/m�/s),inner_3,spectral,peak1_period_rows,NOT_RUN,,DEFERRED_TO_PS4
max. PAR (�mol/m�/s),inner_3,spectral,entropy_normalized,NOT_RUN,,DEFERRED_TO_PS4
max. PAR (�mol/m�/s),inner_3,stl,stl_seasonal_strength_primary,NOT_RUN,,DEFERRED_TO_PS4
Tlog (degC),inner_3,quality,missing_fraction,MEASURED_REUSED,0.0,cache 9bd15487cd966649
Tlog (degC),inner_3,quality,nonfinite_count,MEASURED_REUSED,0,cache 9bd15487cd966649
Tlog (degC),inner_3,quality,constant_flag,MEASURED_REUSED,False,cache 9bd15487cd966649
Tlog (degC),inner_3,quality,unique_ratio,MEASURED_REUSED,0.10675224310694872,cache 9bd15487cd966649
Tlog (degC),inner_3,quality,sentinel_le_m9999_count,MEASURED_REUSED,0,cache 9bd15487cd966649
Tlog (degC),inner_3,distribution,mean,MEASURED_REUSED,21.128353199292683,cache df074ea3382f5416
Tlog (degC),inner_3,distribution,std,MEASURED_REUSED,7.308099372511112,cache df074ea3382f5416
Tlog (degC),inner_3,distribution,median,MEASURED_REUSED,20.08,cache df074ea3382f5416
Tlog (degC),inner_3,distribution,iqr,MEASURED_REUSED,10.95,cache df074ea3382f5416
Tlog (degC),inner_3,distribution,mad,MEASURED_REUSED,5.329999999999998,cache df074ea3382f5416
Tlog (degC),inner_3,distribution,skewness,MEASURED_REUSED,0.4326639770866153,cache df074ea3382f5416
Tlog (degC),inner_3,distribution,excess_kurtosis,MEASURED_REUSED,-0.5983146066362894,cache df074ea3382f5416
Tlog (degC),inner_3,distribution,q01,MEASURED_REUSED,7.99,cache df074ea3382f5416
Tlog (degC),inner_3,distribution,q99,MEASURED_REUSED,37.85630000000001,cache df074ea3382f5416
Tlog (degC),inner_3,distribution,upper_tail_ratio,MEASURED_REUSED,3.0972447325769843,cache df074ea3382f5416
Tlog (degC),inner_3,distribution,lower_tail_ratio,MEASURED_REUSED,2.6234309623430976,cache df074ea3382f5416
Tlog (degC),inner_3,volatility,diff_std,MEASURED_REUSED,0.21786218456298267,cache cc9fdf1494beced7
Tlog (degC),inner_3,volatility,diff_std_over_std,MEASURED_REUSED,0.029811059409298065,cache cc9fdf1494beced7
Tlog (degC),inner_3,volatility,rolling_std_cv,MEASURED_REUSED,0.5039055354201623,cache cc9fdf1494beced7
Tlog (degC),inner_3,acf_selected,acf_lag_1,MEASURED_REUSED,0.9995226771110697,cache e0d7e5c900d78774
Tlog (degC),inner_3,acf_selected,acf_lag_144,MEASURED_REUSED,0.856591379406763,cache e0d7e5c900d78774
Tlog (degC),inner_3,acf_selected,acf_lag_288,MEASURED_REUSED,0.7828848631015697,cache e0d7e5c900d78774
Tlog (degC),inner_3,acf_selected,acf_lag_1008,MEASURED_REUSED,0.6941128017442825,cache e0d7e5c900d78774
Tlog (degC),inner_3,seasonality,seasonal_acf_daily_144,MEASURED_REUSED,0.856591379406763,cache 780f590cee473390
Tlog (degC),inner_3,seasonality,seasonal_diff_var_ratio_daily_144,MEASURED_REUSED,0.26684996884041995,cache 780f590cee473390
Tlog (degC),inner_3,seasonality,seasonal_acf_weekly_1008,MEASURED_REUSED,0.6941128017442825,cache 780f590cee473390
Tlog (degC),inner_3,seasonality,seasonal_diff_var_ratio_weekly_1008,MEASURED_REUSED,0.49838492173639964,cache 780f590cee473390
Tlog (degC),inner_3,cost,seconds_quality,MEASURED_REUSED,0.0006010440000000029,process CPU seconds of the batch divided by its features
Tlog (degC),inner_3,cost,seconds_distribution,MEASURED_REUSED,0.002169192333333337,process CPU seconds of the batch divided by its features
Tlog (degC),inner_3,cost,seconds_volatility,MEASURED_REUSED,0.000439252476190477,process CPU seconds of the batch divided by its features
Tlog (degC),inner_3,cost,seconds_acf_selected,MEASURED_REUSED,0.0002194778095238101,process CPU seconds of the batch divided by its features
Tlog (degC),inner_3,cost,seconds_seasonality,MEASURED_REUSED,0.00042605457142856694,process CPU seconds of the batch divided by its features
Tlog (degC),inner_3,stationarity,adf_c_aic_pvalue,NOT_RUN,,DEFERRED_TO_PS4
Tlog (degC),inner_3,stationarity,kpss_c_auto_pvalue,NOT_RUN,,DEFERRED_TO_PS4
Tlog (degC),inner_3,spectral,peak1_period_rows,NOT_RUN,,DEFERRED_TO_PS4
Tlog (degC),inner_3,spectral,entropy_normalized,NOT_RUN,,DEFERRED_TO_PS4
Tlog (degC),inner_3,stl,stl_seasonal_strength_primary,NOT_RUN,,DEFERRED_TO_PS4
OT,inner_3,quality,missing_fraction,MEASURED_REUSED,0.0,cache 9bd15487cd966649
OT,inner_3,quality,nonfinite_count,MEASURED_REUSED,0,cache 9bd15487cd966649
OT,inner_3,quality,constant_flag,MEASURED_REUSED,False,cache 9bd15487cd966649
OT,inner_3,quality,unique_ratio,MEASURED_REUSED,0.03196018075839937,cache 9bd15487cd966649
OT,inner_3,quality,sentinel_le_m9999_count,MEASURED_REUSED,34,cache 9bd15487cd966649
OT,inner_3,distribution,mean,MEASURED_REUSED,413.58706202108846,cache df074ea3382f5416
OT,inner_3,distribution,std,MEASURED_REUSED,348.02869748125397,cache df074ea3382f5416
OT,inner_3,distribution,median,MEASURED_REUSED,421.6,cache df074ea3382f5416
OT,inner_3,distribution,iqr,MEASURED_REUSED,16.875,cache df074ea3382f5416
OT,inner_3,distribution,mad,MEASURED_REUSED,8.200000000000045,cache df074ea3382f5416
OT,inner_3,distribution,skewness,MEASURED_REUSED,-29.81988962972234,cache df074ea3382f5416
OT,inner_3,distribution,excess_kurtosis,MEASURED_REUSED,889.3025267239652,cache df074ea3382f5416
OT,inner_3,distribution,q01,MEASURED_REUSED,400.1,cache df074ea3382f5416
OT,inner_3,distribution,q99,MEASURED_REUSED,476.1630000000001,cache df074ea3382f5416
OT,inner_3,distribution,upper_tail_ratio,MEASURED_REUSED,6.042722772277236,cache df074ea3382f5416
OT,inner_3,distribution,lower_tail_ratio,MEASURED_REUSED,3.306273062730616,cache df074ea3382f5416
OT,inner_3,volatility,diff_std,MEASURED_REUSED,84.43129221551179,cache cc9fdf1494beced7
OT,inner_3,volatility,diff_std_over_std,MEASURED_REUSED,0.24259865013016504,cache cc9fdf1494beced7
OT,inner_3,volatility,rolling_std_cv,MEASURED_REUSED,9.259441357337531,cache cc9fdf1494beced7
OT,inner_3,acf_selected,acf_lag_1,MEASURED_REUSED,0.9705738439894579,cache e0d7e5c900d78774
OT,inner_3,acf_selected,acf_lag_144,MEASURED_REUSED,0.001419168803107808,cache e0d7e5c900d78774
OT,inner_3,acf_selected,acf_lag_288,MEASURED_REUSED,0.001245458182729966,cache e0d7e5c900d78774
OT,inner_3,acf_selected,acf_lag_1008,MEASURED_REUSED,0.0003791416624516681,cache e0d7e5c900d78774
OT,inner_3,seasonality,seasonal_acf_daily_144,MEASURED_REUSED,0.001419168803107808,cache 780f590cee473390
OT,inner_3,seasonality,seasonal_diff_var_ratio_daily_144,MEASURED_REUSED,2.006596033248606,cache 780f590cee473390
OT,inner_3,seasonality,seasonal_acf_weekly_1008,MEASURED_REUSED,0.0003791416624516681,cache 780f590cee473390
OT,inner_3,seasonality,seasonal_diff_var_ratio_weekly_1008,MEASURED_REUSED,2.0672923319890115,cache 780f590cee473390
OT,inner_3,cost,seconds_quality,MEASURED_REUSED,0.0006010440000000029,process CPU seconds of the batch divided by its features
OT,inner_3,cost,seconds_distribution,MEASURED_REUSED,0.002169192333333337,process CPU seconds of the batch divided by its features
OT,inner_3,cost,seconds_volatility,MEASURED_REUSED,0.000439252476190477,process CPU seconds of the batch divided by its features
OT,inner_3,cost,seconds_acf_selected,MEASURED_REUSED,0.0002194778095238101,process CPU seconds of the batch divided by its features
OT,inner_3,cost,seconds_seasonality,MEASURED_REUSED,0.00042605457142856694,process CPU seconds of the batch divided by its features
OT,inner_3,stationarity,adf_c_aic_pvalue,NOT_RUN,,DEFERRED_TO_PS4
OT,inner_3,stationarity,kpss_c_auto_pvalue,NOT_RUN,,DEFERRED_TO_PS4
OT,inner_3,spectral,peak1_period_rows,NOT_RUN,,DEFERRED_TO_PS4
OT,inner_3,spectral,entropy_normalized,NOT_RUN,,DEFERRED_TO_PS4
OT,inner_3,stl,stl_seasonal_strength_primary,NOT_RUN,,DEFERRED_TO_PS4
