feature,fold,family,metric,status,value,reason
p (mbar),outer_train,quality,missing_fraction,MEASURED,0.0,
p (mbar),outer_train,quality,nonfinite_count,MEASURED,0,
p (mbar),outer_train,quality,constant_flag,MEASURED,False,
p (mbar),outer_train,quality,unique_ratio,MEASURED,0.1235936779895356,
p (mbar),outer_train,quality,sentinel_le_m9999_count,MEASURED,0,
p (mbar),outer_train,distribution,mean,MEASURED,990.6424618429257,
p (mbar),outer_train,distribution,std,MEASURED,8.630826824427933,
p (mbar),outer_train,distribution,median,MEASURED,991.09,
p (mbar),outer_train,distribution,iqr,MEASURED,10.594999999999914,
p (mbar),outer_train,distribution,mad,MEASURED,5.309999999999945,
p (mbar),outer_train,distribution,skewness,MEASURED,-0.18568800644305605,
p (mbar),outer_train,distribution,excess_kurtosis,MEASURED,0.6843368317059166,
p (mbar),outer_train,distribution,q01,MEASURED,967.4686,
p (mbar),outer_train,distribution,q99,MEASURED,1010.2714,
p (mbar),outer_train,distribution,upper_tail_ratio,MEASURED,4.988161616161671,
p (mbar),outer_train,distribution,lower_tail_ratio,MEASURED,4.471461470327738,
p (mbar),outer_train,volatility,diff_std,MEASURED,0.10226038399594213,
p (mbar),outer_train,volatility,diff_std_over_std,MEASURED,0.011848272022619354,
p (mbar),outer_train,volatility,rolling_std_cv,MEASURED,0.6986103081966634,
p (mbar),outer_train,acf_selected,acf_lag_1,MEASURED,0.9998567206610208,
p (mbar),outer_train,acf_selected,acf_lag_144,MEASURED,0.7372381251454667,
p (mbar),outer_train,acf_selected,acf_lag_288,MEASURED,0.5137257178357706,
p (mbar),outer_train,acf_selected,acf_lag_1008,MEASURED,0.10911637419017756,
p (mbar),outer_train,seasonality,seasonal_acf_daily_144,MEASURED,0.7372381251454667,
p (mbar),outer_train,seasonality,seasonal_diff_var_ratio_daily_144,MEASURED,0.5124112183529723,
p (mbar),outer_train,seasonality,seasonal_acf_weekly_1008,MEASURED,0.10911637419017756,
p (mbar),outer_train,seasonality,seasonal_diff_var_ratio_weekly_1008,MEASURED,1.7712138898778753,
p (mbar),outer_train,cost,seconds_quality,MEASURED,0.0007329943333333292,process CPU seconds of the batch divided by its features
p (mbar),outer_train,cost,seconds_distribution,MEASURED,0.002510697809523806,process CPU seconds of the batch divided by its features
p (mbar),outer_train,cost,seconds_volatility,MEASURED,0.0005089175238095278,process CPU seconds of the batch divided by its features
p (mbar),outer_train,cost,seconds_acf_selected,MEASURED,0.00027116947619048356,process CPU seconds of the batch divided by its features
p (mbar),outer_train,cost,seconds_seasonality,MEASURED,0.00044901695238094445,process CPU seconds of the batch divided by its features
p (mbar),outer_train,stationarity,adf_c_aic_pvalue,MEASURED_REUSED,6.820376622437894e-10,v2 full-TRAIN profile 47e8bed8e2219d78 (OK)
p (mbar),outer_train,stationarity,kpss_c_auto_pvalue,MEASURED_REUSED,0.010710409351218779,v2 full-TRAIN profile 47e8bed8e2219d78 (OK)
p (mbar),outer_train,spectral,peak1_period_rows,MEASURED_REUSED,9221.75,v2 full-TRAIN profile 47e8bed8e2219d78 (OK)
p (mbar),outer_train,spectral,entropy_normalized,MEASURED_REUSED,0.38893083616970187,v2 full-TRAIN profile 47e8bed8e2219d78 (OK)
p (mbar),outer_train,stl,stl_seasonal_strength_primary,MEASURED_REUSED,0.2361134698833003,v2 full-TRAIN profile 47e8bed8e2219d78 (OK)
T (degC),outer_train,quality,missing_fraction,MEASURED,0.0,
T (degC),outer_train,quality,nonfinite_count,MEASURED,0,
T (degC),outer_train,quality,constant_flag,MEASURED,False,
T (degC),outer_train,quality,unique_ratio,MEASURED,0.09873397131780844,
T (degC),outer_train,quality,sentinel_le_m9999_count,MEASURED,0,
T (degC),outer_train,distribution,mean,MEASURED,11.978743188657251,
T (degC),outer_train,distribution,std,MEASURED,7.718526811429625,
T (degC),outer_train,distribution,median,MEASURED,11.95,
T (degC),outer_train,distribution,iqr,MEASURED,12.400000000000002,
T (degC),outer_train,distribution,mad,MEASURED,6.240000000000002,
T (degC),outer_train,distribution,skewness,MEASURED,0.13182152991079527,
T (degC),outer_train,distribution,excess_kurtosis,MEASURED,-0.6739454911757115,
T (degC),outer_train,distribution,q01,MEASURED,-3.7741999999999996,
T (degC),outer_train,distribution,q99,MEASURED,29.05,
T (degC),outer_train,distribution,upper_tail_ratio,MEASURED,3.331474576271185,
T (degC),outer_train,distribution,lower_tail_ratio,MEASURED,2.5784615384615384,
T (degC),outer_train,volatility,diff_std,MEASURED,0.27182026659613023,
T (degC),outer_train,volatility,diff_std_over_std,MEASURED,0.03521659938961639,
T (degC),outer_train,volatility,rolling_std_cv,MEASURED,0.4974184084176807,
T (degC),outer_train,acf_selected,acf_lag_1,MEASURED,0.9993510057932362,
T (degC),outer_train,acf_selected,acf_lag_144,MEASURED,0.8774685542325728,
T (degC),outer_train,acf_selected,acf_lag_288,MEASURED,0.8006521583245588,
T (degC),outer_train,acf_selected,acf_lag_1008,MEASURED,0.7370268312732452,
T (degC),outer_train,seasonality,seasonal_acf_daily_144,MEASURED,0.8774685542325728,
T (degC),outer_train,seasonality,seasonal_diff_var_ratio_daily_144,MEASURED,0.23059539742446156,
T (degC),outer_train,seasonality,seasonal_acf_weekly_1008,MEASURED,0.7370268312732452,
T (degC),outer_train,seasonality,seasonal_diff_var_ratio_weekly_1008,MEASURED,0.46647413623635114,
T (degC),outer_train,cost,seconds_quality,MEASURED,0.0007329943333333292,process CPU seconds of the batch divided by its features
T (degC),outer_train,cost,seconds_distribution,MEASURED,0.002510697809523806,process CPU seconds of the batch divided by its features
T (degC),outer_train,cost,seconds_volatility,MEASURED,0.0005089175238095278,process CPU seconds of the batch divided by its features
T (degC),outer_train,cost,seconds_acf_selected,MEASURED,0.00027116947619048356,process CPU seconds of the batch divided by its features
T (degC),outer_train,cost,seconds_seasonality,MEASURED,0.00044901695238094445,process CPU seconds of the batch divided by its features
T (degC),outer_train,stationarity,adf_c_aic_pvalue,MEASURED_REUSED,3.527581182743667e-13,v2 full-TRAIN profile 47e8bed8e2219d78 (OK)
T (degC),outer_train,stationarity,kpss_c_auto_pvalue,MEASURED_REUSED,0.01,v2 full-TRAIN profile 47e8bed8e2219d78 (OK_WITH_WARNING)
T (degC),outer_train,spectral,peak1_period_rows,MEASURED_REUSED,144.08984375,v2 full-TRAIN profile 47e8bed8e2219d78 (OK)
T (degC),outer_train,spectral,entropy_normalized,MEASURED_REUSED,0.42348093719911933,v2 full-TRAIN profile 47e8bed8e2219d78 (OK)
T (degC),outer_train,stl,stl_seasonal_strength_primary,MEASURED_REUSED,0.8686318843108292,v2 full-TRAIN profile 47e8bed8e2219d78 (OK)
Tpot (K),outer_train,quality,missing_fraction,MEASURED,0.0,
Tpot (K),outer_train,quality,nonfinite_count,MEASURED,0,
Tpot (K),outer_train,quality,constant_flag,MEASURED,False,
Tpot (K),outer_train,quality,unique_ratio,MEASURED,0.10312576246374061,
Tpot (K),outer_train,quality,sentinel_le_m9999_count,MEASURED,0,
Tpot (K),outer_train,distribution,mean,MEASURED,285.9094998237861,
Tpot (K),outer_train,distribution,std,MEASURED,7.916783620791782,
Tpot (K),outer_train,distribution,median,MEASURED,286.02,
Tpot (K),outer_train,distribution,iqr,MEASURED,12.45999999999998,
Tpot (K),outer_train,distribution,mad,MEASURED,6.240000000000009,
Tpot (K),outer_train,distribution,skewness,MEASURED,0.0734534454236295,
Tpot (K),outer_train,distribution,excess_kurtosis,MEASURED,-0.622674912385099,
Tpot (K),outer_train,distribution,q01,MEASURED,269.06,
Tpot (K),outer_train,distribution,q99,MEASURED,303.2514,
Tpot (K),outer_train,distribution,upper_tail_ratio,MEASURED,3.3356047700170404,
Tpot (K),outer_train,distribution,lower_tail_ratio,MEASURED,2.7056145675265633,
Tpot (K),outer_train,volatility,diff_std,MEASURED,0.27433363014710493,
Tpot (K),outer_train,volatility,diff_std_over_std,MEASURED,0.034652157149606164,
Tpot (K),outer_train,volatility,rolling_std_cv,MEASURED,0.4950609263457797,
Tpot (K),outer_train,acf_selected,acf_lag_1,MEASURED,0.9993643970000056,
Tpot (K),outer_train,acf_selected,acf_lag_144,MEASURED,0.8690981130220748,
Tpot (K),outer_train,acf_selected,acf_lag_288,MEASURED,0.7858275325634761,
Tpot (K),outer_train,acf_selected,acf_lag_1008,MEASURED,0.7208159426596702,
Tpot (K),outer_train,seasonality,seasonal_acf_daily_144,MEASURED,0.8690981130220748,
Tpot (K),outer_train,seasonality,seasonal_diff_var_ratio_daily_144,MEASURED,0.2461716503797518,
Tpot (K),outer_train,seasonality,seasonal_acf_weekly_1008,MEASURED,0.7208159426596702,
Tpot (K),outer_train,seasonality,seasonal_diff_var_ratio_weekly_1008,MEASURED,0.4959872485646817,
Tpot (K),outer_train,cost,seconds_quality,MEASURED,0.0007329943333333292,process CPU seconds of the batch divided by its features
Tpot (K),outer_train,cost,seconds_distribution,MEASURED,0.002510697809523806,process CPU seconds of the batch divided by its features
Tpot (K),outer_train,cost,seconds_volatility,MEASURED,0.0005089175238095278,process CPU seconds of the batch divided by its features
Tpot (K),outer_train,cost,seconds_acf_selected,MEASURED,0.00027116947619048356,process CPU seconds of the batch divided by its features
Tpot (K),outer_train,cost,seconds_seasonality,MEASURED,0.00044901695238094445,process CPU seconds of the batch divided by its features
Tpot (K),outer_train,stationarity,adf_c_aic_pvalue,MEASURED_REUSED,4.887758899441344e-13,v2 full-TRAIN profile 47e8bed8e2219d78 (OK)
Tpot (K),outer_train,stationarity,kpss_c_auto_pvalue,MEASURED_REUSED,0.01,v2 full-TRAIN profile 47e8bed8e2219d78 (OK_WITH_WARNING)
Tpot (K),outer_train,spectral,peak1_period_rows,MEASURED_REUSED,144.08984375,v2 full-TRAIN profile 47e8bed8e2219d78 (OK)
Tpot (K),outer_train,spectral,entropy_normalized,MEASURED_REUSED,0.42664291272147625,v2 full-TRAIN profile 47e8bed8e2219d78 (OK)
Tpot (K),outer_train,stl,stl_seasonal_strength_primary,MEASURED_REUSED,0.8643355406291151,v2 full-TRAIN profile 47e8bed8e2219d78 (OK)
Tdew (degC),outer_train,quality,missing_fraction,MEASURED,0.0,
Tdew (degC),outer_train,quality,nonfinite_count,MEASURED,0,
Tdew (degC),outer_train,quality,constant_flag,MEASURED,False,
Tdew (degC),outer_train,quality,unique_ratio,MEASURED,0.08208854067828775,
Tdew (degC),outer_train,quality,sentinel_le_m9999_count,MEASURED,0,
Tdew (degC),outer_train,distribution,mean,MEASURED,5.474408599235503,
Tdew (degC),outer_train,distribution,std,MEASURED,6.46449340424515,
Tdew (degC),outer_train,distribution,median,MEASURED,5.23,
Tdew (degC),outer_train,distribution,iqr,MEASURED,10.2,
Tdew (degC),outer_train,distribution,mad,MEASURED,5.03,
Tdew (degC),outer_train,distribution,skewness,MEASURED,0.023711466407831137,
Tdew (degC),outer_train,distribution,excess_kurtosis,MEASURED,-0.6482181812525423,
Tdew (degC),outer_train,distribution,q01,MEASURED,-9.48,
Tdew (degC),outer_train,distribution,q99,MEASURED,18.58,
Tdew (degC),outer_train,distribution,upper_tail_ratio,MEASURED,2.571694599627561,
Tdew (degC),outer_train,distribution,lower_tail_ratio,MEASURED,3.2028985507246377,
Tdew (degC),outer_train,volatility,diff_std,MEASURED,0.22157863159996546,
Tdew (degC),outer_train,volatility,diff_std_over_std,MEASURED,0.03427625611845433,
Tdew (degC),outer_train,volatility,rolling_std_cv,MEASURED,0.5163031545708785,
Tdew (degC),outer_train,acf_selected,acf_lag_1,MEASURED,0.9993870429484863,
Tdew (degC),outer_train,acf_selected,acf_lag_144,MEASURED,0.8432245903490322,
Tdew (degC),outer_train,acf_selected,acf_lag_288,MEASURED,0.7522981082180503,
Tdew (degC),outer_train,acf_selected,acf_lag_1008,MEASURED,0.6830492495715313,
Tdew (degC),outer_train,seasonality,seasonal_acf_daily_144,MEASURED,0.8432245903490322,
Tdew (degC),outer_train,seasonality,seasonal_diff_var_ratio_daily_144,MEASURED,0.30507383165831325,
Tdew (degC),outer_train,seasonality,seasonal_acf_weekly_1008,MEASURED,0.6830492495715313,
Tdew (degC),outer_train,seasonality,seasonal_diff_var_ratio_weekly_1008,MEASURED,0.6046318785786131,
Tdew (degC),outer_train,cost,seconds_quality,MEASURED,0.0007329943333333292,process CPU seconds of the batch divided by its features
Tdew (degC),outer_train,cost,seconds_distribution,MEASURED,0.002510697809523806,process CPU seconds of the batch divided by its features
Tdew (degC),outer_train,cost,seconds_volatility,MEASURED,0.0005089175238095278,process CPU seconds of the batch divided by its features
Tdew (degC),outer_train,cost,seconds_acf_selected,MEASURED,0.00027116947619048356,process CPU seconds of the batch divided by its features
Tdew (degC),outer_train,cost,seconds_seasonality,MEASURED,0.00044901695238094445,process CPU seconds of the batch divided by its features
Tdew (degC),outer_train,stationarity,adf_c_aic_pvalue,MEASURED_REUSED,1.1169446942119778e-05,v2 full-TRAIN profile 47e8bed8e2219d78 (OK)
Tdew (degC),outer_train,stationarity,kpss_c_auto_pvalue,MEASURED_REUSED,0.01,v2 full-TRAIN profile 47e8bed8e2219d78 (OK_WITH_WARNING)
Tdew (degC),outer_train,spectral,peak1_period_rows,MEASURED_REUSED,18443.5,v2 full-TRAIN profile 47e8bed8e2219d78 (OK)
Tdew (degC),outer_train,spectral,entropy_normalized,MEASURED_REUSED,0.4223640513692379,v2 full-TRAIN profile 47e8bed8e2219d78 (OK)
Tdew (degC),outer_train,stl,stl_seasonal_strength_primary,MEASURED_REUSED,0.38987125573080683,v2 full-TRAIN profile 47e8bed8e2219d78 (OK)
rh (%),outer_train,quality,missing_fraction,MEASURED,0.0,
rh (%),outer_train,quality,nonfinite_count,MEASURED,0,
rh (%),outer_train,quality,constant_flag,MEASURED,False,
rh (%),outer_train,quality,unique_ratio,MEASURED,0.14568818282863882,
rh (%),outer_train,quality,sentinel_le_m9999_count,MEASURED,0,
rh (%),outer_train,distribution,mean,MEASURED,67.52999105375878,
rh (%),outer_train,distribution,std,MEASURED,18.75541355592492,
rh (%),outer_train,distribution,median,MEASURED,69.64,
rh (%),outer_train,distribution,iqr,MEASURED,30.009999999999998,
rh (%),outer_train,distribution,mad,MEASURED,14.659999999999997,
rh (%),outer_train,distribution,skewness,MEASURED,-0.25695796085998823,
rh (%),outer_train,distribution,excess_kurtosis,MEASURED,-0.9008081418520377,
rh (%),outer_train,distribution,q01,MEASURED,28.25,
rh (%),outer_train,distribution,q99,MEASURED,100.0,
rh (%),outer_train,distribution,upper_tail_ratio,MEASURED,2.3157894736842106,
rh (%),outer_train,distribution,lower_tail_ratio,MEASURED,2.5530000000000004,
rh (%),outer_train,volatility,diff_std,MEASURED,1.420449557960621,
rh (%),outer_train,volatility,diff_std_over_std,MEASURED,0.0757354431948473,
rh (%),outer_train,volatility,rolling_std_cv,MEASURED,0.43804903217158386,
rh (%),outer_train,acf_selected,acf_lag_1,MEASURED,0.9970869644389218,
rh (%),outer_train,acf_selected,acf_lag_144,MEASURED,0.6268174022274902,
rh (%),outer_train,acf_selected,acf_lag_288,MEASURED,0.5232026525691861,
rh (%),outer_train,acf_selected,acf_lag_1008,MEASURED,0.4527405873612998,
rh (%),outer_train,seasonality,seasonal_acf_daily_144,MEASURED,0.6268174022274902,
rh (%),outer_train,seasonality,seasonal_diff_var_ratio_daily_144,MEASURED,0.7397700375423729,
rh (%),outer_train,seasonality,seasonal_acf_weekly_1008,MEASURED,0.4527405873612998,
rh (%),outer_train,seasonality,seasonal_diff_var_ratio_weekly_1008,MEASURED,1.0684613092739705,
rh (%),outer_train,cost,seconds_quality,MEASURED,0.0007329943333333292,process CPU seconds of the batch divided by its features
rh (%),outer_train,cost,seconds_distribution,MEASURED,0.002510697809523806,process CPU seconds of the batch divided by its features
rh (%),outer_train,cost,seconds_volatility,MEASURED,0.0005089175238095278,process CPU seconds of the batch divided by its features
rh (%),outer_train,cost,seconds_acf_selected,MEASURED,0.00027116947619048356,process CPU seconds of the batch divided by its features
rh (%),outer_train,cost,seconds_seasonality,MEASURED,0.00044901695238094445,process CPU seconds of the batch divided by its features
rh (%),outer_train,stationarity,adf_c_aic_pvalue,MEASURED_REUSED,0.0,v2 full-TRAIN profile 47e8bed8e2219d78 (OK)
rh (%),outer_train,stationarity,kpss_c_auto_pvalue,MEASURED_REUSED,0.01,v2 full-TRAIN profile 47e8bed8e2219d78 (OK_WITH_WARNING)
rh (%),outer_train,spectral,peak1_period_rows,MEASURED_REUSED,144.08984375,v2 full-TRAIN profile 47e8bed8e2219d78 (OK)
rh (%),outer_train,spectral,entropy_normalized,MEASURED_REUSED,0.44221431556296903,v2 full-TRAIN profile 47e8bed8e2219d78 (OK)
rh (%),outer_train,stl,stl_seasonal_strength_primary,MEASURED_REUSED,0.802449479101434,v2 full-TRAIN profile 47e8bed8e2219d78 (OK)
VPmax (mbar),outer_train,quality,missing_fraction,MEASURED,0.0,
VPmax (mbar),outer_train,quality,nonfinite_count,MEASURED,0,
VPmax (mbar),outer_train,quality,constant_flag,MEASURED,False,
VPmax (mbar),outer_train,quality,unique_ratio,MEASURED,0.07951310759888308,
VPmax (mbar),outer_train,quality,sentinel_le_m9999_count,MEASURED,0,
VPmax (mbar),outer_train,distribution,mean,MEASURED,15.683926315504108,
VPmax (mbar),outer_train,distribution,std,MEASURED,8.109191426030598,
VPmax (mbar),outer_train,distribution,median,MEASURED,14.0,
VPmax (mbar),outer_train,distribution,iqr,MEASURED,11.47,
VPmax (mbar),outer_train,distribution,mad,MEASURED,5.43,
VPmax (mbar),outer_train,distribution,skewness,MEASURED,1.1054517347547876,
VPmax (mbar),outer_train,distribution,excess_kurtosis,MEASURED,1.456345802163745,
VPmax (mbar),outer_train,distribution,q01,MEASURED,4.618600000000001,
VPmax (mbar),outer_train,distribution,q99,MEASURED,40.23,
VPmax (mbar),outer_train,distribution,upper_tail_ratio,MEASURED,5.024907407407406,
VPmax (mbar),outer_train,distribution,lower_tail_ratio,MEASURED,1.9498997995991985,
VPmax (mbar),outer_train,volatility,diff_std,MEASURED,0.33477585230640095,
VPmax (mbar),outer_train,volatility,diff_std_over_std,MEASURED,0.041283505927824884,
VPmax (mbar),outer_train,volatility,rolling_std_cv,MEASURED,0.726923653562568,
VPmax (mbar),outer_train,acf_selected,acf_lag_1,MEASURED,0.9991294747885335,
VPmax (mbar),outer_train,acf_selected,acf_lag_144,MEASURED,0.8564504305797318,
VPmax (mbar),outer_train,acf_selected,acf_lag_288,MEASURED,0.7751655363994401,
VPmax (mbar),outer_train,acf_selected,acf_lag_1008,MEASURED,0.7253169320090299,
VPmax (mbar),outer_train,seasonality,seasonal_acf_daily_144,MEASURED,0.8564504305797318,
VPmax (mbar),outer_train,seasonality,seasonal_diff_var_ratio_daily_144,MEASURED,0.27657630017005735,
VPmax (mbar),outer_train,seasonality,seasonal_acf_weekly_1008,MEASURED,0.7253169320090299,
VPmax (mbar),outer_train,seasonality,seasonal_diff_var_ratio_weekly_1008,MEASURED,0.5076712526925992,
VPmax (mbar),outer_train,cost,seconds_quality,MEASURED,0.0007329943333333292,process CPU seconds of the batch divided by its features
VPmax (mbar),outer_train,cost,seconds_distribution,MEASURED,0.002510697809523806,process CPU seconds of the batch divided by its features
VPmax (mbar),outer_train,cost,seconds_volatility,MEASURED,0.0005089175238095278,process CPU seconds of the batch divided by its features
VPmax (mbar),outer_train,cost,seconds_acf_selected,MEASURED,0.00027116947619048356,process CPU seconds of the batch divided by its features
VPmax (mbar),outer_train,cost,seconds_seasonality,MEASURED,0.00044901695238094445,process CPU seconds of the batch divided by its features
VPmax (mbar),outer_train,stationarity,adf_c_aic_pvalue,MEASURED_REUSED,3.779888329020195e-16,v2 full-TRAIN profile 47e8bed8e2219d78 (OK)
VPmax (mbar),outer_train,stationarity,kpss_c_auto_pvalue,MEASURED_REUSED,0.01,v2 full-TRAIN profile 47e8bed8e2219d78 (OK_WITH_WARNING)
VPmax (mbar),outer_train,spectral,peak1_period_rows,MEASURED_REUSED,144.08984375,v2 full-TRAIN profile 47e8bed8e2219d78 (OK)
VPmax (mbar),outer_train,spectral,entropy_normalized,MEASURED_REUSED,0.42702369185944494,v2 full-TRAIN profile 47e8bed8e2219d78 (OK)
VPmax (mbar),outer_train,stl,stl_seasonal_strength_primary,MEASURED_REUSED,0.8637718416359311,v2 full-TRAIN profile 47e8bed8e2219d78 (OK)
VPact (mbar),outer_train,quality,missing_fraction,MEASURED,0.0,
VPact (mbar),outer_train,quality,nonfinite_count,MEASURED,0,
VPact (mbar),outer_train,quality,constant_flag,MEASURED,False,
VPact (mbar),outer_train,quality,unique_ratio,MEASURED,0.055819123268360124,
VPact (mbar),outer_train,quality,sentinel_le_m9999_count,MEASURED,0,
VPact (mbar),outer_train,distribution,mean,MEASURED,9.844447095182584,
VPact (mbar),outer_train,distribution,std,MEASURED,4.396244338273392,
VPact (mbar),outer_train,distribution,median,MEASURED,8.87,
VPact (mbar),outer_train,distribution,iqr,MEASURED,6.510000000000001,
VPact (mbar),outer_train,distribution,mad,MEASURED,2.91,
VPact (mbar),outer_train,distribution,skewness,MEASURED,0.7469409585907926,
VPact (mbar),outer_train,distribution,excess_kurtosis,MEASURED,-0.17839100445789535,
VPact (mbar),outer_train,distribution,q01,MEASURED,2.97,
VPact (mbar),outer_train,distribution,q99,MEASURED,21.44,
VPact (mbar),outer_train,distribution,upper_tail_ratio,MEASURED,3.3562340966921105,
VPact (mbar),outer_train,distribution,lower_tail_ratio,MEASURED,2.3527131782945743,
VPact (mbar),outer_train,volatility,diff_std,MEASURED,0.16790862233380888,
VPact (mbar),outer_train,volatility,diff_std_over_std,MEASURED,0.038193651083496045,
VPact (mbar),outer_train,volatility,rolling_std_cv,MEASURED,0.5958713259910459,
VPact (mbar),outer_train,acf_selected,acf_lag_1,MEASURED,0.9992493195395705,
VPact (mbar),outer_train,acf_selected,acf_lag_144,MEASURED,0.8383297376822452,
VPact (mbar),outer_train,acf_selected,acf_lag_288,MEASURED,0.753614823126375,
VPact (mbar),outer_train,acf_selected,acf_lag_1008,MEASURED,0.6828820850716543,
VPact (mbar),outer_train,seasonality,seasonal_acf_daily_144,MEASURED,0.8383297376822452,
VPact (mbar),outer_train,seasonality,seasonal_diff_var_ratio_daily_144,MEASURED,0.3169144973015103,
VPact (mbar),outer_train,seasonality,seasonal_acf_weekly_1008,MEASURED,0.6828820850716543,
VPact (mbar),outer_train,seasonality,seasonal_diff_var_ratio_weekly_1008,MEASURED,0.6128591836231304,
VPact (mbar),outer_train,cost,seconds_quality,MEASURED,0.0007329943333333292,process CPU seconds of the batch divided by its features
VPact (mbar),outer_train,cost,seconds_distribution,MEASURED,0.002510697809523806,process CPU seconds of the batch divided by its features
VPact (mbar),outer_train,cost,seconds_volatility,MEASURED,0.0005089175238095278,process CPU seconds of the batch divided by its features
VPact (mbar),outer_train,cost,seconds_acf_selected,MEASURED,0.00027116947619048356,process CPU seconds of the batch divided by its features
VPact (mbar),outer_train,cost,seconds_seasonality,MEASURED,0.00044901695238094445,process CPU seconds of the batch divided by its features
VPact (mbar),outer_train,stationarity,adf_c_aic_pvalue,MEASURED_REUSED,7.358262730860467e-06,v2 full-TRAIN profile 47e8bed8e2219d78 (OK)
VPact (mbar),outer_train,stationarity,kpss_c_auto_pvalue,MEASURED_REUSED,0.01,v2 full-TRAIN profile 47e8bed8e2219d78 (OK_WITH_WARNING)
VPact (mbar),outer_train,spectral,peak1_period_rows,MEASURED_REUSED,7377.400000000001,v2 full-TRAIN profile 47e8bed8e2219d78 (OK)
VPact (mbar),outer_train,spectral,entropy_normalized,MEASURED_REUSED,0.42965765411351636,v2 full-TRAIN profile 47e8bed8e2219d78 (OK)
VPact (mbar),outer_train,stl,stl_seasonal_strength_primary,MEASURED_REUSED,0.3746623645450279,v2 full-TRAIN profile 47e8bed8e2219d78 (OK)
VPdef (mbar),outer_train,quality,missing_fraction,MEASURED,0.0,
VPdef (mbar),outer_train,quality,nonfinite_count,MEASURED,0,
VPdef (mbar),outer_train,quality,constant_flag,MEASURED,False,
VPdef (mbar),outer_train,quality,unique_ratio,MEASURED,0.07460622983706997,
VPdef (mbar),outer_train,quality,sentinel_le_m9999_count,MEASURED,0,
VPdef (mbar),outer_train,distribution,mean,MEASURED,5.839411445766801,
VPdef (mbar),outer_train,distribution,std,MEASURED,5.902796970789587,
VPdef (mbar),outer_train,distribution,median,MEASURED,3.6,
VPdef (mbar),outer_train,distribution,iqr,MEASURED,6.51,
VPdef (mbar),outer_train,distribution,mad,MEASURED,2.41,
VPdef (mbar),outer_train,distribution,skewness,MEASURED,1.8584585637700584,
VPdef (mbar),outer_train,distribution,excess_kurtosis,MEASURED,4.360778522094035,
VPdef (mbar),outer_train,distribution,q01,MEASURED,0.0,
VPdef (mbar),outer_train,distribution,q99,MEASURED,26.24419999999998,
VPdef (mbar),outer_train,distribution,upper_tail_ratio,MEASURED,6.014430107526879,
VPdef (mbar),outer_train,distribution,lower_tail_ratio,MEASURED,1.9354838709677418,
VPdef (mbar),outer_train,volatility,diff_std,MEASURED,0.3900219350628297,
VPdef (mbar),outer_train,volatility,diff_std_over_std,MEASURED,0.06607408945164152,
VPdef (mbar),outer_train,volatility,rolling_std_cv,MEASURED,0.7824835829224811,
VPdef (mbar),outer_train,acf_selected,acf_lag_1,MEASURED,0.9977965866571491,
VPdef (mbar),outer_train,acf_selected,acf_lag_144,MEASURED,0.6985111388411929,
VPdef (mbar),outer_train,acf_selected,acf_lag_288,MEASURED,0.6036892374237961,
VPdef (mbar),outer_train,acf_selected,acf_lag_1008,MEASURED,0.5464499823808971,
VPdef (mbar),outer_train,seasonality,seasonal_acf_daily_144,MEASURED,0.6985111388411929,
VPdef (mbar),outer_train,seasonality,seasonal_diff_var_ratio_daily_144,MEASURED,0.5956120887042116,
VPdef (mbar),outer_train,seasonality,seasonal_acf_weekly_1008,MEASURED,0.5464499823808971,
VPdef (mbar),outer_train,seasonality,seasonal_diff_var_ratio_weekly_1008,MEASURED,0.8806147780815333,
VPdef (mbar),outer_train,cost,seconds_quality,MEASURED,0.0007329943333333292,process CPU seconds of the batch divided by its features
VPdef (mbar),outer_train,cost,seconds_distribution,MEASURED,0.002510697809523806,process CPU seconds of the batch divided by its features
VPdef (mbar),outer_train,cost,seconds_volatility,MEASURED,0.0005089175238095278,process CPU seconds of the batch divided by its features
VPdef (mbar),outer_train,cost,seconds_acf_selected,MEASURED,0.00027116947619048356,process CPU seconds of the batch divided by its features
VPdef (mbar),outer_train,cost,seconds_seasonality,MEASURED,0.00044901695238094445,process CPU seconds of the batch divided by its features
VPdef (mbar),outer_train,stationarity,adf_c_aic_pvalue,MEASURED_REUSED,8.244969647140797e-30,v2 full-TRAIN profile 47e8bed8e2219d78 (OK)
VPdef (mbar),outer_train,stationarity,kpss_c_auto_pvalue,MEASURED_REUSED,0.01,v2 full-TRAIN profile 47e8bed8e2219d78 (OK_WITH_WARNING)
VPdef (mbar),outer_train,spectral,peak1_period_rows,MEASURED_REUSED,144.08984375,v2 full-TRAIN profile 47e8bed8e2219d78 (OK)
VPdef (mbar),outer_train,spectral,entropy_normalized,MEASURED_REUSED,0.4392856440197641,v2 full-TRAIN profile 47e8bed8e2219d78 (OK)
VPdef (mbar),outer_train,stl,stl_seasonal_strength_primary,MEASURED_REUSED,0.8331123676242778,v2 full-TRAIN profile 47e8bed8e2219d78 (OK)
sh (g/kg),outer_train,quality,missing_fraction,MEASURED,0.0,
sh (g/kg),outer_train,quality,nonfinite_count,MEASURED,0,
sh (g/kg),outer_train,quality,constant_flag,MEASURED,False,
sh (g/kg),outer_train,quality,unique_ratio,MEASURED,0.03624583186488465,
sh (g/kg),outer_train,quality,sentinel_le_m9999_count,MEASURED,0,
sh (g/kg),outer_train,distribution,mean,MEASURED,6.215718545829153,
sh (g/kg),outer_train,distribution,std,MEASURED,2.799919287465088,
sh (g/kg),outer_train,distribution,median,MEASURED,5.6,
sh (g/kg),outer_train,distribution,iqr,MEASURED,4.13,
sh (g/kg),outer_train,distribution,mad,MEASURED,1.8499999999999996,
sh (g/kg),outer_train,distribution,skewness,MEASURED,0.7540207154389207,
sh (g/kg),outer_train,distribution,excess_kurtosis,MEASURED,-0.1638578807631883,
sh (g/kg),outer_train,distribution,q01,MEASURED,1.8486000000000002,
sh (g/kg),outer_train,distribution,q99,MEASURED,13.61,
sh (g/kg),outer_train,distribution,upper_tail_ratio,MEASURED,3.391129032258064,
sh (g/kg),outer_train,distribution,lower_tail_ratio,MEASURED,2.345454545454546,
sh (g/kg),outer_train,volatility,diff_std,MEASURED,0.10674299353453781,
sh (g/kg),outer_train,volatility,diff_std_over_std,MEASURED,0.038123596638093726,
sh (g/kg),outer_train,volatility,rolling_std_cv,MEASURED,0.5974655148772188,
sh (g/kg),outer_train,acf_selected,acf_lag_1,MEASURED,0.9992521432227076,
sh (g/kg),outer_train,acf_selected,acf_lag_144,MEASURED,0.8371207660365912,
sh (g/kg),outer_train,acf_selected,acf_lag_288,MEASURED,0.7506588431026674,
sh (g/kg),outer_train,acf_selected,acf_lag_1008,MEASURED,0.6799905803059338,
sh (g/kg),outer_train,seasonality,seasonal_acf_daily_144,MEASURED,0.8371207660365912,
sh (g/kg),outer_train,seasonality,seasonal_diff_var_ratio_daily_144,MEASURED,0.31936670643425386,
sh (g/kg),outer_train,seasonality,seasonal_acf_weekly_1008,MEASURED,0.6799905803059338,
sh (g/kg),outer_train,seasonality,seasonal_diff_var_ratio_weekly_1008,MEASURED,0.6188653420256697,
sh (g/kg),outer_train,cost,seconds_quality,MEASURED,0.0007329943333333292,process CPU seconds of the batch divided by its features
sh (g/kg),outer_train,cost,seconds_distribution,MEASURED,0.002510697809523806,process CPU seconds of the batch divided by its features
sh (g/kg),outer_train,cost,seconds_volatility,MEASURED,0.0005089175238095278,process CPU seconds of the batch divided by its features
sh (g/kg),outer_train,cost,seconds_acf_selected,MEASURED,0.00027116947619048356,process CPU seconds of the batch divided by its features
sh (g/kg),outer_train,cost,seconds_seasonality,MEASURED,0.00044901695238094445,process CPU seconds of the batch divided by its features
sh (g/kg),outer_train,stationarity,adf_c_aic_pvalue,MEASURED_REUSED,7.373294623215614e-06,v2 full-TRAIN profile 47e8bed8e2219d78 (OK)
sh (g/kg),outer_train,stationarity,kpss_c_auto_pvalue,MEASURED_REUSED,0.01,v2 full-TRAIN profile 47e8bed8e2219d78 (OK_WITH_WARNING)
sh (g/kg),outer_train,spectral,peak1_period_rows,MEASURED_REUSED,7377.400000000001,v2 full-TRAIN profile 47e8bed8e2219d78 (OK)
sh (g/kg),outer_train,spectral,entropy_normalized,MEASURED_REUSED,0.42919026480119915,v2 full-TRAIN profile 47e8bed8e2219d78 (OK)
sh (g/kg),outer_train,stl,stl_seasonal_strength_primary,MEASURED_REUSED,0.37204544540450357,v2 full-TRAIN profile 47e8bed8e2219d78 (OK)
H2OC (mmol/mol),outer_train,quality,missing_fraction,MEASURED,0.0,
H2OC (mmol/mol),outer_train,quality,nonfinite_count,MEASURED,0,
H2OC (mmol/mol),outer_train,quality,constant_flag,MEASURED,False,
H2OC (mmol/mol),outer_train,quality,unique_ratio,MEASURED,0.056578198281237294,
H2OC (mmol/mol),outer_train,quality,sentinel_le_m9999_count,MEASURED,0,
H2OC (mmol/mol),outer_train,distribution,mean,MEASURED,9.94795076856345,
H2OC (mmol/mol),outer_train,distribution,std,MEASURED,4.461996124241623,
H2OC (mmol/mol),outer_train,distribution,median,MEASURED,8.98,
H2OC (mmol/mol),outer_train,distribution,iqr,MEASURED,6.6,
H2OC (mmol/mol),outer_train,distribution,mad,MEASURED,2.960000000000001,
H2OC (mmol/mol),outer_train,distribution,skewness,MEASURED,0.7476299860083261,
H2OC (mmol/mol),outer_train,distribution,excess_kurtosis,MEASURED,-0.1768679279208749,
H2OC (mmol/mol),outer_train,distribution,q01,MEASURED,2.96,
H2OC (mmol/mol),outer_train,distribution,q99,MEASURED,21.7,
H2OC (mmol/mol),outer_train,distribution,upper_tail_ratio,MEASURED,3.379746835443038,
H2OC (mmol/mol),outer_train,distribution,lower_tail_ratio,MEASURED,2.339622641509434,
H2OC (mmol/mol),outer_train,volatility,diff_std,MEASURED,0.16965388636371767,
H2OC (mmol/mol),outer_train,volatility,diff_std_over_std,MEASURED,0.038021970804054124,
H2OC (mmol/mol),outer_train,volatility,rolling_std_cv,MEASURED,0.5957037617207522,
H2OC (mmol/mol),outer_train,acf_selected,acf_lag_1,MEASURED,0.9992559567468275,
H2OC (mmol/mol),outer_train,acf_selected,acf_lag_144,MEASURED,0.8373071951628406,
H2OC (mmol/mol),outer_train,acf_selected,acf_lag_288,MEASURED,0.7508768825655724,
H2OC (mmol/mol),outer_train,acf_selected,acf_lag_1008,MEASURED,0.6803766903268916,
H2OC (mmol/mol),outer_train,seasonality,seasonal_acf_daily_144,MEASURED,0.8373071951628406,
H2OC (mmol/mol),outer_train,seasonality,seasonal_diff_var_ratio_daily_144,MEASURED,0.31896573715956833,
H2OC (mmol/mol),outer_train,seasonality,seasonal_acf_weekly_1008,MEASURED,0.6803766903268916,
H2OC (mmol/mol),outer_train,seasonality,seasonal_diff_var_ratio_weekly_1008,MEASURED,0.6179712497673591,
H2OC (mmol/mol),outer_train,cost,seconds_quality,MEASURED,0.0007329943333333292,process CPU seconds of the batch divided by its features
H2OC (mmol/mol),outer_train,cost,seconds_distribution,MEASURED,0.002510697809523806,process CPU seconds of the batch divided by its features
H2OC (mmol/mol),outer_train,cost,seconds_volatility,MEASURED,0.0005089175238095278,process CPU seconds of the batch divided by its features
H2OC (mmol/mol),outer_train,cost,seconds_acf_selected,MEASURED,0.00027116947619048356,process CPU seconds of the batch divided by its features
H2OC (mmol/mol),outer_train,cost,seconds_seasonality,MEASURED,0.00044901695238094445,process CPU seconds of the batch divided by its features
H2OC (mmol/mol),outer_train,stationarity,adf_c_aic_pvalue,MEASURED_REUSED,7.5445229541998434e-06,v2 full-TRAIN profile 47e8bed8e2219d78 (OK)
H2OC (mmol/mol),outer_train,stationarity,kpss_c_auto_pvalue,MEASURED_REUSED,0.01,v2 full-TRAIN profile 47e8bed8e2219d78 (OK_WITH_WARNING)
H2OC (mmol/mol),outer_train,spectral,peak1_period_rows,MEASURED_REUSED,7377.400000000001,v2 full-TRAIN profile 47e8bed8e2219d78 (OK)
H2OC (mmol/mol),outer_train,spectral,entropy_normalized,MEASURED_REUSED,0.4291285193473409,v2 full-TRAIN profile 47e8bed8e2219d78 (OK)
H2OC (mmol/mol),outer_train,stl,stl_seasonal_strength_primary,MEASURED_REUSED,0.3722470411675559,v2 full-TRAIN profile 47e8bed8e2219d78 (OK)
rho (g/m**3),outer_train,quality,missing_fraction,MEASURED,0.0,
rho (g/m**3),outer_train,quality,nonfinite_count,MEASURED,0,
rho (g/m**3),outer_train,quality,constant_flag,MEASURED,False,
rho (g/m**3),outer_train,quality,unique_ratio,MEASURED,0.3759861197711931,
rho (g/m**3),outer_train,quality,sentinel_le_m9999_count,MEASURED,0,
rho (g/m**3),outer_train,distribution,mean,MEASURED,1206.7523290047984,
rho (g/m**3),outer_train,distribution,std,MEASURED,38.06867601616858,
rho (g/m**3),outer_train,distribution,median,MEASURED,1203.71,
rho (g/m**3),outer_train,distribution,iqr,MEASURED,56.539999999999964,
rho (g/m**3),outer_train,distribution,mad,MEASURED,28.049999999999955,
rho (g/m**3),outer_train,distribution,skewness,MEASURED,0.2366917441219121,
rho (g/m**3),outer_train,distribution,excess_kurtosis,MEASURED,-0.49096014197738214,
rho (g/m**3),outer_train,distribution,q01,MEASURED,1130.4702,
rho (g/m**3),outer_train,distribution,q99,MEASURED,1295.8214,
rho (g/m**3),outer_train,distribution,upper_tail_ratio,MEASURED,3.274471517945352,
rho (g/m**3),outer_train,distribution,lower_tail_ratio,MEASURED,3.050982040504386,
rho (g/m**3),outer_train,volatility,diff_std,MEASURED,1.1650801436204423,
rho (g/m**3),outer_train,volatility,diff_std_over_std,MEASURED,0.030604693032287435,
rho (g/m**3),outer_train,volatility,rolling_std_cv,MEASURED,0.4736003399345189,
rho (g/m**3),outer_train,acf_selected,acf_lag_1,MEASURED,0.9994799616002772,
rho (g/m**3),outer_train,acf_selected,acf_lag_144,MEASURED,0.8505178948896654,
rho (g/m**3),outer_train,acf_selected,acf_lag_288,MEASURED,0.7447175626411624,
rho (g/m**3),outer_train,acf_selected,acf_lag_1008,MEASURED,0.6534146104248427,
rho (g/m**3),outer_train,seasonality,seasonal_acf_daily_144,MEASURED,0.8505178948896654,
rho (g/m**3),outer_train,seasonality,seasonal_diff_var_ratio_daily_144,MEASURED,0.28029994794510205,
rho (g/m**3),outer_train,seasonality,seasonal_acf_weekly_1008,MEASURED,0.6534146104248427,
rho (g/m**3),outer_train,seasonality,seasonal_diff_var_ratio_weekly_1008,MEASURED,0.6258260496144543,
rho (g/m**3),outer_train,cost,seconds_quality,MEASURED,0.0007329943333333292,process CPU seconds of the batch divided by its features
rho (g/m**3),outer_train,cost,seconds_distribution,MEASURED,0.002510697809523806,process CPU seconds of the batch divided by its features
rho (g/m**3),outer_train,cost,seconds_volatility,MEASURED,0.0005089175238095278,process CPU seconds of the batch divided by its features
rho (g/m**3),outer_train,cost,seconds_acf_selected,MEASURED,0.00027116947619048356,process CPU seconds of the batch divided by its features
rho (g/m**3),outer_train,cost,seconds_seasonality,MEASURED,0.00044901695238094445,process CPU seconds of the batch divided by its features
rho (g/m**3),outer_train,stationarity,adf_c_aic_pvalue,MEASURED_REUSED,2.5913608721279538e-11,v2 full-TRAIN profile 47e8bed8e2219d78 (OK)
rho (g/m**3),outer_train,stationarity,kpss_c_auto_pvalue,MEASURED_REUSED,0.01,v2 full-TRAIN profile 47e8bed8e2219d78 (OK_WITH_WARNING)
rho (g/m**3),outer_train,spectral,peak1_period_rows,MEASURED_REUSED,144.08984375,v2 full-TRAIN profile 47e8bed8e2219d78 (OK)
rho (g/m**3),outer_train,spectral,entropy_normalized,MEASURED_REUSED,0.4307447356300229,v2 full-TRAIN profile 47e8bed8e2219d78 (OK)
rho (g/m**3),outer_train,stl,stl_seasonal_strength_primary,MEASURED_REUSED,0.8463288212580369,v2 full-TRAIN profile 47e8bed8e2219d78 (OK)
wv (m/s),outer_train,quality,missing_fraction,MEASURED,0.0,
wv (m/s),outer_train,quality,nonfinite_count,MEASURED,0,
wv (m/s),outer_train,quality,constant_flag,MEASURED,False,
wv (m/s),outer_train,quality,unique_ratio,MEASURED,0.026106758478596795,
wv (m/s),outer_train,quality,sentinel_le_m9999_count,MEASURED,1,
wv (m/s),outer_train,distribution,mean,MEASURED,1.9474169761704665,
wv (m/s),outer_train,distribution,std,MEASURED,52.100119575446094,
wv (m/s),outer_train,distribution,median,MEASURED,1.77,
wv (m/s),outer_train,distribution,iqr,MEASURED,1.9800000000000002,
wv (m/s),outer_train,distribution,mad,MEASURED,0.91,
wv (m/s),outer_train,distribution,skewness,MEASURED,-191.76489682966815,
wv (m/s),outer_train,distribution,excess_kurtosis,MEASURED,36811.48879508557,
wv (m/s),outer_train,distribution,q01,MEASURED,0.25,
wv (m/s),outer_train,distribution,q99,MEASURED,7.56,
wv (m/s),outer_train,distribution,upper_tail_ratio,MEASURED,5.505916666666659,
wv (m/s),outer_train,distribution,lower_tail_ratio,MEASURED,2.007307692307692,
wv (m/s),outer_train,volatility,diff_std,MEASURED,73.64948844061192,
wv (m/s),outer_train,volatility,diff_std_over_std,MEASURED,1.413614575950449,
wv (m/s),outer_train,volatility,rolling_std_cv,MEASURED,11.766332048207095,
wv (m/s),outer_train,acf_selected,acf_lag_1,MEASURED,0.0008739877312349735,
wv (m/s),outer_train,acf_selected,acf_lag_144,MEASURED,-2.579196291480648e-05,
wv (m/s),outer_train,acf_selected,acf_lag_288,MEASURED,-0.00015815842432541252,
wv (m/s),outer_train,acf_selected,acf_lag_1008,MEASURED,-1.0003603584885933e-05,
wv (m/s),outer_train,seasonality,seasonal_acf_daily_144,MEASURED,-2.579196291480648e-05,
wv (m/s),outer_train,seasonality,seasonal_diff_var_ratio_daily_144,MEASURED,2.007886411118874,
wv (m/s),outer_train,seasonality,seasonal_acf_weekly_1008,MEASURED,-1.0003603584885933e-05,
wv (m/s),outer_train,seasonality,seasonal_diff_var_ratio_weekly_1008,MEASURED,2.0561789515108204,
wv (m/s),outer_train,cost,seconds_quality,MEASURED,0.0007329943333333292,process CPU seconds of the batch divided by its features
wv (m/s),outer_train,cost,seconds_distribution,MEASURED,0.002510697809523806,process CPU seconds of the batch divided by its features
wv (m/s),outer_train,cost,seconds_volatility,MEASURED,0.0005089175238095278,process CPU seconds of the batch divided by its features
wv (m/s),outer_train,cost,seconds_acf_selected,MEASURED,0.00027116947619048356,process CPU seconds of the batch divided by its features
wv (m/s),outer_train,cost,seconds_seasonality,MEASURED,0.00044901695238094445,process CPU seconds of the batch divided by its features
wv (m/s),outer_train,stationarity,adf_c_aic_pvalue,MEASURED_REUSED,0.0,v2 full-TRAIN profile 47e8bed8e2219d78 (OK)
wv (m/s),outer_train,stationarity,kpss_c_auto_pvalue,MEASURED_REUSED,0.1,v2 full-TRAIN profile 47e8bed8e2219d78 (OK_WITH_WARNING)
wv (m/s),outer_train,spectral,peak1_period_rows,MEASURED_REUSED,143.52918287937743,v2 full-TRAIN profile 47e8bed8e2219d78 (OK)
wv (m/s),outer_train,spectral,entropy_normalized,MEASURED_REUSED,0.9998955460284432,v2 full-TRAIN profile 47e8bed8e2219d78 (OK)
wv (m/s),outer_train,stl,stl_seasonal_strength_primary,MEASURED_REUSED,0.34078312456993454,v2 full-TRAIN profile 47e8bed8e2219d78 (OK)
max. wv (m/s),outer_train,quality,missing_fraction,MEASURED,0.0,
max. wv (m/s),outer_train,quality,nonfinite_count,MEASURED,0,
max. wv (m/s),outer_train,quality,constant_flag,MEASURED,False,
max. wv (m/s),outer_train,quality,unique_ratio,MEASURED,0.036028953289776885,
max. wv (m/s),outer_train,quality,sentinel_le_m9999_count,MEASURED,0,
max. wv (m/s),outer_train,distribution,mean,MEASURED,3.7608498929162035,
max. wv (m/s),outer_train,distribution,std,MEASURED,2.5960219989324016,
max. wv (m/s),outer_train,distribution,median,MEASURED,3.09,
max. wv (m/s),outer_train,distribution,iqr,MEASURED,3.36,
max. wv (m/s),outer_train,distribution,mad,MEASURED,1.5299999999999998,
max. wv (m/s),outer_train,distribution,skewness,MEASURED,1.3241546082440576,
max. wv (m/s),outer_train,distribution,excess_kurtosis,MEASURED,2.289559094155017,
max. wv (m/s),outer_train,distribution,q01,MEASURED,0.53,
max. wv (m/s),outer_train,distribution,q99,MEASURED,11.781399999999994,
max. wv (m/s),outer_train,distribution,upper_tail_ratio,MEASURED,5.030098039215684,
max. wv (m/s),outer_train,distribution,lower_tail_ratio,MEASURED,1.9924242424242427,
max. wv (m/s),outer_train,volatility,diff_std,MEASURED,0.9906242965067078,
max. wv (m/s),outer_train,volatility,diff_std_over_std,MEASURED,0.38159318253624047,
max. wv (m/s),outer_train,volatility,rolling_std_cv,MEASURED,0.38739731653253895,
max. wv (m/s),outer_train,acf_selected,acf_lag_1,MEASURED,0.9271690946577221,
max. wv (m/s),outer_train,acf_selected,acf_lag_144,MEASURED,0.4718131741652316,
max. wv (m/s),outer_train,acf_selected,acf_lag_288,MEASURED,0.379306926712706,
max. wv (m/s),outer_train,acf_selected,acf_lag_1008,MEASURED,0.30670070000205435,
max. wv (m/s),outer_train,seasonality,seasonal_acf_daily_144,MEASURED,0.4718131741652316,
max. wv (m/s),outer_train,seasonality,seasonal_diff_var_ratio_daily_144,MEASURED,1.0550518755154465,
max. wv (m/s),outer_train,seasonality,seasonal_acf_weekly_1008,MEASURED,0.30670070000205435,
max. wv (m/s),outer_train,seasonality,seasonal_diff_var_ratio_weekly_1008,MEASURED,1.3900592763711705,
max. wv (m/s),outer_train,cost,seconds_quality,MEASURED,0.0007329943333333292,process CPU seconds of the batch divided by its features
max. wv (m/s),outer_train,cost,seconds_distribution,MEASURED,0.002510697809523806,process CPU seconds of the batch divided by its features
max. wv (m/s),outer_train,cost,seconds_volatility,MEASURED,0.0005089175238095278,process CPU seconds of the batch divided by its features
max. wv (m/s),outer_train,cost,seconds_acf_selected,MEASURED,0.00027116947619048356,process CPU seconds of the batch divided by its features
max. wv (m/s),outer_train,cost,seconds_seasonality,MEASURED,0.00044901695238094445,process CPU seconds of the batch divided by its features
max. wv (m/s),outer_train,stationarity,adf_c_aic_pvalue,MEASURED_REUSED,0.0,v2 full-TRAIN profile 47e8bed8e2219d78 (OK)
max. wv (m/s),outer_train,stationarity,kpss_c_auto_pvalue,MEASURED_REUSED,0.01,v2 full-TRAIN profile 47e8bed8e2219d78 (OK_WITH_WARNING)
max. wv (m/s),outer_train,spectral,peak1_period_rows,MEASURED_REUSED,144.08984375,v2 full-TRAIN profile 47e8bed8e2219d78 (OK)
max. wv (m/s),outer_train,spectral,entropy_normalized,MEASURED_REUSED,0.5976608518651254,v2 full-TRAIN profile 47e8bed8e2219d78 (OK)
max. wv (m/s),outer_train,stl,stl_seasonal_strength_primary,MEASURED_REUSED,0.6153841736299315,v2 full-TRAIN profile 47e8bed8e2219d78 (OK)
wd (deg),outer_train,quality,missing_fraction,MEASURED,0.0,
wd (deg),outer_train,quality,nonfinite_count,MEASURED,0,
wd (deg),outer_train,quality,constant_flag,MEASURED,False,
wd (deg),outer_train,quality,unique_ratio,MEASURED,0.20302545612275327,
wd (deg),outer_train,quality,sentinel_le_m9999_count,MEASURED,0,
wd (deg),outer_train,distribution,mean,MEASURED,175.98528397538428,
wd (deg),outer_train,distribution,std,MEASURED,86.96521113049609,
wd (deg),outer_train,distribution,median,MEASURED,199.1,
wd (deg),outer_train,distribution,iqr,MEASURED,118.35,
wd (deg),outer_train,distribution,mad,MEASURED,47.5,
wd (deg),outer_train,distribution,skewness,MEASURED,-0.4250269989383446,
wd (deg),outer_train,distribution,excess_kurtosis,MEASURED,-0.6582627248029915,
wd (deg),outer_train,distribution,q01,MEASURED,6.078600000000001,
wd (deg),outer_train,distribution,q99,MEASURED,351.8,
wd (deg),outer_train,distribution,upper_tail_ratio,MEASURED,4.3434903047091415,
wd (deg),outer_train,distribution,lower_tail_ratio,MEASURED,2.382995744680851,
wd (deg),outer_train,volatility,diff_std,MEASURED,69.79799704479164,
wd (deg),outer_train,volatility,diff_std_over_std,MEASURED,0.8025967641250926,
wd (deg),outer_train,volatility,rolling_std_cv,MEASURED,0.5304564902560119,
wd (deg),outer_train,acf_selected,acf_lag_1,MEASURED,0.6779208808471915,
wd (deg),outer_train,acf_selected,acf_lag_144,MEASURED,0.21716187453331276,
wd (deg),outer_train,acf_selected,acf_lag_288,MEASURED,0.1515688090835103,
wd (deg),outer_train,acf_selected,acf_lag_1008,MEASURED,0.0402114839073362,
wd (deg),outer_train,seasonality,seasonal_acf_daily_144,MEASURED,0.21716187453331276,
wd (deg),outer_train,seasonality,seasonal_diff_var_ratio_daily_144,MEASURED,1.5673571059985743,
wd (deg),outer_train,seasonality,seasonal_acf_weekly_1008,MEASURED,0.0402114839073362,
wd (deg),outer_train,seasonality,seasonal_diff_var_ratio_weekly_1008,MEASURED,1.9351195432926078,
wd (deg),outer_train,cost,seconds_quality,MEASURED,0.0007329943333333292,process CPU seconds of the batch divided by its features
wd (deg),outer_train,cost,seconds_distribution,MEASURED,0.002510697809523806,process CPU seconds of the batch divided by its features
wd (deg),outer_train,cost,seconds_volatility,MEASURED,0.0005089175238095278,process CPU seconds of the batch divided by its features
wd (deg),outer_train,cost,seconds_acf_selected,MEASURED,0.00027116947619048356,process CPU seconds of the batch divided by its features
wd (deg),outer_train,cost,seconds_seasonality,MEASURED,0.00044901695238094445,process CPU seconds of the batch divided by its features
wd (deg),outer_train,stationarity,adf_c_aic_pvalue,MEASURED_REUSED,8.734597586256637e-29,v2 full-TRAIN profile 47e8bed8e2219d78 (OK)
wd (deg),outer_train,stationarity,kpss_c_auto_pvalue,MEASURED_REUSED,0.01,v2 full-TRAIN profile 47e8bed8e2219d78 (OK_WITH_WARNING)
wd (deg),outer_train,spectral,peak1_period_rows,MEASURED_REUSED,36887.0,v2 full-TRAIN profile 47e8bed8e2219d78 (OK)
wd (deg),outer_train,spectral,entropy_normalized,MEASURED_REUSED,0.7942564793320684,v2 full-TRAIN profile 47e8bed8e2219d78 (OK)
wd (deg),outer_train,stl,stl_seasonal_strength_primary,MEASURED_REUSED,0.37308825576578264,v2 full-TRAIN profile 47e8bed8e2219d78 (OK)
rain (mm),outer_train,quality,missing_fraction,MEASURED,0.0,
rain (mm),outer_train,quality,nonfinite_count,MEASURED,0,
rain (mm),outer_train,quality,constant_flag,MEASURED,False,
rain (mm),outer_train,quality,unique_ratio,MEASURED,0.0010030634098733972,
rain (mm),outer_train,quality,sentinel_le_m9999_count,MEASURED,0,
rain (mm),outer_train,distribution,mean,MEASURED,0.011481009569767128,
rain (mm),outer_train,distribution,std,MEASURED,0.12278595979318553,
rain (mm),outer_train,distribution,median,MEASURED,0.0,
rain (mm),outer_train,distribution,iqr,MEASURED,0.0,
rain (mm),outer_train,distribution,mad,MEASURED,0.0,
rain (mm),outer_train,distribution,skewness,MEASURED,35.53443891932196,
rain (mm),outer_train,distribution,excess_kurtosis,MEASURED,2271.299365414726,
rain (mm),outer_train,distribution,q01,MEASURED,0.0,
rain (mm),outer_train,distribution,q99,MEASURED,0.3,
rain (mm),outer_train,distribution,upper_tail_ratio,NOT_RUN,,ZERO_UPPER_QUARTILE_SPREAD
rain (mm),outer_train,distribution,lower_tail_ratio,NOT_RUN,,ZERO_LOWER_QUARTILE_SPREAD
rain (mm),outer_train,volatility,diff_std,MEASURED,0.11053249549639922,
rain (mm),outer_train,volatility,diff_std_over_std,MEASURED,0.9002046787969453,
rain (mm),outer_train,volatility,rolling_std_cv,MEASURED,2.4846985441134013,
rain (mm),outer_train,acf_selected,acf_lag_1,MEASURED,0.5948265158773688,
rain (mm),outer_train,acf_selected,acf_lag_144,MEASURED,-0.0022139389613749553,
rain (mm),outer_train,acf_selected,acf_lag_288,MEASURED,-0.0013849290991960759,
rain (mm),outer_train,acf_selected,acf_lag_1008,MEASURED,0.003823790197947865,
rain (mm),outer_train,seasonality,seasonal_acf_daily_144,MEASURED,-0.0022139389613749553,
rain (mm),outer_train,seasonality,seasonal_diff_var_ratio_daily_144,MEASURED,2.012214927130735,
rain (mm),outer_train,seasonality,seasonal_acf_weekly_1008,MEASURED,0.003823790197947865,
rain (mm),outer_train,seasonality,seasonal_diff_var_ratio_weekly_1008,MEASURED,2.041240069770919,
rain (mm),outer_train,cost,seconds_quality,MEASURED,0.0007329943333333292,process CPU seconds of the batch divided by its features
rain (mm),outer_train,cost,seconds_distribution,MEASURED,0.002510697809523806,process CPU seconds of the batch divided by its features
rain (mm),outer_train,cost,seconds_volatility,MEASURED,0.0005089175238095278,process CPU seconds of the batch divided by its features
rain (mm),outer_train,cost,seconds_acf_selected,MEASURED,0.00027116947619048356,process CPU seconds of the batch divided by its features
rain (mm),outer_train,cost,seconds_seasonality,MEASURED,0.00044901695238094445,process CPU seconds of the batch divided by its features
rain (mm),outer_train,stationarity,adf_c_aic_pvalue,MEASURED_REUSED,0.0,v2 full-TRAIN profile 47e8bed8e2219d78 (OK)
rain (mm),outer_train,stationarity,kpss_c_auto_pvalue,MEASURED_REUSED,0.1,v2 full-TRAIN profile 47e8bed8e2219d78 (OK_WITH_WARNING)
rain (mm),outer_train,spectral,peak1_period_rows,MEASURED_REUSED,309.97478991596637,v2 full-TRAIN profile 47e8bed8e2219d78 (OK)
rain (mm),outer_train,spectral,entropy_normalized,MEASURED_REUSED,0.9110510766016204,v2 full-TRAIN profile 47e8bed8e2219d78 (OK)
rain (mm),outer_train,stl,stl_seasonal_strength_primary,MEASURED_REUSED,0.3388866124901998,v2 full-TRAIN profile 47e8bed8e2219d78 (OK)
raining (s),outer_train,quality,missing_fraction,MEASURED,0.0,
raining (s),outer_train,quality,nonfinite_count,MEASURED,0,
raining (s),outer_train,quality,constant_flag,MEASURED,False,
raining (s),outer_train,quality,unique_ratio,MEASURED,0.0016536991351966818,
raining (s),outer_train,quality,sentinel_le_m9999_count,MEASURED,0,
raining (s),outer_train,distribution,mean,MEASURED,23.287065903977012,
raining (s),outer_train,distribution,std,MEASURED,105.34873308198159,
raining (s),outer_train,distribution,median,MEASURED,0.0,
raining (s),outer_train,distribution,iqr,MEASURED,0.0,
raining (s),outer_train,distribution,mad,MEASURED,0.0,
raining (s),outer_train,distribution,skewness,MEASURED,4.720426354730583,
raining (s),outer_train,distribution,excess_kurtosis,MEASURED,21.291455631461055,
raining (s),outer_train,distribution,q01,MEASURED,0.0,
raining (s),outer_train,distribution,q99,MEASURED,600.0,
raining (s),outer_train,distribution,upper_tail_ratio,NOT_RUN,,ZERO_UPPER_QUARTILE_SPREAD
raining (s),outer_train,distribution,lower_tail_ratio,NOT_RUN,,ZERO_LOWER_QUARTILE_SPREAD
raining (s),outer_train,volatility,diff_std,MEASURED,57.305688913365614,
raining (s),outer_train,volatility,diff_std_over_std,MEASURED,0.5439618231457113,
raining (s),outer_train,volatility,rolling_std_cv,MEASURED,1.3928295267926887,
raining (s),outer_train,acf_selected,acf_lag_1,MEASURED,0.8520554537368432,
raining (s),outer_train,acf_selected,acf_lag_144,MEASURED,0.03556052872372348,
raining (s),outer_train,acf_selected,acf_lag_288,MEASURED,-0.0120736446579176,
raining (s),outer_train,acf_selected,acf_lag_1008,MEASURED,0.05389918460992804,
raining (s),outer_train,seasonality,seasonal_acf_daily_144,MEASURED,0.03556052872372348,
raining (s),outer_train,seasonality,seasonal_diff_var_ratio_daily_144,MEASURED,1.936055437147112,
raining (s),outer_train,seasonality,seasonal_acf_weekly_1008,MEASURED,0.05389918460992804,
raining (s),outer_train,seasonality,seasonal_diff_var_ratio_weekly_1008,MEASURED,1.9238712889888536,
raining (s),outer_train,cost,seconds_quality,MEASURED,0.0007329943333333292,process CPU seconds of the batch divided by its features
raining (s),outer_train,cost,seconds_distribution,MEASURED,0.002510697809523806,process CPU seconds of the batch divided by its features
raining (s),outer_train,cost,seconds_volatility,MEASURED,0.0005089175238095278,process CPU seconds of the batch divided by its features
raining (s),outer_train,cost,seconds_acf_selected,MEASURED,0.00027116947619048356,process CPU seconds of the batch divided by its features
raining (s),outer_train,cost,seconds_seasonality,MEASURED,0.00044901695238094445,process CPU seconds of the batch divided by its features
raining (s),outer_train,stationarity,adf_c_aic_pvalue,MEASURED_REUSED,0.0,v2 full-TRAIN profile 47e8bed8e2219d78 (OK)
raining (s),outer_train,stationarity,kpss_c_auto_pvalue,MEASURED_REUSED,0.1,v2 full-TRAIN profile 47e8bed8e2219d78 (OK_WITH_WARNING)
raining (s),outer_train,spectral,peak1_period_rows,MEASURED_REUSED,1756.5238095238094,v2 full-TRAIN profile 47e8bed8e2219d78 (OK)
raining (s),outer_train,spectral,entropy_normalized,MEASURED_REUSED,0.790467258477273,v2 full-TRAIN profile 47e8bed8e2219d78 (OK)
raining (s),outer_train,stl,stl_seasonal_strength_primary,MEASURED_REUSED,0.3524006868648366,v2 full-TRAIN profile 47e8bed8e2219d78 (OK)
SWDR (W/m�),outer_train,quality,missing_fraction,MEASURED,0.0,
SWDR (W/m�),outer_train,quality,nonfinite_count,MEASURED,0,
SWDR (W/m�),outer_train,quality,constant_flag,MEASURED,False,
SWDR (W/m�),outer_train,quality,unique_ratio,MEASURED,0.33280017350286006,
SWDR (W/m�),outer_train,quality,sentinel_le_m9999_count,MEASURED,0,
SWDR (W/m�),outer_train,distribution,mean,MEASURED,160.64175752975302,
SWDR (W/m�),outer_train,distribution,std,MEASURED,238.78102918707975,
SWDR (W/m�),outer_train,distribution,median,MEASURED,18.06,
SWDR (W/m�),outer_train,distribution,iqr,MEASURED,253.5,
SWDR (W/m�),outer_train,distribution,mad,MEASURED,18.06,
SWDR (W/m�),outer_train,distribution,skewness,MEASURED,1.5139199820805649,
SWDR (W/m�),outer_train,distribution,excess_kurtosis,MEASURED,1.2103465080544957,
SWDR (W/m�),outer_train,distribution,q01,MEASURED,0.0,
SWDR (W/m�),outer_train,distribution,q99,MEASURED,870.2893999999999,
SWDR (W/m�),outer_train,distribution,upper_tail_ratio,MEASURED,3.7875301563030916,
SWDR (W/m�),outer_train,distribution,lower_tail_ratio,MEASURED,1.0,
SWDR (W/m�),outer_train,volatility,diff_std,MEASURED,68.057474430345,
SWDR (W/m�),outer_train,volatility,diff_std_over_std,MEASURED,0.2850204417915606,
SWDR (W/m�),outer_train,volatility,rolling_std_cv,MEASURED,0.49040635949056416,
SWDR (W/m�),outer_train,acf_selected,acf_lag_1,MEASURED,0.9593705047514611,
SWDR (W/m�),outer_train,acf_selected,acf_lag_144,MEASURED,0.786368191450509,
SWDR (W/m�),outer_train,acf_selected,acf_lag_288,MEASURED,0.7422903838045254,
SWDR (W/m�),outer_train,acf_selected,acf_lag_1008,MEASURED,0.7228770855993872,
SWDR (W/m�),outer_train,seasonality,seasonal_acf_daily_144,MEASURED,0.786368191450509,
SWDR (W/m�),outer_train,seasonality,seasonal_diff_var_ratio_daily_144,MEASURED,0.4243713218747384,
SWDR (W/m�),outer_train,seasonality,seasonal_acf_weekly_1008,MEASURED,0.7228770855993872,
SWDR (W/m�),outer_train,seasonality,seasonal_diff_var_ratio_weekly_1008,MEASURED,0.5266120977695334,
SWDR (W/m�),outer_train,cost,seconds_quality,MEASURED,0.0007329943333333292,process CPU seconds of the batch divided by its features
SWDR (W/m�),outer_train,cost,seconds_distribution,MEASURED,0.002510697809523806,process CPU seconds of the batch divided by its features
SWDR (W/m�),outer_train,cost,seconds_volatility,MEASURED,0.0005089175238095278,process CPU seconds of the batch divided by its features
SWDR (W/m�),outer_train,cost,seconds_acf_selected,MEASURED,0.00027116947619048356,process CPU seconds of the batch divided by its features
SWDR (W/m�),outer_train,cost,seconds_seasonality,MEASURED,0.00044901695238094445,process CPU seconds of the batch divided by its features
SWDR (W/m�),outer_train,stationarity,adf_c_aic_pvalue,MEASURED_REUSED,0.0,v2 full-TRAIN profile 47e8bed8e2219d78 (OK)
SWDR (W/m�),outer_train,stationarity,kpss_c_auto_pvalue,MEASURED_REUSED,0.01,v2 full-TRAIN profile 47e8bed8e2219d78 (OK_WITH_WARNING)
SWDR (W/m�),outer_train,spectral,peak1_period_rows,MEASURED_REUSED,144.08984375,v2 full-TRAIN profile 47e8bed8e2219d78 (OK)
SWDR (W/m�),outer_train,spectral,entropy_normalized,MEASURED_REUSED,0.3664599627308768,v2 full-TRAIN profile 47e8bed8e2219d78 (OK)
SWDR (W/m�),outer_train,stl,stl_seasonal_strength_primary,MEASURED_REUSED,0.8736455250302632,v2 full-TRAIN profile 47e8bed8e2219d78 (OK)
PAR (�mol/m�/s),outer_train,quality,missing_fraction,MEASURED,0.0,
PAR (�mol/m�/s),outer_train,quality,nonfinite_count,MEASURED,0,
PAR (�mol/m�/s),outer_train,quality,constant_flag,MEASURED,False,
PAR (�mol/m�/s),outer_train,quality,unique_ratio,MEASURED,0.384688372597392,
PAR (�mol/m�/s),outer_train,quality,sentinel_le_m9999_count,MEASURED,0,
PAR (�mol/m�/s),outer_train,distribution,mean,MEASURED,318.0403689646759,
PAR (�mol/m�/s),outer_train,distribution,std,MEASURED,468.0618968270743,
PAR (�mol/m�/s),outer_train,distribution,median,MEASURED,42.71,
PAR (�mol/m�/s),outer_train,distribution,iqr,MEASURED,501.16,
PAR (�mol/m�/s),outer_train,distribution,mad,MEASURED,42.71,
PAR (�mol/m�/s),outer_train,distribution,skewness,MEASURED,1.5131300632823939,
PAR (�mol/m�/s),outer_train,distribution,excess_kurtosis,MEASURED,1.2456677602129602,
PAR (�mol/m�/s),outer_train,distribution,q01,MEASURED,0.0,
PAR (�mol/m�/s),outer_train,distribution,q99,MEASURED,1722.1395999999995,
PAR (�mol/m�/s),outer_train,distribution,upper_tail_ratio,MEASURED,3.8314319991274943,
PAR (�mol/m�/s),outer_train,distribution,lower_tail_ratio,MEASURED,1.0,
PAR (�mol/m�/s),outer_train,volatility,diff_std,MEASURED,129.9527126933863,
PAR (�mol/m�/s),outer_train,volatility,diff_std_over_std,MEASURED,0.2776400163617621,
PAR (�mol/m�/s),outer_train,volatility,rolling_std_cv,MEASURED,0.48480371777176134,
PAR (�mol/m�/s),outer_train,acf_selected,acf_lag_1,MEASURED,0.9614465386643286,
PAR (�mol/m�/s),outer_train,acf_selected,acf_lag_144,MEASURED,0.7977761800911912,
PAR (�mol/m�/s),outer_train,acf_selected,acf_lag_288,MEASURED,0.7565997440548704,
PAR (�mol/m�/s),outer_train,acf_selected,acf_lag_1008,MEASURED,0.7378601665377417,
PAR (�mol/m�/s),outer_train,seasonality,seasonal_acf_daily_144,MEASURED,0.7977761800911912,
PAR (�mol/m�/s),outer_train,seasonality,seasonal_diff_var_ratio_daily_144,MEASURED,0.4016685261021734,
PAR (�mol/m�/s),outer_train,seasonality,seasonal_acf_weekly_1008,MEASURED,0.7378601665377417,
PAR (�mol/m�/s),outer_train,seasonality,seasonal_diff_var_ratio_weekly_1008,MEASURED,0.49634726630291104,
PAR (�mol/m�/s),outer_train,cost,seconds_quality,MEASURED,0.0007329943333333292,process CPU seconds of the batch divided by its features
PAR (�mol/m�/s),outer_train,cost,seconds_distribution,MEASURED,0.002510697809523806,process CPU seconds of the batch divided by its features
PAR (�mol/m�/s),outer_train,cost,seconds_volatility,MEASURED,0.0005089175238095278,process CPU seconds of the batch divided by its features
PAR (�mol/m�/s),outer_train,cost,seconds_acf_selected,MEASURED,0.00027116947619048356,process CPU seconds of the batch divided by its features
PAR (�mol/m�/s),outer_train,cost,seconds_seasonality,MEASURED,0.00044901695238094445,process CPU seconds of the batch divided by its features
PAR (�mol/m�/s),outer_train,stationarity,adf_c_aic_pvalue,MEASURED_REUSED,0.0,v2 full-TRAIN profile 47e8bed8e2219d78 (OK)
PAR (�mol/m�/s),outer_train,stationarity,kpss_c_auto_pvalue,MEASURED_REUSED,0.01,v2 full-TRAIN profile 47e8bed8e2219d78 (OK_WITH_WARNING)
PAR (�mol/m�/s),outer_train,spectral,peak1_period_rows,MEASURED_REUSED,144.08984375,v2 full-TRAIN profile 47e8bed8e2219d78 (OK)
PAR (�mol/m�/s),outer_train,spectral,entropy_normalized,MEASURED_REUSED,0.3558985146969724,v2 full-TRAIN profile 47e8bed8e2219d78 (OK)
PAR (�mol/m�/s),outer_train,stl,stl_seasonal_strength_primary,MEASURED_REUSED,0.8803064287189764,v2 full-TRAIN profile 47e8bed8e2219d78 (OK)
max. PAR (�mol/m�/s),outer_train,quality,missing_fraction,MEASURED,0.0,
max. PAR (�mol/m�/s),outer_train,quality,nonfinite_count,MEASURED,0,
max. PAR (�mol/m�/s),outer_train,quality,constant_flag,MEASURED,False,
max. PAR (�mol/m�/s),outer_train,quality,unique_ratio,MEASURED,0.36356982134627375,
max. PAR (�mol/m�/s),outer_train,quality,sentinel_le_m9999_count,MEASURED,30,
max. PAR (�mol/m�/s),outer_train,distribution,mean,MEASURED,378.48158700897335,
max. PAR (�mol/m�/s),outer_train,distribution,std,MEASURED,643.3614129735823,
max. PAR (�mol/m�/s),outer_train,distribution,median,MEASURED,49.23,
max. PAR (�mol/m�/s),outer_train,distribution,iqr,MEASURED,596.235,
max. PAR (�mol/m�/s),outer_train,distribution,mad,MEASURED,49.23,
max. PAR (�mol/m�/s),outer_train,distribution,skewness,MEASURED,-2.332825208003468,
max. PAR (�mol/m�/s),outer_train,distribution,excess_kurtosis,MEASURED,54.715558980830906,
max. PAR (�mol/m�/s),outer_train,distribution,q01,MEASURED,0.0,
max. PAR (�mol/m�/s),outer_train,distribution,q99,MEASURED,2104.327,
max. PAR (�mol/m�/s),outer_train,distribution,upper_tail_ratio,MEASURED,3.958007696456157,
max. PAR (�mol/m�/s),outer_train,distribution,lower_tail_ratio,MEASURED,1.0,
max. PAR (�mol/m�/s),outer_train,volatility,diff_std,MEASURED,408.57908766519955,
max. PAR (�mol/m�/s),outer_train,volatility,diff_std_over_std,MEASURED,0.6350693085194039,
max. PAR (�mol/m�/s),outer_train,volatility,rolling_std_cv,MEASURED,0.6155831143445541,
max. PAR (�mol/m�/s),outer_train,acf_selected,acf_lag_1,MEASURED,0.7983395712225808,
max. PAR (�mol/m�/s),outer_train,acf_selected,acf_lag_144,MEASURED,0.5948993717872046,
max. PAR (�mol/m�/s),outer_train,acf_selected,acf_lag_288,MEASURED,0.5620169577204932,
max. PAR (�mol/m�/s),outer_train,acf_selected,acf_lag_1008,MEASURED,0.5558853684416261,
max. PAR (�mol/m�/s),outer_train,seasonality,seasonal_acf_daily_144,MEASURED,0.5948993717872046,
max. PAR (�mol/m�/s),outer_train,seasonality,seasonal_diff_var_ratio_daily_144,MEASURED,0.8103757567248399,
max. PAR (�mol/m�/s),outer_train,seasonality,seasonal_acf_weekly_1008,MEASURED,0.5558853684416261,
max. PAR (�mol/m�/s),outer_train,seasonality,seasonal_diff_var_ratio_weekly_1008,MEASURED,0.8842655998335248,
max. PAR (�mol/m�/s),outer_train,cost,seconds_quality,MEASURED,0.0007329943333333292,process CPU seconds of the batch divided by its features
max. PAR (�mol/m�/s),outer_train,cost,seconds_distribution,MEASURED,0.002510697809523806,process CPU seconds of the batch divided by its features
max. PAR (�mol/m�/s),outer_train,cost,seconds_volatility,MEASURED,0.0005089175238095278,process CPU seconds of the batch divided by its features
max. PAR (�mol/m�/s),outer_train,cost,seconds_acf_selected,MEASURED,0.00027116947619048356,process CPU seconds of the batch divided by its features
max. PAR (�mol/m�/s),outer_train,cost,seconds_seasonality,MEASURED,0.00044901695238094445,process CPU seconds of the batch divided by its features
max. PAR (�mol/m�/s),outer_train,stationarity,adf_c_aic_pvalue,MEASURED_REUSED,0.0,v2 full-TRAIN profile 47e8bed8e2219d78 (OK)
max. PAR (�mol/m�/s),outer_train,stationarity,kpss_c_auto_pvalue,MEASURED_REUSED,0.01,v2 full-TRAIN profile 47e8bed8e2219d78 (OK_WITH_WARNING)
max. PAR (�mol/m�/s),outer_train,spectral,peak1_period_rows,MEASURED_REUSED,144.08984375,v2 full-TRAIN profile 47e8bed8e2219d78 (OK)
max. PAR (�mol/m�/s),outer_train,spectral,entropy_normalized,MEASURED_REUSED,0.5530861459506384,v2 full-TRAIN profile 47e8bed8e2219d78 (OK)
max. PAR (�mol/m�/s),outer_train,stl,stl_seasonal_strength_primary,MEASURED_REUSED,0.7275283830741948,v2 full-TRAIN profile 47e8bed8e2219d78 (OK)
Tlog (degC),outer_train,quality,missing_fraction,MEASURED,0.0,
Tlog (degC),outer_train,quality,nonfinite_count,MEASURED,0,
Tlog (degC),outer_train,quality,constant_flag,MEASURED,False,
Tlog (degC),outer_train,quality,unique_ratio,MEASURED,0.09916772846802396,
Tlog (degC),outer_train,quality,sentinel_le_m9999_count,MEASURED,0,
Tlog (degC),outer_train,distribution,mean,MEASURED,22.811720389297044,
Tlog (degC),outer_train,distribution,std,MEASURED,7.978102337788016,
Tlog (degC),outer_train,distribution,median,MEASURED,22.19,
Tlog (degC),outer_train,distribution,iqr,MEASURED,12.48,
Tlog (degC),outer_train,distribution,mad,MEASURED,6.220000000000001,
Tlog (degC),outer_train,distribution,skewness,MEASURED,0.3182568254254622,
Tlog (degC),outer_train,distribution,excess_kurtosis,MEASURED,-0.6215369877185428,
Tlog (degC),outer_train,distribution,q01,MEASURED,8.21,
Tlog (degC),outer_train,distribution,q99,MEASURED,41.69,
Tlog (degC),outer_train,distribution,upper_tail_ratio,MEASURED,3.277884322678842,
Tlog (degC),outer_train,distribution,lower_tail_ratio,MEASURED,2.4619289340101522,
Tlog (degC),outer_train,volatility,diff_std,MEASURED,0.22479290120517084,
Tlog (degC),outer_train,volatility,diff_std_over_std,MEASURED,0.02817623686530652,
Tlog (degC),outer_train,volatility,rolling_std_cv,MEASURED,0.4958079956428573,
Tlog (degC),outer_train,acf_selected,acf_lag_1,MEASURED,0.9995753239430366,
Tlog (degC),outer_train,acf_selected,acf_lag_144,MEASURED,0.8813474684581413,
Tlog (degC),outer_train,acf_selected,acf_lag_288,MEASURED,0.8213352673152777,
Tlog (degC),outer_train,acf_selected,acf_lag_1008,MEASURED,0.7652710263807422,
Tlog (degC),outer_train,seasonality,seasonal_acf_daily_144,MEASURED,0.8813474684581413,
Tlog (degC),outer_train,seasonality,seasonal_diff_var_ratio_daily_144,MEASURED,0.22604904250357188,
Tlog (degC),outer_train,seasonality,seasonal_acf_weekly_1008,MEASURED,0.7652710263807422,
Tlog (degC),outer_train,seasonality,seasonal_diff_var_ratio_weekly_1008,MEASURED,0.4114710113952871,
Tlog (degC),outer_train,cost,seconds_quality,MEASURED,0.0007329943333333292,process CPU seconds of the batch divided by its features
Tlog (degC),outer_train,cost,seconds_distribution,MEASURED,0.002510697809523806,process CPU seconds of the batch divided by its features
Tlog (degC),outer_train,cost,seconds_volatility,MEASURED,0.0005089175238095278,process CPU seconds of the batch divided by its features
Tlog (degC),outer_train,cost,seconds_acf_selected,MEASURED,0.00027116947619048356,process CPU seconds of the batch divided by its features
Tlog (degC),outer_train,cost,seconds_seasonality,MEASURED,0.00044901695238094445,process CPU seconds of the batch divided by its features
Tlog (degC),outer_train,stationarity,adf_c_aic_pvalue,MEASURED_REUSED,2.097812987631379e-14,v2 full-TRAIN profile 47e8bed8e2219d78 (OK)
Tlog (degC),outer_train,stationarity,kpss_c_auto_pvalue,MEASURED_REUSED,0.01,v2 full-TRAIN profile 47e8bed8e2219d78 (OK_WITH_WARNING)
Tlog (degC),outer_train,spectral,peak1_period_rows,MEASURED_REUSED,144.08984375,v2 full-TRAIN profile 47e8bed8e2219d78 (OK)
Tlog (degC),outer_train,spectral,entropy_normalized,MEASURED_REUSED,0.40896066960154,v2 full-TRAIN profile 47e8bed8e2219d78 (OK)
Tlog (degC),outer_train,stl,stl_seasonal_strength_primary,MEASURED_REUSED,0.8818588633498091,v2 full-TRAIN profile 47e8bed8e2219d78 (OK)
OT,outer_train,quality,missing_fraction,MEASURED,0.0,
OT,outer_train,quality,nonfinite_count,MEASURED,0,
OT,outer_train,quality,constant_flag,MEASURED,False,
OT,outer_train,quality,unique_ratio,MEASURED,0.028844850489332285,
OT,outer_train,quality,sentinel_le_m9999_count,MEASURED,50,
OT,outer_train,distribution,mean,MEASURED,411.0543416379754,
OT,outer_train,distribution,std,MEASURED,383.96230257597057,
OT,outer_train,distribution,median,MEASURED,421.2,
OT,outer_train,distribution,iqr,MEASURED,19.700000000000045,
OT,outer_train,distribution,mad,MEASURED,9.5,
OT,outer_train,distribution,skewness,MEASURED,-27.015835558549274,
OT,outer_train,distribution,excess_kurtosis,MEASURED,729.5488908285377,
OT,outer_train,distribution,q01,MEASURED,399.3,
OT,outer_train,distribution,q99,MEASURED,480.91399999999993,
OT,outer_train,distribution,upper_tail_ratio,MEASURED,5.969912280701733,
OT,outer_train,distribution,lower_tail_ratio,MEASURED,2.7349397590361395,
OT,outer_train,volatility,diff_std,MEASURED,108.18544140002263,
OT,outer_train,volatility,diff_std_over_std,MEASURED,0.2817605808544632,
OT,outer_train,volatility,rolling_std_cv,MEASURED,7.882691244459573,
OT,outer_train,acf_selected,acf_lag_1,MEASURED,0.9603063850613567,
OT,outer_train,acf_selected,acf_lag_144,MEASURED,0.0022051271015343177,
OT,outer_train,acf_selected,acf_lag_288,MEASURED,0.0020025816072013537,
OT,outer_train,acf_selected,acf_lag_1008,MEASURED,0.0011049441139525413,
OT,outer_train,seasonality,seasonal_acf_daily_144,MEASURED,0.0022051271015343177,
OT,outer_train,seasonality,seasonal_diff_var_ratio_daily_144,MEASURED,2.0033677845383893,
OT,outer_train,seasonality,seasonal_acf_weekly_1008,MEASURED,0.0011049441139525413,
OT,outer_train,seasonality,seasonal_diff_var_ratio_weekly_1008,MEASURED,2.05364618716384,
OT,outer_train,cost,seconds_quality,MEASURED,0.0007329943333333292,process CPU seconds of the batch divided by its features
OT,outer_train,cost,seconds_distribution,MEASURED,0.002510697809523806,process CPU seconds of the batch divided by its features
OT,outer_train,cost,seconds_volatility,MEASURED,0.0005089175238095278,process CPU seconds of the batch divided by its features
OT,outer_train,cost,seconds_acf_selected,MEASURED,0.00027116947619048356,process CPU seconds of the batch divided by its features
OT,outer_train,cost,seconds_seasonality,MEASURED,0.00044901695238094445,process CPU seconds of the batch divided by its features
OT,outer_train,stationarity,adf_c_aic_pvalue,MEASURED_REUSED,0.0,v2 full-TRAIN profile 47e8bed8e2219d78 (OK)
OT,outer_train,stationarity,kpss_c_auto_pvalue,MEASURED_REUSED,0.1,v2 full-TRAIN profile 47e8bed8e2219d78 (OK_WITH_WARNING)
OT,outer_train,spectral,peak1_period_rows,MEASURED_REUSED,144.08984375,v2 full-TRAIN profile 47e8bed8e2219d78 (OK)
OT,outer_train,spectral,entropy_normalized,MEASURED_REUSED,0.735996584526953,v2 full-TRAIN profile 47e8bed8e2219d78 (OK)
OT,outer_train,stl,stl_seasonal_strength_primary,MEASURED_REUSED,0.3577517261455704,v2 full-TRAIN profile 47e8bed8e2219d78 (OK)
p (mbar),inner_1,quality,missing_fraction,MEASURED,0.0,
p (mbar),inner_1,quality,nonfinite_count,MEASURED,0,
p (mbar),inner_1,quality,constant_flag,MEASURED,False,
p (mbar),inner_1,quality,unique_ratio,MEASURED,0.22709531635168448,
p (mbar),inner_1,quality,sentinel_le_m9999_count,MEASURED,0,
p (mbar),inner_1,distribution,mean,MEASURED,991.1164081758423,
p (mbar),inner_1,distribution,std,MEASURED,10.284433261489486,
p (mbar),inner_1,distribution,median,MEASURED,992.1,
p (mbar),inner_1,distribution,iqr,MEASURED,13.5,
p (mbar),inner_1,distribution,mad,MEASURED,6.610000000000014,
p (mbar),inner_1,distribution,skewness,MEASURED,-0.250808915158925,
p (mbar),inner_1,distribution,excess_kurtosis,MEASURED,-0.02533416718243453,
p (mbar),inner_1,distribution,q01,MEASURED,966.01,
p (mbar),inner_1,distribution,q99,MEASURED,1015.6058,
p (mbar),inner_1,distribution,upper_tail_ratio,MEASURED,4.576202090592319,
p (mbar),inner_1,distribution,lower_tail_ratio,MEASURED,3.486655927835061,
p (mbar),inner_1,volatility,diff_std,MEASURED,0.11844727030522942,
p (mbar),inner_1,volatility,diff_std_over_std,MEASURED,0.011517141226319241,
p (mbar),inner_1,volatility,rolling_std_cv,MEASURED,0.6246278883155042,
p (mbar),inner_1,acf_selected,acf_lag_1,MEASURED,0.999856979338902,
p (mbar),inner_1,acf_selected,acf_lag_144,MEASURED,0.7195218637312241,
p (mbar),inner_1,acf_selected,acf_lag_288,MEASURED,0.5022576608360791,
p (mbar),inner_1,acf_selected,acf_lag_1008,MEASURED,0.15063892404241275,
p (mbar),inner_1,seasonality,seasonal_acf_daily_144,MEASURED,0.7195218637312241,
p (mbar),inner_1,seasonality,seasonal_diff_var_ratio_daily_144,MEASURED,0.5471892933111439,
p (mbar),inner_1,seasonality,seasonal_acf_weekly_1008,MEASURED,0.15063892404241275,
p (mbar),inner_1,seasonality,seasonal_diff_var_ratio_weekly_1008,MEASURED,1.6993194040410218,
p (mbar),inner_1,cost,seconds_quality,MEASURED,0.0003913326190476262,process CPU seconds of the batch divided by its features
p (mbar),inner_1,cost,seconds_distribution,MEASURED,0.0017938383333333317,process CPU seconds of the batch divided by its features
p (mbar),inner_1,cost,seconds_volatility,MEASURED,0.0002967885714285687,process CPU seconds of the batch divided by its features
p (mbar),inner_1,cost,seconds_acf_selected,MEASURED,0.00014982047619046694,process CPU seconds of the batch divided by its features
p (mbar),inner_1,cost,seconds_seasonality,MEASURED,0.00029822766666666645,process CPU seconds of the batch divided by its features
p (mbar),inner_1,stationarity,adf_c_aic_pvalue,NOT_RUN,,DEFERRED_TO_PS4
p (mbar),inner_1,stationarity,kpss_c_auto_pvalue,NOT_RUN,,DEFERRED_TO_PS4
p (mbar),inner_1,spectral,peak1_period_rows,NOT_RUN,,DEFERRED_TO_PS4
p (mbar),inner_1,spectral,entropy_normalized,NOT_RUN,,DEFERRED_TO_PS4
p (mbar),inner_1,stl,stl_seasonal_strength_primary,NOT_RUN,,DEFERRED_TO_PS4
T (degC),inner_1,quality,missing_fraction,MEASURED,0.0,
T (degC),inner_1,quality,nonfinite_count,MEASURED,0,
T (degC),inner_1,quality,constant_flag,MEASURED,False,
T (degC),inner_1,quality,unique_ratio,MEASURED,0.135784716516023,
T (degC),inner_1,quality,sentinel_le_m9999_count,MEASURED,0,
T (degC),inner_1,distribution,mean,MEASURED,6.600892563681184,
T (degC),inner_1,distribution,std,MEASURED,5.298081353742967,
T (degC),inner_1,distribution,median,MEASURED,5.79,
T (degC),inner_1,distribution,iqr,MEASURED,6.699999999999999,
T (degC),inner_1,distribution,mad,MEASURED,3.22,
T (degC),inner_1,distribution,skewness,MEASURED,0.47639457962811266,
T (degC),inner_1,distribution,excess_kurtosis,MEASURED,0.18762569996166256,
T (degC),inner_1,distribution,q01,MEASURED,-4.7587,
T (degC),inner_1,distribution,q99,MEASURED,20.772900000000007,
T (degC),inner_1,distribution,upper_tail_ratio,MEASURED,3.918909774436093,
T (degC),inner_1,distribution,lower_tail_ratio,MEASURED,4.062730627306273,
T (degC),inner_1,volatility,diff_std,MEASURED,0.2477742352074548,
T (degC),inner_1,volatility,diff_std_over_std,MEASURED,0.04676678568410586,
T (degC),inner_1,volatility,rolling_std_cv,MEASURED,0.5770820191993471,
T (degC),inner_1,acf_selected,acf_lag_1,MEASURED,0.9988671495813445,
T (degC),inner_1,acf_selected,acf_lag_144,MEASURED,0.7315092747034261,
T (degC),inner_1,acf_selected,acf_lag_288,MEASURED,0.5518568086403757,
T (degC),inner_1,acf_selected,acf_lag_1008,MEASURED,0.4135293938537275,
T (degC),inner_1,seasonality,seasonal_acf_daily_144,MEASURED,0.7315092747034261,
T (degC),inner_1,seasonality,seasonal_diff_var_ratio_daily_144,MEASURED,0.5239540439084794,
T (degC),inner_1,seasonality,seasonal_acf_weekly_1008,MEASURED,0.4135293938537275,
T (degC),inner_1,seasonality,seasonal_diff_var_ratio_weekly_1008,MEASURED,1.0740144213847238,
T (degC),inner_1,cost,seconds_quality,MEASURED,0.0003913326190476262,process CPU seconds of the batch divided by its features
T (degC),inner_1,cost,seconds_distribution,MEASURED,0.0017938383333333317,process CPU seconds of the batch divided by its features
T (degC),inner_1,cost,seconds_volatility,MEASURED,0.0002967885714285687,process CPU seconds of the batch divided by its features
T (degC),inner_1,cost,seconds_acf_selected,MEASURED,0.00014982047619046694,process CPU seconds of the batch divided by its features
T (degC),inner_1,cost,seconds_seasonality,MEASURED,0.00029822766666666645,process CPU seconds of the batch divided by its features
T (degC),inner_1,stationarity,adf_c_aic_pvalue,NOT_RUN,,DEFERRED_TO_PS4
T (degC),inner_1,stationarity,kpss_c_auto_pvalue,NOT_RUN,,DEFERRED_TO_PS4
T (degC),inner_1,spectral,peak1_period_rows,NOT_RUN,,DEFERRED_TO_PS4
T (degC),inner_1,spectral,entropy_normalized,NOT_RUN,,DEFERRED_TO_PS4
T (degC),inner_1,stl,stl_seasonal_strength_primary,NOT_RUN,,DEFERRED_TO_PS4
Tpot (K),inner_1,quality,missing_fraction,MEASURED,0.0,
Tpot (K),inner_1,quality,nonfinite_count,MEASURED,0,
Tpot (K),inner_1,quality,constant_flag,MEASURED,False,
Tpot (K),inner_1,quality,unique_ratio,MEASURED,0.14230690221857026,
Tpot (K),inner_1,quality,sentinel_le_m9999_count,MEASURED,0,
Tpot (K),inner_1,distribution,mean,MEASURED,280.4852090180772,
Tpot (K),inner_1,distribution,std,MEASURED,5.614479095133963,
Tpot (K),inner_1,distribution,median,MEASURED,279.85,
Tpot (K),inner_1,distribution,iqr,MEASURED,7.329999999999984,
Tpot (K),inner_1,distribution,mad,MEASURED,3.609999999999957,
Tpot (K),inner_1,distribution,skewness,MEASURED,0.3336033067848343,
Tpot (K),inner_1,distribution,excess_kurtosis,MEASURED,0.05143284497034761,
Tpot (K),inner_1,distribution,q01,MEASURED,268.22,
Tpot (K),inner_1,distribution,q99,MEASURED,295.13,
Tpot (K),inner_1,distribution,upper_tail_ratio,MEASURED,3.7896309523809486,
Tpot (K),inner_1,distribution,lower_tail_ratio,MEASURED,3.928578274760387,
Tpot (K),inner_1,volatility,diff_std,MEASURED,0.25031960158691796,
Tpot (K),inner_1,volatility,diff_std_over_std,MEASURED,0.044584652885050105,
Tpot (K),inner_1,volatility,rolling_std_cv,MEASURED,0.5735964372382847,
Tpot (K),inner_1,acf_selected,acf_lag_1,MEASURED,0.9989557576266418,
Tpot (K),inner_1,acf_selected,acf_lag_144,MEASURED,0.7216677078657656,
Tpot (K),inner_1,acf_selected,acf_lag_288,MEASURED,0.5297587252893639,
Tpot (K),inner_1,acf_selected,acf_lag_1008,MEASURED,0.3892547288323538,
Tpot (K),inner_1,seasonality,seasonal_acf_daily_144,MEASURED,0.7216677078657656,
Tpot (K),inner_1,seasonality,seasonal_diff_var_ratio_daily_144,MEASURED,0.5409887693993576,
Tpot (K),inner_1,seasonality,seasonal_acf_weekly_1008,MEASURED,0.3892547288323538,
Tpot (K),inner_1,seasonality,seasonal_diff_var_ratio_weekly_1008,MEASURED,1.1178766317672137,
Tpot (K),inner_1,cost,seconds_quality,MEASURED,0.0003913326190476262,process CPU seconds of the batch divided by its features
Tpot (K),inner_1,cost,seconds_distribution,MEASURED,0.0017938383333333317,process CPU seconds of the batch divided by its features
Tpot (K),inner_1,cost,seconds_volatility,MEASURED,0.0002967885714285687,process CPU seconds of the batch divided by its features
Tpot (K),inner_1,cost,seconds_acf_selected,MEASURED,0.00014982047619046694,process CPU seconds of the batch divided by its features
Tpot (K),inner_1,cost,seconds_seasonality,MEASURED,0.00029822766666666645,process CPU seconds of the batch divided by its features
Tpot (K),inner_1,stationarity,adf_c_aic_pvalue,NOT_RUN,,DEFERRED_TO_PS4
Tpot (K),inner_1,stationarity,kpss_c_auto_pvalue,NOT_RUN,,DEFERRED_TO_PS4
Tpot (K),inner_1,spectral,peak1_period_rows,NOT_RUN,,DEFERRED_TO_PS4
Tpot (K),inner_1,spectral,entropy_normalized,NOT_RUN,,DEFERRED_TO_PS4
Tpot (K),inner_1,stl,stl_seasonal_strength_primary,NOT_RUN,,DEFERRED_TO_PS4
Tdew (degC),inner_1,quality,missing_fraction,MEASURED,0.0,
Tdew (degC),inner_1,quality,nonfinite_count,MEASURED,0,
Tdew (degC),inner_1,quality,constant_flag,MEASURED,False,
Tdew (degC),inner_1,quality,unique_ratio,MEASURED,0.10861750205423172,
Tdew (degC),inner_1,quality,sentinel_le_m9999_count,MEASURED,0,
Tdew (degC),inner_1,distribution,mean,MEASURED,0.6728024856203778,
Tdew (degC),inner_1,distribution,std,MEASURED,3.983862535141492,
Tdew (degC),inner_1,distribution,median,MEASURED,0.61,
Tdew (degC),inner_1,distribution,iqr,MEASURED,4.76,
Tdew (degC),inner_1,distribution,mad,MEASURED,2.31,
Tdew (degC),inner_1,distribution,skewness,MEASURED,-0.27145698582765526,
Tdew (degC),inner_1,distribution,excess_kurtosis,MEASURED,0.7445549336584136,
Tdew (degC),inner_1,distribution,q01,MEASURED,-10.1629,
Tdew (degC),inner_1,distribution,q99,MEASURED,9.432900000000009,
Tdew (degC),inner_1,distribution,upper_tail_ratio,MEASURED,3.9772846441947625,
Tdew (degC),inner_1,distribution,lower_tail_ratio,MEASURED,5.471985645933014,
Tdew (degC),inner_1,volatility,diff_std,MEASURED,0.19867781251314662,
Tdew (degC),inner_1,volatility,diff_std_over_std,MEASURED,0.04987064959210254,
Tdew (degC),inner_1,volatility,rolling_std_cv,MEASURED,0.5724813288045151,
Tdew (degC),inner_1,acf_selected,acf_lag_1,MEASURED,0.9987499373098851,
Tdew (degC),inner_1,acf_selected,acf_lag_144,MEASURED,0.5422194918089277,
Tdew (degC),inner_1,acf_selected,acf_lag_288,MEASURED,0.27751432386893876,
Tdew (degC),inner_1,acf_selected,acf_lag_1008,MEASURED,0.1102930249936987,
Tdew (degC),inner_1,seasonality,seasonal_acf_daily_144,MEASURED,0.5422194918089277,
Tdew (degC),inner_1,seasonality,seasonal_diff_var_ratio_daily_144,MEASURED,0.9143760976502935,
Tdew (degC),inner_1,seasonality,seasonal_acf_weekly_1008,MEASURED,0.1102930249936987,
Tdew (degC),inner_1,seasonality,seasonal_diff_var_ratio_weekly_1008,MEASURED,1.7673263359423428,
Tdew (degC),inner_1,cost,seconds_quality,MEASURED,0.0003913326190476262,process CPU seconds of the batch divided by its features
Tdew (degC),inner_1,cost,seconds_distribution,MEASURED,0.0017938383333333317,process CPU seconds of the batch divided by its features
Tdew (degC),inner_1,cost,seconds_volatility,MEASURED,0.0002967885714285687,process CPU seconds of the batch divided by its features
Tdew (degC),inner_1,cost,seconds_acf_selected,MEASURED,0.00014982047619046694,process CPU seconds of the batch divided by its features
Tdew (degC),inner_1,cost,seconds_seasonality,MEASURED,0.00029822766666666645,process CPU seconds of the batch divided by its features
Tdew (degC),inner_1,stationarity,adf_c_aic_pvalue,NOT_RUN,,DEFERRED_TO_PS4
Tdew (degC),inner_1,stationarity,kpss_c_auto_pvalue,NOT_RUN,,DEFERRED_TO_PS4
Tdew (degC),inner_1,spectral,peak1_period_rows,NOT_RUN,,DEFERRED_TO_PS4
Tdew (degC),inner_1,spectral,entropy_normalized,NOT_RUN,,DEFERRED_TO_PS4
Tdew (degC),inner_1,stl,stl_seasonal_strength_primary,NOT_RUN,,DEFERRED_TO_PS4
rh (%),inner_1,quality,missing_fraction,MEASURED,0.0,
rh (%),inner_1,quality,nonfinite_count,MEASURED,0,
rh (%),inner_1,quality,constant_flag,MEASURED,False,
rh (%),inner_1,quality,unique_ratio,MEASURED,0.19941454396055874,
rh (%),inner_1,quality,sentinel_le_m9999_count,MEASURED,0,
rh (%),inner_1,distribution,mean,MEASURED,68.44503800328675,
rh (%),inner_1,distribution,std,MEASURED,17.055873823763502,
rh (%),inner_1,distribution,median,MEASURED,71.1,
rh (%),inner_1,distribution,iqr,MEASURED,24.695,
rh (%),inner_1,distribution,mad,MEASURED,12.004999999999995,
rh (%),inner_1,distribution,skewness,MEASURED,-0.5083441396555282,
rh (%),inner_1,distribution,excess_kurtosis,MEASURED,-0.5653874349005292,
rh (%),inner_1,distribution,q01,MEASURED,29.1,
rh (%),inner_1,distribution,q99,MEASURED,96.1,
rh (%),inner_1,distribution,upper_tail_ratio,MEASURED,2.4242424242424225,
rh (%),inner_1,distribution,lower_tail_ratio,MEASURED,3.178700787401576,
rh (%),inner_1,volatility,diff_std,MEASURED,1.231356015925912,
rh (%),inner_1,volatility,diff_std_over_std,MEASURED,0.0721954224479719,
rh (%),inner_1,volatility,rolling_std_cv,MEASURED,0.49573153507439194,
rh (%),inner_1,acf_selected,acf_lag_1,MEASURED,0.9973566948571272,
rh (%),inner_1,acf_selected,acf_lag_144,MEASURED,0.6428687000407898,
rh (%),inner_1,acf_selected,acf_lag_288,MEASURED,0.533744439519568,
rh (%),inner_1,acf_selected,acf_lag_1008,MEASURED,0.4584960875456364,
rh (%),inner_1,seasonality,seasonal_acf_daily_144,MEASURED,0.6428687000407898,
rh (%),inner_1,seasonality,seasonal_diff_var_ratio_daily_144,MEASURED,0.7073979700775807,
rh (%),inner_1,seasonality,seasonal_acf_weekly_1008,MEASURED,0.4584960875456364,
rh (%),inner_1,seasonality,seasonal_diff_var_ratio_weekly_1008,MEASURED,1.0265170535336963,
rh (%),inner_1,cost,seconds_quality,MEASURED,0.0003913326190476262,process CPU seconds of the batch divided by its features
rh (%),inner_1,cost,seconds_distribution,MEASURED,0.0017938383333333317,process CPU seconds of the batch divided by its features
rh (%),inner_1,cost,seconds_volatility,MEASURED,0.0002967885714285687,process CPU seconds of the batch divided by its features
rh (%),inner_1,cost,seconds_acf_selected,MEASURED,0.00014982047619046694,process CPU seconds of the batch divided by its features
rh (%),inner_1,cost,seconds_seasonality,MEASURED,0.00029822766666666645,process CPU seconds of the batch divided by its features
rh (%),inner_1,stationarity,adf_c_aic_pvalue,NOT_RUN,,DEFERRED_TO_PS4
rh (%),inner_1,stationarity,kpss_c_auto_pvalue,NOT_RUN,,DEFERRED_TO_PS4
rh (%),inner_1,spectral,peak1_period_rows,NOT_RUN,,DEFERRED_TO_PS4
rh (%),inner_1,spectral,entropy_normalized,NOT_RUN,,DEFERRED_TO_PS4
rh (%),inner_1,stl,stl_seasonal_strength_primary,NOT_RUN,,DEFERRED_TO_PS4
VPmax (mbar),inner_1,quality,missing_fraction,MEASURED,0.0,
VPmax (mbar),inner_1,quality,nonfinite_count,MEASURED,0,
VPmax (mbar),inner_1,quality,constant_flag,MEASURED,False,
VPmax (mbar),inner_1,quality,unique_ratio,MEASURED,0.099373459326212,
VPmax (mbar),inner_1,quality,sentinel_le_m9999_count,MEASURED,0,
VPmax (mbar),inner_1,distribution,mean,MEASURED,10.363425431388661,
VPmax (mbar),inner_1,distribution,std,MEASURED,4.114794713103044,
VPmax (mbar),inner_1,distribution,median,MEASURED,9.22,
VPmax (mbar),inner_1,distribution,iqr,MEASURED,4.4799999999999995,
VPmax (mbar),inner_1,distribution,mad,MEASURED,2.040000000000001,
VPmax (mbar),inner_1,distribution,skewness,MEASURED,1.4071246790565788,
VPmax (mbar),inner_1,distribution,excess_kurtosis,MEASURED,2.199946197791462,
VPmax (mbar),inner_1,distribution,q01,MEASURED,4.287100000000001,
VPmax (mbar),inner_1,distribution,q99,MEASURED,24.565800000000017,
VPmax (mbar),inner_1,distribution,upper_tail_ratio,MEASURED,5.658442906574399,
VPmax (mbar),inner_1,distribution,lower_tail_ratio,MEASURED,3.194968553459119,
VPmax (mbar),inner_1,volatility,diff_std,MEASURED,0.200935840374903,
VPmax (mbar),inner_1,volatility,diff_std_over_std,MEASURED,0.048832530997244696,
VPmax (mbar),inner_1,volatility,rolling_std_cv,MEASURED,0.772407130950832,
VPmax (mbar),inner_1,acf_selected,acf_lag_1,MEASURED,0.9987756719851704,
VPmax (mbar),inner_1,acf_selected,acf_lag_144,MEASURED,0.7303949177622713,
VPmax (mbar),inner_1,acf_selected,acf_lag_288,MEASURED,0.5665599313720248,
VPmax (mbar),inner_1,acf_selected,acf_lag_1008,MEASURED,0.4281546563027238,
VPmax (mbar),inner_1,seasonality,seasonal_acf_daily_144,MEASURED,0.7303949177622713,
VPmax (mbar),inner_1,seasonality,seasonal_diff_var_ratio_daily_144,MEASURED,0.5327141234205245,
VPmax (mbar),inner_1,seasonality,seasonal_acf_weekly_1008,MEASURED,0.4281546563027238,
VPmax (mbar),inner_1,seasonality,seasonal_diff_var_ratio_weekly_1008,MEASURED,1.0253522303014702,
VPmax (mbar),inner_1,cost,seconds_quality,MEASURED,0.0003913326190476262,process CPU seconds of the batch divided by its features
VPmax (mbar),inner_1,cost,seconds_distribution,MEASURED,0.0017938383333333317,process CPU seconds of the batch divided by its features
VPmax (mbar),inner_1,cost,seconds_volatility,MEASURED,0.0002967885714285687,process CPU seconds of the batch divided by its features
VPmax (mbar),inner_1,cost,seconds_acf_selected,MEASURED,0.00014982047619046694,process CPU seconds of the batch divided by its features
VPmax (mbar),inner_1,cost,seconds_seasonality,MEASURED,0.00029822766666666645,process CPU seconds of the batch divided by its features
VPmax (mbar),inner_1,stationarity,adf_c_aic_pvalue,NOT_RUN,,DEFERRED_TO_PS4
VPmax (mbar),inner_1,stationarity,kpss_c_auto_pvalue,NOT_RUN,,DEFERRED_TO_PS4
VPmax (mbar),inner_1,spectral,peak1_period_rows,NOT_RUN,,DEFERRED_TO_PS4
VPmax (mbar),inner_1,spectral,entropy_normalized,NOT_RUN,,DEFERRED_TO_PS4
VPmax (mbar),inner_1,stl,stl_seasonal_strength_primary,NOT_RUN,,DEFERRED_TO_PS4
VPact (mbar),inner_1,quality,missing_fraction,MEASURED,0.0,
VPact (mbar),inner_1,quality,nonfinite_count,MEASURED,0,
VPact (mbar),inner_1,quality,constant_flag,MEASURED,False,
VPact (mbar),inner_1,quality,unique_ratio,MEASURED,0.055361544782251436,
VPact (mbar),inner_1,quality,sentinel_le_m9999_count,MEASURED,0,
VPact (mbar),inner_1,distribution,mean,MEASURED,6.6485409819227606,
VPact (mbar),inner_1,distribution,std,MEASURED,1.8916088198523089,
VPact (mbar),inner_1,distribution,median,MEASURED,6.39,
VPact (mbar),inner_1,distribution,iqr,MEASURED,2.25,
VPact (mbar),inner_1,distribution,mad,MEASURED,1.0499999999999998,
VPact (mbar),inner_1,distribution,skewness,MEASURED,0.7526441607711498,
VPact (mbar),inner_1,distribution,excess_kurtosis,MEASURED,1.7093820135294244,
VPact (mbar),inner_1,distribution,q01,MEASURED,2.81,
VPact (mbar),inner_1,distribution,q99,MEASURED,11.83290000000001,
VPact (mbar),inner_1,distribution,upper_tail_ratio,MEASURED,5.193544776119411,
VPact (mbar),inner_1,distribution,lower_tail_ratio,MEASURED,4.087912087912091,
VPact (mbar),inner_1,volatility,diff_std,MEASURED,0.10029401316787279,
VPact (mbar),inner_1,volatility,diff_std_over_std,MEASURED,0.05302048294303441,
VPact (mbar),inner_1,volatility,rolling_std_cv,MEASURED,0.671551705240161,
VPact (mbar),inner_1,acf_selected,acf_lag_1,MEASURED,0.9985847952840992,
VPact (mbar),inner_1,acf_selected,acf_lag_144,MEASURED,0.47475403024924756,
VPact (mbar),inner_1,acf_selected,acf_lag_288,MEASURED,0.2185010203985086,
VPact (mbar),inner_1,acf_selected,acf_lag_1008,MEASURED,0.06658097085824977,
VPact (mbar),inner_1,seasonality,seasonal_acf_daily_144,MEASURED,0.47475403024924756,
VPact (mbar),inner_1,seasonality,seasonal_diff_var_ratio_daily_144,MEASURED,1.0506592204625627,
VPact (mbar),inner_1,seasonality,seasonal_acf_weekly_1008,MEASURED,0.06658097085824977,
VPact (mbar),inner_1,seasonality,seasonal_diff_var_ratio_weekly_1008,MEASURED,1.805677913453767,
VPact (mbar),inner_1,cost,seconds_quality,MEASURED,0.0003913326190476262,process CPU seconds of the batch divided by its features
VPact (mbar),inner_1,cost,seconds_distribution,MEASURED,0.0017938383333333317,process CPU seconds of the batch divided by its features
VPact (mbar),inner_1,cost,seconds_volatility,MEASURED,0.0002967885714285687,process CPU seconds of the batch divided by its features
VPact (mbar),inner_1,cost,seconds_acf_selected,MEASURED,0.00014982047619046694,process CPU seconds of the batch divided by its features
VPact (mbar),inner_1,cost,seconds_seasonality,MEASURED,0.00029822766666666645,process CPU seconds of the batch divided by its features
VPact (mbar),inner_1,stationarity,adf_c_aic_pvalue,NOT_RUN,,DEFERRED_TO_PS4
VPact (mbar),inner_1,stationarity,kpss_c_auto_pvalue,NOT_RUN,,DEFERRED_TO_PS4
VPact (mbar),inner_1,spectral,peak1_period_rows,NOT_RUN,,DEFERRED_TO_PS4
VPact (mbar),inner_1,spectral,entropy_normalized,NOT_RUN,,DEFERRED_TO_PS4
VPact (mbar),inner_1,stl,stl_seasonal_strength_primary,NOT_RUN,,DEFERRED_TO_PS4
VPdef (mbar),inner_1,quality,missing_fraction,MEASURED,0.0,
VPdef (mbar),inner_1,quality,nonfinite_count,MEASURED,0,
VPdef (mbar),inner_1,quality,constant_flag,MEASURED,False,
VPdef (mbar),inner_1,quality,unique_ratio,MEASURED,0.08370994248151191,
VPdef (mbar),inner_1,quality,sentinel_le_m9999_count,MEASURED,0,
VPdef (mbar),inner_1,distribution,mean,MEASURED,3.7148577444535738,
VPdef (mbar),inner_1,distribution,std,MEASURED,3.38723734289615,
VPdef (mbar),inner_1,distribution,median,MEASURED,2.62,
VPdef (mbar),inner_1,distribution,iqr,MEASURED,3.22,
VPdef (mbar),inner_1,distribution,mad,MEASURED,1.4000000000000001,
VPdef (mbar),inner_1,distribution,skewness,MEASURED,1.9122307525298452,
VPdef (mbar),inner_1,distribution,excess_kurtosis,MEASURED,3.9848043824429205,
VPdef (mbar),inner_1,distribution,q01,MEASURED,0.26,
VPdef (mbar),inner_1,distribution,q99,MEASURED,16.68,
VPdef (mbar),inner_1,distribution,upper_tail_ratio,MEASURED,7.281947115384617,
VPdef (mbar),inner_1,distribution,lower_tail_ratio,MEASURED,2.1052631578947367,
VPdef (mbar),inner_1,volatility,diff_std,MEASURED,0.21047395191539645,
VPdef (mbar),inner_1,volatility,diff_std_over_std,MEASURED,0.06213734988391376,
VPdef (mbar),inner_1,volatility,rolling_std_cv,MEASURED,0.8319158920856727,
VPdef (mbar),inner_1,acf_selected,acf_lag_1,MEASURED,0.9980424464465203,
VPdef (mbar),inner_1,acf_selected,acf_lag_144,MEASURED,0.7049443005758803,
VPdef (mbar),inner_1,acf_selected,acf_lag_288,MEASURED,0.6078305660147258,
VPdef (mbar),inner_1,acf_selected,acf_lag_1008,MEASURED,0.49241212473143875,
VPdef (mbar),inner_1,seasonality,seasonal_acf_daily_144,MEASURED,0.7049443005758803,
VPdef (mbar),inner_1,seasonality,seasonal_diff_var_ratio_daily_144,MEASURED,0.5875009337908734,
VPdef (mbar),inner_1,seasonality,seasonal_acf_weekly_1008,MEASURED,0.49241212473143875,
VPdef (mbar),inner_1,seasonality,seasonal_diff_var_ratio_weekly_1008,MEASURED,0.9231841176335329,
VPdef (mbar),inner_1,cost,seconds_quality,MEASURED,0.0003913326190476262,process CPU seconds of the batch divided by its features
VPdef (mbar),inner_1,cost,seconds_distribution,MEASURED,0.0017938383333333317,process CPU seconds of the batch divided by its features
VPdef (mbar),inner_1,cost,seconds_volatility,MEASURED,0.0002967885714285687,process CPU seconds of the batch divided by its features
VPdef (mbar),inner_1,cost,seconds_acf_selected,MEASURED,0.00014982047619046694,process CPU seconds of the batch divided by its features
VPdef (mbar),inner_1,cost,seconds_seasonality,MEASURED,0.00029822766666666645,process CPU seconds of the batch divided by its features
VPdef (mbar),inner_1,stationarity,adf_c_aic_pvalue,NOT_RUN,,DEFERRED_TO_PS4
VPdef (mbar),inner_1,stationarity,kpss_c_auto_pvalue,NOT_RUN,,DEFERRED_TO_PS4
VPdef (mbar),inner_1,spectral,peak1_period_rows,NOT_RUN,,DEFERRED_TO_PS4
VPdef (mbar),inner_1,spectral,entropy_normalized,NOT_RUN,,DEFERRED_TO_PS4
VPdef (mbar),inner_1,stl,stl_seasonal_strength_primary,NOT_RUN,,DEFERRED_TO_PS4
sh (g/kg),inner_1,quality,missing_fraction,MEASURED,0.0,
sh (g/kg),inner_1,quality,nonfinite_count,MEASURED,0,
sh (g/kg),inner_1,quality,constant_flag,MEASURED,False,
sh (g/kg),inner_1,quality,unique_ratio,MEASURED,0.03743837304847987,
sh (g/kg),inner_1,quality,sentinel_le_m9999_count,MEASURED,0,
sh (g/kg),inner_1,distribution,mean,MEASURED,4.189146466721446,
sh (g/kg),inner_1,distribution,std,MEASURED,1.2119099920736405,
sh (g/kg),inner_1,distribution,median,MEASURED,4.02,
sh (g/kg),inner_1,distribution,iqr,MEASURED,1.4600000000000004,
sh (g/kg),inner_1,distribution,mad,MEASURED,0.6799999999999997,
sh (g/kg),inner_1,distribution,skewness,MEASURED,0.766569702034872,
sh (g/kg),inner_1,distribution,excess_kurtosis,MEASURED,1.7746435344138156,
sh (g/kg),inner_1,distribution,q01,MEASURED,1.74,
sh (g/kg),inner_1,distribution,q99,MEASURED,7.472900000000009,
sh (g/kg),inner_1,distribution,upper_tail_ratio,MEASURED,5.12096590909091,
sh (g/kg),inner_1,distribution,lower_tail_ratio,MEASURED,4.086206896551726,
sh (g/kg),inner_1,volatility,diff_std,MEASURED,0.06357019948976121,
sh (g/kg),inner_1,volatility,diff_std_over_std,MEASURED,0.05245455512829738,
sh (g/kg),inner_1,volatility,rolling_std_cv,MEASURED,0.6723745720690195,
sh (g/kg),inner_1,acf_selected,acf_lag_1,MEASURED,0.9986130688652022,
sh (g/kg),inner_1,acf_selected,acf_lag_144,MEASURED,0.4772364860465671,
sh (g/kg),inner_1,acf_selected,acf_lag_288,MEASURED,0.21936048418066734,
sh (g/kg),inner_1,acf_selected,acf_lag_1008,MEASURED,0.0694031830892767,
sh (g/kg),inner_1,seasonality,seasonal_acf_daily_144,MEASURED,0.4772364860465671,
sh (g/kg),inner_1,seasonality,seasonal_diff_var_ratio_daily_144,MEASURED,1.0453453338342646,
sh (g/kg),inner_1,seasonality,seasonal_acf_weekly_1008,MEASURED,0.0694031830892767,
sh (g/kg),inner_1,seasonality,seasonal_diff_var_ratio_weekly_1008,MEASURED,1.7963308033386347,
sh (g/kg),inner_1,cost,seconds_quality,MEASURED,0.0003913326190476262,process CPU seconds of the batch divided by its features
sh (g/kg),inner_1,cost,seconds_distribution,MEASURED,0.0017938383333333317,process CPU seconds of the batch divided by its features
sh (g/kg),inner_1,cost,seconds_volatility,MEASURED,0.0002967885714285687,process CPU seconds of the batch divided by its features
sh (g/kg),inner_1,cost,seconds_acf_selected,MEASURED,0.00014982047619046694,process CPU seconds of the batch divided by its features
sh (g/kg),inner_1,cost,seconds_seasonality,MEASURED,0.00029822766666666645,process CPU seconds of the batch divided by its features
sh (g/kg),inner_1,stationarity,adf_c_aic_pvalue,NOT_RUN,,DEFERRED_TO_PS4
sh (g/kg),inner_1,stationarity,kpss_c_auto_pvalue,NOT_RUN,,DEFERRED_TO_PS4
sh (g/kg),inner_1,spectral,peak1_period_rows,NOT_RUN,,DEFERRED_TO_PS4
sh (g/kg),inner_1,spectral,entropy_normalized,NOT_RUN,,DEFERRED_TO_PS4
sh (g/kg),inner_1,stl,stl_seasonal_strength_primary,NOT_RUN,,DEFERRED_TO_PS4
H2OC (mmol/mol),inner_1,quality,missing_fraction,MEASURED,0.0,
H2OC (mmol/mol),inner_1,quality,nonfinite_count,MEASURED,0,
H2OC (mmol/mol),inner_1,quality,constant_flag,MEASURED,False,
H2OC (mmol/mol),inner_1,quality,unique_ratio,MEASURED,0.056234593262119964,
H2OC (mmol/mol),inner_1,quality,sentinel_le_m9999_count,MEASURED,0,
H2OC (mmol/mol),inner_1,distribution,mean,MEASURED,6.716478019720625,
H2OC (mmol/mol),inner_1,distribution,std,MEASURED,1.9374805177453591,
H2OC (mmol/mol),inner_1,distribution,median,MEASURED,6.44,
H2OC (mmol/mol),inner_1,distribution,iqr,MEASURED,2.34,
H2OC (mmol/mol),inner_1,distribution,mad,MEASURED,1.08,
H2OC (mmol/mol),inner_1,distribution,skewness,MEASURED,0.7596157873134903,
H2OC (mmol/mol),inner_1,distribution,excess_kurtosis,MEASURED,1.7518775266962257,
H2OC (mmol/mol),inner_1,distribution,q01,MEASURED,2.79,
H2OC (mmol/mol),inner_1,distribution,q99,MEASURED,11.96290000000001,
H2OC (mmol/mol),inner_1,distribution,upper_tail_ratio,MEASURED,5.105921985815614,
H2OC (mmol/mol),inner_1,distribution,lower_tail_ratio,MEASURED,4.075268817204299,
H2OC (mmol/mol),inner_1,volatility,diff_std,MEASURED,0.10138700692611582,
H2OC (mmol/mol),inner_1,volatility,diff_std_over_std,MEASURED,0.05232930395816295,
H2OC (mmol/mol),inner_1,volatility,rolling_std_cv,MEASURED,0.671123082258344,
H2OC (mmol/mol),inner_1,acf_selected,acf_lag_1,MEASURED,0.9986197324548236,
H2OC (mmol/mol),inner_1,acf_selected,acf_lag_144,MEASURED,0.47770665855900735,
H2OC (mmol/mol),inner_1,acf_selected,acf_lag_288,MEASURED,0.21967946643735586,
H2OC (mmol/mol),inner_1,acf_selected,acf_lag_1008,MEASURED,0.06964627796292289,
H2OC (mmol/mol),inner_1,seasonality,seasonal_acf_daily_144,MEASURED,0.47770665855900735,
H2OC (mmol/mol),inner_1,seasonality,seasonal_diff_var_ratio_daily_144,MEASURED,1.0443843813127887,
H2OC (mmol/mol),inner_1,seasonality,seasonal_acf_weekly_1008,MEASURED,0.06964627796292289,
H2OC (mmol/mol),inner_1,seasonality,seasonal_diff_var_ratio_weekly_1008,MEASURED,1.7963369100027198,
H2OC (mmol/mol),inner_1,cost,seconds_quality,MEASURED,0.0003913326190476262,process CPU seconds of the batch divided by its features
H2OC (mmol/mol),inner_1,cost,seconds_distribution,MEASURED,0.0017938383333333317,process CPU seconds of the batch divided by its features
H2OC (mmol/mol),inner_1,cost,seconds_volatility,MEASURED,0.0002967885714285687,process CPU seconds of the batch divided by its features
H2OC (mmol/mol),inner_1,cost,seconds_acf_selected,MEASURED,0.00014982047619046694,process CPU seconds of the batch divided by its features
H2OC (mmol/mol),inner_1,cost,seconds_seasonality,MEASURED,0.00029822766666666645,process CPU seconds of the batch divided by its features
H2OC (mmol/mol),inner_1,stationarity,adf_c_aic_pvalue,NOT_RUN,,DEFERRED_TO_PS4
H2OC (mmol/mol),inner_1,stationarity,kpss_c_auto_pvalue,NOT_RUN,,DEFERRED_TO_PS4
H2OC (mmol/mol),inner_1,spectral,peak1_period_rows,NOT_RUN,,DEFERRED_TO_PS4
H2OC (mmol/mol),inner_1,spectral,entropy_normalized,NOT_RUN,,DEFERRED_TO_PS4
H2OC (mmol/mol),inner_1,stl,stl_seasonal_strength_primary,NOT_RUN,,DEFERRED_TO_PS4
rho (g/m**3),inner_1,quality,missing_fraction,MEASURED,0.0,
rho (g/m**3),inner_1,quality,nonfinite_count,MEASURED,0,
rho (g/m**3),inner_1,quality,constant_flag,MEASURED,False,
rho (g/m**3),inner_1,quality,unique_ratio,MEASURED,0.4899342645850452,
rho (g/m**3),inner_1,quality,sentinel_le_m9999_count,MEASURED,0,
rho (g/m**3),inner_1,distribution,mean,MEASURED,1231.5434464872637,
rho (g/m**3),inner_1,distribution,std,MEASURED,30.340804878347008,
rho (g/m**3),inner_1,distribution,median,MEASURED,1231.04,
rho (g/m**3),inner_1,distribution,iqr,MEASURED,41.975000000000136,
rho (g/m**3),inner_1,distribution,mad,MEASURED,21.049999999999955,
rho (g/m**3),inner_1,distribution,skewness,MEASURED,0.0808390948867039,
rho (g/m**3),inner_1,distribution,excess_kurtosis,MEASURED,-0.26943689725442743,
rho (g/m**3),inner_1,distribution,q01,MEASURED,1163.7042000000001,
rho (g/m**3),inner_1,distribution,q99,MEASURED,1302.7445,
rho (g/m**3),inner_1,distribution,upper_tail_ratio,MEASURED,3.67545711592837,
rho (g/m**3),inner_1,distribution,lower_tail_ratio,MEASURED,3.399180920260158,
rho (g/m**3),inner_1,volatility,diff_std,MEASURED,1.1243556938325656,
rho (g/m**3),inner_1,volatility,diff_std_over_std,MEASURED,0.03705754340864478,
rho (g/m**3),inner_1,volatility,rolling_std_cv,MEASURED,0.534217680660409,
rho (g/m**3),inner_1,acf_selected,acf_lag_1,MEASURED,0.9992417838495272,
rho (g/m**3),inner_1,acf_selected,acf_lag_144,MEASURED,0.7074052775750304,
rho (g/m**3),inner_1,acf_selected,acf_lag_288,MEASURED,0.48819809354487204,
rho (g/m**3),inner_1,acf_selected,acf_lag_1008,MEASURED,0.30925820611717164,
rho (g/m**3),inner_1,seasonality,seasonal_acf_daily_144,MEASURED,0.7074052775750304,
rho (g/m**3),inner_1,seasonality,seasonal_diff_var_ratio_daily_144,MEASURED,0.5645743656743452,
rho (g/m**3),inner_1,seasonality,seasonal_acf_weekly_1008,MEASURED,0.30925820611717164,
rho (g/m**3),inner_1,seasonality,seasonal_diff_var_ratio_weekly_1008,MEASURED,1.2868803461422686,
rho (g/m**3),inner_1,cost,seconds_quality,MEASURED,0.0003913326190476262,process CPU seconds of the batch divided by its features
rho (g/m**3),inner_1,cost,seconds_distribution,MEASURED,0.0017938383333333317,process CPU seconds of the batch divided by its features
rho (g/m**3),inner_1,cost,seconds_volatility,MEASURED,0.0002967885714285687,process CPU seconds of the batch divided by its features
rho (g/m**3),inner_1,cost,seconds_acf_selected,MEASURED,0.00014982047619046694,process CPU seconds of the batch divided by its features
rho (g/m**3),inner_1,cost,seconds_seasonality,MEASURED,0.00029822766666666645,process CPU seconds of the batch divided by its features
rho (g/m**3),inner_1,stationarity,adf_c_aic_pvalue,NOT_RUN,,DEFERRED_TO_PS4
rho (g/m**3),inner_1,stationarity,kpss_c_auto_pvalue,NOT_RUN,,DEFERRED_TO_PS4
rho (g/m**3),inner_1,spectral,peak1_period_rows,NOT_RUN,,DEFERRED_TO_PS4
rho (g/m**3),inner_1,spectral,entropy_normalized,NOT_RUN,,DEFERRED_TO_PS4
rho (g/m**3),inner_1,stl,stl_seasonal_strength_primary,NOT_RUN,,DEFERRED_TO_PS4
wv (m/s),inner_1,quality,missing_fraction,MEASURED,0.0,
wv (m/s),inner_1,quality,nonfinite_count,MEASURED,0,
wv (m/s),inner_1,quality,constant_flag,MEASURED,False,
wv (m/s),inner_1,quality,unique_ratio,MEASURED,0.048942070665571075,
wv (m/s),inner_1,quality,sentinel_le_m9999_count,MEASURED,1,
wv (m/s),inner_1,distribution,mean,MEASURED,2.0188881470829907,
wv (m/s),inner_1,distribution,std,MEASURED,71.69814993323192,
wv (m/s),inner_1,distribution,median,MEASURED,2.07,
wv (m/s),inner_1,distribution,iqr,MEASURED,2.4025,
wv (m/s),inner_1,distribution,mad,MEASURED,1.1099999999999999,
wv (m/s),inner_1,distribution,skewness,MEASURED,-139.4007563906468,
wv (m/s),inner_1,distribution,excess_kurtosis,MEASURED,19445.70787555763,
wv (m/s),inner_1,distribution,q01,MEASURED,0.23,
wv (m/s),inner_1,distribution,q99,MEASURED,8.24290000000001,
wv (m/s),inner_1,distribution,upper_tail_ratio,MEASURED,5.14143356643358,
wv (m/s),inner_1,distribution,lower_tail_ratio,MEASURED,1.9331619537275069,
wv (m/s),inner_1,volatility,diff_std,MEASURED,101.3690298229002,
wv (m/s),inner_1,volatility,diff_std_over_std,MEASURED,1.4138304812230016,
wv (m/s),inner_1,volatility,rolling_std_cv,MEASURED,9.641496625159023,
wv (m/s),inner_1,acf_selected,acf_lag_1,MEASURED,0.0005929991318105096,
wv (m/s),inner_1,acf_selected,acf_lag_144,MEASURED,-0.00015458699440365793,
wv (m/s),inner_1,acf_selected,acf_lag_288,MEASURED,-0.0002510105664157028,
wv (m/s),inner_1,acf_selected,acf_lag_1008,MEASURED,-9.378556415781493e-05,
wv (m/s),inner_1,seasonality,seasonal_acf_daily_144,MEASURED,-0.00015458699440365793,
wv (m/s),inner_1,seasonality,seasonal_diff_var_ratio_daily_144,MEASURED,2.015207742068528,
wv (m/s),inner_1,seasonality,seasonal_acf_weekly_1008,MEASURED,-9.378556415781493e-05,
wv (m/s),inner_1,seasonality,seasonal_diff_var_ratio_weekly_1008,MEASURED,2.1093426257525376,
wv (m/s),inner_1,cost,seconds_quality,MEASURED,0.0003913326190476262,process CPU seconds of the batch divided by its features
wv (m/s),inner_1,cost,seconds_distribution,MEASURED,0.0017938383333333317,process CPU seconds of the batch divided by its features
wv (m/s),inner_1,cost,seconds_volatility,MEASURED,0.0002967885714285687,process CPU seconds of the batch divided by its features
wv (m/s),inner_1,cost,seconds_acf_selected,MEASURED,0.00014982047619046694,process CPU seconds of the batch divided by its features
wv (m/s),inner_1,cost,seconds_seasonality,MEASURED,0.00029822766666666645,process CPU seconds of the batch divided by its features
wv (m/s),inner_1,stationarity,adf_c_aic_pvalue,NOT_RUN,,DEFERRED_TO_PS4
wv (m/s),inner_1,stationarity,kpss_c_auto_pvalue,NOT_RUN,,DEFERRED_TO_PS4
wv (m/s),inner_1,spectral,peak1_period_rows,NOT_RUN,,DEFERRED_TO_PS4
wv (m/s),inner_1,spectral,entropy_normalized,NOT_RUN,,DEFERRED_TO_PS4
wv (m/s),inner_1,stl,stl_seasonal_strength_primary,NOT_RUN,,DEFERRED_TO_PS4
max. wv (m/s),inner_1,quality,missing_fraction,MEASURED,0.0,
max. wv (m/s),inner_1,quality,nonfinite_count,MEASURED,0,
max. wv (m/s),inner_1,quality,constant_flag,MEASURED,False,
max. wv (m/s),inner_1,quality,unique_ratio,MEASURED,0.04858258011503697,
max. wv (m/s),inner_1,quality,sentinel_le_m9999_count,MEASURED,0,
max. wv (m/s),inner_1,distribution,mean,MEASURED,4.245214667214462,
max. wv (m/s),inner_1,distribution,std,MEASURED,2.857201705710276,
max. wv (m/s),inner_1,distribution,median,MEASURED,3.63,
max. wv (m/s),inner_1,distribution,iqr,MEASURED,3.8499999999999996,
max. wv (m/s),inner_1,distribution,mad,MEASURED,1.8299999999999998,
max. wv (m/s),inner_1,distribution,skewness,MEASURED,1.1717577729402944,
max. wv (m/s),inner_1,distribution,excess_kurtosis,MEASURED,1.7549441431073678,
max. wv (m/s),inner_1,distribution,q01,MEASURED,0.52,
max. wv (m/s),inner_1,distribution,q99,MEASURED,13.105800000000016,
max. wv (m/s),inner_1,distribution,upper_tail_ratio,MEASURED,4.912815315315317,
max. wv (m/s),inner_1,distribution,lower_tail_ratio,MEASURED,1.9570552147239264,
max. wv (m/s),inner_1,volatility,diff_std,MEASURED,1.0648739974493724,
max. wv (m/s),inner_1,volatility,diff_std_over_std,MEASURED,0.3726982226425116,
max. wv (m/s),inner_1,volatility,rolling_std_cv,MEASURED,0.4125112394481732,
max. wv (m/s),inner_1,acf_selected,acf_lag_1,MEASURED,0.9305019168035533,
max. wv (m/s),inner_1,acf_selected,acf_lag_144,MEASURED,0.4302293464697554,
max. wv (m/s),inner_1,acf_selected,acf_lag_288,MEASURED,0.33323867160107074,
max. wv (m/s),inner_1,acf_selected,acf_lag_1008,MEASURED,0.24499606188150727,
max. wv (m/s),inner_1,seasonality,seasonal_acf_daily_144,MEASURED,0.4302293464697554,
max. wv (m/s),inner_1,seasonality,seasonal_diff_var_ratio_daily_144,MEASURED,1.1369698608841812,
max. wv (m/s),inner_1,seasonality,seasonal_acf_weekly_1008,MEASURED,0.24499606188150727,
max. wv (m/s),inner_1,seasonality,seasonal_diff_var_ratio_weekly_1008,MEASURED,1.517050542240789,
max. wv (m/s),inner_1,cost,seconds_quality,MEASURED,0.0003913326190476262,process CPU seconds of the batch divided by its features
max. wv (m/s),inner_1,cost,seconds_distribution,MEASURED,0.0017938383333333317,process CPU seconds of the batch divided by its features
max. wv (m/s),inner_1,cost,seconds_volatility,MEASURED,0.0002967885714285687,process CPU seconds of the batch divided by its features
max. wv (m/s),inner_1,cost,seconds_acf_selected,MEASURED,0.00014982047619046694,process CPU seconds of the batch divided by its features
max. wv (m/s),inner_1,cost,seconds_seasonality,MEASURED,0.00029822766666666645,process CPU seconds of the batch divided by its features
max. wv (m/s),inner_1,stationarity,adf_c_aic_pvalue,NOT_RUN,,DEFERRED_TO_PS4
max. wv (m/s),inner_1,stationarity,kpss_c_auto_pvalue,NOT_RUN,,DEFERRED_TO_PS4
max. wv (m/s),inner_1,spectral,peak1_period_rows,NOT_RUN,,DEFERRED_TO_PS4
max. wv (m/s),inner_1,spectral,entropy_normalized,NOT_RUN,,DEFERRED_TO_PS4
max. wv (m/s),inner_1,stl,stl_seasonal_strength_primary,NOT_RUN,,DEFERRED_TO_PS4
wd (deg),inner_1,quality,missing_fraction,MEASURED,0.0,
wd (deg),inner_1,quality,nonfinite_count,MEASURED,0,
wd (deg),inner_1,quality,constant_flag,MEASURED,False,
wd (deg),inner_1,quality,unique_ratio,MEASURED,0.2685907970419063,
wd (deg),inner_1,quality,sentinel_le_m9999_count,MEASURED,0,
wd (deg),inner_1,distribution,mean,MEASURED,177.24422658175843,
wd (deg),inner_1,distribution,std,MEASURED,80.49087923514598,
wd (deg),inner_1,distribution,median,MEASURED,198.1,
wd (deg),inner_1,distribution,iqr,MEASURED,87.4,
wd (deg),inner_1,distribution,mad,MEASURED,39.5,
wd (deg),inner_1,distribution,skewness,MEASURED,-0.5726663820969863,
wd (deg),inner_1,distribution,excess_kurtosis,MEASURED,-0.3373997518794565,
wd (deg),inner_1,distribution,q01,MEASURED,7.3442,
wd (deg),inner_1,distribution,q99,MEASURED,349.6,
wd (deg),inner_1,distribution,upper_tail_ratio,MEASURED,5.16213815789474,
wd (deg),inner_1,distribution,lower_tail_ratio,MEASURED,3.4122692982456138,
wd (deg),inner_1,volatility,diff_std,MEASURED,57.937578500557656,
wd (deg),inner_1,volatility,diff_std_over_std,MEASURED,0.7198030267665342,
wd (deg),inner_1,volatility,rolling_std_cv,MEASURED,0.6065597763148258,
wd (deg),inner_1,acf_selected,acf_lag_1,MEASURED,0.7409456232630738,
wd (deg),inner_1,acf_selected,acf_lag_144,MEASURED,0.2642120730266513,
wd (deg),inner_1,acf_selected,acf_lag_288,MEASURED,0.22209947257396126,
wd (deg),inner_1,acf_selected,acf_lag_1008,MEASURED,0.0766666827757834,
wd (deg),inner_1,seasonality,seasonal_acf_daily_144,MEASURED,0.2642120730266513,
wd (deg),inner_1,seasonality,seasonal_diff_var_ratio_daily_144,MEASURED,1.4559970631955732,
wd (deg),inner_1,seasonality,seasonal_acf_weekly_1008,MEASURED,0.0766666827757834,
wd (deg),inner_1,seasonality,seasonal_diff_var_ratio_weekly_1008,MEASURED,1.8000038996511283,
wd (deg),inner_1,cost,seconds_quality,MEASURED,0.0003913326190476262,process CPU seconds of the batch divided by its features
wd (deg),inner_1,cost,seconds_distribution,MEASURED,0.0017938383333333317,process CPU seconds of the batch divided by its features
wd (deg),inner_1,cost,seconds_volatility,MEASURED,0.0002967885714285687,process CPU seconds of the batch divided by its features
wd (deg),inner_1,cost,seconds_acf_selected,MEASURED,0.00014982047619046694,process CPU seconds of the batch divided by its features
wd (deg),inner_1,cost,seconds_seasonality,MEASURED,0.00029822766666666645,process CPU seconds of the batch divided by its features
wd (deg),inner_1,stationarity,adf_c_aic_pvalue,NOT_RUN,,DEFERRED_TO_PS4
wd (deg),inner_1,stationarity,kpss_c_auto_pvalue,NOT_RUN,,DEFERRED_TO_PS4
wd (deg),inner_1,spectral,peak1_period_rows,NOT_RUN,,DEFERRED_TO_PS4
wd (deg),inner_1,spectral,entropy_normalized,NOT_RUN,,DEFERRED_TO_PS4
wd (deg),inner_1,stl,stl_seasonal_strength_primary,NOT_RUN,,DEFERRED_TO_PS4
rain (mm),inner_1,quality,missing_fraction,MEASURED,0.0,
rain (mm),inner_1,quality,nonfinite_count,MEASURED,0,
rain (mm),inner_1,quality,constant_flag,MEASURED,False,
rain (mm),inner_1,quality,unique_ratio,MEASURED,0.0010784716516023007,
rain (mm),inner_1,quality,sentinel_le_m9999_count,MEASURED,0,
rain (mm),inner_1,distribution,mean,MEASURED,0.008874281018898932,
rain (mm),inner_1,distribution,std,MEASURED,0.06802741845421276,
rain (mm),inner_1,distribution,median,MEASURED,0.0,
rain (mm),inner_1,distribution,iqr,MEASURED,0.0,
rain (mm),inner_1,distribution,mad,MEASURED,0.0,
rain (mm),inner_1,distribution,skewness,MEASURED,15.545469721986798,
rain (mm),inner_1,distribution,excess_kurtosis,MEASURED,359.48549545495,
rain (mm),inner_1,distribution,q01,MEASURED,0.0,
rain (mm),inner_1,distribution,q99,MEASURED,0.3,
rain (mm),inner_1,distribution,upper_tail_ratio,NOT_RUN,,ZERO_UPPER_QUARTILE_SPREAD
rain (mm),inner_1,distribution,lower_tail_ratio,NOT_RUN,,ZERO_LOWER_QUARTILE_SPREAD
rain (mm),inner_1,volatility,diff_std,MEASURED,0.06369063647932278,
rain (mm),inner_1,volatility,diff_std_over_std,MEASURED,0.9362494994895487,
rain (mm),inner_1,volatility,rolling_std_cv,MEASURED,1.9185678289580281,
rain (mm),inner_1,acf_selected,acf_lag_1,MEASURED,0.561740072808591,
rain (mm),inner_1,acf_selected,acf_lag_144,MEASURED,0.007160234322849854,
rain (mm),inner_1,acf_selected,acf_lag_288,MEASURED,-0.007614948979233903,
rain (mm),inner_1,acf_selected,acf_lag_1008,MEASURED,-2.0964621843966336e-05,
rain (mm),inner_1,seasonality,seasonal_acf_daily_144,MEASURED,0.007160234322849854,
rain (mm),inner_1,seasonality,seasonal_diff_var_ratio_daily_144,MEASURED,2.0002199148031643,
rain (mm),inner_1,seasonality,seasonal_acf_weekly_1008,MEASURED,-2.0964621843966336e-05,
rain (mm),inner_1,seasonality,seasonal_diff_var_ratio_weekly_1008,MEASURED,1.9550011529232167,
rain (mm),inner_1,cost,seconds_quality,MEASURED,0.0003913326190476262,process CPU seconds of the batch divided by its features
rain (mm),inner_1,cost,seconds_distribution,MEASURED,0.0017938383333333317,process CPU seconds of the batch divided by its features
rain (mm),inner_1,cost,seconds_volatility,MEASURED,0.0002967885714285687,process CPU seconds of the batch divided by its features
rain (mm),inner_1,cost,seconds_acf_selected,MEASURED,0.00014982047619046694,process CPU seconds of the batch divided by its features
rain (mm),inner_1,cost,seconds_seasonality,MEASURED,0.00029822766666666645,process CPU seconds of the batch divided by its features
rain (mm),inner_1,stationarity,adf_c_aic_pvalue,NOT_RUN,,DEFERRED_TO_PS4
rain (mm),inner_1,stationarity,kpss_c_auto_pvalue,NOT_RUN,,DEFERRED_TO_PS4
rain (mm),inner_1,spectral,peak1_period_rows,NOT_RUN,,DEFERRED_TO_PS4
rain (mm),inner_1,spectral,entropy_normalized,NOT_RUN,,DEFERRED_TO_PS4
rain (mm),inner_1,stl,stl_seasonal_strength_primary,NOT_RUN,,DEFERRED_TO_PS4
raining (s),inner_1,quality,missing_fraction,MEASURED,0.0,
raining (s),inner_1,quality,nonfinite_count,MEASURED,0,
raining (s),inner_1,quality,constant_flag,MEASURED,False,
raining (s),inner_1,quality,unique_ratio,MEASURED,0.0031327033689400163,
raining (s),inner_1,quality,sentinel_le_m9999_count,MEASURED,0,
raining (s),inner_1,distribution,mean,MEASURED,24.38424404272802,
raining (s),inner_1,distribution,std,MEASURED,107.99811519717404,
raining (s),inner_1,distribution,median,MEASURED,0.0,
raining (s),inner_1,distribution,iqr,MEASURED,0.0,
raining (s),inner_1,distribution,mad,MEASURED,0.0,
raining (s),inner_1,distribution,skewness,MEASURED,4.602200578718702,
raining (s),inner_1,distribution,excess_kurtosis,MEASURED,20.115758314205056,
raining (s),inner_1,distribution,q01,MEASURED,0.0,
raining (s),inner_1,distribution,q99,MEASURED,600.0,
raining (s),inner_1,distribution,upper_tail_ratio,NOT_RUN,,ZERO_UPPER_QUARTILE_SPREAD
raining (s),inner_1,distribution,lower_tail_ratio,NOT_RUN,,ZERO_LOWER_QUARTILE_SPREAD
raining (s),inner_1,volatility,diff_std,MEASURED,57.20946114749597,
raining (s),inner_1,volatility,diff_std_over_std,MEASURED,0.5297264775690544,
raining (s),inner_1,volatility,rolling_std_cv,MEASURED,1.387822338663996,
raining (s),inner_1,acf_selected,acf_lag_1,MEASURED,0.8596995171585015,
raining (s),inner_1,acf_selected,acf_lag_144,MEASURED,0.05697178515169609,
raining (s),inner_1,acf_selected,acf_lag_288,MEASURED,0.004680168519740701,
raining (s),inner_1,acf_selected,acf_lag_1008,MEASURED,0.06794630545525618,
raining (s),inner_1,seasonality,seasonal_acf_daily_144,MEASURED,0.05697178515169609,
raining (s),inner_1,seasonality,seasonal_diff_var_ratio_daily_144,MEASURED,1.899348523617916,
raining (s),inner_1,seasonality,seasonal_acf_weekly_1008,MEASURED,0.06794630545525618,
raining (s),inner_1,seasonality,seasonal_diff_var_ratio_weekly_1008,MEASURED,1.857235785041971,
raining (s),inner_1,cost,seconds_quality,MEASURED,0.0003913326190476262,process CPU seconds of the batch divided by its features
raining (s),inner_1,cost,seconds_distribution,MEASURED,0.0017938383333333317,process CPU seconds of the batch divided by its features
raining (s),inner_1,cost,seconds_volatility,MEASURED,0.0002967885714285687,process CPU seconds of the batch divided by its features
raining (s),inner_1,cost,seconds_acf_selected,MEASURED,0.00014982047619046694,process CPU seconds of the batch divided by its features
raining (s),inner_1,cost,seconds_seasonality,MEASURED,0.00029822766666666645,process CPU seconds of the batch divided by its features
raining (s),inner_1,stationarity,adf_c_aic_pvalue,NOT_RUN,,DEFERRED_TO_PS4
raining (s),inner_1,stationarity,kpss_c_auto_pvalue,NOT_RUN,,DEFERRED_TO_PS4
raining (s),inner_1,spectral,peak1_period_rows,NOT_RUN,,DEFERRED_TO_PS4
raining (s),inner_1,spectral,entropy_normalized,NOT_RUN,,DEFERRED_TO_PS4
raining (s),inner_1,stl,stl_seasonal_strength_primary,NOT_RUN,,DEFERRED_TO_PS4
SWDR (W/m�),inner_1,quality,missing_fraction,MEASURED,0.0,
SWDR (W/m�),inner_1,quality,nonfinite_count,MEASURED,0,
SWDR (W/m�),inner_1,quality,constant_flag,MEASURED,False,
SWDR (W/m�),inner_1,quality,unique_ratio,MEASURED,0.16444124897288415,
SWDR (W/m�),inner_1,quality,sentinel_le_m9999_count,MEASURED,0,
SWDR (W/m�),inner_1,distribution,mean,MEASURED,117.6474840797042,
SWDR (W/m�),inner_1,distribution,std,MEASURED,201.8959099903862,
SWDR (W/m�),inner_1,distribution,median,MEASURED,0.0,
SWDR (W/m�),inner_1,distribution,iqr,MEASURED,153.32,
SWDR (W/m�),inner_1,distribution,mad,MEASURED,0.0,
SWDR (W/m�),inner_1,distribution,skewness,MEASURED,1.9177232941298044,
SWDR (W/m�),inner_1,distribution,excess_kurtosis,MEASURED,2.7880134370105907,
SWDR (W/m�),inner_1,distribution,q01,MEASURED,0.0,
SWDR (W/m�),inner_1,distribution,q99,MEASURED,791.8660000000003,
SWDR (W/m�),inner_1,distribution,upper_tail_ratio,MEASURED,5.370075658752936,
SWDR (W/m�),inner_1,distribution,lower_tail_ratio,NOT_RUN,,ZERO_LOWER_QUARTILE_SPREAD
SWDR (W/m�),inner_1,volatility,diff_std,MEASURED,48.63822641662136,
SWDR (W/m�),inner_1,volatility,diff_std_over_std,MEASURED,0.24090743799088052,
SWDR (W/m�),inner_1,volatility,rolling_std_cv,MEASURED,0.6128270200843122,
SWDR (W/m�),inner_1,acf_selected,acf_lag_1,MEASURED,0.9709695301975254,
SWDR (W/m�),inner_1,acf_selected,acf_lag_144,MEASURED,0.8385856015550697,
SWDR (W/m�),inner_1,acf_selected,acf_lag_288,MEASURED,0.7798006761058948,
SWDR (W/m�),inner_1,acf_selected,acf_lag_1008,MEASURED,0.7401487260893733,
SWDR (W/m�),inner_1,seasonality,seasonal_acf_daily_144,MEASURED,0.8385856015550697,
SWDR (W/m�),inner_1,seasonality,seasonal_diff_var_ratio_daily_144,MEASURED,0.31882870966801496,
SWDR (W/m�),inner_1,seasonality,seasonal_acf_weekly_1008,MEASURED,0.7401487260893733,
SWDR (W/m�),inner_1,seasonality,seasonal_diff_var_ratio_weekly_1008,MEASURED,0.4461212758015584,
SWDR (W/m�),inner_1,cost,seconds_quality,MEASURED,0.0003913326190476262,process CPU seconds of the batch divided by its features
SWDR (W/m�),inner_1,cost,seconds_distribution,MEASURED,0.0017938383333333317,process CPU seconds of the batch divided by its features
SWDR (W/m�),inner_1,cost,seconds_volatility,MEASURED,0.0002967885714285687,process CPU seconds of the batch divided by its features
SWDR (W/m�),inner_1,cost,seconds_acf_selected,MEASURED,0.00014982047619046694,process CPU seconds of the batch divided by its features
SWDR (W/m�),inner_1,cost,seconds_seasonality,MEASURED,0.00029822766666666645,process CPU seconds of the batch divided by its features
SWDR (W/m�),inner_1,stationarity,adf_c_aic_pvalue,NOT_RUN,,DEFERRED_TO_PS4
SWDR (W/m�),inner_1,stationarity,kpss_c_auto_pvalue,NOT_RUN,,DEFERRED_TO_PS4
SWDR (W/m�),inner_1,spectral,peak1_period_rows,NOT_RUN,,DEFERRED_TO_PS4
SWDR (W/m�),inner_1,spectral,entropy_normalized,NOT_RUN,,DEFERRED_TO_PS4
SWDR (W/m�),inner_1,stl,stl_seasonal_strength_primary,NOT_RUN,,DEFERRED_TO_PS4
PAR (�mol/m�/s),inner_1,quality,missing_fraction,MEASURED,0.0,
PAR (�mol/m�/s),inner_1,quality,nonfinite_count,MEASURED,0,
PAR (�mol/m�/s),inner_1,quality,constant_flag,MEASURED,False,
PAR (�mol/m�/s),inner_1,quality,unique_ratio,MEASURED,0.2300225965488907,
PAR (�mol/m�/s),inner_1,quality,sentinel_le_m9999_count,MEASURED,0,
PAR (�mol/m�/s),inner_1,distribution,mean,MEASURED,228.9636236647494,
PAR (�mol/m�/s),inner_1,distribution,std,MEASURED,387.3577820419574,
PAR (�mol/m�/s),inner_1,distribution,median,MEASURED,1.16,
PAR (�mol/m�/s),inner_1,distribution,iqr,MEASURED,306.56,
PAR (�mol/m�/s),inner_1,distribution,mad,MEASURED,1.16,
PAR (�mol/m�/s),inner_1,distribution,skewness,MEASURED,1.9072662851237403,
PAR (�mol/m�/s),inner_1,distribution,excess_kurtosis,MEASURED,2.7947258338476857,
PAR (�mol/m�/s),inner_1,distribution,q01,MEASURED,0.0,
PAR (�mol/m�/s),inner_1,distribution,q99,MEASURED,1528.96,
PAR (�mol/m�/s),inner_1,distribution,upper_tail_ratio,MEASURED,5.198559266535691,
PAR (�mol/m�/s),inner_1,distribution,lower_tail_ratio,MEASURED,1.0,
PAR (�mol/m�/s),inner_1,volatility,diff_std,MEASURED,90.6326331088003,
PAR (�mol/m�/s),inner_1,volatility,diff_std_over_std,MEASURED,0.23397653877257912,
PAR (�mol/m�/s),inner_1,volatility,rolling_std_cv,MEASURED,0.599356327497053,
PAR (�mol/m�/s),inner_1,acf_selected,acf_lag_1,MEASURED,0.972615128470188,
PAR (�mol/m�/s),inner_1,acf_selected,acf_lag_144,MEASURED,0.850494551225232,
PAR (�mol/m�/s),inner_1,acf_selected,acf_lag_288,MEASURED,0.7952280972094706,
PAR (�mol/m�/s),inner_1,acf_selected,acf_lag_1008,MEASURED,0.7558762026953171,
PAR (�mol/m�/s),inner_1,seasonality,seasonal_acf_daily_144,MEASURED,0.850494551225232,
PAR (�mol/m�/s),inner_1,seasonality,seasonal_diff_var_ratio_daily_144,MEASURED,0.29498831878101966,
PAR (�mol/m�/s),inner_1,seasonality,seasonal_acf_weekly_1008,MEASURED,0.7558762026953171,
PAR (�mol/m�/s),inner_1,seasonality,seasonal_diff_var_ratio_weekly_1008,MEASURED,0.4107752501007268,
PAR (�mol/m�/s),inner_1,cost,seconds_quality,MEASURED,0.0003913326190476262,process CPU seconds of the batch divided by its features
PAR (�mol/m�/s),inner_1,cost,seconds_distribution,MEASURED,0.0017938383333333317,process CPU seconds of the batch divided by its features
PAR (�mol/m�/s),inner_1,cost,seconds_volatility,MEASURED,0.0002967885714285687,process CPU seconds of the batch divided by its features
PAR (�mol/m�/s),inner_1,cost,seconds_acf_selected,MEASURED,0.00014982047619046694,process CPU seconds of the batch divided by its features
PAR (�mol/m�/s),inner_1,cost,seconds_seasonality,MEASURED,0.00029822766666666645,process CPU seconds of the batch divided by its features
PAR (�mol/m�/s),inner_1,stationarity,adf_c_aic_pvalue,NOT_RUN,,DEFERRED_TO_PS4
PAR (�mol/m�/s),inner_1,stationarity,kpss_c_auto_pvalue,NOT_RUN,,DEFERRED_TO_PS4
PAR (�mol/m�/s),inner_1,spectral,peak1_period_rows,NOT_RUN,,DEFERRED_TO_PS4
PAR (�mol/m�/s),inner_1,spectral,entropy_normalized,NOT_RUN,,DEFERRED_TO_PS4
PAR (�mol/m�/s),inner_1,stl,stl_seasonal_strength_primary,NOT_RUN,,DEFERRED_TO_PS4
max. PAR (�mol/m�/s),inner_1,quality,missing_fraction,MEASURED,0.0,
max. PAR (�mol/m�/s),inner_1,quality,nonfinite_count,MEASURED,0,
max. PAR (�mol/m�/s),inner_1,quality,constant_flag,MEASURED,False,
max. PAR (�mol/m�/s),inner_1,quality,unique_ratio,MEASURED,0.18154272801972063,
max. PAR (�mol/m�/s),inner_1,quality,sentinel_le_m9999_count,MEASURED,2,
max. PAR (�mol/m�/s),inner_1,distribution,mean,MEASURED,270.4039102300739,
max. PAR (�mol/m�/s),inner_1,distribution,std,MEASURED,467.4952940733896,
max. PAR (�mol/m�/s),inner_1,distribution,median,MEASURED,2.51,
max. PAR (�mol/m�/s),inner_1,distribution,iqr,MEASURED,359.27,
max. PAR (�mol/m�/s),inner_1,distribution,mad,MEASURED,2.51,
max. PAR (�mol/m�/s),inner_1,distribution,skewness,MEASURED,0.6543659203950555,
max. PAR (�mol/m�/s),inner_1,distribution,excess_kurtosis,MEASURED,26.136727860307744,
max. PAR (�mol/m�/s),inner_1,distribution,q01,MEASURED,0.0,
max. PAR (�mol/m�/s),inner_1,distribution,q99,MEASURED,1776.06,
max. PAR (�mol/m�/s),inner_1,distribution,upper_tail_ratio,MEASURED,5.555667675748403,
max. PAR (�mol/m�/s),inner_1,distribution,lower_tail_ratio,MEASURED,1.0,
max. PAR (�mol/m�/s),inner_1,volatility,diff_std,MEASURED,163.03485655449947,
max. PAR (�mol/m�/s),inner_1,volatility,diff_std_over_std,MEASURED,0.34874117156119544,
max. PAR (�mol/m�/s),inner_1,volatility,rolling_std_cv,MEASURED,0.6014076323737096,
max. PAR (�mol/m�/s),inner_1,acf_selected,acf_lag_1,MEASURED,0.9391799003816829,
max. PAR (�mol/m�/s),inner_1,acf_selected,acf_lag_144,MEASURED,0.7717403212111539,
max. PAR (�mol/m�/s),inner_1,acf_selected,acf_lag_288,MEASURED,0.739888021806593,
max. PAR (�mol/m�/s),inner_1,acf_selected,acf_lag_1008,MEASURED,0.7168623025686709,
max. PAR (�mol/m�/s),inner_1,seasonality,seasonal_acf_daily_144,MEASURED,0.7717403212111539,
max. PAR (�mol/m�/s),inner_1,seasonality,seasonal_diff_var_ratio_daily_144,MEASURED,0.4524969029271063,
max. PAR (�mol/m�/s),inner_1,seasonality,seasonal_acf_weekly_1008,MEASURED,0.7168623025686709,
max. PAR (�mol/m�/s),inner_1,seasonality,seasonal_diff_var_ratio_weekly_1008,MEASURED,0.47064326775792487,
max. PAR (�mol/m�/s),inner_1,cost,seconds_quality,MEASURED,0.0003913326190476262,process CPU seconds of the batch divided by its features
max. PAR (�mol/m�/s),inner_1,cost,seconds_distribution,MEASURED,0.0017938383333333317,process CPU seconds of the batch divided by its features
max. PAR (�mol/m�/s),inner_1,cost,seconds_volatility,MEASURED,0.0002967885714285687,process CPU seconds of the batch divided by its features
max. PAR (�mol/m�/s),inner_1,cost,seconds_acf_selected,MEASURED,0.00014982047619046694,process CPU seconds of the batch divided by its features
max. PAR (�mol/m�/s),inner_1,cost,seconds_seasonality,MEASURED,0.00029822766666666645,process CPU seconds of the batch divided by its features
max. PAR (�mol/m�/s),inner_1,stationarity,adf_c_aic_pvalue,NOT_RUN,,DEFERRED_TO_PS4
max. PAR (�mol/m�/s),inner_1,stationarity,kpss_c_auto_pvalue,NOT_RUN,,DEFERRED_TO_PS4
max. PAR (�mol/m�/s),inner_1,spectral,peak1_period_rows,NOT_RUN,,DEFERRED_TO_PS4
max. PAR (�mol/m�/s),inner_1,spectral,entropy_normalized,NOT_RUN,,DEFERRED_TO_PS4
max. PAR (�mol/m�/s),inner_1,stl,stl_seasonal_strength_primary,NOT_RUN,,DEFERRED_TO_PS4
Tlog (degC),inner_1,quality,missing_fraction,MEASURED,0.0,
Tlog (degC),inner_1,quality,nonfinite_count,MEASURED,0,
Tlog (degC),inner_1,quality,constant_flag,MEASURED,False,
Tlog (degC),inner_1,quality,unique_ratio,MEASURED,0.1358874281018899,
Tlog (degC),inner_1,quality,sentinel_le_m9999_count,MEASURED,0,
Tlog (degC),inner_1,distribution,mean,MEASURED,17.36644361133936,
Tlog (degC),inner_1,distribution,std,MEASURED,5.343990834300258,
Tlog (degC),inner_1,distribution,median,MEASURED,16.59,
Tlog (degC),inner_1,distribution,iqr,MEASURED,6.27,
Tlog (degC),inner_1,distribution,mad,MEASURED,3.0599999999999987,
Tlog (degC),inner_1,distribution,skewness,MEASURED,0.870487489500387,
Tlog (degC),inner_1,distribution,excess_kurtosis,MEASURED,0.840829461177103,
Tlog (degC),inner_1,distribution,q01,MEASURED,7.66,
Tlog (degC),inner_1,distribution,q99,MEASURED,33.40290000000001,
Tlog (degC),inner_1,distribution,upper_tail_ratio,MEASURED,5.205962099125367,
Tlog (degC),inner_1,distribution,lower_tail_ratio,MEASURED,3.23943661971831,
Tlog (degC),inner_1,volatility,diff_std,MEASURED,0.1939891660874706,
Tlog (degC),inner_1,volatility,diff_std_over_std,MEASURED,0.036300430165852174,
Tlog (degC),inner_1,volatility,rolling_std_cv,MEASURED,0.580908317029116,
Tlog (degC),inner_1,acf_selected,acf_lag_1,MEASURED,0.9992992020986292,
Tlog (degC),inner_1,acf_selected,acf_lag_144,MEASURED,0.7528753618559536,
Tlog (degC),inner_1,acf_selected,acf_lag_288,MEASURED,0.6205088211599105,
Tlog (degC),inner_1,acf_selected,acf_lag_1008,MEASURED,0.5012551981988359,
Tlog (degC),inner_1,seasonality,seasonal_acf_daily_144,MEASURED,0.7528753618559536,
Tlog (degC),inner_1,seasonality,seasonal_diff_var_ratio_daily_144,MEASURED,0.4862475561932193,
Tlog (degC),inner_1,seasonality,seasonal_acf_weekly_1008,MEASURED,0.5012551981988359,
Tlog (degC),inner_1,seasonality,seasonal_diff_var_ratio_weekly_1008,MEASURED,0.8899085170942069,
Tlog (degC),inner_1,cost,seconds_quality,MEASURED,0.0003913326190476262,process CPU seconds of the batch divided by its features
Tlog (degC),inner_1,cost,seconds_distribution,MEASURED,0.0017938383333333317,process CPU seconds of the batch divided by its features
Tlog (degC),inner_1,cost,seconds_volatility,MEASURED,0.0002967885714285687,process CPU seconds of the batch divided by its features
Tlog (degC),inner_1,cost,seconds_acf_selected,MEASURED,0.00014982047619046694,process CPU seconds of the batch divided by its features
Tlog (degC),inner_1,cost,seconds_seasonality,MEASURED,0.00029822766666666645,process CPU seconds of the batch divided by its features
Tlog (degC),inner_1,stationarity,adf_c_aic_pvalue,NOT_RUN,,DEFERRED_TO_PS4
Tlog (degC),inner_1,stationarity,kpss_c_auto_pvalue,NOT_RUN,,DEFERRED_TO_PS4
Tlog (degC),inner_1,spectral,peak1_period_rows,NOT_RUN,,DEFERRED_TO_PS4
Tlog (degC),inner_1,spectral,entropy_normalized,NOT_RUN,,DEFERRED_TO_PS4
Tlog (degC),inner_1,stl,stl_seasonal_strength_primary,NOT_RUN,,DEFERRED_TO_PS4
OT,inner_1,quality,missing_fraction,MEASURED,0.0,
OT,inner_1,quality,nonfinite_count,MEASURED,0,
OT,inner_1,quality,constant_flag,MEASURED,False,
OT,inner_1,quality,unique_ratio,MEASURED,0.040519720624486444,
OT,inner_1,quality,sentinel_le_m9999_count,MEASURED,34,
OT,inner_1,distribution,mean,MEASURED,409.0047041906327,
OT,inner_1,distribution,std,MEASURED,435.5044427657331,
OT,inner_1,distribution,median,MEASURED,422.9,
OT,inner_1,distribution,iqr,MEASURED,13.100000000000023,
OT,inner_1,distribution,mad,MEASURED,5.2999999999999545,
OT,inner_1,distribution,skewness,MEASURED,-23.83722866099791,
OT,inner_1,distribution,excess_kurtosis,MEASURED,566.801665630974,
OT,inner_1,distribution,q01,MEASURED,408.1,
OT,inner_1,distribution,q99,MEASURED,470.5290000000001,
OT,inner_1,distribution,upper_tail_ratio,MEASURED,5.608695652173888,
OT,inner_1,distribution,lower_tail_ratio,MEASURED,4.272948717948736,
OT,inner_1,volatility,diff_std,MEASURED,105.7124070103188,
OT,inner_1,volatility,diff_std_over_std,MEASURED,0.2427355421197935,
OT,inner_1,volatility,rolling_std_cv,MEASURED,9.209662987916706,
OT,inner_1,acf_selected,acf_lag_1,MEASURED,0.9705409902769903,
OT,inner_1,acf_selected,acf_lag_144,MEASURED,0.0001845379580462754,
OT,inner_1,acf_selected,acf_lag_288,MEASURED,0.00011535295204727935,
OT,inner_1,acf_selected,acf_lag_1008,MEASURED,-0.0007662161033896586,
OT,inner_1,seasonality,seasonal_acf_daily_144,MEASURED,0.0001845379580462754,
OT,inner_1,seasonality,seasonal_diff_var_ratio_daily_144,MEASURED,2.014490442435136,
OT,inner_1,seasonality,seasonal_acf_weekly_1008,MEASURED,-0.0007662161033896586,
OT,inner_1,seasonality,seasonal_diff_var_ratio_weekly_1008,MEASURED,2.1104462992877666,
OT,inner_1,cost,seconds_quality,MEASURED,0.0003913326190476262,process CPU seconds of the batch divided by its features
OT,inner_1,cost,seconds_distribution,MEASURED,0.0017938383333333317,process CPU seconds of the batch divided by its features
OT,inner_1,cost,seconds_volatility,MEASURED,0.0002967885714285687,process CPU seconds of the batch divided by its features
OT,inner_1,cost,seconds_acf_selected,MEASURED,0.00014982047619046694,process CPU seconds of the batch divided by its features
OT,inner_1,cost,seconds_seasonality,MEASURED,0.00029822766666666645,process CPU seconds of the batch divided by its features
OT,inner_1,stationarity,adf_c_aic_pvalue,NOT_RUN,,DEFERRED_TO_PS4
OT,inner_1,stationarity,kpss_c_auto_pvalue,NOT_RUN,,DEFERRED_TO_PS4
OT,inner_1,spectral,peak1_period_rows,NOT_RUN,,DEFERRED_TO_PS4
OT,inner_1,spectral,entropy_normalized,NOT_RUN,,DEFERRED_TO_PS4
OT,inner_1,stl,stl_seasonal_strength_primary,NOT_RUN,,DEFERRED_TO_PS4
p (mbar),inner_2,quality,missing_fraction,MEASURED,0.0,
p (mbar),inner_2,quality,nonfinite_count,MEASURED,0,
p (mbar),inner_2,quality,constant_flag,MEASURED,False,
p (mbar),inner_2,quality,unique_ratio,MEASURED,0.18188362327534494,
p (mbar),inner_2,quality,sentinel_le_m9999_count,MEASURED,0,
p (mbar),inner_2,distribution,mean,MEASURED,991.0748002399521,
p (mbar),inner_2,distribution,std,MEASURED,9.946059948930868,
p (mbar),inner_2,distribution,median,MEASURED,992.32,
p (mbar),inner_2,distribution,iqr,MEASURED,12.759999999999991,
p (mbar),inner_2,distribution,mad,MEASURED,6.269999999999982,
p (mbar),inner_2,distribution,skewness,MEASURED,-0.2772334463738738,
p (mbar),inner_2,distribution,excess_kurtosis,MEASURED,0.04740729199923566,
p (mbar),inner_2,distribution,q01,MEASURED,966.4916000000001,
p (mbar),inner_2,distribution,q99,MEASURED,1013.2479999999999,
p (mbar),inner_2,distribution,upper_tail_ratio,MEASURED,4.958500986193351,
p (mbar),inner_2,distribution,lower_tail_ratio,MEASURED,3.51495448634589,
p (mbar),inner_2,volatility,diff_std,MEASURED,0.11077991524423525,
p (mbar),inner_2,volatility,diff_std_over_std,MEASURED,0.011138070332679155,
p (mbar),inner_2,volatility,rolling_std_cv,MEASURED,0.666762061676956,
p (mbar),inner_2,acf_selected,acf_lag_1,MEASURED,0.9998674202270733,
p (mbar),inner_2,acf_selected,acf_lag_144,MEASURED,0.7480504681388112,
p (mbar),inner_2,acf_selected,acf_lag_288,MEASURED,0.5322219838725132,
p (mbar),inner_2,acf_selected,acf_lag_1008,MEASURED,0.1307591577927685,
p (mbar),inner_2,seasonality,seasonal_acf_daily_144,MEASURED,0.7480504681388112,
p (mbar),inner_2,seasonality,seasonal_diff_var_ratio_daily_144,MEASURED,0.4910166339656783,
p (mbar),inner_2,seasonality,seasonal_acf_weekly_1008,MEASURED,0.1307591577927685,
p (mbar),inner_2,seasonality,seasonal_diff_var_ratio_weekly_1008,MEASURED,1.7491239415794282,
p (mbar),inner_2,cost,seconds_quality,MEASURED,0.0005597389523809546,process CPU seconds of the batch divided by its features
p (mbar),inner_2,cost,seconds_distribution,MEASURED,0.0019989206666666684,process CPU seconds of the batch divided by its features
p (mbar),inner_2,cost,seconds_volatility,MEASURED,0.0003743663333333308,process CPU seconds of the batch divided by its features
p (mbar),inner_2,cost,seconds_acf_selected,MEASURED,0.00017693542857142414,process CPU seconds of the batch divided by its features
p (mbar),inner_2,cost,seconds_seasonality,MEASURED,0.0003615458095238132,process CPU seconds of the batch divided by its features
p (mbar),inner_2,stationarity,adf_c_aic_pvalue,NOT_RUN,,DEFERRED_TO_PS4
p (mbar),inner_2,stationarity,kpss_c_auto_pvalue,NOT_RUN,,DEFERRED_TO_PS4
p (mbar),inner_2,spectral,peak1_period_rows,NOT_RUN,,DEFERRED_TO_PS4
p (mbar),inner_2,spectral,entropy_normalized,NOT_RUN,,DEFERRED_TO_PS4
p (mbar),inner_2,stl,stl_seasonal_strength_primary,NOT_RUN,,DEFERRED_TO_PS4
T (degC),inner_2,quality,missing_fraction,MEASURED,0.0,
T (degC),inner_2,quality,nonfinite_count,MEASURED,0,
T (degC),inner_2,quality,constant_flag,MEASURED,False,
T (degC),inner_2,quality,unique_ratio,MEASURED,0.11993601279744051,
T (degC),inner_2,quality,sentinel_le_m9999_count,MEASURED,0,
T (degC),inner_2,distribution,mean,MEASURED,8.519924415116977,
T (degC),inner_2,distribution,std,MEASURED,6.253142887135323,
T (degC),inner_2,distribution,median,MEASURED,7.75,
T (degC),inner_2,distribution,iqr,MEASURED,9.08,
T (degC),inner_2,distribution,mad,MEASURED,4.4,
T (degC),inner_2,distribution,skewness,MEASURED,0.3384412734326494,
T (degC),inner_2,distribution,excess_kurtosis,MEASURED,-0.37265980266187304,
T (degC),inner_2,distribution,q01,MEASURED,-4.42,
T (degC),inner_2,distribution,q99,MEASURED,23.33959999999999,
T (degC),inner_2,distribution,upper_tail_ratio,MEASURED,3.2563600782778868,
T (degC),inner_2,distribution,lower_tail_ratio,MEASURED,3.2418136020151134,
T (degC),inner_2,volatility,diff_std,MEASURED,0.25791583245374533,
T (degC),inner_2,volatility,diff_std_over_std,MEASURED,0.04124579225342174,
T (degC),inner_2,volatility,rolling_std_cv,MEASURED,0.5475201001716289,
T (degC),inner_2,acf_selected,acf_lag_1,MEASURED,0.9989988195185379,
T (degC),inner_2,acf_selected,acf_lag_144,MEASURED,0.807027838944807,
T (degC),inner_2,acf_selected,acf_lag_288,MEASURED,0.6805545654501854,
T (degC),inner_2,acf_selected,acf_lag_1008,MEASURED,0.5421329837568861,
T (degC),inner_2,seasonality,seasonal_acf_daily_144,MEASURED,0.807027838944807,
T (degC),inner_2,seasonality,seasonal_diff_var_ratio_daily_144,MEASURED,0.3562061265439794,
T (degC),inner_2,seasonality,seasonal_acf_weekly_1008,MEASURED,0.5421329837568861,
T (degC),inner_2,seasonality,seasonal_diff_var_ratio_weekly_1008,MEASURED,0.7763687500045238,
T (degC),inner_2,cost,seconds_quality,MEASURED,0.0005597389523809546,process CPU seconds of the batch divided by its features
T (degC),inner_2,cost,seconds_distribution,MEASURED,0.0019989206666666684,process CPU seconds of the batch divided by its features
T (degC),inner_2,cost,seconds_volatility,MEASURED,0.0003743663333333308,process CPU seconds of the batch divided by its features
T (degC),inner_2,cost,seconds_acf_selected,MEASURED,0.00017693542857142414,process CPU seconds of the batch divided by its features
T (degC),inner_2,cost,seconds_seasonality,MEASURED,0.0003615458095238132,process CPU seconds of the batch divided by its features
T (degC),inner_2,stationarity,adf_c_aic_pvalue,NOT_RUN,,DEFERRED_TO_PS4
T (degC),inner_2,stationarity,kpss_c_auto_pvalue,NOT_RUN,,DEFERRED_TO_PS4
T (degC),inner_2,spectral,peak1_period_rows,NOT_RUN,,DEFERRED_TO_PS4
T (degC),inner_2,spectral,entropy_normalized,NOT_RUN,,DEFERRED_TO_PS4
T (degC),inner_2,stl,stl_seasonal_strength_primary,NOT_RUN,,DEFERRED_TO_PS4
Tpot (K),inner_2,quality,missing_fraction,MEASURED,0.0,
Tpot (K),inner_2,quality,nonfinite_count,MEASURED,0,
Tpot (K),inner_2,quality,constant_flag,MEASURED,False,
Tpot (K),inner_2,quality,unique_ratio,MEASURED,0.1255748850229954,
Tpot (K),inner_2,quality,sentinel_le_m9999_count,MEASURED,0,
Tpot (K),inner_2,distribution,mean,MEASURED,282.40959648070384,
Tpot (K),inner_2,distribution,std,MEASURED,6.496607954213791,
Tpot (K),inner_2,distribution,median,MEASURED,281.88,
Tpot (K),inner_2,distribution,iqr,MEASURED,9.390000000000043,
Tpot (K),inner_2,distribution,mad,MEASURED,4.649999999999977,
Tpot (K),inner_2,distribution,skewness,MEASURED,0.23909222961076554,
Tpot (K),inner_2,distribution,excess_kurtosis,MEASURED,-0.35207329987522584,
Tpot (K),inner_2,distribution,q01,MEASURED,268.54,
Tpot (K),inner_2,distribution,q99,MEASURED,297.39,
Tpot (K),inner_2,distribution,upper_tail_ratio,MEASURED,3.352901960784302,
Tpot (K),inner_2,distribution,lower_tail_ratio,MEASURED,3.270349650349627,
Tpot (K),inner_2,volatility,diff_std,MEASURED,0.26036134916724973,
Tpot (K),inner_2,volatility,diff_std_over_std,MEASURED,0.04007650623251411,
Tpot (K),inner_2,volatility,rolling_std_cv,MEASURED,0.5449227010910173,
Tpot (K),inner_2,acf_selected,acf_lag_1,MEASURED,0.9990525322311115,
Tpot (K),inner_2,acf_selected,acf_lag_144,MEASURED,0.7973239640967221,
Tpot (K),inner_2,acf_selected,acf_lag_288,MEASURED,0.6619472582994806,
Tpot (K),inner_2,acf_selected,acf_lag_1008,MEASURED,0.5214361277985815,
Tpot (K),inner_2,seasonality,seasonal_acf_daily_144,MEASURED,0.7973239640967221,
Tpot (K),inner_2,seasonality,seasonal_diff_var_ratio_daily_144,MEASURED,0.3755541778982405,
Tpot (K),inner_2,seasonality,seasonal_acf_weekly_1008,MEASURED,0.5214361277985815,
Tpot (K),inner_2,seasonality,seasonal_diff_var_ratio_weekly_1008,MEASURED,0.8161468104623977,
Tpot (K),inner_2,cost,seconds_quality,MEASURED,0.0005597389523809546,process CPU seconds of the batch divided by its features
Tpot (K),inner_2,cost,seconds_distribution,MEASURED,0.0019989206666666684,process CPU seconds of the batch divided by its features
Tpot (K),inner_2,cost,seconds_volatility,MEASURED,0.0003743663333333308,process CPU seconds of the batch divided by its features
Tpot (K),inner_2,cost,seconds_acf_selected,MEASURED,0.00017693542857142414,process CPU seconds of the batch divided by its features
Tpot (K),inner_2,cost,seconds_seasonality,MEASURED,0.0003615458095238132,process CPU seconds of the batch divided by its features
Tpot (K),inner_2,stationarity,adf_c_aic_pvalue,NOT_RUN,,DEFERRED_TO_PS4
Tpot (K),inner_2,stationarity,kpss_c_auto_pvalue,NOT_RUN,,DEFERRED_TO_PS4
Tpot (K),inner_2,spectral,peak1_period_rows,NOT_RUN,,DEFERRED_TO_PS4
Tpot (K),inner_2,spectral,entropy_normalized,NOT_RUN,,DEFERRED_TO_PS4
Tpot (K),inner_2,stl,stl_seasonal_strength_primary,NOT_RUN,,DEFERRED_TO_PS4
Tdew (degC),inner_2,quality,missing_fraction,MEASURED,0.0,
Tdew (degC),inner_2,quality,nonfinite_count,MEASURED,0,
Tdew (degC),inner_2,quality,constant_flag,MEASURED,False,
Tdew (degC),inner_2,quality,unique_ratio,MEASURED,0.11217756448710257,
Tdew (degC),inner_2,quality,sentinel_le_m9999_count,MEASURED,0,
Tdew (degC),inner_2,distribution,mean,MEASURED,2.550378724255149,
Tdew (degC),inner_2,distribution,std,MEASURED,5.414895692927133,
Tdew (degC),inner_2,distribution,median,MEASURED,1.8,
Tdew (degC),inner_2,distribution,iqr,MEASURED,6.41,
Tdew (degC),inner_2,distribution,mad,MEASURED,3.09,
Tdew (degC),inner_2,distribution,skewness,MEASURED,0.4348623737523525,
Tdew (degC),inner_2,distribution,excess_kurtosis,MEASURED,0.487457373398573,
Tdew (degC),inner_2,distribution,q01,MEASURED,-9.8692,
Tdew (degC),inner_2,distribution,q99,MEASURED,16.648399999999963,
Tdew (degC),inner_2,distribution,upper_tail_ratio,MEASURED,4.25126984126984,
Tdew (degC),inner_2,distribution,lower_tail_ratio,MEASURED,4.703269961977187,
Tdew (degC),inner_2,volatility,diff_std,MEASURED,0.21052146928686646,
Tdew (degC),inner_2,volatility,diff_std_over_std,MEASURED,0.03887821321504806,
Tdew (degC),inner_2,volatility,rolling_std_cv,MEASURED,0.5603333605671093,
Tdew (degC),inner_2,acf_selected,acf_lag_1,MEASURED,0.9991644332001738,
Tdew (degC),inner_2,acf_selected,acf_lag_144,MEASURED,0.7599762505343137,
Tdew (degC),inner_2,acf_selected,acf_lag_288,MEASURED,0.6269700112865351,
Tdew (degC),inner_2,acf_selected,acf_lag_1008,MEASURED,0.4220472451752968,
Tdew (degC),inner_2,seasonality,seasonal_acf_daily_144,MEASURED,0.7599762505343137,
Tdew (degC),inner_2,seasonality,seasonal_diff_var_ratio_daily_144,MEASURED,0.45867048262062454,
Tdew (degC),inner_2,seasonality,seasonal_acf_weekly_1008,MEASURED,0.4220472451752968,
Tdew (degC),inner_2,seasonality,seasonal_diff_var_ratio_weekly_1008,MEASURED,0.990259344477785,
Tdew (degC),inner_2,cost,seconds_quality,MEASURED,0.0005597389523809546,process CPU seconds of the batch divided by its features
Tdew (degC),inner_2,cost,seconds_distribution,MEASURED,0.0019989206666666684,process CPU seconds of the batch divided by its features
Tdew (degC),inner_2,cost,seconds_volatility,MEASURED,0.0003743663333333308,process CPU seconds of the batch divided by its features
Tdew (degC),inner_2,cost,seconds_acf_selected,MEASURED,0.00017693542857142414,process CPU seconds of the batch divided by its features
Tdew (degC),inner_2,cost,seconds_seasonality,MEASURED,0.0003615458095238132,process CPU seconds of the batch divided by its features
Tdew (degC),inner_2,stationarity,adf_c_aic_pvalue,NOT_RUN,,DEFERRED_TO_PS4
Tdew (degC),inner_2,stationarity,kpss_c_auto_pvalue,NOT_RUN,,DEFERRED_TO_PS4
Tdew (degC),inner_2,spectral,peak1_period_rows,NOT_RUN,,DEFERRED_TO_PS4
Tdew (degC),inner_2,spectral,entropy_normalized,NOT_RUN,,DEFERRED_TO_PS4
Tdew (degC),inner_2,stl,stl_seasonal_strength_primary,NOT_RUN,,DEFERRED_TO_PS4
rh (%),inner_2,quality,missing_fraction,MEASURED,0.0,
rh (%),inner_2,quality,nonfinite_count,MEASURED,0,
rh (%),inner_2,quality,constant_flag,MEASURED,False,
rh (%),inner_2,quality,unique_ratio,MEASURED,0.17764447110577886,
rh (%),inner_2,quality,sentinel_le_m9999_count,MEASURED,0,
rh (%),inner_2,distribution,mean,MEASURED,68.74106458708258,
rh (%),inner_2,distribution,std,MEASURED,17.657405891386695,
rh (%),inner_2,distribution,median,MEASURED,71.1,
rh (%),inner_2,distribution,iqr,MEASURED,26.960000000000008,
rh (%),inner_2,distribution,mad,MEASURED,13.0,
rh (%),inner_2,distribution,skewness,MEASURED,-0.3871818373095943,
rh (%),inner_2,distribution,excess_kurtosis,MEASURED,-0.7252699288482125,
rh (%),inner_2,distribution,q01,MEASURED,29.71,
rh (%),inner_2,distribution,q99,MEASURED,98.5,
rh (%),inner_2,distribution,upper_tail_ratio,MEASURED,2.4491525423728793,
rh (%),inner_2,distribution,lower_tail_ratio,MEASURED,2.8772823218997363,
rh (%),inner_2,volatility,diff_std,MEASURED,1.319747019841089,
rh (%),inner_2,volatility,diff_std_over_std,MEASURED,0.07474184078675244,
rh (%),inner_2,volatility,rolling_std_cv,MEASURED,0.47464040513900047,
rh (%),inner_2,acf_selected,acf_lag_1,MEASURED,0.9971641855981589,
rh (%),inner_2,acf_selected,acf_lag_144,MEASURED,0.6212179717532282,
rh (%),inner_2,acf_selected,acf_lag_288,MEASURED,0.5111761425015819,
rh (%),inner_2,acf_selected,acf_lag_1008,MEASURED,0.4343630603418482,
rh (%),inner_2,seasonality,seasonal_acf_daily_144,MEASURED,0.6212179717532282,
rh (%),inner_2,seasonality,seasonal_diff_var_ratio_daily_144,MEASURED,0.7497482603962562,
rh (%),inner_2,seasonality,seasonal_acf_weekly_1008,MEASURED,0.4343630603418482,
rh (%),inner_2,seasonality,seasonal_diff_var_ratio_weekly_1008,MEASURED,1.0947989242247764,
rh (%),inner_2,cost,seconds_quality,MEASURED,0.0005597389523809546,process CPU seconds of the batch divided by its features
rh (%),inner_2,cost,seconds_distribution,MEASURED,0.0019989206666666684,process CPU seconds of the batch divided by its features
rh (%),inner_2,cost,seconds_volatility,MEASURED,0.0003743663333333308,process CPU seconds of the batch divided by its features
rh (%),inner_2,cost,seconds_acf_selected,MEASURED,0.00017693542857142414,process CPU seconds of the batch divided by its features
rh (%),inner_2,cost,seconds_seasonality,MEASURED,0.0003615458095238132,process CPU seconds of the batch divided by its features
rh (%),inner_2,stationarity,adf_c_aic_pvalue,NOT_RUN,,DEFERRED_TO_PS4
rh (%),inner_2,stationarity,kpss_c_auto_pvalue,NOT_RUN,,DEFERRED_TO_PS4
rh (%),inner_2,spectral,peak1_period_rows,NOT_RUN,,DEFERRED_TO_PS4
rh (%),inner_2,spectral,entropy_normalized,NOT_RUN,,DEFERRED_TO_PS4
rh (%),inner_2,stl,stl_seasonal_strength_primary,NOT_RUN,,DEFERRED_TO_PS4
VPmax (mbar),inner_2,quality,missing_fraction,MEASURED,0.0,
VPmax (mbar),inner_2,quality,nonfinite_count,MEASURED,0,
VPmax (mbar),inner_2,quality,constant_flag,MEASURED,False,
VPmax (mbar),inner_2,quality,unique_ratio,MEASURED,0.09158168366326734,
VPmax (mbar),inner_2,quality,sentinel_le_m9999_count,MEASURED,0,
VPmax (mbar),inner_2,distribution,mean,MEASURED,12.054217956408717,
VPmax (mbar),inner_2,distribution,std,MEASURED,5.417553851963751,
VPmax (mbar),inner_2,distribution,median,MEASURED,10.56,
VPmax (mbar),inner_2,distribution,iqr,MEASURED,6.85,
VPmax (mbar),inner_2,distribution,mad,MEASURED,2.9800000000000004,
VPmax (mbar),inner_2,distribution,skewness,MEASURED,1.2040663954155284,
VPmax (mbar),inner_2,distribution,excess_kurtosis,MEASURED,1.4808168397074057,
VPmax (mbar),inner_2,distribution,q01,MEASURED,4.4,
VPmax (mbar),inner_2,distribution,q99,MEASURED,28.71959999999999,
VPmax (mbar),inner_2,distribution,upper_tail_ratio,MEASURED,4.6581395348837225,
VPmax (mbar),inner_2,distribution,lower_tail_ratio,MEASURED,2.505882352941176,
VPmax (mbar),inner_2,volatility,diff_std,MEASURED,0.2503817394274783,
VPmax (mbar),inner_2,volatility,diff_std_over_std,MEASURED,0.04621675137326418,
VPmax (mbar),inner_2,volatility,rolling_std_cv,MEASURED,0.7258453107657923,
VPmax (mbar),inner_2,acf_selected,acf_lag_1,MEASURED,0.9987024040443023,
VPmax (mbar),inner_2,acf_selected,acf_lag_144,MEASURED,0.7922529141968521,
VPmax (mbar),inner_2,acf_selected,acf_lag_288,MEASURED,0.6699059177394211,
VPmax (mbar),inner_2,acf_selected,acf_lag_1008,MEASURED,0.52878196689607,
VPmax (mbar),inner_2,seasonality,seasonal_acf_daily_144,MEASURED,0.7922529141968521,
VPmax (mbar),inner_2,seasonality,seasonal_diff_var_ratio_daily_144,MEASURED,0.38237006876154356,
VPmax (mbar),inner_2,seasonality,seasonal_acf_weekly_1008,MEASURED,0.52878196689607,
VPmax (mbar),inner_2,seasonality,seasonal_diff_var_ratio_weekly_1008,MEASURED,0.7821665232168021,
VPmax (mbar),inner_2,cost,seconds_quality,MEASURED,0.0005597389523809546,process CPU seconds of the batch divided by its features
VPmax (mbar),inner_2,cost,seconds_distribution,MEASURED,0.0019989206666666684,process CPU seconds of the batch divided by its features
VPmax (mbar),inner_2,cost,seconds_volatility,MEASURED,0.0003743663333333308,process CPU seconds of the batch divided by its features
VPmax (mbar),inner_2,cost,seconds_acf_selected,MEASURED,0.00017693542857142414,process CPU seconds of the batch divided by its features
VPmax (mbar),inner_2,cost,seconds_seasonality,MEASURED,0.0003615458095238132,process CPU seconds of the batch divided by its features
VPmax (mbar),inner_2,stationarity,adf_c_aic_pvalue,NOT_RUN,,DEFERRED_TO_PS4
VPmax (mbar),inner_2,stationarity,kpss_c_auto_pvalue,NOT_RUN,,DEFERRED_TO_PS4
VPmax (mbar),inner_2,spectral,peak1_period_rows,NOT_RUN,,DEFERRED_TO_PS4
VPmax (mbar),inner_2,spectral,entropy_normalized,NOT_RUN,,DEFERRED_TO_PS4
VPmax (mbar),inner_2,stl,stl_seasonal_strength_primary,NOT_RUN,,DEFERRED_TO_PS4
VPact (mbar),inner_2,quality,missing_fraction,MEASURED,0.0,
VPact (mbar),inner_2,quality,nonfinite_count,MEASURED,0,
VPact (mbar),inner_2,quality,constant_flag,MEASURED,False,
VPact (mbar),inner_2,quality,unique_ratio,MEASURED,0.07102579484103179,
VPact (mbar),inner_2,quality,sentinel_le_m9999_count,MEASURED,0,
VPact (mbar),inner_2,distribution,mean,MEASURED,7.855846030793841,
VPact (mbar),inner_2,distribution,std,MEASURED,3.319054375808991,
VPact (mbar),inner_2,distribution,median,MEASURED,6.96,
VPact (mbar),inner_2,distribution,iqr,MEASURED,3.34,
VPact (mbar),inner_2,distribution,mad,MEASURED,1.5000000000000009,
VPact (mbar),inner_2,distribution,skewness,MEASURED,1.5175546780037366,
VPact (mbar),inner_2,distribution,excess_kurtosis,MEASURED,2.5510287164420538,
VPact (mbar),inner_2,distribution,q01,MEASURED,2.88,
VPact (mbar),inner_2,distribution,q99,MEASURED,18.987999999999953,
VPact (mbar),inner_2,distribution,upper_tail_ratio,MEASURED,6.361314553990606,
VPact (mbar),inner_2,distribution,lower_tail_ratio,MEASURED,3.5039669421487605,
VPact (mbar),inner_2,volatility,diff_std,MEASURED,0.12978017489198357,
VPact (mbar),inner_2,volatility,diff_std_over_std,MEASURED,0.039101551284573564,
VPact (mbar),inner_2,volatility,rolling_std_cv,MEASURED,0.6528406074771271,
VPact (mbar),inner_2,acf_selected,acf_lag_1,MEASURED,0.9991417846995468,
VPact (mbar),inner_2,acf_selected,acf_lag_144,MEASURED,0.7913203027703513,
VPact (mbar),inner_2,acf_selected,acf_lag_288,MEASURED,0.6953577015964099,
VPact (mbar),inner_2,acf_selected,acf_lag_1008,MEASURED,0.4425512301550296,
VPact (mbar),inner_2,seasonality,seasonal_acf_daily_144,MEASURED,0.7913203027703513,
VPact (mbar),inner_2,seasonality,seasonal_diff_var_ratio_daily_144,MEASURED,0.3934186475897333,
VPact (mbar),inner_2,seasonality,seasonal_acf_weekly_1008,MEASURED,0.4425512301550296,
VPact (mbar),inner_2,seasonality,seasonal_diff_var_ratio_weekly_1008,MEASURED,0.8835264008154344,
VPact (mbar),inner_2,cost,seconds_quality,MEASURED,0.0005597389523809546,process CPU seconds of the batch divided by its features
VPact (mbar),inner_2,cost,seconds_distribution,MEASURED,0.0019989206666666684,process CPU seconds of the batch divided by its features
VPact (mbar),inner_2,cost,seconds_volatility,MEASURED,0.0003743663333333308,process CPU seconds of the batch divided by its features
VPact (mbar),inner_2,cost,seconds_acf_selected,MEASURED,0.00017693542857142414,process CPU seconds of the batch divided by its features
VPact (mbar),inner_2,cost,seconds_seasonality,MEASURED,0.0003615458095238132,process CPU seconds of the batch divided by its features
VPact (mbar),inner_2,stationarity,adf_c_aic_pvalue,NOT_RUN,,DEFERRED_TO_PS4
VPact (mbar),inner_2,stationarity,kpss_c_auto_pvalue,NOT_RUN,,DEFERRED_TO_PS4
VPact (mbar),inner_2,spectral,peak1_period_rows,NOT_RUN,,DEFERRED_TO_PS4
VPact (mbar),inner_2,spectral,entropy_normalized,NOT_RUN,,DEFERRED_TO_PS4
VPact (mbar),inner_2,stl,stl_seasonal_strength_primary,NOT_RUN,,DEFERRED_TO_PS4
VPdef (mbar),inner_2,quality,missing_fraction,MEASURED,0.0,
VPdef (mbar),inner_2,quality,nonfinite_count,MEASURED,0,
VPdef (mbar),inner_2,quality,constant_flag,MEASURED,False,
VPdef (mbar),inner_2,quality,unique_ratio,MEASURED,0.07438512297540492,
VPdef (mbar),inner_2,quality,sentinel_le_m9999_count,MEASURED,0,
VPdef (mbar),inner_2,distribution,mean,MEASURED,4.198319136172766,
VPdef (mbar),inner_2,distribution,std,MEASURED,3.8985334924800914,
VPdef (mbar),inner_2,distribution,median,MEASURED,2.85,
VPdef (mbar),inner_2,distribution,iqr,MEASURED,3.98,
VPdef (mbar),inner_2,distribution,mad,MEASURED,1.6500000000000001,
VPdef (mbar),inner_2,distribution,skewness,MEASURED,1.6696614030840378,
VPdef (mbar),inner_2,distribution,excess_kurtosis,MEASURED,2.6567209640050855,
VPdef (mbar),inner_2,distribution,q01,MEASURED,0.16,
VPdef (mbar),inner_2,distribution,q99,MEASURED,17.39959999999999,
VPdef (mbar),inner_2,distribution,upper_tail_ratio,MEASURED,6.018792452830188,
VPdef (mbar),inner_2,distribution,lower_tail_ratio,MEASURED,2.142857142857143,
VPdef (mbar),inner_2,volatility,diff_std,MEASURED,0.27512576768238123,
VPdef (mbar),inner_2,volatility,diff_std_over_std,MEASURED,0.0705716055057814,
VPdef (mbar),inner_2,volatility,rolling_std_cv,MEASURED,0.7863258922056598,
VPdef (mbar),inner_2,acf_selected,acf_lag_1,MEASURED,0.9973456746397868,
VPdef (mbar),inner_2,acf_selected,acf_lag_144,MEASURED,0.6346682407487154,
VPdef (mbar),inner_2,acf_selected,acf_lag_288,MEASURED,0.504427812834545,
VPdef (mbar),inner_2,acf_selected,acf_lag_1008,MEASURED,0.447567685540649,
VPdef (mbar),inner_2,seasonality,seasonal_acf_daily_144,MEASURED,0.6346682407487154,
VPdef (mbar),inner_2,seasonality,seasonal_diff_var_ratio_daily_144,MEASURED,0.7132811166755085,
VPdef (mbar),inner_2,seasonality,seasonal_acf_weekly_1008,MEASURED,0.447567685540649,
VPdef (mbar),inner_2,seasonality,seasonal_diff_var_ratio_weekly_1008,MEASURED,1.0448237811500702,
VPdef (mbar),inner_2,cost,seconds_quality,MEASURED,0.0005597389523809546,process CPU seconds of the batch divided by its features
VPdef (mbar),inner_2,cost,seconds_distribution,MEASURED,0.0019989206666666684,process CPU seconds of the batch divided by its features
VPdef (mbar),inner_2,cost,seconds_volatility,MEASURED,0.0003743663333333308,process CPU seconds of the batch divided by its features
VPdef (mbar),inner_2,cost,seconds_acf_selected,MEASURED,0.00017693542857142414,process CPU seconds of the batch divided by its features
VPdef (mbar),inner_2,cost,seconds_seasonality,MEASURED,0.0003615458095238132,process CPU seconds of the batch divided by its features
VPdef (mbar),inner_2,stationarity,adf_c_aic_pvalue,NOT_RUN,,DEFERRED_TO_PS4
VPdef (mbar),inner_2,stationarity,kpss_c_auto_pvalue,NOT_RUN,,DEFERRED_TO_PS4
VPdef (mbar),inner_2,spectral,peak1_period_rows,NOT_RUN,,DEFERRED_TO_PS4
VPdef (mbar),inner_2,spectral,entropy_normalized,NOT_RUN,,DEFERRED_TO_PS4
VPdef (mbar),inner_2,stl,stl_seasonal_strength_primary,NOT_RUN,,DEFERRED_TO_PS4
sh (g/kg),inner_2,quality,missing_fraction,MEASURED,0.0,
sh (g/kg),inner_2,quality,nonfinite_count,MEASURED,0,
sh (g/kg),inner_2,quality,constant_flag,MEASURED,False,
sh (g/kg),inner_2,quality,unique_ratio,MEASURED,0.047590481903619274,
sh (g/kg),inner_2,quality,sentinel_le_m9999_count,MEASURED,0,
sh (g/kg),inner_2,distribution,mean,MEASURED,4.954099580083984,
sh (g/kg),inner_2,distribution,std,MEASURED,2.117610394354131,
sh (g/kg),inner_2,distribution,median,MEASURED,4.39,
sh (g/kg),inner_2,distribution,iqr,MEASURED,2.15,
sh (g/kg),inner_2,distribution,mad,MEASURED,0.96,
sh (g/kg),inner_2,distribution,skewness,MEASURED,1.5267693308207513,
sh (g/kg),inner_2,distribution,excess_kurtosis,MEASURED,2.5919408052019,
sh (g/kg),inner_2,distribution,q01,MEASURED,1.7804,
sh (g/kg),inner_2,distribution,q99,MEASURED,12.069199999999983,
sh (g/kg),inner_2,distribution,upper_tail_ratio,MEASURED,6.345588235294115,
sh (g/kg),inner_2,distribution,lower_tail_ratio,MEASURED,3.430379746835445,
sh (g/kg),inner_2,volatility,diff_std,MEASURED,0.08244563591340322,
sh (g/kg),inner_2,volatility,diff_std_over_std,MEASURED,0.03893333548664841,
sh (g/kg),inner_2,volatility,rolling_std_cv,MEASURED,0.6547704925705671,
sh (g/kg),inner_2,acf_selected,acf_lag_1,MEASURED,0.9991512361090338,
sh (g/kg),inner_2,acf_selected,acf_lag_144,MEASURED,0.7907023382978929,
sh (g/kg),inner_2,acf_selected,acf_lag_288,MEASURED,0.6929579419364638,
sh (g/kg),inner_2,acf_selected,acf_lag_1008,MEASURED,0.44126024678990533,
sh (g/kg),inner_2,seasonality,seasonal_acf_daily_144,MEASURED,0.7907023382978929,
sh (g/kg),inner_2,seasonality,seasonal_diff_var_ratio_daily_144,MEASURED,0.3953055430970318,
sh (g/kg),inner_2,seasonality,seasonal_acf_weekly_1008,MEASURED,0.44126024678990533,
sh (g/kg),inner_2,seasonality,seasonal_diff_var_ratio_weekly_1008,MEASURED,0.8876310690479687,
sh (g/kg),inner_2,cost,seconds_quality,MEASURED,0.0005597389523809546,process CPU seconds of the batch divided by its features
sh (g/kg),inner_2,cost,seconds_distribution,MEASURED,0.0019989206666666684,process CPU seconds of the batch divided by its features
sh (g/kg),inner_2,cost,seconds_volatility,MEASURED,0.0003743663333333308,process CPU seconds of the batch divided by its features
sh (g/kg),inner_2,cost,seconds_acf_selected,MEASURED,0.00017693542857142414,process CPU seconds of the batch divided by its features
sh (g/kg),inner_2,cost,seconds_seasonality,MEASURED,0.0003615458095238132,process CPU seconds of the batch divided by its features
sh (g/kg),inner_2,stationarity,adf_c_aic_pvalue,NOT_RUN,,DEFERRED_TO_PS4
sh (g/kg),inner_2,stationarity,kpss_c_auto_pvalue,NOT_RUN,,DEFERRED_TO_PS4
sh (g/kg),inner_2,spectral,peak1_period_rows,NOT_RUN,,DEFERRED_TO_PS4
sh (g/kg),inner_2,spectral,entropy_normalized,NOT_RUN,,DEFERRED_TO_PS4
sh (g/kg),inner_2,stl,stl_seasonal_strength_primary,NOT_RUN,,DEFERRED_TO_PS4
H2OC (mmol/mol),inner_2,quality,missing_fraction,MEASURED,0.0,
H2OC (mmol/mol),inner_2,quality,nonfinite_count,MEASURED,0,
H2OC (mmol/mol),inner_2,quality,constant_flag,MEASURED,False,
H2OC (mmol/mol),inner_2,quality,unique_ratio,MEASURED,0.07226554689062188,
H2OC (mmol/mol),inner_2,quality,sentinel_le_m9999_count,MEASURED,0,
H2OC (mmol/mol),inner_2,distribution,mean,MEASURED,7.936571885622876,
H2OC (mmol/mol),inner_2,distribution,std,MEASURED,3.3775110422834898,
H2OC (mmol/mol),inner_2,distribution,median,MEASURED,7.04,
H2OC (mmol/mol),inner_2,distribution,iqr,MEASURED,3.4300000000000006,
H2OC (mmol/mol),inner_2,distribution,mad,MEASURED,1.54,
H2OC (mmol/mol),inner_2,distribution,skewness,MEASURED,1.5180910002048105,
H2OC (mmol/mol),inner_2,distribution,excess_kurtosis,MEASURED,2.5608750980152113,
H2OC (mmol/mol),inner_2,distribution,q01,MEASURED,2.87,
H2OC (mmol/mol),inner_2,distribution,q99,MEASURED,19.258799999999976,
H2OC (mmol/mol),inner_2,distribution,upper_tail_ratio,MEASURED,6.327188940092164,
H2OC (mmol/mol),inner_2,distribution,lower_tail_ratio,MEASURED,3.444444444444445,
H2OC (mmol/mol),inner_2,volatility,diff_std,MEASURED,0.13124402197416468,
H2OC (mmol/mol),inner_2,volatility,diff_std_over_std,MEASURED,0.038858206629409676,
H2OC (mmol/mol),inner_2,volatility,rolling_std_cv,MEASURED,0.6532810707857549,
H2OC (mmol/mol),inner_2,acf_selected,acf_lag_1,MEASURED,0.9991543651412168,
H2OC (mmol/mol),inner_2,acf_selected,acf_lag_144,MEASURED,0.7904461222306253,
H2OC (mmol/mol),inner_2,acf_selected,acf_lag_288,MEASURED,0.6924598310431136,
H2OC (mmol/mol),inner_2,acf_selected,acf_lag_1008,MEASURED,0.44128395661773756,
H2OC (mmol/mol),inner_2,seasonality,seasonal_acf_daily_144,MEASURED,0.7904461222306253,
H2OC (mmol/mol),inner_2,seasonality,seasonal_diff_var_ratio_daily_144,MEASURED,0.3957981621073415,
H2OC (mmol/mol),inner_2,seasonality,seasonal_acf_weekly_1008,MEASURED,0.44128395661773756,
H2OC (mmol/mol),inner_2,seasonality,seasonal_diff_var_ratio_weekly_1008,MEASURED,0.8879315758852554,
H2OC (mmol/mol),inner_2,cost,seconds_quality,MEASURED,0.0005597389523809546,process CPU seconds of the batch divided by its features
H2OC (mmol/mol),inner_2,cost,seconds_distribution,MEASURED,0.0019989206666666684,process CPU seconds of the batch divided by its features
H2OC (mmol/mol),inner_2,cost,seconds_volatility,MEASURED,0.0003743663333333308,process CPU seconds of the batch divided by its features
H2OC (mmol/mol),inner_2,cost,seconds_acf_selected,MEASURED,0.00017693542857142414,process CPU seconds of the batch divided by its features
H2OC (mmol/mol),inner_2,cost,seconds_seasonality,MEASURED,0.0003615458095238132,process CPU seconds of the batch divided by its features
H2OC (mmol/mol),inner_2,stationarity,adf_c_aic_pvalue,NOT_RUN,,DEFERRED_TO_PS4
H2OC (mmol/mol),inner_2,stationarity,kpss_c_auto_pvalue,NOT_RUN,,DEFERRED_TO_PS4
H2OC (mmol/mol),inner_2,spectral,peak1_period_rows,NOT_RUN,,DEFERRED_TO_PS4
H2OC (mmol/mol),inner_2,spectral,entropy_normalized,NOT_RUN,,DEFERRED_TO_PS4
H2OC (mmol/mol),inner_2,stl,stl_seasonal_strength_primary,NOT_RUN,,DEFERRED_TO_PS4
rho (g/m**3),inner_2,quality,missing_fraction,MEASURED,0.0,
rho (g/m**3),inner_2,quality,nonfinite_count,MEASURED,0,
rho (g/m**3),inner_2,quality,constant_flag,MEASURED,False,
rho (g/m**3),inner_2,quality,unique_ratio,MEASURED,0.44683063387322536,
rho (g/m**3),inner_2,quality,sentinel_le_m9999_count,MEASURED,0,
rho (g/m**3),inner_2,distribution,mean,MEASURED,1222.7131057788442,
rho (g/m**3),inner_2,distribution,std,MEASURED,33.33157449408725,
rho (g/m**3),inner_2,distribution,median,MEASURED,1221.84,
rho (g/m**3),inner_2,distribution,iqr,MEASURED,47.3900000000001,
rho (g/m**3),inner_2,distribution,mad,MEASURED,23.670000000000073,
rho (g/m**3),inner_2,distribution,skewness,MEASURED,0.09707208270654374,
rho (g/m**3),inner_2,distribution,excess_kurtosis,MEASURED,-0.34796558230982777,
rho (g/m**3),inner_2,distribution,q01,MEASURED,1152.7936,
rho (g/m**3),inner_2,distribution,q99,MEASURED,1300.4996,
rho (g/m**3),inner_2,distribution,upper_tail_ratio,MEASURED,3.4769855072463636,
rho (g/m**3),inner_2,distribution,lower_tail_ratio,MEASURED,3.3320998278829537,
rho (g/m**3),inner_2,volatility,diff_std,MEASURED,1.1452861687539764,
rho (g/m**3),inner_2,volatility,diff_std_over_std,MEASURED,0.03436039809511971,
rho (g/m**3),inner_2,volatility,rolling_std_cv,MEASURED,0.5178135903198758,
rho (g/m**3),inner_2,acf_selected,acf_lag_1,MEASURED,0.9992846454413866,
rho (g/m**3),inner_2,acf_selected,acf_lag_144,MEASURED,0.7802160597530711,
rho (g/m**3),inner_2,acf_selected,acf_lag_288,MEASURED,0.6192733717805653,
rho (g/m**3),inner_2,acf_selected,acf_lag_1008,MEASURED,0.44203774835823645,
rho (g/m**3),inner_2,seasonality,seasonal_acf_daily_144,MEASURED,0.7802160597530711,
rho (g/m**3),inner_2,seasonality,seasonal_diff_var_ratio_daily_144,MEASURED,0.41044752082201486,
rho (g/m**3),inner_2,seasonality,seasonal_acf_weekly_1008,MEASURED,0.44203774835823645,
rho (g/m**3),inner_2,seasonality,seasonal_diff_var_ratio_weekly_1008,MEASURED,0.9838944769166361,
rho (g/m**3),inner_2,cost,seconds_quality,MEASURED,0.0005597389523809546,process CPU seconds of the batch divided by its features
rho (g/m**3),inner_2,cost,seconds_distribution,MEASURED,0.0019989206666666684,process CPU seconds of the batch divided by its features
rho (g/m**3),inner_2,cost,seconds_volatility,MEASURED,0.0003743663333333308,process CPU seconds of the batch divided by its features
rho (g/m**3),inner_2,cost,seconds_acf_selected,MEASURED,0.00017693542857142414,process CPU seconds of the batch divided by its features
rho (g/m**3),inner_2,cost,seconds_seasonality,MEASURED,0.0003615458095238132,process CPU seconds of the batch divided by its features
rho (g/m**3),inner_2,stationarity,adf_c_aic_pvalue,NOT_RUN,,DEFERRED_TO_PS4
rho (g/m**3),inner_2,stationarity,kpss_c_auto_pvalue,NOT_RUN,,DEFERRED_TO_PS4
rho (g/m**3),inner_2,spectral,peak1_period_rows,NOT_RUN,,DEFERRED_TO_PS4
rho (g/m**3),inner_2,spectral,entropy_normalized,NOT_RUN,,DEFERRED_TO_PS4
rho (g/m**3),inner_2,stl,stl_seasonal_strength_primary,NOT_RUN,,DEFERRED_TO_PS4
wv (m/s),inner_2,quality,missing_fraction,MEASURED,0.0,
wv (m/s),inner_2,quality,nonfinite_count,MEASURED,0,
wv (m/s),inner_2,quality,constant_flag,MEASURED,False,
wv (m/s),inner_2,quality,unique_ratio,MEASURED,0.03819236152769446,
wv (m/s),inner_2,quality,sentinel_le_m9999_count,MEASURED,1,
wv (m/s),inner_2,distribution,mean,MEASURED,1.9824135172965407,
wv (m/s),inner_2,distribution,std,MEASURED,63.27308390406061,
wv (m/s),inner_2,distribution,median,MEASURED,1.93,
wv (m/s),inner_2,distribution,iqr,MEASURED,2.2299999999999995,
wv (m/s),inner_2,distribution,mad,MEASURED,1.0299999999999998,
wv (m/s),inner_2,distribution,skewness,MEASURED,-157.94144448172133,
wv (m/s),inner_2,distribution,excess_kurtosis,MEASURED,24965.322354696655,
wv (m/s),inner_2,distribution,q01,MEASURED,0.23,
wv (m/s),inner_2,distribution,q99,MEASURED,7.94,
wv (m/s),inner_2,distribution,upper_tail_ratio,MEASURED,5.3457142857142825,
wv (m/s),inner_2,distribution,lower_tail_ratio,MEASURED,1.9333333333333336,
wv (m/s),inner_2,volatility,diff_std,MEASURED,89.45284057701774,
wv (m/s),inner_2,volatility,diff_std_over_std,MEASURED,1.413758190017304,
wv (m/s),inner_2,volatility,rolling_std_cv,MEASURED,10.477387316139094,
wv (m/s),inner_2,acf_selected,acf_lag_1,MEASURED,0.0006838513049129897,
wv (m/s),inner_2,acf_selected,acf_lag_144,MEASURED,-0.00011710515246473139,
wv (m/s),inner_2,acf_selected,acf_lag_288,MEASURED,-0.0002230802479948696,
wv (m/s),inner_2,acf_selected,acf_lag_1008,MEASURED,-5.551592986748567e-05,
wv (m/s),inner_2,seasonality,seasonal_acf_daily_144,MEASURED,-0.00011710515246473139,
wv (m/s),inner_2,seasonality,seasonal_diff_var_ratio_daily_144,MEASURED,2.0118162448216816,
wv (m/s),inner_2,seasonality,seasonal_acf_weekly_1008,MEASURED,-5.551592986748567e-05,
wv (m/s),inner_2,seasonality,seasonal_diff_var_ratio_weekly_1008,MEASURED,2.084096160646804,
wv (m/s),inner_2,cost,seconds_quality,MEASURED,0.0005597389523809546,process CPU seconds of the batch divided by its features
wv (m/s),inner_2,cost,seconds_distribution,MEASURED,0.0019989206666666684,process CPU seconds of the batch divided by its features
wv (m/s),inner_2,cost,seconds_volatility,MEASURED,0.0003743663333333308,process CPU seconds of the batch divided by its features
wv (m/s),inner_2,cost,seconds_acf_selected,MEASURED,0.00017693542857142414,process CPU seconds of the batch divided by its features
wv (m/s),inner_2,cost,seconds_seasonality,MEASURED,0.0003615458095238132,process CPU seconds of the batch divided by its features
wv (m/s),inner_2,stationarity,adf_c_aic_pvalue,NOT_RUN,,DEFERRED_TO_PS4
wv (m/s),inner_2,stationarity,kpss_c_auto_pvalue,NOT_RUN,,DEFERRED_TO_PS4
wv (m/s),inner_2,spectral,peak1_period_rows,NOT_RUN,,DEFERRED_TO_PS4
wv (m/s),inner_2,spectral,entropy_normalized,NOT_RUN,,DEFERRED_TO_PS4
wv (m/s),inner_2,stl,stl_seasonal_strength_primary,NOT_RUN,,DEFERRED_TO_PS4
max. wv (m/s),inner_2,quality,missing_fraction,MEASURED,0.0,
max. wv (m/s),inner_2,quality,nonfinite_count,MEASURED,0,
max. wv (m/s),inner_2,quality,constant_flag,MEASURED,False,
max. wv (m/s),inner_2,quality,unique_ratio,MEASURED,0.04875024995001,
max. wv (m/s),inner_2,quality,sentinel_le_m9999_count,MEASURED,0,
max. wv (m/s),inner_2,distribution,mean,MEASURED,4.01654149170166,
max. wv (m/s),inner_2,distribution,std,MEASURED,2.7438136835731517,
max. wv (m/s),inner_2,distribution,median,MEASURED,3.38,
max. wv (m/s),inner_2,distribution,iqr,MEASURED,3.6500000000000004,
max. wv (m/s),inner_2,distribution,mad,MEASURED,1.71,
max. wv (m/s),inner_2,distribution,skewness,MEASURED,1.2292951237628391,
max. wv (m/s),inner_2,distribution,excess_kurtosis,MEASURED,1.986175056494032,
max. wv (m/s),inner_2,distribution,q01,MEASURED,0.52,
max. wv (m/s),inner_2,distribution,q99,MEASURED,12.42,
max. wv (m/s),inner_2,distribution,upper_tail_ratio,MEASURED,4.981395348837209,
max. wv (m/s),inner_2,distribution,lower_tail_ratio,MEASURED,1.96,
max. wv (m/s),inner_2,volatility,diff_std,MEASURED,1.0288674202295338,
max. wv (m/s),inner_2,volatility,diff_std_over_std,MEASURED,0.3749771445449181,
max. wv (m/s),inner_2,volatility,rolling_std_cv,MEASURED,0.3999683638836297,
max. wv (m/s),inner_2,acf_selected,acf_lag_1,MEASURED,0.9296809407210603,
max. wv (m/s),inner_2,acf_selected,acf_lag_144,MEASURED,0.4446403571103185,
max. wv (m/s),inner_2,acf_selected,acf_lag_288,MEASURED,0.34981839531351255,
max. wv (m/s),inner_2,acf_selected,acf_lag_1008,MEASURED,0.29105498474208247,
max. wv (m/s),inner_2,seasonality,seasonal_acf_daily_144,MEASURED,0.4446403571103185,
max. wv (m/s),inner_2,seasonality,seasonal_diff_var_ratio_daily_144,MEASURED,1.1085300008896788,
max. wv (m/s),inner_2,seasonality,seasonal_acf_weekly_1008,MEASURED,0.29105498474208247,
max. wv (m/s),inner_2,seasonality,seasonal_diff_var_ratio_weekly_1008,MEASURED,1.4285908651045705,
max. wv (m/s),inner_2,cost,seconds_quality,MEASURED,0.0005597389523809546,process CPU seconds of the batch divided by its features
max. wv (m/s),inner_2,cost,seconds_distribution,MEASURED,0.0019989206666666684,process CPU seconds of the batch divided by its features
max. wv (m/s),inner_2,cost,seconds_volatility,MEASURED,0.0003743663333333308,process CPU seconds of the batch divided by its features
max. wv (m/s),inner_2,cost,seconds_acf_selected,MEASURED,0.00017693542857142414,process CPU seconds of the batch divided by its features
max. wv (m/s),inner_2,cost,seconds_seasonality,MEASURED,0.0003615458095238132,process CPU seconds of the batch divided by its features
max. wv (m/s),inner_2,stationarity,adf_c_aic_pvalue,NOT_RUN,,DEFERRED_TO_PS4
max. wv (m/s),inner_2,stationarity,kpss_c_auto_pvalue,NOT_RUN,,DEFERRED_TO_PS4
max. wv (m/s),inner_2,spectral,peak1_period_rows,NOT_RUN,,DEFERRED_TO_PS4
max. wv (m/s),inner_2,spectral,entropy_normalized,NOT_RUN,,DEFERRED_TO_PS4
max. wv (m/s),inner_2,stl,stl_seasonal_strength_primary,NOT_RUN,,DEFERRED_TO_PS4
wd (deg),inner_2,quality,missing_fraction,MEASURED,0.0,
wd (deg),inner_2,quality,nonfinite_count,MEASURED,0,
wd (deg),inner_2,quality,constant_flag,MEASURED,False,
wd (deg),inner_2,quality,unique_ratio,MEASURED,0.2549890021995601,
wd (deg),inner_2,quality,sentinel_le_m9999_count,MEASURED,0,
wd (deg),inner_2,distribution,mean,MEASURED,174.14597120575883,
wd (deg),inner_2,distribution,std,MEASURED,86.33369909335352,
wd (deg),inner_2,distribution,median,MEASURED,197.4,
wd (deg),inner_2,distribution,iqr,MEASURED,119.0,
wd (deg),inner_2,distribution,mad,MEASURED,46.69999999999999,
wd (deg),inner_2,distribution,skewness,MEASURED,-0.43155109448074797,
wd (deg),inner_2,distribution,excess_kurtosis,MEASURED,-0.6649526156158378,
wd (deg),inner_2,distribution,q01,MEASURED,6.352399999999999,
wd (deg),inner_2,distribution,q99,MEASURED,350.8,
wd (deg),inner_2,distribution,upper_tail_ratio,MEASURED,4.504273504273505,
wd (deg),inner_2,distribution,lower_tail_ratio,MEASURED,2.3154851013110846,
wd (deg),inner_2,volatility,diff_std,MEASURED,65.67702136474384,
wd (deg),inner_2,volatility,diff_std_over_std,MEASURED,0.7607344762759047,
wd (deg),inner_2,volatility,rolling_std_cv,MEASURED,0.5744814277838095,
wd (deg),inner_2,acf_selected,acf_lag_1,MEASURED,0.7106426884762185,
wd (deg),inner_2,acf_selected,acf_lag_144,MEASURED,0.23742925716129337,
wd (deg),inner_2,acf_selected,acf_lag_288,MEASURED,0.18451570061324377,
wd (deg),inner_2,acf_selected,acf_lag_1008,MEASURED,0.048959770936994766,
wd (deg),inner_2,seasonality,seasonal_acf_daily_144,MEASURED,0.23742925716129337,
wd (deg),inner_2,seasonality,seasonal_diff_var_ratio_daily_144,MEASURED,1.5229255885710082,
wd (deg),inner_2,seasonality,seasonal_acf_weekly_1008,MEASURED,0.048959770936994766,
wd (deg),inner_2,seasonality,seasonal_diff_var_ratio_weekly_1008,MEASURED,1.9147546219987948,
wd (deg),inner_2,cost,seconds_quality,MEASURED,0.0005597389523809546,process CPU seconds of the batch divided by its features
wd (deg),inner_2,cost,seconds_distribution,MEASURED,0.0019989206666666684,process CPU seconds of the batch divided by its features
wd (deg),inner_2,cost,seconds_volatility,MEASURED,0.0003743663333333308,process CPU seconds of the batch divided by its features
wd (deg),inner_2,cost,seconds_acf_selected,MEASURED,0.00017693542857142414,process CPU seconds of the batch divided by its features
wd (deg),inner_2,cost,seconds_seasonality,MEASURED,0.0003615458095238132,process CPU seconds of the batch divided by its features
wd (deg),inner_2,stationarity,adf_c_aic_pvalue,NOT_RUN,,DEFERRED_TO_PS4
wd (deg),inner_2,stationarity,kpss_c_auto_pvalue,NOT_RUN,,DEFERRED_TO_PS4
wd (deg),inner_2,spectral,peak1_period_rows,NOT_RUN,,DEFERRED_TO_PS4
wd (deg),inner_2,spectral,entropy_normalized,NOT_RUN,,DEFERRED_TO_PS4
wd (deg),inner_2,stl,stl_seasonal_strength_primary,NOT_RUN,,DEFERRED_TO_PS4
rain (mm),inner_2,quality,missing_fraction,MEASURED,0.0,
rain (mm),inner_2,quality,nonfinite_count,MEASURED,0,
rain (mm),inner_2,quality,constant_flag,MEASURED,False,
rain (mm),inner_2,quality,unique_ratio,MEASURED,0.001239752049590082,
rain (mm),inner_2,quality,sentinel_le_m9999_count,MEASURED,0,
rain (mm),inner_2,distribution,mean,MEASURED,0.011537692461507699,
rain (mm),inner_2,distribution,std,MEASURED,0.1213923278194864,
rain (mm),inner_2,distribution,median,MEASURED,0.0,
rain (mm),inner_2,distribution,iqr,MEASURED,0.0,
rain (mm),inner_2,distribution,mad,MEASURED,0.0,
rain (mm),inner_2,distribution,skewness,MEASURED,43.64877488780342,
rain (mm),inner_2,distribution,excess_kurtosis,MEASURED,3226.1674418405664,
rain (mm),inner_2,distribution,q01,MEASURED,0.0,
rain (mm),inner_2,distribution,q99,MEASURED,0.3,
rain (mm),inner_2,distribution,upper_tail_ratio,NOT_RUN,,ZERO_UPPER_QUARTILE_SPREAD
rain (mm),inner_2,distribution,lower_tail_ratio,NOT_RUN,,ZERO_LOWER_QUARTILE_SPREAD
rain (mm),inner_2,volatility,diff_std,MEASURED,0.11761607022513111,
rain (mm),inner_2,volatility,diff_std_over_std,MEASURED,0.9688921230675246,
rain (mm),inner_2,volatility,rolling_std_cv,MEASURED,2.4656652962017898,
rain (mm),inner_2,acf_selected,acf_lag_1,MEASURED,0.5306424376825589,
rain (mm),inner_2,acf_selected,acf_lag_144,MEASURED,0.0007387658538240935,
rain (mm),inner_2,acf_selected,acf_lag_288,MEASURED,0.0020708755139425146,
rain (mm),inner_2,acf_selected,acf_lag_1008,MEASURED,0.005846151577700448,
rain (mm),inner_2,seasonality,seasonal_acf_daily_144,MEASURED,0.0007387658538240935,
rain (mm),inner_2,seasonality,seasonal_diff_var_ratio_daily_144,MEASURED,2.0099936676424837,
rain (mm),inner_2,seasonality,seasonal_acf_weekly_1008,MEASURED,0.005846151577700448,
rain (mm),inner_2,seasonality,seasonal_diff_var_ratio_weekly_1008,MEASURED,1.6023728348224602,
rain (mm),inner_2,cost,seconds_quality,MEASURED,0.0005597389523809546,process CPU seconds of the batch divided by its features
rain (mm),inner_2,cost,seconds_distribution,MEASURED,0.0019989206666666684,process CPU seconds of the batch divided by its features
rain (mm),inner_2,cost,seconds_volatility,MEASURED,0.0003743663333333308,process CPU seconds of the batch divided by its features
rain (mm),inner_2,cost,seconds_acf_selected,MEASURED,0.00017693542857142414,process CPU seconds of the batch divided by its features
rain (mm),inner_2,cost,seconds_seasonality,MEASURED,0.0003615458095238132,process CPU seconds of the batch divided by its features
rain (mm),inner_2,stationarity,adf_c_aic_pvalue,NOT_RUN,,DEFERRED_TO_PS4
rain (mm),inner_2,stationarity,kpss_c_auto_pvalue,NOT_RUN,,DEFERRED_TO_PS4
rain (mm),inner_2,spectral,peak1_period_rows,NOT_RUN,,DEFERRED_TO_PS4
rain (mm),inner_2,spectral,entropy_normalized,NOT_RUN,,DEFERRED_TO_PS4
rain (mm),inner_2,stl,stl_seasonal_strength_primary,NOT_RUN,,DEFERRED_TO_PS4
raining (s),inner_2,quality,missing_fraction,MEASURED,0.0,
raining (s),inner_2,quality,nonfinite_count,MEASURED,0,
raining (s),inner_2,quality,constant_flag,MEASURED,False,
raining (s),inner_2,quality,unique_ratio,MEASURED,0.002439512097580484,
raining (s),inner_2,quality,sentinel_le_m9999_count,MEASURED,0,
raining (s),inner_2,distribution,mean,MEASURED,25.92881423715257,
raining (s),inner_2,distribution,std,MEASURED,110.79816755770025,
raining (s),inner_2,distribution,median,MEASURED,0.0,
raining (s),inner_2,distribution,iqr,MEASURED,0.0,
raining (s),inner_2,distribution,mad,MEASURED,0.0,
raining (s),inner_2,distribution,skewness,MEASURED,4.4366787558675265,
raining (s),inner_2,distribution,excess_kurtosis,MEASURED,18.606588957023693,
raining (s),inner_2,distribution,q01,MEASURED,0.0,
raining (s),inner_2,distribution,q99,MEASURED,600.0,
raining (s),inner_2,distribution,upper_tail_ratio,NOT_RUN,,ZERO_UPPER_QUARTILE_SPREAD
raining (s),inner_2,distribution,lower_tail_ratio,NOT_RUN,,ZERO_LOWER_QUARTILE_SPREAD
raining (s),inner_2,volatility,diff_std,MEASURED,60.17638620177556,
raining (s),inner_2,volatility,diff_std_over_std,MEASURED,0.5431171609443591,
raining (s),inner_2,volatility,rolling_std_cv,MEASURED,1.3296339539337172,
raining (s),inner_2,acf_selected,acf_lag_1,MEASURED,0.8525155830903591,
raining (s),inner_2,acf_selected,acf_lag_144,MEASURED,0.045544784919311306,
raining (s),inner_2,acf_selected,acf_lag_288,MEASURED,-0.005821747927780573,
raining (s),inner_2,acf_selected,acf_lag_1008,MEASURED,0.052537135462453415,
raining (s),inner_2,seasonality,seasonal_acf_daily_144,MEASURED,0.045544784919311306,
raining (s),inner_2,seasonality,seasonal_diff_var_ratio_daily_144,MEASURED,1.9193311875155885,
raining (s),inner_2,seasonality,seasonal_acf_weekly_1008,MEASURED,0.052537135462453415,
raining (s),inner_2,seasonality,seasonal_diff_var_ratio_weekly_1008,MEASURED,1.8943424124623487,
raining (s),inner_2,cost,seconds_quality,MEASURED,0.0005597389523809546,process CPU seconds of the batch divided by its features
raining (s),inner_2,cost,seconds_distribution,MEASURED,0.0019989206666666684,process CPU seconds of the batch divided by its features
raining (s),inner_2,cost,seconds_volatility,MEASURED,0.0003743663333333308,process CPU seconds of the batch divided by its features
raining (s),inner_2,cost,seconds_acf_selected,MEASURED,0.00017693542857142414,process CPU seconds of the batch divided by its features
raining (s),inner_2,cost,seconds_seasonality,MEASURED,0.0003615458095238132,process CPU seconds of the batch divided by its features
raining (s),inner_2,stationarity,adf_c_aic_pvalue,NOT_RUN,,DEFERRED_TO_PS4
raining (s),inner_2,stationarity,kpss_c_auto_pvalue,NOT_RUN,,DEFERRED_TO_PS4
raining (s),inner_2,spectral,peak1_period_rows,NOT_RUN,,DEFERRED_TO_PS4
raining (s),inner_2,spectral,entropy_normalized,NOT_RUN,,DEFERRED_TO_PS4
raining (s),inner_2,stl,stl_seasonal_strength_primary,NOT_RUN,,DEFERRED_TO_PS4
SWDR (W/m�),inner_2,quality,missing_fraction,MEASURED,0.0,
SWDR (W/m�),inner_2,quality,nonfinite_count,MEASURED,0,
SWDR (W/m�),inner_2,quality,constant_flag,MEASURED,False,
SWDR (W/m�),inner_2,quality,unique_ratio,MEASURED,0.23047390521895622,
SWDR (W/m�),inner_2,quality,sentinel_le_m9999_count,MEASURED,0,
SWDR (W/m�),inner_2,distribution,mean,MEASURED,139.13243431313737,
SWDR (W/m�),inner_2,distribution,std,MEASURED,222.68865487242837,
SWDR (W/m�),inner_2,distribution,median,MEASURED,5.84,
SWDR (W/m�),inner_2,distribution,iqr,MEASURED,196.58,
SWDR (W/m�),inner_2,distribution,mad,MEASURED,5.84,
SWDR (W/m�),inner_2,distribution,skewness,MEASURED,1.7373669145763706,
SWDR (W/m�),inner_2,distribution,excess_kurtosis,MEASURED,2.065298849647963,
SWDR (W/m�),inner_2,distribution,q01,MEASURED,0.0,
SWDR (W/m�),inner_2,distribution,q99,MEASURED,856.9991999999997,
SWDR (W/m�),inner_2,distribution,upper_tail_ratio,MEASURED,4.6535524798154535,
SWDR (W/m�),inner_2,distribution,lower_tail_ratio,MEASURED,1.0,
SWDR (W/m�),inner_2,volatility,diff_std,MEASURED,58.51360341235792,
SWDR (W/m�),inner_2,volatility,diff_std_over_std,MEASURED,0.2627596966979687,
SWDR (W/m�),inner_2,volatility,rolling_std_cv,MEASURED,0.574086966214848,
SWDR (W/m�),inner_2,acf_selected,acf_lag_1,MEASURED,0.9654201158341178,
SWDR (W/m�),inner_2,acf_selected,acf_lag_144,MEASURED,0.7849904212314791,
SWDR (W/m�),inner_2,acf_selected,acf_lag_288,MEASURED,0.7335586603099516,
SWDR (W/m�),inner_2,acf_selected,acf_lag_1008,MEASURED,0.6983493282219643,
SWDR (W/m�),inner_2,seasonality,seasonal_acf_daily_144,MEASURED,0.7849904212314791,
SWDR (W/m�),inner_2,seasonality,seasonal_diff_var_ratio_daily_144,MEASURED,0.4202338969564474,
SWDR (W/m�),inner_2,seasonality,seasonal_acf_weekly_1008,MEASURED,0.6983493282219643,
SWDR (W/m�),inner_2,seasonality,seasonal_diff_var_ratio_weekly_1008,MEASURED,0.5461055803161616,
SWDR (W/m�),inner_2,cost,seconds_quality,MEASURED,0.0005597389523809546,process CPU seconds of the batch divided by its features
SWDR (W/m�),inner_2,cost,seconds_distribution,MEASURED,0.0019989206666666684,process CPU seconds of the batch divided by its features
SWDR (W/m�),inner_2,cost,seconds_volatility,MEASURED,0.0003743663333333308,process CPU seconds of the batch divided by its features
SWDR (W/m�),inner_2,cost,seconds_acf_selected,MEASURED,0.00017693542857142414,process CPU seconds of the batch divided by its features
SWDR (W/m�),inner_2,cost,seconds_seasonality,MEASURED,0.0003615458095238132,process CPU seconds of the batch divided by its features
SWDR (W/m�),inner_2,stationarity,adf_c_aic_pvalue,NOT_RUN,,DEFERRED_TO_PS4
SWDR (W/m�),inner_2,stationarity,kpss_c_auto_pvalue,NOT_RUN,,DEFERRED_TO_PS4
SWDR (W/m�),inner_2,spectral,peak1_period_rows,NOT_RUN,,DEFERRED_TO_PS4
SWDR (W/m�),inner_2,spectral,entropy_normalized,NOT_RUN,,DEFERRED_TO_PS4
SWDR (W/m�),inner_2,stl,stl_seasonal_strength_primary,NOT_RUN,,DEFERRED_TO_PS4
PAR (�mol/m�/s),inner_2,quality,missing_fraction,MEASURED,0.0,
PAR (�mol/m�/s),inner_2,quality,nonfinite_count,MEASURED,0,
PAR (�mol/m�/s),inner_2,quality,constant_flag,MEASURED,False,
PAR (�mol/m�/s),inner_2,quality,unique_ratio,MEASURED,0.28854229154169164,
PAR (�mol/m�/s),inner_2,quality,sentinel_le_m9999_count,MEASURED,0,
PAR (�mol/m�/s),inner_2,distribution,mean,MEASURED,272.939425714857,
PAR (�mol/m�/s),inner_2,distribution,std,MEASURED,431.9019315569229,
PAR (�mol/m�/s),inner_2,distribution,median,MEASURED,16.44,
PAR (�mol/m�/s),inner_2,distribution,iqr,MEASURED,391.5,
PAR (�mol/m�/s),inner_2,distribution,mad,MEASURED,16.44,
PAR (�mol/m�/s),inner_2,distribution,skewness,MEASURED,1.7372649869211205,
PAR (�mol/m�/s),inner_2,distribution,excess_kurtosis,MEASURED,2.1185164225458264,
PAR (�mol/m�/s),inner_2,distribution,q01,MEASURED,0.0,
PAR (�mol/m�/s),inner_2,distribution,q99,MEASURED,1684.0139999999997,
PAR (�mol/m�/s),inner_2,distribution,upper_tail_ratio,MEASURED,4.665840132245507,
PAR (�mol/m�/s),inner_2,distribution,lower_tail_ratio,MEASURED,1.0,
PAR (�mol/m�/s),inner_2,volatility,diff_std,MEASURED,110.28851667073958,
PAR (�mol/m�/s),inner_2,volatility,diff_std_over_std,MEASURED,0.2553554606092425,
PAR (�mol/m�/s),inner_2,volatility,rolling_std_cv,MEASURED,0.5652864850723084,
PAR (�mol/m�/s),inner_2,acf_selected,acf_lag_1,MEASURED,0.9673361787772716,
PAR (�mol/m�/s),inner_2,acf_selected,acf_lag_144,MEASURED,0.7955895169286855,
PAR (�mol/m�/s),inner_2,acf_selected,acf_lag_288,MEASURED,0.7466151304994395,
PAR (�mol/m�/s),inner_2,acf_selected,acf_lag_1008,MEASURED,0.7117617379126422,
PAR (�mol/m�/s),inner_2,seasonality,seasonal_acf_daily_144,MEASURED,0.7955895169286855,
PAR (�mol/m�/s),inner_2,seasonality,seasonal_diff_var_ratio_daily_144,MEASURED,0.3984413673855934,
PAR (�mol/m�/s),inner_2,seasonality,seasonal_acf_weekly_1008,MEASURED,0.7117617379126422,
PAR (�mol/m�/s),inner_2,seasonality,seasonal_diff_var_ratio_weekly_1008,MEASURED,0.5144079563581948,
PAR (�mol/m�/s),inner_2,cost,seconds_quality,MEASURED,0.0005597389523809546,process CPU seconds of the batch divided by its features
PAR (�mol/m�/s),inner_2,cost,seconds_distribution,MEASURED,0.0019989206666666684,process CPU seconds of the batch divided by its features
PAR (�mol/m�/s),inner_2,cost,seconds_volatility,MEASURED,0.0003743663333333308,process CPU seconds of the batch divided by its features
PAR (�mol/m�/s),inner_2,cost,seconds_acf_selected,MEASURED,0.00017693542857142414,process CPU seconds of the batch divided by its features
PAR (�mol/m�/s),inner_2,cost,seconds_seasonality,MEASURED,0.0003615458095238132,process CPU seconds of the batch divided by its features
PAR (�mol/m�/s),inner_2,stationarity,adf_c_aic_pvalue,NOT_RUN,,DEFERRED_TO_PS4
PAR (�mol/m�/s),inner_2,stationarity,kpss_c_auto_pvalue,NOT_RUN,,DEFERRED_TO_PS4
PAR (�mol/m�/s),inner_2,spectral,peak1_period_rows,NOT_RUN,,DEFERRED_TO_PS4
PAR (�mol/m�/s),inner_2,spectral,entropy_normalized,NOT_RUN,,DEFERRED_TO_PS4
PAR (�mol/m�/s),inner_2,stl,stl_seasonal_strength_primary,NOT_RUN,,DEFERRED_TO_PS4
max. PAR (�mol/m�/s),inner_2,quality,missing_fraction,MEASURED,0.0,
max. PAR (�mol/m�/s),inner_2,quality,nonfinite_count,MEASURED,0,
max. PAR (�mol/m�/s),inner_2,quality,constant_flag,MEASURED,False,
max. PAR (�mol/m�/s),inner_2,quality,unique_ratio,MEASURED,0.2485102979404119,
max. PAR (�mol/m�/s),inner_2,quality,sentinel_le_m9999_count,MEASURED,9,
max. PAR (�mol/m�/s),inner_2,distribution,mean,MEASURED,323.5915288942212,
max. PAR (�mol/m�/s),inner_2,distribution,std,MEASURED,553.9922845472308,
max. PAR (�mol/m�/s),inner_2,distribution,median,MEASURED,21.04,
max. PAR (�mol/m�/s),inner_2,distribution,iqr,MEASURED,463.51,
max. PAR (�mol/m�/s),inner_2,distribution,mad,MEASURED,21.04,
max. PAR (�mol/m�/s),inner_2,distribution,skewness,MEASURED,-0.8984732303805809,
max. PAR (�mol/m�/s),inner_2,distribution,excess_kurtosis,MEASURED,44.33214385617598,
max. PAR (�mol/m�/s),inner_2,distribution,q01,MEASURED,0.0,
max. PAR (�mol/m�/s),inner_2,distribution,q99,MEASURED,2011.58,
max. PAR (�mol/m�/s),inner_2,distribution,upper_tail_ratio,MEASURED,4.777928447126359,
max. PAR (�mol/m�/s),inner_2,distribution,lower_tail_ratio,MEASURED,1.0,
max. PAR (�mol/m�/s),inner_2,volatility,diff_std,MEASURED,275.5059404814036,
max. PAR (�mol/m�/s),inner_2,volatility,diff_std_over_std,MEASURED,0.49731006760603225,
max. PAR (�mol/m�/s),inner_2,volatility,rolling_std_cv,MEASURED,0.6270993892581651,
max. PAR (�mol/m�/s),inner_2,acf_selected,acf_lag_1,MEASURED,0.8763090645637037,
max. PAR (�mol/m�/s),inner_2,acf_selected,acf_lag_144,MEASURED,0.6631332403157769,
max. PAR (�mol/m�/s),inner_2,acf_selected,acf_lag_288,MEASURED,0.6360947920871759,
max. PAR (�mol/m�/s),inner_2,acf_selected,acf_lag_1008,MEASURED,0.607986928452197,
max. PAR (�mol/m�/s),inner_2,seasonality,seasonal_acf_daily_144,MEASURED,0.6631332403157769,
max. PAR (�mol/m�/s),inner_2,seasonality,seasonal_diff_var_ratio_daily_144,MEASURED,0.6479562702758201,
max. PAR (�mol/m�/s),inner_2,seasonality,seasonal_acf_weekly_1008,MEASURED,0.607986928452197,
max. PAR (�mol/m�/s),inner_2,seasonality,seasonal_diff_var_ratio_weekly_1008,MEASURED,0.7199861036460524,
max. PAR (�mol/m�/s),inner_2,cost,seconds_quality,MEASURED,0.0005597389523809546,process CPU seconds of the batch divided by its features
max. PAR (�mol/m�/s),inner_2,cost,seconds_distribution,MEASURED,0.0019989206666666684,process CPU seconds of the batch divided by its features
max. PAR (�mol/m�/s),inner_2,cost,seconds_volatility,MEASURED,0.0003743663333333308,process CPU seconds of the batch divided by its features
max. PAR (�mol/m�/s),inner_2,cost,seconds_acf_selected,MEASURED,0.00017693542857142414,process CPU seconds of the batch divided by its features
max. PAR (�mol/m�/s),inner_2,cost,seconds_seasonality,MEASURED,0.0003615458095238132,process CPU seconds of the batch divided by its features
max. PAR (�mol/m�/s),inner_2,stationarity,adf_c_aic_pvalue,NOT_RUN,,DEFERRED_TO_PS4
max. PAR (�mol/m�/s),inner_2,stationarity,kpss_c_auto_pvalue,NOT_RUN,,DEFERRED_TO_PS4
max. PAR (�mol/m�/s),inner_2,spectral,peak1_period_rows,NOT_RUN,,DEFERRED_TO_PS4
max. PAR (�mol/m�/s),inner_2,spectral,entropy_normalized,NOT_RUN,,DEFERRED_TO_PS4
max. PAR (�mol/m�/s),inner_2,stl,stl_seasonal_strength_primary,NOT_RUN,,DEFERRED_TO_PS4
Tlog (degC),inner_2,quality,missing_fraction,MEASURED,0.0,
Tlog (degC),inner_2,quality,nonfinite_count,MEASURED,0,
Tlog (degC),inner_2,quality,constant_flag,MEASURED,False,
Tlog (degC),inner_2,quality,unique_ratio,MEASURED,0.11909618076384723,
Tlog (degC),inner_2,quality,sentinel_le_m9999_count,MEASURED,0,
Tlog (degC),inner_2,distribution,mean,MEASURED,19.24945930813837,
Tlog (degC),inner_2,distribution,std,MEASURED,6.336877268294826,
Tlog (degC),inner_2,distribution,median,MEASURED,18.17,
Tlog (degC),inner_2,distribution,iqr,MEASURED,8.75,
Tlog (degC),inner_2,distribution,mad,MEASURED,4.140000000000002,
Tlog (degC),inner_2,distribution,skewness,MEASURED,0.6244535326762333,
Tlog (degC),inner_2,distribution,excess_kurtosis,MEASURED,-0.05135939665828548,
Tlog (degC),inner_2,distribution,q01,MEASURED,7.84,
Tlog (degC),inner_2,distribution,q99,MEASURED,35.48,
Tlog (degC),inner_2,distribution,upper_tail_ratio,MEASURED,3.574724409448818,
Tlog (degC),inner_2,distribution,lower_tail_ratio,MEASURED,2.915531335149863,
Tlog (degC),inner_2,volatility,diff_std,MEASURED,0.20872458215916598,
Tlog (degC),inner_2,volatility,diff_std_over_std,MEASURED,0.03293808185357693,
Tlog (degC),inner_2,volatility,rolling_std_cv,MEASURED,0.5478332456252675,
Tlog (degC),inner_2,acf_selected,acf_lag_1,MEASURED,0.9992865325920277,
Tlog (degC),inner_2,acf_selected,acf_lag_144,MEASURED,0.8050264773527839,
Tlog (degC),inner_2,acf_selected,acf_lag_288,MEASURED,0.7008065113494085,
Tlog (degC),inner_2,acf_selected,acf_lag_1008,MEASURED,0.5807008716584877,
Tlog (degC),inner_2,seasonality,seasonal_acf_daily_144,MEASURED,0.8050264773527839,
Tlog (degC),inner_2,seasonality,seasonal_diff_var_ratio_daily_144,MEASURED,0.362186342124109,
Tlog (degC),inner_2,seasonality,seasonal_acf_weekly_1008,MEASURED,0.5807008716584877,
Tlog (degC),inner_2,seasonality,seasonal_diff_var_ratio_weekly_1008,MEASURED,0.7066758472286787,
Tlog (degC),inner_2,cost,seconds_quality,MEASURED,0.0005597389523809546,process CPU seconds of the batch divided by its features
Tlog (degC),inner_2,cost,seconds_distribution,MEASURED,0.0019989206666666684,process CPU seconds of the batch divided by its features
Tlog (degC),inner_2,cost,seconds_volatility,MEASURED,0.0003743663333333308,process CPU seconds of the batch divided by its features
Tlog (degC),inner_2,cost,seconds_acf_selected,MEASURED,0.00017693542857142414,process CPU seconds of the batch divided by its features
Tlog (degC),inner_2,cost,seconds_seasonality,MEASURED,0.0003615458095238132,process CPU seconds of the batch divided by its features
Tlog (degC),inner_2,stationarity,adf_c_aic_pvalue,NOT_RUN,,DEFERRED_TO_PS4
Tlog (degC),inner_2,stationarity,kpss_c_auto_pvalue,NOT_RUN,,DEFERRED_TO_PS4
Tlog (degC),inner_2,spectral,peak1_period_rows,NOT_RUN,,DEFERRED_TO_PS4
Tlog (degC),inner_2,spectral,entropy_normalized,NOT_RUN,,DEFERRED_TO_PS4
Tlog (degC),inner_2,stl,stl_seasonal_strength_primary,NOT_RUN,,DEFERRED_TO_PS4
OT,inner_2,quality,missing_fraction,MEASURED,0.0,
OT,inner_2,quality,nonfinite_count,MEASURED,0,
OT,inner_2,quality,constant_flag,MEASURED,False,
OT,inner_2,quality,unique_ratio,MEASURED,0.03715256948610278,
OT,inner_2,quality,sentinel_le_m9999_count,MEASURED,34,
OT,inner_2,distribution,mean,MEASURED,412.4264787042591,
OT,inner_2,distribution,std,MEASURED,384.48690334954506,
OT,inner_2,distribution,median,MEASURED,422.5,
OT,inner_2,distribution,iqr,MEASURED,14.5,
OT,inner_2,distribution,mad,MEASURED,6.600000000000023,
OT,inner_2,distribution,skewness,MEASURED,-27.001336142204163,
OT,inner_2,distribution,excess_kurtosis,MEASURED,728.2875724243127,
OT,inner_2,distribution,q01,MEASURED,402.1,
OT,inner_2,distribution,q99,MEASURED,474.9,
OT,inner_2,distribution,upper_tail_ratio,MEASURED,5.887551020408148,
OT,inner_2,distribution,lower_tail_ratio,MEASURED,4.701702127659589,
OT,inner_2,volatility,diff_std,MEASURED,93.29730698121948,
OT,inner_2,volatility,diff_std_over_std,MEASURED,0.2426540570522397,
OT,inner_2,volatility,rolling_std_cv,MEASURED,9.287138903573481,
OT,inner_2,acf_selected,acf_lag_1,MEASURED,0.9705606435841676,
OT,inner_2,acf_selected,acf_lag_144,MEASURED,0.0008910035403391646,
OT,inner_2,acf_selected,acf_lag_288,MEASURED,0.0007584665530544682,
OT,inner_2,acf_selected,acf_lag_1008,MEASURED,-7.957103270650999e-05,
OT,inner_2,seasonality,seasonal_acf_daily_144,MEASURED,0.0008910035403391646,
OT,inner_2,seasonality,seasonal_diff_var_ratio_daily_144,MEASURED,2.0097067673913958,
OT,inner_2,seasonality,seasonal_acf_weekly_1008,MEASURED,-7.957103270650999e-05,
OT,inner_2,seasonality,seasonal_diff_var_ratio_weekly_1008,MEASURED,2.083829531323007,
OT,inner_2,cost,seconds_quality,MEASURED,0.0005597389523809546,process CPU seconds of the batch divided by its features
OT,inner_2,cost,seconds_distribution,MEASURED,0.0019989206666666684,process CPU seconds of the batch divided by its features
OT,inner_2,cost,seconds_volatility,MEASURED,0.0003743663333333308,process CPU seconds of the batch divided by its features
OT,inner_2,cost,seconds_acf_selected,MEASURED,0.00017693542857142414,process CPU seconds of the batch divided by its features
OT,inner_2,cost,seconds_seasonality,MEASURED,0.0003615458095238132,process CPU seconds of the batch divided by its features
OT,inner_2,stationarity,adf_c_aic_pvalue,NOT_RUN,,DEFERRED_TO_PS4
OT,inner_2,stationarity,kpss_c_auto_pvalue,NOT_RUN,,DEFERRED_TO_PS4
OT,inner_2,spectral,peak1_period_rows,NOT_RUN,,DEFERRED_TO_PS4
OT,inner_2,spectral,entropy_normalized,NOT_RUN,,DEFERRED_TO_PS4
OT,inner_2,stl,stl_seasonal_strength_primary,NOT_RUN,,DEFERRED_TO_PS4
p (mbar),inner_3,quality,missing_fraction,MEASURED,0.0,
p (mbar),inner_3,quality,nonfinite_count,MEASURED,0,
p (mbar),inner_3,quality,constant_flag,MEASURED,False,
p (mbar),inner_3,quality,unique_ratio,MEASURED,0.1490274412207741,
p (mbar),inner_3,quality,sentinel_le_m9999_count,MEASURED,0,
p (mbar),inner_3,distribution,mean,MEASURED,990.8867286659245,
p (mbar),inner_3,distribution,std,MEASURED,9.225662580216296,
p (mbar),inner_3,distribution,median,MEASURED,991.48,
p (mbar),inner_3,distribution,iqr,MEASURED,11.620000000000005,
p (mbar),inner_3,distribution,mad,MEASURED,5.759999999999991,
p (mbar),inner_3,distribution,skewness,MEASURED,-0.23205387908430108,
p (mbar),inner_3,distribution,excess_kurtosis,MEASURED,0.37679466487916624,
p (mbar),inner_3,distribution,q01,MEASURED,967.0037,
p (mbar),inner_3,distribution,q99,MEASURED,1011.4863,
p (mbar),inner_3,distribution,upper_tail_ratio,MEASURED,4.692231638418106,
p (mbar),inner_3,distribution,lower_tail_ratio,MEASURED,4.108763866877946,
p (mbar),inner_3,volatility,diff_std,MEASURED,0.10590015704340652,
p (mbar),inner_3,volatility,diff_std_over_std,MEASURED,0.011478867357505685,
p (mbar),inner_3,volatility,rolling_std_cv,MEASURED,0.6718376632259818,
p (mbar),inner_3,acf_selected,acf_lag_1,MEASURED,0.9998704424922316,
p (mbar),inner_3,acf_selected,acf_lag_144,MEASURED,0.7387135503917005,
p (mbar),inner_3,acf_selected,acf_lag_288,MEASURED,0.512326136949182,
p (mbar),inner_3,acf_selected,acf_lag_1008,MEASURED,0.10453819796727984,
p (mbar),inner_3,seasonality,seasonal_acf_daily_144,MEASURED,0.7387135503917005,
p (mbar),inner_3,seasonality,seasonal_diff_var_ratio_daily_144,MEASURED,0.5100613325592236,
p (mbar),inner_3,seasonality,seasonal_acf_weekly_1008,MEASURED,0.10453819796727984,
p (mbar),inner_3,seasonality,seasonal_diff_var_ratio_weekly_1008,MEASURED,1.789259546341314,
p (mbar),inner_3,cost,seconds_quality,MEASURED,0.0006010440000000029,process CPU seconds of the batch divided by its features
p (mbar),inner_3,cost,seconds_distribution,MEASURED,0.002169192333333337,process CPU seconds of the batch divided by its features
p (mbar),inner_3,cost,seconds_volatility,MEASURED,0.000439252476190477,process CPU seconds of the batch divided by its features
p (mbar),inner_3,cost,seconds_acf_selected,MEASURED,0.0002194778095238101,process CPU seconds of the batch divided by its features
p (mbar),inner_3,cost,seconds_seasonality,MEASURED,0.00042605457142856694,process CPU seconds of the batch divided by its features
p (mbar),inner_3,stationarity,adf_c_aic_pvalue,NOT_RUN,,DEFERRED_TO_PS4
p (mbar),inner_3,stationarity,kpss_c_auto_pvalue,NOT_RUN,,DEFERRED_TO_PS4
p (mbar),inner_3,spectral,peak1_period_rows,NOT_RUN,,DEFERRED_TO_PS4
p (mbar),inner_3,spectral,entropy_normalized,NOT_RUN,,DEFERRED_TO_PS4
p (mbar),inner_3,stl,stl_seasonal_strength_primary,NOT_RUN,,DEFERRED_TO_PS4
T (degC),inner_3,quality,missing_fraction,MEASURED,0.0,
T (degC),inner_3,quality,nonfinite_count,MEASURED,0,
T (degC),inner_3,quality,constant_flag,MEASURED,False,
T (degC),inner_3,quality,unique_ratio,MEASURED,0.10770187962538477,
T (degC),inner_3,quality,sentinel_le_m9999_count,MEASURED,0,
T (degC),inner_3,distribution,mean,MEASURED,10.420807518501539,
T (degC),inner_3,distribution,std,MEASURED,7.194745494912836,
T (degC),inner_3,distribution,median,MEASURED,9.86,
T (degC),inner_3,distribution,iqr,MEASURED,11.3475,
T (degC),inner_3,distribution,mad,MEASURED,5.600000000000001,
T (degC),inner_3,distribution,skewness,MEASURED,0.2212344748512241,
T (degC),inner_3,distribution,excess_kurtosis,MEASURED,-0.7179473584265001,
T (degC),inner_3,distribution,q01,MEASURED,-4.15,
T (degC),inner_3,distribution,q99,MEASURED,26.21,
T (degC),inner_3,distribution,upper_tail_ratio,MEASURED,2.8292243882206525,
T (degC),inner_3,distribution,lower_tail_ratio,MEASURED,2.7951127819548875,
T (degC),inner_3,volatility,diff_std,MEASURED,0.2673693282105296,
T (degC),inner_3,volatility,diff_std_over_std,MEASURED,0.037161749279328575,
T (degC),inner_3,volatility,rolling_std_cv,MEASURED,0.5038822498599804,
T (degC),inner_3,acf_selected,acf_lag_1,MEASURED,0.999274559799559,
T (degC),inner_3,acf_selected,acf_lag_144,MEASURED,0.8568633359367201,
T (degC),inner_3,acf_selected,acf_lag_288,MEASURED,0.7684654789770887,
T (degC),inner_3,acf_selected,acf_lag_1008,MEASURED,0.6677751131827024,
T (degC),inner_3,seasonality,seasonal_acf_daily_144,MEASURED,0.8568633359367201,
T (degC),inner_3,seasonality,seasonal_diff_var_ratio_daily_144,MEASURED,0.26492203298967726,
T (degC),inner_3,seasonality,seasonal_acf_weekly_1008,MEASURED,0.6677751131827024,
T (degC),inner_3,seasonality,seasonal_diff_var_ratio_weekly_1008,MEASURED,0.5433886362170744,
T (degC),inner_3,cost,seconds_quality,MEASURED,0.0006010440000000029,process CPU seconds of the batch divided by its features
T (degC),inner_3,cost,seconds_distribution,MEASURED,0.002169192333333337,process CPU seconds of the batch divided by its features
T (degC),inner_3,cost,seconds_volatility,MEASURED,0.000439252476190477,process CPU seconds of the batch divided by its features
T (degC),inner_3,cost,seconds_acf_selected,MEASURED,0.0002194778095238101,process CPU seconds of the batch divided by its features
T (degC),inner_3,cost,seconds_seasonality,MEASURED,0.00042605457142856694,process CPU seconds of the batch divided by its features
T (degC),inner_3,stationarity,adf_c_aic_pvalue,NOT_RUN,,DEFERRED_TO_PS4
T (degC),inner_3,stationarity,kpss_c_auto_pvalue,NOT_RUN,,DEFERRED_TO_PS4
T (degC),inner_3,spectral,peak1_period_rows,NOT_RUN,,DEFERRED_TO_PS4
T (degC),inner_3,spectral,entropy_normalized,NOT_RUN,,DEFERRED_TO_PS4
T (degC),inner_3,stl,stl_seasonal_strength_primary,NOT_RUN,,DEFERRED_TO_PS4
Tpot (K),inner_3,quality,missing_fraction,MEASURED,0.0,
Tpot (K),inner_3,quality,nonfinite_count,MEASURED,0,
Tpot (K),inner_3,quality,constant_flag,MEASURED,False,
Tpot (K),inner_3,quality,unique_ratio,MEASURED,0.11346519090968629,
Tpot (K),inner_3,quality,sentinel_le_m9999_count,MEASURED,0,
Tpot (K),inner_3,distribution,mean,MEASURED,284.328902351169,
Tpot (K),inner_3,distribution,std,MEASURED,7.40976690087642,
Tpot (K),inner_3,distribution,median,MEASURED,283.94,
Tpot (K),inner_3,distribution,iqr,MEASURED,11.400000000000034,
Tpot (K),inner_3,distribution,mad,MEASURED,5.660000000000025,
Tpot (K),inner_3,distribution,skewness,MEASURED,0.15538956603969198,
Tpot (K),inner_3,distribution,excess_kurtosis,MEASURED,-0.6498740626880792,
Tpot (K),inner_3,distribution,q01,MEASURED,268.83,
Tpot (K),inner_3,distribution,q99,MEASURED,300.58,
Tpot (K),inner_3,distribution,upper_tail_ratio,MEASURED,2.94015228426394,
Tpot (K),inner_3,distribution,lower_tail_ratio,MEASURED,2.8961748633879694,
Tpot (K),inner_3,volatility,diff_std,MEASURED,0.26990830582434155,
Tpot (K),inner_3,volatility,diff_std_over_std,MEASURED,0.03642601844768113,
Tpot (K),inner_3,volatility,rolling_std_cv,MEASURED,0.5020313119406346,
Tpot (K),inner_3,acf_selected,acf_lag_1,MEASURED,0.9992951926990095,
Tpot (K),inner_3,acf_selected,acf_lag_144,MEASURED,0.8466833570475105,
Tpot (K),inner_3,acf_selected,acf_lag_288,MEASURED,0.7495463635737613,
Tpot (K),inner_3,acf_selected,acf_lag_1008,MEASURED,0.6443914050177031,
Tpot (K),inner_3,seasonality,seasonal_acf_daily_144,MEASURED,0.8466833570475105,
Tpot (K),inner_3,seasonality,seasonal_diff_var_ratio_daily_144,MEASURED,0.284390994225201,
Tpot (K),inner_3,seasonality,seasonal_acf_weekly_1008,MEASURED,0.6443914050177031,
Tpot (K),inner_3,seasonality,seasonal_diff_var_ratio_weekly_1008,MEASURED,0.5853639121027444,
Tpot (K),inner_3,cost,seconds_quality,MEASURED,0.0006010440000000029,process CPU seconds of the batch divided by its features
Tpot (K),inner_3,cost,seconds_distribution,MEASURED,0.002169192333333337,process CPU seconds of the batch divided by its features
Tpot (K),inner_3,cost,seconds_volatility,MEASURED,0.000439252476190477,process CPU seconds of the batch divided by its features
Tpot (K),inner_3,cost,seconds_acf_selected,MEASURED,0.0002194778095238101,process CPU seconds of the batch divided by its features
Tpot (K),inner_3,cost,seconds_seasonality,MEASURED,0.00042605457142856694,process CPU seconds of the batch divided by its features
Tpot (K),inner_3,stationarity,adf_c_aic_pvalue,NOT_RUN,,DEFERRED_TO_PS4
Tpot (K),inner_3,stationarity,kpss_c_auto_pvalue,NOT_RUN,,DEFERRED_TO_PS4
Tpot (K),inner_3,spectral,peak1_period_rows,NOT_RUN,,DEFERRED_TO_PS4
Tpot (K),inner_3,spectral,entropy_normalized,NOT_RUN,,DEFERRED_TO_PS4
Tpot (K),inner_3,stl,stl_seasonal_strength_primary,NOT_RUN,,DEFERRED_TO_PS4
Tdew (degC),inner_3,quality,missing_fraction,MEASURED,0.0,
Tdew (degC),inner_3,quality,nonfinite_count,MEASURED,0,
Tdew (degC),inner_3,quality,constant_flag,MEASURED,False,
Tdew (degC),inner_3,quality,unique_ratio,MEASURED,0.09447246054096535,
Tdew (degC),inner_3,quality,sentinel_le_m9999_count,MEASURED,0,
Tdew (degC),inner_3,distribution,mean,MEASURED,3.98519975112974,
Tdew (degC),inner_3,distribution,std,MEASURED,5.917097236841503,
Tdew (degC),inner_3,distribution,median,MEASURED,3.41,
Tdew (degC),inner_3,distribution,iqr,MEASURED,8.24,
Tdew (degC),inner_3,distribution,mad,MEASURED,4.01,
Tdew (degC),inner_3,distribution,skewness,MEASURED,0.16284966865369993,
Tdew (degC),inner_3,distribution,excess_kurtosis,MEASURED,-0.36428446539877957,
Tdew (degC),inner_3,distribution,q01,MEASURED,-9.64,
Tdew (degC),inner_3,distribution,q99,MEASURED,16.86,
Tdew (degC),inner_3,distribution,upper_tail_ratio,MEASURED,3.1695504385964886,
Tdew (degC),inner_3,distribution,lower_tail_ratio,MEASURED,3.7598641304347824,
Tdew (degC),inner_3,volatility,diff_std,MEASURED,0.2166248124010781,
Tdew (degC),inner_3,volatility,diff_std_over_std,MEASURED,0.03660998015248278,
Tdew (degC),inner_3,volatility,rolling_std_cv,MEASURED,0.5314435775765389,
Tdew (degC),inner_3,acf_selected,acf_lag_1,MEASURED,0.9993099289672288,
Tdew (degC),inner_3,acf_selected,acf_lag_144,MEASURED,0.8050258014043473,
Tdew (degC),inner_3,acf_selected,acf_lag_288,MEASURED,0.6958729746335939,
Tdew (degC),inner_3,acf_selected,acf_lag_1008,MEASURED,0.5972478156381483,
Tdew (degC),inner_3,seasonality,seasonal_acf_daily_144,MEASURED,0.8050258014043473,
Tdew (degC),inner_3,seasonality,seasonal_diff_var_ratio_daily_144,MEASURED,0.3840121393373701,
Tdew (degC),inner_3,seasonality,seasonal_acf_weekly_1008,MEASURED,0.5972478156381483,
Tdew (degC),inner_3,seasonality,seasonal_diff_var_ratio_weekly_1008,MEASURED,0.7546937413266043,
Tdew (degC),inner_3,cost,seconds_quality,MEASURED,0.0006010440000000029,process CPU seconds of the batch divided by its features
Tdew (degC),inner_3,cost,seconds_distribution,MEASURED,0.002169192333333337,process CPU seconds of the batch divided by its features
Tdew (degC),inner_3,cost,seconds_volatility,MEASURED,0.000439252476190477,process CPU seconds of the batch divided by its features
Tdew (degC),inner_3,cost,seconds_acf_selected,MEASURED,0.0002194778095238101,process CPU seconds of the batch divided by its features
Tdew (degC),inner_3,cost,seconds_seasonality,MEASURED,0.00042605457142856694,process CPU seconds of the batch divided by its features
Tdew (degC),inner_3,stationarity,adf_c_aic_pvalue,NOT_RUN,,DEFERRED_TO_PS4
Tdew (degC),inner_3,stationarity,kpss_c_auto_pvalue,NOT_RUN,,DEFERRED_TO_PS4
Tdew (degC),inner_3,spectral,peak1_period_rows,NOT_RUN,,DEFERRED_TO_PS4
Tdew (degC),inner_3,spectral,entropy_normalized,NOT_RUN,,DEFERRED_TO_PS4
Tdew (degC),inner_3,stl,stl_seasonal_strength_primary,NOT_RUN,,DEFERRED_TO_PS4
rh (%),inner_3,quality,missing_fraction,MEASURED,0.0,
rh (%),inner_3,quality,nonfinite_count,MEASURED,0,
rh (%),inner_3,quality,constant_flag,MEASURED,False,
rh (%),inner_3,quality,unique_ratio,MEASURED,0.16418887942890825,
rh (%),inner_3,quality,sentinel_le_m9999_count,MEASURED,0,
rh (%),inner_3,distribution,mean,MEASURED,67.31089003864038,
rh (%),inner_3,distribution,std,MEASURED,18.211160347655,
rh (%),inner_3,distribution,median,MEASURED,69.60499999999999,
rh (%),inner_3,distribution,iqr,MEASURED,28.89,
rh (%),inner_3,distribution,mad,MEASURED,14.044999999999987,
rh (%),inner_3,distribution,skewness,MEASURED,-0.2838128485332954,
rh (%),inner_3,distribution,excess_kurtosis,MEASURED,-0.8859764788048876,
rh (%),inner_3,distribution,q01,MEASURED,29.3137,
rh (%),inner_3,distribution,q99,MEASURED,98.7,
rh (%),inner_3,distribution,upper_tail_ratio,MEASURED,2.4521984671238393,
rh (%),inner_3,distribution,lower_tail_ratio,MEASURED,2.5495271294331623,
rh (%),inner_3,volatility,diff_std,MEASURED,1.365767831793703,
rh (%),inner_3,volatility,diff_std_over_std,MEASURED,0.0749962004463691,
rh (%),inner_3,volatility,rolling_std_cv,MEASURED,0.44881464134521676,
rh (%),inner_3,acf_selected,acf_lag_1,MEASURED,0.9971699660729458,
rh (%),inner_3,acf_selected,acf_lag_144,MEASURED,0.6174946476559752,
rh (%),inner_3,acf_selected,acf_lag_288,MEASURED,0.5066046934339422,
rh (%),inner_3,acf_selected,acf_lag_1008,MEASURED,0.4568110740111515,
rh (%),inner_3,seasonality,seasonal_acf_daily_144,MEASURED,0.6174946476559752,
rh (%),inner_3,seasonality,seasonal_diff_var_ratio_daily_144,MEASURED,0.7521851987871583,
rh (%),inner_3,seasonality,seasonal_acf_weekly_1008,MEASURED,0.4568110740111515,
rh (%),inner_3,seasonality,seasonal_diff_var_ratio_weekly_1008,MEASURED,1.038544303928613,
rh (%),inner_3,cost,seconds_quality,MEASURED,0.0006010440000000029,process CPU seconds of the batch divided by its features
rh (%),inner_3,cost,seconds_distribution,MEASURED,0.002169192333333337,process CPU seconds of the batch divided by its features
rh (%),inner_3,cost,seconds_volatility,MEASURED,0.000439252476190477,process CPU seconds of the batch divided by its features
rh (%),inner_3,cost,seconds_acf_selected,MEASURED,0.0002194778095238101,process CPU seconds of the batch divided by its features
rh (%),inner_3,cost,seconds_seasonality,MEASURED,0.00042605457142856694,process CPU seconds of the batch divided by its features
rh (%),inner_3,stationarity,adf_c_aic_pvalue,NOT_RUN,,DEFERRED_TO_PS4
rh (%),inner_3,stationarity,kpss_c_auto_pvalue,NOT_RUN,,DEFERRED_TO_PS4
rh (%),inner_3,spectral,peak1_period_rows,NOT_RUN,,DEFERRED_TO_PS4
rh (%),inner_3,spectral,entropy_normalized,NOT_RUN,,DEFERRED_TO_PS4
rh (%),inner_3,stl,stl_seasonal_strength_primary,NOT_RUN,,DEFERRED_TO_PS4
VPmax (mbar),inner_3,quality,missing_fraction,MEASURED,0.0,
VPmax (mbar),inner_3,quality,nonfinite_count,MEASURED,0,
VPmax (mbar),inner_3,quality,constant_flag,MEASURED,False,
VPmax (mbar),inner_3,quality,unique_ratio,MEASURED,0.08448490405396555,
VPmax (mbar),inner_3,quality,sentinel_le_m9999_count,MEASURED,0,
VPmax (mbar),inner_3,distribution,mean,MEASURED,13.989264195428648,
VPmax (mbar),inner_3,distribution,std,MEASURED,6.908370156704198,
VPmax (mbar),inner_3,distribution,median,MEASURED,12.18,
VPmax (mbar),inner_3,distribution,iqr,MEASURED,9.627500000000001,
VPmax (mbar),inner_3,distribution,mad,MEASURED,4.29,
VPmax (mbar),inner_3,distribution,skewness,MEASURED,0.9903420142661116,
VPmax (mbar),inner_3,distribution,excess_kurtosis,MEASURED,0.4342189741988549,
VPmax (mbar),inner_3,distribution,q01,MEASURED,4.49,
VPmax (mbar),inner_3,distribution,q99,MEASURED,34.09,
VPmax (mbar),inner_3,distribution,upper_tail_ratio,MEASURED,3.9586774056803686,
VPmax (mbar),inner_3,distribution,lower_tail_ratio,MEASURED,2.13941018766756,
VPmax (mbar),inner_3,volatility,diff_std,MEASURED,0.29767668574613676,
VPmax (mbar),inner_3,volatility,diff_std_over_std,MEASURED,0.043089278511988495,
VPmax (mbar),inner_3,volatility,rolling_std_cv,MEASURED,0.6894778014185513,
VPmax (mbar),inner_3,acf_selected,acf_lag_1,MEASURED,0.9990499536248526,
VPmax (mbar),inner_3,acf_selected,acf_lag_144,MEASURED,0.8422693271243252,
VPmax (mbar),inner_3,acf_selected,acf_lag_288,MEASURED,0.7587072295513324,
VPmax (mbar),inner_3,acf_selected,acf_lag_1008,MEASURED,0.6587425083209092,
VPmax (mbar),inner_3,seasonality,seasonal_acf_daily_144,MEASURED,0.8422693271243252,
VPmax (mbar),inner_3,seasonality,seasonal_diff_var_ratio_daily_144,MEASURED,0.29368693813828955,
VPmax (mbar),inner_3,seasonality,seasonal_acf_weekly_1008,MEASURED,0.6587425083209092,
VPmax (mbar),inner_3,seasonality,seasonal_diff_var_ratio_weekly_1008,MEASURED,0.5391249075973988,
VPmax (mbar),inner_3,cost,seconds_quality,MEASURED,0.0006010440000000029,process CPU seconds of the batch divided by its features
VPmax (mbar),inner_3,cost,seconds_distribution,MEASURED,0.002169192333333337,process CPU seconds of the batch divided by its features
VPmax (mbar),inner_3,cost,seconds_volatility,MEASURED,0.000439252476190477,process CPU seconds of the batch divided by its features
VPmax (mbar),inner_3,cost,seconds_acf_selected,MEASURED,0.0002194778095238101,process CPU seconds of the batch divided by its features
VPmax (mbar),inner_3,cost,seconds_seasonality,MEASURED,0.00042605457142856694,process CPU seconds of the batch divided by its features
VPmax (mbar),inner_3,stationarity,adf_c_aic_pvalue,NOT_RUN,,DEFERRED_TO_PS4
VPmax (mbar),inner_3,stationarity,kpss_c_auto_pvalue,NOT_RUN,,DEFERRED_TO_PS4
VPmax (mbar),inner_3,spectral,peak1_period_rows,NOT_RUN,,DEFERRED_TO_PS4
VPmax (mbar),inner_3,spectral,entropy_normalized,NOT_RUN,,DEFERRED_TO_PS4
VPmax (mbar),inner_3,stl,stl_seasonal_strength_primary,NOT_RUN,,DEFERRED_TO_PS4
VPact (mbar),inner_3,quality,missing_fraction,MEASURED,0.0,
VPact (mbar),inner_3,quality,nonfinite_count,MEASURED,0,
VPact (mbar),inner_3,quality,constant_flag,MEASURED,False,
VPact (mbar),inner_3,quality,unique_ratio,MEASURED,0.06064575283253651,
VPact (mbar),inner_3,quality,sentinel_le_m9999_count,MEASURED,0,
VPact (mbar),inner_3,distribution,mean,MEASURED,8.773698343048004,
VPact (mbar),inner_3,distribution,std,MEASURED,3.7567102474889262,
VPact (mbar),inner_3,distribution,median,MEASURED,7.805,
VPact (mbar),inner_3,distribution,iqr,MEASURED,4.727500000000001,
VPact (mbar),inner_3,distribution,mad,MEASURED,2.115,
VPact (mbar),inner_3,distribution,skewness,MEASURED,0.9536403388010022,
VPact (mbar),inner_3,distribution,excess_kurtosis,MEASURED,0.36953771855552864,
VPact (mbar),inner_3,distribution,q01,MEASURED,2.93,
VPact (mbar),inner_3,distribution,q99,MEASURED,19.23,
VPact (mbar),inner_3,distribution,upper_tail_ratio,MEASURED,4.3575278969956965,
VPact (mbar),inner_3,distribution,lower_tail_ratio,MEASURED,2.7813498622589536,
VPact (mbar),inner_3,volatility,diff_std,MEASURED,0.14748447076701784,
VPact (mbar),inner_3,volatility,diff_std_over_std,MEASURED,0.0392589422795117,
VPact (mbar),inner_3,volatility,rolling_std_cv,MEASURED,0.6181267899140849,
VPact (mbar),inner_3,acf_selected,acf_lag_1,MEASURED,0.9992134747665339,
VPact (mbar),inner_3,acf_selected,acf_lag_144,MEASURED,0.8044457233710577,
VPact (mbar),inner_3,acf_selected,acf_lag_288,MEASURED,0.7087680199049224,
VPact (mbar),inner_3,acf_selected,acf_lag_1008,MEASURED,0.6149770988637399,
VPact (mbar),inner_3,seasonality,seasonal_acf_daily_144,MEASURED,0.8044457233710577,
VPact (mbar),inner_3,seasonality,seasonal_diff_var_ratio_daily_144,MEASURED,0.3872544220923855,
VPact (mbar),inner_3,seasonality,seasonal_acf_weekly_1008,MEASURED,0.6149770988637399,
VPact (mbar),inner_3,seasonality,seasonal_diff_var_ratio_weekly_1008,MEASURED,0.7167045044453515,
VPact (mbar),inner_3,cost,seconds_quality,MEASURED,0.0006010440000000029,process CPU seconds of the batch divided by its features
VPact (mbar),inner_3,cost,seconds_distribution,MEASURED,0.002169192333333337,process CPU seconds of the batch divided by its features
VPact (mbar),inner_3,cost,seconds_volatility,MEASURED,0.000439252476190477,process CPU seconds of the batch divided by its features
VPact (mbar),inner_3,cost,seconds_acf_selected,MEASURED,0.0002194778095238101,process CPU seconds of the batch divided by its features
VPact (mbar),inner_3,cost,seconds_seasonality,MEASURED,0.00042605457142856694,process CPU seconds of the batch divided by its features
VPact (mbar),inner_3,stationarity,adf_c_aic_pvalue,NOT_RUN,,DEFERRED_TO_PS4
VPact (mbar),inner_3,stationarity,kpss_c_auto_pvalue,NOT_RUN,,DEFERRED_TO_PS4
VPact (mbar),inner_3,spectral,peak1_period_rows,NOT_RUN,,DEFERRED_TO_PS4
VPact (mbar),inner_3,spectral,entropy_normalized,NOT_RUN,,DEFERRED_TO_PS4
VPact (mbar),inner_3,stl,stl_seasonal_strength_primary,NOT_RUN,,DEFERRED_TO_PS4
VPdef (mbar),inner_3,quality,missing_fraction,MEASURED,0.0,
VPdef (mbar),inner_3,quality,nonfinite_count,MEASURED,0,
VPdef (mbar),inner_3,quality,constant_flag,MEASURED,False,
VPdef (mbar),inner_3,quality,unique_ratio,MEASURED,0.0747265701748641,
VPdef (mbar),inner_3,quality,sentinel_le_m9999_count,MEASURED,0,
VPdef (mbar),inner_3,distribution,mean,MEASURED,5.21550756434606,
VPdef (mbar),inner_3,distribution,std,MEASURED,4.983811899733867,
VPdef (mbar),inner_3,distribution,median,MEASURED,3.31,
VPdef (mbar),inner_3,distribution,iqr,MEASURED,5.48,
VPdef (mbar),inner_3,distribution,mad,MEASURED,2.0700000000000003,
VPdef (mbar),inner_3,distribution,skewness,MEASURED,1.5130300659455704,
VPdef (mbar),inner_3,distribution,excess_kurtosis,MEASURED,1.8181864178982847,
VPdef (mbar),inner_3,distribution,q01,MEASURED,0.15,
VPdef (mbar),inner_3,distribution,q99,MEASURED,21.55,
VPdef (mbar),inner_3,distribution,upper_tail_ratio,MEASURED,5.0,
VPdef (mbar),inner_3,distribution,lower_tail_ratio,MEASURED,2.0432098765432096,
VPdef (mbar),inner_3,volatility,diff_std,MEASURED,0.3366188892397057,
VPdef (mbar),inner_3,volatility,diff_std_over_std,MEASURED,0.06754245465357168,
VPdef (mbar),inner_3,volatility,rolling_std_cv,MEASURED,0.7541793272984353,
VPdef (mbar),inner_3,acf_selected,acf_lag_1,MEASURED,0.9977064399748619,
VPdef (mbar),inner_3,acf_selected,acf_lag_144,MEASURED,0.6886467401632579,
VPdef (mbar),inner_3,acf_selected,acf_lag_288,MEASURED,0.5929940549946585,
VPdef (mbar),inner_3,acf_selected,acf_lag_1008,MEASURED,0.5195710492197553,
VPdef (mbar),inner_3,seasonality,seasonal_acf_daily_144,MEASURED,0.6886467401632579,
VPdef (mbar),inner_3,seasonality,seasonal_diff_var_ratio_daily_144,MEASURED,0.5946311569382954,
VPdef (mbar),inner_3,seasonality,seasonal_acf_weekly_1008,MEASURED,0.5195710492197553,
VPdef (mbar),inner_3,seasonality,seasonal_diff_var_ratio_weekly_1008,MEASURED,0.81610366400505,
VPdef (mbar),inner_3,cost,seconds_quality,MEASURED,0.0006010440000000029,process CPU seconds of the batch divided by its features
VPdef (mbar),inner_3,cost,seconds_distribution,MEASURED,0.002169192333333337,process CPU seconds of the batch divided by its features
VPdef (mbar),inner_3,cost,seconds_volatility,MEASURED,0.000439252476190477,process CPU seconds of the batch divided by its features
VPdef (mbar),inner_3,cost,seconds_acf_selected,MEASURED,0.0002194778095238101,process CPU seconds of the batch divided by its features
VPdef (mbar),inner_3,cost,seconds_seasonality,MEASURED,0.00042605457142856694,process CPU seconds of the batch divided by its features
VPdef (mbar),inner_3,stationarity,adf_c_aic_pvalue,NOT_RUN,,DEFERRED_TO_PS4
VPdef (mbar),inner_3,stationarity,kpss_c_auto_pvalue,NOT_RUN,,DEFERRED_TO_PS4
VPdef (mbar),inner_3,spectral,peak1_period_rows,NOT_RUN,,DEFERRED_TO_PS4
VPdef (mbar),inner_3,spectral,entropy_normalized,NOT_RUN,,DEFERRED_TO_PS4
VPdef (mbar),inner_3,stl,stl_seasonal_strength_primary,NOT_RUN,,DEFERRED_TO_PS4
sh (g/kg),inner_3,quality,missing_fraction,MEASURED,0.0,
sh (g/kg),inner_3,quality,nonfinite_count,MEASURED,0,
sh (g/kg),inner_3,quality,constant_flag,MEASURED,False,
sh (g/kg),inner_3,quality,unique_ratio,MEASURED,0.03991747986115659,
sh (g/kg),inner_3,quality,sentinel_le_m9999_count,MEASURED,0,
sh (g/kg),inner_3,distribution,mean,MEASURED,5.5357302377365905,
sh (g/kg),inner_3,distribution,std,MEASURED,2.3939214167017617,
sh (g/kg),inner_3,distribution,median,MEASURED,4.93,
sh (g/kg),inner_3,distribution,iqr,MEASURED,2.9999999999999996,
sh (g/kg),inner_3,distribution,mad,MEASURED,1.3499999999999996,
sh (g/kg),inner_3,distribution,skewness,MEASURED,0.9638407315943821,
sh (g/kg),inner_3,distribution,excess_kurtosis,MEASURED,0.40357269149399144,
sh (g/kg),inner_3,distribution,q01,MEASURED,1.82,
sh (g/kg),inner_3,distribution,q99,MEASURED,12.22630000000001,
sh (g/kg),inner_3,distribution,upper_tail_ratio,MEASURED,4.403885869565211,
sh (g/kg),inner_3,distribution,lower_tail_ratio,MEASURED,2.78448275862069,
sh (g/kg),inner_3,volatility,diff_std,MEASURED,0.09369296507188425,
sh (g/kg),inner_3,volatility,diff_std_over_std,MEASURED,0.03913786159320561,
sh (g/kg),inner_3,volatility,rolling_std_cv,MEASURED,0.6203408210531964,
sh (g/kg),inner_3,acf_selected,acf_lag_1,MEASURED,0.9992178014140274,
sh (g/kg),inner_3,acf_selected,acf_lag_144,MEASURED,0.8027806621918421,
sh (g/kg),inner_3,acf_selected,acf_lag_288,MEASURED,0.7046853468540658,
sh (g/kg),inner_3,acf_selected,acf_lag_1008,MEASURED,0.610507426539545,
sh (g/kg),inner_3,seasonality,seasonal_acf_daily_144,MEASURED,0.8027806621918421,
sh (g/kg),inner_3,seasonality,seasonal_diff_var_ratio_daily_144,MEASURED,0.3905211714152838,
sh (g/kg),inner_3,seasonality,seasonal_acf_weekly_1008,MEASURED,0.610507426539545,
sh (g/kg),inner_3,seasonality,seasonal_diff_var_ratio_weekly_1008,MEASURED,0.725112283756292,
sh (g/kg),inner_3,cost,seconds_quality,MEASURED,0.0006010440000000029,process CPU seconds of the batch divided by its features
sh (g/kg),inner_3,cost,seconds_distribution,MEASURED,0.002169192333333337,process CPU seconds of the batch divided by its features
sh (g/kg),inner_3,cost,seconds_volatility,MEASURED,0.000439252476190477,process CPU seconds of the batch divided by its features
sh (g/kg),inner_3,cost,seconds_acf_selected,MEASURED,0.0002194778095238101,process CPU seconds of the batch divided by its features
sh (g/kg),inner_3,cost,seconds_seasonality,MEASURED,0.00042605457142856694,process CPU seconds of the batch divided by its features
sh (g/kg),inner_3,stationarity,adf_c_aic_pvalue,NOT_RUN,,DEFERRED_TO_PS4
sh (g/kg),inner_3,stationarity,kpss_c_auto_pvalue,NOT_RUN,,DEFERRED_TO_PS4
sh (g/kg),inner_3,spectral,peak1_period_rows,NOT_RUN,,DEFERRED_TO_PS4
sh (g/kg),inner_3,spectral,entropy_normalized,NOT_RUN,,DEFERRED_TO_PS4
sh (g/kg),inner_3,stl,stl_seasonal_strength_primary,NOT_RUN,,DEFERRED_TO_PS4
H2OC (mmol/mol),inner_3,quality,missing_fraction,MEASURED,0.0,
H2OC (mmol/mol),inner_3,quality,nonfinite_count,MEASURED,0,
H2OC (mmol/mol),inner_3,quality,constant_flag,MEASURED,False,
H2OC (mmol/mol),inner_3,quality,unique_ratio,MEASURED,0.06192285021939878,
H2OC (mmol/mol),inner_3,quality,sentinel_le_m9999_count,MEASURED,0,
H2OC (mmol/mol),inner_3,distribution,mean,MEASURED,8.864513393149519,
H2OC (mmol/mol),inner_3,distribution,std,MEASURED,3.8176477898199748,
H2OC (mmol/mol),inner_3,distribution,median,MEASURED,7.9,
H2OC (mmol/mol),inner_3,distribution,iqr,MEASURED,4.79,
H2OC (mmol/mol),inner_3,distribution,mad,MEASURED,2.16,
H2OC (mmol/mol),inner_3,distribution,skewness,MEASURED,0.9574631780739852,
H2OC (mmol/mol),inner_3,distribution,excess_kurtosis,MEASURED,0.3879637908692759,
H2OC (mmol/mol),inner_3,distribution,q01,MEASURED,2.92,
H2OC (mmol/mol),inner_3,distribution,q99,MEASURED,19.502600000000022,
H2OC (mmol/mol),inner_3,distribution,upper_tail_ratio,MEASURED,4.4003924914675725,
H2OC (mmol/mol),inner_3,distribution,lower_tail_ratio,MEASURED,2.7795698924731176,
H2OC (mmol/mol),inner_3,volatility,diff_std,MEASURED,0.14908259409261881,
H2OC (mmol/mol),inner_3,volatility,diff_std_over_std,MEASURED,0.03905090314778592,
H2OC (mmol/mol),inner_3,volatility,rolling_std_cv,MEASURED,0.6186684527328861,
H2OC (mmol/mol),inner_3,acf_selected,acf_lag_1,MEASURED,0.9992211629161809,
H2OC (mmol/mol),inner_3,acf_selected,acf_lag_144,MEASURED,0.8029162098081964,
H2OC (mmol/mol),inner_3,acf_selected,acf_lag_288,MEASURED,0.7048042679246491,
H2OC (mmol/mol),inner_3,acf_selected,acf_lag_1008,MEASURED,0.6107064776799026,
H2OC (mmol/mol),inner_3,seasonality,seasonal_acf_daily_144,MEASURED,0.8029162098081964,
H2OC (mmol/mol),inner_3,seasonality,seasonal_diff_var_ratio_daily_144,MEASURED,0.39022710264442145,
H2OC (mmol/mol),inner_3,seasonality,seasonal_acf_weekly_1008,MEASURED,0.6107064776799026,
H2OC (mmol/mol),inner_3,seasonality,seasonal_diff_var_ratio_weekly_1008,MEASURED,0.7246619758678715,
H2OC (mmol/mol),inner_3,cost,seconds_quality,MEASURED,0.0006010440000000029,process CPU seconds of the batch divided by its features
H2OC (mmol/mol),inner_3,cost,seconds_distribution,MEASURED,0.002169192333333337,process CPU seconds of the batch divided by its features
H2OC (mmol/mol),inner_3,cost,seconds_volatility,MEASURED,0.000439252476190477,process CPU seconds of the batch divided by its features
H2OC (mmol/mol),inner_3,cost,seconds_acf_selected,MEASURED,0.0002194778095238101,process CPU seconds of the batch divided by its features
H2OC (mmol/mol),inner_3,cost,seconds_seasonality,MEASURED,0.00042605457142856694,process CPU seconds of the batch divided by its features
H2OC (mmol/mol),inner_3,stationarity,adf_c_aic_pvalue,NOT_RUN,,DEFERRED_TO_PS4
H2OC (mmol/mol),inner_3,stationarity,kpss_c_auto_pvalue,NOT_RUN,,DEFERRED_TO_PS4
H2OC (mmol/mol),inner_3,spectral,peak1_period_rows,NOT_RUN,,DEFERRED_TO_PS4
H2OC (mmol/mol),inner_3,spectral,entropy_normalized,NOT_RUN,,DEFERRED_TO_PS4
H2OC (mmol/mol),inner_3,stl,stl_seasonal_strength_primary,NOT_RUN,,DEFERRED_TO_PS4
rho (g/m**3),inner_3,quality,missing_fraction,MEASURED,0.0,
rho (g/m**3),inner_3,quality,nonfinite_count,MEASURED,0,
rho (g/m**3),inner_3,quality,constant_flag,MEASURED,False,
rho (g/m**3),inner_3,quality,unique_ratio,MEASURED,0.41672670115921145,
rho (g/m**3),inner_3,quality,sentinel_le_m9999_count,MEASURED,0,
rho (g/m**3),inner_3,distribution,mean,MEASURED,1214.0580473508414,
rho (g/m**3),inner_3,distribution,std,MEASURED,36.391699159380174,
rho (g/m**3),inner_3,distribution,median,MEASURED,1212.87,
rho (g/m**3),inner_3,distribution,iqr,MEASURED,53.13999999999987,
rho (g/m**3),inner_3,distribution,mad,MEASURED,26.579999999999927,
rho (g/m**3),inner_3,distribution,skewness,MEASURED,0.15527331675720107,
rho (g/m**3),inner_3,distribution,excess_kurtosis,MEASURED,-0.506751160198462,
rho (g/m**3),inner_3,distribution,q01,MEASURED,1139.99,
rho (g/m**3),inner_3,distribution,q99,MEASURED,1298.0163,
rho (g/m**3),inner_3,distribution,upper_tail_ratio,MEASURED,3.3056358381502813,
rho (g/m**3),inner_3,distribution,lower_tail_ratio,MEASURED,2.9726296150824982,
rho (g/m**3),inner_3,volatility,diff_std,MEASURED,1.1641713617765004,
rho (g/m**3),inner_3,volatility,diff_std_over_std,MEASURED,0.03199002488666233,
rho (g/m**3),inner_3,volatility,rolling_std_cv,MEASURED,0.48121224530364454,
rho (g/m**3),inner_3,acf_selected,acf_lag_1,MEASURED,0.9994305875220201,
rho (g/m**3),inner_3,acf_selected,acf_lag_144,MEASURED,0.8242380002682084,
rho (g/m**3),inner_3,acf_selected,acf_lag_288,MEASURED,0.6989957351918177,
rho (g/m**3),inner_3,acf_selected,acf_lag_1008,MEASURED,0.5609929181745581,
rho (g/m**3),inner_3,seasonality,seasonal_acf_daily_144,MEASURED,0.8242380002682084,
rho (g/m**3),inner_3,seasonality,seasonal_diff_var_ratio_daily_144,MEASURED,0.3280579176464695,
rho (g/m**3),inner_3,seasonality,seasonal_acf_weekly_1008,MEASURED,0.5609929181745581,
rho (g/m**3),inner_3,seasonality,seasonal_diff_var_ratio_weekly_1008,MEASURED,0.7554910605062859,
rho (g/m**3),inner_3,cost,seconds_quality,MEASURED,0.0006010440000000029,process CPU seconds of the batch divided by its features
rho (g/m**3),inner_3,cost,seconds_distribution,MEASURED,0.002169192333333337,process CPU seconds of the batch divided by its features
rho (g/m**3),inner_3,cost,seconds_volatility,MEASURED,0.000439252476190477,process CPU seconds of the batch divided by its features
rho (g/m**3),inner_3,cost,seconds_acf_selected,MEASURED,0.0002194778095238101,process CPU seconds of the batch divided by its features
rho (g/m**3),inner_3,cost,seconds_seasonality,MEASURED,0.00042605457142856694,process CPU seconds of the batch divided by its features
rho (g/m**3),inner_3,stationarity,adf_c_aic_pvalue,NOT_RUN,,DEFERRED_TO_PS4
rho (g/m**3),inner_3,stationarity,kpss_c_auto_pvalue,NOT_RUN,,DEFERRED_TO_PS4
rho (g/m**3),inner_3,spectral,peak1_period_rows,NOT_RUN,,DEFERRED_TO_PS4
rho (g/m**3),inner_3,spectral,entropy_normalized,NOT_RUN,,DEFERRED_TO_PS4
rho (g/m**3),inner_3,stl,stl_seasonal_strength_primary,NOT_RUN,,DEFERRED_TO_PS4
wv (m/s),inner_3,quality,missing_fraction,MEASURED,0.0,
wv (m/s),inner_3,quality,nonfinite_count,MEASURED,0,
wv (m/s),inner_3,quality,constant_flag,MEASURED,False,
wv (m/s),inner_3,quality,unique_ratio,MEASURED,0.031534481629445284,
wv (m/s),inner_3,quality,sentinel_le_m9999_count,MEASURED,1,
wv (m/s),inner_3,distribution,mean,MEASURED,1.9867129478027374,
wv (m/s),inner_3,distribution,std,MEASURED,57.257719416924466,
wv (m/s),inner_3,distribution,median,MEASURED,1.87,
wv (m/s),inner_3,distribution,iqr,MEASURED,2.1,
wv (m/s),inner_3,distribution,mad,MEASURED,0.9699999999999998,
wv (m/s),inner_3,distribution,skewness,MEASURED,-174.51322803753413,
wv (m/s),inner_3,distribution,excess_kurtosis,MEASURED,30482.559872404916,
wv (m/s),inner_3,distribution,q01,MEASURED,0.24,
wv (m/s),inner_3,distribution,q99,MEASURED,7.68630000000001,
wv (m/s),inner_3,distribution,upper_tail_ratio,MEASURED,5.49051999999999,
wv (m/s),inner_3,distribution,lower_tail_ratio,MEASURED,1.964705882352941,
wv (m/s),inner_3,volatility,diff_std,MEASURED,80.94432399541104,
wv (m/s),inner_3,volatility,diff_std_over_std,MEASURED,1.4136840380597693,
wv (m/s),inner_3,volatility,rolling_std_cv,MEASURED,11.141627385978774,
wv (m/s),inner_3,acf_selected,acf_lag_1,MEASURED,0.0007814284979154485,
wv (m/s),inner_3,acf_selected,acf_lag_144,MEASURED,-6.67449222581525e-05,
wv (m/s),inner_3,acf_selected,acf_lag_288,MEASURED,-0.00019215283794488903,
wv (m/s),inner_3,acf_selected,acf_lag_1008,MEASURED,-3.114304010825091e-05,
wv (m/s),inner_3,seasonality,seasonal_acf_daily_144,MEASURED,-6.67449222581525e-05,
wv (m/s),inner_3,seasonality,seasonal_diff_var_ratio_daily_144,MEASURED,2.009605856960692,
wv (m/s),inner_3,seasonality,seasonal_acf_weekly_1008,MEASURED,-3.114304010825091e-05,
wv (m/s),inner_3,seasonality,seasonal_diff_var_ratio_weekly_1008,MEASURED,2.0683030722073834,
wv (m/s),inner_3,cost,seconds_quality,MEASURED,0.0006010440000000029,process CPU seconds of the batch divided by its features
wv (m/s),inner_3,cost,seconds_distribution,MEASURED,0.002169192333333337,process CPU seconds of the batch divided by its features
wv (m/s),inner_3,cost,seconds_volatility,MEASURED,0.000439252476190477,process CPU seconds of the batch divided by its features
wv (m/s),inner_3,cost,seconds_acf_selected,MEASURED,0.0002194778095238101,process CPU seconds of the batch divided by its features
wv (m/s),inner_3,cost,seconds_seasonality,MEASURED,0.00042605457142856694,process CPU seconds of the batch divided by its features
wv (m/s),inner_3,stationarity,adf_c_aic_pvalue,NOT_RUN,,DEFERRED_TO_PS4
wv (m/s),inner_3,stationarity,kpss_c_auto_pvalue,NOT_RUN,,DEFERRED_TO_PS4
wv (m/s),inner_3,spectral,peak1_period_rows,NOT_RUN,,DEFERRED_TO_PS4
wv (m/s),inner_3,spectral,entropy_normalized,NOT_RUN,,DEFERRED_TO_PS4
wv (m/s),inner_3,stl,stl_seasonal_strength_primary,NOT_RUN,,DEFERRED_TO_PS4
max. wv (m/s),inner_3,quality,missing_fraction,MEASURED,0.0,
max. wv (m/s),inner_3,quality,nonfinite_count,MEASURED,0,
max. wv (m/s),inner_3,quality,constant_flag,MEASURED,False,
max. wv (m/s),inner_3,quality,unique_ratio,MEASURED,0.042471674634881135,
max. wv (m/s),inner_3,quality,sentinel_le_m9999_count,MEASURED,0,
max. wv (m/s),inner_3,distribution,mean,MEASURED,3.9177067915384107,
max. wv (m/s),inner_3,distribution,std,MEASURED,2.6691828628146324,
max. wv (m/s),inner_3,distribution,median,MEASURED,3.28,
max. wv (m/s),inner_3,distribution,iqr,MEASURED,3.5200000000000005,
max. wv (m/s),inner_3,distribution,mad,MEASURED,1.64,
max. wv (m/s),inner_3,distribution,skewness,MEASURED,1.2555848219411998,
max. wv (m/s),inner_3,distribution,excess_kurtosis,MEASURED,2.0589932201511907,
max. wv (m/s),inner_3,distribution,q01,MEASURED,0.52,
max. wv (m/s),inner_3,distribution,q99,MEASURED,12.06,
max. wv (m/s),inner_3,distribution,upper_tail_ratio,MEASURED,5.009615384615383,
max. wv (m/s),inner_3,distribution,lower_tail_ratio,MEASURED,1.9583333333333337,
max. wv (m/s),inner_3,volatility,diff_std,MEASURED,1.014529742524135,
max. wv (m/s),inner_3,volatility,diff_std_over_std,MEASURED,0.38009001056387776,
max. wv (m/s),inner_3,volatility,rolling_std_cv,MEASURED,0.38818684976432527,
max. wv (m/s),inner_3,acf_selected,acf_lag_1,MEASURED,0.9277388377100092,
max. wv (m/s),inner_3,acf_selected,acf_lag_144,MEASURED,0.46556663483632654,
max. wv (m/s),inner_3,acf_selected,acf_lag_288,MEASURED,0.3639392633585148,
max. wv (m/s),inner_3,acf_selected,acf_lag_1008,MEASURED,0.30337937711432605,
max. wv (m/s),inner_3,seasonality,seasonal_acf_daily_144,MEASURED,0.46556663483632654,
max. wv (m/s),inner_3,seasonality,seasonal_diff_var_ratio_daily_144,MEASURED,1.0669095881335016,
max. wv (m/s),inner_3,seasonality,seasonal_acf_weekly_1008,MEASURED,0.30337937711432605,
max. wv (m/s),inner_3,seasonality,seasonal_diff_var_ratio_weekly_1008,MEASURED,1.3992267558998932,
max. wv (m/s),inner_3,cost,seconds_quality,MEASURED,0.0006010440000000029,process CPU seconds of the batch divided by its features
max. wv (m/s),inner_3,cost,seconds_distribution,MEASURED,0.002169192333333337,process CPU seconds of the batch divided by its features
max. wv (m/s),inner_3,cost,seconds_volatility,MEASURED,0.000439252476190477,process CPU seconds of the batch divided by its features
max. wv (m/s),inner_3,cost,seconds_acf_selected,MEASURED,0.0002194778095238101,process CPU seconds of the batch divided by its features
max. wv (m/s),inner_3,cost,seconds_seasonality,MEASURED,0.00042605457142856694,process CPU seconds of the batch divided by its features
max. wv (m/s),inner_3,stationarity,adf_c_aic_pvalue,NOT_RUN,,DEFERRED_TO_PS4
max. wv (m/s),inner_3,stationarity,kpss_c_auto_pvalue,NOT_RUN,,DEFERRED_TO_PS4
max. wv (m/s),inner_3,spectral,peak1_period_rows,NOT_RUN,,DEFERRED_TO_PS4
max. wv (m/s),inner_3,spectral,entropy_normalized,NOT_RUN,,DEFERRED_TO_PS4
max. wv (m/s),inner_3,stl,stl_seasonal_strength_primary,NOT_RUN,,DEFERRED_TO_PS4
wd (deg),inner_3,quality,missing_fraction,MEASURED,0.0,
wd (deg),inner_3,quality,nonfinite_count,MEASURED,0,
wd (deg),inner_3,quality,constant_flag,MEASURED,False,
wd (deg),inner_3,quality,unique_ratio,MEASURED,0.22791276442465125,
wd (deg),inner_3,quality,sentinel_le_m9999_count,MEASURED,0,
wd (deg),inner_3,distribution,mean,MEASURED,176.1253140349728,
wd (deg),inner_3,distribution,std,MEASURED,87.19465722229421,
wd (deg),inner_3,distribution,median,MEASURED,199.8,
wd (deg),inner_3,distribution,iqr,MEASURED,120.0,
wd (deg),inner_3,distribution,mad,MEASURED,47.30000000000001,
wd (deg),inner_3,distribution,skewness,MEASURED,-0.43905920404709264,
wd (deg),inner_3,distribution,excess_kurtosis,MEASURED,-0.6713691617796718,
wd (deg),inner_3,distribution,q01,MEASURED,5.9537,
wd (deg),inner_3,distribution,q99,MEASURED,351.8,
wd (deg),inner_3,distribution,upper_tail_ratio,MEASURED,4.309392265193371,
wd (deg),inner_3,distribution,lower_tail_ratio,MEASURED,2.346972553699284,
wd (deg),inner_3,volatility,diff_std,MEASURED,68.3161550019403,
wd (deg),inner_3,volatility,diff_std_over_std,MEASURED,0.7834901492619551,
wd (deg),inner_3,volatility,rolling_std_cv,MEASURED,0.5534390445719466,
wd (deg),inner_3,acf_selected,acf_lag_1,MEASURED,0.6930289689736574,
wd (deg),inner_3,acf_selected,acf_lag_144,MEASURED,0.2270811406762145,
wd (deg),inner_3,acf_selected,acf_lag_288,MEASURED,0.1639766369741686,
wd (deg),inner_3,acf_selected,acf_lag_1008,MEASURED,0.04053651100185561,
wd (deg),inner_3,seasonality,seasonal_acf_daily_144,MEASURED,0.2270811406762145,
wd (deg),inner_3,seasonality,seasonal_diff_var_ratio_daily_144,MEASURED,1.543197588761257,
wd (deg),inner_3,seasonality,seasonal_acf_weekly_1008,MEASURED,0.04053651100185561,
wd (deg),inner_3,seasonality,seasonal_diff_var_ratio_weekly_1008,MEASURED,1.9393372099883028,
wd (deg),inner_3,cost,seconds_quality,MEASURED,0.0006010440000000029,process CPU seconds of the batch divided by its features
wd (deg),inner_3,cost,seconds_distribution,MEASURED,0.002169192333333337,process CPU seconds of the batch divided by its features
wd (deg),inner_3,cost,seconds_volatility,MEASURED,0.000439252476190477,process CPU seconds of the batch divided by its features
wd (deg),inner_3,cost,seconds_acf_selected,MEASURED,0.0002194778095238101,process CPU seconds of the batch divided by its features
wd (deg),inner_3,cost,seconds_seasonality,MEASURED,0.00042605457142856694,process CPU seconds of the batch divided by its features
wd (deg),inner_3,stationarity,adf_c_aic_pvalue,NOT_RUN,,DEFERRED_TO_PS4
wd (deg),inner_3,stationarity,kpss_c_auto_pvalue,NOT_RUN,,DEFERRED_TO_PS4
wd (deg),inner_3,spectral,peak1_period_rows,NOT_RUN,,DEFERRED_TO_PS4
wd (deg),inner_3,spectral,entropy_normalized,NOT_RUN,,DEFERRED_TO_PS4
wd (deg),inner_3,stl,stl_seasonal_strength_primary,NOT_RUN,,DEFERRED_TO_PS4
rain (mm),inner_3,quality,missing_fraction,MEASURED,0.0,
rain (mm),inner_3,quality,nonfinite_count,MEASURED,0,
rain (mm),inner_3,quality,constant_flag,MEASURED,False,
rain (mm),inner_3,quality,unique_ratio,MEASURED,0.0010151286921212916,
rain (mm),inner_3,quality,sentinel_le_m9999_count,MEASURED,0,
rain (mm),inner_3,distribution,mean,MEASURED,0.010187307616739798,
rain (mm),inner_3,distribution,std,MEASURED,0.11252573230002497,
rain (mm),inner_3,distribution,median,MEASURED,0.0,
rain (mm),inner_3,distribution,iqr,MEASURED,0.0,
rain (mm),inner_3,distribution,mad,MEASURED,0.0,
rain (mm),inner_3,distribution,skewness,MEASURED,45.59940959600957,
rain (mm),inner_3,distribution,excess_kurtosis,MEASURED,3593.2281566899037,
rain (mm),inner_3,distribution,q01,MEASURED,0.0,
rain (mm),inner_3,distribution,q99,MEASURED,0.3,
rain (mm),inner_3,distribution,upper_tail_ratio,NOT_RUN,,ZERO_UPPER_QUARTILE_SPREAD
rain (mm),inner_3,distribution,lower_tail_ratio,NOT_RUN,,ZERO_LOWER_QUARTILE_SPREAD
rain (mm),inner_3,volatility,diff_std,MEASURED,0.10857883483615849,
rain (mm),inner_3,volatility,diff_std_over_std,MEASURED,0.9649244898638567,
rain (mm),inner_3,volatility,rolling_std_cv,MEASURED,2.589009749737954,
rain (mm),inner_3,acf_selected,acf_lag_1,MEASURED,0.5344753411271678,
rain (mm),inner_3,acf_selected,acf_lag_144,MEASURED,0.0012046325575017379,
rain (mm),inner_3,acf_selected,acf_lag_288,MEASURED,0.002407380774602781,
rain (mm),inner_3,acf_selected,acf_lag_1008,MEASURED,0.005231224893529101,
rain (mm),inner_3,seasonality,seasonal_acf_daily_144,MEASURED,0.0012046325575017379,
rain (mm),inner_3,seasonality,seasonal_diff_var_ratio_daily_144,MEASURED,2.006977208162783,
rain (mm),inner_3,seasonality,seasonal_acf_weekly_1008,MEASURED,0.005231224893529101,
rain (mm),inner_3,seasonality,seasonal_diff_var_ratio_weekly_1008,MEASURED,2.046842214123488,
rain (mm),inner_3,cost,seconds_quality,MEASURED,0.0006010440000000029,process CPU seconds of the batch divided by its features
rain (mm),inner_3,cost,seconds_distribution,MEASURED,0.002169192333333337,process CPU seconds of the batch divided by its features
rain (mm),inner_3,cost,seconds_volatility,MEASURED,0.000439252476190477,process CPU seconds of the batch divided by its features
rain (mm),inner_3,cost,seconds_acf_selected,MEASURED,0.0002194778095238101,process CPU seconds of the batch divided by its features
rain (mm),inner_3,cost,seconds_seasonality,MEASURED,0.00042605457142856694,process CPU seconds of the batch divided by its features
rain (mm),inner_3,stationarity,adf_c_aic_pvalue,NOT_RUN,,DEFERRED_TO_PS4
rain (mm),inner_3,stationarity,kpss_c_auto_pvalue,NOT_RUN,,DEFERRED_TO_PS4
rain (mm),inner_3,spectral,peak1_period_rows,NOT_RUN,,DEFERRED_TO_PS4
rain (mm),inner_3,spectral,entropy_normalized,NOT_RUN,,DEFERRED_TO_PS4
rain (mm),inner_3,stl,stl_seasonal_strength_primary,NOT_RUN,,DEFERRED_TO_PS4
raining (s),inner_3,quality,missing_fraction,MEASURED,0.0,
raining (s),inner_3,quality,nonfinite_count,MEASURED,0,
raining (s),inner_3,quality,constant_flag,MEASURED,False,
raining (s),inner_3,quality,unique_ratio,MEASURED,0.0019975112973999606,
raining (s),inner_3,quality,sentinel_le_m9999_count,MEASURED,0,
raining (s),inner_3,distribution,mean,MEASURED,24.079507498853886,
raining (s),inner_3,distribution,std,MEASURED,106.87822480964634,
raining (s),inner_3,distribution,median,MEASURED,0.0,
raining (s),inner_3,distribution,iqr,MEASURED,0.0,
raining (s),inner_3,distribution,mad,MEASURED,0.0,
raining (s),inner_3,distribution,skewness,MEASURED,4.626966134380784,
raining (s),inner_3,distribution,excess_kurtosis,MEASURED,20.406413615935417,
raining (s),inner_3,distribution,q01,MEASURED,0.0,
raining (s),inner_3,distribution,q99,MEASURED,600.0,
raining (s),inner_3,distribution,upper_tail_ratio,NOT_RUN,,ZERO_UPPER_QUARTILE_SPREAD
raining (s),inner_3,distribution,lower_tail_ratio,NOT_RUN,,ZERO_LOWER_QUARTILE_SPREAD
raining (s),inner_3,volatility,diff_std,MEASURED,58.295588921571614,
raining (s),inner_3,volatility,diff_std_over_std,MEASURED,0.5454393448749546,
raining (s),inner_3,volatility,rolling_std_cv,MEASURED,1.4181131513061782,
raining (s),inner_3,acf_selected,acf_lag_1,MEASURED,0.8512511695107858,
raining (s),inner_3,acf_selected,acf_lag_144,MEASURED,0.047146808266051415,
raining (s),inner_3,acf_selected,acf_lag_288,MEASURED,-0.007618808653717277,
raining (s),inner_3,acf_selected,acf_lag_1008,MEASURED,0.06553981037090996,
raining (s),inner_3,seasonality,seasonal_acf_daily_144,MEASURED,0.047146808266051415,
raining (s),inner_3,seasonality,seasonal_diff_var_ratio_daily_144,MEASURED,1.9142542062178836,
raining (s),inner_3,seasonality,seasonal_acf_weekly_1008,MEASURED,0.06553981037090996,
raining (s),inner_3,seasonality,seasonal_diff_var_ratio_weekly_1008,MEASURED,1.9049045693998614,
raining (s),inner_3,cost,seconds_quality,MEASURED,0.0006010440000000029,process CPU seconds of the batch divided by its features
raining (s),inner_3,cost,seconds_distribution,MEASURED,0.002169192333333337,process CPU seconds of the batch divided by its features
raining (s),inner_3,cost,seconds_volatility,MEASURED,0.000439252476190477,process CPU seconds of the batch divided by its features
raining (s),inner_3,cost,seconds_acf_selected,MEASURED,0.0002194778095238101,process CPU seconds of the batch divided by its features
raining (s),inner_3,cost,seconds_seasonality,MEASURED,0.00042605457142856694,process CPU seconds of the batch divided by its features
raining (s),inner_3,stationarity,adf_c_aic_pvalue,NOT_RUN,,DEFERRED_TO_PS4
raining (s),inner_3,stationarity,kpss_c_auto_pvalue,NOT_RUN,,DEFERRED_TO_PS4
raining (s),inner_3,spectral,peak1_period_rows,NOT_RUN,,DEFERRED_TO_PS4
raining (s),inner_3,spectral,entropy_normalized,NOT_RUN,,DEFERRED_TO_PS4
raining (s),inner_3,stl,stl_seasonal_strength_primary,NOT_RUN,,DEFERRED_TO_PS4
SWDR (W/m�),inner_3,quality,missing_fraction,MEASURED,0.0,
SWDR (W/m�),inner_3,quality,nonfinite_count,MEASURED,0,
SWDR (W/m�),inner_3,quality,constant_flag,MEASURED,False,
SWDR (W/m�),inner_3,quality,unique_ratio,MEASURED,0.2981531207020761,
SWDR (W/m�),inner_3,quality,sentinel_le_m9999_count,MEASURED,0,
SWDR (W/m�),inner_3,distribution,mean,MEASURED,156.94490241666122,
SWDR (W/m�),inner_3,distribution,std,MEASURED,237.8554794318419,
SWDR (W/m�),inner_3,distribution,median,MEASURED,14.915,
SWDR (W/m�),inner_3,distribution,iqr,MEASURED,239.84,
SWDR (W/m�),inner_3,distribution,mad,MEASURED,14.915,
SWDR (W/m�),inner_3,distribution,skewness,MEASURED,1.5758799001174815,
SWDR (W/m�),inner_3,distribution,excess_kurtosis,MEASURED,1.4396348592432737,
SWDR (W/m�),inner_3,distribution,q01,MEASURED,0.0,
SWDR (W/m�),inner_3,distribution,q99,MEASURED,879.7024000000005,
SWDR (W/m�),inner_3,distribution,upper_tail_ratio,MEASURED,4.017450038901852,
SWDR (W/m�),inner_3,distribution,lower_tail_ratio,MEASURED,1.0,
SWDR (W/m�),inner_3,volatility,diff_std,MEASURED,69.71672717295057,
SWDR (W/m�),inner_3,volatility,diff_std_over_std,MEASURED,0.293105407281265,
SWDR (W/m�),inner_3,volatility,rolling_std_cv,MEASURED,0.5244832262191083,
SWDR (W/m�),inner_3,acf_selected,acf_lag_1,MEASURED,0.9570317593321347,
SWDR (W/m�),inner_3,acf_selected,acf_lag_144,MEASURED,0.785965903760835,
SWDR (W/m�),inner_3,acf_selected,acf_lag_288,MEASURED,0.7367888832709232,
SWDR (W/m�),inner_3,acf_selected,acf_lag_1008,MEASURED,0.7171497545854062,
SWDR (W/m�),inner_3,seasonality,seasonal_acf_daily_144,MEASURED,0.785965903760835,
SWDR (W/m�),inner_3,seasonality,seasonal_diff_var_ratio_daily_144,MEASURED,0.41842126968933263,
SWDR (W/m�),inner_3,seasonality,seasonal_acf_weekly_1008,MEASURED,0.7171497545854062,
SWDR (W/m�),inner_3,seasonality,seasonal_diff_var_ratio_weekly_1008,MEASURED,0.5226761744227829,
SWDR (W/m�),inner_3,cost,seconds_quality,MEASURED,0.0006010440000000029,process CPU seconds of the batch divided by its features
SWDR (W/m�),inner_3,cost,seconds_distribution,MEASURED,0.002169192333333337,process CPU seconds of the batch divided by its features
SWDR (W/m�),inner_3,cost,seconds_volatility,MEASURED,0.000439252476190477,process CPU seconds of the batch divided by its features
SWDR (W/m�),inner_3,cost,seconds_acf_selected,MEASURED,0.0002194778095238101,process CPU seconds of the batch divided by its features
SWDR (W/m�),inner_3,cost,seconds_seasonality,MEASURED,0.00042605457142856694,process CPU seconds of the batch divided by its features
SWDR (W/m�),inner_3,stationarity,adf_c_aic_pvalue,NOT_RUN,,DEFERRED_TO_PS4
SWDR (W/m�),inner_3,stationarity,kpss_c_auto_pvalue,NOT_RUN,,DEFERRED_TO_PS4
SWDR (W/m�),inner_3,spectral,peak1_period_rows,NOT_RUN,,DEFERRED_TO_PS4
SWDR (W/m�),inner_3,spectral,entropy_normalized,NOT_RUN,,DEFERRED_TO_PS4
SWDR (W/m�),inner_3,stl,stl_seasonal_strength_primary,NOT_RUN,,DEFERRED_TO_PS4
PAR (�mol/m�/s),inner_3,quality,missing_fraction,MEASURED,0.0,
PAR (�mol/m�/s),inner_3,quality,nonfinite_count,MEASURED,0,
PAR (�mol/m�/s),inner_3,quality,constant_flag,MEASURED,False,
PAR (�mol/m�/s),inner_3,quality,unique_ratio,MEASURED,0.35267535529504224,
PAR (�mol/m�/s),inner_3,quality,sentinel_le_m9999_count,MEASURED,0,
PAR (�mol/m�/s),inner_3,distribution,mean,MEASURED,309.5968943611239,
PAR (�mol/m�/s),inner_3,distribution,std,MEASURED,464.74561013877724,
PAR (�mol/m�/s),inner_3,distribution,median,MEASURED,36.1,
PAR (�mol/m�/s),inner_3,distribution,iqr,MEASURED,475.48,
PAR (�mol/m�/s),inner_3,distribution,mad,MEASURED,36.1,
PAR (�mol/m�/s),inner_3,distribution,skewness,MEASURED,1.5790587828868612,
PAR (�mol/m�/s),inner_3,distribution,excess_kurtosis,MEASURED,1.495673223938038,
PAR (�mol/m�/s),inner_3,distribution,q01,MEASURED,0.0,
PAR (�mol/m�/s),inner_3,distribution,q99,MEASURED,1743.2067000000002,
PAR (�mol/m�/s),inner_3,distribution,upper_tail_ratio,MEASURED,4.043566047612544,
PAR (�mol/m�/s),inner_3,distribution,lower_tail_ratio,MEASURED,1.0,
PAR (�mol/m�/s),inner_3,volatility,diff_std,MEASURED,133.05248116296306,
PAR (�mol/m�/s),inner_3,volatility,diff_std_over_std,MEASURED,0.2862909907276637,
PAR (�mol/m�/s),inner_3,volatility,rolling_std_cv,MEASURED,0.5191078879069854,
PAR (�mol/m�/s),inner_3,acf_selected,acf_lag_1,MEASURED,0.9590055439713828,
PAR (�mol/m�/s),inner_3,acf_selected,acf_lag_144,MEASURED,0.7968699435703056,
PAR (�mol/m�/s),inner_3,acf_selected,acf_lag_288,MEASURED,0.750495205879151,
PAR (�mol/m�/s),inner_3,acf_selected,acf_lag_1008,MEASURED,0.7305589174583433,
PAR (�mol/m�/s),inner_3,seasonality,seasonal_acf_daily_144,MEASURED,0.7968699435703056,
PAR (�mol/m�/s),inner_3,seasonality,seasonal_diff_var_ratio_daily_144,MEASURED,0.39590149526891333,
PAR (�mol/m�/s),inner_3,seasonality,seasonal_acf_weekly_1008,MEASURED,0.7305589174583433,
PAR (�mol/m�/s),inner_3,seasonality,seasonal_diff_var_ratio_weekly_1008,MEASURED,0.49283706086847107,
PAR (�mol/m�/s),inner_3,cost,seconds_quality,MEASURED,0.0006010440000000029,process CPU seconds of the batch divided by its features
PAR (�mol/m�/s),inner_3,cost,seconds_distribution,MEASURED,0.002169192333333337,process CPU seconds of the batch divided by its features
PAR (�mol/m�/s),inner_3,cost,seconds_volatility,MEASURED,0.000439252476190477,process CPU seconds of the batch divided by its features
PAR (�mol/m�/s),inner_3,cost,seconds_acf_selected,MEASURED,0.0002194778095238101,process CPU seconds of the batch divided by its features
PAR (�mol/m�/s),inner_3,cost,seconds_seasonality,MEASURED,0.00042605457142856694,process CPU seconds of the batch divided by its features
PAR (�mol/m�/s),inner_3,stationarity,adf_c_aic_pvalue,NOT_RUN,,DEFERRED_TO_PS4
PAR (�mol/m�/s),inner_3,stationarity,kpss_c_auto_pvalue,NOT_RUN,,DEFERRED_TO_PS4
PAR (�mol/m�/s),inner_3,spectral,peak1_period_rows,NOT_RUN,,DEFERRED_TO_PS4
PAR (�mol/m�/s),inner_3,spectral,entropy_normalized,NOT_RUN,,DEFERRED_TO_PS4
PAR (�mol/m�/s),inner_3,stl,stl_seasonal_strength_primary,NOT_RUN,,DEFERRED_TO_PS4
max. PAR (�mol/m�/s),inner_3,quality,missing_fraction,MEASURED,0.0,
max. PAR (�mol/m�/s),inner_3,quality,nonfinite_count,MEASURED,0,
max. PAR (�mol/m�/s),inner_3,quality,constant_flag,MEASURED,False,
max. PAR (�mol/m�/s),inner_3,quality,unique_ratio,MEASURED,0.3231711310498395,
max. PAR (�mol/m�/s),inner_3,quality,sentinel_le_m9999_count,MEASURED,30,
max. PAR (�mol/m�/s),inner_3,distribution,mean,MEASURED,368.6293938699325,
max. PAR (�mol/m�/s),inner_3,distribution,std,MEASURED,657.6102556692283,
max. PAR (�mol/m�/s),inner_3,distribution,median,MEASURED,42.66,
max. PAR (�mol/m�/s),inner_3,distribution,iqr,MEASURED,564.6,
max. PAR (�mol/m�/s),inner_3,distribution,mad,MEASURED,42.66,
max. PAR (�mol/m�/s),inner_3,distribution,skewness,MEASURED,-2.7825719995520184,
max. PAR (�mol/m�/s),inner_3,distribution,excess_kurtosis,MEASURED,60.30155544472098,
max. PAR (�mol/m�/s),inner_3,distribution,q01,MEASURED,0.0,
max. PAR (�mol/m�/s),inner_3,distribution,q99,MEASURED,2132.566300000001,
max. PAR (�mol/m�/s),inner_3,distribution,upper_tail_ratio,MEASURED,4.202966911905582,
max. PAR (�mol/m�/s),inner_3,distribution,lower_tail_ratio,MEASURED,1.0,
max. PAR (�mol/m�/s),inner_3,volatility,diff_std,MEASURED,443.4666420040369,
max. PAR (�mol/m�/s),inner_3,volatility,diff_std_over_std,MEASURED,0.6743608971741711,
max. PAR (�mol/m�/s),inner_3,volatility,rolling_std_cv,MEASURED,0.6695497350414645,
max. PAR (�mol/m�/s),inner_3,acf_selected,acf_lag_1,MEASURED,0.7726158462488777,
max. PAR (�mol/m�/s),inner_3,acf_selected,acf_lag_144,MEASURED,0.5643466957649711,
max. PAR (�mol/m�/s),inner_3,acf_selected,acf_lag_288,MEASURED,0.527128720518804,
max. PAR (�mol/m�/s),inner_3,acf_selected,acf_lag_1008,MEASURED,0.5229211504230739,
max. PAR (�mol/m�/s),inner_3,seasonality,seasonal_acf_daily_144,MEASURED,0.5643466957649711,
max. PAR (�mol/m�/s),inner_3,seasonality,seasonal_diff_var_ratio_daily_144,MEASURED,0.8688434461633711,
max. PAR (�mol/m�/s),inner_3,seasonality,seasonal_acf_weekly_1008,MEASURED,0.5229211504230739,
max. PAR (�mol/m�/s),inner_3,seasonality,seasonal_diff_var_ratio_weekly_1008,MEASURED,0.8996920797429097,
max. PAR (�mol/m�/s),inner_3,cost,seconds_quality,MEASURED,0.0006010440000000029,process CPU seconds of the batch divided by its features
max. PAR (�mol/m�/s),inner_3,cost,seconds_distribution,MEASURED,0.002169192333333337,process CPU seconds of the batch divided by its features
max. PAR (�mol/m�/s),inner_3,cost,seconds_volatility,MEASURED,0.000439252476190477,process CPU seconds of the batch divided by its features
max. PAR (�mol/m�/s),inner_3,cost,seconds_acf_selected,MEASURED,0.0002194778095238101,process CPU seconds of the batch divided by its features
max. PAR (�mol/m�/s),inner_3,cost,seconds_seasonality,MEASURED,0.00042605457142856694,process CPU seconds of the batch divided by its features
max. PAR (�mol/m�/s),inner_3,stationarity,adf_c_aic_pvalue,NOT_RUN,,DEFERRED_TO_PS4
max. PAR (�mol/m�/s),inner_3,stationarity,kpss_c_auto_pvalue,NOT_RUN,,DEFERRED_TO_PS4
max. PAR (�mol/m�/s),inner_3,spectral,peak1_period_rows,NOT_RUN,,DEFERRED_TO_PS4
max. PAR (�mol/m�/s),inner_3,spectral,entropy_normalized,NOT_RUN,,DEFERRED_TO_PS4
max. PAR (�mol/m�/s),inner_3,stl,stl_seasonal_strength_primary,NOT_RUN,,DEFERRED_TO_PS4
Tlog (degC),inner_3,quality,missing_fraction,MEASURED,0.0,
Tlog (degC),inner_3,quality,nonfinite_count,MEASURED,0,
Tlog (degC),inner_3,quality,constant_flag,MEASURED,False,
Tlog (degC),inner_3,quality,unique_ratio,MEASURED,0.10675224310694872,
Tlog (degC),inner_3,quality,sentinel_le_m9999_count,MEASURED,0,
Tlog (degC),inner_3,distribution,mean,MEASURED,21.128353199292683,
Tlog (degC),inner_3,distribution,std,MEASURED,7.308099372511112,
Tlog (degC),inner_3,distribution,median,MEASURED,20.08,
Tlog (degC),inner_3,distribution,iqr,MEASURED,10.95,
Tlog (degC),inner_3,distribution,mad,MEASURED,5.329999999999998,
Tlog (degC),inner_3,distribution,skewness,MEASURED,0.4326639770866153,
Tlog (degC),inner_3,distribution,excess_kurtosis,MEASURED,-0.5983146066362894,
Tlog (degC),inner_3,distribution,q01,MEASURED,7.99,
Tlog (degC),inner_3,distribution,q99,MEASURED,37.85630000000001,
Tlog (degC),inner_3,distribution,upper_tail_ratio,MEASURED,3.0972447325769843,
Tlog (degC),inner_3,distribution,lower_tail_ratio,MEASURED,2.6234309623430976,
Tlog (degC),inner_3,volatility,diff_std,MEASURED,0.21786218456298267,
Tlog (degC),inner_3,volatility,diff_std_over_std,MEASURED,0.029811059409298065,
Tlog (degC),inner_3,volatility,rolling_std_cv,MEASURED,0.5039055354201623,
Tlog (degC),inner_3,acf_selected,acf_lag_1,MEASURED,0.9995226771110697,
Tlog (degC),inner_3,acf_selected,acf_lag_144,MEASURED,0.856591379406763,
Tlog (degC),inner_3,acf_selected,acf_lag_288,MEASURED,0.7828848631015697,
Tlog (degC),inner_3,acf_selected,acf_lag_1008,MEASURED,0.6941128017442825,
Tlog (degC),inner_3,seasonality,seasonal_acf_daily_144,MEASURED,0.856591379406763,
Tlog (degC),inner_3,seasonality,seasonal_diff_var_ratio_daily_144,MEASURED,0.26684996884041995,
Tlog (degC),inner_3,seasonality,seasonal_acf_weekly_1008,MEASURED,0.6941128017442825,
Tlog (degC),inner_3,seasonality,seasonal_diff_var_ratio_weekly_1008,MEASURED,0.49838492173639964,
Tlog (degC),inner_3,cost,seconds_quality,MEASURED,0.0006010440000000029,process CPU seconds of the batch divided by its features
Tlog (degC),inner_3,cost,seconds_distribution,MEASURED,0.002169192333333337,process CPU seconds of the batch divided by its features
Tlog (degC),inner_3,cost,seconds_volatility,MEASURED,0.000439252476190477,process CPU seconds of the batch divided by its features
Tlog (degC),inner_3,cost,seconds_acf_selected,MEASURED,0.0002194778095238101,process CPU seconds of the batch divided by its features
Tlog (degC),inner_3,cost,seconds_seasonality,MEASURED,0.00042605457142856694,process CPU seconds of the batch divided by its features
Tlog (degC),inner_3,stationarity,adf_c_aic_pvalue,NOT_RUN,,DEFERRED_TO_PS4
Tlog (degC),inner_3,stationarity,kpss_c_auto_pvalue,NOT_RUN,,DEFERRED_TO_PS4
Tlog (degC),inner_3,spectral,peak1_period_rows,NOT_RUN,,DEFERRED_TO_PS4
Tlog (degC),inner_3,spectral,entropy_normalized,NOT_RUN,,DEFERRED_TO_PS4
Tlog (degC),inner_3,stl,stl_seasonal_strength_primary,NOT_RUN,,DEFERRED_TO_PS4
OT,inner_3,quality,missing_fraction,MEASURED,0.0,
OT,inner_3,quality,nonfinite_count,MEASURED,0,
OT,inner_3,quality,constant_flag,MEASURED,False,
OT,inner_3,quality,unique_ratio,MEASURED,0.03196018075839937,
OT,inner_3,quality,sentinel_le_m9999_count,MEASURED,34,
OT,inner_3,distribution,mean,MEASURED,413.58706202108846,
OT,inner_3,distribution,std,MEASURED,348.02869748125397,
OT,inner_3,distribution,median,MEASURED,421.6,
OT,inner_3,distribution,iqr,MEASURED,16.875,
OT,inner_3,distribution,mad,MEASURED,8.200000000000045,
OT,inner_3,distribution,skewness,MEASURED,-29.81988962972234,
OT,inner_3,distribution,excess_kurtosis,MEASURED,889.3025267239652,
OT,inner_3,distribution,q01,MEASURED,400.1,
OT,inner_3,distribution,q99,MEASURED,476.1630000000001,
OT,inner_3,distribution,upper_tail_ratio,MEASURED,6.042722772277236,
OT,inner_3,distribution,lower_tail_ratio,MEASURED,3.306273062730616,
OT,inner_3,volatility,diff_std,MEASURED,84.43129221551179,
OT,inner_3,volatility,diff_std_over_std,MEASURED,0.24259865013016504,
OT,inner_3,volatility,rolling_std_cv,MEASURED,9.259441357337531,
OT,inner_3,acf_selected,acf_lag_1,MEASURED,0.9705738439894579,
OT,inner_3,acf_selected,acf_lag_144,MEASURED,0.001419168803107808,
OT,inner_3,acf_selected,acf_lag_288,MEASURED,0.001245458182729966,
OT,inner_3,acf_selected,acf_lag_1008,MEASURED,0.0003791416624516681,
OT,inner_3,seasonality,seasonal_acf_daily_144,MEASURED,0.001419168803107808,
OT,inner_3,seasonality,seasonal_diff_var_ratio_daily_144,MEASURED,2.006596033248606,
OT,inner_3,seasonality,seasonal_acf_weekly_1008,MEASURED,0.0003791416624516681,
OT,inner_3,seasonality,seasonal_diff_var_ratio_weekly_1008,MEASURED,2.0672923319890115,
OT,inner_3,cost,seconds_quality,MEASURED,0.0006010440000000029,process CPU seconds of the batch divided by its features
OT,inner_3,cost,seconds_distribution,MEASURED,0.002169192333333337,process CPU seconds of the batch divided by its features
OT,inner_3,cost,seconds_volatility,MEASURED,0.000439252476190477,process CPU seconds of the batch divided by its features
OT,inner_3,cost,seconds_acf_selected,MEASURED,0.0002194778095238101,process CPU seconds of the batch divided by its features
OT,inner_3,cost,seconds_seasonality,MEASURED,0.00042605457142856694,process CPU seconds of the batch divided by its features
OT,inner_3,stationarity,adf_c_aic_pvalue,NOT_RUN,,DEFERRED_TO_PS4
OT,inner_3,stationarity,kpss_c_auto_pvalue,NOT_RUN,,DEFERRED_TO_PS4
OT,inner_3,spectral,peak1_period_rows,NOT_RUN,,DEFERRED_TO_PS4
OT,inner_3,spectral,entropy_normalized,NOT_RUN,,DEFERRED_TO_PS4
OT,inner_3,stl,stl_seasonal_strength_primary,NOT_RUN,,DEFERRED_TO_PS4
