feature,fold,tier,group,score_by_target,explore_probability,explore_rule,reincorporation,reasons
return_1,inner_1,EXPLORATORY,R0,"{""Y_s@4h"": -0.058142147202999206, ""Y_l@24h"": -0.01690231439003923, ""Y_l@48h"": 0.0107696834321042, ""Y_l@72h"": 0.023042208160437026, ""Y_l@96h"": 0.01632099467039039, ""Y_l@120h"": 0.02242968985873581, ""Y_l@144h"": 0.02097771951722782}",0.1016949152542373,"uniform without replacement over the 59 unranked eligible inputs, seed=20261001, fold=inner_1; drawn independently of relevance",,"REDUNDANCY_GROUP R0 (|r|>=0.95): return_1,log_return_1,statistical__log_return_1 | EXPLORATORY_DRAW (outside the ranking)"
log_return_1,inner_1,DEFERRED,R0,"{""Y_s@4h"": -0.058142147202999206, ""Y_l@24h"": -0.01690231439003923, ""Y_l@48h"": 0.0107696834321042, ""Y_l@72h"": 0.023042208160437026, ""Y_l@96h"": 0.01632099467039039, ""Y_l@120h"": 0.02242968985873581, ""Y_l@144h"": 0.02097771951722782}",,,"re-enters on: PS5 inner-validation gain as a member of a group or pair, a later exploratory draw, a new vintage, or a change of declared target","REDUNDANCY_GROUP R0 (|r|>=0.95): return_1,log_return_1,statistical__log_return_1 | BELOW_TOP_10_REVERSIBLE max|rho|=0.05814"
return_5,inner_1,REPRESENTATIVE,R1,"{""Y_s@4h"": 0.027144804002858028, ""Y_l@24h"": -0.042461074555388015, ""Y_l@48h"": 0.010618729886500328, ""Y_l@72h"": 0.027796670389203762, ""Y_l@96h"": 0.0106757159349469, ""Y_l@120h"": 0.025636840511841015, ""Y_l@144h"": 0.02978605624589735}",,,,"REDUNDANCY_GROUP R1 (|r|>=0.95): return_5,log_return_5 | BEST_SCORED_MEMBER_OF R1"
log_return_5,inner_1,DEFERRED,R1,"{""Y_s@4h"": 0.027144804002858028, ""Y_l@24h"": -0.042461074555388015, ""Y_l@48h"": 0.010618729886500328, ""Y_l@72h"": 0.027796670389203762, ""Y_l@96h"": 0.0106757159349469, ""Y_l@120h"": 0.025636840511841015, ""Y_l@144h"": 0.02978605624589735}",,,"re-enters on: PS5 inner-validation gain as a member of a group or pair, a later exploratory draw, a new vintage, or a change of declared target","REDUNDANCY_GROUP R1 (|r|>=0.95): return_5,log_return_5 | BELOW_TOP_10_REVERSIBLE max|rho|=0.04246"
return_10,inner_1,DEFERRED,R2,"{""Y_s@4h"": 0.011971887584924413, ""Y_l@24h"": 0.0034643398365596877, ""Y_l@48h"": 0.041782295299787546, ""Y_l@72h"": 0.027227510745124535, ""Y_l@96h"": 0.022849092380277585, ""Y_l@120h"": 0.03831299236772632, ""Y_l@144h"": 0.04579951473261317}",,,"re-enters on: PS5 inner-validation gain as a member of a group or pair, a later exploratory draw, a new vintage, or a change of declared target","REDUNDANCY_GROUP R2 (|r|>=0.95): return_10,log_return_10,roc_10 | BELOW_TOP_10_REVERSIBLE max|rho|=0.0458"
log_return_10,inner_1,EXPLORATORY,R2,"{""Y_s@4h"": 0.011971887584924413, ""Y_l@24h"": 0.0034643398365596877, ""Y_l@48h"": 0.041782295299787546, ""Y_l@72h"": 0.027227510745124535, ""Y_l@96h"": 0.022849092380277585, ""Y_l@120h"": 0.03831299236772632, ""Y_l@144h"": 0.04579951473261317}",0.1016949152542373,"uniform without replacement over the 59 unranked eligible inputs, seed=20261001, fold=inner_1; drawn independently of relevance",,"REDUNDANCY_GROUP R2 (|r|>=0.95): return_10,log_return_10,roc_10 | EXPLORATORY_DRAW (outside the ranking)"
return_20,inner_1,DEFERRED,R3,"{""Y_s@4h"": 0.020457783453358764, ""Y_l@24h"": 0.00527523967327122, ""Y_l@48h"": 0.02845635650112961, ""Y_l@72h"": 0.031200082814308076, ""Y_l@96h"": 0.03550850331495428, ""Y_l@120h"": 0.04286953864373155, ""Y_l@144h"": 0.035193817754801744}",,,"re-enters on: PS5 inner-validation gain as a member of a group or pair, a later exploratory draw, a new vintage, or a change of declared target","REDUNDANCY_GROUP R3 (|r|>=0.95): return_20,log_return_20,roc_20,roll_mean_ret_20 | BELOW_TOP_10_REVERSIBLE max|rho|=0.04287"
log_return_20,inner_1,DEFERRED,R3,"{""Y_s@4h"": 0.020457783453358764, ""Y_l@24h"": 0.00527523967327122, ""Y_l@48h"": 0.02845635650112961, ""Y_l@72h"": 0.031200082814308076, ""Y_l@96h"": 0.03550850331495428, ""Y_l@120h"": 0.04286953864373155, ""Y_l@144h"": 0.035193817754801744}",,,"re-enters on: PS5 inner-validation gain as a member of a group or pair, a later exploratory draw, a new vintage, or a change of declared target","REDUNDANCY_GROUP R3 (|r|>=0.95): return_20,log_return_20,roc_20,roll_mean_ret_20 | BELOW_TOP_10_REVERSIBLE max|rho|=0.04287"
return_60,inner_1,DEFERRED,R4,"{""Y_s@4h"": 0.03006569770105446, ""Y_l@24h"": 0.05543388906444831, ""Y_l@48h"": 0.07900706864631854, ""Y_l@72h"": 0.08140596023300954, ""Y_l@96h"": 0.08096022042457014, ""Y_l@120h"": 0.07898304509376737, ""Y_l@144h"": 0.08528641380716191}",,,"re-enters on: PS5 inner-validation gain as a member of a group or pair, a later exploratory draw, a new vintage, or a change of declared target","REDUNDANCY_GROUP R4 (|r|>=0.95): return_60,log_return_60,roc_60,roll_mean_ret_60 | BELOW_TOP_10_REVERSIBLE max|rho|=0.08529"
log_return_60,inner_1,PRIORITY,R4,"{""Y_s@4h"": 0.03006569770105446, ""Y_l@24h"": 0.05543388906444831, ""Y_l@48h"": 0.07900706864631854, ""Y_l@72h"": 0.08140596023300954, ""Y_l@96h"": 0.08096022042457014, ""Y_l@120h"": 0.07898304509376737, ""Y_l@144h"": 0.08528641380716191}",,,,"REDUNDANCY_GROUP R4 (|r|>=0.95): return_60,log_return_60,roc_60,roll_mean_ret_60 | TOP_10_INDIVIDUAL max|rho|=0.08529"
sma_10,inner_1,DEFERRED,R5,"{""Y_s@4h"": 0.010776025508002137, ""Y_l@24h"": 0.011509758389494978, ""Y_l@48h"": -0.0054077315641266575, ""Y_l@72h"": -0.015784746060808368, ""Y_l@96h"": -0.022391040886628244, ""Y_l@120h"": -0.032630607605054845, ""Y_l@144h"": -0.042233850498656134}",,,"re-enters on: PS5 inner-validation gain as a member of a group or pair, a later exploratory draw, a new vintage, or a change of declared target","REDUNDANCY_GROUP R5 (|r|>=0.95): sma_10,ema_10,sma_20,ema_20,sma_50,ema_50,sma_100,ema_100,sma_200,ema_200,bb_upper,bb_middle,bb_lower,vwap_60 | BELOW_TOP_10_REVERSIBLE max|rho|=0.04223"
ema_10,inner_1,DEFERRED,R5,"{""Y_s@4h"": 0.010141255277761132, ""Y_l@24h"": 0.01040861935463981, ""Y_l@48h"": -0.005734622600924775, ""Y_l@72h"": -0.01607142367150511, ""Y_l@96h"": -0.02297270173507602, ""Y_l@120h"": -0.03311888056021269, ""Y_l@144h"": -0.04245328021556299}",,,"re-enters on: PS5 inner-validation gain as a member of a group or pair, a later exploratory draw, a new vintage, or a change of declared target","REDUNDANCY_GROUP R5 (|r|>=0.95): sma_10,ema_10,sma_20,ema_20,sma_50,ema_50,sma_100,ema_100,sma_200,ema_200,bb_upper,bb_middle,bb_lower,vwap_60 | BELOW_TOP_10_REVERSIBLE max|rho|=0.04245"
close_sma_ratio_10,inner_1,DEFERRED,,"{""Y_s@4h"": -0.01905039427284097, ""Y_l@24h"": -0.03284025408765661, ""Y_l@48h"": 0.024390454509104865, ""Y_l@72h"": 0.029538552566356385, ""Y_l@96h"": 0.01274219974815948, ""Y_l@120h"": 0.029173472870468894, ""Y_l@144h"": 0.03400820509276696}",,,"re-enters on: PS5 inner-validation gain as a member of a group or pair, a later exploratory draw, a new vintage, or a change of declared target",BELOW_TOP_10_REVERSIBLE max|rho|=0.03401
sma_20,inner_1,DEFERRED,R5,"{""Y_s@4h"": 0.010084346888061795, ""Y_l@24h"": 0.010743361015789692, ""Y_l@48h"": -0.0064693225166649986, ""Y_l@72h"": -0.016447968558351775, ""Y_l@96h"": -0.023616012819269235, ""Y_l@120h"": -0.03437336988426787, ""Y_l@144h"": -0.04371527181905069}",,,"re-enters on: PS5 inner-validation gain as a member of a group or pair, a later exploratory draw, a new vintage, or a change of declared target","REDUNDANCY_GROUP R5 (|r|>=0.95): sma_10,ema_10,sma_20,ema_20,sma_50,ema_50,sma_100,ema_100,sma_200,ema_200,bb_upper,bb_middle,bb_lower,vwap_60 | BELOW_TOP_10_REVERSIBLE max|rho|=0.04372"
ema_20,inner_1,DEFERRED,R5,"{""Y_s@4h"": 0.009638807977408553, ""Y_l@24h"": 0.009893018713802645, ""Y_l@48h"": -0.007233259535247074, ""Y_l@72h"": -0.01735391501040977, ""Y_l@96h"": -0.02419656965459068, ""Y_l@120h"": -0.03420664174521206, ""Y_l@144h"": -0.0434040307795116}",,,"re-enters on: PS5 inner-validation gain as a member of a group or pair, a later exploratory draw, a new vintage, or a change of declared target","REDUNDANCY_GROUP R5 (|r|>=0.95): sma_10,ema_10,sma_20,ema_20,sma_50,ema_50,sma_100,ema_100,sma_200,ema_200,bb_upper,bb_middle,bb_lower,vwap_60 | BELOW_TOP_10_REVERSIBLE max|rho|=0.0434"
close_sma_ratio_20,inner_1,DEFERRED,,"{""Y_s@4h"": 0.013819437000445738, ""Y_l@24h"": 0.009841867717175488, ""Y_l@48h"": 0.038483172867104384, ""Y_l@72h"": 0.033947059151131324, ""Y_l@96h"": 0.029719670374214687, ""Y_l@120h"": 0.04872213724182463, ""Y_l@144h"": 0.05127214412621285}",,,"re-enters on: PS5 inner-validation gain as a member of a group or pair, a later exploratory draw, a new vintage, or a change of declared target",BELOW_TOP_10_REVERSIBLE max|rho|=0.05127
sma_50,inner_1,DEFERRED,R5,"{""Y_s@4h"": 0.008167148124405737, ""Y_l@24h"": 0.007335823410896233, ""Y_l@48h"": -0.010861499005354398, ""Y_l@72h"": -0.020419767402267437, ""Y_l@96h"": -0.027230543753767555, ""Y_l@120h"": -0.037268817017881616, ""Y_l@144h"": -0.04609554968792347}",,,"re-enters on: PS5 inner-validation gain as a member of a group or pair, a later exploratory draw, a new vintage, or a change of declared target","REDUNDANCY_GROUP R5 (|r|>=0.95): sma_10,ema_10,sma_20,ema_20,sma_50,ema_50,sma_100,ema_100,sma_200,ema_200,bb_upper,bb_middle,bb_lower,vwap_60 | BELOW_TOP_10_REVERSIBLE max|rho|=0.0461"
ema_50,inner_1,DEFERRED,R5,"{""Y_s@4h"": 0.008430610015832975, ""Y_l@24h"": 0.007852307862135352, ""Y_l@48h"": -0.010548522066483827, ""Y_l@72h"": -0.020567360856885375, ""Y_l@96h"": -0.027599305191782164, ""Y_l@120h"": -0.03779980380210198, ""Y_l@144h"": -0.046920032452044895}",,,"re-enters on: PS5 inner-validation gain as a member of a group or pair, a later exploratory draw, a new vintage, or a change of declared target","REDUNDANCY_GROUP R5 (|r|>=0.95): sma_10,ema_10,sma_20,ema_20,sma_50,ema_50,sma_100,ema_100,sma_200,ema_200,bb_upper,bb_middle,bb_lower,vwap_60 | BELOW_TOP_10_REVERSIBLE max|rho|=0.04692"
close_sma_ratio_50,inner_1,DEFERRED,,"{""Y_s@4h"": 0.021031226824237054, ""Y_l@24h"": 0.024433785167621902, ""Y_l@48h"": 0.049730700142320436, ""Y_l@72h"": 0.04936211353341653, ""Y_l@96h"": 0.046699319625585274, ""Y_l@120h"": 0.051852292400252006, ""Y_l@144h"": 0.05400515522658038}",,,"re-enters on: PS5 inner-validation gain as a member of a group or pair, a later exploratory draw, a new vintage, or a change of declared target",BELOW_TOP_10_REVERSIBLE max|rho|=0.05401
sma_100,inner_1,SYNERGY,R5,"{""Y_s@4h"": 0.005889698708666195, ""Y_l@24h"": 0.0030108123681532903, ""Y_l@48h"": -0.017262879637004097, ""Y_l@72h"": -0.028169016782046034, ""Y_l@96h"": -0.036319872565236076, ""Y_l@120h"": -0.046822355515487094, ""Y_l@144h"": -0.05700507297359583}",,,,"REDUNDANCY_GROUP R5 (|r|>=0.95): sma_10,ema_10,sma_20,ema_20,sma_50,ema_50,sma_100,ema_100,sma_200,ema_200,bb_upper,bb_middle,bb_lower,vwap_60 | SYNERGY_PAIR vol_regime_low*sma_100 on Y_l@144h: joint |rho|=0.1837 vs individual max 0.1008 (pairs among the top 40 plus 2000 seeded random pairs; noise floor 3/sqrt(n)) | SYNERGY_PAIR vol_regime_low*sma_100 on Y_l@120h: joint |rho|=0.1652 vs individual max 0.08406 (pairs among the top 40 plus 2000 seeded random pairs; noise floor 3/sqrt(n)) | SYNERGY_PAIR vol_regime_low*sma_100 on Y_l@96h: joint |rho|=0.141 vs individual max 0.06562 (pairs among the top 40 plus 2000 seeded random pairs; noise floor 3/sqrt(n)) | CAUTION_PERSISTENT_INPUT acf1=0.9986: a Spearman screen against overlapping multi-bar return labels on a near-unit-root input can reflect regime/trend confounding; PS4 must test a differenced or ratio variant before any claim"
ema_100,inner_1,DEFERRED,R5,"{""Y_s@4h"": 0.006747119007373644, ""Y_l@24h"": 0.0049068467334948485, ""Y_l@48h"": -0.014212808004633766, ""Y_l@72h"": -0.024321091923410264, ""Y_l@96h"": -0.03119521645657839, ""Y_l@120h"": -0.04075049458366353, ""Y_l@144h"": -0.050039972720189334}",,,"re-enters on: PS5 inner-validation gain as a member of a group or pair, a later exploratory draw, a new vintage, or a change of declared target","REDUNDANCY_GROUP R5 (|r|>=0.95): sma_10,ema_10,sma_20,ema_20,sma_50,ema_50,sma_100,ema_100,sma_200,ema_200,bb_upper,bb_middle,bb_lower,vwap_60 | BELOW_TOP_10_REVERSIBLE max|rho|=0.05004"
close_sma_ratio_100,inner_1,PRIORITY,,"{""Y_s@4h"": 0.032394407581313914, ""Y_l@24h"": 0.054984275209255924, ""Y_l@48h"": 0.08535198651616216, ""Y_l@72h"": 0.09507597857802458, ""Y_l@96h"": 0.10080124031953763, ""Y_l@120h"": 0.10661639519259855, ""Y_l@144h"": 0.11856760935086794}",,,,TOP_10_INDIVIDUAL max|rho|=0.1186
sma_200,inner_1,SYNERGY,R5,"{""Y_s@4h"": 0.0023296708699680857, ""Y_l@24h"": -0.0024830381692319096, ""Y_l@48h"": -0.0234242228418335, ""Y_l@72h"": -0.033682862894551774, ""Y_l@96h"": -0.040658375474857456, ""Y_l@120h"": -0.0492337973979688, ""Y_l@144h"": -0.058694796752472786}",,,,"REDUNDANCY_GROUP R5 (|r|>=0.95): sma_10,ema_10,sma_20,ema_20,sma_50,ema_50,sma_100,ema_100,sma_200,ema_200,bb_upper,bb_middle,bb_lower,vwap_60 | SYNERGY_PAIR vol_regime_low*sma_200 on Y_l@144h: joint |rho|=0.1803 vs individual max 0.1008 (pairs among the top 40 plus 2000 seeded random pairs; noise floor 3/sqrt(n)) | SYNERGY_PAIR vol_regime_low*sma_200 on Y_l@120h: joint |rho|=0.1614 vs individual max 0.08406 (pairs among the top 40 plus 2000 seeded random pairs; noise floor 3/sqrt(n)) | CAUTION_PERSISTENT_INPUT acf1=0.9986: a Spearman screen against overlapping multi-bar return labels on a near-unit-root input can reflect regime/trend confounding; PS4 must test a differenced or ratio variant before any claim"
ema_200,inner_1,SYNERGY,R5,"{""Y_s@4h"": 0.003997511127030685, ""Y_l@24h"": 0.0007734142657212377, ""Y_l@48h"": -0.018929992273394577, ""Y_l@72h"": -0.02904050118835275, ""Y_l@96h"": -0.036068545199563325, ""Y_l@120h"": -0.04529494396723971, ""Y_l@144h"": -0.05478525375744188}",,,,"REDUNDANCY_GROUP R5 (|r|>=0.95): sma_10,ema_10,sma_20,ema_20,sma_50,ema_50,sma_100,ema_100,sma_200,ema_200,bb_upper,bb_middle,bb_lower,vwap_60 | SYNERGY_PAIR ema_200*vol_regime_low on Y_l@144h: joint |rho|=0.1824 vs individual max 0.1008 (pairs among the top 40 plus 2000 seeded random pairs; noise floor 3/sqrt(n)) | SYNERGY_PAIR vol_regime_low*ema_200 on Y_l@144h: joint |rho|=0.1824 vs individual max 0.1008 (pairs among the top 40 plus 2000 seeded random pairs; noise floor 3/sqrt(n)) | SYNERGY_PAIR ema_200*vol_regime_low on Y_l@120h: joint |rho|=0.1625 vs individual max 0.08406 (pairs among the top 40 plus 2000 seeded random pairs; noise floor 3/sqrt(n)) | SYNERGY_PAIR vol_regime_low*ema_200 on Y_l@120h: joint |rho|=0.1625 vs individual max 0.08406 (pairs among the top 40 plus 2000 seeded random pairs; noise floor 3/sqrt(n)) | CAUTION_PERSISTENT_INPUT acf1=0.9986: a Spearman screen against overlapping multi-bar return labels on a near-unit-root input can reflect regime/trend confounding; PS4 must test a differenced or ratio variant before any claim"
close_sma_ratio_200,inner_1,PRIORITY,,"{""Y_s@4h"": 0.037808196362885, ""Y_l@24h"": 0.06505813329592385, ""Y_l@48h"": 0.09014275945183965, ""Y_l@72h"": 0.1004725532128919, ""Y_l@96h"": 0.10344519767875589, ""Y_l@120h"": 0.10456076454408335, ""Y_l@144h"": 0.11357370228252762}",,,,TOP_10_INDIVIDUAL max|rho|=0.1136 | CAUTION_PERSISTENT_INPUT acf1=0.9936: a Spearman screen against overlapping multi-bar return labels on a near-unit-root input can reflect regime/trend confounding; PS4 must test a differenced or ratio variant before any claim
macd,inner_1,DEFERRED,R6,"{""Y_s@4h"": 0.021511712499213298, ""Y_l@24h"": 0.024834184883024853, ""Y_l@48h"": 0.038373941904084725, ""Y_l@72h"": 0.0394352109527645, ""Y_l@96h"": 0.04337225520203749, ""Y_l@120h"": 0.041936241847574614, ""Y_l@144h"": 0.04242303586395849}",,,"re-enters on: PS5 inner-validation gain as a member of a group or pair, a later exploratory draw, a new vintage, or a change of declared target","REDUNDANCY_GROUP R6 (|r|>=0.95): macd,macd_signal | BELOW_TOP_10_REVERSIBLE max|rho|=0.04337"
macd_signal,inner_1,REPRESENTATIVE,R6,"{""Y_s@4h"": 0.0279822605636415, ""Y_l@24h"": 0.03917712296656107, ""Y_l@48h"": 0.04344093137281166, ""Y_l@72h"": 0.04702792186329252, ""Y_l@96h"": 0.04566838330741246, ""Y_l@120h"": 0.0420865925079793, ""Y_l@144h"": 0.041159852908432666}",,,,"REDUNDANCY_GROUP R6 (|r|>=0.95): macd,macd_signal | BEST_SCORED_MEMBER_OF R6 | CAUTION_PERSISTENT_INPUT acf1=0.9951: a Spearman screen against overlapping multi-bar return labels on a near-unit-root input can reflect regime/trend confounding; PS4 must test a differenced or ratio variant before any claim"
macd_hist,inner_1,DEFERRED,,"{""Y_s@4h"": 0.0007957149221130456, ""Y_l@24h"": -0.012541158871783096, ""Y_l@48h"": 0.018378663927298856, ""Y_l@72h"": 0.0146187402340579, ""Y_l@96h"": 0.007569758511256434, ""Y_l@120h"": 0.025764540962747683, ""Y_l@144h"": 0.022986636533883824}",,,"re-enters on: PS5 inner-validation gain as a member of a group or pair, a later exploratory draw, a new vintage, or a change of declared target",BELOW_TOP_10_REVERSIBLE max|rho|=0.02576
rsi_7,inner_1,DEFERRED,,"{""Y_s@4h"": 0.0011527735165429574, ""Y_l@24h"": 0.0029989433658527773, ""Y_l@48h"": 0.04673390876055931, ""Y_l@72h"": 0.05029789169342059, ""Y_l@96h"": 0.04128804403723717, ""Y_l@120h"": 0.05607464360371633, ""Y_l@144h"": 0.05787380126076605}",,,"re-enters on: PS5 inner-validation gain as a member of a group or pair, a later exploratory draw, a new vintage, or a change of declared target",BELOW_TOP_10_REVERSIBLE max|rho|=0.05787
rsi_14,inner_1,EXPLORATORY,R7,"{""Y_s@4h"": 0.01653761745142568, ""Y_l@24h"": 0.020724463523981017, ""Y_l@48h"": 0.055987052765606844, ""Y_l@72h"": 0.05922305105183347, ""Y_l@96h"": 0.05520942687232069, ""Y_l@120h"": 0.0667302742796401, ""Y_l@144h"": 0.06872703140038847}",0.1016949152542373,"uniform without replacement over the 59 unranked eligible inputs, seed=20261001, fold=inner_1; drawn independently of relevance",,"REDUNDANCY_GROUP R7 (|r|>=0.95): rsi_14,rsi_21 | EXPLORATORY_DRAW (outside the ranking)"
rsi_21,inner_1,REPRESENTATIVE,R7,"{""Y_s@4h"": 0.022802642466916608, ""Y_l@24h"": 0.031390345683970755, ""Y_l@48h"": 0.0645929258335907, ""Y_l@72h"": 0.0688672015397864, ""Y_l@96h"": 0.06755702889420942, ""Y_l@120h"": 0.0771195737443954, ""Y_l@144h"": 0.08083084303608014}",,,,"REDUNDANCY_GROUP R7 (|r|>=0.95): rsi_14,rsi_21 | BEST_SCORED_MEMBER_OF R7"
stoch_k,inner_1,DEFERRED,R8,"{""Y_s@4h"": 0.00202656099731287, ""Y_l@24h"": 0.010508499358585792, ""Y_l@48h"": 0.04162499180104468, ""Y_l@72h"": 0.037241648663606304, ""Y_l@96h"": 0.02722741435101182, ""Y_l@120h"": 0.048175449940209274, ""Y_l@144h"": 0.05342108706307931}",,,"re-enters on: PS5 inner-validation gain as a member of a group or pair, a later exploratory draw, a new vintage, or a change of declared target","REDUNDANCY_GROUP R8 (|r|>=0.95): stoch_k,williams_r_14 | BELOW_TOP_10_REVERSIBLE max|rho|=0.05342"
stoch_d,inner_1,DEFERRED,,"{""Y_s@4h"": 0.017456441767018518, ""Y_l@24h"": 0.010612761218005794, ""Y_l@48h"": 0.036955582501414716, ""Y_l@72h"": 0.03204756803910384, ""Y_l@96h"": 0.027586963674474586, ""Y_l@120h"": 0.04763699211962495, ""Y_l@144h"": 0.053649574833669014}",,,"re-enters on: PS5 inner-validation gain as a member of a group or pair, a later exploratory draw, a new vintage, or a change of declared target",BELOW_TOP_10_REVERSIBLE max|rho|=0.05365
williams_r_14,inner_1,REPRESENTATIVE,R8,"{""Y_s@4h"": 0.00202656099731287, ""Y_l@24h"": 0.010508499358585792, ""Y_l@48h"": 0.04162499180104468, ""Y_l@72h"": 0.037241648663606304, ""Y_l@96h"": 0.02722741435101182, ""Y_l@120h"": 0.048175449940209274, ""Y_l@144h"": 0.05342108706307931}",,,,"REDUNDANCY_GROUP R8 (|r|>=0.95): stoch_k,williams_r_14 | BEST_SCORED_MEMBER_OF R8"
cci_14,inner_1,DEFERRED,,"{""Y_s@4h"": 0.019069701811923447, ""Y_l@24h"": 0.0014065030280427646, ""Y_l@48h"": 0.0362457522395746, ""Y_l@72h"": 0.030078873117391887, ""Y_l@96h"": 0.023822859514133588, ""Y_l@120h"": 0.039180930970008715, ""Y_l@144h"": 0.04265981225794738}",,,"re-enters on: PS5 inner-validation gain as a member of a group or pair, a later exploratory draw, a new vintage, or a change of declared target",BELOW_TOP_10_REVERSIBLE max|rho|=0.04266
roc_10,inner_1,REPRESENTATIVE,R2,"{""Y_s@4h"": 0.011971887584924413, ""Y_l@24h"": 0.0034643398365596877, ""Y_l@48h"": 0.041782295299787546, ""Y_l@72h"": 0.027227510745124535, ""Y_l@96h"": 0.022849092380277585, ""Y_l@120h"": 0.03831299236772632, ""Y_l@144h"": 0.04579951473261317}",,,,"REDUNDANCY_GROUP R2 (|r|>=0.95): return_10,log_return_10,roc_10 | BEST_SCORED_MEMBER_OF R2"
roc_20,inner_1,EXPLORATORY,R3,"{""Y_s@4h"": 0.020457783453358764, ""Y_l@24h"": 0.00527523967327122, ""Y_l@48h"": 0.02845635650112961, ""Y_l@72h"": 0.031200082814308076, ""Y_l@96h"": 0.03550850331495428, ""Y_l@120h"": 0.04286953864373155, ""Y_l@144h"": 0.035193817754801744}",0.1016949152542373,"uniform without replacement over the 59 unranked eligible inputs, seed=20261001, fold=inner_1; drawn independently of relevance",,"REDUNDANCY_GROUP R3 (|r|>=0.95): return_20,log_return_20,roc_20,roll_mean_ret_20 | EXPLORATORY_DRAW (outside the ranking)"
roc_60,inner_1,DEFERRED,R4,"{""Y_s@4h"": 0.03006569770105446, ""Y_l@24h"": 0.05543388906444831, ""Y_l@48h"": 0.07900706864631854, ""Y_l@72h"": 0.08140596023300954, ""Y_l@96h"": 0.08096022042457014, ""Y_l@120h"": 0.07898304509376737, ""Y_l@144h"": 0.08528641380716191}",,,"re-enters on: PS5 inner-validation gain as a member of a group or pair, a later exploratory draw, a new vintage, or a change of declared target","REDUNDANCY_GROUP R4 (|r|>=0.95): return_60,log_return_60,roc_60,roll_mean_ret_60 | BELOW_TOP_10_REVERSIBLE max|rho|=0.08529"
mom_10,inner_1,DEFERRED,,"{""Y_s@4h"": 0.010955240000379353, ""Y_l@24h"": 0.0066564038555603266, ""Y_l@48h"": 0.03830701642373763, ""Y_l@72h"": 0.02363604192632246, ""Y_l@96h"": 0.021326683387914776, ""Y_l@120h"": 0.03780153977630378, ""Y_l@144h"": 0.042066453340962005}",,,"re-enters on: PS5 inner-validation gain as a member of a group or pair, a later exploratory draw, a new vintage, or a change of declared target",BELOW_TOP_10_REVERSIBLE max|rho|=0.04207
mom_20,inner_1,DEFERRED,,"{""Y_s@4h"": 0.021205730932230205, ""Y_l@24h"": 0.00462660180934314, ""Y_l@48h"": 0.021891539650403254, ""Y_l@72h"": 0.027411567105579987, ""Y_l@96h"": 0.03399548786112345, ""Y_l@120h"": 0.034937647597540616, ""Y_l@144h"": 0.022990127474520193}",,,"re-enters on: PS5 inner-validation gain as a member of a group or pair, a later exploratory draw, a new vintage, or a change of declared target",BELOW_TOP_10_REVERSIBLE max|rho|=0.03494
bb_upper,inner_1,DEFERRED,R5,"{""Y_s@4h"": 0.010521171135155227, ""Y_l@24h"": 0.010483771085046124, ""Y_l@48h"": -0.008537310412727445, ""Y_l@72h"": -0.018638925622053208, ""Y_l@96h"": -0.024709879576097944, ""Y_l@120h"": -0.0342013787611885, ""Y_l@144h"": -0.042477436043495596}",,,"re-enters on: PS5 inner-validation gain as a member of a group or pair, a later exploratory draw, a new vintage, or a change of declared target","REDUNDANCY_GROUP R5 (|r|>=0.95): sma_10,ema_10,sma_20,ema_20,sma_50,ema_50,sma_100,ema_100,sma_200,ema_200,bb_upper,bb_middle,bb_lower,vwap_60 | BELOW_TOP_10_REVERSIBLE max|rho|=0.04248"
bb_middle,inner_1,SYNERGY,R5,"{""Y_s@4h"": 0.010084346888061795, ""Y_l@24h"": 0.010743361015789692, ""Y_l@48h"": -0.0064693225166649986, ""Y_l@72h"": -0.016447968558351775, ""Y_l@96h"": -0.023616012819269235, ""Y_l@120h"": -0.03437336988426787, ""Y_l@144h"": -0.04371527181905069}",,,,"REDUNDANCY_GROUP R5 (|r|>=0.95): sma_10,ema_10,sma_20,ema_20,sma_50,ema_50,sma_100,ema_100,sma_200,ema_200,bb_upper,bb_middle,bb_lower,vwap_60 | SYNERGY_PAIR bb_middle*vol_regime_low on Y_l@144h: joint |rho|=0.1754 vs individual max 0.1008 (pairs among the top 40 plus 2000 seeded random pairs; noise floor 3/sqrt(n)) | CAUTION_PERSISTENT_INPUT acf1=0.9991: a Spearman screen against overlapping multi-bar return labels on a near-unit-root input can reflect regime/trend confounding; PS4 must test a differenced or ratio variant before any claim"
bb_lower,inner_1,DEFERRED,R5,"{""Y_s@4h"": 0.00968509312912423, ""Y_l@24h"": 0.010773578775384995, ""Y_l@48h"": -0.00499838604610472, ""Y_l@72h"": -0.014110415548519996, ""Y_l@96h"": -0.021838099313216973, ""Y_l@120h"": -0.03402400011947154, ""Y_l@144h"": -0.04449314222727516}",,,"re-enters on: PS5 inner-validation gain as a member of a group or pair, a later exploratory draw, a new vintage, or a change of declared target","REDUNDANCY_GROUP R5 (|r|>=0.95): sma_10,ema_10,sma_20,ema_20,sma_50,ema_50,sma_100,ema_100,sma_200,ema_200,bb_upper,bb_middle,bb_lower,vwap_60 | BELOW_TOP_10_REVERSIBLE max|rho|=0.04449"
bb_pct_b,inner_1,DEFERRED,,"{""Y_s@4h"": 0.013346918099007914, ""Y_l@24h"": 0.006308829181536348, ""Y_l@48h"": 0.03636678125538981, ""Y_l@72h"": 0.039187909464356324, ""Y_l@96h"": 0.035935645593293424, ""Y_l@120h"": 0.052640578729781756, ""Y_l@144h"": 0.053516000445742}",,,"re-enters on: PS5 inner-validation gain as a member of a group or pair, a later exploratory draw, a new vintage, or a change of declared target",BELOW_TOP_10_REVERSIBLE max|rho|=0.05352
bb_width,inner_1,DEFERRED,,"{""Y_s@4h"": 0.017977268602205, ""Y_l@24h"": 0.025303651042627825, ""Y_l@48h"": 0.013638192761448412, ""Y_l@72h"": 0.007194853413345094, ""Y_l@96h"": 0.014332468060209314, ""Y_l@120h"": 0.02078189972408076, ""Y_l@144h"": 0.016732473477989947}",,,"re-enters on: PS5 inner-validation gain as a member of a group or pair, a later exploratory draw, a new vintage, or a change of declared target",BELOW_TOP_10_REVERSIBLE max|rho|=0.0253
atr_14,inner_1,DEFERRED,,"{""Y_s@4h"": 0.01568051121749608, ""Y_l@24h"": 0.02259585501239366, ""Y_l@48h"": 0.005110115875180124, ""Y_l@72h"": -0.0004869786852057291, ""Y_l@96h"": -0.005358988348546752, ""Y_l@120h"": -0.010593315900543611, ""Y_l@144h"": -0.017657763876309723}",,,"re-enters on: PS5 inner-validation gain as a member of a group or pair, a later exploratory draw, a new vintage, or a change of declared target",BELOW_TOP_10_REVERSIBLE max|rho|=0.0226
natr_14,inner_1,DEFERRED,,"{""Y_s@4h"": 0.01892752059631959, ""Y_l@24h"": 0.038492157717955035, ""Y_l@48h"": 0.028515651091546513, ""Y_l@72h"": 0.031717966119975766, ""Y_l@96h"": 0.03552231698448734, ""Y_l@120h"": 0.03968628530242672, ""Y_l@144h"": 0.038441444880246985}",,,"re-enters on: PS5 inner-validation gain as a member of a group or pair, a later exploratory draw, a new vintage, or a change of declared target",BELOW_TOP_10_REVERSIBLE max|rho|=0.03969
hist_vol_10,inner_1,DEFERRED,,"{""Y_s@4h"": 0.03138460085509424, ""Y_l@24h"": 0.05310950185283322, ""Y_l@48h"": 0.03942538578358843, ""Y_l@72h"": 0.04811561475490819, ""Y_l@96h"": 0.055814673049048184, ""Y_l@120h"": 0.05246270486719557, ""Y_l@144h"": 0.053769217177228254}",,,"re-enters on: PS5 inner-validation gain as a member of a group or pair, a later exploratory draw, a new vintage, or a change of declared target",BELOW_TOP_10_REVERSIBLE max|rho|=0.05581
hist_vol_20,inner_1,DEFERRED,R9,"{""Y_s@4h"": 0.014711142718348764, ""Y_l@24h"": 0.03552003836381241, ""Y_l@48h"": 0.03183788325273443, ""Y_l@72h"": 0.0357740425801372, ""Y_l@96h"": 0.04049450875190519, ""Y_l@120h"": 0.042319209615421974, ""Y_l@144h"": 0.044595186115164775}",,,"re-enters on: PS5 inner-validation gain as a member of a group or pair, a later exploratory draw, a new vintage, or a change of declared target","REDUNDANCY_GROUP R9 (|r|>=0.95): hist_vol_20,roll_std_ret_20 | BELOW_TOP_10_REVERSIBLE max|rho|=0.0446"
hist_vol_60,inner_1,REPRESENTATIVE,R10,"{""Y_s@4h"": 0.014525793523349238, ""Y_l@24h"": 0.03282453240048165, ""Y_l@48h"": 0.03766197299477689, ""Y_l@72h"": 0.048945708243930894, ""Y_l@96h"": 0.05367367346191316, ""Y_l@120h"": 0.05519315384158079, ""Y_l@144h"": 0.05257417887760688}",,,,"REDUNDANCY_GROUP R10 (|r|>=0.95): hist_vol_60,roll_std_ret_60 | BEST_SCORED_MEMBER_OF R10 | CAUTION_PERSISTENT_INPUT acf1=0.9968: a Spearman screen against overlapping multi-bar return labels on a near-unit-root input can reflect regime/trend confounding; PS4 must test a differenced or ratio variant before any claim"
ema_cross_10_50,inner_1,DEFERRED,,"{""Y_s@4h"": 0.03137527307893675, ""Y_l@24h"": 0.04495817419585921, ""Y_l@48h"": 0.061978932740740546, ""Y_l@72h"": 0.06709822343838985, ""Y_l@96h"": 0.07160461604831633, ""Y_l@120h"": 0.07504757038659905, ""Y_l@144h"": 0.08067145950255679}",,,"re-enters on: PS5 inner-validation gain as a member of a group or pair, a later exploratory draw, a new vintage, or a change of declared target",BELOW_TOP_10_REVERSIBLE max|rho|=0.08067
ema_cross_20_100,inner_1,PRIORITY,,"{""Y_s@4h"": 0.04017012369553484, ""Y_l@24h"": 0.06694429980652226, ""Y_l@48h"": 0.0862908404301008, ""Y_l@72h"": 0.09640566017845735, ""Y_l@96h"": 0.10263110238691642, ""Y_l@120h"": 0.10390490327047948, ""Y_l@144h"": 0.11396456640989441}",,,,TOP_10_INDIVIDUAL max|rho|=0.114 | CAUTION_PERSISTENT_INPUT acf1=0.9986: a Spearman screen against overlapping multi-bar return labels on a near-unit-root input can reflect regime/trend confounding; PS4 must test a differenced or ratio variant before any claim
trend_slope_50,inner_1,DEFERRED,,"{""Y_s@4h"": 0.025661576693553297, ""Y_l@24h"": 0.03577346515060325, ""Y_l@48h"": 0.05470823452016585, ""Y_l@72h"": 0.06383494247413908, ""Y_l@96h"": 0.06371862664767995, ""Y_l@120h"": 0.05840401462350857, ""Y_l@144h"": 0.059508675379280715}",,,"re-enters on: PS5 inner-validation gain as a member of a group or pair, a later exploratory draw, a new vintage, or a change of declared target",BELOW_TOP_10_REVERSIBLE max|rho|=0.06383
trend_strength_50,inner_1,DEFERRED,,"{""Y_s@4h"": -0.0002449173410592374, ""Y_l@24h"": -0.0042575567107655645, ""Y_l@48h"": -0.006073034982603638, ""Y_l@72h"": -0.00346048866040261, ""Y_l@96h"": -0.0018268009277405462, ""Y_l@120h"": -0.0006784846173734172, ""Y_l@144h"": 0.00426465142959724}",,,"re-enters on: PS5 inner-validation gain as a member of a group or pair, a later exploratory draw, a new vintage, or a change of declared target",BELOW_TOP_10_REVERSIBLE max|rho|=0.006073
obv,inner_1,DEFERRED,,"{""Y_s@4h"": 0.02482384328028584, ""Y_l@24h"": 0.04808968687244906, ""Y_l@48h"": 0.05583902298893534, ""Y_l@72h"": 0.06321759897668659, ""Y_l@96h"": 0.0672391959299765, ""Y_l@120h"": 0.06824944890959149, ""Y_l@144h"": 0.07057731936403436}",,,"re-enters on: PS5 inner-validation gain as a member of a group or pair, a later exploratory draw, a new vintage, or a change of declared target",BELOW_TOP_10_REVERSIBLE max|rho|=0.07058
obv_delta_20,inner_1,DEFERRED,,"{""Y_s@4h"": 0.029794836674653356, ""Y_l@24h"": 0.029462174942939522, ""Y_l@48h"": 0.056827208644416864, ""Y_l@72h"": 0.042218625824645375, ""Y_l@96h"": 0.02845461125334199, ""Y_l@120h"": 0.023318981900049766, ""Y_l@144h"": 0.01658208804025621}",,,"re-enters on: PS5 inner-validation gain as a member of a group or pair, a later exploratory draw, a new vintage, or a change of declared target",BELOW_TOP_10_REVERSIBLE max|rho|=0.05683
volume_sma_10,inner_1,PRIORITY,,"{""Y_s@4h"": 0.02843999146676166, ""Y_l@24h"": 0.05239728533916631, ""Y_l@48h"": 0.06985505845060527, ""Y_l@72h"": 0.08017666663200566, ""Y_l@96h"": 0.08555700256612862, ""Y_l@120h"": 0.0977367589597086, ""Y_l@144h"": 0.10747708627737859}",,,,TOP_10_INDIVIDUAL max|rho|=0.1075 | CAUTION_PERSISTENT_INPUT acf1=0.9930: a Spearman screen against overlapping multi-bar return labels on a near-unit-root input can reflect regime/trend confounding; PS4 must test a differenced or ratio variant before any claim
volume_sma_20,inner_1,PRIORITY,,"{""Y_s@4h"": 0.026438647255019546, ""Y_l@24h"": 0.04739530433643423, ""Y_l@48h"": 0.06179222694935984, ""Y_l@72h"": 0.06907464337165008, ""Y_l@96h"": 0.07700140545305956, ""Y_l@120h"": 0.09137892345452552, ""Y_l@144h"": 0.10362536593008734}",,,,TOP_10_INDIVIDUAL max|rho|=0.1036 | CAUTION_PERSISTENT_INPUT acf1=0.9979: a Spearman screen against overlapping multi-bar return labels on a near-unit-root input can reflect regime/trend confounding; PS4 must test a differenced or ratio variant before any claim
volume_ratio_20,inner_1,DEFERRED,,"{""Y_s@4h"": 0.011647233507950095, ""Y_l@24h"": 0.02241018015678171, ""Y_l@48h"": 0.02869003773160014, ""Y_l@72h"": 0.03709198740895068, ""Y_l@96h"": 0.04814298149492299, ""Y_l@120h"": 0.03506318443933307, ""Y_l@144h"": 0.03271454566692921}",,,"re-enters on: PS5 inner-validation gain as a member of a group or pair, a later exploratory draw, a new vintage, or a change of declared target",BELOW_TOP_10_REVERSIBLE max|rho|=0.04814
vwap_60,inner_1,DEFERRED,R5,"{""Y_s@4h"": 0.009064004036312379, ""Y_l@24h"": 0.009317748852449868, ""Y_l@48h"": -0.008094666381023708, ""Y_l@72h"": -0.018071519077094075, ""Y_l@96h"": -0.02520342545669012, ""Y_l@120h"": -0.03585805137908179, ""Y_l@144h"": -0.045311512112337186}",,,"re-enters on: PS5 inner-validation gain as a member of a group or pair, a later exploratory draw, a new vintage, or a change of declared target","REDUNDANCY_GROUP R5 (|r|>=0.95): sma_10,ema_10,sma_20,ema_20,sma_50,ema_50,sma_100,ema_100,sma_200,ema_200,bb_upper,bb_middle,bb_lower,vwap_60 | BELOW_TOP_10_REVERSIBLE max|rho|=0.04531"
mfi_14,inner_1,DEFERRED,,"{""Y_s@4h"": 0.01723763796089668, ""Y_l@24h"": 0.0025787981735091703, ""Y_l@48h"": 0.026095758634160714, ""Y_l@72h"": 0.024801336001261404, ""Y_l@96h"": 0.018895276189670674, ""Y_l@120h"": 0.03359326095895323, ""Y_l@144h"": 0.033981750215067885}",,,"re-enters on: PS5 inner-validation gain as a member of a group or pair, a later exploratory draw, a new vintage, or a change of declared target",BELOW_TOP_10_REVERSIBLE max|rho|=0.03398
statistical__log_return_1,inner_1,REPRESENTATIVE,R0,"{""Y_s@4h"": -0.058142147202999206, ""Y_l@24h"": -0.01690231439003923, ""Y_l@48h"": 0.0107696834321042, ""Y_l@72h"": 0.023042208160437026, ""Y_l@96h"": 0.01632099467039039, ""Y_l@120h"": 0.02242968985873581, ""Y_l@144h"": 0.02097771951722782}",,,,"REDUNDANCY_GROUP R0 (|r|>=0.95): return_1,log_return_1,statistical__log_return_1 | BEST_SCORED_MEMBER_OF R0"
roll_mean_ret_20,inner_1,REPRESENTATIVE,R3,"{""Y_s@4h"": 0.020457783453358764, ""Y_l@24h"": 0.00527523967327122, ""Y_l@48h"": 0.02845635650112961, ""Y_l@72h"": 0.031200082814308076, ""Y_l@96h"": 0.03550850331495428, ""Y_l@120h"": 0.04286953864373155, ""Y_l@144h"": 0.035193817754801744}",,,,"REDUNDANCY_GROUP R3 (|r|>=0.95): return_20,log_return_20,roc_20,roll_mean_ret_20 | BEST_SCORED_MEMBER_OF R3"
roll_std_ret_20,inner_1,REPRESENTATIVE,R9,"{""Y_s@4h"": 0.014711020164362475, ""Y_l@24h"": 0.03551998330495582, ""Y_l@48h"": 0.031837782009588214, ""Y_l@72h"": 0.03577397748543926, ""Y_l@96h"": 0.040494475833597554, ""Y_l@120h"": 0.04231922142975226, ""Y_l@144h"": 0.04459523279744673}",,,,"REDUNDANCY_GROUP R9 (|r|>=0.95): hist_vol_20,roll_std_ret_20 | BEST_SCORED_MEMBER_OF R9"
roll_skew_ret_20,inner_1,DEFERRED,,"{""Y_s@4h"": 0.01230149503797461, ""Y_l@24h"": -0.03550066534155645, ""Y_l@48h"": -0.04562581461242729, ""Y_l@72h"": -0.05317816774715849, ""Y_l@96h"": -0.04794423522492808, ""Y_l@120h"": -0.033927046981644705, ""Y_l@144h"": -0.030384273046171768}",,,"re-enters on: PS5 inner-validation gain as a member of a group or pair, a later exploratory draw, a new vintage, or a change of declared target",BELOW_TOP_10_REVERSIBLE max|rho|=0.05318
roll_kurt_ret_20,inner_1,EXPLORATORY,,"{""Y_s@4h"": -0.007172080284191656, ""Y_l@24h"": -0.009937714012465283, ""Y_l@48h"": -0.01971693466859489, ""Y_l@72h"": -0.00937526725144169, ""Y_l@96h"": -0.004647837268985316, ""Y_l@120h"": 0.010652355234475186, ""Y_l@144h"": 0.030074507914299015}",0.1016949152542373,"uniform without replacement over the 59 unranked eligible inputs, seed=20261001, fold=inner_1; drawn independently of relevance",,EXPLORATORY_DRAW (outside the ranking)
roll_mean_ret_60,inner_1,REPRESENTATIVE,R4,"{""Y_s@4h"": 0.03006569770105446, ""Y_l@24h"": 0.05543388906444831, ""Y_l@48h"": 0.07900706864631854, ""Y_l@72h"": 0.08140596023300954, ""Y_l@96h"": 0.08096022042457014, ""Y_l@120h"": 0.07898304509376737, ""Y_l@144h"": 0.08528641380716191}",,,,"REDUNDANCY_GROUP R4 (|r|>=0.95): return_60,log_return_60,roc_60,roll_mean_ret_60 | BEST_SCORED_MEMBER_OF R4"
roll_std_ret_60,inner_1,DEFERRED,R10,"{""Y_s@4h"": 0.014525819759162001, ""Y_l@24h"": 0.032824448819427185, ""Y_l@48h"": 0.037661941790493966, ""Y_l@72h"": 0.048945609684031256, ""Y_l@96h"": 0.05367357895686933, ""Y_l@120h"": 0.05519305989789131, ""Y_l@144h"": 0.05257414147014485}",,,"re-enters on: PS5 inner-validation gain as a member of a group or pair, a later exploratory draw, a new vintage, or a change of declared target","REDUNDANCY_GROUP R10 (|r|>=0.95): hist_vol_60,roll_std_ret_60 | BELOW_TOP_10_REVERSIBLE max|rho|=0.05519"
roll_skew_ret_60,inner_1,DEFERRED,,"{""Y_s@4h"": 0.012518917449170313, ""Y_l@24h"": 0.008433620313260238, ""Y_l@48h"": 0.013993747165547034, ""Y_l@72h"": 0.00598875070236031, ""Y_l@96h"": -0.0057507528842128276, ""Y_l@120h"": -0.0062127089747343375, ""Y_l@144h"": -0.009615511023399487}",,,"re-enters on: PS5 inner-validation gain as a member of a group or pair, a later exploratory draw, a new vintage, or a change of declared target",BELOW_TOP_10_REVERSIBLE max|rho|=0.01399
roll_kurt_ret_60,inner_1,EXPLORATORY,,"{""Y_s@4h"": -0.015094600915247953, ""Y_l@24h"": -0.018353672534467364, ""Y_l@48h"": -0.0014250266704281577, ""Y_l@72h"": 0.006710611697181558, ""Y_l@96h"": 0.01262040739899678, ""Y_l@120h"": 0.02146393574097055, ""Y_l@144h"": 0.030153007730173362}",0.1016949152542373,"uniform without replacement over the 59 unranked eligible inputs, seed=20261001, fold=inner_1; drawn independently of relevance",,EXPLORATORY_DRAW (outside the ranking)
roll_mean_ret_252,inner_1,DEFERRED,,"{""Y_s@4h"": 0.02880383289147793, ""Y_l@24h"": 0.0500156524825522, ""Y_l@48h"": 0.06531036400278872, ""Y_l@72h"": 0.0704322609129301, ""Y_l@96h"": 0.06939813524347062, ""Y_l@120h"": 0.06752211470863154, ""Y_l@144h"": 0.0680920437009903}",,,"re-enters on: PS5 inner-validation gain as a member of a group or pair, a later exploratory draw, a new vintage, or a change of declared target",BELOW_TOP_10_REVERSIBLE max|rho|=0.07043
roll_std_ret_252,inner_1,DEFERRED,,"{""Y_s@4h"": 0.00787225194874946, ""Y_l@24h"": 0.011725316373531875, ""Y_l@48h"": 0.014583734333863918, ""Y_l@72h"": 0.01668942303150223, ""Y_l@96h"": 0.015914346264645784, ""Y_l@120h"": 0.013863780366341462, ""Y_l@144h"": 0.011392822431061047}",,,"re-enters on: PS5 inner-validation gain as a member of a group or pair, a later exploratory draw, a new vintage, or a change of declared target",BELOW_TOP_10_REVERSIBLE max|rho|=0.01669
roll_skew_ret_252,inner_1,DEFERRED,,"{""Y_s@4h"": -0.0036994508466702486, ""Y_l@24h"": -0.011354125127406307, ""Y_l@48h"": -0.029405467947214922, ""Y_l@72h"": -0.04526798244829964, ""Y_l@96h"": -0.0602195266780266, ""Y_l@120h"": -0.07037801415601203, ""Y_l@144h"": -0.0786702585944698}",,,"re-enters on: PS5 inner-validation gain as a member of a group or pair, a later exploratory draw, a new vintage, or a change of declared target",BELOW_TOP_10_REVERSIBLE max|rho|=0.07867
roll_kurt_ret_252,inner_1,DEFERRED,,"{""Y_s@4h"": -0.011482544460040617, ""Y_l@24h"": -0.012669524501820618, ""Y_l@48h"": -0.0011437407270035202, ""Y_l@72h"": 0.011280560417517812, ""Y_l@96h"": 0.016506548619362096, ""Y_l@120h"": 0.024479900302787308, ""Y_l@144h"": 0.033371144568234215}",,,"re-enters on: PS5 inner-validation gain as a member of a group or pair, a later exploratory draw, a new vintage, or a change of declared target",BELOW_TOP_10_REVERSIBLE max|rho|=0.03337
realized_var_12,inner_1,DEFERRED,,"{""Y_s@4h"": 0.024086970581724213, ""Y_l@24h"": 0.046615556432965305, ""Y_l@48h"": 0.03685760067431891, ""Y_l@72h"": 0.043896803648095936, ""Y_l@96h"": 0.04805589844770307, ""Y_l@120h"": 0.04873464847154977, ""Y_l@144h"": 0.04948516903219977}",,,"re-enters on: PS5 inner-validation gain as a member of a group or pair, a later exploratory draw, a new vintage, or a change of declared target",BELOW_TOP_10_REVERSIBLE max|rho|=0.04949
realized_var_48,inner_1,DEFERRED,,"{""Y_s@4h"": 0.010787726228557214, ""Y_l@24h"": 0.030659227443187786, ""Y_l@48h"": 0.030964188285317815, ""Y_l@72h"": 0.04129425799329898, ""Y_l@96h"": 0.05001349883991599, ""Y_l@120h"": 0.05563926939447946, ""Y_l@144h"": 0.05874451424730561}",,,"re-enters on: PS5 inner-validation gain as a member of a group or pair, a later exploratory draw, a new vintage, or a change of declared target",BELOW_TOP_10_REVERSIBLE max|rho|=0.05874
autocorr_lag1_100,inner_1,PRIORITY,,"{""Y_s@4h"": -0.02125860186832202, ""Y_l@24h"": -0.04550558656567699, ""Y_l@48h"": -0.053274580700013355, ""Y_l@72h"": -0.07596742330998618, ""Y_l@96h"": -0.09096242758037555, ""Y_l@120h"": -0.0995609663358457, ""Y_l@144h"": -0.09976272580384328}",,,,TOP_10_INDIVIDUAL max|rho|=0.09976
autocorr_lag5_100,inner_1,DEFERRED,,"{""Y_s@4h"": 0.0034244426726026036, ""Y_l@24h"": -0.0013380896957864957, ""Y_l@48h"": -0.002308241502082497, ""Y_l@72h"": -0.002640023184396274, ""Y_l@96h"": -0.004667753385437656, ""Y_l@120h"": -0.006454086004865212, ""Y_l@144h"": -0.021768785038553454}",,,"re-enters on: PS5 inner-validation gain as a member of a group or pair, a later exploratory draw, a new vintage, or a change of declared target",BELOW_TOP_10_REVERSIBLE max|rho|=0.02177
sqret_autocorr_lag1_100,inner_1,DEFERRED,,"{""Y_s@4h"": -0.008919924308451031, ""Y_l@24h"": -0.01114792805722119, ""Y_l@48h"": -0.014855178718953376, ""Y_l@72h"": -0.015599214042826152, ""Y_l@96h"": -0.010404576232034246, ""Y_l@120h"": -0.0027185618106041923, ""Y_l@144h"": 0.0014920358940170707}",,,"re-enters on: PS5 inner-validation gain as a member of a group or pair, a later exploratory draw, a new vintage, or a change of declared target",BELOW_TOP_10_REVERSIBLE max|rho|=0.0156
vol_regime_high,inner_1,DEFERRED,,"{""Y_s@4h"": 0.012812484244471027, ""Y_l@24h"": 0.043112803509288845, ""Y_l@48h"": 0.04293268857243837, ""Y_l@72h"": 0.0581233527840719, ""Y_l@96h"": 0.0677933671903179, ""Y_l@120h"": 0.07596861219885806, ""Y_l@144h"": 0.07833448029262674}",,,"re-enters on: PS5 inner-validation gain as a member of a group or pair, a later exploratory draw, a new vintage, or a change of declared target",BELOW_TOP_10_REVERSIBLE max|rho|=0.07833
vol_regime_low,inner_1,PRIORITY,,"{""Y_s@4h"": -0.016300209901640147, ""Y_l@24h"": -0.03701896164661616, ""Y_l@48h"": -0.04133700031299243, ""Y_l@72h"": -0.05701031518927086, ""Y_l@96h"": -0.06562466432024727, ""Y_l@120h"": -0.08406275436747006, ""Y_l@144h"": -0.1008479767126499}",,,,TOP_10_INDIVIDUAL max|rho|=0.1008 | SYNERGY_PAIR vol_regime_low*sma_100 on Y_l@144h: joint |rho|=0.1837 vs individual max 0.1008 (pairs among the top 40 plus 2000 seeded random pairs; noise floor 3/sqrt(n)) | SYNERGY_PAIR ema_200*vol_regime_low on Y_l@144h: joint |rho|=0.1824 vs individual max 0.1008 (pairs among the top 40 plus 2000 seeded random pairs; noise floor 3/sqrt(n)) | SYNERGY_PAIR vol_regime_low*ema_200 on Y_l@144h: joint |rho|=0.1824 vs individual max 0.1008 (pairs among the top 40 plus 2000 seeded random pairs; noise floor 3/sqrt(n)) | SYNERGY_PAIR vol_regime_low*sma_100 on Y_l@120h: joint |rho|=0.1652 vs individual max 0.08406 (pairs among the top 40 plus 2000 seeded random pairs; noise floor 3/sqrt(n)) | SYNERGY_PAIR vol_regime_low*sma_200 on Y_l@144h: joint |rho|=0.1803 vs individual max 0.1008 (pairs among the top 40 plus 2000 seeded random pairs; noise floor 3/sqrt(n)) | SYNERGY_PAIR ema_200*vol_regime_low on Y_l@120h: joint |rho|=0.1625 vs individual max 0.08406 (pairs among the top 40 plus 2000 seeded random pairs; noise floor 3/sqrt(n)) | SYNERGY_PAIR vol_regime_low*ema_200 on Y_l@120h: joint |rho|=0.1625 vs individual max 0.08406 (pairs among the top 40 plus 2000 seeded random pairs; noise floor 3/sqrt(n)) | SYNERGY_PAIR vol_regime_low*sma_200 on Y_l@120h: joint |rho|=0.1614 vs individual max 0.08406 (pairs among the top 40 plus 2000 seeded random pairs; noise floor 3/sqrt(n)) | SYNERGY_PAIR vol_regime_low*sma_100 on Y_l@96h: joint |rho|=0.141 vs individual max 0.06562 (pairs among the top 40 plus 2000 seeded random pairs; noise floor 3/sqrt(n)) | SYNERGY_PAIR bb_middle*vol_regime_low on Y_l@144h: joint |rho|=0.1754 vs individual max 0.1008 (pairs among the top 40 plus 2000 seeded random pairs; noise floor 3/sqrt(n))
hurst_proxy_200,inner_1,PRIORITY,,"{""Y_s@4h"": -0.029691093680651984, ""Y_l@24h"": -0.06992162498629523, ""Y_l@48h"": -0.1027304754519109, ""Y_l@72h"": -0.13629652356118496, ""Y_l@96h"": -0.16306099577912678, ""Y_l@120h"": -0.17837809592863932, ""Y_l@144h"": -0.186000262831843}",,,,TOP_10_INDIVIDUAL max|rho|=0.186
zscore_close_100,inner_1,PRIORITY,,"{""Y_s@4h"": 0.030794544387461924, ""Y_l@24h"": 0.0545557505056533, ""Y_l@48h"": 0.0885740965602922, ""Y_l@72h"": 0.10133187598379499, ""Y_l@96h"": 0.10727274679414404, ""Y_l@120h"": 0.11783579143389324, ""Y_l@144h"": 0.12820975555946892}",,,,TOP_10_INDIVIDUAL max|rho|=0.1282
return_1,inner_2,DEFERRED,R0,"{""Y_s@4h"": -0.058633162724568186, ""Y_l@24h"": -0.017858147276008905, ""Y_l@48h"": 0.006729725173504105, ""Y_l@72h"": 0.016335838906435952, ""Y_l@96h"": 0.012149622390308496, ""Y_l@120h"": 0.016320025881075992, ""Y_l@144h"": 0.01893578644659655}",,,"re-enters on: PS5 inner-validation gain as a member of a group or pair, a later exploratory draw, a new vintage, or a change of declared target","REDUNDANCY_GROUP R0 (|r|>=0.95): return_1,log_return_1,statistical__log_return_1 | BELOW_TOP_10_REVERSIBLE max|rho|=0.05863"
log_return_1,inner_2,DEFERRED,R0,"{""Y_s@4h"": -0.058633162724568186, ""Y_l@24h"": -0.017858147276008905, ""Y_l@48h"": 0.006729725173504105, ""Y_l@72h"": 0.016335838906435952, ""Y_l@96h"": 0.012149622390308496, ""Y_l@120h"": 0.016320025881075992, ""Y_l@144h"": 0.01893578644659655}",,,"re-enters on: PS5 inner-validation gain as a member of a group or pair, a later exploratory draw, a new vintage, or a change of declared target","REDUNDANCY_GROUP R0 (|r|>=0.95): return_1,log_return_1,statistical__log_return_1 | BELOW_TOP_10_REVERSIBLE max|rho|=0.05863"
return_5,inner_2,REPRESENTATIVE,R1,"{""Y_s@4h"": 0.011273785024394585, ""Y_l@24h"": -0.03985739529789068, ""Y_l@48h"": 0.0033733682561452967, ""Y_l@72h"": 0.018378004686100433, ""Y_l@96h"": 0.008799674998371946, ""Y_l@120h"": 0.021319289914704498, ""Y_l@144h"": 0.030507802864978652}",,,,"REDUNDANCY_GROUP R1 (|r|>=0.95): return_5,log_return_5 | BEST_SCORED_MEMBER_OF R1"
log_return_5,inner_2,SYNERGY,R1,"{""Y_s@4h"": 0.011273785024394585, ""Y_l@24h"": -0.03985739529789068, ""Y_l@48h"": 0.0033733682561452967, ""Y_l@72h"": 0.018378004686100433, ""Y_l@96h"": 0.008799674998371946, ""Y_l@120h"": 0.021319289914704498, ""Y_l@144h"": 0.030507802864978652}",,,,"REDUNDANCY_GROUP R1 (|r|>=0.95): return_5,log_return_5 | SYNERGY_PAIR log_return_5*bb_width on Y_l@24h: joint |rho|=0.07659 vs individual max 0.03986 (pairs among the top 40 plus 2000 seeded random pairs; noise floor 3/sqrt(n))"
return_10,inner_2,DEFERRED,R2,"{""Y_s@4h"": 0.0018330256138946641, ""Y_l@24h"": -0.0013296163705662435, ""Y_l@48h"": 0.027264081976980967, ""Y_l@72h"": 0.020272590649264753, ""Y_l@96h"": 0.020402079858593724, ""Y_l@120h"": 0.03707926573944806, ""Y_l@144h"": 0.04712836975705654}",,,"re-enters on: PS5 inner-validation gain as a member of a group or pair, a later exploratory draw, a new vintage, or a change of declared target","REDUNDANCY_GROUP R2 (|r|>=0.95): return_10,log_return_10,roc_10 | BELOW_TOP_10_REVERSIBLE max|rho|=0.04713"
log_return_10,inner_2,DEFERRED,R2,"{""Y_s@4h"": 0.0018330256138946641, ""Y_l@24h"": -0.0013296163705662435, ""Y_l@48h"": 0.027264081976980967, ""Y_l@72h"": 0.020272590649264753, ""Y_l@96h"": 0.020402079858593724, ""Y_l@120h"": 0.03707926573944806, ""Y_l@144h"": 0.04712836975705654}",,,"re-enters on: PS5 inner-validation gain as a member of a group or pair, a later exploratory draw, a new vintage, or a change of declared target","REDUNDANCY_GROUP R2 (|r|>=0.95): return_10,log_return_10,roc_10 | BELOW_TOP_10_REVERSIBLE max|rho|=0.04713"
return_20,inner_2,EXPLORATORY,R3,"{""Y_s@4h"": 0.010803899602775956, ""Y_l@24h"": 0.005255539723258087, ""Y_l@48h"": 0.026269305185629036, ""Y_l@72h"": 0.03339858066036342, ""Y_l@96h"": 0.041684595675193344, ""Y_l@120h"": 0.049447491805725226, ""Y_l@144h"": 0.04231468536559718}",0.1,"uniform without replacement over the 50 unranked eligible inputs, seed=20261001, fold=inner_2; drawn independently of relevance",,"REDUNDANCY_GROUP R3 (|r|>=0.95): return_20,log_return_20,roc_20,roll_mean_ret_20 | EXPLORATORY_DRAW (outside the ranking)"
log_return_20,inner_2,DEFERRED,R3,"{""Y_s@4h"": 0.010803899602775956, ""Y_l@24h"": 0.005255539723258087, ""Y_l@48h"": 0.026269305185629036, ""Y_l@72h"": 0.03339858066036342, ""Y_l@96h"": 0.041684595675193344, ""Y_l@120h"": 0.049447491805725226, ""Y_l@144h"": 0.04231468536559718}",,,"re-enters on: PS5 inner-validation gain as a member of a group or pair, a later exploratory draw, a new vintage, or a change of declared target","REDUNDANCY_GROUP R3 (|r|>=0.95): return_20,log_return_20,roc_20,roll_mean_ret_20 | BELOW_TOP_10_REVERSIBLE max|rho|=0.04945"
return_60,inner_2,DEFERRED,R4,"{""Y_s@4h"": 0.02322270004730094, ""Y_l@24h"": 0.04915625757227779, ""Y_l@48h"": 0.06828100809584722, ""Y_l@72h"": 0.06840483271428822, ""Y_l@96h"": 0.06747399149892755, ""Y_l@120h"": 0.06417269441145348, ""Y_l@144h"": 0.06508789007499358}",,,"re-enters on: PS5 inner-validation gain as a member of a group or pair, a later exploratory draw, a new vintage, or a change of declared target","REDUNDANCY_GROUP R4 (|r|>=0.95): return_60,log_return_60,roc_60,roll_mean_ret_60 | BELOW_TOP_10_REVERSIBLE max|rho|=0.0684"
log_return_60,inner_2,DEFERRED,R4,"{""Y_s@4h"": 0.02322270004730094, ""Y_l@24h"": 0.04915625757227779, ""Y_l@48h"": 0.06828100809584722, ""Y_l@72h"": 0.06840483271428822, ""Y_l@96h"": 0.06747399149892755, ""Y_l@120h"": 0.06417269441145348, ""Y_l@144h"": 0.06508789007499358}",,,"re-enters on: PS5 inner-validation gain as a member of a group or pair, a later exploratory draw, a new vintage, or a change of declared target","REDUNDANCY_GROUP R4 (|r|>=0.95): return_60,log_return_60,roc_60,roll_mean_ret_60 | BELOW_TOP_10_REVERSIBLE max|rho|=0.0684"
sma_10,inner_2,DEFERRED,R5,"{""Y_s@4h"": 0.008562682349752427, ""Y_l@24h"": 0.011234874695854418, ""Y_l@48h"": -0.0020546828494437588, ""Y_l@72h"": -0.0077797499977403095, ""Y_l@96h"": -0.011992062958370901, ""Y_l@120h"": -0.015516810737209315, ""Y_l@144h"": -0.023358486882951203}",,,"re-enters on: PS5 inner-validation gain as a member of a group or pair, a later exploratory draw, a new vintage, or a change of declared target","REDUNDANCY_GROUP R5 (|r|>=0.95): sma_10,ema_10,sma_20,ema_20,sma_50,ema_50,sma_100,ema_100,sma_200,ema_200,bb_upper,bb_middle,bb_lower,vwap_60 | BELOW_TOP_10_REVERSIBLE max|rho|=0.02336"
ema_10,inner_2,DEFERRED,R5,"{""Y_s@4h"": 0.008062473693131079, ""Y_l@24h"": 0.010478709868705336, ""Y_l@48h"": -0.0023411980687848334, ""Y_l@72h"": -0.008024664156589202, ""Y_l@96h"": -0.012397705352570053, ""Y_l@120h"": -0.015870743926280555, ""Y_l@144h"": -0.0235380691987953}",,,"re-enters on: PS5 inner-validation gain as a member of a group or pair, a later exploratory draw, a new vintage, or a change of declared target","REDUNDANCY_GROUP R5 (|r|>=0.95): sma_10,ema_10,sma_20,ema_20,sma_50,ema_50,sma_100,ema_100,sma_200,ema_200,bb_upper,bb_middle,bb_lower,vwap_60 | BELOW_TOP_10_REVERSIBLE max|rho|=0.02354"
close_sma_ratio_10,inner_2,DEFERRED,,"{""Y_s@4h"": -0.02362630265530029, ""Y_l@24h"": -0.030700502801882655, ""Y_l@48h"": 0.013085395770700548, ""Y_l@72h"": 0.018803606665728886, ""Y_l@96h"": 0.009818069964120586, ""Y_l@120h"": 0.024307941091719673, ""Y_l@144h"": 0.03390098401325637}",,,"re-enters on: PS5 inner-validation gain as a member of a group or pair, a later exploratory draw, a new vintage, or a change of declared target",BELOW_TOP_10_REVERSIBLE max|rho|=0.0339
sma_20,inner_2,DEFERRED,R5,"{""Y_s@4h"": 0.008183586974766557, ""Y_l@24h"": 0.010776792842904682, ""Y_l@48h"": -0.002748578629423171, ""Y_l@72h"": -0.008240560047998375, ""Y_l@96h"": -0.012917704530120888, ""Y_l@120h"": -0.01677525621800767, ""Y_l@144h"": -0.024458505918096847}",,,"re-enters on: PS5 inner-validation gain as a member of a group or pair, a later exploratory draw, a new vintage, or a change of declared target","REDUNDANCY_GROUP R5 (|r|>=0.95): sma_10,ema_10,sma_20,ema_20,sma_50,ema_50,sma_100,ema_100,sma_200,ema_200,bb_upper,bb_middle,bb_lower,vwap_60 | BELOW_TOP_10_REVERSIBLE max|rho|=0.02446"
ema_20,inner_2,DEFERRED,R5,"{""Y_s@4h"": 0.00784066277959295, ""Y_l@24h"": 0.010137290415348419, ""Y_l@48h"": -0.0033444463014780717, ""Y_l@72h"": -0.00890470319472001, ""Y_l@96h"": -0.013330329347101813, ""Y_l@120h"": -0.016723311286507676, ""Y_l@144h"": -0.02432414223924605}",,,"re-enters on: PS5 inner-validation gain as a member of a group or pair, a later exploratory draw, a new vintage, or a change of declared target","REDUNDANCY_GROUP R5 (|r|>=0.95): sma_10,ema_10,sma_20,ema_20,sma_50,ema_50,sma_100,ema_100,sma_200,ema_200,bb_upper,bb_middle,bb_lower,vwap_60 | BELOW_TOP_10_REVERSIBLE max|rho|=0.02432"
close_sma_ratio_20,inner_2,DEFERRED,,"{""Y_s@4h"": 0.005975818823632418, ""Y_l@24h"": 0.00619697588426654, ""Y_l@48h"": 0.029551910913671417, ""Y_l@72h"": 0.02927730197049952, ""Y_l@96h"": 0.031879597435436745, ""Y_l@120h"": 0.04833754995871658, ""Y_l@144h"": 0.0540692602985021}",,,"re-enters on: PS5 inner-validation gain as a member of a group or pair, a later exploratory draw, a new vintage, or a change of declared target",BELOW_TOP_10_REVERSIBLE max|rho|=0.05407
sma_50,inner_2,SYNERGY,R5,"{""Y_s@4h"": 0.007084583176543581, ""Y_l@24h"": 0.008321714448326708, ""Y_l@48h"": -0.006295413026828081, ""Y_l@72h"": -0.011564189614627097, ""Y_l@96h"": -0.015953628132879715, ""Y_l@120h"": -0.019098294571527643, ""Y_l@144h"": -0.02628674627689176}",,,,"REDUNDANCY_GROUP R5 (|r|>=0.95): sma_10,ema_10,sma_20,ema_20,sma_50,ema_50,sma_100,ema_100,sma_200,ema_200,bb_upper,bb_middle,bb_lower,vwap_60 | SYNERGY_PAIR sma_50*mom_10 on Y_l@48h: joint |rho|=0.06001 vs individual max 0.009458 (pairs among the top 40 plus 2000 seeded random pairs; noise floor 3/sqrt(n)) | CAUTION_PERSISTENT_INPUT acf1=0.9999: a Spearman screen against overlapping multi-bar return labels on a near-unit-root input can reflect regime/trend confounding; PS4 must test a differenced or ratio variant before any claim"
ema_50,inner_2,DEFERRED,R5,"{""Y_s@4h"": 0.007190352184336458, ""Y_l@24h"": 0.00875761958192726, ""Y_l@48h"": -0.0058749606566842975, ""Y_l@72h"": -0.011505858324884719, ""Y_l@96h"": -0.016068818492917563, ""Y_l@120h"": -0.01941940750047266, ""Y_l@144h"": -0.026819722532616865}",,,"re-enters on: PS5 inner-validation gain as a member of a group or pair, a later exploratory draw, a new vintage, or a change of declared target","REDUNDANCY_GROUP R5 (|r|>=0.95): sma_10,ema_10,sma_20,ema_20,sma_50,ema_50,sma_100,ema_100,sma_200,ema_200,bb_upper,bb_middle,bb_lower,vwap_60 | BELOW_TOP_10_REVERSIBLE max|rho|=0.02682"
close_sma_ratio_50,inner_2,DEFERRED,,"{""Y_s@4h"": 0.013741314722131746, ""Y_l@24h"": 0.025123314556705342, ""Y_l@48h"": 0.0500190981594531, ""Y_l@72h"": 0.05182635502279487, ""Y_l@96h"": 0.05278943527209595, ""Y_l@120h"": 0.056086287426543334, ""Y_l@144h"": 0.05505282956542346}",,,"re-enters on: PS5 inner-validation gain as a member of a group or pair, a later exploratory draw, a new vintage, or a change of declared target",BELOW_TOP_10_REVERSIBLE max|rho|=0.05609
sma_100,inner_2,SYNERGY,R5,"{""Y_s@4h"": 0.005600214668275566, ""Y_l@24h"": 0.005693162970788256, ""Y_l@48h"": -0.009971631988006074, ""Y_l@72h"": -0.015726521080480057, ""Y_l@96h"": -0.020767349926053228, ""Y_l@120h"": -0.023984762237943484, ""Y_l@144h"": -0.03186763157884204}",,,,"REDUNDANCY_GROUP R5 (|r|>=0.95): sma_10,ema_10,sma_20,ema_20,sma_50,ema_50,sma_100,ema_100,sma_200,ema_200,bb_upper,bb_middle,bb_lower,vwap_60 | SYNERGY_PAIR sma_100*mom_10 on Y_l@48h: joint |rho|=0.05477 vs individual max 0.009972 (pairs among the top 40 plus 2000 seeded random pairs; noise floor 3/sqrt(n)) | CAUTION_PERSISTENT_INPUT acf1=0.9999: a Spearman screen against overlapping multi-bar return labels on a near-unit-root input can reflect regime/trend confounding; PS4 must test a differenced or ratio variant before any claim"
ema_100,inner_2,DEFERRED,R5,"{""Y_s@4h"": 0.00602533788119892, ""Y_l@24h"": 0.00671849129481009, ""Y_l@48h"": -0.008398770110795652, ""Y_l@72h"": -0.013890583157305217, ""Y_l@96h"": -0.01822215057604882, ""Y_l@120h"": -0.021068707382406467, ""Y_l@144h"": -0.028491136600311318}",,,"re-enters on: PS5 inner-validation gain as a member of a group or pair, a later exploratory draw, a new vintage, or a change of declared target","REDUNDANCY_GROUP R5 (|r|>=0.95): sma_10,ema_10,sma_20,ema_20,sma_50,ema_50,sma_100,ema_100,sma_200,ema_200,bb_upper,bb_middle,bb_lower,vwap_60 | BELOW_TOP_10_REVERSIBLE max|rho|=0.02849"
close_sma_ratio_100,inner_2,PRIORITY,,"{""Y_s@4h"": 0.023840047594385818, ""Y_l@24h"": 0.04680167755037824, ""Y_l@48h"": 0.07428905372522342, ""Y_l@72h"": 0.08043399090340785, ""Y_l@96h"": 0.0848736805979724, ""Y_l@120h"": 0.08653952609418981, ""Y_l@144h"": 0.0912642180474696}",,,,TOP_10_INDIVIDUAL max|rho|=0.09126
sma_200,inner_2,REPRESENTATIVE,R5,"{""Y_s@4h"": 0.003467622717360941, ""Y_l@24h"": 0.002751386887095373, ""Y_l@48h"": -0.013299764337504807, ""Y_l@72h"": -0.01885618375946397, ""Y_l@96h"": -0.02338257961858455, ""Y_l@120h"": -0.025847363437292395, ""Y_l@144h"": -0.0334219060426579}",,,,"REDUNDANCY_GROUP R5 (|r|>=0.95): sma_10,ema_10,sma_20,ema_20,sma_50,ema_50,sma_100,ema_100,sma_200,ema_200,bb_upper,bb_middle,bb_lower,vwap_60 | BEST_SCORED_MEMBER_OF R5 | CAUTION_PERSISTENT_INPUT acf1=0.9998: a Spearman screen against overlapping multi-bar return labels on a near-unit-root input can reflect regime/trend confounding; PS4 must test a differenced or ratio variant before any claim"
ema_200,inner_2,DEFERRED,R5,"{""Y_s@4h"": 0.004382314338041511, ""Y_l@24h"": 0.004444242119661663, ""Y_l@48h"": -0.01088306453763557, ""Y_l@72h"": -0.016224114001332193, ""Y_l@96h"": -0.020616193835367846, ""Y_l@120h"": -0.02333569704426008, ""Y_l@144h"": -0.03083957014875782}",,,"re-enters on: PS5 inner-validation gain as a member of a group or pair, a later exploratory draw, a new vintage, or a change of declared target","REDUNDANCY_GROUP R5 (|r|>=0.95): sma_10,ema_10,sma_20,ema_20,sma_50,ema_50,sma_100,ema_100,sma_200,ema_200,bb_upper,bb_middle,bb_lower,vwap_60 | BELOW_TOP_10_REVERSIBLE max|rho|=0.03084"
close_sma_ratio_200,inner_2,PRIORITY,,"{""Y_s@4h"": 0.029569460697417865, ""Y_l@24h"": 0.056003497455349036, ""Y_l@48h"": 0.08136509797779827, ""Y_l@72h"": 0.09039794190980754, ""Y_l@96h"": 0.09464010419034313, ""Y_l@120h"": 0.09514040275147886, ""Y_l@144h"": 0.10130313901956214}",,,,TOP_10_INDIVIDUAL max|rho|=0.1013 | CAUTION_PERSISTENT_INPUT acf1=0.9933: a Spearman screen against overlapping multi-bar return labels on a near-unit-root input can reflect regime/trend confounding; PS4 must test a differenced or ratio variant before any claim
macd,inner_2,DEFERRED,R6,"{""Y_s@4h"": 0.012155356302164716, ""Y_l@24h"": 0.01920722658609351, ""Y_l@48h"": 0.030374803286649658, ""Y_l@72h"": 0.03563880486897034, ""Y_l@96h"": 0.04571218394749218, ""Y_l@120h"": 0.043705203828337404, ""Y_l@144h"": 0.03667600183186032}",,,"re-enters on: PS5 inner-validation gain as a member of a group or pair, a later exploratory draw, a new vintage, or a change of declared target","REDUNDANCY_GROUP R6 (|r|>=0.95): macd,macd_signal | BELOW_TOP_10_REVERSIBLE max|rho|=0.04571"
macd_signal,inner_2,REPRESENTATIVE,R6,"{""Y_s@4h"": 0.019735269955970965, ""Y_l@24h"": 0.027069086216836985, ""Y_l@48h"": 0.03789964850087704, ""Y_l@72h"": 0.04611240110634979, ""Y_l@96h"": 0.046877191592028696, ""Y_l@120h"": 0.04044059861403207, ""Y_l@144h"": 0.028984390952501334}",,,,"REDUNDANCY_GROUP R6 (|r|>=0.95): macd,macd_signal | BEST_SCORED_MEMBER_OF R6 | CAUTION_PERSISTENT_INPUT acf1=0.9969: a Spearman screen against overlapping multi-bar return labels on a near-unit-root input can reflect regime/trend confounding; PS4 must test a differenced or ratio variant before any claim"
macd_hist,inner_2,DEFERRED,,"{""Y_s@4h"": -0.010625701914829854, ""Y_l@24h"": -0.024215870503430045, ""Y_l@48h"": -0.002203200864939737, ""Y_l@72h"": 0.0011453909946741827, ""Y_l@96h"": 0.007885863970015273, ""Y_l@120h"": 0.026039048316024358, ""Y_l@144h"": 0.031725883271724625}",,,"re-enters on: PS5 inner-validation gain as a member of a group or pair, a later exploratory draw, a new vintage, or a change of declared target",BELOW_TOP_10_REVERSIBLE max|rho|=0.03173
rsi_7,inner_2,DEFERRED,,"{""Y_s@4h"": -0.006567569493269916, ""Y_l@24h"": -0.00044738306145349305, ""Y_l@48h"": 0.03660902412842817, ""Y_l@72h"": 0.043383787609500304, ""Y_l@96h"": 0.039751989591824306, ""Y_l@120h"": 0.05225069215612938, ""Y_l@144h"": 0.057011225004265996}",,,"re-enters on: PS5 inner-validation gain as a member of a group or pair, a later exploratory draw, a new vintage, or a change of declared target",BELOW_TOP_10_REVERSIBLE max|rho|=0.05701
rsi_14,inner_2,EXPLORATORY,R7,"{""Y_s@4h"": 0.007728840450702089, ""Y_l@24h"": 0.017580784025450494, ""Y_l@48h"": 0.04955796437498687, ""Y_l@72h"": 0.055077886685014364, ""Y_l@96h"": 0.05512233628719791, ""Y_l@120h"": 0.06500632014840475, ""Y_l@144h"": 0.0668705804756607}",0.1,"uniform without replacement over the 50 unranked eligible inputs, seed=20261001, fold=inner_2; drawn independently of relevance",,"REDUNDANCY_GROUP R7 (|r|>=0.95): rsi_14,rsi_21 | EXPLORATORY_DRAW (outside the ranking)"
rsi_21,inner_2,REPRESENTATIVE,R7,"{""Y_s@4h"": 0.014173378369863255, ""Y_l@24h"": 0.02798081428175839, ""Y_l@48h"": 0.05895833859250272, ""Y_l@72h"": 0.0643313153620098, ""Y_l@96h"": 0.06599697684837455, ""Y_l@120h"": 0.07399818574706069, ""Y_l@144h"": 0.07561220295240469}",,,,"REDUNDANCY_GROUP R7 (|r|>=0.95): rsi_14,rsi_21 | BEST_SCORED_MEMBER_OF R7"
stoch_k,inner_2,REPRESENTATIVE,R8,"{""Y_s@4h"": -0.008247910300818067, ""Y_l@24h"": 0.003766455674477573, ""Y_l@48h"": 0.02490624154798627, ""Y_l@72h"": 0.02541667585163555, ""Y_l@96h"": 0.02260684811686228, ""Y_l@120h"": 0.03973712203667574, ""Y_l@144h"": 0.048219670785160346}",,,,"REDUNDANCY_GROUP R8 (|r|>=0.95): stoch_k,williams_r_14 | BEST_SCORED_MEMBER_OF R8"
stoch_d,inner_2,DEFERRED,,"{""Y_s@4h"": 0.0058847880531428245, ""Y_l@24h"": 0.0024632557740003505, ""Y_l@48h"": 0.02225127041115422, ""Y_l@72h"": 0.022609468986841328, ""Y_l@96h"": 0.02428349104256297, ""Y_l@120h"": 0.04093239130639593, ""Y_l@144h"": 0.04871597970936458}",,,"re-enters on: PS5 inner-validation gain as a member of a group or pair, a later exploratory draw, a new vintage, or a change of declared target",BELOW_TOP_10_REVERSIBLE max|rho|=0.04872
williams_r_14,inner_2,DEFERRED,R8,"{""Y_s@4h"": -0.008247914911352162, ""Y_l@24h"": 0.003766445866925052, ""Y_l@48h"": 0.024906228794382024, ""Y_l@72h"": 0.0254166531839035, ""Y_l@96h"": 0.022606834893471196, ""Y_l@120h"": 0.03973710506616611, ""Y_l@144h"": 0.04821965584777752}",,,"re-enters on: PS5 inner-validation gain as a member of a group or pair, a later exploratory draw, a new vintage, or a change of declared target","REDUNDANCY_GROUP R8 (|r|>=0.95): stoch_k,williams_r_14 | BELOW_TOP_10_REVERSIBLE max|rho|=0.04822"
cci_14,inner_2,DEFERRED,,"{""Y_s@4h"": 0.011277715038737795, ""Y_l@24h"": -0.002078591354431675, ""Y_l@48h"": 0.02275805331795357, ""Y_l@72h"": 0.021613488017660814, ""Y_l@96h"": 0.019552286807684303, ""Y_l@120h"": 0.032718266352132895, ""Y_l@144h"": 0.0410862437911193}",,,"re-enters on: PS5 inner-validation gain as a member of a group or pair, a later exploratory draw, a new vintage, or a change of declared target",BELOW_TOP_10_REVERSIBLE max|rho|=0.04109
roc_10,inner_2,REPRESENTATIVE,R2,"{""Y_s@4h"": 0.0018330256138946641, ""Y_l@24h"": -0.0013296163705662435, ""Y_l@48h"": 0.027264081976980967, ""Y_l@72h"": 0.020272590649264753, ""Y_l@96h"": 0.020402079858593724, ""Y_l@120h"": 0.03707926573944806, ""Y_l@144h"": 0.04712836975705654}",,,,"REDUNDANCY_GROUP R2 (|r|>=0.95): return_10,log_return_10,roc_10 | BEST_SCORED_MEMBER_OF R2"
roc_20,inner_2,DEFERRED,R3,"{""Y_s@4h"": 0.010803899602775956, ""Y_l@24h"": 0.005255539723258087, ""Y_l@48h"": 0.026269305185629036, ""Y_l@72h"": 0.03339858066036342, ""Y_l@96h"": 0.041684595675193344, ""Y_l@120h"": 0.049447491805725226, ""Y_l@144h"": 0.04231468536559718}",,,"re-enters on: PS5 inner-validation gain as a member of a group or pair, a later exploratory draw, a new vintage, or a change of declared target","REDUNDANCY_GROUP R3 (|r|>=0.95): return_20,log_return_20,roc_20,roll_mean_ret_20 | BELOW_TOP_10_REVERSIBLE max|rho|=0.04945"
roc_60,inner_2,DEFERRED,R4,"{""Y_s@4h"": 0.02322270004730094, ""Y_l@24h"": 0.04915625757227779, ""Y_l@48h"": 0.06828100809584722, ""Y_l@72h"": 0.06840483271428822, ""Y_l@96h"": 0.06747399149892755, ""Y_l@120h"": 0.06417269441145348, ""Y_l@144h"": 0.06508789007499358}",,,"re-enters on: PS5 inner-validation gain as a member of a group or pair, a later exploratory draw, a new vintage, or a change of declared target","REDUNDANCY_GROUP R4 (|r|>=0.95): return_60,log_return_60,roc_60,roll_mean_ret_60 | BELOW_TOP_10_REVERSIBLE max|rho|=0.0684"
mom_10,inner_2,SYNERGY,,"{""Y_s@4h"": -0.003896188655245332, ""Y_l@24h"": -0.0030357069444784564, ""Y_l@48h"": 0.00945826064164323, ""Y_l@72h"": 0.006889304147636632, ""Y_l@96h"": 0.01366018093476517, ""Y_l@120h"": 0.030274615589056662, ""Y_l@144h"": 0.03884454260446631}",,,,SYNERGY_PAIR sma_50*mom_10 on Y_l@48h: joint |rho|=0.06001 vs individual max 0.009458 (pairs among the top 40 plus 2000 seeded random pairs; noise floor 3/sqrt(n)) | SYNERGY_PAIR sma_100*mom_10 on Y_l@48h: joint |rho|=0.05477 vs individual max 0.009972 (pairs among the top 40 plus 2000 seeded random pairs; noise floor 3/sqrt(n)) | SYNERGY_PAIR mom_10*bb_middle on Y_l@48h: joint |rho|=0.05377 vs individual max 0.009458 (pairs among the top 40 plus 2000 seeded random pairs; noise floor 3/sqrt(n)) | SYNERGY_PAIR mom_10*atr_14 on Y_l@48h: joint |rho|=0.0535 vs individual max 0.01199 (pairs among the top 40 plus 2000 seeded random pairs; noise floor 3/sqrt(n))
mom_20,inner_2,EXPLORATORY,,"{""Y_s@4h"": 0.008783164741599507, ""Y_l@24h"": 0.0016402976948187624, ""Y_l@48h"": 0.015073087807836873, ""Y_l@72h"": 0.024059942698572565, ""Y_l@96h"": 0.033405921813691314, ""Y_l@120h"": 0.03504999360346908, ""Y_l@144h"": 0.024559433123945217}",0.1,"uniform without replacement over the 50 unranked eligible inputs, seed=20261001, fold=inner_2; drawn independently of relevance",,EXPLORATORY_DRAW (outside the ranking)
bb_upper,inner_2,DEFERRED,R5,"{""Y_s@4h"": 0.008555281733988339, ""Y_l@24h"": 0.010698862085325776, ""Y_l@48h"": -0.004265199097779899, ""Y_l@72h"": -0.009994539581462092, ""Y_l@96h"": -0.013915208895640614, ""Y_l@120h"": -0.01676846580318585, ""Y_l@144h"": -0.023698961682841448}",,,"re-enters on: PS5 inner-validation gain as a member of a group or pair, a later exploratory draw, a new vintage, or a change of declared target","REDUNDANCY_GROUP R5 (|r|>=0.95): sma_10,ema_10,sma_20,ema_20,sma_50,ema_50,sma_100,ema_100,sma_200,ema_200,bb_upper,bb_middle,bb_lower,vwap_60 | BELOW_TOP_10_REVERSIBLE max|rho|=0.0237"
bb_middle,inner_2,SYNERGY,R5,"{""Y_s@4h"": 0.008183586974766557, ""Y_l@24h"": 0.010776792842904682, ""Y_l@48h"": -0.002748578629423171, ""Y_l@72h"": -0.008240560047998375, ""Y_l@96h"": -0.012917704530120888, ""Y_l@120h"": -0.01677525621800767, ""Y_l@144h"": -0.024458505918096847}",,,,"REDUNDANCY_GROUP R5 (|r|>=0.95): sma_10,ema_10,sma_20,ema_20,sma_50,ema_50,sma_100,ema_100,sma_200,ema_200,bb_upper,bb_middle,bb_lower,vwap_60 | SYNERGY_PAIR mom_10*bb_middle on Y_l@48h: joint |rho|=0.05377 vs individual max 0.009458 (pairs among the top 40 plus 2000 seeded random pairs; noise floor 3/sqrt(n)) | CAUTION_PERSISTENT_INPUT acf1=0.9998: a Spearman screen against overlapping multi-bar return labels on a near-unit-root input can reflect regime/trend confounding; PS4 must test a differenced or ratio variant before any claim"
bb_lower,inner_2,DEFERRED,R5,"{""Y_s@4h"": 0.007924179619379926, ""Y_l@24h"": 0.010765585302598826, ""Y_l@48h"": -0.0017515310403904704, ""Y_l@72h"": -0.006645439497549956, ""Y_l@96h"": -0.011617219435527982, ""Y_l@120h"": -0.016555735237775867, ""Y_l@144h"": -0.02498939891499184}",,,"re-enters on: PS5 inner-validation gain as a member of a group or pair, a later exploratory draw, a new vintage, or a change of declared target","REDUNDANCY_GROUP R5 (|r|>=0.95): sma_10,ema_10,sma_20,ema_20,sma_50,ema_50,sma_100,ema_100,sma_200,ema_200,bb_upper,bb_middle,bb_lower,vwap_60 | BELOW_TOP_10_REVERSIBLE max|rho|=0.02499"
bb_pct_b,inner_2,DEFERRED,,"{""Y_s@4h"": 0.0044779614849758155, ""Y_l@24h"": 0.0016872614588937726, ""Y_l@48h"": 0.0259491272426882, ""Y_l@72h"": 0.03232840175304836, ""Y_l@96h"": 0.03416210115468088, ""Y_l@120h"": 0.04829124533384888, ""Y_l@144h"": 0.052954254950018806}",,,"re-enters on: PS5 inner-validation gain as a member of a group or pair, a later exploratory draw, a new vintage, or a change of declared target",BELOW_TOP_10_REVERSIBLE max|rho|=0.05295
bb_width,inner_2,SYNERGY,,"{""Y_s@4h"": 0.017987369704918734, ""Y_l@24h"": 0.033375817757568024, ""Y_l@48h"": 0.024286927146027194, ""Y_l@72h"": 0.01950429994354279, ""Y_l@96h"": 0.027724523193658104, ""Y_l@120h"": 0.04180375970403062, ""Y_l@144h"": 0.044514385870683834}",,,,SYNERGY_PAIR log_return_5*bb_width on Y_l@24h: joint |rho|=0.07659 vs individual max 0.03986 (pairs among the top 40 plus 2000 seeded random pairs; noise floor 3/sqrt(n))
atr_14,inner_2,SYNERGY,,"{""Y_s@4h"": 0.01435686493196601, ""Y_l@24h"": 0.02506888998167784, ""Y_l@48h"": 0.01199165566557258, ""Y_l@72h"": 0.01082905951737674, ""Y_l@96h"": 0.00847692186798011, ""Y_l@120h"": 0.009385141633616945, ""Y_l@144h"": 0.004072505309193708}",,,,SYNERGY_PAIR mom_10*atr_14 on Y_l@48h: joint |rho|=0.0535 vs individual max 0.01199 (pairs among the top 40 plus 2000 seeded random pairs; noise floor 3/sqrt(n)) | CAUTION_PERSISTENT_INPUT acf1=0.9978: a Spearman screen against overlapping multi-bar return labels on a near-unit-root input can reflect regime/trend confounding; PS4 must test a differenced or ratio variant before any claim
natr_14,inner_2,DEFERRED,,"{""Y_s@4h"": 0.023058443978027535, ""Y_l@24h"": 0.047805358848268496, ""Y_l@48h"": 0.037409888111214776, ""Y_l@72h"": 0.04207822701928597, ""Y_l@96h"": 0.048266086462506665, ""Y_l@120h"": 0.06034623697866063, ""Y_l@144h"": 0.06377962064445114}",,,"re-enters on: PS5 inner-validation gain as a member of a group or pair, a later exploratory draw, a new vintage, or a change of declared target",BELOW_TOP_10_REVERSIBLE max|rho|=0.06378
hist_vol_10,inner_2,DEFERRED,,"{""Y_s@4h"": 0.03085623912885427, ""Y_l@24h"": 0.05611679868049073, ""Y_l@48h"": 0.044803244241986014, ""Y_l@72h"": 0.053339955291919046, ""Y_l@96h"": 0.06362595567283652, ""Y_l@120h"": 0.06956131148742227, ""Y_l@144h"": 0.07614160173202264}",,,"re-enters on: PS5 inner-validation gain as a member of a group or pair, a later exploratory draw, a new vintage, or a change of declared target",BELOW_TOP_10_REVERSIBLE max|rho|=0.07614
hist_vol_20,inner_2,REPRESENTATIVE,R9,"{""Y_s@4h"": 0.017422457281670464, ""Y_l@24h"": 0.04226595672109541, ""Y_l@48h"": 0.04032175816364753, ""Y_l@72h"": 0.04933469369969798, ""Y_l@96h"": 0.05834656214190348, ""Y_l@120h"": 0.06864298202373101, ""Y_l@144h"": 0.07735173849621738}",,,,"REDUNDANCY_GROUP R9 (|r|>=0.95): hist_vol_20,roll_std_ret_20 | BEST_SCORED_MEMBER_OF R9"
hist_vol_60,inner_2,REPRESENTATIVE,R10,"{""Y_s@4h"": 0.017752555544154735, ""Y_l@24h"": 0.04595222542188702, ""Y_l@48h"": 0.05296314490891584, ""Y_l@72h"": 0.0662294978298499, ""Y_l@96h"": 0.07147238128802938, ""Y_l@120h"": 0.0786236235959807, ""Y_l@144h"": 0.07916680603790309}",,,,"REDUNDANCY_GROUP R10 (|r|>=0.95): hist_vol_60,roll_std_ret_60 | BEST_SCORED_MEMBER_OF R10 | CAUTION_PERSISTENT_INPUT acf1=0.9971: a Spearman screen against overlapping multi-bar return labels on a near-unit-root input can reflect regime/trend confounding; PS4 must test a differenced or ratio variant before any claim"
ema_cross_10_50,inner_2,DEFERRED,,"{""Y_s@4h"": 0.024031834634471217, ""Y_l@24h"": 0.04005715803050559, ""Y_l@48h"": 0.058819508020120016, ""Y_l@72h"": 0.06428665793569585, ""Y_l@96h"": 0.06982934899419156, ""Y_l@120h"": 0.06993831496547923, ""Y_l@144h"": 0.06841560000294225}",,,"re-enters on: PS5 inner-validation gain as a member of a group or pair, a later exploratory draw, a new vintage, or a change of declared target",BELOW_TOP_10_REVERSIBLE max|rho|=0.06994
ema_cross_20_100,inner_2,PRIORITY,,"{""Y_s@4h"": 0.03297545715134241, ""Y_l@24h"": 0.058289031324712214, ""Y_l@48h"": 0.07743997025251521, ""Y_l@72h"": 0.08433787517764026, ""Y_l@96h"": 0.08858121065435204, ""Y_l@120h"": 0.08558853434598296, ""Y_l@144h"": 0.0897075822212262}",,,,TOP_10_INDIVIDUAL max|rho|=0.08971 | CAUTION_PERSISTENT_INPUT acf1=0.9986: a Spearman screen against overlapping multi-bar return labels on a near-unit-root input can reflect regime/trend confounding; PS4 must test a differenced or ratio variant before any claim
trend_slope_50,inner_2,EXPLORATORY,,"{""Y_s@4h"": 0.019115453866472894, ""Y_l@24h"": 0.036372299654248826, ""Y_l@48h"": 0.055653840655361976, ""Y_l@72h"": 0.05986392313218287, ""Y_l@96h"": 0.05957177820044739, ""Y_l@120h"": 0.052203722244135164, ""Y_l@144h"": 0.04970808580157907}",0.1,"uniform without replacement over the 50 unranked eligible inputs, seed=20261001, fold=inner_2; drawn independently of relevance",,EXPLORATORY_DRAW (outside the ranking)
trend_strength_50,inner_2,DEFERRED,,"{""Y_s@4h"": 0.0038243108047390714, ""Y_l@24h"": 0.007866937088237706, ""Y_l@48h"": 0.013779172278275898, ""Y_l@72h"": 0.020810396179533206, ""Y_l@96h"": 0.02422930863205157, ""Y_l@120h"": 0.03400742245347924, ""Y_l@144h"": 0.04253482442677163}",,,"re-enters on: PS5 inner-validation gain as a member of a group or pair, a later exploratory draw, a new vintage, or a change of declared target",BELOW_TOP_10_REVERSIBLE max|rho|=0.04253
obv,inner_2,DEFERRED,,"{""Y_s@4h"": 0.01611380456786772, ""Y_l@24h"": 0.03235163674285579, ""Y_l@48h"": 0.034499301702722494, ""Y_l@72h"": 0.03964261665279681, ""Y_l@96h"": 0.0418675106581405, ""Y_l@120h"": 0.04496434918319388, ""Y_l@144h"": 0.044627827907379514}",,,"re-enters on: PS5 inner-validation gain as a member of a group or pair, a later exploratory draw, a new vintage, or a change of declared target",BELOW_TOP_10_REVERSIBLE max|rho|=0.04496
obv_delta_20,inner_2,SYNERGY,,"{""Y_s@4h"": 0.01707753841011596, ""Y_l@24h"": 0.024431996770510445, ""Y_l@48h"": 0.0487060235653157, ""Y_l@72h"": 0.04042624213563598, ""Y_l@96h"": 0.03456830600213053, ""Y_l@120h"": 0.03675523432047788, ""Y_l@144h"": 0.03270673890737964}",,,,SYNERGY_PAIR obv_delta_20*realized_var_48 on Y_l@48h: joint |rho|=0.08954 vs individual max 0.05023 (pairs among the top 40 plus 2000 seeded random pairs; noise floor 3/sqrt(n))
volume_sma_10,inner_2,PRIORITY,,"{""Y_s@4h"": 0.03184427934422487, ""Y_l@24h"": 0.06321363130294529, ""Y_l@48h"": 0.08021557775404488, ""Y_l@72h"": 0.09071059103153636, ""Y_l@96h"": 0.09756844316052737, ""Y_l@120h"": 0.11456263202568874, ""Y_l@144h"": 0.12506216735866899}",,,,TOP_10_INDIVIDUAL max|rho|=0.1251 | CAUTION_PERSISTENT_INPUT acf1=0.9928: a Spearman screen against overlapping multi-bar return labels on a near-unit-root input can reflect regime/trend confounding; PS4 must test a differenced or ratio variant before any claim
volume_sma_20,inner_2,PRIORITY,,"{""Y_s@4h"": 0.029696334010695324, ""Y_l@24h"": 0.05722364207821083, ""Y_l@48h"": 0.07273346241203249, ""Y_l@72h"": 0.08289644839654019, ""Y_l@96h"": 0.09170665624589742, ""Y_l@120h"": 0.10970173137468388, ""Y_l@144h"": 0.1224021625756933}",,,,TOP_10_INDIVIDUAL max|rho|=0.1224 | CAUTION_PERSISTENT_INPUT acf1=0.9979: a Spearman screen against overlapping multi-bar return labels on a near-unit-root input can reflect regime/trend confounding; PS4 must test a differenced or ratio variant before any claim
volume_ratio_20,inner_2,DEFERRED,,"{""Y_s@4h"": 0.01455209302043275, ""Y_l@24h"": 0.02860473606628161, ""Y_l@48h"": 0.027925389519905856, ""Y_l@72h"": 0.02909607031053362, ""Y_l@96h"": 0.0325063380006971, ""Y_l@120h"": 0.02475512169320092, ""Y_l@144h"": 0.029259147378776443}",,,"re-enters on: PS5 inner-validation gain as a member of a group or pair, a later exploratory draw, a new vintage, or a change of declared target",BELOW_TOP_10_REVERSIBLE max|rho|=0.03251
vwap_60,inner_2,DEFERRED,R5,"{""Y_s@4h"": 0.007617417320421933, ""Y_l@24h"": 0.00954066681608679, ""Y_l@48h"": -0.004563877255191832, ""Y_l@72h"": -0.010109180183431559, ""Y_l@96h"": -0.014710240869829111, ""Y_l@120h"": -0.01828545951056108, ""Y_l@144h"": -0.025888875078141683}",,,"re-enters on: PS5 inner-validation gain as a member of a group or pair, a later exploratory draw, a new vintage, or a change of declared target","REDUNDANCY_GROUP R5 (|r|>=0.95): sma_10,ema_10,sma_20,ema_20,sma_50,ema_50,sma_100,ema_100,sma_200,ema_200,bb_upper,bb_middle,bb_lower,vwap_60 | BELOW_TOP_10_REVERSIBLE max|rho|=0.02589"
mfi_14,inner_2,DEFERRED,,"{""Y_s@4h"": 0.008268359925069751, ""Y_l@24h"": -0.005228804769162365, ""Y_l@48h"": 0.02417486745663732, ""Y_l@72h"": 0.029654217759640722, ""Y_l@96h"": 0.029204118580068918, ""Y_l@120h"": 0.04185909828902526, ""Y_l@144h"": 0.042895653410287456}",,,"re-enters on: PS5 inner-validation gain as a member of a group or pair, a later exploratory draw, a new vintage, or a change of declared target",BELOW_TOP_10_REVERSIBLE max|rho|=0.0429
statistical__log_return_1,inner_2,REPRESENTATIVE,R0,"{""Y_s@4h"": -0.058633162724568186, ""Y_l@24h"": -0.017858147276008905, ""Y_l@48h"": 0.006729725173504105, ""Y_l@72h"": 0.016335838906435952, ""Y_l@96h"": 0.012149622390308496, ""Y_l@120h"": 0.016320025881075992, ""Y_l@144h"": 0.01893578644659655}",,,,"REDUNDANCY_GROUP R0 (|r|>=0.95): return_1,log_return_1,statistical__log_return_1 | BEST_SCORED_MEMBER_OF R0"
roll_mean_ret_20,inner_2,REPRESENTATIVE,R3,"{""Y_s@4h"": 0.010803899602775956, ""Y_l@24h"": 0.005255539723258087, ""Y_l@48h"": 0.026269305185629036, ""Y_l@72h"": 0.03339858066036342, ""Y_l@96h"": 0.041684595675193344, ""Y_l@120h"": 0.049447491805725226, ""Y_l@144h"": 0.04231468536559718}",,,,"REDUNDANCY_GROUP R3 (|r|>=0.95): return_20,log_return_20,roc_20,roll_mean_ret_20 | BEST_SCORED_MEMBER_OF R3"
roll_std_ret_20,inner_2,DEFERRED,R9,"{""Y_s@4h"": 0.01742236342223471, ""Y_l@24h"": 0.04226586623330884, ""Y_l@48h"": 0.04032163677073133, ""Y_l@72h"": 0.049334599166902714, ""Y_l@96h"": 0.05834648695913086, ""Y_l@120h"": 0.0686429343699593, ""Y_l@144h"": 0.0773517130131583}",,,"re-enters on: PS5 inner-validation gain as a member of a group or pair, a later exploratory draw, a new vintage, or a change of declared target","REDUNDANCY_GROUP R9 (|r|>=0.95): hist_vol_20,roll_std_ret_20 | BELOW_TOP_10_REVERSIBLE max|rho|=0.07735"
roll_skew_ret_20,inner_2,DEFERRED,,"{""Y_s@4h"": 0.01255883573246286, ""Y_l@24h"": -0.0271348136442726, ""Y_l@48h"": -0.0383431635950627, ""Y_l@72h"": -0.04148661618695251, ""Y_l@96h"": -0.03598392196236597, ""Y_l@120h"": -0.020294237206701846, ""Y_l@144h"": -0.017980266415303522}",,,"re-enters on: PS5 inner-validation gain as a member of a group or pair, a later exploratory draw, a new vintage, or a change of declared target",BELOW_TOP_10_REVERSIBLE max|rho|=0.04149
roll_kurt_ret_20,inner_2,SYNERGY,,"{""Y_s@4h"": -0.006350621582670354, ""Y_l@24h"": -0.008224487172393465, ""Y_l@48h"": -0.012598712077892328, ""Y_l@72h"": -0.006545156373130303, ""Y_l@96h"": 9.086751515245479e-05, ""Y_l@120h"": 0.008730554162061541, ""Y_l@144h"": 0.02060986932469574}",,,,SYNERGY_PAIR roll_kurt_ret_20*roll_skew_ret_252 on Y_l@48h: joint |rho|=0.06489 vs individual max 0.02145 (pairs among the top 40 plus 2000 seeded random pairs; noise floor 3/sqrt(n)) | SYNERGY_PAIR roll_kurt_ret_20*sqret_autocorr_lag1_100 on Y_l@120h: joint |rho|=0.05175 vs individual max 0.01147 (pairs among the top 40 plus 2000 seeded random pairs; noise floor 3/sqrt(n))
roll_mean_ret_60,inner_2,REPRESENTATIVE,R4,"{""Y_s@4h"": 0.02322270004730094, ""Y_l@24h"": 0.04915625757227779, ""Y_l@48h"": 0.06828100809584722, ""Y_l@72h"": 0.06840483271428822, ""Y_l@96h"": 0.06747399149892755, ""Y_l@120h"": 0.06417269441145348, ""Y_l@144h"": 0.06508789007499358}",,,,"REDUNDANCY_GROUP R4 (|r|>=0.95): return_60,log_return_60,roc_60,roll_mean_ret_60 | BEST_SCORED_MEMBER_OF R4"
roll_std_ret_60,inner_2,DEFERRED,R10,"{""Y_s@4h"": 0.017752571017008684, ""Y_l@24h"": 0.045952175448809175, ""Y_l@48h"": 0.05296312662164554, ""Y_l@72h"": 0.06622943858837854, ""Y_l@96h"": 0.07147232498888445, ""Y_l@120h"": 0.07862356713361837, ""Y_l@144h"": 0.07916678281085429}",,,"re-enters on: PS5 inner-validation gain as a member of a group or pair, a later exploratory draw, a new vintage, or a change of declared target","REDUNDANCY_GROUP R10 (|r|>=0.95): hist_vol_60,roll_std_ret_60 | BELOW_TOP_10_REVERSIBLE max|rho|=0.07917"
roll_skew_ret_60,inner_2,DEFERRED,,"{""Y_s@4h"": 0.006637712237509503, ""Y_l@24h"": 0.0019848624178445766, ""Y_l@48h"": 0.005863685875900465, ""Y_l@72h"": -0.0012751980581941764, ""Y_l@96h"": -0.006058945431736071, ""Y_l@120h"": 0.0015434007356687535, ""Y_l@144h"": 0.00036594185063677835}",,,"re-enters on: PS5 inner-validation gain as a member of a group or pair, a later exploratory draw, a new vintage, or a change of declared target",BELOW_TOP_10_REVERSIBLE max|rho|=0.006638
roll_kurt_ret_60,inner_2,DEFERRED,,"{""Y_s@4h"": -0.013813199814427746, ""Y_l@24h"": -0.016711189541132775, ""Y_l@48h"": -0.00044286859650553856, ""Y_l@72h"": 0.006346675736691628, ""Y_l@96h"": 0.009238904129295634, ""Y_l@120h"": 0.008902904942606983, ""Y_l@144h"": 0.013425499541199789}",,,"re-enters on: PS5 inner-validation gain as a member of a group or pair, a later exploratory draw, a new vintage, or a change of declared target",BELOW_TOP_10_REVERSIBLE max|rho|=0.01671
roll_mean_ret_252,inner_2,DEFERRED,,"{""Y_s@4h"": 0.026095943038363375, ""Y_l@24h"": 0.04752458859716345, ""Y_l@48h"": 0.06268066572629066, ""Y_l@72h"": 0.06675779813840468, ""Y_l@96h"": 0.0642347294225406, ""Y_l@120h"": 0.061020395938452016, ""Y_l@144h"": 0.05832410670335697}",,,"re-enters on: PS5 inner-validation gain as a member of a group or pair, a later exploratory draw, a new vintage, or a change of declared target",BELOW_TOP_10_REVERSIBLE max|rho|=0.06676
roll_std_ret_252,inner_2,DEFERRED,,"{""Y_s@4h"": 0.010296375042145483, ""Y_l@24h"": 0.022347963740136822, ""Y_l@48h"": 0.027011629261054118, ""Y_l@72h"": 0.031777096787350564, ""Y_l@96h"": 0.035201989515607976, ""Y_l@120h"": 0.03951261236296108, ""Y_l@144h"": 0.0398061722312777}",,,"re-enters on: PS5 inner-validation gain as a member of a group or pair, a later exploratory draw, a new vintage, or a change of declared target",BELOW_TOP_10_REVERSIBLE max|rho|=0.03981
roll_skew_ret_252,inner_2,SYNERGY,,"{""Y_s@4h"": -0.0038157865764430923, ""Y_l@24h"": -0.007858129100976127, ""Y_l@48h"": -0.02145038003769621, ""Y_l@72h"": -0.034260564745554445, ""Y_l@96h"": -0.04294944902782801, ""Y_l@120h"": -0.05102626363962919, ""Y_l@144h"": -0.05798029881333577}",,,,SYNERGY_PAIR roll_kurt_ret_20*roll_skew_ret_252 on Y_l@48h: joint |rho|=0.06489 vs individual max 0.02145 (pairs among the top 40 plus 2000 seeded random pairs; noise floor 3/sqrt(n)) | CAUTION_PERSISTENT_INPUT acf1=0.9937: a Spearman screen against overlapping multi-bar return labels on a near-unit-root input can reflect regime/trend confounding; PS4 must test a differenced or ratio variant before any claim
roll_kurt_ret_252,inner_2,SYNERGY,,"{""Y_s@4h"": -0.012579647583376161, ""Y_l@24h"": -0.019941529386502035, ""Y_l@48h"": -0.010804850805975806, ""Y_l@72h"": -0.001709162646116193, ""Y_l@96h"": 0.0017773263160604646, ""Y_l@120h"": 0.0021154162636583397, ""Y_l@144h"": 0.00811523607312896}",,,,SYNERGY_PAIR roll_kurt_ret_252*sqret_autocorr_lag1_100 on Y_l@144h: joint |rho|=0.06154 vs individual max 0.008856 (pairs among the top 40 plus 2000 seeded random pairs; noise floor 3/sqrt(n)) | SYNERGY_PAIR roll_kurt_ret_252*sqret_autocorr_lag1_100 on Y_l@120h: joint |rho|=0.05918 vs individual max 0.01147 (pairs among the top 40 plus 2000 seeded random pairs; noise floor 3/sqrt(n)) | CAUTION_PERSISTENT_INPUT acf1=0.9944: a Spearman screen against overlapping multi-bar return labels on a near-unit-root input can reflect regime/trend confounding; PS4 must test a differenced or ratio variant before any claim
realized_var_12,inner_2,DEFERRED,,"{""Y_s@4h"": 0.026126810373649507, ""Y_l@24h"": 0.05173220884240543, ""Y_l@48h"": 0.04330611751383691, ""Y_l@72h"": 0.051648437359183716, ""Y_l@96h"": 0.058250135224472574, ""Y_l@120h"": 0.06795068194214095, ""Y_l@144h"": 0.07448606860725418}",,,"re-enters on: PS5 inner-validation gain as a member of a group or pair, a later exploratory draw, a new vintage, or a change of declared target",BELOW_TOP_10_REVERSIBLE max|rho|=0.07449
realized_var_48,inner_2,PRIORITY,,"{""Y_s@4h"": 0.015287600772548007, ""Y_l@24h"": 0.04689629190233792, ""Y_l@48h"": 0.05023227496165699, ""Y_l@72h"": 0.0635979952960515, ""Y_l@96h"": 0.07345243881683912, ""Y_l@120h"": 0.08422062203864784, ""Y_l@144h"": 0.08876929292022813}",,,,TOP_10_INDIVIDUAL max|rho|=0.08877 | SYNERGY_PAIR obv_delta_20*realized_var_48 on Y_l@48h: joint |rho|=0.08954 vs individual max 0.05023 (pairs among the top 40 plus 2000 seeded random pairs; noise floor 3/sqrt(n)) | CAUTION_PERSISTENT_INPUT acf1=0.9961: a Spearman screen against overlapping multi-bar return labels on a near-unit-root input can reflect regime/trend confounding; PS4 must test a differenced or ratio variant before any claim
autocorr_lag1_100,inner_2,PRIORITY,,"{""Y_s@4h"": -0.016264610032263187, ""Y_l@24h"": -0.03386966609973254, ""Y_l@48h"": -0.042252965783182064, ""Y_l@72h"": -0.06097640773883813, ""Y_l@96h"": -0.0768807572980814, ""Y_l@120h"": -0.0904604665400995, ""Y_l@144h"": -0.09065211068271453}",,,,TOP_10_INDIVIDUAL max|rho|=0.09065
autocorr_lag5_100,inner_2,EXPLORATORY,,"{""Y_s@4h"": 0.012577466056917723, ""Y_l@24h"": 0.01764270062584508, ""Y_l@48h"": 0.021766864637465855, ""Y_l@72h"": 0.02993958694594243, ""Y_l@96h"": 0.03302638881274268, ""Y_l@120h"": 0.033908659107493286, ""Y_l@144h"": 0.025044810941523214}",0.1,"uniform without replacement over the 50 unranked eligible inputs, seed=20261001, fold=inner_2; drawn independently of relevance",,EXPLORATORY_DRAW (outside the ranking)
sqret_autocorr_lag1_100,inner_2,SYNERGY,,"{""Y_s@4h"": -0.006375418371433703, ""Y_l@24h"": -0.017036515171308008, ""Y_l@48h"": -0.021707617981283775, ""Y_l@72h"": -0.0217762346358716, ""Y_l@96h"": -0.01722974599054456, ""Y_l@120h"": -0.011468937997493964, ""Y_l@144h"": -0.008855984788129729}",,,,SYNERGY_PAIR roll_kurt_ret_252*sqret_autocorr_lag1_100 on Y_l@144h: joint |rho|=0.06154 vs individual max 0.008856 (pairs among the top 40 plus 2000 seeded random pairs; noise floor 3/sqrt(n)) | SYNERGY_PAIR roll_kurt_ret_252*sqret_autocorr_lag1_100 on Y_l@120h: joint |rho|=0.05918 vs individual max 0.01147 (pairs among the top 40 plus 2000 seeded random pairs; noise floor 3/sqrt(n)) | SYNERGY_PAIR roll_kurt_ret_20*sqret_autocorr_lag1_100 on Y_l@120h: joint |rho|=0.05175 vs individual max 0.01147 (pairs among the top 40 plus 2000 seeded random pairs; noise floor 3/sqrt(n))
vol_regime_high,inner_2,DEFERRED,,"{""Y_s@4h"": 0.01265236742102028, ""Y_l@24h"": 0.038202759439942516, ""Y_l@48h"": 0.03869551162192578, ""Y_l@72h"": 0.05208621837016316, ""Y_l@96h"": 0.06256646852503943, ""Y_l@120h"": 0.0770134088297386, ""Y_l@144h"": 0.08678653029096225}",,,"re-enters on: PS5 inner-validation gain as a member of a group or pair, a later exploratory draw, a new vintage, or a change of declared target",BELOW_TOP_10_REVERSIBLE max|rho|=0.08679
vol_regime_low,inner_2,PRIORITY,,"{""Y_s@4h"": -0.01635127966181386, ""Y_l@24h"": -0.03207534628725833, ""Y_l@48h"": -0.032313959367160416, ""Y_l@72h"": -0.04429972059906099, ""Y_l@96h"": -0.05439582880855165, ""Y_l@120h"": -0.0754526392626513, ""Y_l@144h"": -0.09560131190182333}",,,,TOP_10_INDIVIDUAL max|rho|=0.0956
hurst_proxy_200,inner_2,PRIORITY,,"{""Y_s@4h"": -0.02629325453468779, ""Y_l@24h"": -0.0627248232075506, ""Y_l@48h"": -0.09220107715535418, ""Y_l@72h"": -0.1226200790527509, ""Y_l@96h"": -0.14785321506893803, ""Y_l@120h"": -0.16429470547004058, ""Y_l@144h"": -0.17045280776297408}",,,,TOP_10_INDIVIDUAL max|rho|=0.1705
zscore_close_100,inner_2,PRIORITY,,"{""Y_s@4h"": 0.022525049709412225, ""Y_l@24h"": 0.04801474029950231, ""Y_l@48h"": 0.07871232644165664, ""Y_l@72h"": 0.0874372630397521, ""Y_l@96h"": 0.09282010300304487, ""Y_l@120h"": 0.09974439686773814, ""Y_l@144h"": 0.10443012394986471}",,,,TOP_10_INDIVIDUAL max|rho|=0.1044
return_1,inner_3,DEFERRED,R0,"{""Y_s@4h"": -0.056670544224295946, ""Y_l@24h"": -0.013287083776363697, ""Y_l@48h"": 0.0072570202641169205, ""Y_l@72h"": 0.015752164468337767, ""Y_l@96h"": 0.011771149254207596, ""Y_l@120h"": 0.013201916810025154, ""Y_l@144h"": 0.016271194942600285}",,,"re-enters on: PS5 inner-validation gain as a member of a group or pair, a later exploratory draw, a new vintage, or a change of declared target","REDUNDANCY_GROUP R0 (|r|>=0.95): return_1,log_return_1,statistical__log_return_1 | BELOW_TOP_10_REVERSIBLE max|rho|=0.05667"
log_return_1,inner_3,DEFERRED,R0,"{""Y_s@4h"": -0.056670544224295946, ""Y_l@24h"": -0.013287083776363697, ""Y_l@48h"": 0.0072570202641169205, ""Y_l@72h"": 0.015752164468337767, ""Y_l@96h"": 0.011771149254207596, ""Y_l@120h"": 0.013201916810025154, ""Y_l@144h"": 0.016271194942600285}",,,"re-enters on: PS5 inner-validation gain as a member of a group or pair, a later exploratory draw, a new vintage, or a change of declared target","REDUNDANCY_GROUP R0 (|r|>=0.95): return_1,log_return_1,statistical__log_return_1 | BELOW_TOP_10_REVERSIBLE max|rho|=0.05667"
return_5,inner_3,REPRESENTATIVE,R1,"{""Y_s@4h"": 0.012698788062650195, ""Y_l@24h"": -0.03499668616710871, ""Y_l@48h"": 0.008924677340714797, ""Y_l@72h"": 0.02015803996012168, ""Y_l@96h"": 0.008572543025632347, ""Y_l@120h"": 0.01503379658627785, ""Y_l@144h"": 0.026188681741537486}",,,,"REDUNDANCY_GROUP R1 (|r|>=0.95): return_5,log_return_5 | BEST_SCORED_MEMBER_OF R1"
log_return_5,inner_3,DEFERRED,R1,"{""Y_s@4h"": 0.012698788062650195, ""Y_l@24h"": -0.03499668616710871, ""Y_l@48h"": 0.008924677340714797, ""Y_l@72h"": 0.02015803996012168, ""Y_l@96h"": 0.008572543025632347, ""Y_l@120h"": 0.01503379658627785, ""Y_l@144h"": 0.026188681741537486}",,,"re-enters on: PS5 inner-validation gain as a member of a group or pair, a later exploratory draw, a new vintage, or a change of declared target","REDUNDANCY_GROUP R1 (|r|>=0.95): return_5,log_return_5 | BELOW_TOP_10_REVERSIBLE max|rho|=0.035"
return_10,inner_3,DEFERRED,R2,"{""Y_s@4h"": -8.075305838475318e-06, ""Y_l@24h"": 0.001325080597221154, ""Y_l@48h"": 0.031753384275488995, ""Y_l@72h"": 0.023514523253631226, ""Y_l@96h"": 0.017354175425175953, ""Y_l@120h"": 0.030831141378243138, ""Y_l@144h"": 0.04218045659817369}",,,"re-enters on: PS5 inner-validation gain as a member of a group or pair, a later exploratory draw, a new vintage, or a change of declared target","REDUNDANCY_GROUP R2 (|r|>=0.95): return_10,log_return_10,roc_10 | BELOW_TOP_10_REVERSIBLE max|rho|=0.04218"
log_return_10,inner_3,DEFERRED,R2,"{""Y_s@4h"": -8.075305838475318e-06, ""Y_l@24h"": 0.001325080597221154, ""Y_l@48h"": 0.031753384275488995, ""Y_l@72h"": 0.023514523253631226, ""Y_l@96h"": 0.017354175425175953, ""Y_l@120h"": 0.030831141378243138, ""Y_l@144h"": 0.04218045659817369}",,,"re-enters on: PS5 inner-validation gain as a member of a group or pair, a later exploratory draw, a new vintage, or a change of declared target","REDUNDANCY_GROUP R2 (|r|>=0.95): return_10,log_return_10,roc_10 | BELOW_TOP_10_REVERSIBLE max|rho|=0.04218"
return_20,inner_3,DEFERRED,R3,"{""Y_s@4h"": 0.012156939343691045, ""Y_l@24h"": 0.007849487011052772, ""Y_l@48h"": 0.02719406613553449, ""Y_l@72h"": 0.029190985762666547, ""Y_l@96h"": 0.032880822755451136, ""Y_l@120h"": 0.04123679511291902, ""Y_l@144h"": 0.03806180897042841}",,,"re-enters on: PS5 inner-validation gain as a member of a group or pair, a later exploratory draw, a new vintage, or a change of declared target","REDUNDANCY_GROUP R3 (|r|>=0.95): return_20,log_return_20,roc_20,roll_mean_ret_20 | BELOW_TOP_10_REVERSIBLE max|rho|=0.04124"
log_return_20,inner_3,EXPLORATORY,R3,"{""Y_s@4h"": 0.012156939343691045, ""Y_l@24h"": 0.007849487011052772, ""Y_l@48h"": 0.02719406613553449, ""Y_l@72h"": 0.029190985762666547, ""Y_l@96h"": 0.032880822755451136, ""Y_l@120h"": 0.04123679511291902, ""Y_l@144h"": 0.03806180897042841}",0.09259259259259259,"uniform without replacement over the 54 unranked eligible inputs, seed=20261001, fold=inner_3; drawn independently of relevance",,"REDUNDANCY_GROUP R3 (|r|>=0.95): return_20,log_return_20,roc_20,roll_mean_ret_20 | EXPLORATORY_DRAW (outside the ranking)"
return_60,inner_3,DEFERRED,R4,"{""Y_s@4h"": 0.02079455143754591, ""Y_l@24h"": 0.04330108010069101, ""Y_l@48h"": 0.06434355295553655, ""Y_l@72h"": 0.06561589702133443, ""Y_l@96h"": 0.06342019085536824, ""Y_l@120h"": 0.06199827745858135, ""Y_l@144h"": 0.06400103139613683}",,,"re-enters on: PS5 inner-validation gain as a member of a group or pair, a later exploratory draw, a new vintage, or a change of declared target","REDUNDANCY_GROUP R4 (|r|>=0.95): return_60,log_return_60,roc_60,roll_mean_ret_60 | BELOW_TOP_10_REVERSIBLE max|rho|=0.06562"
log_return_60,inner_3,DEFERRED,R4,"{""Y_s@4h"": 0.02079455143754591, ""Y_l@24h"": 0.04330108010069101, ""Y_l@48h"": 0.06434355295553655, ""Y_l@72h"": 0.06561589702133443, ""Y_l@96h"": 0.06342019085536824, ""Y_l@120h"": 0.06199827745858135, ""Y_l@144h"": 0.06400103139613683}",,,"re-enters on: PS5 inner-validation gain as a member of a group or pair, a later exploratory draw, a new vintage, or a change of declared target","REDUNDANCY_GROUP R4 (|r|>=0.95): return_60,log_return_60,roc_60,roll_mean_ret_60 | BELOW_TOP_10_REVERSIBLE max|rho|=0.06562"
sma_10,inner_3,DEFERRED,R5,"{""Y_s@4h"": -0.0013920021926985308, ""Y_l@24h"": -0.011616740956790734, ""Y_l@48h"": -0.027824876008386935, ""Y_l@72h"": -0.03362315338205461, ""Y_l@96h"": -0.039753054992217436, ""Y_l@120h"": -0.04739377186694723, ""Y_l@144h"": -0.058120305327203005}",,,"re-enters on: PS5 inner-validation gain as a member of a group or pair, a later exploratory draw, a new vintage, or a change of declared target","REDUNDANCY_GROUP R5 (|r|>=0.95): sma_10,ema_10,sma_20,ema_20,sma_50,ema_50,sma_100,ema_100,sma_200,ema_200,bb_upper,bb_middle,bb_lower,vwap_60 | BELOW_TOP_10_REVERSIBLE max|rho|=0.05812"
ema_10,inner_3,DEFERRED,R5,"{""Y_s@4h"": -0.0018237908383384649, ""Y_l@24h"": -0.012237584201810583, ""Y_l@48h"": -0.028097598739674743, ""Y_l@72h"": -0.0338814624119379, ""Y_l@96h"": -0.040123475365773695, ""Y_l@120h"": -0.04773285280082953, ""Y_l@144h"": -0.0582762834067866}",,,"re-enters on: PS5 inner-validation gain as a member of a group or pair, a later exploratory draw, a new vintage, or a change of declared target","REDUNDANCY_GROUP R5 (|r|>=0.95): sma_10,ema_10,sma_20,ema_20,sma_50,ema_50,sma_100,ema_100,sma_200,ema_200,bb_upper,bb_middle,bb_lower,vwap_60 | BELOW_TOP_10_REVERSIBLE max|rho|=0.05828"
close_sma_ratio_10,inner_3,DEFERRED,,"{""Y_s@4h"": -0.022359675376864757, ""Y_l@24h"": -0.026353187054927226, ""Y_l@48h"": 0.017648418796181703, ""Y_l@72h"": 0.021185077072451975, ""Y_l@96h"": 0.009521268432492238, ""Y_l@120h"": 0.018362750901183566, ""Y_l@144h"": 0.029336103299585834}",,,"re-enters on: PS5 inner-validation gain as a member of a group or pair, a later exploratory draw, a new vintage, or a change of declared target",BELOW_TOP_10_REVERSIBLE max|rho|=0.02934
sma_20,inner_3,DEFERRED,R5,"{""Y_s@4h"": -0.0017294893795149501, ""Y_l@24h"": -0.012028386734058379, ""Y_l@48h"": -0.02851039161306213, ""Y_l@72h"": -0.03409376519079295, ""Y_l@96h"": -0.04053977219561653, ""Y_l@120h"": -0.048420908728351225, ""Y_l@144h"": -0.05894085099062624}",,,"re-enters on: PS5 inner-validation gain as a member of a group or pair, a later exploratory draw, a new vintage, or a change of declared target","REDUNDANCY_GROUP R5 (|r|>=0.95): sma_10,ema_10,sma_20,ema_20,sma_50,ema_50,sma_100,ema_100,sma_200,ema_200,bb_upper,bb_middle,bb_lower,vwap_60 | BELOW_TOP_10_REVERSIBLE max|rho|=0.05894"
ema_20,inner_3,EXPLORATORY,R5,"{""Y_s@4h"": -0.0019852724765270684, ""Y_l@24h"": -0.012522535179746143, ""Y_l@48h"": -0.029008623981028162, ""Y_l@72h"": -0.03465834858847972, ""Y_l@96h"": -0.04088342083236951, ""Y_l@120h"": -0.04838528850755652, ""Y_l@144h"": -0.058914873994351746}",0.09259259259259259,"uniform without replacement over the 54 unranked eligible inputs, seed=20261001, fold=inner_3; drawn independently of relevance",,"REDUNDANCY_GROUP R5 (|r|>=0.95): sma_10,ema_10,sma_20,ema_20,sma_50,ema_50,sma_100,ema_100,sma_200,ema_200,bb_upper,bb_middle,bb_lower,vwap_60 | EXPLORATORY_DRAW (outside the ranking)"
close_sma_ratio_20,inner_3,DEFERRED,,"{""Y_s@4h"": 0.006577704844056646, ""Y_l@24h"": 0.008796455748705974, ""Y_l@48h"": 0.03314137721189586, ""Y_l@72h"": 0.02906887100730574, ""Y_l@96h"": 0.02654531125841087, ""Y_l@120h"": 0.040081892640154305, ""Y_l@144h"": 0.047878351834369164}",,,"re-enters on: PS5 inner-validation gain as a member of a group or pair, a later exploratory draw, a new vintage, or a change of declared target",BELOW_TOP_10_REVERSIBLE max|rho|=0.04788
sma_50,inner_3,DEFERRED,R5,"{""Y_s@4h"": -0.0026517520467876712, ""Y_l@24h"": -0.013768178002138115, ""Y_l@48h"": -0.030915901353658144, ""Y_l@72h"": -0.03630904281373293, ""Y_l@96h"": -0.042577470234403315, ""Y_l@120h"": -0.049989303392390015, ""Y_l@144h"": -0.06018188734259601}",,,"re-enters on: PS5 inner-validation gain as a member of a group or pair, a later exploratory draw, a new vintage, or a change of declared target","REDUNDANCY_GROUP R5 (|r|>=0.95): sma_10,ema_10,sma_20,ema_20,sma_50,ema_50,sma_100,ema_100,sma_200,ema_200,bb_upper,bb_middle,bb_lower,vwap_60 | BELOW_TOP_10_REVERSIBLE max|rho|=0.06018"
ema_50,inner_3,DEFERRED,R5,"{""Y_s@4h"": -0.0025443644210511344, ""Y_l@24h"": -0.013608046442880148, ""Y_l@48h"": -0.03089542565146409, ""Y_l@72h"": -0.036462150733250306, ""Y_l@96h"": -0.04274353798041645, ""Y_l@120h"": -0.050195139786720376, ""Y_l@144h"": -0.06056585625195201}",,,"re-enters on: PS5 inner-validation gain as a member of a group or pair, a later exploratory draw, a new vintage, or a change of declared target","REDUNDANCY_GROUP R5 (|r|>=0.95): sma_10,ema_10,sma_20,ema_20,sma_50,ema_50,sma_100,ema_100,sma_200,ema_200,bb_upper,bb_middle,bb_lower,vwap_60 | BELOW_TOP_10_REVERSIBLE max|rho|=0.06057"
close_sma_ratio_50,inner_3,DEFERRED,,"{""Y_s@4h"": 0.013677287095088026, ""Y_l@24h"": 0.021626370342143108, ""Y_l@48h"": 0.04665839057151543, ""Y_l@72h"": 0.046772231009816846, ""Y_l@96h"": 0.0450631185243104, ""Y_l@120h"": 0.050652031432174095, ""Y_l@144h"": 0.05267418072336561}",,,"re-enters on: PS5 inner-validation gain as a member of a group or pair, a later exploratory draw, a new vintage, or a change of declared target",BELOW_TOP_10_REVERSIBLE max|rho|=0.05267
sma_100,inner_3,DEFERRED,R5,"{""Y_s@4h"": -0.003633495977911232, ""Y_l@24h"": -0.015726058268711093, ""Y_l@48h"": -0.0339173514682918, ""Y_l@72h"": -0.039407377431052076, ""Y_l@96h"": -0.04589212658551511, ""Y_l@120h"": -0.053127571918557985, ""Y_l@144h"": -0.06363605963691088}",,,"re-enters on: PS5 inner-validation gain as a member of a group or pair, a later exploratory draw, a new vintage, or a change of declared target","REDUNDANCY_GROUP R5 (|r|>=0.95): sma_10,ema_10,sma_20,ema_20,sma_50,ema_50,sma_100,ema_100,sma_200,ema_200,bb_upper,bb_middle,bb_lower,vwap_60 | BELOW_TOP_10_REVERSIBLE max|rho|=0.06364"
ema_100,inner_3,DEFERRED,R5,"{""Y_s@4h"": -0.003395305418508758, ""Y_l@24h"": -0.01531058382381675, ""Y_l@48h"": -0.03321936538617327, ""Y_l@72h"": -0.03875217220052665, ""Y_l@96h"": -0.0449632335601263, ""Y_l@120h"": -0.05213341011174603, ""Y_l@144h"": -0.0625460395365054}",,,"re-enters on: PS5 inner-validation gain as a member of a group or pair, a later exploratory draw, a new vintage, or a change of declared target","REDUNDANCY_GROUP R5 (|r|>=0.95): sma_10,ema_10,sma_20,ema_20,sma_50,ema_50,sma_100,ema_100,sma_200,ema_200,bb_upper,bb_middle,bb_lower,vwap_60 | BELOW_TOP_10_REVERSIBLE max|rho|=0.06255"
close_sma_ratio_100,inner_3,PRIORITY,,"{""Y_s@4h"": 0.02213728878286742, ""Y_l@24h"": 0.042902807674025475, ""Y_l@48h"": 0.07092757028013198, ""Y_l@72h"": 0.07474498931991598, ""Y_l@96h"": 0.07643240201368925, ""Y_l@120h"": 0.07879815429923817, ""Y_l@144h"": 0.08324564071989492}",,,,TOP_10_INDIVIDUAL max|rho|=0.08325
sma_200,inner_3,REPRESENTATIVE,R5,"{""Y_s@4h"": -0.005318108326361184, ""Y_l@24h"": -0.018290378379701162, ""Y_l@48h"": -0.03694239636476836, ""Y_l@72h"": -0.04235721713843931, ""Y_l@96h"": -0.048525065270542914, ""Y_l@120h"": -0.055478776233411464, ""Y_l@144h"": -0.06614309439088957}",,,,"REDUNDANCY_GROUP R5 (|r|>=0.95): sma_10,ema_10,sma_20,ema_20,sma_50,ema_50,sma_100,ema_100,sma_200,ema_200,bb_upper,bb_middle,bb_lower,vwap_60 | BEST_SCORED_MEMBER_OF R5 | CAUTION_PERSISTENT_INPUT acf1=1.0000: a Spearman screen against overlapping multi-bar return labels on a near-unit-root input can reflect regime/trend confounding; PS4 must test a differenced or ratio variant before any claim"
ema_200,inner_3,DEFERRED,R5,"{""Y_s@4h"": -0.004901525323324295, ""Y_l@24h"": -0.017606537125564196, ""Y_l@48h"": -0.035929445885907484, ""Y_l@72h"": -0.04115091615859298, ""Y_l@96h"": -0.047155996522648264, ""Y_l@120h"": -0.054263178431317845, ""Y_l@144h"": -0.06476658568768522}",,,"re-enters on: PS5 inner-validation gain as a member of a group or pair, a later exploratory draw, a new vintage, or a change of declared target","REDUNDANCY_GROUP R5 (|r|>=0.95): sma_10,ema_10,sma_20,ema_20,sma_50,ema_50,sma_100,ema_100,sma_200,ema_200,bb_upper,bb_middle,bb_lower,vwap_60 | BELOW_TOP_10_REVERSIBLE max|rho|=0.06477"
close_sma_ratio_200,inner_3,PRIORITY,,"{""Y_s@4h"": 0.02715751837295675, ""Y_l@24h"": 0.05201761332602307, ""Y_l@48h"": 0.07795514980506726, ""Y_l@72h"": 0.0844842109088521, ""Y_l@96h"": 0.08668283534845371, ""Y_l@120h"": 0.08772143928555447, ""Y_l@144h"": 0.09431113284246803}",,,,TOP_10_INDIVIDUAL max|rho|=0.09431 | CAUTION_PERSISTENT_INPUT acf1=0.9935: a Spearman screen against overlapping multi-bar return labels on a near-unit-root input can reflect regime/trend confounding; PS4 must test a differenced or ratio variant before any claim
macd,inner_3,REPRESENTATIVE,R6,"{""Y_s@4h"": 0.01091046844770148, ""Y_l@24h"": 0.011735198610026733, ""Y_l@48h"": 0.027015037490202023, ""Y_l@72h"": 0.032176337427338664, ""Y_l@96h"": 0.03840421169539884, ""Y_l@120h"": 0.04268215524183524, ""Y_l@144h"": 0.039715217238414265}",,,,"REDUNDANCY_GROUP R6 (|r|>=0.95): macd,macd_signal | BEST_SCORED_MEMBER_OF R6 | CAUTION_PERSISTENT_INPUT acf1=0.9936: a Spearman screen against overlapping multi-bar return labels on a near-unit-root input can reflect regime/trend confounding; PS4 must test a differenced or ratio variant before any claim"
macd_signal,inner_3,DEFERRED,R6,"{""Y_s@4h"": 0.015323387479744419, ""Y_l@24h"": 0.0184679776940352, ""Y_l@48h"": 0.032703926803194894, ""Y_l@72h"": 0.03800416376307152, ""Y_l@96h"": 0.04155424688091534, ""Y_l@120h"": 0.0415350704421521, ""Y_l@144h"": 0.033943259221726814}",,,"re-enters on: PS5 inner-validation gain as a member of a group or pair, a later exploratory draw, a new vintage, or a change of declared target","REDUNDANCY_GROUP R6 (|r|>=0.95): macd,macd_signal | BELOW_TOP_10_REVERSIBLE max|rho|=0.04155"
macd_hist,inner_3,DEFERRED,,"{""Y_s@4h"": -0.007950677969936235, ""Y_l@24h"": -0.017264208675051743, ""Y_l@48h"": 0.005410628461017185, ""Y_l@72h"": 0.00441517337768916, ""Y_l@96h"": 0.004342168342162039, ""Y_l@120h"": 0.015442285462199277, ""Y_l@144h"": 0.020913488236430848}",,,"re-enters on: PS5 inner-validation gain as a member of a group or pair, a later exploratory draw, a new vintage, or a change of declared target",BELOW_TOP_10_REVERSIBLE max|rho|=0.02091
rsi_7,inner_3,REPRESENTATIVE,R7,"{""Y_s@4h"": -0.006106497548638432, ""Y_l@24h"": 0.001262081070335818, ""Y_l@48h"": 0.03847348197561327, ""Y_l@72h"": 0.04096005162622874, ""Y_l@96h"": 0.03330626929855587, ""Y_l@120h"": 0.042487580544517504, ""Y_l@144h"": 0.049905585669147136}",,,,"REDUNDANCY_GROUP R7 (|r|>=0.95): rsi_7,bb_pct_b | BEST_SCORED_MEMBER_OF R7"
rsi_14,inner_3,DEFERRED,R8,"{""Y_s@4h"": 0.007725251607206458, ""Y_l@24h"": 0.016742218764070935, ""Y_l@48h"": 0.04893818953436363, ""Y_l@72h"": 0.050574615152388064, ""Y_l@96h"": 0.0468265508872698, ""Y_l@120h"": 0.05614369347344938, ""Y_l@144h"": 0.06079955025113272}",,,"re-enters on: PS5 inner-validation gain as a member of a group or pair, a later exploratory draw, a new vintage, or a change of declared target","REDUNDANCY_GROUP R8 (|r|>=0.95): rsi_14,rsi_21 | BELOW_TOP_10_REVERSIBLE max|rho|=0.0608"
rsi_21,inner_3,REPRESENTATIVE,R8,"{""Y_s@4h"": 0.01363155553922385, ""Y_l@24h"": 0.02574393802238495, ""Y_l@48h"": 0.05709394304486774, ""Y_l@72h"": 0.05925849778160046, ""Y_l@96h"": 0.057691362627783245, ""Y_l@120h"": 0.06611335320456137, ""Y_l@144h"": 0.06966130052345432}",,,,"REDUNDANCY_GROUP R8 (|r|>=0.95): rsi_14,rsi_21 | BEST_SCORED_MEMBER_OF R8"
stoch_k,inner_3,DEFERRED,R9,"{""Y_s@4h"": -0.007570609109945241, ""Y_l@24h"": 0.00596531212244889, ""Y_l@48h"": 0.029741854897317076, ""Y_l@72h"": 0.027157466124809175, ""Y_l@96h"": 0.021160599990666933, ""Y_l@120h"": 0.03278434475833463, ""Y_l@144h"": 0.04324136918136161}",,,"re-enters on: PS5 inner-validation gain as a member of a group or pair, a later exploratory draw, a new vintage, or a change of declared target","REDUNDANCY_GROUP R9 (|r|>=0.95): stoch_k,williams_r_14 | BELOW_TOP_10_REVERSIBLE max|rho|=0.04324"
stoch_d,inner_3,DEFERRED,,"{""Y_s@4h"": 0.005775025880850039, ""Y_l@24h"": 0.003037117981757986, ""Y_l@48h"": 0.027241640483363715, ""Y_l@72h"": 0.024153371037983744, ""Y_l@96h"": 0.021075389354739717, ""Y_l@120h"": 0.03364467206827387, ""Y_l@144h"": 0.04340300934187638}",,,"re-enters on: PS5 inner-validation gain as a member of a group or pair, a later exploratory draw, a new vintage, or a change of declared target",BELOW_TOP_10_REVERSIBLE max|rho|=0.0434
williams_r_14,inner_3,REPRESENTATIVE,R9,"{""Y_s@4h"": -0.007570648286494344, ""Y_l@24h"": 0.005965295267419811, ""Y_l@48h"": 0.029741871320319753, ""Y_l@72h"": 0.02715747132341114, ""Y_l@96h"": 0.021160601515629058, ""Y_l@120h"": 0.03278435209035939, ""Y_l@144h"": 0.04324138264765954}",,,,"REDUNDANCY_GROUP R9 (|r|>=0.95): stoch_k,williams_r_14 | BEST_SCORED_MEMBER_OF R9"
cci_14,inner_3,DEFERRED,,"{""Y_s@4h"": 0.008777608203665254, ""Y_l@24h"": -0.004571595885869425, ""Y_l@48h"": 0.024633304314831614, ""Y_l@72h"": 0.023527623601942774, ""Y_l@96h"": 0.016800464989486393, ""Y_l@120h"": 0.0261629829138013, ""Y_l@144h"": 0.038339170290681936}",,,"re-enters on: PS5 inner-validation gain as a member of a group or pair, a later exploratory draw, a new vintage, or a change of declared target",BELOW_TOP_10_REVERSIBLE max|rho|=0.03834
roc_10,inner_3,REPRESENTATIVE,R2,"{""Y_s@4h"": -8.075305838475318e-06, ""Y_l@24h"": 0.001325080597221154, ""Y_l@48h"": 0.031753384275488995, ""Y_l@72h"": 0.023514523253631226, ""Y_l@96h"": 0.017354175425175953, ""Y_l@120h"": 0.030831141378243138, ""Y_l@144h"": 0.04218045659817369}",,,,"REDUNDANCY_GROUP R2 (|r|>=0.95): return_10,log_return_10,roc_10 | BEST_SCORED_MEMBER_OF R2"
roc_20,inner_3,DEFERRED,R3,"{""Y_s@4h"": 0.012156939343691045, ""Y_l@24h"": 0.007849487011052772, ""Y_l@48h"": 0.02719406613553449, ""Y_l@72h"": 0.029190985762666547, ""Y_l@96h"": 0.032880822755451136, ""Y_l@120h"": 0.04123679511291902, ""Y_l@144h"": 0.03806180897042841}",,,"re-enters on: PS5 inner-validation gain as a member of a group or pair, a later exploratory draw, a new vintage, or a change of declared target","REDUNDANCY_GROUP R3 (|r|>=0.95): return_20,log_return_20,roc_20,roll_mean_ret_20 | BELOW_TOP_10_REVERSIBLE max|rho|=0.04124"
roc_60,inner_3,REPRESENTATIVE,R4,"{""Y_s@4h"": 0.02079455143754591, ""Y_l@24h"": 0.04330108010069101, ""Y_l@48h"": 0.06434355295553655, ""Y_l@72h"": 0.06561589702133443, ""Y_l@96h"": 0.06342019085536824, ""Y_l@120h"": 0.06199827745858135, ""Y_l@144h"": 0.06400103139613683}",,,,"REDUNDANCY_GROUP R4 (|r|>=0.95): return_60,log_return_60,roc_60,roll_mean_ret_60 | BEST_SCORED_MEMBER_OF R4"
mom_10,inner_3,DEFERRED,,"{""Y_s@4h"": -0.006457839663029338, ""Y_l@24h"": -0.0015256826147996597, ""Y_l@48h"": 0.01653185715518115, ""Y_l@72h"": 0.011825013959140504, ""Y_l@96h"": 0.009305654893922398, ""Y_l@120h"": 0.021881571537355392, ""Y_l@144h"": 0.033573772636757655}",,,"re-enters on: PS5 inner-validation gain as a member of a group or pair, a later exploratory draw, a new vintage, or a change of declared target",BELOW_TOP_10_REVERSIBLE max|rho|=0.03357
mom_20,inner_3,DEFERRED,,"{""Y_s@4h"": 0.008451619596228907, ""Y_l@24h"": 0.00014919799489119688, ""Y_l@48h"": 0.013928346297652407, ""Y_l@72h"": 0.015342193534771956, ""Y_l@96h"": 0.019447977702371878, ""Y_l@120h"": 0.023944868410923834, ""Y_l@144h"": 0.02197579385105013}",,,"re-enters on: PS5 inner-validation gain as a member of a group or pair, a later exploratory draw, a new vintage, or a change of declared target",BELOW_TOP_10_REVERSIBLE max|rho|=0.02394
bb_upper,inner_3,DEFERRED,R5,"{""Y_s@4h"": -0.0016205968380599864, ""Y_l@24h"": -0.012000857348141901, ""Y_l@48h"": -0.029393056815908192, ""Y_l@72h"": -0.035120360319550535, ""Y_l@96h"": -0.04111027198646091, ""Y_l@120h"": -0.048428274274241054, ""Y_l@144h"": -0.058447974687249396}",,,"re-enters on: PS5 inner-validation gain as a member of a group or pair, a later exploratory draw, a new vintage, or a change of declared target","REDUNDANCY_GROUP R5 (|r|>=0.95): sma_10,ema_10,sma_20,ema_20,sma_50,ema_50,sma_100,ema_100,sma_200,ema_200,bb_upper,bb_middle,bb_lower,vwap_60 | BELOW_TOP_10_REVERSIBLE max|rho|=0.05845"
bb_middle,inner_3,DEFERRED,R5,"{""Y_s@4h"": -0.0017294893795149501, ""Y_l@24h"": -0.012028386734058379, ""Y_l@48h"": -0.02851039161306213, ""Y_l@72h"": -0.03409376519079295, ""Y_l@96h"": -0.04053977219561653, ""Y_l@120h"": -0.048420908728351225, ""Y_l@144h"": -0.05894085099062624}",,,"re-enters on: PS5 inner-validation gain as a member of a group or pair, a later exploratory draw, a new vintage, or a change of declared target","REDUNDANCY_GROUP R5 (|r|>=0.95): sma_10,ema_10,sma_20,ema_20,sma_50,ema_50,sma_100,ema_100,sma_200,ema_200,bb_upper,bb_middle,bb_lower,vwap_60 | BELOW_TOP_10_REVERSIBLE max|rho|=0.05894"
bb_lower,inner_3,DEFERRED,R5,"{""Y_s@4h"": -0.0017516146972786344, ""Y_l@24h"": -0.011776370094235001, ""Y_l@48h"": -0.027224731493397294, ""Y_l@72h"": -0.03242613150575019, ""Y_l@96h"": -0.0391229454118706, ""Y_l@120h"": -0.04792261363646109, ""Y_l@144h"": -0.05902377104753661}",,,"re-enters on: PS5 inner-validation gain as a member of a group or pair, a later exploratory draw, a new vintage, or a change of declared target","REDUNDANCY_GROUP R5 (|r|>=0.95): sma_10,ema_10,sma_20,ema_20,sma_50,ema_50,sma_100,ema_100,sma_200,ema_200,bb_upper,bb_middle,bb_lower,vwap_60 | BELOW_TOP_10_REVERSIBLE max|rho|=0.05902"
bb_pct_b,inner_3,DEFERRED,R7,"{""Y_s@4h"": 0.004840518499181035, ""Y_l@24h"": 0.0011779590677745123, ""Y_l@48h"": 0.028382110569710274, ""Y_l@72h"": 0.031110815352447106, ""Y_l@96h"": 0.02806709083610853, ""Y_l@120h"": 0.03924808531672039, ""Y_l@144h"": 0.0482239011002611}",,,"re-enters on: PS5 inner-validation gain as a member of a group or pair, a later exploratory draw, a new vintage, or a change of declared target","REDUNDANCY_GROUP R7 (|r|>=0.95): rsi_7,bb_pct_b | BELOW_TOP_10_REVERSIBLE max|rho|=0.04822"
bb_width,inner_3,SYNERGY,,"{""Y_s@4h"": 0.013124444715513784, ""Y_l@24h"": 0.028985531831668587, ""Y_l@48h"": 0.020970398295513625, ""Y_l@72h"": 0.01826194852208131, ""Y_l@96h"": 0.024177348697276262, ""Y_l@120h"": 0.03271700266369023, ""Y_l@144h"": 0.03296418548565767}",,,,SYNERGY_PAIR bb_width*roll_skew_ret_60 on Y_l@48h: joint |rho|=0.06906 vs individual max 0.02208 (pairs among the top 40 plus 2000 seeded random pairs; noise floor 3/sqrt(n))
atr_14,inner_3,DEFERRED,,"{""Y_s@4h"": 0.0057209653397587166, ""Y_l@24h"": 0.006263967560694404, ""Y_l@48h"": -0.009896899190812049, ""Y_l@72h"": -0.010171378783593296, ""Y_l@96h"": -0.012631690272346154, ""Y_l@120h"": -0.01597316645370157, ""Y_l@144h"": -0.024019383094505284}",,,"re-enters on: PS5 inner-validation gain as a member of a group or pair, a later exploratory draw, a new vintage, or a change of declared target",BELOW_TOP_10_REVERSIBLE max|rho|=0.02402
natr_14,inner_3,DEFERRED,,"{""Y_s@4h"": 0.020074120335029352, ""Y_l@24h"": 0.04453653375664422, ""Y_l@48h"": 0.03469145470299307, ""Y_l@72h"": 0.03966591368836393, ""Y_l@96h"": 0.04549279423514206, ""Y_l@120h"": 0.05422003492236218, ""Y_l@144h"": 0.056913141076797916}",,,"re-enters on: PS5 inner-validation gain as a member of a group or pair, a later exploratory draw, a new vintage, or a change of declared target",BELOW_TOP_10_REVERSIBLE max|rho|=0.05691
hist_vol_10,inner_3,DEFERRED,,"{""Y_s@4h"": 0.029931768482028522, ""Y_l@24h"": 0.054538831933427095, ""Y_l@48h"": 0.041885919290881396, ""Y_l@72h"": 0.049611547785098, ""Y_l@96h"": 0.05785485559308864, ""Y_l@120h"": 0.061983072186659056, ""Y_l@144h"": 0.06588102655464904}",,,"re-enters on: PS5 inner-validation gain as a member of a group or pair, a later exploratory draw, a new vintage, or a change of declared target",BELOW_TOP_10_REVERSIBLE max|rho|=0.06588
hist_vol_20,inner_3,REPRESENTATIVE,R10,"{""Y_s@4h"": 0.016108255965954287, ""Y_l@24h"": 0.040605317219524484, ""Y_l@48h"": 0.035129091892378866, ""Y_l@72h"": 0.042646408718098626, ""Y_l@96h"": 0.049407236513284894, ""Y_l@120h"": 0.05526010580547022, ""Y_l@144h"": 0.06304152021209368}",,,,"REDUNDANCY_GROUP R10 (|r|>=0.95): hist_vol_20,roll_std_ret_20 | BEST_SCORED_MEMBER_OF R10"
hist_vol_60,inner_3,PRIORITY,R11,"{""Y_s@4h"": 0.015034644640570794, ""Y_l@24h"": 0.03785743168443545, ""Y_l@48h"": 0.03983118549025012, ""Y_l@72h"": 0.05278751591116757, ""Y_l@96h"": 0.06075701687560016, ""Y_l@120h"": 0.06833929989767099, ""Y_l@144h"": 0.07088206501729888}",,,,"REDUNDANCY_GROUP R11 (|r|>=0.95): hist_vol_60,roll_std_ret_60 | TOP_10_INDIVIDUAL max|rho|=0.07088 | CAUTION_PERSISTENT_INPUT acf1=0.9971: a Spearman screen against overlapping multi-bar return labels on a near-unit-root input can reflect regime/trend confounding; PS4 must test a differenced or ratio variant before any claim"
ema_cross_10_50,inner_3,DEFERRED,,"{""Y_s@4h"": 0.022017797232390744, ""Y_l@24h"": 0.03385712230767697, ""Y_l@48h"": 0.05353789994642481, ""Y_l@72h"": 0.05641049654664651, ""Y_l@96h"": 0.05999009063867602, ""Y_l@120h"": 0.06321441298987604, ""Y_l@144h"": 0.06340482202934392}",,,"re-enters on: PS5 inner-validation gain as a member of a group or pair, a later exploratory draw, a new vintage, or a change of declared target",BELOW_TOP_10_REVERSIBLE max|rho|=0.0634
ema_cross_20_100,inner_3,PRIORITY,,"{""Y_s@4h"": 0.029635388788401634, ""Y_l@24h"": 0.05088484150821575, ""Y_l@48h"": 0.07087014345656557, ""Y_l@72h"": 0.07566842732977556, ""Y_l@96h"": 0.07891099204723931, ""Y_l@120h"": 0.07768168810514965, ""Y_l@144h"": 0.08173129470459475}",,,,TOP_10_INDIVIDUAL max|rho|=0.08173 | CAUTION_PERSISTENT_INPUT acf1=0.9986: a Spearman screen against overlapping multi-bar return labels on a near-unit-root input can reflect regime/trend confounding; PS4 must test a differenced or ratio variant before any claim
trend_slope_50,inner_3,DEFERRED,,"{""Y_s@4h"": 0.017560594744881423, ""Y_l@24h"": 0.03253622395455317, ""Y_l@48h"": 0.05252509939433315, ""Y_l@72h"": 0.05447026574275001, ""Y_l@96h"": 0.054727894317443536, ""Y_l@120h"": 0.05248213015835709, ""Y_l@144h"": 0.05130265037316693}",,,"re-enters on: PS5 inner-validation gain as a member of a group or pair, a later exploratory draw, a new vintage, or a change of declared target",BELOW_TOP_10_REVERSIBLE max|rho|=0.05473
trend_strength_50,inner_3,SYNERGY,,"{""Y_s@4h"": 0.0038807793617227837, ""Y_l@24h"": 0.002395549513315556, ""Y_l@48h"": 0.002665429920729025, ""Y_l@72h"": 0.010242003606853747, ""Y_l@96h"": 0.014242344753177334, ""Y_l@120h"": 0.02461140882442506, ""Y_l@144h"": 0.03175456770058226}",,,,SYNERGY_PAIR trend_strength_50*roll_kurt_ret_252 on Y_l@144h: joint |rho|=0.09728 vs individual max 0.03175 (pairs among the top 40 plus 2000 seeded random pairs; noise floor 3/sqrt(n)) | SYNERGY_PAIR trend_strength_50*roll_kurt_ret_252 on Y_l@120h: joint |rho|=0.07894 vs individual max 0.02461 (pairs among the top 40 plus 2000 seeded random pairs; noise floor 3/sqrt(n)) | SYNERGY_PAIR trend_strength_50*roll_kurt_ret_252 on Y_l@96h: joint |rho|=0.06371 vs individual max 0.01586 (pairs among the top 40 plus 2000 seeded random pairs; noise floor 3/sqrt(n))
obv,inner_3,SYNERGY,,"{""Y_s@4h"": 0.0030489505041195425, ""Y_l@24h"": 0.002476804849180145, ""Y_l@48h"": -0.0027440485764283432, ""Y_l@72h"": -0.0011431089780206726, ""Y_l@96h"": -0.002922651480432109, ""Y_l@120h"": -0.005862243359285773, ""Y_l@144h"": -0.011158921551910289}",,,,SYNERGY_PAIR obv*autocorr_lag5_100 on Y_l@144h: joint |rho|=0.0947 vs individual max 0.04898 (pairs among the top 40 plus 2000 seeded random pairs; noise floor 3/sqrt(n)) | CAUTION_PERSISTENT_INPUT acf1=0.9999: a Spearman screen against overlapping multi-bar return labels on a near-unit-root input can reflect regime/trend confounding; PS4 must test a differenced or ratio variant before any claim
obv_delta_20,inner_3,DEFERRED,,"{""Y_s@4h"": 0.0134963171394182, ""Y_l@24h"": 0.02039841846253024, ""Y_l@48h"": 0.042386409593626335, ""Y_l@72h"": 0.03580059801364558, ""Y_l@96h"": 0.030930907932127355, ""Y_l@120h"": 0.03606648364425635, ""Y_l@144h"": 0.034507933151468495}",,,"re-enters on: PS5 inner-validation gain as a member of a group or pair, a later exploratory draw, a new vintage, or a change of declared target",BELOW_TOP_10_REVERSIBLE max|rho|=0.04239
volume_sma_10,inner_3,PRIORITY,,"{""Y_s@4h"": 0.024183747318349193, ""Y_l@24h"": 0.04874958543148006, ""Y_l@48h"": 0.05936049421174645, ""Y_l@72h"": 0.0678915323016603, ""Y_l@96h"": 0.0726722777980532, ""Y_l@120h"": 0.08461708077874013, ""Y_l@144h"": 0.09228253928446546}",,,,TOP_10_INDIVIDUAL max|rho|=0.09228 | CAUTION_PERSISTENT_INPUT acf1=0.9923: a Spearman screen against overlapping multi-bar return labels on a near-unit-root input can reflect regime/trend confounding; PS4 must test a differenced or ratio variant before any claim
volume_sma_20,inner_3,PRIORITY,,"{""Y_s@4h"": 0.02133218524934699, ""Y_l@24h"": 0.0423285542409639, ""Y_l@48h"": 0.05098592286927484, ""Y_l@72h"": 0.058914322731673054, ""Y_l@96h"": 0.06602031506955451, ""Y_l@120h"": 0.07867360089806265, ""Y_l@144h"": 0.08870719580438913}",,,,TOP_10_INDIVIDUAL max|rho|=0.08871 | CAUTION_PERSISTENT_INPUT acf1=0.9976: a Spearman screen against overlapping multi-bar return labels on a near-unit-root input can reflect regime/trend confounding; PS4 must test a differenced or ratio variant before any claim
volume_ratio_20,inner_3,DEFERRED,,"{""Y_s@4h"": 0.010087169894948459, ""Y_l@24h"": 0.032728339842650514, ""Y_l@48h"": 0.029721163507006956, ""Y_l@72h"": 0.02979822701308889, ""Y_l@96h"": 0.03300458543673534, ""Y_l@120h"": 0.026524660507678377, ""Y_l@144h"": 0.031302559548452784}",,,"re-enters on: PS5 inner-validation gain as a member of a group or pair, a later exploratory draw, a new vintage, or a change of declared target",BELOW_TOP_10_REVERSIBLE max|rho|=0.033
vwap_60,inner_3,EXPLORATORY,R5,"{""Y_s@4h"": -0.002154431329407764, ""Y_l@24h"": -0.012816983778387405, ""Y_l@48h"": -0.02970397907374441, ""Y_l@72h"": -0.035351872059577724, ""Y_l@96h"": -0.04176758762316738, ""Y_l@120h"": -0.049390320429313614, ""Y_l@144h"": -0.05988949552271692}",0.09259259259259259,"uniform without replacement over the 54 unranked eligible inputs, seed=20261001, fold=inner_3; drawn independently of relevance",,"REDUNDANCY_GROUP R5 (|r|>=0.95): sma_10,ema_10,sma_20,ema_20,sma_50,ema_50,sma_100,ema_100,sma_200,ema_200,bb_upper,bb_middle,bb_lower,vwap_60 | EXPLORATORY_DRAW (outside the ranking)"
mfi_14,inner_3,DEFERRED,,"{""Y_s@4h"": 0.01093929791971342, ""Y_l@24h"": 0.0030154113939201773, ""Y_l@48h"": 0.03398348484818553, ""Y_l@72h"": 0.03338303718185184, ""Y_l@96h"": 0.028024438227802494, ""Y_l@120h"": 0.04078864100380899, ""Y_l@144h"": 0.044326651000710905}",,,"re-enters on: PS5 inner-validation gain as a member of a group or pair, a later exploratory draw, a new vintage, or a change of declared target",BELOW_TOP_10_REVERSIBLE max|rho|=0.04433
statistical__log_return_1,inner_3,REPRESENTATIVE,R0,"{""Y_s@4h"": -0.056670544224295946, ""Y_l@24h"": -0.013287083776363697, ""Y_l@48h"": 0.0072570202641169205, ""Y_l@72h"": 0.015752164468337767, ""Y_l@96h"": 0.011771149254207596, ""Y_l@120h"": 0.013201916810025154, ""Y_l@144h"": 0.016271194942600285}",,,,"REDUNDANCY_GROUP R0 (|r|>=0.95): return_1,log_return_1,statistical__log_return_1 | BEST_SCORED_MEMBER_OF R0"
roll_mean_ret_20,inner_3,REPRESENTATIVE,R3,"{""Y_s@4h"": 0.012156939343691045, ""Y_l@24h"": 0.007849487011052772, ""Y_l@48h"": 0.02719406613553449, ""Y_l@72h"": 0.029190985762666547, ""Y_l@96h"": 0.032880822755451136, ""Y_l@120h"": 0.04123679511291902, ""Y_l@144h"": 0.03806180897042841}",,,,"REDUNDANCY_GROUP R3 (|r|>=0.95): return_20,log_return_20,roc_20,roll_mean_ret_20 | BEST_SCORED_MEMBER_OF R3"
roll_std_ret_20,inner_3,DEFERRED,R10,"{""Y_s@4h"": 0.016108192330145966, ""Y_l@24h"": 0.04060525608649196, ""Y_l@48h"": 0.03512900929907056, ""Y_l@72h"": 0.042646344605818766, ""Y_l@96h"": 0.04940718524560004, ""Y_l@120h"": 0.05526007322335991, ""Y_l@144h"": 0.06304150375663943}",,,"re-enters on: PS5 inner-validation gain as a member of a group or pair, a later exploratory draw, a new vintage, or a change of declared target","REDUNDANCY_GROUP R10 (|r|>=0.95): hist_vol_20,roll_std_ret_20 | BELOW_TOP_10_REVERSIBLE max|rho|=0.06304"
roll_skew_ret_20,inner_3,SYNERGY,,"{""Y_s@4h"": 0.016600310644645778, ""Y_l@24h"": -0.01280836350024502, ""Y_l@48h"": -0.020152285783447917, ""Y_l@72h"": -0.02475814003926408, ""Y_l@96h"": -0.020273882562364957, ""Y_l@120h"": -0.0049545428549753155, ""Y_l@144h"": 0.0017596795888038367}",,,,SYNERGY_PAIR roll_skew_ret_20*roll_kurt_ret_252 on Y_l@120h: joint |rho|=0.0655 vs individual max 0.01891 (pairs among the top 40 plus 2000 seeded random pairs; noise floor 3/sqrt(n))
roll_kurt_ret_20,inner_3,DEFERRED,,"{""Y_s@4h"": -0.0025618066130453964, ""Y_l@24h"": 0.0001932299808772575, ""Y_l@48h"": 0.0002939606242757507, ""Y_l@72h"": 0.00015911627781289408, ""Y_l@96h"": -0.0006284510406211699, ""Y_l@120h"": 0.0001977566684819727, ""Y_l@144h"": 0.005410056083926454}",,,"re-enters on: PS5 inner-validation gain as a member of a group or pair, a later exploratory draw, a new vintage, or a change of declared target",BELOW_TOP_10_REVERSIBLE max|rho|=0.00541
roll_mean_ret_60,inner_3,DEFERRED,R4,"{""Y_s@4h"": 0.020794547529869704, ""Y_l@24h"": 0.04330105154438573, ""Y_l@48h"": 0.06434351623292363, ""Y_l@72h"": 0.06561586379286126, ""Y_l@96h"": 0.06342018042999618, ""Y_l@120h"": 0.06199829013801542, ""Y_l@144h"": 0.06400105945132584}",,,"re-enters on: PS5 inner-validation gain as a member of a group or pair, a later exploratory draw, a new vintage, or a change of declared target","REDUNDANCY_GROUP R4 (|r|>=0.95): return_60,log_return_60,roc_60,roll_mean_ret_60 | BELOW_TOP_10_REVERSIBLE max|rho|=0.06562"
roll_std_ret_60,inner_3,PRIORITY,R11,"{""Y_s@4h"": 0.015034665962057365, ""Y_l@24h"": 0.03785744598952389, ""Y_l@48h"": 0.039831210874987415, ""Y_l@72h"": 0.05278753510100732, ""Y_l@96h"": 0.06075700644633836, ""Y_l@120h"": 0.06833925410447587, ""Y_l@144h"": 0.07088205136293099}",,,,"REDUNDANCY_GROUP R11 (|r|>=0.95): hist_vol_60,roll_std_ret_60 | TOP_10_INDIVIDUAL max|rho|=0.07088 | CAUTION_PERSISTENT_INPUT acf1=0.9971: a Spearman screen against overlapping multi-bar return labels on a near-unit-root input can reflect regime/trend confounding; PS4 must test a differenced or ratio variant before any claim"
roll_skew_ret_60,inner_3,SYNERGY,,"{""Y_s@4h"": 0.009311560220795576, ""Y_l@24h"": 0.012811320096664913, ""Y_l@48h"": 0.022084406095784936, ""Y_l@72h"": 0.021801147452967948, ""Y_l@96h"": 0.0205290635383581, ""Y_l@120h"": 0.028446342862758444, ""Y_l@144h"": 0.02885983471196639}",,,,SYNERGY_PAIR bb_width*roll_skew_ret_60 on Y_l@48h: joint |rho|=0.06906 vs individual max 0.02208 (pairs among the top 40 plus 2000 seeded random pairs; noise floor 3/sqrt(n))
roll_kurt_ret_60,inner_3,DEFERRED,,"{""Y_s@4h"": -0.01388958860231804, ""Y_l@24h"": -0.023460077886695796, ""Y_l@48h"": -0.014131566050581438, ""Y_l@72h"": -0.017076485513633603, ""Y_l@96h"": -0.019207901616441043, ""Y_l@120h"": -0.023137782364511077, ""Y_l@144h"": -0.021861291131738726}",,,"re-enters on: PS5 inner-validation gain as a member of a group or pair, a later exploratory draw, a new vintage, or a change of declared target",BELOW_TOP_10_REVERSIBLE max|rho|=0.02346
roll_mean_ret_252,inner_3,DEFERRED,,"{""Y_s@4h"": 0.024016984402093437, ""Y_l@24h"": 0.04170979193481407, ""Y_l@48h"": 0.055338184476580975, ""Y_l@72h"": 0.05658565144231993, ""Y_l@96h"": 0.05242927959177859, ""Y_l@120h"": 0.051188414378861846, ""Y_l@144h"": 0.049875519567686835}",,,"re-enters on: PS5 inner-validation gain as a member of a group or pair, a later exploratory draw, a new vintage, or a change of declared target",BELOW_TOP_10_REVERSIBLE max|rho|=0.05659
roll_std_ret_252,inner_3,DEFERRED,,"{""Y_s@4h"": 0.012007783017142431, ""Y_l@24h"": 0.02754657059783412, ""Y_l@48h"": 0.035975159955940174, ""Y_l@72h"": 0.04556693309683862, ""Y_l@96h"": 0.05383484265732591, ""Y_l@120h"": 0.06129008859512296, ""Y_l@144h"": 0.06504416019288814}",,,"re-enters on: PS5 inner-validation gain as a member of a group or pair, a later exploratory draw, a new vintage, or a change of declared target",BELOW_TOP_10_REVERSIBLE max|rho|=0.06504
roll_skew_ret_252,inner_3,DEFERRED,,"{""Y_s@4h"": -0.0015149843286907099, ""Y_l@24h"": -0.004602608079868165, ""Y_l@48h"": -0.015384139557243095, ""Y_l@72h"": -0.02558169874258054, ""Y_l@96h"": -0.03364694614394876, ""Y_l@120h"": -0.042245792476315, ""Y_l@144h"": -0.05050814732404523}",,,"re-enters on: PS5 inner-validation gain as a member of a group or pair, a later exploratory draw, a new vintage, or a change of declared target",BELOW_TOP_10_REVERSIBLE max|rho|=0.05051
roll_kurt_ret_252,inner_3,SYNERGY,,"{""Y_s@4h"": -0.007598419192887859, ""Y_l@24h"": -0.006147529116312808, ""Y_l@48h"": 0.006210629838176613, ""Y_l@72h"": 0.012755045448900097, ""Y_l@96h"": 0.015857553568848923, ""Y_l@120h"": 0.01891139455566572, ""Y_l@144h"": 0.02700775743850958}",,,,SYNERGY_PAIR trend_strength_50*roll_kurt_ret_252 on Y_l@144h: joint |rho|=0.09728 vs individual max 0.03175 (pairs among the top 40 plus 2000 seeded random pairs; noise floor 3/sqrt(n)) | SYNERGY_PAIR roll_kurt_ret_252*sqret_autocorr_lag1_100 on Y_l@120h: joint |rho|=0.08363 vs individual max 0.02217 (pairs among the top 40 plus 2000 seeded random pairs; noise floor 3/sqrt(n)) | SYNERGY_PAIR roll_kurt_ret_252*sqret_autocorr_lag1_100 on Y_l@96h: joint |rho|=0.07604 vs individual max 0.01586 (pairs among the top 40 plus 2000 seeded random pairs; noise floor 3/sqrt(n)) | SYNERGY_PAIR roll_kurt_ret_252*sqret_autocorr_lag1_100 on Y_l@144h: joint |rho|=0.08609 vs individual max 0.02701 (pairs among the top 40 plus 2000 seeded random pairs; noise floor 3/sqrt(n)) | SYNERGY_PAIR trend_strength_50*roll_kurt_ret_252 on Y_l@120h: joint |rho|=0.07894 vs individual max 0.02461 (pairs among the top 40 plus 2000 seeded random pairs; noise floor 3/sqrt(n)) | SYNERGY_PAIR roll_kurt_ret_252*sqret_autocorr_lag1_100 on Y_l@72h: joint |rho|=0.06121 vs individual max 0.01276 (pairs among the top 40 plus 2000 seeded random pairs; noise floor 3/sqrt(n)) | SYNERGY_PAIR trend_strength_50*roll_kurt_ret_252 on Y_l@96h: joint |rho|=0.06371 vs individual max 0.01586 (pairs among the top 40 plus 2000 seeded random pairs; noise floor 3/sqrt(n)) | SYNERGY_PAIR roll_skew_ret_20*roll_kurt_ret_252 on Y_l@120h: joint |rho|=0.0655 vs individual max 0.01891 (pairs among the top 40 plus 2000 seeded random pairs; noise floor 3/sqrt(n)) | CAUTION_PERSISTENT_INPUT acf1=0.9945: a Spearman screen against overlapping multi-bar return labels on a near-unit-root input can reflect regime/trend confounding; PS4 must test a differenced or ratio variant before any claim
realized_var_12,inner_3,DEFERRED,,"{""Y_s@4h"": 0.024847594178808143, ""Y_l@24h"": 0.0493621193990006, ""Y_l@48h"": 0.0399531352232956, ""Y_l@72h"": 0.04695202478350376, ""Y_l@96h"": 0.053172598513408977, ""Y_l@120h"": 0.05973670647053963, ""Y_l@144h"": 0.06347975765415904}",,,"re-enters on: PS5 inner-validation gain as a member of a group or pair, a later exploratory draw, a new vintage, or a change of declared target",BELOW_TOP_10_REVERSIBLE max|rho|=0.06348
realized_var_48,inner_3,PRIORITY,,"{""Y_s@4h"": 0.011908682457850959, ""Y_l@24h"": 0.037239720595447015, ""Y_l@48h"": 0.03650629271566224, ""Y_l@72h"": 0.049408361513908795, ""Y_l@96h"": 0.06074852205618839, ""Y_l@120h"": 0.07102259371834681, ""Y_l@144h"": 0.07716344310773024}",,,,TOP_10_INDIVIDUAL max|rho|=0.07716 | CAUTION_PERSISTENT_INPUT acf1=0.9962: a Spearman screen against overlapping multi-bar return labels on a near-unit-root input can reflect regime/trend confounding; PS4 must test a differenced or ratio variant before any claim
autocorr_lag1_100,inner_3,DEFERRED,,"{""Y_s@4h"": -0.013937589415709837, ""Y_l@24h"": -0.028133097219931853, ""Y_l@48h"": -0.03013356599031345, ""Y_l@72h"": -0.042619145796813904, ""Y_l@96h"": -0.0538581263161904, ""Y_l@120h"": -0.0652526614413546, ""Y_l@144h"": -0.06492379124159606}",,,"re-enters on: PS5 inner-validation gain as a member of a group or pair, a later exploratory draw, a new vintage, or a change of declared target",BELOW_TOP_10_REVERSIBLE max|rho|=0.06525
autocorr_lag5_100,inner_3,SYNERGY,,"{""Y_s@4h"": 0.011632125517718715, ""Y_l@24h"": 0.023066378979039723, ""Y_l@48h"": 0.03503455377928923, ""Y_l@72h"": 0.04798235323037802, ""Y_l@96h"": 0.05300051845662255, ""Y_l@120h"": 0.05530236491613038, ""Y_l@144h"": 0.04898489539481329}",,,,SYNERGY_PAIR obv*autocorr_lag5_100 on Y_l@144h: joint |rho|=0.0947 vs individual max 0.04898 (pairs among the top 40 plus 2000 seeded random pairs; noise floor 3/sqrt(n))
sqret_autocorr_lag1_100,inner_3,SYNERGY,,"{""Y_s@4h"": -0.004961421395898457, ""Y_l@24h"": -0.002536555403242008, ""Y_l@48h"": -0.0006646790076965522, ""Y_l@72h"": 0.005551114425927324, ""Y_l@96h"": 0.015622767783309193, ""Y_l@120h"": 0.022173176414692436, ""Y_l@144h"": 0.024353240404018237}",,,,SYNERGY_PAIR roll_kurt_ret_252*sqret_autocorr_lag1_100 on Y_l@120h: joint |rho|=0.08363 vs individual max 0.02217 (pairs among the top 40 plus 2000 seeded random pairs; noise floor 3/sqrt(n)) | SYNERGY_PAIR roll_kurt_ret_252*sqret_autocorr_lag1_100 on Y_l@96h: joint |rho|=0.07604 vs individual max 0.01586 (pairs among the top 40 plus 2000 seeded random pairs; noise floor 3/sqrt(n)) | SYNERGY_PAIR roll_kurt_ret_252*sqret_autocorr_lag1_100 on Y_l@144h: joint |rho|=0.08609 vs individual max 0.02701 (pairs among the top 40 plus 2000 seeded random pairs; noise floor 3/sqrt(n)) | SYNERGY_PAIR roll_kurt_ret_252*sqret_autocorr_lag1_100 on Y_l@72h: joint |rho|=0.06121 vs individual max 0.01276 (pairs among the top 40 plus 2000 seeded random pairs; noise floor 3/sqrt(n))
vol_regime_high,inner_3,EXPLORATORY,,"{""Y_s@4h"": 0.010219407262924547, ""Y_l@24h"": 0.03349964620470017, ""Y_l@48h"": 0.028336342384578734, ""Y_l@72h"": 0.04007587265812459, ""Y_l@96h"": 0.045839535477353734, ""Y_l@120h"": 0.05142456082090111, ""Y_l@144h"": 0.0575441511726651}",0.09259259259259259,"uniform without replacement over the 54 unranked eligible inputs, seed=20261001, fold=inner_3; drawn independently of relevance",,EXPLORATORY_DRAW (outside the ranking)
vol_regime_low,inner_3,EXPLORATORY,,"{""Y_s@4h"": -0.01423561720633537, ""Y_l@24h"": -0.025133496596460348, ""Y_l@48h"": -0.021060112885621554, ""Y_l@72h"": -0.027879764022308462, ""Y_l@96h"": -0.02920721389024272, ""Y_l@120h"": -0.03940309271569725, ""Y_l@144h"": -0.054691908957929046}",0.09259259259259259,"uniform without replacement over the 54 unranked eligible inputs, seed=20261001, fold=inner_3; drawn independently of relevance",,EXPLORATORY_DRAW (outside the ranking)
hurst_proxy_200,inner_3,PRIORITY,,"{""Y_s@4h"": -0.02481894343962395, ""Y_l@24h"": -0.05623154418797928, ""Y_l@48h"": -0.07741342015025061, ""Y_l@72h"": -0.101765305309662, ""Y_l@96h"": -0.1236832814361991, ""Y_l@120h"": -0.13863542628897882, ""Y_l@144h"": -0.14321261864400214}",,,,TOP_10_INDIVIDUAL max|rho|=0.1432
zscore_close_100,inner_3,PRIORITY,,"{""Y_s@4h"": 0.021421848802276544, ""Y_l@24h"": 0.04595977685183915, ""Y_l@48h"": 0.07875086808735443, ""Y_l@72h"": 0.08519258956241663, ""Y_l@96h"": 0.08717558617998085, ""Y_l@120h"": 0.09384507327255025, ""Y_l@144h"": 0.09791975743709314}",,,,TOP_10_INDIVIDUAL max|rho|=0.09792
